time_s,V_A,P_A,f_o,f_c,p_o,p_c,z
0,1,760,0.1368,0.05263,40,46,4.4219e-07
0.005,1.0160918290579894,759.9669229050672,0.1367998174813115,0.05262856868021644,40.67272988025547,43.391922813854094,7.060558027041096e-05
0.01,1.0319939693692723,759.9342719838439,0.13680715436442253,0.052621463490958226,41.3639826984725,41.0721353462881,0.00013672160631610965
0.015,1.0477088772142422,759.9020421662652,0.13682168041410872,0.05260896630548264,42.07483021082087,39.00876210367195,0.00019922804447702511
0.02,1.0632389779549598,759.8702284316684,0.13684308386003297,0.052591339866046215,42.806399480660595,37.17343602652762,0.0002585142796606744
0.025,1.0785866664143102,759.838825809528,0.1368710700132901,0.05256882956796451,43.5598745749255,35.54091285251175,0.00031492663246188916
0.03,1.0937543072514753,759.807829380035,0.1369053600145372,0.05254166504043512,44.3364977125584,34.088727841986596,0.0003687731008667776
0.035,1.108744235332725,759.7772342745426,0.13694568969884635,0.052510061550325914,45.137569667493935,32.79689022631263,0.0004203275806566505
0.04,1.1235587560976301,759.7470356758904,0.13699180856423307,0.05247422125152073,45.96444917785205,31.647611230977837,0.00046983362183175515
0.045,1.1382001459207434,759.7172288186237,0.13704347883247806,0.0524343342992348,46.81855105270173,30.625061983947006,0.0005175077720437933
0.05,1.1526706524688046,759.6878089891195,0.13710047459226715,0.05239057984602706,47.70134259577038,29.715158026153134,0.0005635425524094077
0.055,1.1669724950535252,759.6587715256284,0.13716258101587325,0.05234312693396189,48.61433788118935,28.905367500488367,0.0006081091061105296
0.06,1.1811078649800097,759.6301118182429,0.13722959364163803,0.05229213529542462,49.559089319014504,28.18454041808243,0.0006513595557321939
0.065,1.1950789258908614,759.6018253088012,0.13730131771539236,0.05223775607343753,50.53717583860117,27.542756686033986,0.0006934291013449341
0.07,1.208887814106036,759.5739074907309,0.13737756758471326,0.05218013247090245,51.55018689810598,26.971190835177293,0.0007344378878230296
0.075,1.2225366389584884,759.5463539088408,0.13745816614056316,0.05211940033697632,52.599701402917496,26.461991613401132,0.0007744926667536816
0.08,1.2360274831256683,759.5191601590657,0.13754294430141384,0.05205568869774238,53.687260493873474,26.008174810931465,0.0008136882755157621
0.085,1.2493624029569168,759.4923218881669,0.13763174053543514,0.051989120237435696,54.81433306047528,25.60352786387833,0.0008521089536205629
0.09,1.2625434287968116,759.4658347933943,0.1377244004167381,0.05191981173570579,55.98227276711666,25.242524942290473,0.0008898295141963589
0.095,1.275572565304517,759.4396946221096,0.1378207762120192,0.05184787446572735,57.19226538064361,24.920251370699603,0.0009269163865395447
0.1,1.2884517917691807,759.4138971713763,0.13792072649426124,0.05177341455738829,58.44526529714387,24.632336355730732,0.0009634285439053163
0.105,1.3011830624214378,759.3884382875132,0.1380241157804323,0.051696533329279384,59.74192043779675,24.374893108177286,0.0009994183291514214
0.11,1.3137683067410566,759.363313865617,0.138130814190388,0.05161732759276898,61.082485181061976,24.144465547183657,0.0010349321894628763
0.115,1.3262094297607865,759.3385198490517,0.1382406971244497,0.051535889931061965,62.46672179306259,23.937980863304052,0.0010700113301535892
0.12,1.3385083123664478,759.314052228906,0.1383536449574174,0.051452308955802634,63.89379197570039,23.75270729681969,0.001104692296440354
0.125,1.3506668115933143,759.2899070434189,0.1384695427470974,0.051366669543482006,65.36214172029787,23.58621655821907,0.0011390074911098319
0.13,1.362686760918832,759.2660803773767,0.1385882799558044,0.051279053053641915,66.86938463042611,23.436350380825807,0.001172985635127178
0.135,1.3745699705517231,759.2425683614807,0.13870975018374765,0.051189537530626834,68.41219117850378,23.301190751561457,0.0012066521774608202
0.14,1.3863182277175148,759.2193671716926,0.1388338509137393,0.05109819789041583,69.98619378130294,23.179033415672446,0.0012400296597088862
0.145,1.3979332969405427,759.1964730285598,0.13896048326726107,0.0510051060938666,71.58591976648307,23.068364295766532,0.0012731380404973818
0.15,1.4094169203224738,759.1738821965324,0.1390895517725729,0.050910331307522705,73.20476574164893,22.96783850470616,0.0013059949840782637
0.155,1.4207708178173812,759.1515909832808,0.13922096414617943,0.05081394005297083,74.83502695160854,22.87626166752218,0.0013386161170631378
0.16,1.4319966875034327,759.1295957390236,0.13935463108952942,0.0507159963455931,76.46799329757225,22.79257329847767,0.001371015256800175
0.165,1.4430962058512153,759.1078928558859,0.13949046610319193,0.050616561823440646,78.0941193576271,22.715832007412853,0.0014032046145146654
0.17,1.4540710279887519,759.0864787672989,0.13962838532085048,0.0505156958668654,79.70326896234342,22.645202334320125,0.001435194975990458
0.17500000000000002,1.4649227879632434,759.0653499474555,0.13976830736518664,0.05041345570948861,81.28502619661917,22.5799430331208,0.0014669958622650333
0.18,1.475653098999583,759.0445029108326,0.13991015322706737,0.05030989654105538,82.82905534274677,22.519396645574695,0.0014986156725349843
0.185,1.4862635537556796,759.0239342117901,0.14005384616837752,0.05020507160273952,84.32548398273705,22.462980221904946,0.0015300618112522428
0.19,1.4967557245746246,759.0036404442415,0.14019931164768992,0.050099032275444995,85.76527798163903,22.41017706589921,0.0015613408010988698
0.195,1.5071311637337552,758.9836182413983,0.14034647726640137,0.04999182816174311,87.14057603650348,22.36052938673734,0.001592458383465904
0.2,1.5173914036906395,758.9638642755702,0.14049527273194823,0.04988350716204827,88.4449551375923,22.313631761582634,0.0016234196077610857
0.20500000000000002,1.5275379573260306,758.9443752580095,0.1406456298337051,0.049774115545680925,89.67360640277765,22.269125318228532,0.0016542289107975977
0.21,1.537572318183821,758.9251479387784,0.14079748242678522,0.049663698017438564,90.82341154863569,22.226692558896172,0.0016848901873530806
0.215,1.5474959607080383,758.9061791066225,0.1409507664190368,0.04955229778025714,91.89292173164327,22.1860527546649,0.0017154068528724435
0.22,1.5573103404769209,758.8874655888292,0.14110541975706883,0.049439956594480375,92.88225054307888,22.146957847773436,0.0017457818991809776
0.225,1.5670168944341047,758.8690042510599,0.1412613824080145,0.04932671483417524,93.79290006402053,22.109188805945184,0.0017760179439788445
0.23,1.5766170411169607,758.8507919971439,0.14141859633478818,0.04921261154084457,94.6275424166602,22.072552379077894,0.001806117274802625
0.23500000000000001,1.5861121808821192,758.8328257688273,0.14157700546365587,0.049097684474805676,95.38977934396057,22.036878213981776,0.0018360818880658115
0.24,1.5955036961282176,758.8151025454783,0.141736555643908,0.048981970164434334,96.08389974687285,22.002016287270905,0.0018659135237290144
0.245,1.6047929515158907,758.797619343747,0.14189719460009026,0.04886550395339327,96.71465096649798,21.96783462348575,0.0018956136960545556
0.25,1.6139812941850662,758.7803732171882,0.14205887187793667,0.04874832004596229,97.28703462264062,21.934217263877485,0.0019251837209223253
0.255,1.623070053969574,758.7633612558494,0.14222153878527344,0.048630451550513924,97.80613329897818,21.90106246077182,0.0019546247400532082
0.26,1.6320605436091176,758.7465805858337,0.142385148329378,0.048511930521188795,98.2769703568194,21.8682810717937,0.001983937742494794
0.265,1.6409540589586284,758.7300283688422,0.14254965515220888,0.04839278799781081,98.70440216871671,21.83579513194987,0.0020131235836727923
0.27,1.6497518791950487,758.7137018017047,0.1427150154647905,0.04827305404408123,99.09304006856156,21.803536584089294,0.002042183002276681
0.275,1.658455267021564,758.697598115901,0.14288118698184749,0.04815275778409523,99.44719814254428,21.77144615026664,0.002071116635220357
0.28,1.6670654688693263,758.681714577082,0.14304812885757348,0.04803192743722955,99.77086251351214,21.73947232846432,0.0020999250308918788
0.28500000000000003,1.6755837150966892,758.6660484845888,0.1432158016232104,0.047910590351455055,100.0676777920722,21.707570500884685,0.0021286086608821105
0.29,1.6840112201859962,758.6505971709796,0.1433841671269226,0.047788773035133,100.34094668257437,21.675702141476798,0.002157167930361991
0.295,1.6923491829379436,758.635358001559,0.14355318847628554,0.04766650118735803,100.59363923644898,21.643834111748035,0.0021856031872590147
0.3,1.7005987866635557,758.6203283739185,0.1437228299835734,0.04754379972691225,100.82840881117835,21.611938035143417,0.0022139147303664878
0.305,1.7087611993737983,758.6055057174834,0.1438930571139204,0.047420692819896956,101.0476123493248,21.579989741282564,0.0022421028165052256
0.31,1.716837573966853,758.5908874930705,0.14406383643635623,0.047297203906105166,101.25333311708606,21.547968772475226,0.0022701676668417715
0.315,1.7248290484131141,758.5764711924547,0.14423513557761816,0.047173355724213765,101.4474044850296,21.51585794497146,0.0022981094724665446
0.32,1.7327367459378757,758.5622543379459,0.1444069231786968,0.04704917033583104,101.63143373659746,21.483642960126787,0.0023259283992982573
0.325,1.7405617752017948,758.5482344819749,0.14457916885392275,0.0469246691484857,101.8068251603066,21.45131205908636,0.0023536245924020566
0.33,1.7483052304791356,758.5344092066881,0.14475184315246206,0.04679987293760923,101.97480195559129,21.418855715885307,0.002381198179791346
0.335,1.755968191833819,758.5207761235529,0.14492491752208173,0.04667480186755909,102.13642665720624,21.386266365641006,0.0024086492757588434
0.34,1.7635517252933142,758.5073328729688,0.14509836427500852,0.046549475511744536,102.29261992146884,21.35353816320575,0.0024359779838001566
0.34500000000000003,1.7710568830203897,758.494077123889,0.14527215655574277,0.04642391287189866,102.44417761955307,21.320666769263507,0.0024631843991711542
0.35000000000000003,1.778484703482759,758.481006573448,0.14544626831067653,0.046298132396544914,102.59178625202864,21.287649160690364,0.0024902686111225457
0.355,1.785836211620642,758.468118946597,0.14562067425937913,0.046172151998701824,102.73603675217234,21.25448346250479,0.0025172307048481573
0.36,1.793112419012271,758.4554119957469,0.14579534986742324,0.0460459890728664,102.87743677045074,21.221168799004943,0.0025440707631796556
0.365,1.8003143240373634,758.442883500416,0.1459702713206352,0.04591966051131328,103.01642155045192,21.187705161984237,0.002570788868056445
0.37,1.8074429120385904,758.4305312668857,0.1461454155006586,0.04579318271974656,103.15336351878327,21.154093294086035,0.002597385101797108
0.375,1.8144991554810654,758.4183531278612,0.14632075996173277,0.04566657163233755,103.28858070950618,21.12033458561968,0.002623859548195187
0.38,1.821484014109875,758.4063469421375,0.14649628290859798,0.045539842726178156,103.42234413945056,21.086430983356312,0.0026502122934594155
0.385,1.828398435105677,758.3945105942712,0.14667196317544315,0.04541301103518065,103.55488424945469,21.052384909939345,0.002676443427016892
0.39,1.8352433532383974,758.3828419942574,0.1468477802058211,0.04528609116345097,103.68639651634027,21.018199192723326,0.0027025530421952416
0.395,1.8420196910190338,758.371339077211,0.1470237140334665,0.04515909729815993,103.81704633029771,20.983877001005858,0.002728541236797765
0.4,1.8487283588496073,758.3599998030538,0.14719974526395313,0.04503204322193762,103.9469732271047,20.949421790693844,0.0027544081135844976
0.405,1.855370255171272,758.3488221562044,0.1473758550571334,0.044904942324813645,104.07629455661579,20.914837255548694,0.002780153780670673
0.41000000000000003,1.861946266610614,758.3378041452738,0.14755202511031346,0.044777807615723114,104.20510865259618,20.880127284321517,0.00280577835185187
0.41500000000000004,1.8684572681241545,758.3269438027655,0.1477282376421151,0.04465065173359937,104.3334975720638,20.84529592307047,0.002831281946865318
0.42,1.8749041231410883,758.3162391847782,0.14790447537698168,0.04452348695807263,104.46152945936778,20.810347342077264,0.0028566646915951384
0.425,1.8812876837042738,758.3056883707139,0.1480807215302928,0.044396325219790825,104.58926058201851,20.775285806863284,0.00288192671822821
0.43,1.8876087906094938,758.2952894629894,0.1482569597940511,0.04426917811038037,104.71673708346617,20.740115652822123,0.0029070681653670582
0.435,1.8938682735430192,758.2850405867515,0.1484331743231073,0.04414205689206292,104.84399649043714,20.70484126305686,0.0029320891781052312
0.44,1.9000669512174855,758.2749398895959,0.14860934972189835,0.0440149725069418,104.97106900726186,20.669467049065588,0.00295698990806987
0.445,1.9062056315061073,758.2649855412898,0.14878547103166792,0.04388793558597313,105.0979786267171,20.63399743394109,0.002981770513435873
0.45,1.9122851115752562,758.2551757334984,0.14896152371814536,0.04376095645763512,105.22474408259156,20.5984368377937,0.003006431158915451
0.455,1.918306178015415,758.2455086795146,0.1491374936596609,0.043634045156307394,105.35137966532113,20.56278966514728,0.0030309720157263523
0.46,1.9242696069705312,758.2359826139917,0.14931336713567472,0.04350721143037282,105.47789591998423,20.52706029407511,0.0030553932615417774
0.465,1.930176164265786,758.2265957926805,0.14948913081570217,0.04338046475005224,105.60430024270691,20.491253066878194,0.0030796950804245445
0.47000000000000003,1.936026605533799,758.2173464921684,0.14966477174861473,0.04325381431498345,105.73059739028595,20.455372282118525,0.0031038776627479113
0.47500000000000003,1.9418216763393765,758.2082330096227,0.14984027735228084,0.04312726906156851,105.85678991843655,20.419422187791255,0.003127941205105574
0.48,1.9475621123025666,758.1992536625374,0.15001563540358898,0.04300083767005804,105.98287854680684,20.38340697569503,0.003151885910210739
0.485,1.9532486392203376,758.1904067884819,0.15019083402876915,0.042874528571429725,106.1088624766366,20.34733077661703,0.003175711986788374
0.49,1.9588819731867528,758.1816907448538,0.15036586169403185,0.04274834995404636,106.23473966119444,20.311197656336493,0.0031994196494609206
0.495,1.9644628207116752,758.1731039086345,0.15054070719650817,0.04262230977010501,106.36050703115812,20.275011612405066,0.003223009118627915
0.5,1.9699918788379958,758.1646446761478,0.15071535965548472,0.04249641574187974,106.48616068816902,20.2387765715321,0.0032464806203417506
0.505,1.9754698352574769,758.1563114628212,0.15088980850390463,0.04237067536777837,106.611696070161,20.202496387496417,0.0032698343861803174
0.51,1.980897368425154,758.1481027029515,0.15106404348013905,0.04224509592820924,106.73710808862165,20.166174839584247,0.00329307065311666
0.515,1.986275147672349,758.1400168494706,0.15123805462001297,0.04211968449126899,106.86239124518092,20.129815631435942,0.0033161896633870165
0.52,1.9916038333183237,758.132052373717,0.15141183224907112,0.041994447918261076,106.98753973072546,20.093422390249454,0.0033391916643577733
0.525,1.99688407678054,758.1242077652086,0.1515853669750856,0.04186939286904344,107.11254750790566,20.0569986663208,0.0033620769083916955
0.53,2.0021165206836247,758.1164815314187,0.15175864968078084,0.04174452580722241,107.23740838068598,20.020547932852878,0.0033848456527139953
0.535,2.007301798966956,758.1088721975543,0.1519316715167859,0.041619853005185656,107.36211605214586,19.98407358601538,0.0034074981592786737
0.54,2.0124405369909923,758.1013783063382,0.15210442389478604,0.04149538054899347,107.48666417316728,19.9475789452022,0.003430034694635449
0.545,2.0175333516422294,758.0939984177926,0.15227689848088988,0.04137111434311716,107.61104638222768,19.911067253481935,0.003452455529797627
0.55,2.022580851436933,758.0867311090261,0.15244908718918168,0.041247060115045676,107.73525633866481,19.874541678192404,0.003474760940111107
0.555,2.0275836366237643,758.0795749740228,0.152620982175439,0.041123223419774556,107.85928775124337,19.838005311641165,0.003496951205124703
0.56,2.0325422992849855,758.0725286234341,0.15279257583105607,0.04099960964414858,107.98313439948012,19.801461171961115,0.003519026608461916
0.5650000000000001,2.0374574234363148,758.0655906843738,0.15296386077716012,0.040876224011066706,108.10679015112936,19.764912204055,0.0035409874376947526
0.5700000000000001,2.042329585125684,758.0587598002152,0.1531348298588787,0.04075307158357946,108.23024897689687,19.728361280601845,0.0035628339842193176
0.5750000000000001,2.047159352530922,758.0520346303905,0.15330547613975198,0.040630157268882736,108.35350496349419,19.691811203095565,0.0035845665431334045
0.58,2.051947286056185,758.0454138501925,0.15347579289630833,0.04050748582219529,108.47655232140878,19.65526470299037,0.0036061854131156667
0.585,2.056693938427174,758.0388961505791,0.15364577361280066,0.040385061850521334,108.5993853925733,19.618724442856518,0.003627690896307401
0.59,2.0613998547851793,758.0324802379812,0.15381541197609086,0.040262889816307476,108.72199865467059,19.582193017585322,0.00364908329819626
0.595,2.0660655727800212,758.0261648341104,0.15398470187067093,0.040140974041001844,108.8443867253895,19.545672955604644,0.0036703629275022893
0.6,2.0706916226618746,758.0199486757722,0.15415363737381843,0.04001931870851738,108.96654436466089,19.50916672011539,0.003691530096066106
0.605,2.0752785273719754,758.0138305146786,0.15432221275088534,0.039897927868599824,109.08846647636423,19.472676710338558,0.003712585118739351
0.61,2.079826802632219,758.0078091172653,0.15449042245071615,0.0397768054401031,109.21014810869768,19.43620526277055,0.003733528313277377
0.615,2.08433695703367,758.0018832645098,0.15465826110118988,0.03965595521417634,109.33158445410386,19.399754652439515,0.003754360000234198
0.62,2.0888094921240117,757.9960517517525,0.15482572350488077,0.03953538085736603,109.45277084848463,19.363327094158624,0.003775080502859671
0.625,2.0932449024934656,757.99031338852,0.15499280463488505,0.039415085914599204,109.57370276986245,19.326924743770746,0.003795690146999903
0.63,2.0976436758611303,757.9846669983493,0.15515949963060174,0.03929507381219977,109.69437583727672,19.290549699391857,0.0038161892609967886
0.635,2.10200629315826,757.9791114186162,0.1553258037938448,0.03917534786066768,109.81478580888802,19.25420400262011,0.0038365781755940586
0.64,2.106333228612962,757.9736455003624,0.15549171258478836,0.03905591125757756,109.93492857989466,19.2178896397754,0.0038568572238402246
0.645,2.1106249498321055,757.968268108128,0.1556572216182174,0.03893676709025886,110.05480017996737,19.181608543099824,0.0038770267409974995
0.65,2.114881917880483,757.9629781197893,0.15582232666005205,0.038817918338280376,110.17439677036644,19.145362591909333,0.003897087064456576
0.655,2.1191045873642236,757.9577744263884,0.15598702362342176,0.038699367876256496,110.29371464220507,19.109153613799517,0.003917038533642375
0.66,2.123293406507501,757.9526559319762,0.15615130856543344,0.03858111847615727,110.41275021324151,19.072983385757727,0.0039368814899340444
0.665,2.127448817231815,757.9476215534507,0.15631517768365846,0.0384631728098195,110.5315000262623,19.03685363526662,0.003956616276579365
0.67,2.131571255234793,757.9426702203956,0.15647862731267048,0.03834553345142141,110.649960745663,19.000766041467983,0.003976243238610189
0.675,2.1356611500651397,757.9378008749275,0.1566416539209429,0.03822820287970029,110.76812915455295,18.964722236216357,0.003995762722765871
0.68,2.1397189251980313,757.933012471542,0.15680425410769078,0.03811118348020946,110.88600215222436,18.928723805139455,0.004015175077416138
0.685,2.143744998111987,757.9283039769568,0.15696642459959442,0.03799447754766036,111.00357675156151,18.892772288724487,0.004034480652480324
0.6900000000000001,2.1477397803600167,757.9236743699668,0.15712816224803838,0.03787808728789549,111.1208500767782,18.856869183271954,0.00405367979935874
0.6950000000000001,2.1517036776433387,757.9191226412934,0.15728946402608698,0.037762014820050205,111.23781935976899,18.821015941935396,0.004072772870858374
0.7000000000000001,2.15563708988502,757.9146477934346,0.157450327025495,0.03764626217868904,111.35448193827128,18.78521397572526,0.004091760221119125
0.705,2.1595404112985355,757.9102488405258,0.1576107484541305,0.03753083131564734,111.47083525367573,18.74946465440721,0.004110642205550158
0.71,2.163414030459461,757.9059248081932,0.15777072563313435,0.0374157241020614,111.58687684732125,18.71376930748056,0.004129419180759653
0.715,2.167258330375722,757.9016747334114,0.15793025599420127,0.037300942330311414,111.70260435870932,18.678129225111057,0.004148091504487733
0.72,2.1710736885541246,757.8974976643674,0.1580893370771575,0.03718648771575224,111.81801552379233,18.642545658974456,0.004166659535546491
0.725,2.174860477069848,757.8933926603199,0.1582479665272953,0.03707236189861844,111.93310817114394,18.60701982317921,0.004185123633754131
0.73,2.1786190626332194,757.889358791464,0.15840614209292692,0.03695856644577207,112.04788022020146,18.57155289511626,0.004203484159874453
0.735,2.1823498066547136,757.8853951387979,0.15856386162306563,0.03684510285235929,112.16232967999007,18.536146016266244,0.004221741475559569
0.74,2.1860530653119015,757.8815007939883,0.15872112306495184,0.03673197254357852,112.27645464567848,18.50080029305715,0.00423989594328908
0.745,2.1897291896131503,757.8776748592403,0.15887792446182794,0.03661917687627,112.3902532968455,18.46551679764083,0.004257947926315233
0.75,2.19337852546111,757.8739164471694,0.15903426395072948,0.03650671714049406,112.50372389553763,18.4302965686688,0.004275897788607968
0.755,2.197001413717223,757.8702246806704,0.15919013976018767,0.03639459456117262,112.61686478384293,18.395140612086298,0.004293745894798724
0.76,2.2005981902627134,757.8665986927936,0.15934555020819355,0.03628281029954363,112.72967438194381,18.36004990184527,0.004311492610130216
0.765,2.2041691860600894,757.8630376266209,0.15950049370011135,0.03617136545465178,112.84215118656681,18.32502538063489,0.004329138300405294
0.77,2.2077147272155178,757.8595406351394,0.15965496872653925,0.036060261064876926,112.95429376858596,18.29006796062506,0.004346683331934281
0.775,2.2112351350371533,757.8561068811233,0.15980897386144008,0.03594949810926924,113.06610077130019,18.255178524119202,0.004364128071489404
0.78,2.214730726094958,757.8527355370135,0.1599625077601678,0.035839077508959226,113.1775709089974,18.220357924244876,0.004381472886256379
0.785,2.2182018122807503,757.8494257847957,0.16011556915748085,0.03572900012857679,113.28870296471027,18.185606985645435,0.0043987181437858056
0.79,2.221648700864274,757.8461768158879,0.16026815686581336,0.0356192667774861,113.39949578843458,18.150926505083277,0.0044158642119511635
0.795,2.2250716945511515,757.8429878310235,0.16042026977341703,0.03550987821111287,113.50994829603795,18.116317252088674,0.004432911458903547
0.8,2.2284710915407695,757.8398580401338,0.16057190684251382,0.03540083513226392,113.62005946703344,18.081779969603563,0.004449860253026629
0.805,2.2318471855800817,757.836786662241,0.16072306710769757,0.03529213819226875,113.72982834288158,18.04731537453776,0.004466710962898215
0.81,2.235200266020161,757.8337729253436,0.16087374967416251,0.03518378799224471,113.83925402612736,18.012924158386703,0.004483463957247229
0.8150000000000001,2.2385306178711564,757.8308160663056,0.16102395371603279,0.03507578508429029,113.94833567840794,17.978606987813016,0.0045001196049133715
0.8200000000000001,2.241838521854841,757.8279153307517,0.16117367847483027,0.03496812997257919,114.05707251856178,17.94436450517867,0.00451667827481045
0.8250000000000001,2.2451242544592658,757.8250699729573,0.16132292325781677,0.034860823114544325,114.16546382210709,17.910197329122347,0.004533140335886396
0.8300000000000001,2.2483880879911102,757.822279255743,0.16147168743647217,0.034753864921964646,114.2735089194903,17.876106055088055,0.004549506157086875
0.835,2.2516302906269603,757.8195424503725,0.16161997044502888,0.03464725576201178,114.3812071938491,17.84209125583365,0.004565776107320447
0.84,2.2548511264660607,757.8168588364464,0.1617677717789231,0.034540995958355886,114.48855808092486,17.808153481969093,0.004581950555421489
0.845,2.2580508555803087,757.8142277018025,0.1619150909934004,0.034435085792161306,114.59556106757992,17.774293262439638,0.004598029870117257
0.85,2.2612297340642042,757.8116483424153,0.1620619277021194,0.03432952550308387,114.70221568909781,17.740511105009677,0.004614014419994924
0.855,2.2643880140857475,757.809120062295,0.1622082815757052,0.034224315290303585,114.80852152947662,17.706807496764874,0.004629904573467219
0.86,2.267525943934308,757.8066421733918,0.16235415234046482,0.03411945531344168,114.91447822025772,17.673182904556384,0.004645700698742474
0.865,2.270643768069084,757.8042139954985,0.1624995397770633,0.034014945693506146,115.02008543823231,17.63963777545499,0.004661403163793862
0.87,2.273741727168277,757.801834856153,0.1626444437191714,0.03391078651385703,115.1253429050912,17.606172537223546,0.004677012336327393
0.875,2.2768200581750335,757.7995040905471,0.16278886405227663,0.03380697782105526,115.23025038608272,17.572787598728894,0.004692528583754501
0.88,2.2798789943445277,757.7972210414322,0.1629328007124286,0.03370351962575846,115.33480768861413,17.539483350368727,0.004707952273163158
0.885,2.2829187652913085,757.7949850590254,0.1630762536849779,0.03360041190362119,115.43901466141021,17.50626016451212,0.004723283771288446
0.89,2.285939597033355,757.7927955009218,0.16321922300347325,0.033497654596082074,115.54287119381637,17.473118395878462,0.004738523444487687
0.895,2.2889417120379174,757.7906517320042,0.16336170874847064,0.033395247611214054,115.64637721406899,17.440058381945487,0.00475367165871309
0.9,2.2919253292669164,757.7885531243519,0.16350371104636457,0.03329319082455861,115.74953268875815,17.40708044335391,0.0047687287794850024
0.905,2.2948906642195057,757.7864990571575,0.163645230068354,0.03319148407986367,115.85233762220243,17.374184884262892,0.004783695171868838
0.91,2.297837928976682,757.7844889166379,0.16378626602930904,0.03309012718989276,115.95479205459245,17.34137199273898,0.004798571200449333
0.915,2.3007673322444386,757.782522095949,0.16392681918670757,0.032989119937183765,116.05689606147797,17.30864204112234,0.004813357229306683
0.92,2.303679079395355,757.7805979951044,0.16406688983964138,0.03288846207475831,116.15864975351356,17.2759952863682,0.004828053621994624
0.925,2.306573372511693,757.7787160208887,0.16420647832775306,0.032788153326880495,116.26005327436118,17.24343197041151,0.00484266074151661
0.93,2.3094504104265545,757.7768755867781,0.16434558503026114,0.03268819338975252,116.36110680017725,17.210952320501438,0.0048571789503044265
0.935,2.3123103887644616,757.7750761128592,0.16448421036500854,0.032588581932193716,116.46181053997864,17.17855654952774,0.004871608610197449
0.9400000000000001,2.3151534999829573,757.7733170257478,0.16462235478746606,0.03248931859635171,116.56216473312377,17.146244856362365,0.004885950082420665
0.9450000000000001,2.3179799334119684,757.7715977585112,0.1647600187898342,0.03239040299834334,116.66216964869426,17.11401742616689,0.004900203727565404
0.9500000000000001,2.320789875293348,757.7699177505909,0.1648972029001348,0.03229183472890257,116.76182558640731,17.081874430704175,0.0049143699055697815
0.9550000000000001,2.323583508820967,757.7682764477236,0.1650339076812785,0.032193613354046066,116.8611328742258,17.049816028656483,0.00492844897569857
0.96,2.326361014178401,757.7666733018675,0.16517013373023393,0.03209573841566595,116.96009186788874,17.017842365908553,0.004942441296525879
0.965,2.3291225685774877,757.765107771127,0.1653058816771621,0.031998209432147116,117.05870295066119,16.985953575847645,0.004956347225916602
0.97,2.3318683462969525,757.7635793196765,0.1654411521845441,0.031901025898989875,117.1569665320543,16.954149779658657,0.004970167121008044
0.975,2.334598518718666,757.7620874176909,0.16557594594640748,0.03180418728936159,117.25488304700843,16.922431086587935,0.004983901338194111
0.98,2.337313254364929,757.7606315412712,0.16571026368750796,0.031707693054680415,117.35245295606572,16.890797594225038,0.004997550233108307
0.985,2.340012718935822,757.7592111723732,0.1658441061625109,0.031611542625199274,117.44967674396757,16.859249388780686,0.005011114160606708
0.99,2.342697075344002,757.7578257987388,0.16597747415527192,0.03151573541051888,117.54655491885742,16.827786545331506,0.005024593474753755
0.995,2.345366483751042,757.7564749138259,0.1661103684780562,0.03142027080014451,117.6430880126834,16.796409128087905,0.005037988528806251
1.0,2.348021101603135,757.7551580167385,0.16624278997078357,0.03132514816402454,117.73927657983374,16.76511719065076,0.005051299675198144
1.0050000000000001,2.350661083664883,757.753874612162,0.1663747395003459,0.03123036685303725,117.8351211958032,16.733910776243867,0.0050645272655273
1.01,2.3532865820545705,757.752624210294,0.16650621795986684,0.03113592619951863,117.9306224582503,16.702789917966914,0.005077671650540687
1.0150000000000001,2.3558977462781563,757.7514063267791,0.16663722626801097,0.031041825517755084,118.02578098563461,16.671754639030677,0.005090733180120926
1.02,2.358494723262288,757.750220482645,0.166767765368328,0.03094806410445118,118.12059741524422,16.640804952980105,0.005103712203273846
1.025,2.3610776573883987,757.7490662042361,0.16689783622855675,0.030854641239225777,118.21507240484004,16.609940863931985,0.005116609068114882
1.03,2.3636466905251687,757.7479430231522,0.16702743983998908,0.030761556185065587,118.3092066316518,16.579162366791294,0.0051294241218571785
1.035,2.3662019620606642,757.7468504761852,0.1671565772168427,0.030668808188772302,118.40300079070025,16.54846944746321,0.005142157710800036
1.04,2.3687436089353358,757.7457881052565,0.16728524939560707,0.03057639648142912,118.49645559537755,16.517862083077986,0.0051548101803163835
1.045,2.371271765673106,757.7447554573573,0.1674134574344546,0.030484320278820233,118.58957177652694,16.487340242191333,0.0051673818748422026
1.05,2.3737865644126908,757.7437520844882,0.16754120241264214,0.030392578781857624,118.6823500814886,16.45690388498604,0.005179873137865756
1.055,2.3762881349393954,757.7427775435981,0.1676684854298977,0.030301171177018315,118.77479127420384,16.426552963482663,0.005192284311916266
1.06,2.378776604714918,757.7418313965281,0.16779530760587424,0.030210096636733474,118.86689613501972,16.39628742172491,0.005204615738554587
1.065,2.381252098907849,757.7409132099524,0.16792167007957953,0.030119354319794903,118.95866545910674,16.36610719597271,0.005216867758363148
1.07,2.3837147404243217,757.74002255532,0.16804757400880135,0.030028943371764753,119.05010005703018,16.336012214898638,0.00522904071093578
1.075,2.3861646499366933,757.7391590088006,0.16817302056959813,0.029938862925338375,119.14120075470949,16.306002399761176,0.005241134934869362
1.08,2.388601945913151,757.7383221512272,0.16829801095575816,0.02984911210072984,119.23196839112397,16.27607766458825,0.005253150767754611
1.085,2.391026744647282,757.737511568041,0.1684225463782604,0.029759690006056133,119.32240381935736,16.24623791636104,0.0052650885461668915
1.09,2.393439160285659,757.7367268492387,0.16854662806479964,0.02967059573767535,119.41250790693951,16.21648305517563,0.005276948605658856
1.095,2.39583930485673,757.7359675893177,0.16867025725926885,0.029581828380555737,119.5022815330395,16.1868129744191,0.005288731280751842
1.1,2.398227288298991,757.7352333872228,0.16879343522126494,0.02949338700862777,119.59172558933416,16.157227560937667,0.005300436904927988
1.105,2.400603218487837,757.7345238462955,0.16891616322563446,0.029405270685107673,119.68084098026021,16.12772669519043,0.005312065810623486
1.11,2.4029672012636345,757.7338385742212,0.1690384425619838,0.029317478462846495,119.76962862150113,16.098310251417722,0.0053236183292206885
1.115,2.4053193404585675,757.7331771829785,0.16916027453422525,0.02923000938465339,119.85808944021551,16.068978097795092,0.005335094791041351
1.12,2.407659737922926,757.7325392887898,0.1692816604601404,0.029142862483606518,119.94622437526421,16.039730096581092,0.005346495525340347
1.125,2.4099884935521527,757.7319245120706,0.1694026016709203,0.02905603678338072,120.0340343757364,16.010566104275036,0.0053578208602986935
1.1300000000000001,2.412305705312544,757.7313324773813,0.1695230995107466,0.02896953129854583,120.121520400693,15.981485971759371,0.005369071123017749
1.135,2.4146114692668914,757.7307628133793,0.16964315533637334,0.02888334503486426,120.20868342019821,15.952489544441546,0.005380246639513437
1.1400000000000001,2.416905879600609,757.7302151527698,0.1697627705166953,0.02879747698959868,120.2955244132203,15.923576662401791,0.005391347734710061
1.145,2.419189028646383,757.7296891322604,0.16988194643235952,0.028711926151788553,120.38204436721728,15.894747160525514,0.005402374732435336
1.1500000000000001,2.4214610069091536,757.7291843925138,0.1700006844753665,0.0286266915025339,120.4682442800691,15.866000868639105,0.005413327955415129
1.155,2.4237219030913137,757.728700578102,0.17011898604866516,0.02854177201528393,120.55412515787593,15.837337611648051,0.005424207725268048
1.16,2.425971804116367,757.728237337461,0.17023685256579182,0.028457166656093828,120.63968801498507,15.808757209659818,0.00543501436250127
1.165,2.428210795153277,757.7277943228471,0.17035428545049075,0.028372874383895064,120.72493387413454,15.78025947811465,0.0054457481865057295
1.17,2.4304389596405547,757.7273711902914,0.17047128613633983,0.028288894150761707,120.8098637656617,15.751844227912247,0.00545640951555161
1.175,2.432656379309163,757.7269675995576,0.17058785606641103,0.02820522490215216,120.89447872704916,15.723511265527891,0.005466998666784714
1.18,2.4348631342070277,757.726583214097,0.17070399669288489,0.028121865577183516,120.9787798032505,15.695260393144778,0.005477515956221559
1.185,2.437059302720383,757.7262177010093,0.1708197094767535,0.02803881510884285,121.06276804662002,15.667091408755498,0.00548796169874696
1.19,2.4392449615990626,757.7258707309954,0.17093499588741418,0.02795607242427662,121.14644451574968,15.639004106300947,0.0054983362081085065
1.195,2.4414201859756184,757.7255419783235,0.17104985740243378,0.027873636444958005,121.2298102753061,15.610998275751605,0.005508639796915809
1.2,2.443585049391287,757.7252311207799,0.17116429550712092,0.027791506086991588,121.3128663964728,15.58307370325227,0.005518872776634552
1.205,2.445739623813814,757.7249378396384,0.17127831169432314,0.02770968026125735,121.39561395657489,15.555230171190983,0.005529035457586727
1.21,2.447883979663354,757.7246618196115,0.1713919074640077,0.027628157873709164,121.47805403828647,15.527467458345924,0.005539128148944543
1.215,2.450018185830506,757.7244027488181,0.17150508432305156,0.02754693782552394,121.56018772962108,15.499785339958823,0.005549151158730375
1.22,2.452142309700478,757.7241603187393,0.1716178437848636,0.027466019013370566,121.64201612404959,15.472183587859028,0.005559104793812302
1.225,2.454256417171576,757.7239342241854,0.17173018736916176,0.027385400329568144,121.72354032042836,15.44466197054156,0.005568989359903566
1.23,2.4563605726785407,757.7237241632528,0.17184211660162177,0.02730508066233599,121.80476142197416,15.417220253291049,0.0055788051615585825
1.235,2.458454839210588,757.7235298372918,0.1719536330136624,0.027225058895946286,121.88568053599094,15.389858198255697,0.005588552502172742
1.24,2.4605392783342737,757.7233509508654,0.17206473814210582,0.027145333910965606,121.96629877441835,15.362575564560078,0.005598231683978859
1.245,2.462613950210829,757.7231872117179,0.17217543352897954,0.02706590458439553,122.04661725333827,15.335372108374617,0.0056078430080474554
1.25,2.4646789136189606,757.7230383307339,0.17228572072118184,0.026986769789910773,122.12663709248646,15.308247583033292,0.005617386774283086
1.2550000000000001,2.4667342259717584,757.7229040219077,0.1723956012702949,0.02690792839799177,122.2063594153975,15.28120173909864,0.005626863281424849
1.26,2.468779943338695,757.7227840023043,0.17250507673226587,0.026829379276151505,122.28578534909549,15.254234324468024,0.005636272827043492
1.2650000000000001,2.470816120462335,757.7226779920294,0.17261414866722466,0.026751121289064855,122.3649160241193,15.227345084437978,0.005645615707541941
1.27,2.472842810779865,757.7225857141905,0.17272281863917985,0.02667315329878492,122.4437525739686,15.200533761811192,0.005654892218152641
1.2750000000000001,2.4748600664393967,757.7225068948687,0.17283108821584245,0.026595474164867922,122.52229613487819,15.173800096958031,0.005664102652938362
1.28,2.4768679383210275,757.7224412630803,0.17293895896833525,0.02651808274458003,122.60054784608498,15.147143827914073,0.0056732473047899044
1.285,2.4788664760527857,757.7223885507494,0.17304643247102405,0.02644097789301696,122.67850884965559,15.120564690439977,0.005682326465427091
1.29,2.480855728031222,757.7223484926703,0.17315351030123835,0.026364158463302666,122.75618028965066,15.094062418119632,0.005691340425396732
1.295,2.482835741437008,757.7223208264813,0.17326019403911064,0.02628762330670324,122.83356331182458,15.067636742416695,0.005700289474073786
1.3,2.484806562255082,757.722305292628,0.17336648526730744,0.026211371272818047,122.91065906446683,15.041287392765557,0.005709173899659694
1.305,2.4867682352899254,757.722301634337,0.17347238557087594,0.026135401209688578,122.98746869834201,15.01501409662633,0.005717993989183665
1.31,2.488720804185176,757.7223095975809,0.17357789653698658,0.02605971196398121,123.06399336543474,14.988816579574184,0.00572675002850136
1.315,2.4906643114385125,757.7223289310531,0.17368301975478673,0.025984302381091128,123.14023421923503,14.962694565350619,0.005735442302296426
1.32,2.4925987984210534,757.7223593861331,0.17378775681515202,0.02590917130531882,123.21619241494056,14.936647775950487,0.005744071094079226
1.325,2.4945243053919586,757.722400716861,0.17389210931054552,0.02583431757996996,123.29186910904,14.910675931673007,0.005752636686188477
1.33,2.4964408715171382,757.7224526799051,0.1739960788347823,0.025759740047522718,123.36726545898284,14.884778751201337,0.005761139359790535
1.335,2.498348534883617,757.7225150345373,0.17409966698289359,0.025685437549723827,123.4423826228951,14.858955951651582,0.005769579394881107
1.34,2.5002473325179433,757.7225875426001,0.1742028753509001,0.025611408927749733,123.51722175998088,14.833207248652954,0.005777957070284645
1.345,2.502137300400146,757.7226699684836,0.17430570553568325,0.02553765302229763,123.59178403051575,14.80753235639372,0.005786272663656296
1.35,2.504018473481711,757.7227620790935,0.17440815913476787,0.025464168673739913,123.66607059509786,14.781930987695542,0.005794526451481598
1.355,2.505890885699184,757.7228636438284,0.1745102377461998,0.02539095472221071,123.74008261491508,14.756402854057491,0.005802718709078612
1.36,2.5077545699919344,757.7229744345484,0.17461194296833585,0.025318010007755073,123.81382125152732,14.730947665731186,0.005810849710597645
1.365,2.5096095583155344,757.723094225553,0.17471327639972614,0.02524533337041213,123.88728766656051,14.705565131763468,0.005818919729023433
1.37,2.511455881658863,757.7232227935511,0.17481423963891546,0.025172923650356248,123.9604830218773,14.680254960063879,0.005826929036175393
1.375,2.5132935700572885,757.7233599176388,0.17491483428432983,0.025100779687977057,124.03340847940424,14.655016857446363,0.005834877902709832
1.3800000000000001,2.5151226526094836,757.7235053792705,0.17501506193408561,0.025028900324015155,124.1060652007534,14.629850529697736,0.00584276659812029
1.385,2.5169431574902124,757.7236589622373,0.17511492418588223,0.024957284399637746,124.17845434709088,14.60475568161674,0.005850595390739981
1.3900000000000001,2.518755111966837,757.7238204526392,0.17521442263681858,0.024885930756569058,124.25057707946372,14.579732017077118,0.0058583645477423155
1.395,2.52055854241182,757.723989638863,0.17531355888329087,0.024814838237162337,124.32243455888202,14.554779239065356,0.005866074335143456
1.4000000000000001,2.522353474318867,757.7241663115562,0.1754123345208168,0.024744005684524756,124.39402794538147,14.529897049743987,0.005873725017803006
1.405,2.5241399323152063,757.7243502636055,0.17551075114393797,0.024673431942586324,124.46535839797016,14.50508515048752,0.005881316859426623
1.41,2.525917940177284,757.7245412901103,0.1756088103460519,0.02460311585621887,124.53642707525118,14.480343241940474,0.005888850122567016
1.415,2.5276875208427585,757.7247391883635,0.17570651371931947,0.024533056271301555,124.60723513514404,14.455671024052045,0.005896325068626677
1.42,2.5294486964260092,757.724943757824,0.1758038628545028,0.02446325203483572,124.67778373432014,14.43106819613473,0.005903741957858877
1.425,2.5312014882299,757.7251548000985,0.17590085934087668,0.024393701995007393,124.74807402830668,14.406534456897486,0.00591110104937048
1.43,2.532945916760763,757.7253721189152,0.17599750476607515,0.024324405001296047,124.81810717175398,14.382069504498912,0.0059184026011233
1.435,2.534682001739955,757.7255955201059,0.17609380071600664,0.024255359904534406,124.88788431850973,14.357673036579415,0.005925646869936958
1.44,2.5364097621186144,757.7258248115804,0.1761897487747065,0.024186565557013005,124.95740662073824,14.333344750314957,0.005932834111490289
1.445,2.5381292160888926,757.7260598033084,0.17628535052425706,0.024118020812536604,125.02667522875429,14.309084342447264,0.005939964580324357
1.45,2.5398403810983696,757.7263003072954,0.17638060754464632,0.02404972452652411,125.09569129174567,14.284891509333194,0.005947038529844052
1.455,2.5415432738610053,757.7265461375653,0.17647552141369235,0.02398167555606195,125.16445595735864,14.260765946973798,0.005954056212321215
1.46,2.543237910371386,757.7267971101355,0.1765700937069073,0.023913872760000364,125.23297037139554,14.236707351064245,0.005961017878896244
1.465,2.544924305915502,757.7270530430013,0.1766643259974248,0.02384631499900449,125.30123567805661,14.212715417021661,0.005967923779581237
1.47,2.5466024750844687,757.7273137561116,0.17675821985587176,0.023779001135645145,125.3692530197483,14.188789840030235,0.005974774163261952
1.475,2.548272431785147,757.7275790713521,0.1768517768502989,0.023711930034447715,125.43702353719269,14.164930315068322,0.005981569277700946
1.48,2.549934189253639,757.727848812524,0.17694499854605764,0.02364510056197927,125.50454836907198,14.141136536953944,0.005988309369539595
1.485,2.551587760065589,757.7281228053263,0.17703788650573482,0.023578511586894415,125.57182865188948,14.117408200370186,0.0059949946843013795
1.49,2.5532331561494424,757.7284008773348,0.17713044228903482,0.023512161980018764,125.63886552031288,14.093744999907173,0.006001625466393997
1.495,2.554870388796513,757.7286828579855,0.17722266745271778,0.02344605061439233,125.70566010708005,14.070146630086573,0.006008201959112735
1.5,2.5564994686739477,757.7289685785541,0.17731456355048691,0.02338017636534917,125.77221354238124,14.04661278540347,0.006014724404642676
1.5050000000000001,2.5581204058346128,757.7292578721398,0.17740613213292994,0.023314538110558596,125.83852695363687,14.023143160349617,0.006021193044062109
1.51,2.559733209729755,757.7295505736446,0.17749737474741156,0.023249134730101075,125.90460146638084,13.999737449452182,0.006027608117344894
1.5150000000000001,2.5613378892187075,757.7298465197587,0.17758829293801776,0.02318396510650737,125.97043820428888,13.976395347296346,0.006033969863363887
1.52,2.562934452581225,757.7301455489395,0.1776788882454538,0.023119028124830614,126.03603828811923,13.953116548563111,0.006040278519893456
1.5250000000000001,2.5645229075269382,757.7304475013979,0.17776916220699174,0.023054322672683085,126.10140283605169,13.929900748050247,0.006046534323612993
1.53,2.566103261207566,757.7307522190774,0.17785911635637217,0.02298984764030563,126.16653296396458,13.906747640709154,0.006052737510109422
1.5350000000000001,2.5676755202261834,757.731059545641,0.17794875222375447,0.022925601920602428,126.23142978510354,13.883656921665466,0.006058888313880746
1.54,2.5692396906490234,757.7313693264509,0.17803807133562438,0.022861584409206413,126.29609440990065,13.860628286252792,0.006064986968338775
1.545,2.5707957780145936,757.7316814085552,0.17812707521474666,0.022797794004512283,126.36052794576027,13.837661430032425,0.006071033705812686
1.55,2.5723437873452837,757.7319956406691,0.17821576538007639,0.022734229607739048,126.42473149760492,13.814756048827094,0.006077028757551782
1.555,2.573883723156228,757.7323118731613,0.17830414334671496,0.022670890122960835,126.48870616804007,13.791911838739322,0.006082972353729145
1.56,2.5754155894666977,757.7326299580355,0.17839221062582553,0.022607774457166593,126.55245305629708,13.769128496182974,0.0060888647234444695
1.565,2.576939389808789,757.7329497489179,0.17847996872459138,0.0225448815202891,126.61597325827219,13.746405717901004,0.0060947060947277405
1.57,2.5784551272385112,757.7332711010386,0.17856741914613572,0.022482210225261468,126.67926786737179,13.723743200996022,0.006100496694542184
1.575,2.579962804344282,757.7335938712193,0.1786545633894827,0.022419759488044352,126.74233797430678,13.70114064294684,0.006106236748787993
1.58,2.5814624232578804,757.7339179178559,0.17874140294948063,0.022357528227680112,126.80518466634608,13.678597741638239,0.0061119264823052835
1.585,2.5829539856627926,757.7342431009058,0.17882793931676502,0.022295515366318484,126.8678090274472,13.65611419537731,0.006117566118877827
1.59,2.584437492804793,757.7345692818709,0.17891417397768644,0.02223371982926737,126.93021213885388,13.633689702920568,0.00612315588123619
1.595,2.5859129455001577,757.7348963237858,0.17900010841427563,0.022172140545017087,126.99239507913467,13.611323963489616,0.006128695991061455
1.6,2.5873803441460455,757.7352240912014,0.17908574410417502,0.022110776445288676,127.05435892327478,13.589016676797929,0.006134186668988414
1.605,2.5888396887284335,757.7355524501727,0.17917108252060662,0.02204962646505606,127.11610474269105,13.566767543064973,0.006139628134609396
1.61,2.5902909788324213,757.7358812682428,0.17925612513230602,0.02198868954259257,127.17763360599406,13.54457626304245,0.0061450206064774145
1.615,2.5917342136500277,757.7362104144315,0.17934087340349236,0.021927964619491674,127.23894657872057,13.522442538028184,0.0061503643021100065
1.62,2.5931693919901253,757.7365397592199,0.17942532879380654,0.02186745064071043,127.30004472263265,13.500366069889987,0.0061556594379925484
1.625,2.594596512286147,757.7368691745387,0.17950949275828304,0.021807146554589093,127.36092909557912,13.478346561079082,0.006160906229582063
1.6300000000000001,2.5960155726058134,757.7371985337531,0.17959336674729107,0.021747051312892257,127.42160075232029,13.456383714653569,0.0061661048913105925
1.635,2.5974265706586017,757.7375277116523,0.17967695220650878,0.021687163870826753,127.48206074436982,13.43447723429066,0.006171255636589067
1.6400000000000001,2.598829503805358,757.7378565844342,0.17976025057686737,0.02162748318708093,127.54231011969875,13.412626824309259,0.00617635867781068
1.645,2.60022436906559,757.7381850296947,0.17984326329452688,0.021568008223841136,127.60234992354985,13.390832189681749,0.006181414226354787
1.6500000000000001,2.6016111631268615,757.7385129264138,0.17992599179082358,0.021508737946828803,127.6621811972593,13.369093036055412,0.006186422492590337
1.655,2.6029898823520066,757.7388401549443,0.18000843749224735,0.021449671325315948,127.72180497804835,13.347409069763955,0.006191383685879743
1.6600000000000001,2.604360522788198,757.7391665969989,0.18009060182039244,0.021390807332159638,127.78122230006764,13.325779997847336,0.0061962980145824345
1.665,2.6057230801739766,757.7394921356388,0.18017248619193674,0.021332144943816134,127.8404341936694,13.304205528062386,0.00620116568605877
1.67,2.607077549948291,757.7398166552612,0.18025409201859469,0.021273683140374037,127.89944168557986,13.282685368902843,0.006205986906673528
1.675,2.60842392725734,757.7401400415885,0.18033542070709818,0.021215420905567054,127.9582457992843,13.261219229609269,0.006210761881799852
1.68,2.6097622069633237,757.7404621816554,0.18041647365915278,0.0211573572268049,128.01684755424282,13.239806820187242,0.006215490815822848
1.685,2.611092383651193,757.7407829637995,0.18049725227142016,0.02109949109518506,128.07524796595922,13.218447851416906,0.006220173912143512
1.69,2.612414451637241,757.7411022776475,0.18057775793547642,0.021041821505521963,128.133448046653,13.197142034871073,0.006224811373182335
1.695,2.613728404975691,757.7414200141069,0.18065799203779634,0.020984347456357605,128.19144880529313,13.175889082924177,0.006229403400383258
1.7,2.6150342374670763,757.7417360653521,0.1807379559597144,0.020927067949988797,128.24925124671694,13.154688708768745,0.006233950194217336
1.705,2.6163319426646696,757.7420503248164,0.18081765107741068,0.020869981992476652,128.30685637167977,13.133540626423875,0.006238451954186703
1.71,2.61762151388277,757.7423626871793,0.18089707876187364,0.020813088593672494,128.36426517761413,13.112444550751801,0.0062429088788282195
1.715,2.618902944203012,757.7426730483569,0.18097624037888746,0.020756386767226357,128.42147865839118,13.091400197465873,0.006247321165717435
1.72,2.620176226482377,757.7429813054911,0.18105513728899766,0.020699875530610878,128.47849780364152,13.07040728314542,0.006251689011472325
1.725,2.6214413533594043,757.7432873569396,0.18113377084749974,0.020643553905128967,128.5353235986257,13.049465525243438,0.006256012611757237
1.73,2.6226983172620413,757.7435911022652,0.18121214240440672,0.020587420915936145,128.59195702517314,13.028574642101237,0.006260292161286646
1.735,2.6239471104136523,757.7438924422273,0.1812902533044396,0.020531475592047026,128.64839906164863,13.007734352955232,0.0062645278538291365
1.74,2.625187724840808,757.7441912787696,0.1813681048869965,0.020475716966356524,128.70465068201702,12.986944377951168,0.006268719882211137
1.745,2.6264201523791844,757.7444875150126,0.1814456984861444,0.020420144075645477,128.76071285615626,12.966204438150818,0.006272868438320887
1.75,2.6276443846810777,757.7447810552424,0.18152303543059065,0.020364755960600042,128.8165865505246,12.945514255544742,0.006276973713112251
1.7550000000000001,2.6288604132212288,757.7450718049022,0.18160011704367562,0.020309551665816633,128.87227272832945,12.924873553058669,0.006281035896608661
1.76,2.6300682293041833,757.7453596705823,0.1816769446433466,0.020254530239819903,128.92777234852701,12.904282054566048,0.006285055177906946
1.7650000000000001,2.6312678240699334,757.7456445600112,0.18175351954215152,0.020199690735066684,128.98308636598085,12.883739484893656,0.006289031745181303
1.77,2.6324591885011914,757.7459263820459,0.18182984304721456,0.02014503220796285,129.03821573169432,12.863245569833625,0.006292965785687109
1.7750000000000001,2.633642313428897,757.7462050466639,0.181905916460231,0.020090553718866408,129.0931613918184,12.842800036148777,0.006296857485764894
1.78,2.634817189539324,757.7464804649529,0.18198174107744472,0.020036254332103043,129.14792428905082,12.82240261158395,0.00630070703084418
1.7850000000000001,2.635983807379528,757.7467525491032,0.18205731818964377,0.01998213311596864,129.2025053628451,12.802053024871181,0.006304514605447414
1.79,2.637142157364203,757.7470212123981,0.18213264908214016,0.019928189142743243,129.25690554806792,12.781751005740027,0.006308280393193877
1.795,2.638292229780987,757.7472863692058,0.18220773503476667,0.019874421488692794,129.31112577584045,12.761496284922211,0.00631200457680362
1.8,2.639434014797298,757.7475479349706,0.18228257732185754,0.019820829234082283,129.36516697333698,12.741288594162068,0.006315687338101319
1.805,2.640567502465494,757.7478058262052,0.18235717721224662,0.019767411463176697,129.41903006330392,12.72112766622077,0.006319328858020228
1.81,2.6416926827294924,757.7480599604814,0.18243153596924985,0.019714167264252794,129.4727159648828,12.701013234885629,0.006322929316606074
1.815,2.642809545429853,757.7483102564228,0.1825056548506641,0.01966109572959951,129.52622559351641,12.6809450349741,0.006326488893020991
1.82,2.6439180803102773,757.7485566336958,0.18257953510875152,0.01960819595552867,129.57955986017632,12.66092280234304,0.006330007765547407
1.825,2.645018277022565,757.748799013003,0.1826531779902389,0.01955546704237472,129.63271967132312,12.64094627389235,0.006333486111591973
1.83,2.6461101251329557,757.7490373160737,0.18272658473630377,0.01950290809450433,129.68570592982718,12.621015187573215,0.006336924107689476
1.835,2.6471936141269574,757.7492714656577,0.18279975658257477,0.019450518220315457,129.73851953493474,12.601129282391478,0.006340321929506764
1.84,2.648268733415618,757.7495013855163,0.18287269475911877,0.019398296532246107,129.79116138133986,12.581288298415929,0.006343679751846633
1.845,2.6493354723402645,757.7497270004153,0.18294540049044225,0.019346242146772878,129.84363235941782,12.561491976781392,0.006346997748651732
1.85,2.650393820178557,757.7499482361176,0.18301787499547983,0.0192943541844185,129.8959333560367,12.541740059695963,0.006350276093008494
1.855,2.6514437661491543,757.7501650193758,0.18309011948759626,0.01924263176974991,129.94806525469497,12.522032290443912,0.006353514957151024
1.86,2.652485299417648,757.7503772779244,0.18316213517457666,0.01919107403138488,130.0000289344696,12.502368413392821,0.0063567145124650126
1.865,2.653518409101075,757.7505849404732,0.1832339232586292,0.019139680101989416,130.05182527021543,12.482748173995974,0.006359874929491638
1.87,2.6545430842737785,757.7507879366995,0.18330548493637638,0.019088449118283654,130.10345513281968,12.463171318799086,0.006362996377931464
1.875,2.655559313971816,757.750986197242,0.18337682139885864,0.01903738022103873,130.15491938821356,12.443637595442551,0.0063660790266483235
1.8800000000000001,2.656567087198678,757.7511796536927,0.1834479338315266,0.01898647255508175,130.20621889878396,12.424146752667674,0.006369123043673229
1.885,2.6575663929296494,757.7513682385909,0.18351882341424522,0.018935725269292342,130.25735452362446,12.404698540318803,0.006372128596208217
1.8900000000000001,2.658557220117323,757.7515518854158,0.18358949132128774,0.018885137516606577,130.3083271171693,12.385292709348896,0.00637509585063029
1.895,2.659539557695839,757.7517305285804,0.1836599387213405,0.018834708454012986,130.35913753007657,12.365929011821278,0.006378024972495256
1.9000000000000001,2.6605133945863857,757.7519041034242,0.18373016677749748,0.01878443724255597,130.40978660898298,12.346607200915317,0.006380916126541627
1.905,2.6614787197013143,757.752072546207,0.1838001766472661,0.01873432304733128,130.46027519597718,12.327327030927892,0.006383769476694457
1.9100000000000001,2.6624355219494626,757.7522357941025,0.18386996948256273,0.01868436503748856,130.51060412958577,12.308088257278266,0.006386585186069255
1.915,2.663383790240207,757.7523937851918,0.1839395464297191,0.018634562386226454,130.5607742446911,12.288890636509416,0.0063893634169757945
1.92,2.6643235134886845,757.7525464584567,0.18400890862947897,0.018584914270794464,130.61078637157024,12.269733926292906,0.00639210433092202
1.925,2.665254680619741,757.752693753774,0.184078057217005,0.018535419872487614,130.66064133583882,12.250617885429959,0.0063948080886178415
1.93,2.6661772805730246,757.7528356119091,0.1841469933218764,0.0184860783766476,130.71033995950148,12.23154227385565,0.0063974748499790405
1.935,2.6670913023068343,757.7529719745099,0.18421571806809642,0.01843688897265705,130.75988306073242,12.212506852639816,0.006400104774131051
1.94,2.6679967348031317,757.7531027841004,0.1842842325740908,0.01838785085394006,130.8092714536015,12.193511383991174,0.006402698019412849
1.945,2.668893567071297,757.7532279840758,0.18435253795271583,0.018338963217956073,130.85850594899097,12.174555631257943,0.006405254743380715
1.95,2.669781788153023,757.753347518695,0.18442063531125782,0.018290225266199795,130.9075873533203,12.155639358931603,0.006407775102812118
1.955,2.670661387126013,757.7534613330764,0.1844885257514416,0.01824163620419476,130.95651646828043,12.136762332647505,0.006410259253709453
1.96,2.6715323531087103,757.7535693731904,0.1845562103694307,0.018193195241492516,131.00529409210287,12.117924319188042,0.006412707351303935
1.965,2.6723946752638836,757.7536715858558,0.18462369025583672,0.01814490159166582,131.0539210187289,12.099125086482985,0.006415119550059319
1.97,2.6732483428033396,757.753767918732,0.18469096649571998,0.018096754472307408,131.10239803809995,12.080364403612776,0.006417496003675762
1.975,2.6740933449914053,757.7538583203152,0.18475804016859926,0.018048753105022856,131.1507259367108,12.061642040808636,0.006419836865093534
1.98,2.674929671149483,757.7539427399315,0.1848249123484536,0.018000896715428663,131.19890549652342,12.042957769455235,0.006422142286496875
1.985,2.675757310659477,757.7540211277327,0.18489158410373235,0.01795318453314489,131.24693749505238,12.024311362090703,0.0064244124193176865
1.99,2.6765762529682573,757.7540934346896,0.1849580564973576,0.01790561579179272,131.29482270647514,12.005702592409309,0.00642664741423937
1.995,2.677386487590997,757.7541596125881,0.18502433058673448,0.017858189728986784,131.34256190172513,11.987131235261284,0.0064288474212005
2.0,2.67818800411552,757.7542196140225,0.18509040742375474,0.01781090558633222,131.3901558472786,11.968597066654967,0.006431012589398659
2.005,2.6789807922055475,757.7542733923916,0.18515628805480738,0.01776376260941669,131.4376053054482,11.950099863756524,0.006433143067294091
2.0100000000000002,2.67976484160498,757.7543209018922,0.18522197352078268,0.01771676004780699,131.48491103466054,11.931639404892044,0.006435239002613511
2.015,2.6805401421410564,757.7543620975156,0.18528746485708325,0.01766989715504085,131.53207378840924,11.913215469547023,0.006437300542353741
2.02,2.6813066837285304,757.7543969350409,0.1853527630936289,0.017623173188623015,131.57909431677894,11.894827838368208,0.006439327832785514
2.025,2.682064456372787,757.7544253710312,0.18541786925486756,0.01757658741001689,131.62597336675427,11.876476293163073,0.006441321019457077
2.0300000000000002,2.682813450173863,757.7544473628279,0.18548278435978122,0.01753013908464007,131.6727116807268,11.858160616901204,0.006443280247197993
2.035,2.6835536553294634,757.7544628685467,0.18554750942189738,0.01748382748185573,131.719309997465,11.839880593713595,0.006445205660122729
2.04,2.6842850621389767,757.7544718470716,0.18561204544929502,0.01743765187496786,131.76576905183643,11.821636008894114,0.0064470974016344225
2.045,2.6850076610063915,757.7544742580513,0.18567639344461673,0.01739161154121239,131.81208957418434,11.803426648898627,0.006448955614428459
2.05,2.6857214424441733,757.7544700618936,0.18574055440507514,0.01734570576175198,131.85827229152784,11.78525230134601,0.006450780440496224
2.055,2.686426397076133,757.7544592197609,0.1858045293224653,0.017299933821666967,131.90431792747648,11.767112755017171,0.0064525720211286615
2.06,2.6871225156412186,757.7544416935659,0.18586831918317182,0.0172542950099498,131.9502272010454,11.749007799856114,0.006454330496920003
2.065,2.6878097889963093,757.754417445967,0.18593192496818137,0.017208788619495746,131.99600082657952,11.730937226968816,0.006456056007771302
2.07,2.688488208119901,757.754386440363,0.18599534765309045,0.017163413947096962,132.04163951506922,11.712900828623848,0.006457748692894161
2.075,2.689157764114819,757.7543486408897,0.18605858820811808,0.017118170293433033,132.08714397387317,11.694898398251217,0.0064594086908142355
2.08,2.689818448211846,757.7543040124147,0.18612164759811398,0.01707305696306471,132.13251490640988,11.676929730442952,0.006461036139374939
2.085,2.690470251772355,757.7542525205331,0.1861845267825716,0.017028073264424275,132.17775301332333,11.658994620951752,0.006462631175740931
2.09,2.6911131662918453,757.7541941315634,0.18624722671563682,0.016983218509808922,132.22285899083045,11.641092866691398,0.0064641939364018
2.095,2.691747183402535,757.7541288125431,0.1863097483461213,0.01693849201537101,132.26783353038417,11.623224265735402,0.0064657245571755236
2.1,2.692372294876759,757.754056531224,0.18637209261751136,0.016893893101111092,132.31267732033163,11.605388617317075,0.00646722317321215
2.105,2.692988492629474,757.7539772560688,0.18643426046798178,0.016849421090867955,132.35739104485052,11.587585721828026,0.006468689918997233
2.11,2.693595768721648,757.7538909562461,0.18649625283040502,0.01680507531231146,132.40197538419085,11.569815380818309,0.006470124928355482
2.115,2.6941941153626856,757.7537976016267,0.18655807063236507,0.016760855096932425,132.44643101524983,11.552077396994818,0.006471528334454173
2.12,2.6947835249136753,757.7536971627793,0.18661971479616732,0.016716759780035114,132.49075861101085,11.534371574221048,0.006472900269806799
2.125,2.6953639898897563,757.7535896109664,0.18668118623885246,0.016672788700727012,132.53495884127113,11.51669771751541,0.006474240866276449
2.13,2.6959355029633407,757.7534749181407,0.18674248587220688,0.01662894120191107,132.5790323718116,11.49905563305109,0.006475550255079431
2.1350000000000002,2.696498056966409,757.7533530569401,0.1868036146027766,0.016585216630275373,132.6229798640453,11.481445128154288,0.006476828566788629
2.14,2.6970516448935933,757.7532240006849,0.18686457333187806,0.016541614336285093,132.66680197600317,11.463866011303663,0.006478075931337115
2.145,2.697596259904412,757.7530877233735,0.18692536295561232,0.016498133674172015,132.71049936157138,11.446318092128523,0.006479292478021486
2.15,2.6981318953263327,757.7529441996777,0.18698598436487615,0.016454774001926294,132.75407267093132,11.428801181408367,0.0064804783355054425
2.1550000000000002,2.6986585446569307,757.7527934049401,0.1870464384453762,0.016411534681285908,132.797522550984,11.411315091070973,0.0064816336318231065
2.16,2.6991762015668233,757.7526353151694,0.18710672607764053,0.01636841507772811,132.84084964471705,11.39385963419159,0.006482758494382581
2.165,2.6996848599017693,757.752469907037,0.18716684813703316,0.016325414560458794,132.8840545918818,11.376434624990976,0.006483853049969255
2.17,2.7001845136855778,757.752297157873,0.18722680549376566,0.01628253250240377,132.92713802838855,11.359039878834677,0.006484917424749327
2.1750000000000003,2.7006751571221423,757.752117045663,0.1872865990129118,0.016239768280198023,132.97010058598894,11.34167521223099,0.006485951744273086
2.18,2.70115678459822,757.7519295490433,0.18734622955441968,0.016197121274176784,133.0129428930368,11.324340442829904,0.006486956133478427
2.185,2.701629390685408,757.7517346472988,0.1874056979731263,0.016154590868364672,133.05566557385592,11.30703538942101,0.006487930716694105
2.19,2.7020929701429006,757.7515323203579,0.18746500511877,0.01611217645046661,133.09826924918335,11.289759871932544,0.006488875617643222
2.195,2.702547517919399,757.75132254879,0.1875241518360051,0.016069877411856906,133.1407545365112,11.272513711429218,0.006489790959446455
2.2,2.7029930291557447,757.751105313801,0.1875831389644147,0.01602769314756992,133.18312204950263,11.255296730110947,0.006490676864625535
2.205,2.703429499186771,757.7508805972305,0.18764196733852542,0.01598562305628914,133.22537239856547,11.238108751310655,0.006491533455106448
2.21,2.7038569235439147,757.7506483815482,0.18770063778782034,0.015943666540337638,133.26750619040084,11.220949599493077,0.0064923608522228825
2.215,2.704275297957006,757.75040864985,0.18775915113675407,0.015901823005667098,133.3095240277255,11.20381910025249,0.006493159176719412
2.22,2.704684618356757,757.7501613858547,0.18781750820476567,0.015860091861848107,133.35142650987385,11.186717080311244,0.006493928548754921
2.225,2.7050848808764965,757.7499065739006,0.18787570980629392,0.01581847252205911,133.3932142322791,11.169643367517457,0.006494669087905773
2.23,2.7054760818546355,757.7496441989426,0.1879337567507905,0.01577696440307659,133.4348877869778,11.15259779084362,0.006495380913169199
2.235,2.7058582178363384,757.7493742465479,0.1879916498427351,0.01573556692526392,133.47644776302946,11.13558018038423,0.006496064142966444
2.24,2.706231285575884,757.7490967028932,0.1880493898816491,0.015694279512561426,133.5178947454104,11.118590367354141,0.006496718895146146
2.245,2.7065952820382946,757.7488115547615,0.1881069776621108,0.015653101592475203,133.55922931514235,11.101628184086195,0.006497345286987443
2.25,2.7069502044016303,757.7485187895383,0.18816441397376896,0.015612032596067018,133.60045205020816,11.084693464029579,0.006497943435203341
2.255,2.7072960500585346,757.7482183952088,0.18822169960135823,0.01557107195794309,133.64156352535318,11.06778604174734,0.006498513455943797
2.2600000000000002,2.707632816618505,757.7479103603546,0.18827883532471304,0.015530219116243874,133.68256431142228,11.05090575291469,0.006499055464799052
2.265,2.7079605019093886,757.7475946741499,0.18833582191878295,0.015489473512632818,133.72345497547397,11.034052434316552,0.0064995695768026995
2.27,2.708279103979543,757.747271326359,0.1883926601536467,0.015448834592286012,133.76423608152845,11.01722592384566,0.006500055906435002
2.275,2.7085886210992967,757.746940307333,0.18844935079452751,0.015408301803880895,133.80490819065525,11.000426060500063,0.006500514567625923
2.2800000000000002,2.708889051763045,757.7466016080059,0.18850589460180753,0.015367874599585836,133.8454718600265,10.983652684381248,0.006500945673758423
2.285,2.7091803946906263,757.7462552198926,0.18856229233104313,0.015327552435048786,133.885927642993,10.966905636691537,0.006501349337671479
2.29,2.7094626488293994,757.7459011350849,0.18861854473297932,0.015287334769386759,133.9262760899802,10.950184759732178,0.006501725671663346
2.295,2.70973581335557,757.7455393462487,0.18867465255356525,0.015247221065174465,133.96651774825875,10.933489896900747,0.006502074787494553
2.3000000000000003,2.709999887676161,757.7451698466211,0.1887306165339687,0.015207210788433692,134.00665316116758,10.916820892689081,0.006502396796391146
2.305,2.7102548714303074,757.7447926300069,0.1887864374105917,0.01516730340862194,134.04668286796394,10.90017759268066,0.006502691809047661
2.31,2.7105007644911647,757.744407690776,0.1888421159150851,0.015127498398621684,134.08660740488256,10.883559843548522,0.00650295993563034
2.315,2.7107375669671288,757.74401502386,0.188897652774364,0.015087795234728996,134.1264273049495,10.866967493052591,0.00650320128578008
2.32,2.7109652792037107,757.7436146247495,0.18895304871062274,0.015048193396642755,134.16614309778484,10.85040039003754,0.006503415968615633
2.325,2.7111839017846964,757.7432064894911,0.1890083044413502,0.01500869236745323,134.20575531068008,10.833858384430087,0.006503604092736521
2.33,2.7113934355339593,757.7427906146839,0.1890634206793449,0.01496929163363123,134.2452644669897,10.81734132723681,0.006503765766226217
2.335,2.711593881516592,757.7423669974776,0.18911839813273063,0.014929990685016662,134.28467108586293,10.800849070541435,0.006503901096655041
2.34,2.711785241040614,757.7419356355682,0.18917323750497123,0.014890789014807622,134.32397568382683,10.784381467502543,0.00650401019108331
2.345,2.711967515658048,757.7414965271964,0.18922793949488628,0.01485168611954895,134.36317877381373,10.767938372350805,0.006504093156064215
2.35,2.7121407071666157,757.7410496711439,0.18928250479666625,0.01481268149912126,134.40228086542473,10.75151964038675,0.006504150097646948
2.355,2.7123048176107534,757.7405950667306,0.18933693409988794,0.014773774656729476,134.44128246559683,10.735125127977955,0.006504181121379551
2.36,2.7124598492832206,757.740132713812,0.18939122808952977,0.014734965098891814,134.48018407740594,10.718754692556667,0.006504186332312025
2.365,2.712605804726075,757.7396626127761,0.18944538744598746,0.014696252335428326,134.5189862001403,10.702408192617,0.006504165834999152
2.37,2.7127426867322386,757.7391847645407,0.18949941284508906,0.014657635879449824,134.55768933056873,10.68608548771259,0.006504119733503583
2.375,2.7128704983464145,757.7386991705503,0.18955330495811062,0.014619115247346421,134.59629396303527,10.669786438453757,0.006504048131398631
2.38,2.7129892428665885,757.7382058327738,0.18960706445179168,0.014580689958776406,134.63480058810407,10.65351090650504,0.006503951131771341
2.3850000000000002,2.713098923844892,757.7377047537012,0.18966069198835064,0.0145423595366548,134.6732096928758,10.637258754582351,0.006503828837225263
2.39,2.7131995450890662,757.7371959363411,0.18971418822550035,0.014504123507142192,134.71152176141746,10.62102984645054,0.006503681349883488
2.395,2.713291110663277,757.7366793842177,0.18976755381646374,0.014465981399633279,134.7497372737036,10.604824046920493,0.006503508771391404
2.4,2.713373624889508,757.7361551013684,0.189820789409989,0.01442793274674568,134.78785670675995,10.588641221846636,0.006503311202919709
2.4050000000000002,2.713447092348338,757.7356230923406,0.18987389565036544,0.014389977084308489,134.82588053465585,10.572481238124059,0.006503088745167142
2.41,2.7135115178802742,757.7350833621892,0.18992687317743875,0.014352113951351055,134.86380922808328,10.55634396368595,0.006502841498363473
2.415,2.713566906586484,757.7345359164743,0.18997972262662677,0.014314342890091538,134.90164325550185,10.540229267500717,0.006502569562272211
2.42,2.713613263830072,757.7339807612574,0.19003244462893487,0.014276663445925654,134.9393830819675,10.52413701956938,0.006502273036193569
2.4250000000000003,2.713650595236762,757.7334179030997,0.1900850398109717,0.014239075167415263,134.97702916937305,10.508067090922678,0.006501952018967152
2.43,2.713678906696127,757.732847349059,0.19013750879496463,0.014201577606277079,135.01458197666454,10.492019353618437,0.006501606608974894
2.435,2.713698204362221,757.7322691066871,0.1901898521987754,0.014164170317371268,135.05204195879926,10.475993680738652,0.006501236904143728
2.44,2.7137084946547545,757.7316831840271,0.19024207063591575,0.014126852858690137,135.08940956802064,10.459989946386834,0.006500843001948497
2.445,2.71370978425968,757.7310895896106,0.19029416471556282,0.014089624791346752,135.12668525354164,10.444008025685074,0.006500424999414598
2.45,2.7137020801303238,757.7304883324556,0.19034613504257494,0.01405248567956361,135.16386946114957,10.428047794771365,0.006499982993120874
2.455,2.7136853894879303,757.7298794220628,0.1903979822175071,0.014015435090661275,135.20096263386566,10.412109130796669,0.006499517079202238
2.46,2.7136597198227244,757.7292628684143,0.19044970683662657,0.013978472595047023,135.23796521162015,10.396191911922177,0.006499027353352534
2.465,2.713625078894408,757.7286386819698,0.19050130949192848,0.013941597766203507,135.27487763164314,10.380296017316372,0.006498513910827138
2.47,2.71358147473319,757.7280068736646,0.1905527907711514,0.013904810180677395,135.31170032803638,10.36442132715229,0.006497976846445802
2.475,2.7135289156402274,757.7273674549074,0.19060415125779295,0.013868109418068052,135.34843373160075,10.348567722604562,0.006497416254595233
2.48,2.7134674101886045,757.7267204375764,0.19065539153112543,0.01383149506101616,135.3850782705855,10.332735085846634,0.006496832229231906
2.485,2.713396967223735,757.7260658340181,0.19070651216621123,0.013794966695192425,135.42163437054435,10.316923300047796,0.006496224863884624
2.49,2.7133175958642877,757.7254036570438,0.19075751373391872,0.013758523909286191,135.45810245361722,10.301132249370411,0.006495594251657309
2.495,2.7132293055025545,757.7247339199275,0.1908083968009375,0.013722166294994176,135.49448293827982,10.285361818966933,0.00649494048523154
2.5,2.71313210580531,757.7240566364032,0.19085916192979427,0.013685893447009078,135.53077624047953,10.26961189497708,0.00649426365686932
2.505,2.7130260067141307,757.7233718206622,0.19090980967886811,0.013649704963008333,135.5669827734176,10.253882364524852,0.006493563858415586
2.5100000000000002,2.712911018446235,757.722679487351,0.19096034060240627,0.01361360044364272,135.60310294690873,10.23817311571571,0.006492841181300961
2.515,2.7127871514947577,757.7219796515678,0.1910107552505396,0.01357757949252513,135.63913716789565,10.222484037633594,0.006492095716544239
2.52,2.7126544166295172,757.7212723288613,0.19106105416929808,0.01354164171621919,135.6750858407002,10.20681502033804,0.006491327554755113
2.525,2.7125128248972548,757.7205575352272,0.1911112379006264,0.013505786724228053,135.71094936743154,10.191165954861187,0.006490536786136636
2.5300000000000002,2.7123623876223664,757.7198352871058,0.19116130698239953,0.013470014128983018,135.7467281468811,10.17553673320493,0.006489723500487929
2.535,2.7122031164070917,757.7191056013797,0.19121126194843824,0.013434323545832353,135.78242257432012,10.15992724833791,0.0064888877872066215
2.54,2.712035023132192,757.7183684953716,0.19126110332852458,0.013398714593029921,135.81803304263826,10.144337394192602,0.00648802973529153
2.545,2.7118581199570952,757.7176239868409,0.19131083164841736,0.013363186891724022,135.8535599415672,10.128767065662311,0.006487149433345077
2.5500000000000003,2.7116724193205477,757.7168720939819,0.19136044742986777,0.013327740065946026,135.88900365804025,10.113216158598291,0.006486246969575955
2.555,2.7114779339407247,757.7161128354213,0.19140995119063464,0.013292373742599239,135.92436457674137,10.09768456980672,0.00648532243180152
2.56,2.7112746768158082,757.7153462302153,0.19145934344450016,0.013257087551447546,135.95964307902827,10.08217219704577,0.006484375907450424
2.565,2.7110626612240694,757.7145722978474,0.1915086247012853,0.013221881125104301,135.99483954310773,10.066678939022587,0.006483407483565
2.57,2.710841900724399,757.7137910582259,0.1915577954668651,0.013186754099020995,136.02995434481502,10.051204695390366,0.006482417246803862
2.575,2.7106124091563326,757.7130025316814,0.19160685624318424,0.01315170611147616,136.06498785742187,10.035749366745318,0.006481405283444267
2.58,2.710374200640568,757.7122067389641,0.1916558075282725,0.013116736803564061,136.0999404510844,10.020312854623738,0.006480371679384705
2.585,2.7101272895789505,757.7114037012419,0.19170464981626015,0.013081845819183589,136.13481249289907,10.004895061498967,0.006479316520147226
2.59,2.7098716906549183,757.7105934400975,0.19175338359739336,0.013047032805026995,136.16960434771934,9.989495890778432,0.006478239890880012
2.595,2.7096074188334622,757.7097759775257,0.19180200935804947,0.013012297410568825,136.20431637837876,9.974115246800595,0.006477141876359685
2.6,2.709334489361532,757.7089513359317,0.19185052758075263,0.012977639288054644,136.23894894425965,9.958753034832025,0.006476022560993853
2.605,2.709052917767952,757.708119538128,0.19189893874418898,0.012943058092489992,136.27350240108967,9.943409161064324,0.006474882028823397
2.61,2.7087627198637807,757.707280607332,0.1919472433232222,0.01290855348162914,136.30797710260214,9.928083532611161,0.006473720363524996
2.615,2.7084639117421783,757.7064345671641,0.1919954417889085,0.012874125115964084,136.34237340000809,9.912776057505212,0.006472537648413392
2.62,2.7081565097787466,757.7055814416447,0.19204353460851242,0.012839772658713293,136.37669164132626,9.897486644695194,0.0064713339664438894
2.625,2.7078405306313655,757.7047212551917,0.19209152224552178,0.012805495775810716,136.41093217199534,9.882215204042812,0.006470109400214605
2.63,2.7075159912404603,757.7038540326187,0.19213940515966313,0.012771294135894578,136.44509533506925,9.866961646319746,0.006468864031968942
2.6350000000000002,2.7071829088288113,757.702979799132,0.192187183806917,0.012737167410296403,136.47918147164168,9.8517258832046,0.006467597943597815
2.64,2.706841300901789,757.7020985803282,0.19223485863953327,0.012703115273029836,136.5131909197362,9.836507827279917,0.0064663112166421085
2.645,2.706491185247115,757.701210402192,0.19228243010604637,0.012669137400779672,136.54712401407807,9.821307392029105,0.006465003932294879
2.65,2.7061325799350566,757.7003152910941,0.19232989865129058,0.012635233472890707,136.58098108724684,9.806124491833428,0.006463676171403786
2.6550000000000002,2.7057655033181414,757.6994132737874,0.19237726471641522,0.012601403171356815,136.6147624688606,9.79095904196893,0.0064623280144732766
2.66,2.7053899740313314,757.6985043774065,0.19242452873889992,0.012567646180809787,136.64846848601616,9.775810958603444,0.006460959541666997
2.665,2.7050060109917125,757.6975886294639,0.1924716911525697,0.012533962188508429,136.68209946388924,9.7606801587935,0.006459570832809957
2.67,2.7046136333985937,757.6966660578478,0.19251875238761043,0.012500350884327431,136.71565572448543,9.74556656048131,0.006458161967390912
2.6750000000000003,2.7042128607331763,757.6957366908202,0.19256571287058374,0.012466811960746508,136.74913758682575,9.730470082491681,0.006456733024564512
2.68,2.7038037127586128,757.6948005570142,0.19261257302444246,0.012433345112839275,136.7825453678837,9.715390644529009,0.006455284083153666
2.685,2.703386209519622,757.6938576854313,0.1926593332685454,0.012399950038262416,136.81587938236513,9.700328167174172,0.006453815221651657
2.69,2.7029603713425385,757.6929081054392,0.19270599401867292,0.012366626437244569,136.84913994202668,9.685282571881517,0.006452326518224498
2.695,2.7025262188348913,757.6919518467697,0.19275255568704178,0.012333374012575513,136.88232735575156,9.670253780975772,0.006450818050713023
2.7,2.7020837728853913,757.6909889395159,0.1927990186823204,0.012300192469595095,136.91544193039095,9.655241717648995,0.006449289896635215
2.705,2.701633054663488,757.6900194141298,0.1928453834096438,0.012267081516182436,136.9484839708522,9.640246305957492,0.006447742133188286
2.71,2.7011740856193134,757.68904330142,0.19289165027062882,0.012234040862744872,136.98145377906147,9.62526747081877,0.006446174837250977
2.715,2.700706887483193,757.6880606325497,0.1929378196633892,0.01220107022220719,137.0143516540632,9.61030513800844,0.006444588085385614
2.72,2.7002314822655764,757.687071439033,0.19298389198255056,0.012168169310000579,137.0471778929799,9.595359234157176,0.006442981953840397
2.725,2.699747892256515,757.6860757527346,0.19302986761926547,0.01213533784405189,137.07993279077627,9.580429686747607,0.006441356518551431
2.73,2.6992561400255304,757.6850736058651,0.19307574696122862,0.01210257554477262,137.11261663939382,9.565516424111264,0.00643971185514499
2.735,2.6987562484210725,757.6840650309803,0.19312153039269164,0.012069882135048171,137.14522972757487,9.550619375425477,0.006438048038939534
2.74,2.6982482405703485,757.6830500609777,0.19316721829447836,0.012037257340226874,137.17777234204,9.535738470710305,0.006436365144947944
2.745,2.6977321398787337,757.6820287290951,0.1932128110439994,0.01200470088810929,137.21024476726438,9.520873640825455,0.0064346632478795235
2.75,2.6972079700295835,757.6810010689072,0.19325830901526758,0.011972212508937213,137.2426472851705,9.50602481746718,0.006432942422142217
2.755,2.6966757549836093,757.679967114324,0.1933037125789126,0.011939791935382998,137.27498017617697,9.491191933165197,0.006431202741844582
2.7600000000000002,2.6961355189786427,757.6789268995876,0.1933490221021961,0.011907438902538611,137.30724371807162,9.476374921279595,0.0064294442807979885
2.765,2.6955872865289874,757.6778804592709,0.19339423794902658,0.01187515314790495,137.33943818616476,9.461573715997734,0.006427667112518579
2.77,2.6950310824251447,757.676827828274,0.19343936047997445,0.011842934411380925,137.37156385357358,9.446788252331153,0.0064258713102294425
2.775,2.6944669317331305,757.6757690418225,0.19348439005228685,0.011810782435252801,137.40362099013063,9.432018466112464,0.006424056946862545
2.7800000000000002,2.693894859794167,757.6747041354652,0.19352932701990258,0.01177869696418329,137.43560986372026,9.417264293992254,0.0064222240950608965
2.785,2.6933148922239636,757.673633145071,0.19357417173346692,0.011746677745200936,137.46753074006136,9.402525673435976,0.006420372827180456
2.79,2.6927270549123787,757.6725561068272,0.19361892454034674,0.011714724527689195,137.49938388206337,9.387802542720848,0.006418503215292276
2.795,2.6921313740226744,757.671473057237,0.19366358578464507,0.011682837063375839,137.53116955048478,9.373094840932728,0.006416615331184394
2.8000000000000003,2.6915278759911314,757.6703840331164,0.1937081558072162,0.011651015106322082,137.56288800396734,9.358402507963017,0.006414709246363946
2.805,2.690916587526271,757.669289071593,0.19375263494568035,0.011619258412911991,137.59453949954178,9.343725484505528,0.006412785032059046
2.81,2.6902975356084458,757.6681882101024,0.19379702353443862,0.011587566741841625,137.62612429161095,9.329063712053385,0.0064108427592208805
2.815,2.689670747489027,757.6670814863863,0.19384132190468795,0.011555939854108445,137.657642631787,9.314417132895885,0.006408882498525561
2.82,2.6890362506899548,757.6659689384908,0.19388553038443565,0.011524377513000507,137.6890947698263,9.299785690115392,0.006406904320376204
2.825,2.688394073002892,757.6648506047624,0.19392964929851442,0.011492879484085877,137.7204809528076,9.285169327584189,0.006404908294904758
2.83,2.6877442424887557,757.663726523847,0.1939736789685971,0.011461445535201828,137.7518014256562,9.270567989961371,0.00640289449197407
2.835,2.6870867874768507,757.6625967346869,0.19401761971321144,0.011430075436444259,137.7830564314742,9.255981622689687,0.006400862981179695
2.84,2.6864217365643364,757.6614612765185,0.1940614718477549,0.011398768960156935,137.8142462109109,9.241410171992435,0.00639881383185193
2.845,2.685749118615331,757.6603201888696,0.19410523568450944,0.011367525880920923,137.8453710027366,9.226853584870293,0.006396747113057613
2.85,2.685068962760372,757.6591735115579,0.19414891153265618,0.011336345975543831,137.8764310433032,9.212311809098209,0.0063946628936021365
2.855,2.684381298395486,757.6580212846872,0.19419249969829036,0.01130522902304925,137.90742656610075,9.197784793222219,0.006392561242031226
2.86,2.683686155181598,757.656863548646,0.19423600048443596,0.011274174804666024,137.93835780303783,9.183272486556346,0.006390442226632933
2.865,2.682983563043583,757.6557003441052,0.19427941419106035,0.011243183103817708,137.96922498438235,9.168774839179395,0.006388305915439394
2.87,2.68227355216964,757.6545317120148,0.19432274111508915,0.011212253706111853,138.00002833768184,9.154291801931857,0.006386152376228803
2.875,2.6815561530103067,757.6533576936023,0.194365981550421,0.011181386399329467,138.03076808808623,9.139823326412705,0.006383981676527154
2.88,2.680831396277819,757.6521783303697,0.19440913578794214,0.011150580973414311,138.06144445902515,9.125369364976269,0.006381793883610191
2.8850000000000002,2.680099312945101,757.6509936640916,0.19445220411554115,0.011119837220462368,138.09205767203088,9.110929870729032,0.006379589064505132
2.89,2.679359934245074,757.6498037368126,0.19449518681812378,0.011089154934711166,138.12260794611402,9.096504797526517,0.0063773672859926
2.895,2.6786132916696253,757.6486085908444,0.19453808417762744,0.011058533912529254,138.15309549764697,9.082094099970053,0.0063751286146083285
2.9,2.6778594169688867,757.6474082687641,0.19458089647303617,0.01102797395240553,138.18352054132362,9.067697733403659,0.006372873116645071
2.9050000000000002,2.677098342150163,757.6462028134117,0.19462362398039493,0.010997474854938738,138.21388329012757,9.053315653910825,0.006370600858154285
2.91,2.6763300994772012,757.644992267887,0.19466626697282471,0.01096703642282681,138.2441839544447,9.038947818311367,0.006368311904948029
2.915,2.675554721469092,757.6437766755478,0.19470882572053685,0.01093665846085634,138.27442274233434,9.024594184158195,0.006366006322600622
2.92,2.6747722408994905,757.6425560800072,0.194751300490848,0.010906340775891959,138.3045998603284,9.01025470973417,0.006363684176450523
2.9250000000000003,2.6739826907955004,757.6413305251318,0.1947936915481944,0.010876083176865826,138.3347155136409,8.99592935404887,0.0063613455316019725
2.93,2.6731861044368626,757.6401000550379,0.19483599915414695,0.01084588547476701,138.36476990508197,8.98161807683544,0.006358990452926847
2.935,2.6723825153548053,757.6388647140907,0.19487822356742562,0.010815747482630981,138.3947632352825,8.967320838547343,0.006356619005066292
2.94,2.6715719573312158,757.6376245469004,0.19492036504391416,0.010785669015528994,138.4246957029911,8.953037600355195,0.0063542312524325455
2.945,2.6707544643974623,757.6363795983211,0.19496242383667486,0.010755649890557594,138.45456750407126,8.938768324143522,0.006351827259210559
2.95,2.6699300708335283,757.6351299134473,0.19500440019596305,0.010725689926828008,138.48437883263261,8.924512972507582,0.006349407089359803
2.955,2.669098811166819,757.6338755376119,0.19504629436924176,0.010695788945455663,138.5141298808693,8.910271508750103,0.006346970806615865
2.96,2.6682607201712596,757.6326165163839,0.1950881066011964,0.010665946769549572,138.5438208388433,8.896043896878114,0.006344518474492238
2.965,2.6674158328660753,757.6313528955659,0.19512983713374935,0.010636163224201854,138.57345189557316,8.88183010159966,0.0063420501562819
2.97,2.6665641845148644,757.6300847211911,0.19517148620607452,0.010606438136477145,138.6030232377298,8.867630088320627,0.006339565915059083
2.975,2.6657058106243476,757.628812039522,0.19521305405461223,0.01057677133540212,138.63253504991175,8.853443823141465,0.006337065813680832
2.98,2.6648407469434208,757.6275348970469,0.19525454091308353,0.01054716265195489,138.66198751522538,8.83927127285398,0.0063345499147887604
2.985,2.6639690294618794,757.6262533404777,0.19529594701250508,0.010517611919054527,138.69138081463169,8.825112404938045,0.006332018280810582
2.99,2.6630906944094352,757.624967416748,0.19533727258120362,0.010488118971550489,138.72071512707583,8.81096718755841,0.006329470973961855
2.995,2.662205778254418,757.6236771730098,0.19537851784483073,0.010458683646212144,138.74999062903532,8.796835589561388,0.006326908056247496
3.0,2.66131431770277,757.622382656632,0.19541968302637736,0.010429305781718181,138.77920749532132,8.782717580471646,0.006324329589463498
3.005,2.660416349696722,757.6210839151971,0.1954607683461884,0.010399985218646131,138.80836589923697,8.768613130488891,0.00632173563519843
3.0100000000000002,2.659511911413753,757.6197809964993,0.1955017740219775,0.010370721799461814,138.83746601193045,8.754522210484652,0.006319126254835135
3.015,2.6586010402652445,757.618473948542,0.19554270026884132,0.01034151536850885,138.86650800316758,8.740444791998968,0.006316501509552218
3.02,2.6576837738954224,757.6171628195347,0.19558354729927463,0.010312365771998084,138.8954920406808,8.72638084723713,0.0063138614603257155
3.025,2.6567601501799945,757.6158476578915,0.1956243153231846,0.010283272857997095,138.92441828994328,8.712330349066361,0.0063112061679305685
3.0300000000000002,2.6558302072250446,757.6145285122282,0.19566500454790564,0.010254236476419659,138.9532869148919,8.69829327101258,0.006308535692942278
3.035,2.6548939833656457,757.6132054313596,0.19570561517821378,0.010225256479015248,138.98209807740855,8.684269587257058,0.006305850095738352
3.04,2.6539515171647494,757.6118784642974,0.19574614741634153,0.010196332719358473,139.01085193768802,8.670259272633142,0.00630314943649995
3.045,2.6530028474117704,757.6105476602478,0.1957866014619924,0.010167465052838574,139.03954865464738,8.656262302622926,0.006300433775213307
3.0500000000000003,2.6520480131214406,757.6092130686086,0.1958269775123555,0.010138653336648895,139.06818838498066,8.642278653353971,0.006297703171671359
3.055,2.651087053532374,757.6078747389671,0.19586727576212035,0.010109897429776365,139.09677128323082,8.628308301595945,0.006294957685475154
3.06,2.6501200081058967,757.6065327210977,0.19590749640349128,0.010081197192990955,139.12529750257394,8.614351224757344,0.006292197376035454
3.065,2.649146916524583,757.6051870649591,0.1959476396262023,0.010052552488835163,139.15376719456415,8.600407400882121,0.006289422302574127
3.0700000000000003,2.6481678186910718,757.6038378206921,0.19598770561753154,0.01002396318161348,139.1821805087442,8.586476808646387,0.006286632524125736
3.075,2.6471827547265883,757.602485038617,0.19602769456231603,0.009995429137381854,139.2105375927925,8.572559427355015,0.006283828099538911
3.08,2.646191764969715,757.6011287692313,0.1960676066429663,0.009966950223937163,139.23883859296936,8.558655236938366,0.006281009087477917
3.085,2.645194889974899,757.5997690632071,0.19610744203948102,0.00993852631080667,139.26708365431517,8.544764217948856,0.006278175546424011
3.09,2.6441921705112077,757.5984059713885,0.19614720092946172,0.009910157269237496,139.29527291970896,8.530886351557669,0.006275327534676988
3.095,2.6431836475608037,757.5970395447896,0.1961868834881275,0.009881842972186071,139.32340652971445,8.51702161955131,0.006272465110356527
3.1,2.64216936231768,757.5956698345914,0.1962264898883295,0.009853583294307609,139.35148462366317,8.50317000432832,0.006269588331403715
3.105,2.6411493561861086,757.5942968921398,0.19626602030056575,0.009825378111945544,139.37950733923682,8.48933148889582,0.006266697255582365
3.11,2.640123670779362,757.592920768943,0.1963054748929958,0.009797227303121001,139.40747481220302,8.475506056866182,0.006263791940480541
3.115,2.6390923479181514,757.5915415166688,0.1963448538314554,0.009769130747522215,139.4353871768707,8.461693692453581,0.006260872443511846
3.12,2.638055429629302,757.5901591871425,0.1963841572794711,0.00974108832649402,139.46324456589738,8.447894380470656,0.00625793882191693
3.125,2.637012958144178,757.5887738323441,0.1964233853982751,0.009713099923027248,139.49104711051322,8.434108106325041,0.006254991132764765
3.13,2.6359649758973434,757.5873855044065,0.19646253834681987,0.009685165421748208,139.51879494024143,8.420334856016018,0.006252029432954128
3.1350000000000002,2.6349115255249598,757.5859942556116,0.19650161628179288,0.009657284708908085,139.54648818273566,8.406574616131019,0.0062490537792148654
3.14,2.633852649863426,757.5846001383895,0.1965406193576312,0.009629457672372414,139.57412696439062,8.39282737384229,0.0062460642281093525
3.145,2.6327883919477566,757.5832032053147,0.1965795477265364,0.00960168420161047,139.60171141029105,8.379093116903372,0.00624306083603374
3.15,2.6317187950102015,757.5818035091046,0.19661840153848914,0.009573964187684723,139.62924164353672,8.36537183364573,0.006240043659219402
3.1550000000000002,2.630643902478606,757.5804011026163,0.19665718094126403,0.009546297523240222,139.65671778507885,8.351663512975243,0.006237012753734159
3.16,2.6295637579750033,757.5789960388444,0.19669588608044422,0.009518684102494067,139.6841399546903,8.337968144368817,0.00623396817548371
3.165,2.6284784053139556,757.5775883709186,0.19673451709943626,0.00949112382122476,139.7115082708078,8.324285717870852,0.006230909980212838
3.17,2.627387888501132,757.5761781521014,0.1967730741394848,0.009463616576761667,139.7388228499059,8.310616224089843,0.006227838223506819
3.1750000000000003,2.6262922517316376,757.5747654357849,0.1968115573396874,0.009436162267974366,139.7660838068815,8.296959654194827,0.006224752960792623
3.18,2.6251915393885557,757.573350275489,0.19684996683700917,0.009408760795262103,139.7932912554854,8.28331599991199,0.006221654247340293
3.185,2.6240857960412614,757.5719327248587,0.19688830276629768,0.00938141206054313,139.82044530870286,8.269685253521079,0.006218542138264131
3.19,2.6229750664439497,757.5705128376616,0.19692656526029764,0.009354115967244142,139.8475460774728,8.256067407851994,0.006215416688524064
3.1950000000000003,2.6218593955339284,757.5690906677853,0.19696475444966588,0.009326872420289617,139.87459367045122,8.2424624562812,0.0062122779529268065
3.2,2.620738828430123,757.5676662692352,0.19700287046298598,0.009299681326091245,139.90158819539167,8.228870392728293,0.006209125986127213
3.205,2.6196134104313487,757.566239696132,0.1970409134267831,0.009272542592537241,139.92852975836067,8.21529121165241,0.006205960842629423
3.21,2.618483187014806,757.5648110027088,0.19707888346553884,0.009245456128981774,139.95541846389108,8.20172490804876,0.006202782576788192
3.215,2.6173482038343434,757.563380243309,0.19711678070170602,0.00921842184623427,139.9822544156508,8.188171477445024,0.006199591242810022
3.22,2.61620850671891,757.5619474723835,0.19715460525572354,0.009191439656548823,140.0090377153309,8.174630915897884,0.006196386894754475
3.225,2.615064141670815,757.560512744489,0.19719235724603135,0.009164509473613502,140.03576846271503,8.1611032199894,0.0061931695865352875
3.23,2.6139151548641646,757.5590761142842,0.197230036789085,0.009137631212539736,140.06244675686528,8.147588386823518,0.006189939371921664
3.235,2.6127615926430963,757.5576376365285,0.19726764399937077,0.009110804789851611,140.08907269622267,8.134086414022432,0.006186696304539373
3.24,2.6116035015202,757.5561973660791,0.19730517898942038,0.009084030123475249,140.11564637732047,8.120597299723086,0.006183440437872027
3.245,2.610440928174735,757.5547553578884,0.19734264186982595,0.009057307132728103,140.1421678950623,8.107121042573521,0.006180171825262157
3.25,2.6092739194510357,757.5533116670015,0.19738003274925495,0.009030635738308307,140.16863734311235,8.093657641729353,0.006176890519912479
3.255,2.608102522356716,757.5518663485539,0.197417351734465,0.009004015862283953,140.19505481281016,8.080207096850097,0.006173596574886949
3.2600000000000002,2.6069267840610513,757.5504194577688,0.19745459893031886,0.008977447428082454,140.22142039438478,8.066769408095645,0.006170290043112009
3.265,2.6057467518931725,757.5489710499552,0.19749177443979923,0.0089509303604798,140.2477341769239,8.053344576122575,0.0061669709773776345
3.27,2.6045624733404282,757.5475211805043,0.1975288783640237,0.0089244645855899,140.27399624797764,8.039932602080595,0.006163639430338553
3.275,2.6033739960465607,757.5460699048884,0.1975659108022598,0.008898050030853826,140.30020669481513,8.026533487608846,0.00616029545451528
3.2800000000000002,2.602181367810057,757.5446172786571,0.1976028718519397,0.008871686625029157,140.32636560308688,8.013147234832338,0.006156939102295317
3.285,2.6009846365823033,757.5431633574359,0.19763976160867544,0.008845374298179205,140.35247305712096,7.999773846358234,0.006153570425934173
3.29,2.5997838504659243,757.5417081969229,0.19767658016627376,0.008819112981662337,140.378529140106,7.98641332527226,0.006150189477556544
3.295,2.598579057712923,757.5402518528866,0.1977133276167511,0.0087929026081212,140.40453393286077,7.973065675134975,0.006146796309157314
3.3000000000000003,2.5973703067229996,757.5387943811639,0.19775000405034862,0.008766743111472025,140.4304875153875,7.959730899978176,0.0061433909726027235
3.305,2.596157646041684,757.5373358376571,0.19778660955554708,0.008740634426893846,140.45638996647554,7.946409004301146,0.006139973519631352
3.31,2.5949411243586327,757.535876278331,0.19782314421908195,0.008714576490817789,140.48224136323913,7.933099993067042,0.0061365440018552675
3.315,2.5937207905057553,757.5344157592118,0.19785960812595837,0.00868856924091627,140.50804178195528,7.919803871699117,0.00613310247076099
3.3200000000000003,2.59249669345549,757.532954336383,0.19789600135946617,0.008662612616092283,140.53379129757187,7.906520646077107,0.006129648977710627
3.325,2.5912688823189134,757.5314920659844,0.1979323240011949,0.008636706556468587,140.55948998416818,7.893250322533439,0.0061261835739428215
3.33,2.590037406344007,757.5300290042082,0.1979685761310488,0.008610851003376977,140.5851379145674,7.879992907849587,0.006122706310573867
3.335,2.5888023149137527,757.5285652072978,0.198004757827262,0.008585045899347457,140.61073516013408,7.866748409252269,0.006119217238598636
3.34,2.5875636575443823,757.5271007315446,0.19804086916641347,0.008559291188097505,140.63628179145792,7.8535168344097945,0.006115716408891686
3.345,2.5863214838834643,757.5256356332856,0.19807691022344204,0.00853358681452123,140.6617778781042,7.840298191428238,0.006112203872208167
3.35,2.5850758437081365,757.5241699689012,0.19811288107166158,0.008507932724678634,140.68722348811988,7.827092488847778,0.006108679679184908
3.355,2.5838267869231806,757.5227037948126,0.19814878178277615,0.008482328865784743,140.71261868773428,7.81389973563884,0.006105143880341309
3.36,2.5825743635592397,757.5212371674794,0.19818461242689486,0.008456775186198867,140.7379635423552,7.800719941198429,0.006101596526080412
3.365,2.581318623770882,757.5197701433965,0.19822037307254722,0.008431271635413717,140.76325811641675,7.787553115346265,0.006098037666689778
3.37,2.5800596178348068,757.5183027790929,0.198256063786698,0.008405818164044664,140.78850247280369,7.774399268321087,0.0060944673523425355
3.375,2.578797396147897,757.516835131128,0.19829168463476254,0.008380414723818834,140.81369667338907,7.7612584107767715,0.006090885633098244
3.38,2.5775320092254086,757.5153672560899,0.19832723568062183,0.00835506126756435,140.8388407791586,7.748130553778626,0.006087292558903926
3.3850000000000002,2.576263507699012,757.5138992105926,0.19836271698663746,0.008329757749199435,140.86393485063115,7.735015708799496,0.006083688179594912
3.39,2.574991942314971,757.5124310512738,0.19839812861366704,0.008304504123721638,140.88897894688694,7.721913887716037,0.006080072544895858
3.395,2.573717363932173,757.510962834792,0.1984334706210792,0.008279300347196919,140.9139731253706,7.708825102804803,0.006076445704421572
3.4,2.572439823520291,757.5094946178248,0.19846874306676876,0.008254146376748863,140.93891744284971,7.695749366738508,0.006072807707678015
3.4050000000000002,2.571159372157806,757.5080264570654,0.19850394600717197,0.008229042170547778,140.96381195461692,7.682686692582101,0.006069158604063107
3.41,2.5698760610301594,757.5065584092212,0.19853907949728156,0.008203987687799877,140.98865671497657,7.669637093789007,0.006065498442867718
3.415,2.5685899414277698,757.5050905310106,0.19857414359066192,0.008178982888736374,141.01345177762875,7.656600584197188,0.006061827273276459
3.42,2.567301064744162,757.5036228791612,0.1986091383394644,0.00815402773460266,141.03819719502943,7.643577178025366,0.006058145144368646
3.4250000000000003,2.5660094824739756,757.5021555104065,0.19864406379444238,0.00812912218764739,141.06289301901913,7.630566889869075,0.006054452105119078
3.43,2.564715246211094,757.5006884814844,0.1986789200049665,0.008104266211111651,141.08753930028777,7.61756973469687,0.006050748204398988
3.435,2.563418407646636,757.4992218491342,0.19871370701904,0.00807945976921804,141.11213608803126,7.604585727846356,0.006047033490976807
3.44,2.56211901856707,757.497755670094,0.1987484248833137,0.008054702827159822,141.13668343068437,7.591614885020383,0.006043308013519091
3.4450000000000003,2.5608171308522,757.496290001099,0.19878307364310144,0.008029995351090004,141.16118137531925,7.5786572222830655,0.006039571820591268
3.45,2.5595127964732693,757.4948248988784,0.198817653342395,0.008005337308110493,141.18562996810826,7.565712756055965,0.006035824960658556
3.455,2.558206067490945,757.4933604201532,0.1988521640238797,0.007980728666261162,141.21002925473135,7.55278150311409,0.006032067482086689
3.46,2.5568969960533994,757.4918966216338,0.19888660572894926,0.007956169394508984,141.2343792797302,7.539863480582059,0.006028299433142815
3.465,2.5555856343942884,757.4904335600176,0.1989209784977213,0.007931659462737111,141.2586800871818,7.526958705930095,0.0060245208619962125
3.47,2.5542720348308294,757.4889712919863,0.1989552823690524,0.007907198841734004,141.28293172009043,7.514067196970174,0.006020731816719169
3.475,2.552956249761772,757.4875098742041,0.19898951738055348,0.007882787503182507,141.3071342200003,7.501188971852006,0.006016932345287678
3.48,2.5516383316654587,757.4860493633145,0.199023683568605,0.007858425419648957,141.33128762780728,7.488324049059162,0.0060131224955823044
3.485,2.5503183330977888,757.4845898159385,0.19905778096837218,0.007834112564572268,141.35539198302743,7.475472447405044,0.0060093023153888646
3.49,2.548996306690278,757.4831312886721,0.19909180961382028,0.007809848912253038,141.37944732441312,7.462634186029004,0.006005471852399276
3.495,2.5476723051480117,757.4816738380835,0.19912576953772976,0.007785634437842635,141.4034536904,7.449809284392306,0.00600163115421222
3.5,2.54634638124769,757.4802175207111,0.19915966077171163,0.007761469117332288,141.42741111830102,7.436997762274216,0.0059977802683339725
3.505,2.5450185878355787,757.4787623930612,0.19919348334622267,0.007737352927542175,141.45131964508548,7.424199639767952,0.005993919242179055
3.5100000000000002,2.5436889778255467,757.477308511605,0.1992272372905807,0.007713285846110524,141.47517930673547,7.411414937276776,0.005990048123071048
3.515,2.542357604197012,757.4758559327767,0.1992609226329798,0.0076892678514826965,141.49899013779606,7.39864367550993,0.005986166958243222
3.52,2.5410245199929666,757.4744047129712,0.19929453940050562,0.007665298922900275,141.52275217226162,7.3858858754787,0.005982275794839338
3.525,2.5396897783179146,757.4729549085414,0.19932808761915072,0.007641379040390165,141.54646544276915,7.373141558492348,0.005978374679914263
3.5300000000000002,2.5383534323358963,757.471506575796,0.19936156731382965,0.007617508184753672,141.57012998129417,7.360410746154168,0.00597446366043475
3.535,2.53701553526842,757.4700597709967,0.19939497850839422,0.007593686337555618,141.59374581965426,7.34769346035741,0.005970542783280041
3.54,2.5356761403924732,757.4686145503568,0.19942832122564885,0.007569913481113406,141.6173129885956,7.334989723281312,0.005966612095242635
3.545,2.5343353010384493,757.4671709700378,0.19946159548736575,0.007546189598486147,141.64083151867595,7.322299557387013,0.005962671643028859
3.5500000000000003,2.5329930705881556,757.4657290861476,0.19949480131430025,0.007522514673463731,141.66430143953076,7.3096229854135855,0.005958721473259636
3.555,2.5316495024727392,757.464288954738,0.19952793872620594,0.0074988886905559575,141.6877227793588,7.296960030373944,0.005954761632471039
3.56,2.5303046501706783,757.4628506318021,0.19956100774185007,0.007475311634981604,141.71109556592887,7.284310715550841,0.0059507921671150335
3.565,2.528958567205705,757.4614141732728,0.1995940083790287,0.007451783492657569,141.73441982565518,7.271675064492775,0.0059468131235600186
3.5700000000000003,2.5276113071447974,757.4599796350192,0.1996269406545819,0.007428304250187949,141.75769558439814,7.259053101009988,0.005942824548091556
3.575,2.5262629235960974,757.458547072845,0.199659804584409,0.007404873894853189,141.7809228680374,7.246444849170365,0.005938826486912898
3.58,2.5249134702068883,757.4571165424865,0.19969260018348384,0.007381492414599158,141.80410170142105,7.233850333295407,0.005934818986145692
3.585,2.5235630006615137,757.4556880996093,0.19972532746586993,0.0073581597980263164,141.82723210937428,7.221269577956117,0.005930802091830499
3.59,2.5222115686793516,757.4542617998069,0.19975798644473575,0.0073348760343788,141.85031411586172,7.208702607968985,0.005926775849927479
3.595,2.5208592280127307,757.4528376985976,0.19979057713236997,0.007311641113533598,141.87334774339539,7.196149448391863,0.005922740306316898
3.6,2.519506032444894,757.4514158514228,0.19982309954019656,0.0072884550259896454,141.8963330141832,7.18361012451993,0.005918695506799794
3.605,2.5181520357879137,757.4499963136442,0.1998555536787901,0.007265317762857018,141.91926994906933,7.171084661881549,0.005914641497098463
3.61,2.5167972918806516,757.4485791405419,0.19988793955789094,0.007242229315846026,141.94215856845327,7.158573086234243,0.005910578322857121
3.615,2.5154418545866712,757.4471643873119,0.19992025718642012,0.007219189677256436,141.9649988929469,7.1460754235605615,0.0059065060296423656
3.62,2.5140857777921934,757.4457521090637,0.19995250657249491,0.007196198839966575,141.9877909421649,7.133591700064013,0.005902424662943824
3.625,2.5127291154040043,757.4443423608183,0.19998468772344366,0.007173256797422567,142.01053473588362,7.121121942164924,0.005898334268174601
3.63,2.5113719213474077,757.4429351975053,0.20001680064582114,0.007150363543627441,142.03323029307393,7.108666176496396,0.0058942348906719086
3.6350000000000002,2.510014249564134,757.4415306739616,0.2000488453454236,0.007127519073130405,142.0558776312164,7.096224429900154,0.005890126575697499
3.64,2.508656154010285,757.4401288449279,0.20008082182730402,0.007104723381015965,142.07847676762384,7.083796729422476,0.00588600936843828
3.645,2.507297688654241,757.4387297650476,0.20011273009578698,0.007081976462893208,142.10102771821653,7.071383102310033,0.005881883314006731
3.65,2.5059389074746035,757.4373334888638,0.200144570154484,0.007059278314884942,142.123530498584,7.058983576005836,0.0058777484574415026
3.6550000000000002,2.5045798644581043,757.4359400708172,0.2001763420063083,0.007036628933617021,142.14598512474367,7.046598178145085,0.00587360484370782
3.66,2.5032206135975397,757.4345495652439,0.2002080456534902,0.007014028316207479,142.16839161173974,7.034226936551066,0.0058694525176980605
3.665,2.50186120888968,757.433162026373,0.20023968109759188,0.006991476460255895,142.19074997498268,7.021869879231011,0.005865291524232151
3.67,2.5005017043332023,757.4317775083249,0.20027124833952262,0.006968973363832539,142.2130602291264,7.009527034372011,0.0058611219080581195
3.6750000000000003,2.4991421539266017,757.430396065108,0.20030274737955375,0.006946519025467768,142.23532238727134,6.997198430336876,0.005856943713852485
3.68,2.497782611666116,757.4290177506174,0.20033417821733374,0.006924113444141199,142.25753646249677,6.984884095660018,0.005852756986220792
3.685,2.49642313154364,757.4276426186326,0.20036554085190306,0.006901756619271128,142.27970246643716,6.972584059043301,0.005848561769697982
3.69,2.4950637675446505,757.4262707228145,0.20039683528170918,0.006879448550703721,142.30182041051592,6.960298349351961,0.005844358108748915
3.6950000000000003,2.493704573646115,757.4249021167041,0.20042806150462142,0.006857189238702485,142.32389030682683,6.94802699561045,0.005840146047768727
3.7,2.4923456038144214,757.4235368537197,0.20045921951794604,0.006834978683937471,142.34591216650182,6.93577002699832,0.0058359256310833345
3.705,2.4909869120032826,757.4221749871551,0.20049030931844086,0.006812816887474778,142.3678860012691,6.923527472846077,0.005831696902949773
3.71,2.489628552151664,757.4208165701768,0.20052133090233046,0.006790703850765779,142.3898118221411,6.911299362631082,0.005827459907556696
3.715,2.4882705781816967,757.4194616558227,0.20055228426532093,0.006768639575636682,142.41168963848196,6.8990857259734195,0.005823214689024691
3.72,2.486913043996595,757.418110296999,0.20058316940261467,0.0067466240642777625,142.43351945979407,6.886886592631751,0.005818961291406763
3.725,2.4855560034785764,757.4167625464785,0.20061398630892524,0.006724657319232981,142.45530129405344,6.874701992499203,0.005814699758688641
3.73,2.4841995104867762,757.4154184568985,0.20064473497849217,0.006702739343389236,142.47703514915196,6.8625319555992395,0.00581043013478924
3.735,2.4828436188551692,757.4140780807583,0.20067541540509545,0.006680870139966025,142.49872103392775,6.850376512081552,0.005806152463560958
3.74,2.4814883823904856,757.4127414704171,0.20070602758207057,0.006659049712504732,142.52035895625264,6.838235692217911,0.005801866788790121
3.745,2.4801338548701337,757.4114086780926,0.200736571502323,0.006637278064858342,142.54194892485572,6.826109526398053,0.005797573154197262
3.75,2.4787800900401153,757.4100797558574,0.200767047158343,0.006615555201180745,142.563490947781,6.813998045125564,0.005793271603437557
3.755,2.4774271416129516,757.4087547556381,0.2007974545422203,0.00659388112591651,142.5849850312905,6.8019012790137845,0.005788962180101085
3.7600000000000002,2.4760750632655983,757.4074337292127,0.20082779364565878,0.006572255843790221,142.6064311819594,6.789819258781644,0.00578464492771325
3.765,2.474723908637376,757.4061167282084,0.20085806445999074,0.006550679359796308,142.62782940471865,6.77775201524958,0.0057803198897350295
3.77,2.473373731327884,757.4048038040997,0.20088826697619191,0.0065291516791884125,142.64917970455065,6.765699579335417,0.0057759871095633755
3.775,2.4720245848949354,757.403495008206,0.20091840118489535,0.006507672807469276,142.67048208770143,6.753661982050286,0.005771646630531455
3.7800000000000002,2.4706765228524703,757.4021903916898,0.2009484670764065,0.006486242750380146,142.6917365594267,6.7416392544944665,0.005767298495909033
3.785,2.4693295986684958,757.4008900055544,0.20097846464071725,0.006464861513890722,142.7129431261386,6.729631427853325,0.005762942748902698
3.79,2.4679838657630007,757.3995939006419,0.20100839386752062,0.006443529104188601,142.73410179358288,6.717638533393193,0.00575857943265623
3.795,2.466639377505898,757.3983021276312,0.20103825474622503,0.00642224552766928,142.7552125655406,6.705660602457318,0.005754208590250817
3.8000000000000003,2.4652961872149426,757.3970147370355,0.20106804726596883,0.006401010790925643,142.77627544630047,6.693697666461705,0.005749830264705406
3.805,2.463954348153679,757.3957317792008,0.20109777141563429,0.006379824900738045,142.7972904383435,6.681749756891079,0.005745444498976898
3.81,2.4626139135293585,757.3944533043036,0.20112742718386226,0.006358687864063822,142.8182575443492,6.669816905294778,0.005741051335960493
3.815,2.461274936490891,757.3931793623485,0.20115701455906587,0.0063375996880274486,142.83917676862927,6.657899143282723,0.00573665081848987
3.8200000000000003,2.459937470126768,757.391910003167,0.20118653352944516,0.0063165603799101005,142.86004811445687,6.645996502521271,0.005732242989337515
3.825,2.4586015674630217,757.3906452764145,0.20121598408300087,0.006295569947139877,142.88087158660858,6.634109014729212,0.005727827891214889
3.83,2.4572672814611427,757.3893852315687,0.20124536620754893,0.006274628397281409,142.90164718919758,6.622236711673666,0.005723405566772741
3.835,2.4559346650160467,757.3881299179279,0.20127467989073428,0.006253735738026155,142.9223749241293,6.610379625166088,0.0057189760586012625
3.84,2.4546037709540016,757.3868793846085,0.20130392512004516,0.006232891977182065,142.9430547940352,6.598537787058139,0.005714539409230386
3.845,2.4532746520305944,757.3856336805432,0.20133310188282683,0.006212097122663946,142.9636867995193,6.5867112292377055,0.005710095661129924
3.85,2.4519473609286617,757.3843928544788,0.20136221016629569,0.006191351182483186,142.9842709415447,6.5748999836248245,0.005705644856709857
3.855,2.450621950256264,757.3831569549748,0.20139124995755267,0.006170654164738194,143.00480722313995,6.56310408216772,0.00570118703832046
3.86,2.449298472544618,757.3819260304003,0.20142022124359774,0.0061500060776041735,143.0252956462164,6.551323556838686,0.005696722248252569
3.865,2.447976980246083,757.3807001289335,0.20144912401134296,0.006129406929323655,143.0457362145953,6.539558439630151,0.005692250528737699
3.87,2.446657525732093,757.3794792985584,0.201477958247627,0.006108856728196323,143.06612893141866,6.527808762550622,0.005687771921948301
3.875,2.445340161291147,757.3782635870637,0.20150672393922825,0.006088355482569624,143.08647379730175,6.516074557620757,0.005683286469997861
3.88,2.4440249391267495,757.3770530420403,0.20153542107287903,0.006067903200828662,143.1067708138344,6.504355856869279,0.005678794214941144
3.8850000000000002,2.4427119113554103,757.3758477108798,0.20156404963527869,0.006047499891386895,143.12701998028834,6.492652692329073,0.005674295198774276
3.89,2.4414011300045853,757.3746476407723,0.20159260961310738,0.006027145562676093,143.14722129647262,6.4809650960331595,0.005669789463434984
3.895,2.4400926470106823,757.3734528787048,0.20162110099303907,0.00600684022313712,143.16737476477596,6.469293100010819,0.005665277050802662
3.9,2.43878651421701,757.3722634714586,0.20164952376175563,0.005986583881209959,143.1874803863532,6.457636736283513,0.005660758002698589
3.9050000000000002,2.4374827833717965,757.3710794656083,0.2016778779059594,0.005966376545324591,143.20753816475082,6.44599603686105,0.00565623236088599
3.91,2.4361815061261347,757.3699009075193,0.20170616341238734,0.005946218223891082,143.22754810279605,6.434371033737576,0.0056517001670702395
3.915,2.4348827340320103,757.3687278433457,0.2017343802678239,0.005926108925290557,143.24751020037536,6.422761758887751,0.005647161462898914
3.92,2.4335865185402588,757.3675603190294,0.2017625284591143,0.005906048657865358,143.26742445863633,6.411168244262703,0.005642616289961972
3.9250000000000003,2.4322929109986005,757.3663983802971,0.2017906079731777,0.005886037429910122,143.28729087602892,6.399590521786245,0.005638064689791796
3.93,2.431001962649598,757.3652420726595,0.2018186187970202,0.005866075249662008,143.30710945174093,6.3880286233508965,0.005633506703863369
3.935,2.4297137246287033,757.3640914414083,0.20184656091774747,0.005846162125291881,143.32688018815597,6.376482580814118,0.005628942373594301
3.94,2.4284282479622243,757.3629465316153,0.2018744343225783,0.005826298064894604,143.34660308625982,6.3649524259943,0.005624371740344981
3.9450000000000003,2.42714558356538,757.3618073881304,0.2019022389988567,0.0058064830764803345,143.36627815000637,6.353438190667036,0.005619794845418598
3.95,2.4258657822402707,757.3606740555794,0.20192997493406578,0.005786717167964899,143.38590538256025,6.34193990656118,0.005615211730061292
3.955,2.424588894673942,757.3595465783624,0.20195764211583972,0.0057670003471611804,143.40548478361157,6.33045760535515,0.0056106224354621455
3.96,2.4233149714363673,757.3584250006521,0.20198524053197697,0.00574733262176958,143.42501635444606,6.3189913186729445,0.0056060270027533275
3.9650000000000003,2.422044062978524,757.3573093663919,0.20201277017045258,0.005727713999369528,143.44450009316063,6.307541078080487,0.005601425473010078
3.97,2.420776219630372,757.3561997192942,0.202040231019431,0.005708144487410016,143.46393599881895,6.2961069150817215,0.005596817887250834
3.975,2.419511491598945,757.3550961028384,0.20206762306727763,0.005688624093201223,143.48332407442564,6.284688861114981,0.005592204286437204
3.98,2.4182499289663424,757.3539985602695,0.20209494630257252,0.005669152823905132,143.50266432136414,6.2732869475490505,0.005587584711474079
3.985,2.4169915816878285,757.352907134596,0.2021222007141214,0.00564973068652728,143.52195674468257,6.261901205679578,0.0055829592032095995
3.99,2.415736499589827,757.3518218685883,0.20214938629096912,0.005630357687907448,143.54120134853207,6.250531666725212,0.005578327802435251
3.995,2.4144847323680336,757.3507428047773,0.20217650302241136,0.005611033834711542,143.56039813290445,6.239178361824056,0.0055736905498858244
4.0,2.4132363295854224,757.3496699854519,0.202203550898007,0.005591759133422367,143.57954709978245,6.227841322029758,0.0055690474862394946
4.005,2.4119913406703697,757.348603452658,0.20223052990758986,0.005572533590331632,143.59864824732767,6.216520578308013,0.005564398652117763
4.01,2.4107498149146647,757.3475432481966,0.202257440041281,0.005553357211530825,143.6177015754199,6.205216161532742,0.005559744088085539
4.015,2.409511801471643,757.346489413622,0.20228428128949943,0.00553423000290333,143.63670708991395,6.193928102482621,0.005555083834651067
4.0200000000000005,2.4082773493542136,757.3454419902397,0.20231105364297575,0.0055151519701154015,143.65566479294708,6.182656431837233,0.005550417932265983
4.025,2.407046507433002,757.3444010191062,0.20233775709276233,0.0054961231186084255,143.67457468751013,6.171401180173652,0.0055457464213252506
4.03,2.405819324434384,757.3433665410253,0.202364391630246,0.005477143453589967,143.69343677807927,6.1601623779626555,0.0055410693421671904
4.035,2.4045958489386408,757.3423385965482,0.202390957247159,0.005458212980026162,143.71225106654472,6.148940055565328,0.0055363867350734074
4.04,2.4033761293780045,757.3413172259709,0.20241745393559102,0.005439331702632891,143.73101755615505,6.137734243229309,0.0055316986402688196
4.045,2.4021602140348257,757.3403024693328,0.20244388168799998,0.005420499625868282,143.74973624930618,6.126544971085439,0.005527005097921561
4.05,2.400948151039627,757.3392943664151,0.2024702404972241,0.005401716753923995,143.7684071483247,6.115372269144038,0.005522306148143009
4.055,2.3997399883692805,757.3382929567391,0.20249653035649212,0.005382983090717858,143.78703025713128,6.10421616729161,0.005517601830987677
4.0600000000000005,2.3985357738450763,757.3372982795651,0.2025227512594356,0.005364298639885254,143.80560557935524,6.093076695287118,0.005512892186453215
4.065,2.3973355551309194,757.33631037389,0.20254890320009877,0.005345663404771918,143.8241331206821,6.081953882758743,0.005508177254480312
4.07,2.396139379731397,757.3353292784464,0.20257498617295064,0.0053270773884254085,143.84261288659124,6.070847759200213,0.005503457074952677
4.075,2.394947294989991,757.3343550317006,0.20260100017289506,0.005308540593588038,143.86104488170307,6.059758353967585,0.005498731687696925
4.08,2.393759348087162,757.3333876718514,0.2026269451952823,0.005290053022688484,143.87942911143685,6.048685696275626,0.005494001132482558
4.085,2.3925755860385696,757.3324272368282,0.20265282123591896,0.005271614677834843,143.89776557922494,6.037629815194643,0.005489265449021836
4.09,2.391396055693169,757.3314737642897,0.20267862829107955,0.005253225560806357,143.91605428930654,6.026590739646885,0.0054845246769697495
4.095,2.390220803731447,757.3305272916226,0.20270436635751576,0.005234885673046623,143.93429524691274,6.0155684984034306,0.005479778855923875
4.1,2.389049876663528,757.3295878559395,0.20273003543246818,0.005216595015655427,143.95248845703185,6.004563120080627,0.005475028025424343
4.105,2.387883320827427,757.3286554940778,0.20275563551367534,0.005198353589382098,143.97063392747066,5.993574633137018,0.005470272224953684
4.11,2.3867211823871646,757.3277302425984,0.20278116659938517,0.005180161394617483,143.98873166562348,5.982603065869835,0.005465511493936782
4.115,2.3855635073310357,757.3268121377836,0.20280662868836416,0.005162018431387424,144.0067816789136,5.97164844641196,0.005460745871740714
4.12,2.3844103414697373,757.3259012156363,0.20283202177990844,0.005143924699344859,144.0247839754767,5.960710802728461,0.00545597539767469
4.125,2.3832617304346484,757.3249975118782,0.2028573458738528,0.005125880197763467,144.042738560997,5.949790162613621,0.005451200110989888
4.13,2.3821177196759757,757.3241010619481,0.20288260097058147,0.005107884925529884,144.0606454423072,5.938886553687493,0.0054464200508793845
4.135,2.3809783544610457,757.3232119010015,0.20290778707103688,0.0050899388811374985,144.07850462628952,5.928000003392995,0.0054416352564779745
4.14,2.379843679872461,757.3223300639079,0.20293290417673027,0.0050720420626787985,144.09631611988857,5.9171305389925015,0.0054368457668620964
4.1450000000000005,2.378713740806413,757.3214555852501,0.20295795228975017,0.005054194467839328,144.11407993326566,5.9062781875649915,0.005432051621049643
4.15,2.377588581970846,757.3205884993228,0.20298293141277296,0.005036396093890163,144.1317960759845,5.895442976002692,0.005427252857999879
4.155,2.376468247883787,757.319728840131,0.20300784154907126,0.005018646937682014,144.14946455881622,5.884624931008265,0.005422449516613239
4.16,2.375352782871526,757.3188766413888,0.2030326827025242,0.005000946995637837,144.16708539298128,5.873824079091502,0.005417641635731233
4.165,2.3742422310669604,757.318031936518,0.20305745487762572,0.004983296263747111,144.18465858715498,5.863040446566576,0.005412829254136249
4.17,2.373136636407785,757.3171947586466,0.20308215807949445,0.0049656947375585694,144.20218415152655,5.85227405954877,0.005408012410551434
4.175,2.372036042634858,757.3163651406078,0.20310679231388173,0.004948142412174644,144.21966209545994,5.841524943951781,0.005403191143640497
4.18,2.3709404932904024,757.3155431149382,0.20313135758718154,0.004930639282244333,144.23709242836068,5.830793125484513,0.005398365492007584
4.1850000000000005,2.369850031716382,757.3147287138773,0.20315585390643773,0.0049131853419577985,144.25447516194316,5.820078629648444,0.005393535494197064
4.19,2.368764701052728,757.3139219693651,0.20318028127935428,0.0048957805850394,144.27181030778354,5.809381481734441,0.005388701188693403
4.195,2.367684544235734,757.3131229130416,0.20320463971430222,0.004878425004742444,144.28909788038774,5.798701706820173,0.0053838626139209355
4.2,2.3666096039962845,757.3123315762457,0.20322892922032953,0.004861118593842341,144.30633789415265,5.7880393297670105,0.005379019808243732
4.205,2.365539922858272,757.3115479900127,0.20325314980716835,0.004843861344631543,144.3235303622865,5.777394375217496,0.00537417280996537
4.21,2.364475543136844,757.3107721850749,0.20327730148524406,0.004826653248912842,144.34067529922422,5.7667668675922705,0.005369321657328783
4.215,2.363416506936831,757.3100041918586,0.2033013842656827,0.0048094942979944695,144.3577727165967,5.75615683108763,0.00536446638851603
4.22,2.3623628561510133,757.3092440404843,0.20332539816031964,0.004792384482683543,144.3748226272394,5.745564289672485,0.0053596070416481395
4.225,2.3613146324585643,757.3084917607642,0.2033493431817063,0.004775323793281338,144.39182504544814,5.734989267085984,0.005354743654784861
4.23,2.360271877323332,757.3077473822021,0.20337321934311925,0.004758312219576877,144.40877998520983,5.7244317868345265,0.005349876265924511
4.235,2.359234631992307,757.3070109339918,0.20339702665856627,0.004741349750842394,144.42568746462544,5.713891872189445,0.0053450049130037165
4.24,2.3582029374939095,757.3062824450155,0.20342076514279547,0.004724436375827048,144.4425475012202,5.7033695461840725,0.005340129633897246
4.245,2.3571768346364785,757.3055619438435,0.2034444348113014,0.004707572082752556,144.45936011262026,5.692864831611486,0.005335250466417757
4.25,2.3561563640065804,757.3048494587322,0.2034680356803335,0.0046907568593070915,144.4761253174825,5.682377751021629,0.00533036744831561
4.255,2.3551415659675103,757.3041450176236,0.2034915677669025,0.004673990692641064,144.49284313092997,5.671908326719127,0.005325480617278615
4.26,2.354132480657618,757.3034486481437,0.20351503108878813,0.004657273569361178,144.50951356976105,5.661456580760458,0.005320590010931837
4.265,2.3531291479888297,757.302760377602,0.2035384256645451,0.004640605475526394,144.52613665082578,5.651022534951828,0.005315695666837335
4.2700000000000005,2.3521316076449876,757.3020802329897,0.2035617515135112,0.004623986396642135,144.54271239108482,5.640606210846408,0.005310797622493963
4.275,2.351139899080392,757.3014082409791,0.2035850086558122,0.004607416317656441,144.55924081217842,5.63020762974227,0.005305895915337105
4.28,2.350154061518157,757.3007444279223,0.20360819711237038,0.004590895222954313,144.57572193487175,5.619826812679681,0.005300990582738462
4.285,2.3491741339487735,757.3000888198501,0.2036313169049094,0.004574423096354042,144.59215578170586,5.6094637804391025,0.005296081662005782
4.29,2.3482001551284792,757.2994414424713,0.2036543680559621,0.0045579999211017375,144.60854237584098,5.5991185535385455,0.005291169190382648
4.295,2.3472321635778424,757.2988023211715,0.20367735058887565,0.0045416256798678145,144.62488173668555,5.588791152231642,0.005286253205048199
4.3,2.346270197580149,757.2981714810117,0.2037002645278187,0.004525300354741688,144.64117388563832,5.578481596505052,0.00528133374311691
4.305,2.345314295180005,757.2975489467278,0.20372310989778625,0.004509023927228439,144.65741884237667,5.568189906076602,0.005276410841638306
4.3100000000000005,2.344364494181742,757.2969347427294,0.20374588672460675,0.00449279637824367,144.67361662725577,5.557916100392755,0.00527148453759674
4.315,2.3434208321480385,757.2963288930989,0.20376859503494607,0.004476617688110372,144.68976726526884,5.547660198626825,0.0052665548679111
4.32,2.3424833463983443,757.2957314215904,0.20379123485631506,0.004460487836553913,144.7058707804282,5.537422219676489,0.0052616218694345835
4.325,2.341552074007523,757.295142351629,0.20381380621707335,0.004444406802699096,144.72192720062975,5.527202182162078,0.0052566855789543945
4.33,2.3406270518042875,757.2945617063094,0.2038363091464363,0.004428374565065324,144.7379365536018,5.517000104424168,0.0052517460331915145
4.335,2.3397083163698644,757.2939895083955,0.2038587436744792,0.004412391101563811,144.75389886340162,5.506816004521928,0.0052468032688004025
4.34,2.338795904036456,757.2934257803192,0.20388110983214347,0.004396456389492949,144.76981415645454,5.496649900230763,0.0052418573223687506
4.345,2.337889850885923,757.2928705441796,0.2039034076512406,0.0043805704055356895,144.7856824556797,5.486501809040733,0.0052369082304171794
4.3500000000000005,2.33699019274826,757.2923238217417,0.20392563716445808,0.0043647331257550635,144.80150378529555,5.476371748154268,0.005231956029398992
4.355,2.336096965200299,757.2917856344365,0.20394779840536267,0.00434894452559177,144.81727817376066,5.466259734484665,0.0052270007556998715
4.36,2.335210203564206,757.2912560033589,0.2039698914084068,0.004333204579859847,144.83300564842872,5.4561657846538525,0.005222042445637619
4.365,2.334329942906204,757.2907349492682,0.2039919162089312,0.004317513262744433,144.8486862422074,5.446089914990964,0.005217081135461853
4.37,2.3334562180350886,757.2902224925858,0.2040138728431711,0.0043018705477976356,144.86431998744797,5.436032141530171,0.005212116861353742
4.375,2.3325890635009716,757.2897186533959,0.2040357613482595,0.004286276407936457,144.87990691406367,5.425992480009322,0.005207149659425698
4.38,2.3317285135938177,757.2892234514431,0.20405758176223204,0.004270730815438833,144.8954470540721,5.415970945867845,0.005202179565721112
4.385,2.3308746023422096,757.2887369061332,0.20407933412403056,0.004255233741941751,144.91094043407438,5.405967554245452,0.005197206616214034
4.39,2.3300273635119004,757.2882590365311,0.2041010184735076,0.004239785158437454,144.92638708272773,5.39598231998011,0.005192230846808911
4.3950000000000005,2.329186830604604,757.2877898613611,0.20412263485142873,0.004224385035271744,144.94178703130262,5.386015257606819,0.005187252293340259
4.4,2.328353036856566,757.2873293990052,0.20414418329947817,0.004209033342140369,144.95714031027106,5.3760663813556535,0.005182270991572402
4.405,2.3275260152373747,757.2868776675031,0.2041656638602599,0.00419373004808749,144.97244695754387,5.366135705150604,0.005177286977199143
4.41,2.3267057984485526,757.2864346845511,0.20418707657730342,0.0041784751215022484,144.9877070097302,5.356223242607686,0.0051723002858434855
4.415,2.3258924189223893,757.2860004675014,0.2042084214950655,0.004163268530117417,145.00292050318862,5.3463290070338685,0.005167310953057317
4.42,2.3250859088205518,757.2855750333617,0.2042296986589345,0.004148110241006142,145.018087475482,5.336453011425236,0.005162319014321122
4.425,2.3242863000329432,757.2851583987941,0.20425090811523297,0.004133000220580773,145.03320795606345,5.326595268465994,0.00515732450504366
4.43,2.3234936241763093,757.2847505801146,0.20427204991122103,0.004117938434589614,145.04828197783564,5.316755790526633,0.0051523274605616825
4.4350000000000005,2.3227079125931493,757.2843515932927,0.20429312409509748,0.0041029248481161806,145.06330957907394,5.3069345896631015,0.005147327916139602
4.44,2.3219291963504016,757.2839614539504,0.20431413071600374,0.0040879594255766065,145.07829079816656,5.2971316776152335,0.0051423259069691965
4.445,2.321157506238246,757.2835801773618,0.20433506982402594,0.004073042130717991,145.09322567667164,5.287347065805556,0.005137321468169298
4.45,2.3203928727688803,757.2832077784524,0.20435594147019798,0.0040581729266165574,145.10811425256148,5.277580765338028,0.0051323146347854835
4.455,2.3196353261753364,757.2828442717984,0.20437674570650344,0.004043351775676112,145.12295656390745,5.26783278699688,0.005127305441789763
4.46,2.318884896410284,757.2824896716262,0.20439748258587787,0.004028578639626441,145.13775264879857,5.258103141245451,0.005122293924080265
4.465,2.3181416131448658,757.2821439918122,0.20441815216221051,0.004013853479521912,145.15250254700618,5.2483918382250945,0.005117280116480928
4.47,2.3174055057675162,757.2818072458814,0.20443875449034654,0.0039991762557399875,145.16720629902352,5.238698887754047,0.00511226405374118
4.4750000000000005,2.316676603382831,757.2814794470077,0.2044592896260883,0.003984546927980114,145.18186395037225,5.229024299326456,0.005107245770535623
4.48,2.3159549348103834,757.2811606080128,0.20447975762619797,0.003969965455262197,145.196475542655,5.2193680821112425,0.005102225301463727
4.485,2.3152405285836646,757.2808507413661,0.20450015854839812,0.003955431795926077,145.2110411176362,5.209730244951359,0.005097202681049498
4.49,2.3145334129488786,757.2805498591837,0.20452049245137405,0.003940945907629816,145.22556071823237,5.200110796362572,0.0050921779437411736
4.495,2.313833615863932,757.2802579732288,0.20454075939477384,0.0039265077473495755,145.24003438758652,5.190509744532888,0.005087151123910892
4.5,2.313141164997242,757.2799750949101,0.20456095943921082,0.003912117271377994,145.25446216960952,5.180927097321376,0.005082122255854385
4.505,2.3124560877267335,757.2797012352821,0.2045810926462633,0.00389777443532411,145.26884411081684,5.171362862257611,0.0050770913737906535
4.51,2.31177841113869,757.2794364050444,0.20460115907847673,0.0038834791941121122,145.283180257515,5.161817046540646,0.005072058511861646
4.515,2.3111081620267524,757.2791806145416,0.20462115879936355,0.0038692315019812204,145.29747065760725,5.152289657038442,0.005067023704131945
4.5200000000000005,2.31044536689081,757.2789338737621,0.20464109187340465,0.0038550313124847725,145.31171535894092,5.142780700286976,0.005061986984588439
4.525,2.309790051936015,757.2786961923385,0.20466095836604947,0.0038408785784902408,145.32591440818635,5.13329018248973,0.005056948387140008
4.53,2.309142243071701,757.2784675795469,0.20468075834371682,0.0038267732521784707,145.34006785331118,5.123818109516855,0.005051907945617199
4.535,2.308501965910427,757.2782480443068,0.20470049187379466,0.0038127152850439367,145.35417574178024,5.114364486904768,0.0050468656937719064
4.54,2.307869245766902,757.27803759518,0.20472015902464083,0.0037987046278940926,145.36823812194896,5.104929319855361,0.00504182166527705
4.545,2.307244107657061,757.2778362403708,0.20473975986558246,0.0037847412308498274,145.38225504394893,5.095512613235679,0.0050367758937262565
4.55,2.30662657629702,757.2776439877259,0.20475929446691657,0.0037708250433449867,145.3962265585592,5.086114371577199,0.005031728412633535
4.555,2.3060166761021748,757.2774608447338,0.20477876289990923,0.0037569560141269783,145.41015271910433,5.076734599075567,0.005026679255432956
4.5600000000000005,2.3054144311861697,757.2772868185241,0.20479816523679598,0.0037431340912564733,145.42403357867929,5.067373299589963,0.0050216284554783315
4.565,2.304819865360018,757.2771219158678,0.20481750155078088,0.003729359222108166,145.43786919015758,5.058030476642905,0.005016576046042894
4.57,2.3042330021311064,757.2769661431772,0.20483677191603664,0.0037156313533706613,145.45165960703358,5.048706133419676,0.005011522060318977
4.575,2.3036538647023312,757.2768195065047,0.20485597640770328,0.0037019504310473864,145.46540488101746,5.039400272768206,0.005006466531417694
4.58,2.3030824759711273,757.2766820115435,0.20487511510188805,0.0036883164004566627,145.4791050654011,5.030112897198579,0.005001409492368615
4.585,2.3025188585286323,757.2765536636267,0.20489418807566376,0.0036747292062327833,145.4927602144726,5.020844008882973,0.004996350976119454
4.59,2.3019630346587356,757.2764344677277,0.20491319540706848,0.003661188792326243,145.5063703833028,5.011593609655243,0.004991291015535745
4.595,2.30141502633727,757.2763244284594,0.20493213717510367,0.003647695102004984,145.5199356302542,5.002361701010933,0.004986229643400524
4.6000000000000005,2.3008748552310823,757.2762235500745,0.20495101345973382,0.0036342480778547874,145.53345601325395,4.993148284106925,0.004981166892414012
4.605,2.3003425426972504,757.276131836465,0.20496982434188432,0.0036208476617806853,145.54693159096783,4.983953359761524,0.0049761027951933
4.61,2.2998181097821773,757.276049291162,0.20498856990344086,0.003607493795007509,145.56036242225608,4.974776928454175,0.004971037384272023
4.615,2.2993015772208336,757.2759759173364,0.2050072502272473,0.0035941864180814537,145.57374856370188,4.9656189903256145,0.004965970692100055
4.62,2.2987929654358767,757.2759117177972,0.2050258653971044,0.003580925470870809,145.58709007354278,4.956479545177664,0.004960902751043188
4.625,2.2982922945369126,757.2758566949927,0.20504441549776745,0.0035677108925676678,145.60038700990046,4.947358592473445,0.004955833593382818
4.63,2.297799584319646,757.27581085101,0.20506290061494498,0.0035545426216888193,145.61363943216324,4.938256131337245,0.004950763251315632
4.635,2.297314854265165,757.2757741875746,0.20508132083529584,0.0035414205960776174,145.62684740331312,4.929172160554798,0.004945691756953297
4.64,2.296838123539112,757.2757467060511,0.2050996762464282,0.003528344752905029,145.64001098592826,4.920106678573222,0.004940619142322145
4.6450000000000005,2.296369410991,757.2757284074421,0.20511796693689624,0.003515315028671649,145.6531302445701,4.911059683501364,0.004935545439362864
4.65,2.2959087351534033,757.275719292389,0.20513619299619892,0.0035023313592089235,145.66620524347388,4.90203117310981,0.004930470679930192
4.655,2.295456114241299,757.2757193611716,0.20515435451477684,0.0034893936796812964,145.6792360444897,4.893021144831296,0.004925394895792602
4.66,2.2950115661512847,757.2757286137083,0.20517245158401018,0.00347650192458759,145.69222271096936,4.884029595760779,0.0049203181186319965
4.665,2.294575108460944,757.2757470495557,0.20519048429621548,0.003463656027763311,145.70516530474777,4.875056522655923,0.004915240380043409
4.67,2.294146758428089,757.275774667909,0.20520845274464344,0.003450855922382177,145.71806388944051,4.866101921937233,0.004910161711534685
4.675,2.293726532990151,757.2758114676019,0.20522635702347516,0.00343810154095857,145.73091853207512,4.857165789688608,0.0049050821445261955
4.68,2.293314448763449,757.2758574471067,0.2052441972278201,0.0034253928153492133,145.74372929956596,4.848248121657543,0.00490000171035052
4.6850000000000005,2.2929105220426083,757.275912604534,0.20526197345371228,0.0034127296767557653,145.7564962623489,4.839348913255742,0.004894920440252153
4.69,2.2925147687998444,757.2759769376337,0.20527968579810768,0.0034001120557266523,145.7692194898321,4.830468159559393,0.004889838365387207
4.695,2.292127204684407,757.2760504437937,0.2052973343588809,0.0033875398821597838,145.78189904931372,4.82160585530983,0.004884755516823114
4.7,2.2917478450219053,757.2761331200411,0.2053149192348218,0.00337501308530455,145.79453500935438,4.81276199491389,0.004879671925538322
4.705,2.291376704813774,757.276224963042,0.2053324405256319,0.0033625315937646817,145.80712743550825,4.803936572444642,0.00487458762242201
4.71,2.29101379873661,757.2763259691014,0.20534989833192102,0.0033500953355003736,145.81967639560654,4.795129581641794,0.004869502638273789
4.715,2.290659141141673,757.2764361341639,0.20536729275520285,0.0033377042378312863,145.83218196028162,4.786341015912487,0.004864417003803416
4.72,2.290312746054248,757.2765554538131,0.20538462389789214,0.0033253582274388135,145.84464420040112,4.77757086833177,0.004859330749630497
4.7250000000000005,2.289974627173167,757.2766839232722,0.20540189186329977,0.003313057230369209,145.85706319171786,4.7688191316434505,0.00485424390628421
4.73,2.2896447978702024,757.2768215374043,0.2054190967556299,0.0033008011720360043,145.86943900863693,4.760085798260638,0.004849156504203011
4.735,2.2893232711896108,757.2769682907125,0.2054362386799753,0.003288589977223251,145.8817717245484,4.751370860266657,0.004844068573734356
4.74,2.2890100598475525,757.2771241773398,0.20545331774231373,0.003276423570088079,145.89406141337244,4.742674309415641,0.004838980145134412
4.745,2.288705176231665,757.2772891910697,0.20547033404950352,0.0032643018741640734,145.90630814454912,4.733996137133513,0.004833891248567785
4.75,2.288408632400505,757.2774633253264,0.20548728770927915,0.0032522248123639606,145.91851199014582,4.725336334518647,0.004828801914107234
4.755,2.2881204400831465,757.2776465731747,0.20550417883024652,0.00324019230698311,145.9306730234886,4.716694892342901,0.004823712171733407
4.76,2.287840610678654,757.2778389273211,0.2055210075218789,0.0032282042797023526,145.94279131889758,4.708071801052335,0.004818622051334551
4.765,2.2875691552557007,757.2780403801129,0.20553777389451156,0.003216260651591597,145.95486695688567,4.699467050768304,0.004813531582706256
4.7700000000000005,2.28730608455207,757.2782509235393,0.20555447805933807,0.0032043613431127806,145.96690001632837,4.690880631288238,0.004808440795551174
4.775,2.2870514089743,757.278470549232,0.20557112012840492,0.0031925062741236057,145.97889057700394,4.682312532086794,0.004803349719478762
4.78,2.286805138597211,757.2786992484645,0.20558770021460732,0.003180695363880609,145.99083871760638,4.673762742316688,0.004798258384005005
4.785,2.286567283163577,757.2789370121533,0.2056042184316842,0.0031689285310430074,146.00274451027542,4.665231250809904,0.004793166818552166
4.79,2.286337852083644,757.2791838308578,0.20562067489421304,0.0031572056936757624,146.0146080309075,4.656718046078519,0.004788075052448508
4.795,2.286116854434901,757.2794396947811,0.20563706971760395,0.0031455267692538304,146.0264293602302,4.648223116316106,0.004782983114928061
4.8,2.285904298961636,757.2797045937697,0.2056534030180952,0.0031338916746654405,146.03820857949407,4.639746449398663,0.004777891035130348
4.805,2.285700194074617,757.2799785173146,0.2056696749127478,0.0031223003262159012,146.0499457719667,4.631288032885806,0.0047727988421001405
4.8100000000000005,2.285504547850746,757.2802614545516,0.20568588551944067,0.003110752639631291,146.06164101784947,4.622847854021896,0.004767706564787198
4.815,2.285317368032755,757.2805533942611,0.2057020349568651,0.0030992485300623657,146.07329439676755,4.614425899737283,0.0047626142320460335
4.82,2.285138662028907,757.2808543248694,0.20571812334451883,0.003087787912088445,146.08490598947907,4.606022156649523,0.004757521872635655
4.825,2.284968436912681,757.2811642344485,0.20573415080270102,0.003076370699721242,146.0964758767379,4.597636611064585,0.00475242951521933
4.83,2.284806699422539,757.281483110717,0.20575011745250602,0.003064996806409044,146.10800414240157,4.589269248978219,0.004747337188364341
4.835,2.284653455961603,757.2818109410399,0.20576602341581796,0.0030536661450404844,146.11949087286231,4.58092005607713,0.004742244920541748
4.84,2.2845087125974635,757.2821477124303,0.20578186881530527,0.003042378627948894,146.13093615125416,4.5725890177404365,0.004737152740126156
4.845,2.2843724750619043,757.2824934115487,0.20579765377441472,0.0030311341669162785,146.1423400608022,4.5642761190409376,0.00473206067539548
4.8500000000000005,2.284244748750708,757.2828480247041,0.2058133784173653,0.003019932673177609,146.1537026858754,4.555981344746548,0.004726968754530717
4.855,2.284125538723434,757.2832115378545,0.2058290428691423,0.0030087740574250487,146.16502411032525,4.5477046793216935,0.004721877005615724
4.86,2.284014849703226,757.2835839366077,0.20584464725549137,0.0029976582298122073,146.17630441969672,4.53944610692872,0.004716785456636987
4.865,2.2839126860766217,757.2839652062208,0.2058601917029121,0.002986585099958481,146.18754370122386,4.531205611429353,0.004711694135483403
4.87,2.2838190518933907,757.2843553316025,0.20587567633865217,0.002975554576953435,146.19874204214463,4.5229831763861705,0.004706603069946061
4.875,2.283733950866355,757.2847542973119,0.20589110129070112,0.00296456656936116,146.2098995314057,4.51477878506407,0.004701512287718025
4.88,2.283657386371274,757.2851620875608,0.205906466687784,0.002953620985224818,146.22101625687583,4.506592420431833,0.004696421816394124
4.885,2.2835893614466793,757.2855786862126,0.20592177265935516,0.002942717732071052,146.23209230580235,4.498424065163611,0.004691331683470739
4.89,2.283529878793796,757.2860040767843,0.20593701933559164,0.0029318567169146314,146.24312776614457,4.49027370164055,0.004686241916345602
4.8950000000000005,2.2834789407764053,757.2864382424466,0.20595220684738696,0.0029210378462629603,146.25412272489766,4.482141311952326,0.0046811525423175815
4.9,2.2834365494207773,757.2868811660245,0.20596733532634423,0.0029102610261207817,146.2650772706336,4.474026877898787,0.0046760635885865
4.905,2.28340270641557,757.2873328299983,0.20598240490476977,0.00289952616199478,146.2759914929567,4.465930380991543,0.004670975082252921
4.91,2.283377413111797,757.2877932165036,0.20599741571566627,0.0028888331588983462,146.28686548255382,4.457851802455668,0.004665887050317959
4.915,2.2833606705227476,757.288262307333,0.20601236789272623,0.0028781819213562674,146.2976993324053,4.449791123231328,0.00466079951968309
4.92,2.283352479323972,757.2887400839359,0.20602726157032536,0.002867572353409557,146.3084931343913,4.441748323975495,0.0046557125171499646
4.925,2.2833528398532326,757.2892265274199,0.20604209688351569,0.002857004358620213,146.31924698066427,4.433723385063633,0.0046506260694202176
4.93,2.2833617521105185,757.2897216185511,0.2060568739680188,0.0028464778400761315,146.32996096285433,4.42571628659145,0.00464554020309529
4.9350000000000005,2.2833792157580204,757.290225337755,0.20607159296021915,0.0028359927003959243,146.34063517085676,4.417727008376613,0.004640454944676249
4.94,2.283405230120174,757.2907376651175,0.20608625399715663,0.0028255488417339085,146.3512696964861,4.409755529960558,0.004635370320563618
4.945,2.283439794183661,757.291258580385,0.2061008572165199,0.0028151461657849918,146.36186463164614,4.401801830610227,0.0046302863570571945
4.95,2.283482906597478,757.2917880629662,0.2061154027566392,0.00280478457378971,146.37242006997204,4.3938658893199145,0.00462520308035589
4.955,2.283534565672969,757.292326091932,0.20612989075647914,0.0027944639665391947,146.3829361077704,4.385947684813057,0.004620120516557558
4.96,2.283594769383914,757.2928726460169,0.206144321355632,0.0027841842443802572,146.39341284032932,4.378047195544099,0.00461503869165884
4.965,2.2836635153665923,757.2934277036194,0.20615869469431028,0.0027739453072204174,146.40385036412107,4.370164399700319,0.0046099576315549945
4.97,2.283740800919899,757.2939912428033,0.20617301091333987,0.0027637470545330434,146.41424877423097,4.362299275203735,0.004604877362039754
4.9750000000000005,2.2838266230054285,757.2945632412981,0.2061872701541527,0.0027535893853624354,146.424608163772,4.354451799712956,0.004599797908805163
4.98,2.283920978247623,757.2951436765004,0.20620147255877927,0.0027434721983290245,146.43492862740695,4.346621950625128,0.004594719297441437
4.985,2.284023862933882,757.2957325254744,0.2062156182698416,0.0027333953916345017,146.44521025880323,4.338809705077811,0.004589641553436809
4.99,2.284135273014735,757.2963297649527,0.20622970743054564,0.002723358863067064,146.45545315416499,4.331015039950953,0.004584564702177393
4.995,2.2842552041039794,757.2969353713378,0.2062437401846737,0.0027133625100066046,146.4656574123526,4.323237931868808,0.0045794887689470445
5.0,2.28438365147888,757.2975493207023,0.20625771667657752,0.0027034062294299926,146.47582313171296,4.3154783572019335,0.004574413778927225
5.005,2.2845206100803326,757.2981715887903,0.20627163705117055,0.002693489917916312,146.4859504128945,4.307736292069143,0.004569339757196867
5.01,2.2846660745130913,757.2988021510184,0.2062855014539208,0.0026836134716521818,146.49603935430554,4.300011712339522,0.004564266728732252
5.015,2.284820039045957,757.2994409824762,0.20629931003084334,0.0026737767864370397,146.50609005254336,4.292304593634416,0.004559194718406878
5.0200000000000005,2.284982497612031,757.3000880579276,0.2063130629284926,0.002663979757688497,146.51610260495414,4.28461491132947,0.004554123750991348
5.025,2.2851534438089307,757.3007433518122,0.20632676029395514,0.002654222280447668,146.5260771066093,4.276942640556646,0.004549053851153241
5.03,2.2853328708990706,757.3014068382455,0.20634040227484146,0.0026445042493845536,146.53601365582034,4.269287756206283,0.004543985043457005
5.035,2.2855207718099027,757.3020784910203,0.2063539890192787,0.002634825558803405,146.54591235304184,4.261650232929141,0.004538917352363844
5.04,2.285717139134227,757.3027582836079,0.20636752067590308,0.0026251861026481433,146.55577329914377,4.254030045138492,0.004533850802231611
5.045,2.285921965130457,757.3034461891589,0.206380997393852,0.002615585774507754,146.5655965985138,4.246427167012184,0.004528785417314703
5.05,2.2861352417229495,757.3041421805042,0.20639441932275696,0.0026060244676217323,146.57538235178998,4.238841572494738,0.004523721221763965
5.055,2.2863569605022986,757.3048462301565,0.20640778661273584,0.002596502074885507,146.58513065783208,4.231273235299439,0.004518658239626587
5.0600000000000005,2.2865871127257043,757.3055583103107,0.20642109941438475,0.0025870184888559093,146.59484161790206,4.223722128910486,0.004513596494846016
5.065,2.2868256893172894,757.3062783928458,0.2064343578787707,0.0025775736017566277,146.60451533146076,4.216188226585096,0.0045085360112618635
5.07,2.2870726808684814,757.3070064493251,0.20644756215742371,0.0025681673054836897,146.61415189913333,4.208671501355638,0.004503476812609822
5.075,2.2873280776383655,757.3077424509981,0.206460712402329,0.0025587994916109417,146.62375142265884,4.201171926031781,0.004498418922521578
5.08,2.2875918695540927,757.3084863688013,0.20647380876591928,0.002549470051395552,146.6333140044322,4.19368947320265,0.004493362364524742
5.085,2.287864046211257,757.3092381733592,0.20648685140106698,0.002540178875783508,146.6428397490579,4.186224115238981,0.004488307162042761
5.09,2.2881445968743237,757.309997834986,0.20649984046107667,0.002530925855415132,146.65232875923743,4.178775824295289,0.004483253338394859
5.095,2.2884335104770317,757.3107653236857,0.20651277609967725,0.0025217108806305953,146.66178113724698,4.171344572312042,0.004478200916795964
5.1000000000000005,2.2887307756228696,757.3115406091547,0.20652565847101406,0.0025125338414754405,146.6711969854348,4.163930331017872,0.004473149920356638
5.105,2.289036380585494,757.3123236607819,0.20653848772964126,0.0025033946277061153,146.6805764043889,4.156533071931764,0.004468100372083028
5.11,2.289350313309213,757.3131144476503,0.20655126403051377,0.002494293128795499,146.68991949732666,4.149152766365225,0.004463052294876798
5.115,2.289672561409441,757.3139129385381,0.20656398752897942,0.002485229233938446,146.69922636865542,4.141789385424505,0.004458005711535081
5.12,2.2900031121732254,757.3147191019203,0.20657665838077133,0.002476202832057318,146.70849712310158,4.13444290001285,0.004452960644750432
5.125,2.290341952559717,757.3155329059693,0.2065892767419999,0.002467213811807529,146.71773186777685,4.127113280832694,0.004447917117110769
5.13,2.2906890692007047,757.3163543185567,0.20660184276914534,0.002458262061583086,146.72693070764026,4.119800498387861,0.0044428751510993455
5.135,2.2910444484011236,757.3171833072543,0.20661435661904978,0.0024493474695221366,146.73609374685034,4.1125045229858195,0.0044378347690947045
5.14,2.29140807613963,757.3180198393352,0.20662681844890937,0.0024404699235124998,146.74522108920567,4.105225324739934,0.00443279599337064
5.1450000000000005,2.291779938069127,757.318863881776,0.2066392284162667,0.0024316293111972167,146.7543128360246,4.0979628735716975,0.00442775884609617
5.15,2.2921600195173473,757.3197154012566,0.2066515866790025,0.0024228255199800893,146.76336909190132,4.090717139212951,0.004422723349335509
5.155,2.2925483054874176,757.320574364163,0.20666389339532798,0.00241405843703122,146.77238996278314,4.083488091208147,0.004417689525048038
5.16,2.2929447806584813,757.3214407365875,0.20667614872377715,0.0024053279492925305,146.78137555523145,4.0762756989166276,0.004412657395088286
5.165,2.2933494293862755,757.3223144843307,0.20668835282319872,0.002396633943483309,146.79032597909261,4.069079931514871,0.004407626981205915
5.17,2.2937622357037672,757.3231955729025,0.20670050585274902,0.00238797630610572,146.79924133994524,4.061900757998724,0.004402598305045702
5.175,2.294183183321767,757.3240839675238,0.20671260797188387,0.002379354923450343,146.8081217414203,4.054738147185676,0.004397571388147533
5.18,2.2946122556296,757.3249796331277,0.2067246593403506,0.0023707696816016566,146.81696729004472,4.0475920677171535,0.004392546251946391
5.1850000000000005,2.2950494356957365,757.3258825343603,0.20673666011818057,0.0023622204664435716,146.82577809089895,4.040462488060766,0.004387522917772357
5.19,2.2954947062684843,757.326792635583,0.2067486104656812,0.002353707163664911,146.83455424994568,4.033349376512579,0.004382501406850613
5.195,2.295948049776649,757.327709900874,0.20676051054342812,0.002345229658764914,146.84329587453158,4.026252701199384,0.0043774817403014355
5.2,2.2964094483302517,757.3286342940283,0.20677236051225786,0.0023367878370587,146.85200307171928,4.019172430080973,0.004372463939140215
5.205,2.29687888372121,757.3295657785609,0.20678416053325974,0.002328381583682764,146.86067594993398,4.012108530952404,0.004367448024277461
5.21,2.2973563374240853,757.3305043177066,0.20679591076776838,0.002320010783600407,146.86931461642712,4.005060971446286,0.004362434016518815
5.215,2.29784179059679,757.3314498744229,0.20680761137735615,0.00231167532160722,146.87791917774496,3.9980297190350456,0.004357421936565073
5.22,2.2983352240813564,757.3324024113907,0.20681926252382524,0.0023033750823364873,146.88648974064816,3.9910147410332084,0.004352411805012208
5.2250000000000005,2.2988366184046742,757.3333618910156,0.20683086436920026,0.002295109950264643,146.89502641067713,3.9840160045996753,0.004347403642351388
5.23,2.2993459537792735,757.3343282754297,0.20684241707572038,0.002286879809716664,146.90352929479923,3.9770334767399813,0.0043423974689690125
5.235,2.2998632101040886,757.3353015264933,0.2068539208058317,0.0022786845448714904,146.91199850070103,3.970067124308572,0.004337393305146742
5.24,2.300388366965283,757.3362816057958,0.20686537572217972,0.0022705240397673772,146.92043413677553,3.963116914011099,0.004332391171061532
5.245,2.3009214036370307,757.3372684746578,0.2068767819876017,0.0022623981783073017,146.92883631334175,3.956182812406684,0.004327391086785673
5.25,2.301462299082349,757.3382620941323,0.20688813976511933,0.002254306844264288,146.93720513856908,3.949264785910155,0.004322393072286835
5.255,2.3020110319539127,757.3392624250063,0.20689944921793116,0.0022462499212867804,146.9455407199081,3.9423628007943385,0.004317397147428114
5.26,2.302567580594927,757.3402694278022,0.2069107105094051,0.0022382272929039196,146.9538431647131,3.935476823192336,0.004312403331968075
5.265,2.3031319230399565,757.3412830627798,0.2069219238030709,0.0022302388425308943,146.9621125783384,3.928606819099781,0.004307411645560815
5.2700000000000005,2.303704037015809,757.3423032899371,0.2069330892626126,0.0022222844534741915,146.97034906848128,3.9217527543770694,0.004302422107756012
5.275,2.3042838999423974,757.343330069013,0.2069442070518611,0.0022143640089369093,146.97855274380055,3.9149145947516395,0.004297434737998987
5.28,2.3048714889336614,757.3443633594875,0.20695527733478664,0.0022064773920239507,146.98672371341738,3.908092305820234,0.004292449555630768
5.285,2.305466780798446,757.3454031205844,0.2069663002754916,0.002198624485747309,146.99486208891705,3.901285853051149,0.004287466579888156
5.29,2.3060697520414326,757.3464493112725,0.2069772760382033,0.0021908051730312344,147.00296797912299,3.894495201786448,0.004282485829903794
5.295,2.3066803788640495,757.3475018902673,0.2069882047872666,0.00218301933671747,147.0110414918061,3.887720317244227,0.00427750732470624
5.3,2.3072986371654416,757.3485608160322,0.20699908668713662,0.002175266859570367,147.01908273441182,3.8809611645208637,0.0042725310832200485
5.305,2.307924502543397,757.3496260467808,0.2070099219023716,0.002167547624282084,147.0270918116194,3.8742177085932474,0.004267557124265841
5.3100000000000005,2.308557950295326,757.3506975404781,0.2070207105976253,0.0021598615134776704,147.0350688312897,3.8674899143209744,0.004262585466560398
5.315,2.309198955419217,757.3517752548423,0.20703145293763983,0.00215220840972022,147.04301390255281,3.8607777464485995,0.004257616128716743
5.32,2.3098474926146557,757.3528591473467,0.20704214908723867,0.002144588195515888,147.05092713481912,3.854081169607851,0.004252649129244229
5.325,2.310503536283798,757.3539491752207,0.2070527992113193,0.0021370007533190087,147.0588086405879,3.8474001483198506,0.0042476844865486345
5.33,2.3111670605323997,757.355045295452,0.20706340347484656,0.002129445965537074,147.06665852945886,3.8407346469973,0.004242722218932261
5.335,2.3118380391708224,757.3561474647883,0.2070739620428454,0.0021219237145357925,147.07447691008272,3.8340846299467026,0.004237762344594028
5.34,2.3125164457150866,757.3572556397389,0.20708447508039388,0.0021144338826440214,147.08226389012773,3.8274500613705373,0.004232804881629578
5.345,2.3132022533878978,757.3583697765763,0.20709494275261645,0.0021069763521587796,147.09001957370424,3.8208309053694616,0.004227849848031386
5.3500000000000005,2.313895435119726,757.3594898313382,0.20710536522467626,0.00209955100535012,147.09774406877054,3.8142271259444773,0.0042228972616888604
5.355,2.314595963549853,757.3606157598289,0.20711574266176866,0.0020921577244661024,147.10543748435137,3.807638686999124,0.0042179471403884635
5.36,2.315303811027476,757.3617475176212,0.20712607522911436,0.0020847963917376,147.11309992812895,3.8010655523416275,0.004212999501813821
5.365,2.3160189496127788,757.3628850600581,0.20713636309195235,0.002077466889383219,147.12073150996807,3.794507685687078,0.00420805436354584
5.37,2.3167413510780532,757.3640283422548,0.2071466064155333,0.0020701690996140667,147.12833233961715,3.787965050659557,0.0042031117430628385
5.375,2.3174709869087917,757.3651773191,0.20715680536511275,0.002062902904638607,147.1359025273429,3.781437610794301,0.004198171657740655
5.38,2.3182078283048444,757.3663319452579,0.20716696010594451,0.0020556681866673587,147.14344218186682,3.7749253295398346,0.004193234124852793
5.385,2.318951846181531,757.3674921751706,0.20717707080327402,0.002048464827917703,147.15095141003155,3.7684281702601092,0.004188299161570538
5.39,2.319703011170807,757.3686579630586,0.20718713762233157,0.0020412927106185324,147.1584303192688,3.7619460962365996,0.004183366784963099
5.3950000000000005,2.3204612936224103,757.3698292629235,0.20719716072832575,0.002034151717014991,147.16587901550494,3.7554790706704395,0.0041784370119977415
5.4,2.3212266636050463,757.3710060285499,0.20720714028643672,0.002027041729373071,147.17329760647553,3.7490270566845023,0.00417350985953993
5.405,2.3219990909075507,757.3721882135068,0.2072170764618097,0.00201996262998429,147.18068620147616,3.7425900173255107,0.004168585344353465
5.41,2.3227785450401077,757.3733757711493,0.20722696941954863,0.0020129143011702218,147.18804490937566,3.7361679155661043,0.004163663483100632
5.415,2.323564995235427,757.374568654621,0.20723681932470955,0.00200589662528712,147.19537384089412,3.729760714306936,0.0041587442923423515
5.42,2.324358410449986,757.3757668168554,0.20724662634229465,0.001998909484730382,147.20267310448446,3.723368376378715,0.004153827788538325
5.425,2.325158759365231,757.3769702105781,0.20725639063724566,0.001991952761939113,147.20994280712765,3.716990864544288,0.0041489139880471915
5.43,2.3259660103888398,757.3781787883081,0.2072661123744376,0.0019850263394005224,147.2171830556861,3.710628141500663,0.004144002907126687
5.4350000000000005,2.3267801316559455,757.3793925023604,0.2072757917186727,0.0019781300996544247,147.22439395456496,3.704280169881067,0.004139094561933798
5.44,2.3276010910304135,757.380611304847,0.20728542883467374,0.001971263925297587,147.23157561038727,3.697946912256947,0.004134188968524932
5.445,2.32842885610609,757.3818351476799,0.20729502388707804,0.001964427698988152,147.23872813068826,3.691628331140003,0.004129286142856071
5.45,2.3292633942081107,757.3830639825721,0.2073045770404315,0.001957621303449909,147.24585162357738,3.6853243889841876,0.00412438610078295
5.455,2.330104672394164,757.3842977610395,0.20731408845918214,0.0019508446214766657,147.25294619994776,3.6790350481877128,0.004119488858061223
5.46,2.3309526574558146,757.3855364344035,0.20732355830767463,0.0019440975359364507,147.26001196807323,3.6727602710950125,0.004114594430346636
5.465,2.3318073159197943,757.3867799537923,0.2073329867501441,0.0019373799297758181,147.26704903561404,3.6665000199987428,0.0041097028331952045
5.47,2.3326686140493442,757.3880282701427,0.2073423739507104,0.001930691686023981,147.27405750887405,3.660254257141714,0.004104814082063388
5.4750000000000005,2.333536517845527,757.3892813342032,0.20735172007337208,0.0019240326877970483,147.2810374907092,3.654022944718868,0.004099928192308278
5.48,2.3344109930485892,757.3905390965342,0.2073610252820005,0.001917402818302095,147.28798908640346,3.647806044879196,0.004095045179187777
5.485,2.335292005139295,757.3918015075114,0.20737028974033397,0.0019108019608413264,147.29491240098557,3.641603519727686,0.004090165057860781
5.49,2.3361795193403085,757.3930685173269,0.20737951361197202,0.0019042299988160745,147.30180754125982,3.6354153313272186,0.004085287843387377
5.495,2.337073500617549,757.3943400759914,0.20738869706036944,0.0018976868157308997,147.3086746175752,3.6292414417004957,0.004080413550729029
5.5,2.337973913681593,757.3956161333365,0.20739784024883126,0.0018911722951975149,147.31551373769207,3.6230818128319098,0.0040755421947487715
5.505,2.338880722989049,757.3968966390161,0.20740694334050683,0.0018846863209388152,147.3223250101268,3.616936406669449,0.004070673790211407
5.51,2.3397938927439825,757.3981815425087,0.20741600649838451,0.0018782287767927317,147.32910854062584,3.6108051851265426,0.004065808351783706
5.515,2.3407133868993055,757.3994707931196,0.2074250298852864,0.001871799546716192,147.3358644308762,3.6046881100839396,0.004060945894034605
5.5200000000000005,2.3416391691582237,757.4007643399823,0.2074340136638624,0.001865398514788901,147.34259278460613,3.5985851433915306,0.004056086431435412
5.525,2.3425712029756496,757.4020621320611,0.207442957996585,0.0018590255652172348,147.34929370359072,3.592496246870208,0.004051229978360014
5.53,2.3435094515596635,757.4033641181528,0.20745186304574367,0.0018526805823379441,147.35596729376584,3.586421382313652,0.0040463765490850795
5.535,2.34445387787295,757.4046702468886,0.20746072897343953,0.0018463634506219763,147.36261366566686,3.580360511490171,0.004041526157790273
5.54,2.345404444634247,757.4059804667365,0.20746955594158048,0.001840074054678216,147.3692329262305,3.5743135961445027,0.004036678818558465
5.545,2.346361114319877,757.407294726003,0.20747834411187635,0.0018338122792569596,147.3758251790042,3.5682805979995296,0.004031834545375953
5.55,2.347323849165188,757.4086129728353,0.20748709364583345,0.0018275780092536847,147.382390526551,3.5622614787580935,0.0040269933521326785
5.555,2.3482926111660514,757.4099351552233,0.20749580470474957,0.001821371129712643,147.38892907104466,3.5562562001047486,0.004022155252622441
5.5600000000000005,2.3492673620803477,757.4112612210016,0.20750447744970837,0.0018151915258304563,147.39544091705298,3.5502647237075147,0.004017320260543118
5.565,2.3502480634294933,757.4125911178517,0.2075131120415749,0.0018090390829596078,147.40192617079694,3.544287011219595,0.004012488389496897
5.57,2.3512346764999466,757.4139247933037,0.20752170864099057,0.0018029136866119584,147.40838493766952,3.5383230242811043,0.0040076596529904935
5.575,2.3522271623447435,757.415262194739,0.20753026740836836,0.001796815222462184,147.41481732151777,3.53237272452076,0.004002834064435378
5.58,2.35322548178505,757.4166032693914,0.20753878850388835,0.0017907435763511398,147.42122342343106,3.526436073557564,0.003998011637148017
5.585,2.354229595411692,757.4179479643506,0.20754727208749238,0.0017846986342892944,147.42760334596449,3.520513033002491,0.003993192384350096
5.59,2.355239463586715,757.4192962265626,0.20755571831887945,0.0017786802824600648,147.433957192229,3.5146035644601508,0.003988376319168757
5.595,2.3562550464449563,757.420648002833,0.20756412735750115,0.0017726884072230924,147.4402850668089,3.5087076295304294,0.0039835634546368315
5.6000000000000005,2.357276303895612,757.422003239829,0.2075724993625571,0.0017667228951175323,147.4465870728428,3.502825189810131,0.003978753803693084
5.605,2.358303195623813,757.4233618840807,0.20758083449299025,0.0017607836328653156,147.45286331297174,3.496956206894612,0.003973947379182447
5.61,2.3593356810922375,757.4247238819839,0.2075891329074828,0.0017548705073742676,147.45911388776423,3.491100642379364,0.003969144193856264
5.615,2.360373719542696,757.4260891798023,0.20759739476445122,0.0017489834057413001,147.46533889916202,3.4852584578616175,0.0039643442603725385
5.62,2.3614172699977396,757.427457723669,0.20760562022204207,0.001743122215255566,147.47153844879188,3.4794296149419406,0.003959547591296168
5.625,2.3624662912622916,757.4288294595893,0.2076138094381276,0.0017372868234014648,147.4777126396403,3.473614075225777,0.003954754199099205
5.63,2.363520741925266,757.4302043334422,0.20762196257030155,0.0017314771178617203,147.48386157320257,3.467811800325011,0.0039499640961610984
5.635,2.364580580361194,757.4315822909831,0.20763007977587486,0.0017256929865204303,147.4899853508604,3.462022751859521,0.003945177294768946
5.64,2.365645764731884,757.4329632778453,0.2076381612118716,0.0017199343174659576,147.49608407241192,3.4562468914586804,0.003940393807117749
5.6450000000000005,2.3667162529880685,757.4343472395427,0.20764620703502468,0.001714200998993891,147.50215783860205,3.4504841807628717,0.0039356136453106635
5.65,2.3677920028710506,757.435734121472,0.2076542174017717,0.0017084929196099887,147.50820674982134,3.4447345814250125,0.003930836821359263
5.655,2.3688729719143966,757.4371238689141,0.20766219246825118,0.0017028099680329483,147.51423090723583,3.4389980551119965,0.003926063347183788
5.66,2.369959117445612,757.4385164270373,0.20767013239029847,0.0016971520331972017,147.52023041056063,3.4332745635061546,0.0039212932346134165
5.665,2.3710503965877763,757.4399117408983,0.2076780373234415,0.0016915190042559474,147.5262053606019,3.4275640683068076,0.003916526495386508
5.67,2.3721467662613365,757.4413097554453,0.20768590742289775,0.0016859107705834327,147.53215585595197,3.421866531231528,0.003911763141150893
5.675,2.373248183185652,757.44271041552,0.20769374284356915,0.0016803272217783658,147.53808199621636,3.4161819140178356,0.003907003183464098
5.68,2.374354603880905,757.444113665859,0.20770154374003988,0.001674768247665682,147.54398387939548,3.4105101784242637,0.0039022466337936624
5.6850000000000005,2.3754659846695985,757.4455194510975,0.20770931026657102,0.0016692337383001743,147.5498616035942,3.4048512862321374,0.00389749350351735
5.69,2.3765822816784956,757.4469277157698,0.20771704257709836,0.0016637235839680727,147.55571526842104,3.3992051992465626,0.003892743803923473
5.695,2.377703450840157,757.4483384043125,0.2077247408252274,0.0016582376751905494,147.56154497288782,3.3935718792981637,0.003887997546211113
5.7,2.378829447894866,757.4497514610664,0.2077324051642312,0.0016527759027253736,147.56735081532344,3.387951288244105,0.0038832547414904372
5.705,2.379960228392204,757.4511668302787,0.20774003574704555,0.0016473381575701892,147.57313289484782,3.3823433879697338,0.0038785154007829332
5.71,2.381095747692957,757.4525844561055,0.20774763272626684,0.0016419243309642535,147.578891308041,3.3767481403896333,0.0038737795350217174
5.715,2.3822359609707373,757.4540042826131,0.20775519625414743,0.0016365343143915408,147.58462615162324,3.3711655074492013,0.003869047155051779
5.72,2.383380823213891,757.4554262537816,0.20776272648259328,0.0016311679995824316,147.59033752216342,3.3655954511256794,0.0038643182716302875
5.7250000000000005,2.384530289227132,757.4568503135058,0.20777022356315974,0.001625825278516769,147.59602551484082,3.3600379334297164,0.0038595928954268414
5.73,2.385684313633475,757.4582764055979,0.20777768764704915,0.0016205060434254183,147.60169022715274,3.3544929164063477,0.0038548710370237813
5.735,2.3868428508758774,757.45970447379,0.2077851188851067,0.0016152101867932971,147.6073317556759,3.348960362136546,0.003850152706916436
5.74,2.388005855219191,757.4611344617359,0.2077925174278183,0.0016099376013608347,147.61295019710758,3.343440232738161,0.003845437915513437
5.745,2.389173280751815,757.4625663130138,0.20779988342530642,0.0016046881801269355,147.6185456490285,3.3379324903674457,0.0038407266731369754
5.75,2.390345081387659,757.4639999711275,0.20780721702732835,0.0015994618163503887,147.62411820592308,3.332437097219978,0.003836018990023112
5.755,2.391521210867818,757.46543537951,0.2078145183832719,0.0015942584035527306,147.62966796299617,3.3269540155321433,0.0038313148763220377
5.76,2.3927016227625386,757.4668724815248,0.2078217876421535,0.0015890778355196116,147.6351950143692,3.3214832075820384,0.003826614342098386
5.765,2.3938862704729154,757.4683112204682,0.2078290249526145,0.0015839200063035711,147.64069945276566,3.3160246356909235,0.003821917397331497
5.7700000000000005,2.3950751072328624,757.469751539572,0.20783623046291888,0.0015787848102253468,147.64618137290555,3.3105782622240953,0.003817224051915728
5.775,2.3962680861108265,757.4711933820056,0.20784340432094986,0.001573672141876575,147.6516408680626,3.305144049592318,0.0038125343156607257
5.78,2.397465160011783,757.4726366908774,0.20785054667420777,0.0015685818961210095,147.65707803335218,3.2997219602526564,0.0038078481982917354
5.785,2.39866628167895,757.4740814092384,0.20785765766980657,0.0015635139680971724,147.66249296420125,3.294311956709885,0.0038031657094498746
5.79,2.3998714036957947,757.4755274800833,0.20786473745447243,0.0015584682532195065,147.6678857535123,3.288914001517298,0.0037984868586924455
5.795,2.4010804784877715,757.4769748463535,0.20787178617453964,0.0015534446471809403,147.6732564956051,3.2835280572780823,0.0037938116554932116
5.8,2.4022934583243294,757.4784234509392,0.20787880397594957,0.001548443045953992,147.67860528153227,3.2781540866461043,0.0037891401092427094
5.805,2.4035102953206695,757.479873236681,0.20788579100424692,0.0015434633457932496,147.68393220178913,3.2727920523272536,0.0037844722292485282
5.8100000000000005,2.404730941439763,757.4813241463733,0.2078927474045781,0.0015385054432364177,147.68923734845956,3.2674419170802036,0.0037798080247356245
5.815,2.4059553484941185,757.4827761227651,0.20789967332168813,0.0015335692351067282,147.69452081134003,3.2621036437177287,0.0037751475048466024
5.82,2.4071834681478146,757.484229108564,0.2079065688999187,0.0015286546185139162,147.69978268367626,3.2567771951074325,0.0037704906786420298
5.825,2.4084152519182807,757.4856830464369,0.2079134342832054,0.0015237614908565622,147.70502305827156,3.2514625341730388,0.00376583755510072
5.83,2.409650651178336,757.487137879013,0.20792026961507631,0.0015188897498230086,147.71024202631756,3.246159623895099,0.0037611881431200496
5.835,2.410889617157988,757.4885935488858,0.20792707503864863,0.0015140392933936275,147.71543968089316,3.2408684273122486,0.003756542451516245
5.84,2.4121321009464762,757.4900499986159,0.20793385069662781,0.0015092100198416788,147.72061611032552,3.2355889075218887,0.003751900489024697
5.845,2.413378053494087,757.4915071707326,0.2079405967313044,0.0015044018277355047,147.7257714032541,3.2303210276814176,0.00374726226430025
5.8500000000000005,2.414627425614207,757.4929650077364,0.20794731328455263,0.0014996146159393317,147.73090564857486,3.225064751008884,0.0037426277859175195
5.855,2.4158801679851463,757.4944234521016,0.20795400049782767,0.0014948482836153942,147.73601893256625,3.2198200407841946,0.0037379970623711845
5.86,2.4171362311522047,757.4958824462776,0.20796065851216416,0.0014901027302246766,147.74111134630266,3.2145868603497356,0.0037333701020763007
5.865,2.418395565529509,757.4973419326926,0.20796728746817372,0.0014853778555289656,147.74618297939813,3.209365173111553,0.0037287469133685954
5.87,2.419658121402082,757.4988018537546,0.20797388750604381,0.0014806735595915398,147.751233921584,3.204154942539957,0.0037241275045047885
5.875,2.4209238489276967,757.5002621518543,0.20798045876553484,0.0014759897427791473,147.75626426464362,3.1989561321706668,0.003719511883662881
5.88,2.422192698138951,757.5017227693672,0.20798700138597984,0.001471326305762642,147.7612740944288,3.1937687056053914,0.0037149000589424813
5.885,2.423464618945135,757.503183648656,0.2079935155062812,0.0014666831495188913,147.76626349826375,3.188592626512947,0.0037102920383650924
5.89,2.424739561134314,757.5046447320726,0.2080000012649102,0.0014620601753313586,147.77123256153558,3.1834278586298175,0.00370568782987444
5.8950000000000005,2.426017474375206,757.5061059619608,0.20800645879990434,0.0014574572847919397,147.7761813670461,3.1782743657612373,0.003701087441336763
5.9,2.4272983082192714,757.5075672806581,0.20801288824886607,0.0014528743798014982,147.78111000325544,3.173132111781733,0.0036964908805411406
5.905,2.4285820121026065,757.5090286304982,0.2080192897489609,0.001448311362571627,147.78601855585342,3.168001060636177,0.0036918981551997817
5.91,2.429868535348036,757.5104899538132,0.2080256634369162,0.0014437681356251305,147.79090711332634,3.162881176340303,0.003687309272948355
5.915,2.4311578271670182,757.5119511929363,0.20803200944901912,0.001439244601797725,147.7957757658046,3.1577724229817363,0.0036827242413462824
5.92,2.432449836661744,757.5134122902032,0.2080383279211165,0.0014347406642384703,147.8006245954803,3.1526747647204894,0.003678143067877062
5.925,2.4337445128270514,757.5148731879551,0.20804461898861176,0.0014302562264113983,147.80545368767304,3.1475881657899585,0.0036735657599485704
5.93,2.4350418045525393,757.516333828541,0.20805088278646472,0.001425791192095888,147.81026312719447,3.142512590497393,0.003668992324893382
5.9350000000000005,2.4363416606244854,757.5177941543193,0.20805711944918953,0.0014213454653882376,147.81505299577577,3.137448003224872,0.0036644227699690725
5.94,2.437644029727963,757.5192541076606,0.20806332911085373,0.0014169189507019942,147.81982337842234,3.1323943684297526,0.003659857102358541
5.945,2.4389488604487775,757.5207136309501,0.20806951190507658,0.0014125115527694485,147.82457435817244,3.127351650645614,0.0036552953291703128
5.95,2.4402561012755832,757.5221726665892,0.2080756679650283,0.0014081231766419236,147.82930601968368,3.122319814482684,0.003650737457438858
5.955,2.4415657006018323,757.5236311569987,0.20808179742342817,0.001403753727691206,147.83401844821324,3.117298824628763,0.0036461834941249006
5.96,2.4428776067278917,757.5250890446201,0.20808790041254452,0.001399403111609789,147.8387117254699,3.1122886458496266,0.0036416334461157355
5.965,2.4441917678630074,757.5265462719187,0.2080939770641924,0.001395071234412237,147.84338593466032,3.10728924298992,0.0036370873202255373
5.97,2.4455081321274292,757.5280027813853,0.20810002750973358,0.0013907580024353726,147.84804115611084,3.1023005809735356,0.0036325451231956794
5.9750000000000005,2.4468266475543787,757.5294585155387,0.2081060518800747,0.00138646332233959,147.85267746913254,3.097322624804485,0.0036280068616950413
5.98,2.4481472620921774,757.5309134169281,0.2081120503056666,0.0013821871011090064,147.85729495689512,3.0923553395672703,0.00362347254232033
5.985,2.449469923606227,757.532367428135,0.208118022916503,0.0013779292460526942,147.86189370018676,3.0873986904277086,0.0036189421715963864
5.99,2.450794579881145,757.5338204917757,0.20812396984212017,0.0013736896648047906,147.8664737816724,3.0824526426332826,0.003614415755976505
5.995,2.45212117862275,757.5352725505035,0.2081298912115952,0.001369468265325679,147.87103528495433,3.077517161513955,0.0036098933018427442
6.0,2.4534496674601947,757.5367235470112,0.20813578715354644,0.0013652649559020562,147.87557828903113,3.072592212482498,0.0036053748155062447
6.005,2.4547799939479718,757.538173424033,0.20814165779613128,0.0013610796451480464,147.8801028746597,3.0676777610352746,0.0036008603032075376
6.01,2.456112105568045,757.5396221243468,0.20814750326704665,0.0013569122420052212,147.88460911907143,3.0627737727525406,0.003596349771116868
6.015000000000001,2.457445949731863,757.5410695907767,0.2081533236935273,0.0013527626557436642,147.88909709797292,3.0578802132992124,0.0035918432253344984
6.0200000000000005,2.458781473782492,757.542515766195,0.20815911920234542,0.0013486307959619567,147.8935668922376,3.05299704842516,0.003587340671891035
6.025,2.46011862499664,757.5439605935247,0.2081648899198098,0.0013445165725881694,147.89801857963263,3.0481242439659315,0.00358284211674773
6.03,2.4614573505867954,757.5454040157417,0.20817063597176533,0.0013404198958798068,147.9024522412406,3.043261765843023,0.0035783475657968065
6.035,2.462797597703254,757.5468459758765,0.20817635748359203,0.001336340676424753,147.90686795928772,3.0384095800645947,0.0035738570248617656
6.04,2.4641393134362586,757.5482864170175,0.2081820545802057,0.001332278825141177,147.91126580785644,3.0335676527257256,0.0035693704996977043
6.045,2.465482444818036,757.5497252823124,0.20818772738605587,0.001328234253278414,147.91564586418352,3.0287359500090907,0.003564887995991628
6.05,2.4668269388249415,757.5511625149703,0.20819337602512628,0.0013242068724168333,147.92000820579574,3.0239144381851966,0.003560409519362766
6.055,2.468172742379501,757.5525980582651,0.20819900062093386,0.0013201965944686681,147.9243529069803,3.0191030836130452,0.0035559350753628857
6.0600000000000005,2.469519802352554,757.5540318555363,0.20820460129652857,0.001316203331677847,147.92868004540253,3.0143018527403487,0.0035514646694766038
6.065,2.470868065565307,757.5554638501925,0.20821017817449267,0.0013122269966207676,147.9329896971933,3.0095107121041687,0.003546998307121705
6.07,2.4722174787914737,757.5568939857125,0.20821573137694074,0.0013082675022060921,147.93728193884533,3.0047296283311127,0.003542535993649449
6.075,2.4735679887593385,757.5583222056483,0.20822126102551883,0.0013043247616754655,147.94155684782166,2.99995856813795,0.0035380777343448897
6.08,2.474919542153897,757.5597484536271,0.20822676724140488,0.0013003986886032796,147.94581449816158,2.9951974983317946,0.0035336235344271853
6.085,2.4762720856189238,757.5611726733534,0.20823225014530763,0.0012964891968973366,147.95005496485652,2.990446385810696,0.003529173399049912
6.09,2.4776255657591144,757.5625948086117,0.20823770985746717,0.0012925962007985783,147.9542783214026,2.985705197563802,0.003524727333301378
6.095,2.478979929142161,757.5640148032679,0.208243146497654,0.0012887196148816987,147.958484639931,2.980973900671929,0.0035202853422049334
6.1000000000000005,2.4803351223008905,757.5654326012722,0.20824856018516916,0.0012848593540548446,147.96267399504202,2.9762524623077162,0.0035158474307192844
6.105,2.481691091735349,757.5668481466611,0.20825395103884384,0.0012810153335601744,147.96684645969222,2.9715408497361677,0.0035114136037388065
6.11,2.483047783914941,757.5682613835594,0.20825931917703946,0.001277187468973519,147.9710021090819,2.9668390303147785,0.003506983866093854
6.115,2.4844051452805167,757.5696722561827,0.2082646647176472,0.0012733756762048976,147.9751410188334,2.962146971494068,0.003502558222551074
6.12,2.4857631222465093,757.5710807088396,0.20826998777808875,0.001269579871498155,147.97926326014772,2.9574646408177028,0.0034981366778137116
6.125,2.48712166120303,757.5724866859337,0.20827528847531526,0.0012657999714314173,147.98336890603744,2.952792005922986,0.00349371923652193
6.13,2.4884807085180047,757.5738901319656,0.20828056692580824,0.0012620358929166992,147.98745802666744,2.9481290345409676,0.0034893059032531123
6.135,2.489840210539273,757.575290991536,0.20828582324557882,0.0012582875532003174,147.99153069072025,2.9434756944969216,0.00348489668252218
6.140000000000001,2.491200113596722,757.5766892093467,0.20829105755016802,0.0012545548698624713,147.99558697109043,2.938831953710445,0.0034804915787818936
6.1450000000000005,2.4925603640043903,757.5780847302036,0.20829626995464673,0.0012508377608176052,147.99962693807694,2.9341977801959085,0.003476090596423172
6.15,2.4939209080626035,757.5794774990184,0.2083014605736158,0.0012471361443139543,148.00365066483252,2.9295731420625275,0.0034716937397753916
6.155,2.495281692060078,757.5808674608111,0.20830662952120596,0.0012434499389338681,148.00765822543391,2.924958007514807,0.003467301013106705
6.16,2.4966426622760567,757.5822545607124,0.20831177691107877,0.0012397790635933351,148.0116496881306,2.9203523448526116,0.0034629124206243377
6.165,2.4980037649824167,757.5836387439649,0.20831690285642576,0.00123612343754225,148.0156251236162,2.915756122471566,0.00345852796647491
6.17,2.4993649464458016,757.5850199559263,0.20832200746996957,0.001232482980363914,148.01958459866728,2.911169308863111,0.0034541476547447296
6.175,2.500726152929734,757.586398142071,0.20832709086396337,0.0012288576119752616,148.02352817825874,2.9065918726149005,0.0034497714894601125
6.18,2.502087330696744,757.5877732479925,0.20833215315019124,0.0012252472526263383,148.02745593491372,2.9020237824108452,0.0034453994745876773
6.1850000000000005,2.503448426010486,757.5891452194052,0.20833719443996834,0.0012216518229004787,148.0313679373783,2.897465007031477,0.0034410316140346606
6.19,2.5048093851378614,757.590514002147,0.2083422148441417,0.001218071243713759,148.03526425350634,2.89291551535398,0.003436667911649217
6.195,2.5061701543511403,757.5918795421812,0.2083472144730897,0.001214505436315136,148.0391449537918,2.888375276352542,0.0034323083712207284
6.2,2.507530679930084,757.5932417855986,0.2083521934367235,0.0012109543222858746,148.04301010467339,2.883844259098373,0.0034279529964801026
6.205,2.508890908164065,757.5946006786198,0.20835715184448628,0.0012074178235396457,148.04685977353526,2.879322432760036,0.0034236017911000853
6.21,2.510250785354185,757.5959561675968,0.20836208980535442,0.0012038958623219328,148.0506940267071,2.874809766603455,0.0034192547586955548
6.215,2.5116102578154,757.5973081990161,0.2083670074278374,0.0012003883612100878,148.05451292891667,2.8703062299922264,0.0034149119028238344
6.22,2.512969271878633,757.5986567194998,0.2083719048199784,0.001196895243112715,148.05831654772945,2.865811792387614,0.003410573226984986
6.2250000000000005,2.514327773892902,757.6000016758081,0.20837678208935448,0.0011934164312696885,148.06210494909064,2.8613264233488453,0.003406238734622118
6.23,2.5156857102274266,757.601343014842,0.20838163934307743,0.0011899518492515166,148.0658781999449,2.8568500925330893,0.0034019084291216856
6.235,2.517043027273759,757.602680683644,0.20838647668779375,0.0011865014209593184,148.06963636796527,2.8523827696957373,0.0033975823138137906
6.24,2.5183996714478853,757.604014629402,0.2083912942296858,0.0011830650706241676,148.0733795175861,2.8479244246903783,0.0033932603919724783
6.245,2.519755589192356,757.6053447994494,0.20839609207447168,0.001179642722807035,148.07710771434313,2.8434750274690535,0.003388942666816045
6.25,2.521110726978386,757.606671141269,0.20840087032740645,0.001176234302398108,148.08082102089529,2.8390345480822123,0.0033846291415073294
6.255,2.5224650313079846,757.6079936024938,0.20840562909328209,0.001172839734616699,148.08451949881064,2.834602956678964,0.0033803198191540177
6.26,2.5238184487160455,757.6093121309098,0.20841036847642808,0.00116945894501055,148.08820321354634,2.8301802235070275,0.0033760147028089327
6.265000000000001,2.5251709257724837,757.6106266744575,0.20841508858071223,0.0011660918594556993,148.09187222810135,2.8257663189129536,0.0033717137954703408
6.2700000000000005,2.5265224090843184,757.6119371812346,0.20841978950954118,0.0011627384041557707,148.095526607807,2.8213612133420622,0.003367417100082241
6.275,2.527872845297806,757.6132435994974,0.20842447136586073,0.0011593985056418054,148.09916641888688,2.8169648773386564,0.003363124619534666
6.28,2.529222181100523,757.6145458776632,0.20842913425215745,0.001156072090771535,148.10279172258294,2.8125772815459578,0.003358836356663971
6.285,2.530570363223495,757.6158439643125,0.20843377827045823,0.001152759086729179,148.10640258220192,2.8081983967062922,0.003354552314253136
6.29,2.5319173384432707,757.6171378081906,0.2084384035223319,0.0011494594210246982,148.10999905749276,2.8038281936610074,0.003350272495032052
6.295,2.5332630535840583,757.6184273582099,0.20844301010888935,0.0011461730214935638,148.1135812066244,2.799466643350659,0.003345996901677822
6.3,2.5346074555197866,757.6197125634519,0.20844759813078423,0.0011428998162959965,148.11714909316686,2.7951137168149263,0.0033417255368150454
6.305,2.535950491176242,757.620993373169,0.20845216768821367,0.0011396397339166991,148.12070277755305,2.7907693851927626,0.0033374584030161168
6.3100000000000005,2.5372921075331214,757.6222697367868,0.2084567188809192,0.0011363927031640797,148.1242423236673,2.7864336197223,0.0033331955028015102
6.315,2.5386322516261695,757.6235416039061,0.20846125180818723,0.0011331586531699589,148.1277677966398,2.782106391741003,0.0033289368386400803
6.32,2.5399708705492268,757.6248089243045,0.20846576656885066,0.0011299375133887756,148.13127925315845,2.7777876726855664,0.003324682412949336
6.325,2.5413079114563617,757.6260716479387,0.20847026326128876,0.001126729213597262,148.13477675321656,2.7734774340920367,0.003320432228095745
6.33,2.5426433215639115,757.6273297249465,0.20847474198342847,0.0011235336838936385,148.1382603571431,2.769175647595704,0.003316186286395011
6.335,2.543977048152613,757.6285831056488,0.20847920283274501,0.0011203508546972596,148.1417301219179,2.764882284931219,0.0033119445901123694
6.34,2.545309038569635,757.6298317405511,0.20848364590626273,0.001117180656747795,148.14518610812658,2.760597317932474,0.0033077071414628657
6.345,2.546639240230709,757.6310755803462,0.20848807130055594,0.0011140230211048464,148.1486283747799,2.756320718532702,0.0033034739426116505
6.3500000000000005,2.54796760062215,757.6323145759153,0.2084924791117499,0.0011108778791471179,148.15205698135944,2.7520524587643544,0.0032992449956742533
6.355,2.549294067302987,757.6335486783308,0.20849686943552143,0.001107745162572006,148.1554719884168,2.747792510759188,0.0032950203027168824
6.36,2.550618587906975,757.6347778388579,0.20850124236710035,0.0011046248033947542,148.15887345295002,2.7435408467481284,0.0032907998657566904
6.365,2.5519411101447225,757.636002008956,0.2085055980012699,0.001101516733948019,148.16226143303427,2.7392974390613474,0.003286583686762074
6.37,2.553261581805693,757.6372211402813,0.2085099364323679,0.001098420886881015,148.16563598515174,2.7350622601281187,0.003282371767652941
6.375,2.554579950760331,757.6384351846888,0.2085142577542876,0.0010953371951590517,148.16899716442094,2.7308352824768836,0.0032781641103010063
6.38,2.5558961649620557,757.6396440942333,0.20851856206047867,0.001092265592062673,148.17234502870156,2.726616478735102,0.0032739607165300573
6.385,2.557210172449382,757.6408478211722,0.2085228494439479,0.0010892060111871646,148.1756796341156,2.7224058216293034,0.0032697615881162496
6.390000000000001,2.5585219213479,757.6420463179674,0.20852711999726042,0.001086158386441683,148.1790010387804,2.718203283984922,0.003265566726788368
6.3950000000000005,2.559831359872397,757.643239537286,0.20853137381254053,0.001083122652048744,148.18230930141624,2.714008838726349,0.003261376134228124
6.4,2.5611384363288305,757.6444274320039,0.20853561098147302,0.0010800987425433374,148.18560447744372,2.709822458876758,0.003257189812070415
6.405,2.5624430991164373,757.6456099552064,0.20853983159530382,0.0010770865927723936,148.18888662395935,2.7056441175581365,0.0032530077619036145
6.41,2.5637452967297034,757.6467870601901,0.20854403574484137,0.001074086137893891,148.19215579455502,2.701473787991122,0.003248829985269836
6.415,2.5650449777604676,757.6479587004657,0.20854822352045746,0.0010710973133762987,148.19541204195755,2.6973114434950083,0.003244656483665221
6.42,2.566342090899876,757.6491248297589,0.20855239501208814,0.0010681200549976769,148.19865542138157,2.6931570574875794,0.0032404872585401973
6.425,2.5676365849404865,757.6502854020126,0.20855655030923492,0.001065154298845096,148.20188598541398,2.689010603485107,0.0032363223112997683
6.43,2.56892840877821,757.6514403713886,0.20856068950096565,0.0010621999813137319,148.20510379061346,2.684872055102173,0.003232161643303771
6.4350000000000005,2.57021751141441,757.6525896922697,0.20856481267591548,0.0010592570391062617,148.20830889342585,2.680741386051661,0.003228005255867158
6.44,2.5715038419578304,757.6537333192609,0.20856891992228857,0.0010563254092319542,148.21150134781752,2.6766185701445755,0.0032238531502602604
6.445,2.5727873496266924,757.6548712071921,0.20857301132785844,0.0010534050290060433,148.2146812101721,2.6725035812900146,0.003219705327709065
6.45,2.5740679837506133,757.6560033111189,0.20857708697996982,0.0010504958360488116,148.21784853138183,2.668396393494989,0.0032155617893954718
6.455,2.5753456937726913,757.6571295863251,0.20858114696553928,0.001047597768284947,148.2210033624622,2.664296980864387,0.003211422536457577
6.46,2.576620429251415,757.6582499883242,0.20858519137105636,0.0010447107639426185,148.22414575558446,2.660205317600784,0.0032072875699899243
6.465,2.5778921398627435,757.6593644728612,0.2085892202825849,0.0010418347615528147,148.22727575972644,2.6561213780044013,0.0032031568910437865
6.47,2.5791607754020047,757.660472995914,0.20859323378576367,0.0010389696999484135,148.23039342979374,2.652045136472907,0.0031990305006274144
6.4750000000000005,2.5804262857859674,757.6615755136961,0.20859723196580784,0.0010361155182635035,148.2334988194023,2.6479765675013662,0.003194908399706318
6.48,2.581688621054723,757.662671982657,0.2086012149075102,0.0010332721559324486,148.23659198159507,2.6439156456820414,0.0031907905892035156
6.485,2.5829477313737583,757.6637623594851,0.2086051826952421,0.00103043955268919,148.23967297225946,2.6398623457043273,0.003186677069999809
6.49,2.5842035670358214,757.6648466011088,0.2086091354129551,0.0010276176485663076,148.24274183999256,2.6358166423545493,0.003182567842934031
6.495,2.5854560784629843,757.6659246646983,0.2086130731441818,0.001024806383894306,148.24579863494702,2.631778510515891,0.0031784629088033225
6.5,2.586705216208501,757.6669965076674,0.20861699597203712,0.0010220056993006715,148.24884340593098,2.627747925168187,0.003174362268363376
6.505,2.58795093095886,757.6680620876749,0.20862090397921945,0.0010192155357091417,148.25187619846972,2.6237248613878412,0.003170265922328712
6.51,2.5891931735356275,757.6691213626269,0.20862479724801136,0.00101643583433876,148.25489706705602,2.6197092943476172,0.0031661738713729187
6.515000000000001,2.5904318948974963,757.6701742906779,0.20862867586028128,0.0010136665367031284,148.25790606301743,2.6157011993165455,0.003162086116128926
6.5200000000000005,2.5916670461421116,757.6712208302322,0.2086325398974848,0.0010109075846094601,148.26090323554536,2.6117005516597143,0.0031580026571892497
6.525,2.592898578508114,757.6722609399467,0.2086363894406654,0.001008158920157817,148.26388863767332,2.607707326838166,0.0031539234951062562
6.53,2.594126443376951,757.6732945787312,0.2086402245704565,0.0010054204857401579,148.26686231667335,2.6037215004086796,0.0031498486303924065
6.535,2.5953505922749116,757.6743217057508,0.2086440453670819,0.0010026922240395652,148.26982432080877,2.5997430480236696,0.003145778063520523
6.54,2.5965709768749217,757.6753422804276,0.20864785191035745,0.0009999740780292888,148.27277469818154,2.595771945430959,0.003141711794924028
6.545,2.597787548998572,757.6763562624416,0.20865164427969213,0.0009972659909719597,148.27571349427197,2.591808168473669,0.0031376498249972083
6.55,2.5990002606179012,757.677363611733,0.20865542255408903,0.0009945679064186324,148.27864075955537,2.587851693089992,0.0031335921540954557
6.555,2.6002090638574096,757.6783642885036,0.20865918681214682,0.0009918797682079864,148.2815565427468,2.583902495313074,0.0031295387825355267
6.5600000000000005,2.6014139109958325,757.6793582532182,0.20866293713206102,0.000989201520465364,148.28446089321298,2.579960551270781,0.0031254897105957792
6.565,2.6026147544681404,757.6803454666064,0.2086666735916251,0.0009865331076019637,148.2873538622348,2.5760258371855795,0.0031214449385164383
6.57,2.6038115468672993,757.6813258896635,0.20867039626823225,0.0009838744743138745,148.2902354952977,2.5720983293742985,0.0031174044664998212
6.575,2.605004240946262,757.6822994836534,0.2086741052388761,0.0009812255655812564,148.29310583956186,2.5681780042479994,0.0031133682947106062
6.58,2.6061927896197123,757.6832662101086,0.20867780058015234,0.0009785863266673772,148.2959649399407,2.5642648383117375,0.003109336423276057
6.585,2.6073771459660464,757.684226030833,0.20868148236825992,0.0009759567031177795,148.29881283896773,2.5603588081644277,0.0031053088522862865
6.59,2.6085572632291,757.6851789079021,0.2086851506790018,0.0009733366407593192,148.30164958485798,2.5564598904986027,0.003101285581794482
6.595,2.609733094820123,757.6861248036661,0.2086888055877869,0.0009707260856993207,148.30447522301344,2.5525680621002684,0.0030972666118171664
6.6000000000000005,2.610904594319487,757.6870636807498,0.20869244716963076,0.0009681249843246145,148.30728980241173,2.5486832998486633,0.0030932519423344197
6.605,2.6120717154786495,757.6879955020552,0.2086960754991571,0.0009655332833006859,148.31009337359419,2.5448055807161087,0.003089241573290141
6.61,2.613234412221852,757.6889202307626,0.20869969065059982,0.0009629509295707075,148.3128859783529,2.540934881767767,0.0030852355045922672
6.615,2.614392638648069,757.6898378303318,0.20870329269780327,0.0009603778703546807,148.31566766211412,2.5370711801614814,0.003081233736113031
6.62,2.615546349032681,757.6907482645042,0.2087068817142241,0.000957814053148473,148.31843847040324,2.533214453147531,0.0030772362676891804
6.625,2.6166954978294226,757.6916514973034,0.20871045777293243,0.0009552594257229461,148.3211984453927,2.529364678068471,0.003073243099122234
6.63,2.6178400396720387,757.6925474930371,0.20871402094661298,0.0009527139361229945,148.32394763297967,2.525521832358882,0.0030692542301787007
6.635,2.618979929376216,757.6934362162987,0.20871757130756655,0.0009501775326666675,148.3266860773059,2.521685893545205,0.0030652696605903288
6.640000000000001,2.6201151219412266,757.6943176319681,0.20872110892771117,0.000947650163944206,148.32941382327041,2.517856839245493,0.003061289390054324
6.6450000000000005,2.6212455725518455,757.695191705214,0.20872463387858353,0.0009451317788171603,148.3321309168113,2.5140346471692374,0.0030573134182336047
6.65,2.622371236579982,757.6960584014944,0.20872814623134037,0.0009426223264174244,148.33483740124547,2.5102192951171185,0.0030533417447570084
6.655,2.623492069586581,757.6969176865582,0.20873164605675965,0.0009401217561463476,148.33753332104502,2.5064107609808266,0.0030493743692195474
6.66,2.6246080273232284,757.6977695264468,0.208735133425242,0.0009376300176737742,148.34021871819152,2.50260902274281,0.003045411291182618
6.665,2.625719065734053,757.6986138874953,0.20873860840681202,0.0009351470609371442,148.34289363396556,2.498814058476092,0.0030414525101742492
6.67,2.6268251409573096,757.6994507363339,0.20874207107111942,0.0009326728361405365,148.34555811169568,2.4950258463440207,0.0030374980256893122
6.675,2.627926209327265,757.7002800398893,0.2087455214874404,0.0009302072937537638,148.34821219279226,2.491244364600077,0.0030335478371897678
6.68,2.6290222273757697,757.7011017653855,0.208748959724679,0.0009277503845114169,148.3508559215302,2.4874695915876264,0.0030296019441048727
6.6850000000000005,2.6301131518341276,757.7019158803457,0.20875238585136824,0.000925302059411954,148.35348934225107,2.4837015057397207,0.0030256603458314246
6.69,2.6311989396346487,757.7027223525934,0.2087557999356718,0.000922862269716749,148.35611249714435,2.479940085578853,0.0030217230417339705
6.695,2.6322795479125056,757.7035211502533,0.20875920204538514,0.0009204309669491733,148.35872543023882,2.476185309716749,0.003017790031145044
6.7,2.6333549340072686,757.7043122417537,0.208762592247937,0.0009180081028936464,148.36132818146928,2.4724371568541237,0.003013861313365375
6.705,2.6344250554647495,757.7050955958259,0.20876597061039057,0.0009155936295947158,148.36392079069662,2.4686956057804714,0.003009936887664126
6.71,2.6354898700385134,757.7058711815074,0.20876933719944477,0.0009131874993561087,148.3665032989772,2.4649606353738163,0.003006016753279098
6.715,2.6365493356917145,757.7066389681419,0.20877269208143573,0.0009107896647398075,148.36907574487606,2.461232224600504,0.0030021009094169672
6.72,2.637603410598587,757.7073989253805,0.2087760353223378,0.000908400078565105,148.37163817145617,2.457510352514949,0.0029981893552534855
6.7250000000000005,2.6386520531462647,757.7081510231839,0.208779366987765,0.0009060186939076752,148.3741906209505,2.4537949982594216,0.002994282089933717
6.73,2.639695221936254,757.7088952318222,0.20878268714297257,0.000903645464098633,148.3767331348042,2.450086141063798,0.002990379112572241
6.735,2.6407328757862403,757.7096315218776,0.20878599585285795,0.0009012803427236004,148.37926575671753,2.4463837602453418,0.0029864804222533795
6.74,2.6417649737315414,757.7103598642441,0.20878929318196268,0.0008989232836217686,148.38178852477938,2.4426878352084507,0.0029825860180314
6.745,2.6427914750268973,757.7110802301297,0.20879257919447328,0.0008965742408849633,148.3843014781082,2.438998345444442,0.0029786958989307453
6.75,2.643812339147905,757.7117925910571,0.20879585395422265,0.0008942331688567095,148.38680465518334,2.435315270531294,0.0029748100639462316
6.755,2.644827525792793,757.7124969188651,0.2087991175246916,0.000891900022131294,148.3892980917852,2.4316385901334265,0.0029709285120432757
6.76,2.6458369948838376,757.713193185709,0.2088023699690096,0.0008895747555528347,148.39178182953572,2.427968284001448,0.0029670512421580936
6.765000000000001,2.6468407065691206,757.7138813640628,0.20880561134995657,0.0008872573242143396,148.39425590797612,2.424304331971929,0.002963178253197922
6.7700000000000005,2.647838621223925,757.7145614267193,0.20880884172996397,0.0008849476834567812,148.39672036821875,2.4206467139671504,0.00295930954404122
6.775,2.6488306994524784,757.715233346792,0.20881206117111623,0.0008826457888681526,148.399175253564,2.416995409994874,0.002955445113537886
6.78,2.6498169020893294,757.7158970977156,0.2088152697351524,0.0008803515962825452,148.40162059934352,2.413350400148091,0.0029515849605094542
6.785,2.650797190201074,757.7165526532469,0.2088184674834672,0.0008780650617792053,148.40405644356866,2.409711664604789,0.0029477290837493183
6.79,2.6517715250877085,757.7171999874666,0.20882165447711215,0.000875786141681615,148.4064828249549,2.406079183627702,0.0029438774820229187
6.795,2.6527398682843457,757.7178390747799,0.20882483077679725,0.0008735147925565481,148.40889977882486,2.4024529375640755,0.002940030154067966
6.8,2.653702181562543,757.7184698899172,0.20882799644289193,0.0008712509712131543,148.41130734462206,2.3988329068454126,0.0029361870985946292
6.805,2.6546584269320013,757.7190924079356,0.20883115153542656,0.0008689946347020155,148.41370556030202,2.395219071987243,0.002932348314285754
6.8100000000000005,2.6556085666418774,757.7197066042196,0.20883429611409363,0.0008667457403142331,148.41609446434882,2.3916114135888633,0.00292851379979705
6.815,2.6565525631824616,757.7203124544826,0.20883743023824916,0.0008645042455804858,148.418474096681,2.3880099123331093,0.002924683553757311
6.82,2.6574903792864677,757.7209099347668,0.20884055396691428,0.0008622701082701196,148.42084449323215,2.384414548986094,0.002920857574768593
6.825,2.6584219779306983,757.7214990214454,0.20884366735877619,0.0008600432863902047,148.42320569127023,2.380825304396975,0.0029170358614064376
6.83,2.6593473223373105,757.7220796912225,0.2088467704721896,0.0008578237381846338,148.42555772658613,2.377242159497699,0.0029132184122200493
6.835,2.660266375975464,757.7226519211346,0.20884986336517816,0.0008556114221331761,148.42790063346524,2.3736650953027625,0.0029094052257325137
6.84,2.6611791025625724,757.7232156885515,0.20885294609543537,0.00085340629695058,148.43023444931882,2.3700940929089604,0.002905596300440976
6.845,2.6620854660659266,757.7237709711769,0.2088560187203262,0.0008512083215856293,148.43255920979465,2.366529133495144,0.0029017916348168526
6.8500000000000005,2.6629854307039165,757.7243177470497,0.2088590812968882,0.000849017455220252,148.43487495304865,2.362970198321967,0.002897991227306014
6.855,2.6638789609476494,757.7248559945444,0.20886213388183286,0.0008468336572685756,148.43718171801152,2.3594172687316455,0.002894195076328993
6.86,2.664766021522148,757.7253856923724,0.20886517653154715,0.0008446568873760391,148.4394795401271,2.3558703261477025,0.0028904031802811604
6.865,2.6656465774079443,757.7259068195824,0.20886820930209452,0.0008424871054184519,148.44176845692166,2.352329352074727,0.002886615537532937
6.87,2.666520593842265,757.7264193555616,0.2088712322492165,0.0008403242715011102,148.44404850193328,2.348794328098122,0.002882832146429967
6.875,2.6673880363206006,757.7269232800364,0.20887424542833385,0.0008381683459578563,148.44631970795356,2.34526523588386,0.0028790530052933273
6.88,2.668248870597868,757.7274185730734,0.20887724889454767,0.0008360192893502019,148.44858211058659,2.34174205717823,0.002875278112419698
6.885,2.669103062689967,757.7279052150794,0.2088802427026409,0.0008338770624663879,148.45083574256,2.338224773807595,0.002871507466081571
6.890000000000001,2.669950578874913,757.7283831868036,0.20888322690707925,0.0008317416263205131,148.45308064142085,2.334713367678139,0.00286774106452742
6.8950000000000005,2.670791385694379,757.7288524693369,0.20888620156201274,0.0008296129421515969,148.4553168446116,2.3312078207756217,0.0028639789059819063
6.9,2.6716254499548047,757.7293130441135,0.20888916672127708,0.0008274909714227115,148.457544387114,2.3277081151651275,0.0028602209886460454
6.905,2.6724527387289205,757.7297648929117,0.20889212243839475,0.0008253756758200471,148.45976330682097,2.3242142329908195,0.0028564673106974124
6.91,2.6732732193568314,757.7302079978537,0.2088950687665767,0.0008232670172520503,148.4619736353751,2.3207261564756907,0.0028527178702903075
6.915,2.6740868594475242,757.7306423414075,0.20889800575872328,0.000821164957848491,148.46417540484552,2.3172438679213125,0.0028489726655559597
6.92,2.6748936268799284,757.7310679063869,0.20890093346742544,0.0008190694599596076,148.46636864849214,2.3137673497075943,0.0028452316946026898
6.925,2.6756934898044014,757.7314846759525,0.20890385194496636,0.0008169804861551742,148.46855339608837,2.3102965842925256,0.002841494955516112
6.93,2.6764864166437685,757.731892633612,0.2089067612433218,0.0008148979992236531,148.47072968442743,2.3068315542119358,0.002837762446359296
6.9350000000000005,2.6772723760947894,757.7322917632212,0.20890966141416228,0.0008128219621712646,148.47289754881749,2.303372242079242,0.0028340341651729656
6.94,2.678051337129171,757.7326820489844,0.20891255250885393,0.0008107523382211449,148.47505702438605,2.299918630585204,0.0028303101099756635
6.945,2.678823268995016,757.7330634754555,0.2089154345784597,0.000808689090812418,148.47720814953198,2.2964707024976727,0.002826590278763942
6.95,2.6795881412178155,757.7334360275378,0.20891830767374137,0.0008066321835993593,148.47935095291086,2.2930284406613497,0.0028228746695125274
6.955,2.680345923601872,757.7337996904854,0.20892117184516004,0.0008045815804504717,148.4814854655089,2.2895918279975316,0.0028191632801745133
6.96,2.68109658623127,757.7341544499031,0.20892402714287736,0.0008025372454476553,148.4836117211845,2.28616084750387,0.0028154561086815195
6.965,2.681840099471282,757.7345002917478,0.20892687361675724,0.0008004991428852857,148.4857297490528,2.282735482254119,0.0028117531529438843
6.97,2.682576433969311,757.7348372023283,0.2089297113163664,0.0007984672372693894,148.48783958438125,2.279315715397896,0.0028080544108508233
6.9750000000000005,2.683305560656276,757.7351651683063,0.20893254029097602,0.0007964414933167265,148.48994126141153,2.275901530160426,0.002804359880270617
6.98,2.6840274507475352,757.7354841766963,0.2089353605895631,0.0007944218759539719,148.4920348130406,2.272492909842306,0.002800669559050771
6.985,2.684742075744247,757.7357942148674,0.2089381722608113,0.0007924083503168006,148.494120275108,2.2690898378192497,0.0027969834450182
6.99,2.6854494074342683,757.7360952705421,0.2089409753531128,0.0007904008817490745,148.49619767694588,2.265692297541849,0.0027933015359793856
6.995,2.6861494178934966,757.7363873317985,0.2089437699145691,0.0007883994358019333,148.49826704903728,2.2623002725353243,0.0027896238297205624
7.0,2.686842079486743,757.7366703870692,0.2089465559929922,0.0007864039782329866,148.5003284218828,2.258913746399285,0.0027859503240078706
7.005,2.6875273648690543,757.7369444251433,0.2089493336359061,0.0007844144750054079,148.502381822854,2.2555327028074794,0.002782281016587541
7.01,2.6882052469865596,757.7372094351653,0.20895210289054733,0.0007824308922871338,148.50442728627655,2.252157125507555,0.0027786159051860475
7.015000000000001,2.688875699077772,757.7374654066368,0.20895486380386677,0.0007804531964499613,148.50646484452315,2.248786998320811,0.002774954987510288
7.0200000000000005,2.6895386946744115,757.7377123294164,0.20895761642253058,0.000778481354068754,148.5084945310018,2.245422305141961,0.002771298261247739
7.025,2.690194207602684,757.7379501937198,0.20896036079292135,0.0007765153319205425,148.5105163820373,2.242063029938882,0.0027676457240666317
7.03,2.690842211984079,757.7381789901208,0.20896309696114007,0.0007745550969837353,148.51253042446132,2.238709156752382,0.002763997373616104
7.035,2.6914826822366296,757.7383987095513,0.20896582497300656,0.0007726006164372265,148.5145366879413,2.235360669695946,0.002760353207526379
7.04,2.6921155930756813,757.738609343302,0.2089685448740607,0.0007706518576596121,148.51653520391332,2.2320175529555066,0.002756713223408913
7.045,2.692740919515133,757.7388108830219,0.20897125670956393,0.0007687087882283008,148.51852599952198,2.228679790789194,0.002753077418856572
7.05,2.693358636868181,757.7390033207199,0.20897396052449999,0.0007667713759187374,148.5205091074164,2.225347367527101,0.0027494457914437795
7.055,2.693968720748534,757.7391866487642,0.20897665636357637,0.0007648395887035185,148.52248455884103,2.222020267571037,0.00274581833872669
7.0600000000000005,2.6945711470711373,757.7393608598827,0.20897934427122547,0.0007629133947516202,148.52445238488875,2.2186984753942953,0.0027421950582433357
7.065,2.695165892053361,757.7395259471639,0.20898202429160564,0.0007609927624275213,148.52641261894547,2.2153819755414084,0.0027385759475138
7.07,2.6957529322157017,757.7396819040562,0.2089846964686028,0.0007590776602904346,148.52836528894008,2.212070752627913,0.0027349610040403602
7.075,2.696332244382948,757.739828724369,0.20898736084583114,0.0007571680570934344,148.53031042425815,2.208764791340107,0.0027313502253076597
7.08,2.696903805684854,757.7399664022727,0.2089900174666346,0.0007552639217826974,148.5322480532035,2.20546407643482,0.002727743608782851
7.085,2.6974675935572883,757.7400949322989,0.2089926663740878,0.0007533652234966321,148.5341782017873,2.2021685927391657,0.002724141151915765
7.09,2.6980235857428747,757.7402143093404,0.20899530761099702,0.000751471931565127,148.53610090158136,2.198878325150316,0.002720542852139052
7.095,2.6985717602921206,757.7403245286519,0.20899794121990167,0.000749584015508685,148.53801618205023,2.1955932586352547,0.002716948706868351
7.1000000000000005,2.699112095564035,757.7404255858495,0.20900056724307514,0.0007477014450376769,148.53992407426185,2.1923133782305517,0.0027133587135024285
7.105,2.6996445702272305,757.7405174769115,0.20900318572252607,0.0007458241900514828,148.54182461141534,2.18903866904212,0.0027097728694233454
7.11,2.700169163260524,757.7406001981786,0.2090057966999998,0.0007439522206377472,148.54371782183804,2.1857691162449897,0.002706191171996595
7.115,2.700685853954009,757.7406737463538,0.20900840021697908,0.0007420855070715287,148.54560373613015,2.1825047050830633,0.0027026136185712684
7.12,2.701194621909618,757.7407381185019,0.2090109963146857,0.0007402240198145643,148.54748238042612,2.1792454208688956,0.00269904020648019
7.125,2.701695447042188,757.7407933120508,0.20901358503408132,0.0007383677295144194,148.5493537794519,2.1759912489834465,0.0026954709330400833
7.13,2.7021883095799972,757.7408393247908,0.20901616641586826,0.00073651660700376,148.55121796257595,2.1727421748758657,0.002691905795551704
7.135,2.7026731900657968,757.7408761548754,0.2090187405004911,0.0007346706232995083,148.55307495551577,2.1694981840632437,0.002688344791300003
7.140000000000001,2.703150069357332,757.7409038008204,0.20902130732813728,0.0007328297496021201,148.55492479008603,2.1662592621303975,0.00268478791755426
7.1450000000000005,2.703618928628344,757.7409222615048,0.20902386693873842,0.0007309939572947471,148.5567674986091,2.163025394729627,0.0026812351715682445
7.15,2.7040797493690656,757.7409315361703,0.2090264193719718,0.000729163217942518,148.5586031092436,2.159796567580497,0.0026776865505803472
7.155,2.7045325133872034,757.7409316244218,0.20902896466726098,0.0007273375032917075,148.5604316542334,2.156572766469597,0.002674142051813739
7.16,2.7049772028084007,757.7409225262271,0.20903150286377756,0.0007255167852690243,148.562253157808,2.1533539772503247,0.0026706016724765027
7.165,2.705413800077201,757.7409042419172,0.20903403400044182,0.0007237010359807847,148.56406764433632,2.150140185842647,0.0026670654097617898
7.17,2.705842287957481,757.7408767721855,0.2090365581159236,0.0007218902277122068,148.56587514099692,2.1469313782328845,0.0026635332608479496
7.175,2.706262649533391,757.7408401180892,0.20903907524864393,0.0007200843329265895,148.5676756702914,2.1437275404734737,0.002660005222898687
7.18,2.706674868209764,757.7407942810478,0.20904158543677506,0.0007182833242646132,148.56946926564993,2.140528658682753,0.0026564812930631875
7.1850000000000005,2.707078927713035,757.7407392628438,0.20904408871824237,0.0007164871745435229,148.57125595916585,2.1373347190447243,0.002652961468476275
7.19,2.7074748120916583,757.7406750656228,0.20904658513072558,0.000714695856756426,148.57303577796253,2.1341457078088437,0.002649445746258539
7.195,2.7078625057168515,757.7406016918928,0.2090490747116596,0.0007129093440715158,148.5748087486156,2.130961611289788,0.002645934123516479
7.2,2.7082419932831647,757.7405191445247,0.20905155749823578,0.000711127609831335,148.57657489415902,2.1277824158672343,0.002642426597342642
7.205,2.708613259809118,757.7404274267516,0.2090540335274025,0.0007093506275520241,148.57833424176363,2.1246081079856394,0.002638923164815762
7.21,2.7089762906377914,757.7403265421693,0.2090565028358665,0.0007075783709225796,148.5800868186765,2.1214386741540165,0.0026354238230008975
7.215,2.7093310714374064,757.7402164947357,0.20905896546009356,0.0007058108138041148,148.58183265540626,2.1182741009457127,0.0026319285689495675
7.22,2.7096775882018704,757.7400972887708,0.20906142143631026,0.000704047930229128,148.5835717793019,2.115114374998192,0.0026284373996998877
7.2250000000000005,2.7100158272513495,757.7399689289568,0.2090638708005046,0.0007022896944007656,148.58530421716702,2.1119594830128143,0.002624950312276705
7.23,2.710345775232792,757.7398314203373,0.20906631358842725,0.000700536080692095,148.58702999271094,2.108809411754618,0.0026214673036917334
7.235,2.7106674191204574,757.7396847683178,0.20906874983559245,0.0006987870636453772,148.58874913173202,2.1056641480521003,0.0026179883709436863
7.24,2.710980746216437,757.7395289786648,0.2090711795772788,0.0006970426179713408,148.59046166072352,2.1025236787970005,0.0026145135110184096
7.245,2.711285744151164,757.7393640575064,0.20907360284853055,0.0006953027185484584,148.59216760801553,2.0993879909440833,0.002611042720889016
7.25,2.7115824008839025,757.7391900113311,0.20907601968415856,0.0006935673404222041,148.59386700092344,2.096257071510914,0.00260757599751602
7.255,2.711870704703684,757.739006846988,0.20907843011874266,0.0006918364588036311,148.59555986473933,2.093130907577433,0.0026041133378475996
7.26,2.712150644228271,757.7388145716873,0.20908083418662887,0.0006901100490709906,148.59724622647343,2.090009486286441,0.0026006547388192987
7.265000000000001,2.712422208407162,757.7386131929981,0.2090832319219365,0.0006883880867650118,148.5989261105918,2.0868927948421785,0.00259720019735489
7.2700000000000005,2.7126853865180616,757.7384027188509,0.20908562335855002,0.0006866705475944425,148.60059954276682,2.0837808205119956,0.002593749710365364
7.275,2.7129401681726595,757.738183157534,0.20908800853013212,0.0006849574074269285,148.60226654898423,2.0806735506236,0.002590303274750597
7.28,2.713186543310944,757.7379545176966,0.209090387470111,0.0006832486422979953,148.6039271546751,2.077570972567768,0.0025868608873977042
7.285,2.7134245022079533,757.737716808345,0.20909276021169595,0.0006815442283999231,148.60558138574473,2.074473073794993,0.0025834225451830707
7.29,2.7136540354679624,757.7374700388457,0.20909512678786377,0.0006798441420915396,148.6072292679285,2.0713798418184335,0.002579988244970569
7.295,2.7138751340308285,757.7372142189213,0.20909748723137417,0.0006781483598872335,148.60887082670743,2.0682912642105946,0.002576557983613558
7.3,2.7140877891666726,757.7369493586544,0.20909984157475658,0.0006764568584662671,148.6105060877464,2.0652073286061454,0.0025731317579531874
7.305,2.714291992481535,757.7366754684826,0.20910218985032494,0.0006747696146624349,148.61213507660082,2.062128022698795,0.00256970956482028
7.3100000000000005,2.7144877359126887,757.7363925592026,0.20910453209016502,0.000673086605472829,148.6137578187849,2.0590533342439374,0.0025662914010337345
7.315,2.714675011733704,757.7361006419654,0.20910686832614897,0.0006714078080478574,148.61537433898854,2.055983251055633,0.0025628772634023415
7.32,2.714853812550203,757.7357997282805,0.20910919858992283,0.000669733199699825,148.61698466216532,2.052917761009205,0.0025594671487232236
7.325,2.715024131304501,757.7354898300102,0.20911152291292068,0.0006680627578930062,148.61858881367547,2.0498568520382388,0.0025560610537836283
7.33,2.7151859612717013,757.7351709593752,0.20911384132635258,0.0006663964602522327,148.6201868183965,2.0468005121371755,0.002552658975359383
7.335,2.71533929606412,757.7348431289472,0.20911615386121865,0.0006647342845528872,148.62177870111034,2.0437487293582732,0.002549260910216704
7.34,2.7154841296274763,757.7345063516557,0.2091184605482968,0.0006630762087295888,148.62336448660662,2.040701491814254,0.00254586685511062
7.345,2.715620456244884,757.7341606407803,0.20912076141815691,0.000661422210866252,148.62494419944258,2.0376587876752916,0.002542476806786759
7.3500000000000005,2.715748270533594,757.7338060099574,0.2091230565011486,0.0006597722692046229,148.62651786414372,2.0346206051715856,0.002539090761979823
7.355,2.7158675674485515,757.7334424731724,0.20912534582741524,0.0006581263621344501,148.62808550532475,2.031586932590376,0.0025357087174153487
7.36,2.7159783422793837,757.7330700447662,0.20912762942688184,0.0006564844682019696,148.62964714740374,2.028557758278532,0.0025323306698081835
7.365,2.7160805906536387,757.7326887394277,0.20912990732926917,0.000654846566100139,148.63120281451012,2.025533070639584,0.0025289566158642365
7.37,2.7161743085340846,757.7322985722002,0.2091321795640815,0.0006532126346770586,148.63275253082261,2.022512858136275,0.00252558655227897
7.375,2.716259492221555,757.7318995584737,0.20913444616062044,0.0006515826529262888,148.63429632100633,2.0194971092876104,0.0025222204757391333
7.38,2.7163361383526015,757.7314917139919,0.2091367071479732,0.0006499565999951962,148.63583420935495,2.016485812671412,0.0025188583829212664
7.385,2.7164042439019096,757.7310750548432,0.20913896255502615,0.0006483344551753669,148.63736621950665,2.013478956921391,0.0025155002704934097
7.390000000000001,2.7164638061803297,757.7306495974693,0.2091412124104531,0.0006467161979108641,148.63889237541028,2.010476530729664,0.0025121461351136367
7.3950000000000005,2.7165148228369476,757.7302153586543,0.20914345674272883,0.0006451018077886845,148.64041270098164,2.0074785228438286,0.0025087959734317582
7.4,2.7165572918573644,757.7297723555347,0.2091456955801174,0.0006434912645470109,148.64192721991014,2.0044849220695005,0.0025054497820878423
7.405,2.716591211565334,757.7293206055888,0.20914792895068554,0.0006418845480657727,148.64343595613218,2.001495717267437,0.0025021075577138867
7.41,2.7166165806214995,757.7288601266449,0.2091501568822912,0.0006402816383747542,148.64493893336805,1.9985108973559937,0.0024987692969323937
7.415,2.716633398024615,757.7283909368724,0.20915237940259673,0.0006386825156442489,148.64643617504606,1.995530451308263,0.002495434996358016
7.42,2.716641663110573,757.7279130547893,0.20915459653905755,0.0006370871601931305,148.64792770469361,1.9925543681545628,0.002492104652596131
7.425,2.7166413755532752,757.7274264992524,0.20915680831893516,0.0006354955524795545,148.64941354622437,1.989582636979586,0.002488778262244484
7.43,2.71663253536398,757.7269312894665,0.209159014769286,0.0006339076731089802,148.6508937232441,1.986615246924848,0.0024854558218917714
7.4350000000000005,2.7166151428917815,757.7264274449735,0.2091612159169744,0.0006323235028249519,148.65236825868033,1.9836521871858626,0.0024821373281192593
7.44,2.7165891988233035,757.7259149856617,0.20916341178866127,0.0006307430225170418,148.65383717576614,1.980693447014584,0.002478822777499396
7.445,2.7165547041827858,757.7253939317546,0.20916560241081736,0.0006291662132116794,148.6553004976242,1.9777390157165753,0.002475512166597421
7.45,2.7165116603321127,757.7248643038208,0.20916778780971168,0.0006275930560800764,148.6567582471782,1.9747888826534594,0.0024722054919699707
7.455,2.716460068970493,757.7243261227628,0.20916996801142462,0.0006260235324291583,148.65821044777215,1.971843037240143,0.0024689027501666556
7.46,2.7163999321348506,757.7237794098264,0.20917214304183682,0.0006244576237093565,148.6596571224323,1.9689014689471864,0.002465603937728715
7.465,2.7163312521991063,757.7232241865892,0.20917431292664185,0.0006228953115056292,148.66109829366226,1.9659641672980415,0.0024623090511905737
7.47,2.7162540318749,757.722660474971,0.2091764776913354,0.0006213365775452146,148.662533984199,1.9630311218714547,0.002459018087078493
7.4750000000000005,2.7161682742104976,757.7220882972215,0.20917863736122774,0.0006197814036887056,148.6639642173038,1.9601023222987197,0.0024557310419121214
7.48,2.7160739825918343,757.7215076759308,0.20918079196143294,0.0006182297719377462,148.66538901582106,1.9571777582660344,0.00245244791220316
7.485,2.7159711607409993,757.7209186340167,0.20918294151688144,0.0006166816644261453,148.66680840228986,1.9542574195117512,0.0024491686944569124
7.49,2.7158598127176723,757.720321194736,0.20918508605230918,0.0006151370634275542,148.66822239944332,1.951341295828769,0.0024458933851709387
7.495,2.715739942917239,757.7197153816716,0.20918722559227002,0.0006135959513466763,148.6696310298219,1.9484293770618268,0.0024426219808365776
7.5,2.7156115560724974,757.7191012187435,0.2091893601611252,0.0006120583107268234,148.67103431591073,1.94552165310981,0.0024393544779376494
7.505,2.715474657251394,757.7184787301956,0.2091914897830554,0.0006105241242412109,148.67243227988408,1.9426181139230616,0.0024360908729519496
7.51,2.7153292518591012,757.7178479406072,0.20919361448205046,0.0006089933747004725,148.67382494392774,1.9397187495057218,0.0024328311623499567
7.515000000000001,2.7151753456353354,757.7172088748795,0.20919573428192126,0.0006074660450440018,148.67521233062521,1.9368235499130535,0.0024295753425963226
7.5200000000000005,2.715012944656781,757.7165615582473,0.20919784920628942,0.0006059421183474235,148.6765944622053,1.9339325052537368,0.002426323410148588
7.525,2.714842055334019,757.7159060162652,0.20919995927859952,0.0006044215778139952,148.67797136018268,1.931045605687208,0.002423075361458654
7.53,2.7146626844142876,757.7152422748193,0.20920206452210838,0.0006029044067820216,148.67934304638194,1.928162841425966,0.002419831192971516
7.535,2.7144748389780475,757.7145703601135,0.20920416495989724,0.0006013905887163323,148.68070954344552,1.9252842027329335,0.002416590901126713
7.54,2.7142785264420377,757.7138902986816,0.20920626061486142,0.0005998801072156258,148.68207087342142,1.9224096799237227,0.0024133544823570817
7.545,2.7140737545553724,757.713202117372,0.2092083515097223,0.0005983729460039956,148.68342705821314,1.9195392633639974,0.0024101219330902057
7.55,2.7138605314030744,757.7125058433618,0.20921043766701686,0.0005968690889382504,148.68477811991878,1.9166729434717653,0.002406893249747156
7.555,2.713638865401853,757.7118015041406,0.20921251910910982,0.0005953685199995175,148.68612408005285,1.91381071071478,0.0024036684287439144
7.5600000000000005,2.713408765303803,757.7110891275244,0.20921459585818314,0.0005938712233005032,148.6874649603038,1.9109525556127682,0.0024004474664901547
7.565,2.71317024019227,757.7103687416409,0.2092166679362468,0.0005923771830779309,148.68880078252607,1.908098468735083,0.002397230359390514
7.57,2.7129232994844137,757.7096403749384,0.2092187353651324,0.0005908863836970676,148.69013156843843,1.9052484407021189,0.00239401710384383
7.575,2.712667952928778,757.7089040561785,0.2092207981664988,0.0005893988096478605,148.69145733891543,1.902402462184125,0.0023908076962437896
7.58,2.712404210606038,757.7081598144374,0.2092228563618305,0.0005879144455459127,148.69277811496326,1.8995605239014846,0.002387602132978767
7.585,2.712132082928236,757.7074076791047,0.20922490997243848,0.000586433276131891,148.6940939186077,1.896722616624529,0.0023844004104319225
7.59,2.711851580638378,757.7066476798816,0.20922695901946206,0.0005849552862703733,148.6954047714328,1.893888731173193,0.0023812025249813963
7.595,2.711562714810192,757.7058798467808,0.2092290035238683,0.0005834804609501804,148.69671069455828,1.8910588584171164,0.0023780084730002466
7.6000000000000005,2.7112654968476395,757.7051042101248,0.20923104350645366,0.0005820087852832379,148.6980117095697,1.888232989275281,0.002374818250856646
7.605,2.710959938484309,757.7043208005441,0.20923307898784446,0.0005805402445041918,148.69930783788843,1.8854111147158936,0.0023716318549139403
7.61,2.7106460517832893,757.7035296489776,0.20923510998849762,0.0005790748239700187,148.7005991008791,1.8825932257562652,0.0023684492815307127
7.615,2.7103238491362096,757.7027307866695,0.20923713652870182,0.0005776125091590849,148.70188551903087,1.87977931346252,0.0023652705270609405
7.62,2.7099933432632253,757.701924245169,0.209239158628578,0.0005761532856709488,148.70316711274685,1.8769693689495288,0.0023620955878540274
7.625,2.7096545472120863,757.7011100563291,0.20924117630808015,0.0005746971392256107,148.70444390340688,1.8741633833806721,0.0023589244602549263
7.63,2.709307474357953,757.7002882523047,0.2092431895869962,0.0005732440556629982,148.70571591176167,1.8713613479676836,0.002355757140604224
7.635,2.7089521384026196,757.6994588655523,0.20924519848494863,0.0005717940209425929,148.70698315892542,1.8685632539705284,0.0023525936252382033
7.640000000000001,2.708588553374181,757.6986219288275,0.20924720302139532,0.0005703470211426855,148.70824566629602,1.8657690926971704,0.0023494339104889635
7.6450000000000005,2.7082167336263128,757.6977774751848,0.2092492032156303,0.0005689030424600677,148.70950345436384,1.8629788555034796,0.0023462779926844697
7.65,2.7078366938378915,757.6969255379761,0.20925119908678436,0.000567462071209357,148.7107565439993,1.8601925337930143,0.002343125868148664
7.655,2.7074484490121815,757.6960661508487,0.20925319065382605,0.0005660240938225299,148.71200495533228,1.857410119016878,0.002339977533201538
7.66,2.7070520144765173,757.6951993477446,0.2092551779355623,0.0005645890968483966,148.71324870817853,1.854631602673553,0.0023368329841592216
7.665,2.7066474058814016,757.6943251628994,0.2092571609506391,0.0005631570669520324,148.71448782347878,1.8518569763087205,0.0023336922173340696
7.67,2.706234639200185,757.6934436308401,0.20925913971754231,0.0005617279909142901,148.7157223215458,1.8490862315151089,0.002330555229034746
7.675,2.7058137307281283,757.6925547863841,0.20926111425459848,0.0005603018556312717,148.71695222330598,1.8463193599323249,0.0023274220155663017
7.68,2.7053846970820534,757.6916586646381,0.20926308457997547,0.0005588786481137831,148.7181775500392,1.8435563532466834,0.002324292573230269
7.6850000000000005,2.7049475551994266,757.6907553009966,0.20926505071168328,0.0005574583554868736,148.7193983216895,1.8407972031910607,0.002321166898324729
7.69,2.7045023223379343,757.68984473114,0.2092670126675748,0.0005560409649892573,148.72061455878315,1.8380419015447145,0.0023180449871444088
7.695,2.7040490160745505,757.688926991034,0.2092689704653465,0.0005546264639728637,148.72182628086367,1.835290440133137,0.0023149268359807466
7.7,2.7035876543051054,757.6880021169276,0.20927092412253925,0.0005532148399022738,148.7230335069955,1.832542810827881,0.0023118124411219856
7.705,2.7031182552433215,757.6870701453518,0.20927287365653885,0.0005518060803542434,148.72423625782702,1.8297990055464066,0.0023087017988532473
7.71,2.7026408374203523,757.6861311131182,0.20927481908457682,0.0005504001730171701,148.72543455313303,1.8270590162519138,0.0023055949054566157
7.715,2.702155419683777,757.6851850573177,0.20927676042373128,0.0005489971056906028,148.72662841369748,1.8243228349531853,0.0023024917572112133
7.72,2.7016620211971336,757.6842320153187,0.20927869769092747,0.0005475968662847149,148.72781786079645,1.8215904537044219,0.0022993923503932838
7.7250000000000005,2.7011606614389,757.6832720247658,0.2092806309029387,0.0005461994428198212,148.72900291373057,1.8188618646050856,0.002296296681276268
7.73,2.7006513602019777,757.6823051235783,0.20928256007638688,0.0005448048234258479,148.73018359271018,1.8161370597997364,0.002293204746130887
7.735,2.70013413759265,757.6813313499488,0.20928448522774343,0.0005434129963418624,148.7313599166049,1.8134160314778778,0.002290116541225211
7.74,2.699609014030052,757.6803507423414,0.20928640637332993,0.0005420239499155377,148.73253190359594,1.8106987718737895,0.0022870320628247454
7.745,2.6990760102451126,757.6793633394904,0.2092883235293186,0.0005406376726026864,148.7336995741401,1.8079852732663775,0.002283951307192502
7.75,2.698535147279986,757.678369180399,0.20929023671173325,0.0005392541529667313,148.73486294748642,1.8052755279790065,0.0022808742705890802
7.755,2.6979864464869565,757.6773683043372,0.2092921459364499,0.000537873379678237,148.7360220443713,1.8025695283793501,0.0022778009492727363
7.76,2.697429929527865,757.6763607508404,0.20929405121919747,0.0005364953415143871,148.73717688625726,1.7998672668792246,0.002274731339499467
7.765000000000001,2.6968656183729975,757.6753465597085,0.2092959525755587,0.0005351200273585125,148.7383274917763,1.7971687359344368,0.002271665437523076
7.7700000000000005,2.6962935353004682,757.6743257710032,0.2092978500209706,0.0005337474261995763,148.73947388089846,1.7944739280446227,0.0022686032395952587
7.775,2.695713702895078,757.6732984250475,0.20929974357072542,0.0005323775271317044,148.74061607168744,1.7917828357530932,0.002265544741965665
7.78,2.6951261440476895,757.672264562423,0.2093016332399712,0.0005310103193536694,148.74175408123324,1.7890954516466728,0.0022624899408819838
7.785,2.694530881954069,757.6712242239698,0.20930351904371225,0.0005296457921684264,148.74288792992752,1.7864117683555483,0.0022594388325900073
7.79,2.6939279401142184,757.6701774507833,0.20930540099681025,0.0005282839349825984,148.74401763644275,1.783731778553105,0.002256391413333712
7.795,2.693317342331191,757.6691242842131,0.20930727911398447,0.0005269247373060153,148.74514322162915,1.7810554749557792,0.0022533476793553226
7.8,2.69269911271041,757.6680647658624,0.20930915340981276,0.0005255681887512009,148.74626470740364,1.778382850322893,0.002250307626895393
7.805000000000001,2.692073275658473,757.6669989375844,0.20931102389873255,0.0005242142790329111,148.74738211161585,1.775713897456505,0.0022472712521928685
7.8100000000000005,2.6914398558824284,757.6659268414825,0.20931289059504096,0.000522862997967628,148.7484954540725,1.773048609201251,0.002244238551485168
7.815,2.690798878388545,757.6648485199077,0.20931475351289602,0.0005215143354730978,148.7496047518576,1.7703869784441908,0.0022412095210082423
7.82,2.6901503684815853,757.6637640154568,0.2093166126663172,0.0005201682815678262,148.7507100206708,1.7677289981146491,0.0022381841569966564
7.825,2.6894943517635603,757.6626733709713,0.2093184680691856,0.0005188248263706188,148.75181128099516,1.7650746611840655,0.002235162455683648
7.83,2.6888308541329575,757.6615766295351,0.2093203197352453,0.0005174839601000795,148.75290855085842,1.762423960665834,0.0022321444133012076
7.835,2.688159901783469,757.6604738344736,0.20932216767810347,0.0005161456730741529,148.7540018514545,1.7597768896151542,0.002229130026080139
7.84,2.6874815212032117,757.6593650293509,0.20932401191123126,0.000514809955709624,148.75509120553826,1.7571334411288708,0.002226119290250134
7.845,2.686795739173439,757.6582502579689,0.20932585244796506,0.0005134767985216606,148.7561766300162,1.754493608345323,0.002223112202039835
7.8500000000000005,2.6861025827677203,757.6571295643652,0.20932768930150641,0.0005121461921233169,148.75725814464153,1.7518573844441878,0.00222010875767691
7.855,2.685402079350626,757.6560029928118,0.20932952248492329,0.0005108181272250791,148.75833576526026,1.74922476264633,0.0022171089533881113
7.86,2.6846942565768974,757.6548705878126,0.20933135201115055,0.0005094925946343684,148.75940950578084,1.7465957362136415,0.0022141127853993504
7.865,2.683979142390116,757.6537323941025,0.20933317789298997,0.0005081695852550871,148.76047938862817,1.7439702984488936,0.0022111202499357587
7.87,2.683256765021833,757.6525884566448,0.20933500014311177,0.0005068490900871267,148.76154543263718,1.7413484426955792,0.0022081313432217573
7.875,2.682527152990215,757.6514388206298,0.20933681877405502,0.0005055311002259144,148.76260765574375,1.738730162337762,0.002205146061481119
7.88,2.6817903350991616,757.6502835314733,0.20933863379822804,0.000504215606861922,148.7636660791638,1.7361154507999201,0.0022021644009370396
7.885,2.681046340436928,757.6491226348144,0.20934044522790965,0.0005029026012802132,148.76472071999817,1.7335043015467961,0.002199186357812195
7.890000000000001,2.6802951983752124,757.6479561765137,0.2093422530752494,0.0005015920748599565,148.76577159654175,1.730896708083239,0.0021962119283288123
7.8950000000000005,2.6795369385677654,757.6467842026519,0.20934405735226838,0.0005002840190739724,148.76681872644158,1.728292663954057,0.0021932411087087302
7.9,2.678771590949449,757.6456067595274,0.20934585807086004,0.0004989784254882474,148.76786212571534,1.7256921627438584,0.0021902738951734644
7.905,2.6779991857348238,757.6444238936547,0.20934765524279034,0.000497675285761483,148.76890181383197,1.7230951980769025,0.0021873102839442683
7.91,2.6772197534171878,757.6432356517628,0.20934944887969895,0.0004963745916446122,148.76993780888034,1.7205017636169442,0.0021843502712422004
7.915,2.676433324767141,757.6420420807929,0.20935123899309957,0.0004950763349803483,148.7709701299876,1.717911853067083,0.002181393853288181
7.92,2.6756399308315997,757.6408432278972,0.20935302559438074,0.0004937805077027034,148.77199879758516,1.7153254601696082,0.0021784410263030593
7.925,2.6748396029323502,757.6396391404362,0.20935480869480663,0.0004924871018365375,148.77302382909295,1.712742578705848,0.002175491786507671
7.930000000000001,2.6740323726650317,757.6384298659775,0.20935658830551754,0.0004911961094970788,148.77404524331905,1.7101632024960136,0.0021725461301229042
7.9350000000000005,2.67321827189766,757.6372154522935,0.20935836443753075,0.0004899075228894756,148.77506305662607,1.7075873253990514,0.0021696040533697547
7.94,2.6723973327696,757.6359959473598,0.2093601371017411,0.000488621334308316,148.77607728433023,1.705014941312485,0.0021666655524693913
7.945,2.6715695876900716,757.6347713993532,0.20936190630892137,0.00048733753613717964,148.77708794474597,1.7024460441722662,0.0021637306236432117
7.95,2.6707350693370917,757.6335418566496,0.2093636720697233,0.00048605612084816195,148.77809505404187,1.6998806279526193,0.002160799263112907
7.955,2.6698938106559646,757.6323073678224,0.2093654343946779,0.00048477708100142387,148.77909863182566,1.6973186866658911,0.002157871467100514
7.96,2.669045844858201,757.6310679816404,0.20936719329419626,0.0004835004092447187,148.78009869834818,1.694760214362396,0.0021549472318284826
7.965,2.668191205419987,757.6298237470658,0.20936894877857043,0.0004822260983129417,148.78109527107873,1.6922052051302656,0.002152026553519726
7.97,2.667329926081084,757.6285747132525,0.2093707008579737,0.0004809541410276588,148.78208837003532,1.6896536530952928,0.002149109428397686
7.9750000000000005,2.6664620408432733,757.6273209295439,0.20937244954246187,0.00047968453029665617,148.7830780106314,1.6871055524207814,0.0021461958526863834
7.98,2.6655875839692387,757.6260624454712,0.20937419484197337,0.00047841725911347126,148.78406420804848,1.6845608973073936,0.002143285822610484
7.985,2.664706589980988,757.6247993107511,0.20937593676632993,0.0004771523205569417,148.7850469795601,1.6820196819929951,0.002140379334395346
7.99,2.663819093658713,757.6235315752841,0.20937767532523757,0.0004758897077907375,148.78602633943487,1.679481900752504,0.0021374763842670853
7.995,2.6629251300391985,757.6222592891526,0.20937941052828668,0.00047462941406291136,148.7870023075139,1.676947547897736,0.0021345769684526232
8.0,2.6620247344146546,757.6209825026185,0.20938114238495298,0.0004733714327054316,148.7879749031923,1.6744166177772548,0.002131681083179751
8.005,2.661117942331107,757.6197012661219,0.2093828709045983,0.0004721157571337311,148.7889441445672,1.6718891047762139,0.0021287887246771754
8.01,2.6602047895872114,757.6184156302782,0.209384596096471,0.0004708623808462443,148.789910052963,1.6693650033162097,0.0021258998891745856
8.015,2.659285312232624,757.6171256458767,0.20938631796970705,0.0004696112974239536,148.79087264302757,1.666844307855122,0.0021230145729026935
8.02,2.658359546566792,757.6158313638789,0.2093880365333304,0.0004683625005299286,148.79183193049525,1.664327012886967,0.002120132772093304
8.025,2.6574275291373093,757.6145328354155,0.20938975179625363,0.0004671159839088726,148.79278793110583,1.6618131129417368,0.0021172544829793517
8.03,2.6564892967386835,757.6132301117852,0.2093914637672787,0.00046587174138666275,148.79374065710732,1.6593026025852546,0.002114379701794971
8.035,2.6555448864106728,757.6119232444524,0.20939317245509706,0.0004646297668698969,148.79469012964503,1.6567954764190114,0.0021115084247755344
8.040000000000001,2.6545943354370336,757.610612285045,0.2093948778682907,0.00046339005434543385,148.79563636776405,1.6542917290800212,0.0021086406481577173
8.045,2.6536376813438425,757.6092972853527,0.20939658001533312,0.00046215259787994186,148.7965793875869,1.6517913552406627,0.0021057763681795426
8.05,2.6526749618982173,757.6079782973245,0.2093982789045893,0.0004609173916194364,148.79751920959902,1.6492943496085237,0.002102915581080434
8.055,2.651706215106625,757.6066553730673,0.20939997454431716,0.00045968442978883205,148.79845584841806,1.646800706926253,0.0021000582831012717
8.06,2.6507314792135817,757.6053285648431,0.20940166694266765,0.0004584537066914794,148.79938931931065,1.644310421971399,0.002097204470484437
8.065,2.6497507926999444,757.6039979250676,0.20940335610768554,0.00045722521670871734,148.80031963866398,1.6418234895562633,0.0020943541394738696
8.07,2.6487641942815876,757.6026635063073,0.20940504204731009,0.0004559989542994102,148.8012468197903,1.6393399045277384,0.002091507286315113
8.075,2.6477717229076814,757.6013253612784,0.20940672476937539,0.00045477491399950045,148.8021708818896,1.6368596617671594,0.002088663907255367
8.08,2.6467734177593454,757.5999835428441,0.2094084042816112,0.0004535530904215462,148.8030918430325,1.634382756190145,0.0020858239985435375
8.085,2.645769318247912,757.5986381040126,0.2094100805916438,0.00045233347825427296,148.80400972106435,1.6319091827464451,0.002082987556430284
8.09,2.644759464013559,757.5972890979349,0.20941175370699616,0.0004511160722621144,148.80492453679236,1.6294389364197868,0.0020801545771680736
8.095,2.6437438949235568,757.595936577903,0.2094134236350894,0.00044990086728475886,148.80583630435336,1.6269720122277131,0.0020773250570112196
8.1,2.6427226510708817,757.5945805973475,0.20941509038324285,0.0004486878582366955,148.80674503945812,1.624508405221437,0.0020744989922159424
8.105,2.641695772772447,757.593221209836,0.20941675395867482,0.0004474770401067582,148.8076507567274,1.6220481104856752,0.0020716763790404043
8.11,2.640663300567697,757.5918584690701,0.2094184143685034,0.00044626840795767257,148.80855346758366,1.6195911231385036,0.0020688572137447713
8.115,2.6396252752168214,757.5904924288837,0.20942007161974632,0.0004450619569255999,148.80945319222104,1.6171374383311903,0.002066041492591243
8.120000000000001,2.638581737699331,757.5891231432416,0.20942172571932247,0.000443857682219684,148.8103499482311,1.6146870512480482,0.0020632292118441175
8.125,2.6375327292122543,757.5877506662362,0.20942337667405217,0.0004426555791215957,148.8112437512873,1.612239957106275,0.0020604203677698236
8.13,2.636478291168697,757.5863750520857,0.20942502449065786,0.0004414556429850774,148.81213462106527,1.6097961511557948,0.002057614956636974
8.135,2.635418465196023,757.5849963551326,0.20942666917576494,0.00044025786923549066,148.81302257192178,1.607355628679105,0.0020548129747164096
8.14,2.6343532931343914,757.5836146298408,0.20942831073590223,0.00043906225336935874,148.8139076192797,1.6049183849911166,0.0020520144182812425
8.145,2.633282817034929,757.5822299307936,0.2094299491775027,0.00043786879095391467,148.81478977860124,1.6024844154389992,0.002049219283606905
8.15,2.632207079158243,757.5808423126916,0.2094315845069041,0.00043667747762664354,148.81566906286977,1.6000537154020211,0.0020464275669711896
8.155,2.6311261219725792,757.5794518303511,0.2094332167303493,0.00043548830909483045,148.81654549006234,1.597626280291394,0.002043639264654297
8.16,2.630039988152319,757.5780585387008,0.2094348458539872,0.0004343012811351029,148.81741907669664,1.5952021055501133,0.0020408543729388776
8.165000000000001,2.628948720576125,757.5766624927804,0.20943647188387338,0.0004331163895929775,148.81828984010394,1.5927811866528,0.0020380728881100756
8.17,2.6278523623254144,757.5752637477385,0.20943809482597048,0.00043193363038240487,148.81915779982103,1.590363519105546,0.0020352948064555746
8.175,2.626750956682491,757.5738623588297,0.20943971468614944,0.0004307529994853113,148.8200229699543,1.5879490984457472,0.0020325201242656324
8.18,2.6256445471290064,757.5724583814135,0.20944133147018973,0.00042957449295114817,148.8208853663975,1.585537920241955,0.0020297488378331354
8.185,2.6245331773440714,757.5710518709509,0.20944294518378004,0.00042839810689643086,148.82174500342796,1.5831299800937073,0.0020269809434536276
8.19,2.623416891202703,757.5696428830031,0.20944455583251914,0.0004272238375042885,148.8226018929688,1.5807252736313788,0.002024216437425366
8.195,2.6222957327739267,757.5682314732289,0.20944616342191594,0.00042605168102400254,148.82345605144357,1.5783237965160095,0.002021455316049347
8.2,2.621169746319202,757.5668176973829,0.2094477679573907,0.00042488163377055616,148.82430749291782,1.5759255444391582,0.0020186975756293626
8.205,2.620038976290502,757.5654016113124,0.20944936944427514,0.00042371369212417263,148.82515623550827,1.5735305131227293,0.0020159432124720253
8.21,2.6189034673287312,757.5639832709561,0.20945096788781342,0.0004225478525298641,148.8260022987596,1.571138698318823,0.002013192222886823
8.215,2.617763264261801,757.5625627323417,0.20945256329316292,0.00042138411149697064,148.82684569759328,1.5687500958095681,0.0020104446031861505
8.22,2.6166184121030116,757.5611400515834,0.20945415566539463,0.00042022246559870574,148.8276864503679,1.5663647014069622,0.002007700349685349
8.225,2.6154689560491278,757.5597152848798,0.20945574500949418,0.0004190629114716981,148.8285245695213,1.563982510952712,0.0020049594587027487
8.23,2.614314941478743,757.5582884885116,0.20945733133036232,0.0004179054458155351,148.8293600666133,1.5616035203180691,0.002002221926559705
8.235,2.6131564139503385,757.5568597188399,0.20945891463281507,0.0004167500653923048,148.83019295710892,1.5592277254036708,0.0019994877495806383
8.24,2.611993419200633,757.5554290323029,0.20946049492158514,0.00041559676702613874,148.83102325224962,1.5568551221393747,0.0019967569240930713
8.245000000000001,2.6108260031426305,757.5539964854148,0.20946207220132163,0.000414445547602753,148.83185097077418,1.5544857064840982,0.001994029446427667
8.25,2.6096542118639543,757.5525621347629,0.20946364647659116,0.0004132964040689929,148.8326761313888,1.5521194744256575,0.001991305312918269
8.255,2.6084780916248795,757.5511260370055,0.20946521775187876,0.0004121493334323687,148.83349874987672,1.5497564219805973,0.00198858451990193
8.26,2.6072976888566552,757.5496882488699,0.209466786031588,0.0004110043327606045,148.83431884665953,1.5473965451940377,0.0019858670637189603
8.265,2.6061130501595233,757.5482488271496,0.20946835132004266,0.0004098613991811711,148.83513643152298,1.5450398401394987,0.0019831529407129526
8.27,2.6049242223010274,757.5468078287025,0.2094699136214866,0.00040872052988083485,148.83595151512296,1.5426863029187488,0.001980442147230829
8.275,2.603731252214045,757.5453653104488,0.2094714729400841,0.00040758172210519136,148.8367641124732,1.540335929661628,0.0019777346796228655
8.28,2.6025341869949945,757.5439213293682,0.20947302927992098,0.00040644497315821027,148.8375742391369,1.5379887165258928,0.0019750305342427377
8.285,2.6013330739019476,757.5424759424981,0.2094745826450047,0.0004053102804017718,148.8383819140542,1.5356446596970432,0.001972329707447546
8.290000000000001,2.6001279603527863,757.5410292069311,0.20947613303926585,0.00040417764125520934,148.83918715234708,1.533303755388164,0.001969632195597858
8.295,2.5989188939233285,757.5395811798129,0.2094776804665583,0.0004030470531948474,148.8399899688501,1.5309659998397562,0.0019669379950577395
8.3,2.597705922345447,757.5381319183399,0.20947922493066015,0.00040191851375354,148.8407903748739,1.5286313893195689,0.0019642471021947875
8.305,2.5964890935051805,757.5366814797569,0.20948076643527405,0.00040079202052021174,148.84158838462832,1.5262999201224376,0.0019615595133801664
8.31,2.5952684554408516,757.5352299213553,0.2094823049840278,0.0003996675711393933,148.84238401273012,1.5239715885701113,0.0019588752249886363
8.315,2.5940440563411586,757.53377730047,0.2094838405804749,0.000398545163310763,148.8431772775117,1.5216463910110922,0.001956194233398595
8.32,2.592815944543277,757.5323236744778,0.20948537322809577,0.000397424794788681,148.84396819290882,1.5193243238204621,0.0019535165349920973
8.325,2.591584168530956,757.5308691007949,0.20948690293029795,0.0003963064633817301,148.84475677345515,1.5170053833997192,0.0019508421261549011
8.33,2.5903487769325984,757.529413636875,0.20948842969041706,0.00039519016695225027,148.8455430316918,1.5146895661766053,0.001948171003276487
8.335,2.5891098185193377,757.5279573402061,0.209489953511717,0.0003940759034158777,148.84632698271258,1.5123768686049428,0.0019455031627500985
8.34,2.5878673422031415,757.5265002683091,0.20949147439739105,0.0003929636707410818,148.8471086387497,1.510067287164463,0.00194283860097277
8.345,2.5866213970348237,757.5250424787353,0.20949299235056193,0.0003918534669486979,148.8478880168018,1.5077608183606337,0.001940177314345354
8.35,2.585372032202197,757.523584029064,0.2094945073742831,0.0003907452901114702,148.848665130561,1.505457458724499,0.0019375192992725605
8.355,2.5841192970280153,757.5221249769,0.2094960194715389,0.00038963913835357843,148.84943999640495,1.5031572048124973,0.0019348645521629754
8.36,2.582863240968153,757.5206653798722,0.20949752864524554,0.0003885350098501832,148.85021262939418,1.500860053206303,0.001932213069429103
8.365,2.5816039136095217,757.5192052956302,0.20949903489825164,0.0003874329028269508,148.85098304324785,1.4985660005126444,0.0019295648474873808
8.370000000000001,2.580341364668233,757.5177447818426,0.20950053823333892,0.0003863328155595973,148.8517512518308,1.4962750433631435,0.001926919882758223
8.375,2.579075643987531,757.516283896195,0.2095020386532228,0.00038523474637341645,148.8525172682549,1.4939871784141372,0.0019242781716660394
8.38,2.577806801535914,757.514822696387,0.20950353616055314,0.0003841386936428173,148.85328110487208,1.4917024023465077,0.0019216397106392661
8.385,2.5765348874050904,757.5133612401304,0.20950503075791457,0.0003830446557908566,148.8540427758054,1.4894207118655132,0.0019190044961103962
8.39,2.575259951808067,757.5118995851469,0.20950652244782744,0.0003819526312887736,148.85480229435228,1.4871421037006112,0.0019163725245160037
8.395,2.5739820450770963,757.5104377891657,0.2095080112327483,0.0003808626186555223,148.85555967616446,1.48486657460529,0.0019137437922967745
8.4,2.572701217661766,757.5089759099213,0.20950949711507053,0.0003797746164573056,148.8563149368103,1.4825941213568925,0.0019111182958975294
8.405,2.571417520126927,757.5075140051508,0.20951098009712527,0.00037868862330710636,148.85706809023435,1.4803247407564457,0.0019084960317672548
8.41,2.5701310031507787,757.5060521325925,0.20951246018118175,0.00037760463786422165,148.85781915159419,1.4780584296284838,0.0019058769963591256
8.415000000000001,2.5688417175227847,757.5045903499825,0.2095139373694483,0.00037652265883379255,148.85856813274066,1.4757951848208761,0.001903261186130532
8.42,2.5675497141417516,757.5031287150539,0.20951541166407275,0.0003754426849663397,148.85931504594305,1.4735350032046546,0.0019006485975431094
8.425,2.5662550440137384,757.5016672855327,0.20951688306714303,0.0003743647150572892,148.86005990447043,1.4712778816738319,0.0018980392270627534
8.43,2.56495775825012,757.5002061191368,0.20951835158068804,0.0003732887479465108,148.86080272023034,1.469023817145237,0.0018954330711596578
8.435,2.563657908065496,757.4987452735736,0.20951981720667778,0.0003722147825178419,148.86154350901276,1.466772806558328,0.0018928301263083263
8.44,2.562355544775742,757.497284806537,0.20952127994702452,0.00037114281769862526,148.86228228572804,1.464524846875028,0.0018902303889876092
8.445,2.561050719795909,757.4958247757061,0.2095227398035833,0.0003700728524592324,148.86301906489584,1.462279935079538,0.001887633855680715
8.45,2.5597434846382687,757.494365238742,0.20952419677815243,0.00036900488581260104,148.8637538622809,1.4600380681781702,0.0018850405228752463
8.455,2.5584338909102056,757.4929062532863,0.2095256508724747,0.00036793891681375783,148.8644866890872,1.457799243199162,0.0018824503870632102
8.46,2.557121990312252,757.491447876958,0.2095271020882375,0.0003668749445593548,148.86521755767606,1.4555634571925078,0.0018798634447410529
8.465,2.555807834635979,757.4899901673522,0.20952855042707355,0.0003658129681871938,148.86594647982696,1.453330707229775,0.0018772796924096755
8.47,2.5544914757620134,757.4885331820368,0.2095299958905618,0.0003647529868757587,148.86667346605768,1.4511009904039283,0.0018746991265744567
8.475,2.5531729656579323,757.4870769785513,0.20953143848022743,0.00036369499984374324,148.86739853186523,1.448874303829152,0.0018721217437452772
8.48,2.5518523563762674,757.4856216144034,0.20953287819754307,0.00036263900634958047,148.8681216910876,1.4466506446406713,0.0018695475404365389
8.485,2.550529700052396,757.4841671470675,0.20953431504392928,0.00036158500569097096,148.86884295917403,1.4444300099945728,0.0018669765131671874
8.49,2.549205048902535,757.4827136339821,0.2095357490207551,0.00036053299720441165,148.86956235258225,1.4422123970676264,0.0018644086584607318
8.495000000000001,2.5478784552216265,757.4812611325481,0.20953718012933925,0.0003594829802647233,148.87027988235909,1.4399978030571041,0.0018618439728452668
8.5,2.5465499713813293,757.4798097001253,0.20953860837095017,0.0003584349542845807,148.87099556158836,1.437786225180605,0.001859282452853493
8.505,2.5452196498278914,757.4783593940316,0.20954003374680713,0.00035738891871403664,148.87170940041014,1.4355776606758663,0.001856724095022732
8.51,2.5438875430801406,757.4769102715395,0.20954145625808057,0.0003563448730400548,148.87242140837097,1.433372106800594,0.0018541688958949546
8.515,2.5425537037273553,757.4754623898748,0.20954287590589246,0.0003553028167860323,148.87313160141233,1.4311695608322712,0.0018516168520167895
8.52,2.5412181844272395,757.4740158062133,0.20954429269131752,0.00035426274951133217,148.8738399920572,1.4289700200679878,0.001849067959939554
8.525,2.539881037903791,757.47257057768,0.20954570661538352,0.0003532246708108056,148.87454659363044,1.426773481824248,0.00184652221621926
8.53,2.5385423169452745,757.4711267613452,0.20954711767907194,0.0003521885803143243,148.87525142127149,1.4245799434368,0.0018439796174166436
8.535,2.537202074402086,757.4696844142235,0.209548525883319,0.0003511544776863026,148.87595448696467,1.422389402260444,0.0018414401600971733
8.540000000000001,2.535860363184713,757.4682435932708,0.20954993122901588,0.0003501223626252291,148.8766558040295,1.420201855668858,0.0018389038408310758
8.545,2.5345172362616033,757.4668043553828,0.20955133371700974,0.0003490922348631907,148.87735538326075,1.4180173010544108,0.0018363706561933476
8.55,2.5331727466571134,757.4653667573915,0.20955273334810415,0.0003480640941654,148.87805323546758,1.4158357358279796,0.0018338406027637731
8.555,2.5318269474493786,757.4639308560645,0.20955413012305946,0.00034703794032972345,148.87874937468138,1.4136571574187689,0.001831313677126943
8.56,2.530479891768253,757.4624967081014,0.209555524042594,0.00034601377318620624,148.8794438131198,1.411481563274125,0.001828789875872268
8.565,2.529131632793177,757.4610643701325,0.20955691510738414,0.00034499159259660146,148.8801365655177,1.409308950859355,0.001826269195593997
8.57,2.5277822237511094,757.4596338987162,0.20955830331806538,0.0003439713984538941,148.88082764650042,1.4071393176575397,0.00182375163289123
8.575000000000001,2.5264317179143982,757.4582053503365,0.20955968867523309,0.00034295319068183025,148.8815170667989,1.404972661169352,0.0018212371843679353
8.58,2.5250801685987057,757.4567787814013,0.20956107117944284,0.0003419369692344429,148.88220483891558,1.402808978912874,0.0018187258466329664
8.585,2.5237276291608723,757.4553542482398,0.20956245083121133,0.00034092273409557785,148.88289097269856,1.4006482684234052,0.0018162176163000684
8.59,2.5223741529968433,757.4539318071004,0.2095638276310169,0.00033991048527842255,148.88357547769513,1.3984905272532884,0.0018137124899879047
8.595,2.5210197935395287,757.4525115141487,0.20956520157929986,0.0003389002228250312,148.88425836765552,1.3963357529717138,0.0018112104643200574
8.6,2.519664604256725,757.4510934254645,0.2095665726764635,0.00033789194680585333,148.88493965441344,1.394183943164544,0.0018087115359250532
8.605,2.518308638648972,757.4496775970406,0.20956794092287448,0.0003368856573192596,148.88561935335701,1.3920350954341179,0.001806215701436366
8.61,2.516951950247475,757.4482640847799,0.20956930631886359,0.00033588135449107013,148.88629747954784,1.3898892073990752,0.0018037229574924393
8.615,2.5155945926119583,757.4468529444937,0.20957066886472703,0.00033487903847408037,148.88697404129158,1.3877462766941617,0.00180123330073669
8.620000000000001,2.5142366193285803,757.4454442318988,0.20957202856072607,0.00033387870944758983,148.88764905056954,1.3856063009700503,0.0017987467278175286
8.625,2.512878084007791,757.4440380026159,0.20957338540708825,0.0003328803676169304,148.88832251951413,1.3834692778931499,0.001796263235388366
8.63,2.511519040282239,757.4426343121672,0.20957473940400792,0.00033188401321299093,148.88899445807547,1.3813352051454195,0.001793782820107625
8.635,2.510159541804637,757.4412332159743,0.20957609055164667,0.00033088964649175006,148.88966487942878,1.379204080424184,0.0017913054786387562
8.64,2.508799642245655,757.4398347693556,0.20957743885013422,0.00032989726773379906,148.89033379555548,1.377075901441944,0.0017888312076502434
8.645,2.5074393952917924,757.4384390275249,0.2095787842995689,0.00032890687724387613,148.89100121908004,1.3749506659261912,0.0017863600038156183
8.65,2.506078854643268,757.4370460455883,0.2095801269000184,0.00032791847535038884,148.8916671632243,1.3728283716192198,0.0017838918638134686
8.655,2.5047180740118917,757.4356558785429,0.20958146665152055,0.0003269320624049497,148.89233163844418,1.3707090162779398,0.0017814267843274491
8.66,2.5033571071189504,757.4342685812738,0.2095828035540837,0.0003259476387818985,148.89299465626596,1.3685925976736883,0.0017789647620462907
8.665000000000001,2.5019960076930805,757.4328842085528,0.2095841376076876,0.000324965204877839,148.89365622718688,1.3664791135920435,0.00177650579366381
8.67,2.5006348294681553,757.4315028150353,0.20958546881228388,0.0003239847611111627,148.89431636110604,1.3643685618326367,0.001774049875878921
8.675,2.499273626181154,757.430124455259,0.20958679716779655,0.0003230063079215834,148.89497507004856,1.36226094020896,0.0017715970053956357
8.68,2.49791245157005,757.4287491836412,0.20958812267412286,0.0003220298457696649,148.89563236512913,1.360156246548187,0.0017691471789230847
8.685,2.49655135937168,757.4273770544768,0.20958944533113377,0.0003210553751363549,148.89628825952877,1.3580544786909738,0.0017667003931755123
8.69,2.495190403319632,757.426008121936,0.20959076513867472,0.0003200828965225132,148.8969427664827,1.3559556344912804,0.0017642566448722967
8.695,2.4938296371421136,757.4246424400627,0.20959208209656624,0.00031911241044844707,148.89759589703445,1.353859711816175,0.0017618159307379463
8.700000000000001,2.4924691145598405,757.4232800627718,0.20959339620460463,0.00031814391745343956,148.8982476634528,1.3517667085456504,0.0017593782475021156
8.705,2.4911088892839115,757.4219210438473,0.20959470746256262,0.000317177418095288,148.89889807497755,1.3496766225724337,0.001756943591899607
8.71,2.4897490150136856,757.4205654369403,0.20959601587019006,0.00031621291294982925,148.89954714098545,1.347589451801795,0.001754511960670378
8.715,2.488389545434668,757.4192132955661,0.20959732142721416,0.0003152504026104835,148.90019487262185,1.3455051941513643,0.0017520833505595495
8.72,2.487030534216384,757.4178646731037,0.20959862413334054,0.000314289887687778,148.9008412795321,1.3434238475509364,0.0017496577583174092
8.725,2.4856720350102672,757.4165196227918,0.2095999239882534,0.00031333136880889307,148.90148637511766,1.3413454099422886,0.0017472351806994196
8.73,2.484314101447534,757.4151781977283,0.20960122099161652,0.00031237484661718643,148.90213017218053,1.3392698792789846,0.0017448156144662206
8.735,2.4829567871370744,757.4138404508672,0.20960251514307388,0.0003114203217717409,148.90277268223088,1.3371972535261936,0.0017423990563836366
8.74,2.481600145663326,757.4125064350164,0.2096038064422501,0.00031046779494688917,148.90341391825442,1.3351275306604928,0.0017399855032226802
8.745000000000001,2.4802442305841708,757.4111762028369,0.2096050948887515,0.00030951726683176343,148.90405388861953,1.3330607086696866,0.0017375749517595561
8.75,2.4788890954288063,757.4098498068394,0.20960638048216637,0.00030856873812982257,148.90469260259778,1.3309967855526132,0.0017351673987756684
8.755,2.4775347936956478,757.4085272993825,0.2096076632220655,0.00030762220955840054,148.90533006988233,1.3289357593189541,0.0017327628410576173
8.76,2.4761813788502,757.407208732671,0.20960894310800313,0.00030667768184823726,148.90596629859814,1.3268776279890508,0.0017303612753972115
8.765,2.474828904322964,757.405894158754,0.209610220139517,0.00030573515574302813,148.9066013021201,1.3248223895937101,0.0017279626985914622
8.77,2.47347742350731,757.404583629522,0.20961149431612933,0.0003047946319989559,148.90723509239112,1.3227700421740205,0.0017255671074425955
8.775,2.4721269897573865,757.4032771967055,0.20961276563734754,0.000303856111384242,148.90786768187965,1.3207205837811582,0.0017231744987580443
8.78,2.4707776563859962,757.4019749118729,0.20961403410266455,0.0003029195946786802,148.90849908445784,1.3186740124762042,0.0017207848693504614
8.785,2.4694294766625116,757.4006768264283,0.2096152997115601,0.00030198508267318953,148.90912930805047,1.316630326329949,0.0017183982160377108
8.790000000000001,2.4680825038107486,757.3993829916095,0.20961656246350072,0.0003010525761693491,148.9097583624191,1.3145895234227103,0.001716014535642879
8.795,2.4667367910068925,757.3980934584862,0.20961782235794055,0.00030012207597895544,148.91038625540438,1.3125516018441423,0.0017136338249942702
8.8,2.4653923913773683,757.3968082779577,0.20961907939432212,0.0002991935829235546,148.9110129938656,1.3105165596930441,0.0017112560809254078
8.805,2.4640493579967755,757.395527500751,0.20962033357207605,0.0002982670978340065,148.9116385922992,1.308484395077178,0.001708881300275038
8.81,2.4627077438857596,757.394251177419,0.2096215848906227,0.0002973426215500152,148.91226306167954,1.3064551061130736,0.001706509479887127
8.815,2.461367602008953,757.3929793583379,0.20962283334937232,0.0002964201549196973,148.91288641225773,1.3044286909258485,0.0017041406166108638
8.82,2.4600289852728476,757.391712093706,0.20962407894772572,0.00029549969879911353,148.91350865690475,1.3024051476490117,0.0017017747073006576
8.825000000000001,2.4586919465237465,757.3904494335412,0.2096253216850751,0.000294581254051839,148.91412980393818,1.3003844744242838,0.0016994117488161385
8.83,2.4573565385456364,757.3891914276792,0.20962656156080442,0.0002936648215484986,148.91474986304164,1.2983666694014044,0.0016970517380221596
8.835,2.4560228140581417,757.3879381257714,0.20962779857429,0.0002927504021663371,148.9153688431904,1.296351730737946,0.0016946946717887879
8.84,2.4546908257144087,757.3866895772832,0.20962903272490133,0.0002918379967887587,148.9159867522674,1.2943396565991283,0.0016923405469913136
8.845,2.453360626099061,757.3854458314917,0.20963026401200102,0.00029092760630489915,148.91660360218822,1.2923304451576294,0.0016899893605102374
8.85,2.4520322677260884,757.3842069374841,0.2096314924349461,0.00029001923160916726,148.91721940334128,1.2903240945934007,0.0016876411092312793
8.855,2.4507058030368096,757.3829729441558,0.20963271799308822,0.00028911287360082005,148.91783416753563,1.2883206030934793,0.0016852957900453664
8.86,2.4493812843977656,757.3817439002077,0.2096339406857743,0.00028820853318350616,148.91844790725025,1.286319968851803,0.0016829533998486404
8.865,2.44805876409869,757.3805198541454,0.20963516051234746,0.0002873062112648444,148.9190606306997,1.284322190069023,0.0016806139355424435
8.870000000000001,2.446738294350405,757.3793008542766,0.2096363774721473,0.00028640590875596847,148.91967234768785,1.2823272649523187,0.0016782773940333267
8.875,2.4454199272828028,757.3780869487093,0.20963759156451062,0.00028550762657111113,148.9202830655856,1.2803351917152148,0.0016759437722330386
8.88,2.4441037149427407,757.37687818535,0.209638802788772,0.00028461136562714725,148.92089279110664,1.2783459685773892,0.0016736130670585241
8.885,2.442789709292036,757.3756746119018,0.20964001114426392,0.00028371712684318516,148.9215015351341,1.2763595937644991,0.0016712852754319218
8.89,2.4414779622053637,757.3744762758622,0.20964121663031784,0.00028282491114011,148.9221093065841,1.2743760655079843,0.0016689603942805574
8.895,2.440168525468263,757.373283224522,0.20964241924626442,0.00028193471944017943,148.9227161180623,1.2723953820448948,0.0016666384205369412
8.9,2.4388614507750352,757.3720955049625,0.20964361899143422,0.0002810465526665688,148.9233219823601,1.270417541617695,0.0016643193511387622
8.905,2.4375567897267607,757.3709131640544,0.2096448158651586,0.00028016041174297067,148.9239269081779,1.268442542474093,0.0016620031830288835
8.91,2.436254593829206,757.3697362484553,0.2096460098667699,0.0002792762975931428,148.92453090649198,1.2664703828668447,0.001659689913155337
8.915000000000001,2.434954914490845,757.3685648046084,0.20964720099560252,0.0002783942111405111,148.92513398310243,1.2645010610535825,0.001657379538471317
8.92,2.4336578030207745,757.3673988787407,0.20964838925099308,0.00027751415330772147,148.92573614401576,1.2625345752966255,0.0016550720559351778
8.925,2.4323633106267444,757.3662385168604,0.20964957463228065,0.0002766361250162443,148.9263373987192,1.2605709238628,0.00165276746251042
8.93,2.431071488413078,757.3650837647563,0.20965075713880793,0.00027576012718593144,148.92693775406926,1.258610105023259,0.0016504657551656941
8.935,2.4297823873787157,757.3639346679946,0.20965193676992103,0.00027488616073462397,148.92753722345452,1.2566521170532992,0.001648166930874784
8.94,2.428496058415139,757.3627912719184,0.2096531135249705,0.00027401422657771167,148.92813581938825,1.2546969582321814,0.001645870986616609
8.945,2.4272125523044235,757.3616536216451,0.2096542874033122,0.0002731443256277453,148.92873355170585,1.2527446268429514,0.0016435779193752077
8.950000000000001,2.425931919717173,757.360521762065,0.20965545840430727,0.00027227645879399857,148.92933043296236,1.2507951211722568,0.0016412877261397397
8.955,2.424654211210582,757.3593957378393,0.20965662652732348,0.0002714106269820865,148.9299264676437,1.2488484395101744,0.0016390004039044707
8.96,2.423379477226373,757.3582755933984,0.20965779177173516,0.00027054683109352715,148.93052166171114,1.2469045801500211,0.001636715949668767
8.965,2.422107768088874,757.3571613729404,0.20965895413692368,0.00026968507202536807,148.93111602240904,1.2449635413881892,0.001634434360437089
8.97,2.420839134002961,757.3560531204288,0.20966011362227832,0.0002688253506697493,148.93170955447988,1.243025321523954,0.0016321556332189787
8.975,2.4195736250521516,757.3549508795915,0.20966127022719575,0.00026796766791353517,148.93230227360385,1.241089918859311,0.001629879765029056
8.98,2.4183112911965408,757.3538546939183,0.2096624239510817,0.00026711202463787726,148.93289419261794,1.2391573316987847,0.0016276067528870047
8.985,2.4170521822709135,757.3527646066598,0.20966357479335143,0.00026625842171785217,148.93348531897004,1.2372275583492682,0.0016253365938175683
8.99,2.4157963479827296,757.3516806608257,0.20966472275343007,0.0002654068600220452,148.93407566055544,1.2353005971198343,0.0016230692848505331
8.995000000000001,2.414543837910179,757.3506028991824,0.20966586783075325,0.0002645573404121646,148.93466522196405,1.2333764463215702,0.0016208048230207269
9.0,2.413294701500213,757.349531364252,0.20966701002476712,0.0002637098637426453,148.93525401259487,1.2314551042673985,0.0016185432053680044
9.005,2.412048988066596,757.3484660983107,0.20966814933492917,0.00026286443086026123,148.9358420419304,1.2295365692719027,0.0016162844289372353
9.01,2.4108067467879577,757.3474071433865,0.20966928576070865,0.0002620210426037371,148.93642932050182,1.2276208396511583,0.0016140284907782993
9.015,2.409568026705858,757.3463545412579,0.20967041930158745,0.0002611796998033664,148.93701585541277,1.225707913722556,0.001611775387946069
9.02,2.4083328767228336,757.3453083334526,0.20967154995706005,0.0002603404032806223,148.93760165746139,1.223797789804633,0.001609525117500405
9.025,2.4071013456004966,757.3442685612451,0.20967267772663445,0.0002595031538477875,148.93818673544476,1.221890466216902,0.0016072776765061385
9.03,2.4058734819575625,757.343235265656,0.2096738026098324,0.0002586679523075586,148.93877109902584,1.219985941279677,0.0016050330620330673
9.035,2.404649334267996,757.342208487449,0.20967492460619055,0.00025783479945269645,148.93935475164702,1.21808421331391,0.0016027912711559353
9.040000000000001,2.403428950859025,757.3411882671311,0.20967604371525997,0.00025700369606562246,148.93993770129245,1.2161852806410152,0.0016005523009544284
9.045,2.402212379909312,757.3401746449498,0.20967715993660702,0.0002561746429180819,148.9405199571275,1.2142891415827104,0.0015983161485131575
9.05,2.4009996694469726,757.3391676608916,0.20967827326981398,0.0002553476407707415,148.9411015272985,1.2123957944608366,0.0015960828109216466
9.055,2.3997908673477553,757.3381673546806,0.20967938371447922,0.00025452269037285445,148.9416824223131,1.2105052375972059,0.0015938522852743226
9.06,2.398586021333079,757.3371737657773,0.2096804912702179,0.0002536997924618688,148.9422626518197,1.2086174693134215,0.0015916245686704992
9.065,2.3973851789682117,757.3361869333763,0.2096815959366627,0.0002528789477630912,148.9428422227588,1.2067324879307264,0.0015893996582143676
9.07,2.396188387660335,757.3352068964057,0.20968269771346382,0.0002520601569893045,148.9434211430721,1.204850291769825,0.0015871775510149786
9.075000000000001,2.394995694656733,757.3342336935243,0.20968379660029,0.00025124342084043645,148.9439994177402,1.2029708791507314,0.001584958244186233
9.08,2.393807147042863,757.3332673631214,0.20968489259682838,0.0002504287400031815,148.94457705297012,1.2010942483925993,0.001582741734846867
9.085,2.3926227917405583,757.3323079433144,0.20968598570278504,0.0002496161151506757,148.94515405834318,1.1992203978135647,0.0015805280201204351
9.09,2.3914426755061178,757.3313554719477,0.20968707591788568,0.0002488055469421239,148.94573044198012,1.197349325730581,0.0015783170971353012
9.095,2.390266844928524,757.3304099865912,0.2096881632418757,0.00024799703602248005,148.94630621504385,1.1954810304592627,0.0015761089630246183
9.1,2.389095346427535,757.3294715245387,0.20968924767452118,0.0002471905830220794,148.9468813876118,1.1936155103137227,0.0015739036149263195
9.105,2.387928226251914,757.3285401228061,0.20969032921560918,0.0002463861885563237,148.94745596592375,1.1917527636064182,0.0015717010499830977
9.11,2.386765530477549,757.3276158181307,0.20969140786494805,0.0002455838532253201,148.94802995763692,1.1898927886479886,0.001569501265342397
9.115,2.3856073050056907,757.3266986469692,0.2096924836223682,0.0002447835776135714,148.94860336671647,1.1880355837471028,0.0015673042581563893
9.120000000000001,2.3844535955610766,757.3257886454967,0.209693556487722,0.00024398536228962005,148.94917619858487,1.1861811472102994,0.0015651100255819666
9.125,2.3833044476901937,757.3248858496046,0.20969462646088421,0.00024318920780574656,148.94974846336046,1.1843294773418394,0.0015629185647807215
9.13,2.3821599067594117,757.3239902948998,0.20969569354175274,0.00024239511469761532,148.95032016801053,1.1824805724435405,0.0015607298729189297
9.135,2.3810200179532592,757.3231020167029,0.20969675773024893,0.00024160308348398268,148.95089132102785,1.18063443081464,0.0015585439471675392
9.14,2.3798848262725736,757.3222210500473,0.2096978190263178,0.00024081311466634647,148.95146193163913,1.1787910507516266,0.0015563607847021473
9.145,2.3787543765327923,757.3213474296775,0.20969887742992885,0.00024002520872866108,148.9520320070232,1.1769504305481064,0.0015541803827029913
9.15,2.3776287133621126,757.3204811900474,0.20969993294107625,0.00023923936613699223,148.95260155513517,1.1751125684946369,0.0015520027383549252
9.155,2.3765078811998035,757.3196223653198,0.20970098555977923,0.0002384555873392387,148.95317058164449,1.1732774628785927,0.001549827848847408
9.16,2.3753919242943775,757.318770989364,0.2097020352860826,0.0002376738727647928,148.95373909268426,1.171445111984005,0.0015476557113744825
9.165000000000001,2.3742808867019165,757.3179270957554,0.2097030821200569,0.00023689422282426834,148.95430709545207,1.1696155140914277,0.0015454863231347616
9.17,2.373174812284261,757.3170907177738,0.20970412606179897,0.0002361166379091684,148.95487459653518,1.1677886674777807,0.00154331968133141
9.175,2.3720737447073477,757.3162618884021,0.20970516711143203,0.0002353411183916172,148.95544160510568,1.1659645704162132,0.0015411557831721229
9.18,2.370977727439419,757.3154406403247,0.2097062052691064,0.00023456766462403642,148.95600812948427,1.1641432211759546,0.001538994625869115
9.185,2.3698868037493734,757.3146270059269,0.2097072405349999,0.00023379627693888256,148.95657417728643,1.1623246180221785,0.0015368362066390953
9.19,2.3688010167049884,757.313821017293,0.2097082729093179,0.00023302695564832954,148.95713975641013,1.1605087592158543,0.0015346805227032562
9.195,2.3677204091712913,757.3130227062053,0.20970930239229424,0.00023225970104401295,148.95770487165603,1.158695643013615,0.0015325275712872472
9.200000000000001,2.3666450238087955,757.312232104143,0.20971032898419112,0.00023149451339671837,148.95826952869157,1.1568852676676105,0.0015303773496211644
9.205,2.365574903071888,757.3114492422807,0.20971135268529958,0.00023073139295613426,148.9588337332977,1.1550776314253788,0.0015282298549395268
9.21,2.3645100892070805,757.3106741514871,0.2097123734959398,0.00022997033995054351,148.9593974910214,1.1532727325296972,0.0015260850844812579
9.215,2.363450624251417,757.3099068623243,0.20971339141646128,0.00022921135458658627,148.95996081088143,1.1514705692184624,0.0015239430354896694
9.22,2.3623965500307356,757.3091474050458,0.20971440644724346,0.00022845443704895625,148.9605237007987,1.149671139724539,0.001521803705212438
9.225,2.3613479081580993,757.3083958095963,0.20971541858869588,0.0002276995875001711,148.96108616919682,1.147874442275645,0.0015196670909015913
9.23,2.3603047400320682,757.3076521056096,0.2097164278412587,0.00022694680608027507,148.9616482244758,1.1460804750942013,0.0015175331898134824
9.235,2.3592670868351515,757.3069163224079,0.20971743420540317,0.0002261960929066165,148.96220987109658,1.1442892363972188,0.001515401999208776
9.24,2.3582349895320958,757.3061884890006,0.2097184376816316,0.00022544744807355716,148.9627711146941,1.1425007243961525,0.0015132735163524236
9.245000000000001,2.357208488868353,757.3054686340835,0.209719438270478,0.00022470087165225684,148.963331959422,1.140714937296789,0.0015111477385136472
9.25,2.3561876253683867,757.3047567860366,0.20972043597250808,0.0002239563636903904,148.96389240962569,1.138931873299106,0.001509024662965919
9.255,2.355172439334157,757.3040529729242,0.20972143078831948,0.00022321392421193714,148.96445247374027,1.1371515305971576,0.0015069042869869371
9.26,2.354162970843446,757.303357222493,0.20972242271854227,0.0002224735532169073,148.96501215882006,1.135373907378941,0.0015047866078586115
9.265,2.3531592597483586,757.3026695621717,0.20972341176383907,0.00022173525068113747,148.96557147437443,1.133599001826282,0.0015026716228670372
9.27,2.352161345673665,757.3019900190691,0.2097243979249057,0.00022099901655602393,148.9661304287997,1.1318268121147046,0.0015005593293024799
9.275,2.351169268015322,757.3013186199736,0.20972538120247147,0.0002202648507683257,148.96668902519022,1.1300573364133193,0.001498449724459348
9.28,2.350183065938832,757.3006553913523,0.20972636159729924,0.00021953275321990473,148.9672472697509,1.1282905728846953,0.0014963428056361796
9.285,2.349202778377783,757.300000359349,0.20972733911018568,0.00021880272378753664,148.96780516803344,1.126526519684752,0.0014942385701356144
9.290000000000001,2.348228444032223,757.2993535497847,0.2097283137419617,0.00021807476232265749,148.96836272448095,1.1247651749626322,0.0014921370152643776
9.295,2.347260101367224,757.2987149881549,0.20972928549349246,0.0002173488686511834,148.96891994637522,1.1230065368605993,0.0014900381383332563
9.3,2.3462977886112686,757.2980846996301,0.20973025436567777,0.00021662504257326172,148.9694768397566,1.1212506035139083,0.0014879419366570766
9.305,2.3453415437548397,757.2974627090537,0.20973122035945235,0.00021590328386310114,148.97003341162684,1.119497373050711,0.0014858484075546865
9.31,2.3443914045488192,757.2968490409415,0.20973218347578612,0.0002151835922687282,148.9705896692773,1.1177468435919267,0.0014837575483489295
9.315,2.3434474085030934,757.2962437194813,0.20973314371568452,0.00021446596751182535,148.97114561856478,1.115999013251152,0.0014816693563666262
9.32,2.342509592884981,757.2956467685304,0.20973410108018858,0.00021375040928749524,148.97170126559288,1.1142538801345319,0.0014795838289385496
9.325000000000001,2.3415779947178583,757.2950582116163,0.20973505557037547,0.0002130369172641061,148.97225661425074,1.1125114423406728,0.001477500963399406
9.33,2.3406526507795986,757.2944780719348,0.20973600718735846,0.00021232549108306424,148.9728116689966,1.110771697960521,0.0014754207570878118
9.335,2.3397335976012172,757.2939063723496,0.20973695593228703,0.0002116161303586648,148.973366435339,1.1090346450772701,0.0014733432073462684
9.34,2.3388208714653334,757.293343135391,0.20973790180634735,0.00021090883467787412,148.97392091832904,1.1073002817662496,0.0014712683115211459
9.345,2.337914508404833,757.2927883832552,0.20973884481076221,0.00021020360360018704,148.97447512580604,1.1055686060948327,0.0014691960669626532
9.35,2.337014544201351,757.2922421378038,0.20973978494679146,0.0002095004366574168,148.97502906477857,1.1038396161223272,0.0014671264710248235
9.355,2.336121014383954,757.2917044205619,0.20974072221573223,0.00020879933335356027,148.9755827415632,1.1021133098998874,0.001465059521065484
9.36,2.335233954227641,757.2911752527189,0.20974165661891903,0.0002081002931645953,148.97613616278042,1.1003896854704067,0.0014629952144462398
9.365,2.3343533987520497,757.2906546551255,0.20974258815772429,0.00020740331553835377,148.97668933162674,1.0986687408684328,0.001460933548532445
9.370000000000001,2.3334793827199745,757.290142648295,0.20974351683355819,0.0002067083998943261,148.97724225224655,1.0969504741200633,0.0014588745206931854
9.375,2.3326119406360935,757.2896392524013,0.20974444264786885,0.00020601554562354375,148.97779492875907,1.0952348832428658,0.0014568181283012523
9.38,2.331751106745506,757.2891444872785,0.20974536560214266,0.0002053247520883885,148.97834736505123,1.093521966245771,0.0014547643687331188
9.385,2.3308969150324823,757.2886583724198,0.20974628569790402,0.00020463601862248556,148.97889956881414,1.0918117211290024,0.00145271323936892
9.39,2.3300493992190208,757.2881809269771,0.20974720293671606,0.00020394934453051898,148.9794515465165,1.0901041458839684,0.0014506647375924252
9.395,2.329208592763617,757.2877121697601,0.20974811732018045,0.00020326472908813287,148.9800033053655,1.0883992384931962,0.0014486188607910197
9.4,2.328374528859841,757.2872521192354,0.20974902884993774,0.00020258217154175477,148.98055485248292,1.0866969969302263,0.0014465756063556756
9.405,2.327547240435131,757.2868007935263,0.20974993752766785,0.00020190167110850443,148.98110619073145,1.0849974191595504,0.0014445349716809355
9.41,2.3267267601493877,757.2863582104113,0.20975084335508967,0.00020122322697602494,148.98165732425613,1.0833005031365077,0.0014424969541648805
9.415000000000001,2.3259131203937913,757.2859243873241,0.20975174633396163,0.0002005468383023995,148.98220825538988,1.081606246807227,0.0014404615512091147
9.42,2.3251063532894176,757.2854993413526,0.2097526464660815,0.00019987250421599114,148.98275898674268,1.0799146481085276,0.0014384287602187368
9.425,2.324306490686073,757.2850830892384,0.20975354375328628,0.0001992002238153653,148.9833095253096,1.0782257049678579,0.001436398578602316
9.43,2.323513564160936,757.2846756473758,0.2097544381974529,0.00019852999616913952,148.98385987647148,1.0765394153032073,0.0014343710037718722
9.435,2.3227276050174126,757.2842770318116,0.20975532980049783,0.00019786182031591274,148.98441004823732,1.074855777023044,0.001432346033142847
9.44,2.321948644283795,757.283887258244,0.20975621856437748,0.00019719569526412294,148.98496004833112,1.0731747880262306,0.0014303236641340852
9.445,2.3211767127121385,757.2835063420226,0.2097571044910887,0.0001965316199919839,148.98550988075596,1.071496446201965,0.0014283038941678052
9.450000000000001,2.3204118407769485,757.2831342981472,0.20975798758266828,0.00019586959344735126,148.9860595504924,1.0698207494296983,0.0014262867206695808
9.455,2.319654058674087,757.2827711412674,0.2097588678411937,0.00019520961454766843,148.98660905794233,1.0681476955790818,0.0014242721410683131
9.46,2.3189033963194614,757.2824168856822,0.20975974526878266,0.00019455168217983733,148.98715840520592,1.0664772825098825,0.0014222601527962067
9.465,2.3181598833479633,757.2820715453397,0.20976061986759298,0.000193895795200175,148.98770759878803,1.0648095080719389,0.0014202507532887483
9.47,2.317423549112182,757.2817351338356,0.20976149163982322,0.00019324195243429094,148.98825664184872,1.063144370105077,0.0014182439399846787
9.475,2.3166944226813606,757.2814076644133,0.2097623605877124,0.00019259015267705172,148.9888055397565,1.0614818664390697,0.001416239710325973
9.48,2.3159725328401306,757.2810891499638,0.20976322671354022,0.0001919403946924661,148.98935429887158,1.0598219948935554,0.0014142380617578117
9.485,2.3152579080874887,757.2807796030243,0.20976409001962706,0.0001912926772136571,148.98990292515515,1.0581647532780014,0.001412238991728561
9.49,2.314550576635564,757.2804790357782,0.20976495050833419,0.00019064699894275576,148.99045142464954,1.0565101393916254,0.0014102424976897442
9.495000000000001,2.3138505664086177,757.2801874600549,0.209765808182064,0.00019000335855088072,148.9909997998765,1.054858151023361,0.001408248577096021
9.5,2.3131579050418236,757.2799048873286,0.20976666304325975,0.00018936175467804042,148.9915480542502,1.053208785951786,0.0014062572274051617
9.505,2.312472619880293,757.2796313287186,0.20976751509440578,0.00018872218593311843,148.99209619004606,1.0515620419450846,0.0014042684460780215
9.51,2.311794737977882,757.279366794988,0.2097683643380274,0.00018808465089378577,148.99264420954313,1.0499179167609853,0.001402282230578519
9.515,2.3111242860962316,757.2791112965446,0.20976921077669075,0.00018744914810649282,148.9931921187036,1.0482764081467233,0.0014002985783736087
9.52,2.3104612907036057,757.2788648434389,0.20977005441300323,0.00018681567608638965,148.9937399222054,1.0466375138389812,0.00139831748693326
9.525,2.309805777973952,757.278627445365,0.2097708952496131,0.0001861842333173255,148.99428762679375,1.045001231563856,0.0013963389537304288
9.53,2.3091577737857594,757.2783991116596,0.20977173328920984,0.00018555481825177706,148.99483523871538,1.0433675590368023,0.0013943629762410376
9.535,2.30851730372115,757.2781798513018,0.20977256853452442,0.00018492742931085554,148.99538276043572,1.0417364939626026,0.0013923895519439462
9.540000000000001,2.3078843930647546,757.2779696729126,0.2097734009883289,0.00018430206488424258,148.99593019555988,1.0401080340353133,0.001390418678320932
9.545,2.307259066802832,757.2777685847549,0.2097742306534367,0.00018367872333020595,148.9964775443266,1.0384821769382395,0.0013884503528566632
9.55,2.3066413496221587,757.2775765947327,0.20977505753270242,0.00018305740297554102,148.99702480853733,1.0368589203438807,0.0013864845730386724
9.555,2.306031265909176,757.2773937103914,0.20977588162902136,0.00018243810211559594,148.99757199516827,1.0352382619139147,0.0013845213363573375
9.56,2.30542883974891,757.2772199389166,0.20977670294533032,0.0001818208190142202,148.99811910771817,1.0336201992991405,0.001382560640305851
9.565,2.304834094924144,757.2770552871351,0.20977752148460724,0.0001812055519037976,148.99866615047074,1.032004730139469,0.0013806024823802025
9.57,2.3042470549143523,757.2768997615134,0.20977833724987102,0.00018059229898520195,148.99921312871342,1.0303918520638677,0.0013786468600791464
9.575000000000001,2.3036677428948984,757.2767533681581,0.209779150244182,0.00017998105842783726,148.99976004511208,1.0287815626903543,0.001376693770904185
9.58,2.303096181735999,757.2766161128155,0.2097799604706415,0.00017937182836960265,149.00030690332702,1.0271738596259479,0.0013747432123595396
9.585,2.3025323940019393,757.2764880008717,0.20978076793239198,0.00017876460691693737,149.00085370568354,1.0255687404666591,0.001372795181952127
9.59,2.3019764019500624,757.2763690373519,0.20978157263261693,0.00017815939214479542,149.00140045449461,1.0239662027974508,0.0013708496771915372
9.595,2.3014282275300055,757.2762592269202,0.20978237457454077,0.00017755618209669657,149.00194715357958,1.0223662441922283,0.0013689066955900053
9.6,2.3008878923827223,757.2761585738798,0.20978317376142885,0.00017695497478470936,149.00249380618175,1.0207688622138043,0.0013669662346623924
9.605,2.300355417839749,757.2760670821727,0.2097839701965873,0.00017635576818950945,149.003040417474,1.0191740544138908,0.0013650282919261555
9.61,2.299830824922236,757.2759847553798,0.20978476388336306,0.00017575856026036946,149.0035869920109,1.0175818183330687,0.0013630928649013287
9.615,2.2993141343402423,757.2759115967199,0.20978555482514402,0.00017516334891522442,149.00413353297995,1.015992151500783,0.0013611599511104949
9.620000000000001,2.298805366491797,757.2758476090505,0.20978634302535873,0.00017457013204066928,149.0046800440029,1.0144050514353136,0.0013592295480787647
9.625,2.298304541462212,757.2757927948675,0.20978712848747647,0.00017397890749203216,149.00522652611852,1.0128205156437766,0.001357301653333751
9.63,2.29781167902317,757.2757471563044,0.20978791121500712,0.0001733896730933773,149.0057729810209,1.0112385416220941,0.0013553762644055438
9.635,2.297326798632065,757.2757106951334,0.2097886912115009,0.0001728024266375871,149.00631941135413,1.0096591268550026,0.001353453378826689
9.64,2.296849919431112,757.2756834127644,0.20978946848054858,0.00017221716588637179,149.00686581928724,1.0080822688160231,0.001351532994132161
9.645,2.296381060246714,757.2756653102451,0.20979024302578078,0.00017163388857035814,149.00741221005222,1.0065079649674753,0.0013496151078593434
9.65,2.295920239588596,757.2756563882615,0.20979101485086857,0.00017105259238910653,149.00795858794493,1.0049362127604482,0.0013476997175479986
9.655,2.295467475649197,757.2756566471372,0.20979178395952314,0.00017047327501120633,149.00850495672896,1.0033670096348175,0.0013457868207402523
9.66,2.2950227863028303,757.275666086834,0.2097925503554956,0.0001698959340743003,149.00905132043445,1.001800353019222,0.0013438764149805611
9.665000000000001,2.294586189105099,757.2756847069512,0.20979331404257726,0.00016932056718518617,149.00959767939742,1.0002362403310805,0.0013419684978156958
9.67,2.2941577012920806,757.2757125067262,0.20979407502459915,0.00016874717191984933,149.01014403499568,0.9986746689765744,0.0013400630667947148
9.675,2.2937373397797693,757.2757494850346,0.20979483330543194,0.00016817574582356904,149.01069038834737,0.9971156363506639,0.0013381601194689383
9.68,2.2933251211632864,757.2757956403894,0.2097955888889859,0.00016760628641095994,149.0112367403992,0.9955591398370777,0.0013362596533919306
9.685,2.2929210617163456,757.2758509709424,0.20979634177921036,0.00016703879116608376,149.01178309615656,0.994005176808329,0.0013343616661194702
9.69,2.29252517739049,757.275915474483,0.20979709198009405,0.00016647325754249817,149.01232945931247,0.9924537446257101,0.0013324661552095319
9.695,2.2921374838145847,757.2759891484388,0.20979783949566483,0.00016590968296337439,149.0128758346093,0.9909048406393107,0.0013305731182222593
9.700000000000001,2.291757996294075,757.2760719898762,0.20979858432998952,0.00016534806482155297,149.01342222661808,0.9893584621880144,0.0013286825527199445
9.705,2.2913867298105086,757.2761639954997,0.20979932648717414,0.00016478840047966857,149.01396863541422,0.987814606599523,0.001326794456267005
9.71,2.291023699020818,757.2762651616523,0.20980006597136336,0.0001642306872702106,149.01451506243814,0.9862732711903511,0.0013249088264299558
9.715,2.2906689182568676,757.2763754843162,0.20980080278674057,0.00016367492249565576,149.01506150690588,0.9847344532658582,0.0013230256607773946
9.72,2.2903224015247607,757.2764949591119,0.20980153693752754,0.00016312110342853482,149.0156079689564,0.983198150120243,0.0013211449568799702
9.725,2.2899841625044157,757.2766235812995,0.2098022684279838,0.00016256922731157104,149.01615445440183,0.9816643590365794,0.0013192667123103677
9.73,2.2896542145488965,757.276761345778,0.20980299726240734,0.00016201929135775352,149.01670096568398,0.9801330772868143,0.0013173909246432787
9.735,2.2893325706840146,757.2769082470861,0.2098037234451339,0.00016147129275048154,149.01724750543485,0.9786043021318049,0.0013155175914553847
9.74,2.2890192436076857,757.277064279402,0.209804446980537,0.0001609252286436443,149.0177940774688,0.9770780308213205,0.0013136467103253284
9.745000000000001,2.2887142456895573,757.2772294365441,0.209805167873028,0.0001603810961617707,149.01834068215328,0.9755542605940818,0.0013117782788336979
9.75,2.288417588970392,757.2774037119705,0.2098058861270555,0.00015983889240011676,149.01888732099061,0.9740329886777679,0.001309912294563
9.755,2.288129285161719,757.2775870987801,0.20980660174710547,0.00015929861442481855,149.01943399442035,0.9725142122890534,0.001308048755097637
9.76,2.287849345645247,757.2777795897127,0.20980731473770084,0.00015876025927298826,149.01998070289937,0.9709979286336231,0.001306187658023889
9.765,2.28757778147254,757.2779811771485,0.2098080251034012,0.0001582238239528714,149.02052744978948,0.969484134906209,0.001304329000929887
9.77,2.2873146033644547,757.2781918531094,0.20980873284880297,0.0001576893054439493,149.02107423718613,0.967972828290609,0.0013024727814055948
9.775,2.2870598217108444,757.2784116092589,0.20980943797853868,0.00015715670069710143,149.02162106842962,0.9664640059597261,0.0013006189970427844
9.78,2.2868134465700205,757.2786404369023,0.2098101404972773,0.00015662600663471411,149.02216794692345,0.9649576650755894,0.001298767645435016
9.785,2.2865754876684776,757.2788783269873,0.209810840409724,0.00015609722015084762,149.0227148739554,0.9634538027893957,0.0012969187241776143
9.790000000000001,2.2863459544003906,757.2791252701041,0.20981153772061964,0.00015557033811135118,149.023261851159,0.9619524162415339,0.00129507223086765
9.795,2.2861248558273743,757.2793812564864,0.20981223243474098,0.00015504535735403596,149.02380887741015,0.9604535025616318,0.0012932281631039158
9.8,2.285912200677987,757.2796462760108,0.20981292455690015,0.00015452227468879383,149.0243559522277,0.9589570588685761,0.0012913865184869043
9.805,2.2857079973475227,757.2799203181978,0.2098136140919443,0.00015400108689777694,149.02490307691897,0.957463082270568,0.0012895472946187912
9.81,2.2855122538975476,757.2802033722122,0.20981430104475557,0.00015348179073552157,149.025450252076,0.9559715698651436,0.0012877104891034082
9.815,2.28532497805571,757.2804954268637,0.20981498542025062,0.00015296438292913242,149.02599748191778,0.9544825187392318,0.0012858760995462278
9.82,2.2851461772153057,757.2807964706069,0.20981566722338071,0.00015244886017841207,149.02654476962826,0.9529959259691775,0.0012840441235543367
9.825000000000001,2.2849758584351187,757.2811064915418,0.20981634645913141,0.0001519352191560495,149.02709211705235,0.9515117886208005,0.001282214558736421
9.83,2.2848140284390084,757.2814254774146,0.20981702313252235,0.00015142345650775613,149.02763952658984,0.9500301037494252,0.0012803874027027407
9.835,2.284660693615779,757.2817534156183,0.20981769724860727,0.0001509135688524569,149.02818699611143,0.9485508683999365,0.0012785626530651111
9.84,2.284515860018793,757.2820902931924,0.2098183688124734,0.00015040555278243337,149.02873452474137,0.947074079606816,0.0012767403074368836
9.845,2.2843795333658643,757.2824360968243,0.20981903782924125,0.00014989940486351828,149.0292821120623,0.9455997343941983,0.0012749203634329221
9.85,2.284251719038903,757.2827908128494,0.20981970430406438,0.00014939512163524403,149.02982975721602,0.9441278297759105,0.001273102818669587
9.855,2.2841324220838324,757.2831544272517,0.20982036824212896,0.00014889269961104122,149.03037746448936,0.9426583627555298,0.0012712876707647114
9.86,2.284021647210259,757.2835269256642,0.20982102964865365,0.00014839213527839237,149.03092523655465,0.9411913303264264,0.0012694749173375846
9.865,2.283919398791417,757.28390829337,0.20982168852888955,0.000147893425099034,149.0314730765363,0.9397267294718226,0.0012676645560089287
9.870000000000001,2.2838256808638655,757.284298515302,0.20982234488811977,0.0001473965655091157,149.03202098708965,0.9382645571648369,0.0012658565844008822
9.875,2.2837404971274617,757.2846975760446,0.20982299873165974,0.0001469015529194062,149.0325689639155,0.9368048103685492,0.00126405100013698
9.88,2.2836638509450795,757.2851054598332,0.20982365006485612,0.00014640838371545605,149.03311700678015,0.9353474860360417,0.0012622478008421309
9.885,2.2835957453426117,757.2855221505555,0.2098242988930867,0.00014591705425780912,149.03366511789474,0.93389258111047,0.0012604469841426037
9.89,2.2835361830087186,757.2859476317523,0.2098249452217605,0.00014542756088216862,149.0342132959177,0.9324400925251055,0.001258648547666002
9.895,2.2834851662948554,757.2863818866173,0.2098255890563171,0.00014493989989961242,149.03476154153338,0.9309900172034076,0.0012568524890412519
9.9,2.283442697215041,757.2868248979987,0.20982623040222656,0.00014445406759676388,149.03530985551618,0.9295423520590684,0.0012550588058985765
9.905,2.2834087774459086,757.2872766483994,0.2098268692649891,0.00014397006023600986,149.0358582387481,0.9280970939960878,0.001253267495869484
9.91,2.283383408326519,757.2877371199775,0.20982750565013486,0.0001434878740556766,149.03640669248793,0.9266542399088188,0.001251478556586742
9.915000000000001,2.2833665908584364,757.2882062945478,0.2098281395632236,0.00014300750527025053,149.03695521677656,0.9252137866820462,0.0012496919856843658
9.92,2.283358325705553,757.2886841535815,0.20982877100984446,0.00014252895007055896,149.0375038119764,0.9237757311910353,0.0012479077807975964
9.925,2.283358613194199,757.2891706782075,0.2098293999956157,0.00014205220462399238,149.03805247730168,0.922340070301606,0.0012461259395628824
9.93,2.2833674533129935,757.2896658492132,0.20983002652618432,0.0001415772650746911,149.0386012122771,0.9209068008701908,0.0012443464596178645
9.935,2.283384845712971,757.2901696470453,0.20983065060722575,0.0001411041275437692,149.03915001749706,0.9194759197439056,0.0012425693386013542
9.94,2.2834107897074762,757.29068205181,0.20983127224444362,0.00014063278812950555,149.03969889302132,0.9180474237606128,0.0012407945741533203
9.945,2.283445284272324,757.2912030432744,0.2098318914435693,0.0001401632429075704,149.040247840159,0.9166213097489935,0.0012390221639148676
9.950000000000001,2.2834883280456926,757.2917326008671,0.20983250821036192,0.00013969548793122001,149.0407968595469,0.9151975745286095,0.0012372521055282221
9.955,2.2835399193283163,757.2922707036789,0.209833122550608,0.0001392295192315265,149.0413459502659,0.9137762149099816,0.001235484396636714
9.96,2.2836000560834275,757.2928173304639,0.20983373447012094,0.00013876533281757464,149.04189511202273,0.9123572276946488,0.001233719034884757
9.965,2.2836687359369683,757.29337245964,0.20983434397474102,0.00013830292467669552,149.04244434326102,0.9109406096752534,0.0012319560179178373
9.97,2.2837459561775417,757.2939360692898,0.20983495107033487,0.00013784229077466636,149.04299364272978,0.9095263576355975,0.0012301953433824905
9.975,2.283831713756655,757.294508137162,0.2098355557627951,0.00013738342705594623,149.0435430106786,0.9081144683507302,0.001228437008926292
9.98,2.283926005288713,757.2950886406715,0.20983615805804018,0.00013692632944387932,149.04409244684558,0.9067049385870078,0.0012266810121978329
9.985,2.284028827051286,757.2956775569006,0.2098367579620139,0.0001364709938409327,149.04464195263745,0.905297765102183,0.001224927350846712
9.99,2.284140174985114,757.2962748626004,0.2098373554806853,0.00013601741612890295,149.04519152871023,0.9038929446454641,0.0012231760225235111
9.995000000000001,2.284260044694399,757.2968805341907,0.20983795062004842,0.00013556559216915527,149.04574117365567,0.9024904739576042,0.0012214270248797877
10.0,2.284388431446858,757.2974945477619,0.2098385433861219,0.00013511551780283432,149.04629088679184,0.901090349770969,0.0012196803555680525
