time_s,V_A,P_A,f_o,f_c,p_o,p_c,z
0,1,760,0.1368,0.05263,40,46,4.4219e-07
0.005,1.0146372323509207,759.9669041413334,0.13679947457869743,0.05262881405001452,40.67272888830068,43.391926637442765,7.060558184763856e-05
0.01,1.0291183585102848,759.9341975320574,0.13680582092004911,0.05262241708155545,41.363974642057954,41.07216446625046,0.00013672162970333363
0.015,1.0434452332672821,759.9018759950243,0.13681876251243194,0.05261105184383209,42.07480256310027,39.00885563121186,0.00019922815804759275
0.02,1.0576196900837758,759.8699353869275,0.13683803696806493,0.052594945266662266,42.80633275866459,37.17364710798764,0.0002585146244853379
0.025,1.0716435413310768,759.8383715992569,0.13686339504685432,0.05257430990861859,43.55974173444979,35.541305593330264,0.0003149274416973679
0.03,1.0855185785246864,759.8071805590988,0.13689459976713741,0.05254934524284226,44.33626343028183,34.08937469507543,0.000368774714632603
0.035,1.099246572556408,759.7763582297991,0.13693142559404967,0.05252023880098054,45.13718949943435,32.79786978185059,0.0004203304570848593
0.04,1.112829273923852,759.745900611505,0.1369736576973213,0.05248716719295516,45.96386858265425,31.64900635202389,0.0004698383448935786
0.045,1.1262684129573604,759.7158037415998,0.1370210912712849,0.05245029701785439,46.817704267873076,30.62695824021729,0.0005175150566665675
0.05,1.139565700044387,759.6860636950411,0.13707353091071042,0.05240978567919238,47.70015135526874,29.717642384296933,0.0005635532473304548
0.055,1.1527228258513544,759.6566765846145,0.1371307900368007,0.05236578211602617,48.61270996384823,28.908527235452613,0.0006081241948424809
0.06,1.1657414615430186,759.6276385611119,0.13719269036829793,0.05231842745991608,49.55691691970612,28.18846221431256,0.0006513801559691067
0.065,1.1786232589993748,759.5989458134407,0.13725906143318317,0.05226785562642182,50.534333758154084,27.54752590159563,0.0006934564630894007
0.07,1.1913698510301256,759.5705945686732,0.13732974011690657,0.05221419384871365,51.54653055444657,26.97689090551911,0.0007344733904736779
0.075,1.20398285158674,759.5425810920417,0.13740457024347716,0.05215756315991936,52.59506467568929,26.468703574251776,0.0007745378153624508
0.08,1.2164638559721377,759.5149016868821,0.13748340218607474,0.05209807882999882,53.68145342816449,26.015976923128584,0.0008137446963859807
0.085,1.228814441048015,759.4875526945339,0.13756609250413282,0.05203585076222322,54.807139474270485,25.61249532490483,0.0008521783893959955
0.09,1.2410361654398487,759.4605304941965,0.13765250360408418,0.05197098385371559,55.973447831827336,25.25272967115741,0.000889913818571352
0.095,1.2531305697395947,759.4338315027468,0.13774250342117683,0.05190357832396971,57.18153327529681,24.931761855170357,0.0009270175186929395
0.1,1.2650991767061204,759.4074521745187,0.1378359651199505,0.05183373001480166,58.43231707707018,24.645217551701478,0.0009635485627539893
0.105,1.2769434914633826,759.3813890010471,0.13793276681114439,0.051761530664774846,59.72641230375295,24.389206383192878,0.0009995593874934422
0.11,1.2886650016963868,759.355638510775,0.13803279128297571,0.05168706816078935,61.06403738797462,24.16026866039756,0.0010350965280793427
0.115,1.300265177844946,759.3301972687271,0.13813592574491906,0.05161042676920777,62.44491848999141,23.955327976019984,0.0010702012719161552
0.12,1.3117454732952731,759.3050618761491,0.1382420615823291,0.051531687348618536,63.86818231934069,23.771649007927333,0.0011049102404719648
0.125,1.3231073245694176,759.2802289701125,0.1383510941205158,0.051450927546088925,65.33224263816396,23.60679995982619,0.0011392559070351183
0.13,1.3343521515125876,759.255695223089,0.13846292239720903,0.051368221978536945,66.8346856157926,23.4586191305156,0.001173267057435763
0.135,1.3454813574783675,759.2314573424931,0.13857744894275476,0.05128364240065615,68.3721614604925,23.32518515744338,0.0012069692000125111
0.14,1.356496329511861,759.2075120702001,0.1386945795678813,0.051197257860634886,69.94029211834378,23.20479053211308,0.0012403849303879307
0.145,1.3673984385307854,759.1838561820434,0.13881422315943412,0.0511091348447541,71.53360692583794,23.095918026338754,0.0012735342560433291
0.15,1.3781890395045329,759.1604864873008,0.13893629148510056,0.051019337411781045,73.1455194709176,22.997219710866254,0.0013064348850953219
0.155,1.3888694716312329,759.1373998281765,0.1390606990087511,0.050927927317943225,74.76835891743227,22.90749828116494,0.0013391024832163352
0.16,1.3994410585128267,759.1145930792966,0.1391873627185528,0.0508349641331435,76.39346709483678,22.825690436886404,0.0013715509022028676
0.165,1.409905108328184,759.0920631472284,0.1393162019703555,0.050740505348977755,78.01136834135231,22.75085208939116,0.001403792383309398
0.17,1.420262914004281,759.0698069700394,0.13944713834891784,0.050644606479043286,79.61201239300232,22.682145196451444,0.0014358377381240794
0.17500000000000002,1.4305157533854664,759.0478215169101,0.13958009554924403,0.0505473211519827,81.18508210447688,22.618826045328444,0.001467696509456819
0.18,1.440664889400827,759.0261037878109,0.13971499927960798,0.0504487011976948,82.72034866152399,22.56023482500859,0.0014993771144394504
0.185,1.450711570229689,759.0046508132506,0.13985177718678854,0.050348796727157155,84.20804888200048,22.505786345912323,0.0015308869717952944
0.19,1.46065702946526,758.983459654096,0.13999035880273764,0.050247656206337324,85.63925395878624,22.454961780951795,0.0015622326150202387
0.195,1.4705024862764475,758.9625274014594,0.14013067551053085,0.05014532652470743,87.00619797745796,22.40730131587721,0.0015934197930230925
0.2,1.4802491455678644,758.9418511766411,0.140272660526195,0.05004185305891725,88.30253831197003,22.36239760829059,0.0016244535596148923
0.20500000000000002,1.489898198138047,758.9214281311127,0.14041624889213458,0.04993727973218883,89.52352785484946,22.319889967135634,0.0016553383530651994
0.21,1.4994508208359065,758.9012554465219,0.14056137747741654,0.04983164906999474,90.66608965755321,22.279459173106417,0.0016860780668241824
0.215,1.508908176715427,758.8813303347001,0.14070798498025275,0.04972500225254464,91.72879573720516,22.240822869578352,0.0017166761123828525
0.22,1.518271415188642,758.8616500376554,0.14085601192855302,0.04961737916454636,92.7117616074422,22.203731461362096,0.0017471354751375466
0.225,1.5275416721768957,758.8422118275375,0.14100540067528855,0.04950881844263245,93.61647504691483,22.167964465461523,0.0017774587640297982
0.23,1.5367200702604207,758.8230130065615,0.1411560953864536,0.049399357520761245,94.44558107087917,22.133327264148754,0.0018076482556480518
0.23500000000000001,1.5458077188262402,758.8040509068894,0.14130804202047495,0.04928903267382049,95.20264518069811,22.099648216239885,0.0018377059334007415
0.24,1.5548057142144251,758.7853228904635,0.1414611882988863,0.04917787905959479,95.89191443863457,22.06677608670108,0.0018676335223115365
0.245,1.5637151398627116,758.7668263487957,0.14161548366878945,0.04906593075919086,96.51809188589783,22.034577760896724,0.0018974325199022282
0.25,1.5725370664495095,758.7485587027167,0.141770879258246,0.04895322081599095,97.08613495389153,22.002936210389052,0.0019271042236201914
0.255,1.581272552035317,758.7305174020903,0.14192732782594866,0.04883978127315994,97.60108410739316,21.9717486840149,0.001956649755173338
0.26,1.5899226422025527,758.7126999255007,0.1420847837066938,0.04872564320972827,98.0679240119992,21.940925098907424,0.001986070082122257
0.265,1.598488370193832,758.6951037799178,0.14224320275412086,0.048610836775263726,98.4914766081632,21.910386609602824,0.00201536603703124
0.27,1.6069707570486993,758.6777265003476,0.1424025422820555,0.04849539122314828,98.87632344971126,21.880064335528868,0.0020445383344500096
0.275,1.6153708117388406,758.6605656494748,0.1425627610055989,0.048379334942479355,99.22675356143692,21.8498982295726,0.0020735875859647828
0.28,1.623689531301783,758.6436188172995,0.14272381898289457,0.04826269548862354,99.54673254625872,21.81983607210203,0.002102514313534052
0.28500000000000003,1.63192790097315,758.6268836207727,0.14288567755827367,0.04814549961246606,99.83988869679027,21.789832576402762,0.0021313189613023876
0.29,1.64008689431729,758.6103577034361,0.1430482993073838,0.048027773288354725,100.10951217286838,21.759848594414148,0.0021600019060460753
0.295,1.6481674733565967,758.5940387350648,0.1432116479845287,0.047909541740849784,100.35856377753724,21.729850409800033,0.002188563466427954
0.3,1.6561705886995088,758.5779244113154,0.14337568847245183,0.04779082947031937,100.58969045839514,21.699809109354558,0.0022170039111854226
0.305,1.664097179666754,758.5620124533827,0.14354038673484532,0.04767166027734245,100.80524511179176,21.669700025982785,0.002245323466346223
0.31,1.67194817441642,758.5463006076635,0.14370570977137923,0.04755205728608581,101.00730890410176,21.63950224278509,0.002273522321613929
0.315,1.6797244900675856,758.5307866454274,0.14387162557530395,0.04743204296665641,101.19771467568164,21.609198152514583,0.002301600636002841
0.32,1.687427032822559,758.515468362497,0.14403810309355383,0.047311639156477264,101.37807041254216,21.578773066758597,0.002329558542799839
0.325,1.6950566980877735,758.5003435789354,0.1442051121891975,0.047190867080752985,101.54978205269792,21.548214868639757,0.0023573961539381837
0.33,1.7026143705933283,758.4854101387401,0.14437262360611938,0.0470697473720656,101.71407514855281,21.517513704558823,0.0023851135638447915
0.335,1.7101009245112107,758.4706659095466,0.14454060893578116,0.04694830008915148,101.87201509024702,21.48666171051873,0.0024127108528220922
0.34,1.7175172235721932,758.456108782336,0.14470904058593115,0.04682654473489812,102.02452572196944,21.455652769392948,0.002440188090014347
0.34500000000000003,1.7248641211814424,758.4417366711521,0.14487789175110588,0.04670450027360869,102.17240630153125,21.424482295483138,0.0024675453360084214
0.35000000000000003,1.7321424605328368,758.427547512822,0.14504713638479932,0.046582185147568796,102.31634680645483,21.393147043518237,0.002494782645108023
0.355,1.7393530747220192,758.4135392666846,0.14521674917316557,0.04645961729295486,102.45694165166667,21.361644939288592,0.0025219000673197484
0.36,1.7464967868581929,758.3997099143226,0.14538670551013652,0.04633681415511796,102.59470190772355,21.32997492954324,0.002548897650083348
0.365,1.7535744101746766,758.3860574593012,0.1455569814738449,0.04621379270327529,102.7300661276333,21.298136849014476,0.0025757754397753587
0.37,1.7605867481382345,758.3725799269109,0.14572755380424884,0.046090569444640295,102.86340990073762,21.266131302646762,0.002602533483012327
0.375,1.7675345945571912,758.3592753639143,0.1458983998818682,0.0459671604380186,102.99505425024323,21.233959561364664,0.0026291718277763024
0.38,1.7744187336883526,758.3461418382981,0.14606949770754418,0.04584358130689781,103.12527299372678,21.20162346983732,0.0026556905243835848
0.385,1.7812399403427353,758.3331774390285,0.14624082588315038,0.04571984725205405,103.2542991735393,21.169125364944826,0.002682089626314331
0.39,1.7879989799901297,758.3203802758107,0.1464123635931809,0.04559597306370063,103.38233066476396,21.136468003707854,0.0027083691909198125
0.395,1.7946966088625023,758.3077484788517,0.14658409058715613,0.04547197313319899,103.50953505324469,21.103654499653235,0.002734529280021257
0.4,1.8013335740562537,758.2952801986271,0.14675598716278843,0.04534786146435278,103.63605387142945,21.070688266663527,0.002760569960413158
0.405,1.807910613633344,758.2829736056499,0.14692803414985425,0.045223651684305366,103.76200627164404,21.03757296945715,0.0027864913042825574
0.41000000000000003,1.8144284567212972,758.2708268902446,0.14710021289473033,0.04509935705405632,103.88749220414032,21.00431247998829,0.0028122933895539247
0.41500000000000004,1.8208878236121047,758.2588382623223,0.14727250524554567,0.044974990478617534,104.01259516685386,20.970910839050806,0.002837976300169207
0.42,1.8272894258600276,758.24700595116,0.14744489353791765,0.044850564516820714,104.1373845771206,20.93737222255889,0.0028635401263101936
0.425,1.8336339663783223,758.2353282051819,0.1476173605812316,0.04472609139079498,104.26191781884565,20.90370091192516,0.002888984964570899
0.43,1.8399221395348977,758.2238032917442,0.14778988964543419,0.04460158299512728,104.38624200587776,20.86990126809633,0.0029143109180858645
0.435,1.8461546312469088,758.2124294969219,0.1479624644483143,0.04447705090571773,104.51039549857597,20.835977708843018,0.0029395180966197694
0.44,1.8523321190743136,758.2012051252993,0.14813506914323837,0.04435250638834604,104.63440920937103,20.80193468889802,0.0029646066166236977
0.445,1.8584552723123928,758.190128499761,0.14830768830732247,0.04422796040695761,104.75830772301677,20.767776682655544,0.0029895766012619025
0.45,1.8645247520832438,758.179197961288,0.14848030693001543,0.04410342363168177,104.88211025812734,20.733508169121613,0.003014428180413157
0.455,1.870541211426277,758.1684118687535,0.14865291040207015,0.04397890644659563,105.00583149271135,20.69913361884212,0.003039161490650222
0.46,1.8765052953877008,758.1577685987238,0.1488254845048896,0.04385441895723895,105.12948227001704,20.664657482616054,0.0030637766752000424
0.465,1.8824176411090248,758.1472665452593,0.14899801540022628,0.043729970997892824,105.25307020310485,20.630084181762086,0.00308827388388763
0.47000000000000003,1.8882788779145925,758.1369041197191,0.149170489620216,0.04360557213863315,105.37660019256828,20.595418099751665,0.0031126532730660367
0.47500000000000003,1.8940896273981422,758.1266797505667,0.14934289405773732,0.04348123169216301,105.50007486784887,20.560663575075832,0.0031369150055341796
0.48,1.8998505035084112,758.1165918831799,0.14951521595707892,0.043356958720434914,105.62349496398225,20.525824895185238,0.0031610592504445617
0.485,1.9055621126338107,758.1066389796604,0.14968744290489827,0.043232762041073104,105.74685964352477,20.490906291365405,0.0031850861832025848
0.49,1.9112250536861615,758.0968195186473,0.14985956282146343,0.04310865023360036,105.87016677028794,20.455911934454733,0.0032089959853586676
0.495,1.9168399181834972,758.0871319951322,0.15003156395216954,0.0429846316454749,105.99341314164118,20.42084593130796,0.0032327888444944348
0.5,1.9224072903319713,758.0775749202762,0.1502034348593095,0.042860714397950056,106.1165946867128,20.3857123218905,0.0032564649541042857
0.505,1.9279277471068637,758.0681468212294,0.15037516441409382,0.04273690639176024,106.23970663441466,20.35051507694332,0.0032800245134731384
0.51,1.9334018583326928,758.0588462409519,0.15054674178891111,0.0426132153126385,106.36274365557065,20.315258096150284,0.003303467727551182
0.515,1.9388301867624351,758.0496717380369,0.15071815644982128,0.042489648636670554,106.4856999828771,20.27994520674709,0.0033267948068264087
0.52,1.9442132881558858,758.0406218865362,0.15088939814926694,0.042366213635495385,106.60856951265394,20.244580162502327,0.0033500059671956557
0.525,1.9495517113571756,758.0316952757876,0.15106045691899353,0.04224291738135855,106.73134589075163,20.209166643027725,0.0033731014298346426
0.53,1.9548459983714228,758.0228905102437,0.15123132306317819,0.04211976675201815,106.85402258443122,20.17370825338613,0.003396081421067458
0.535,1.9600966844405066,758.0142062093029,0.1514019871517647,0.04199676843550468,106.97659294218428,20.138208523961907,0.0034189461722359754
0.54,1.9653042981180742,758.0056410071427,0.15157244001397366,0.04187392893475704,107.09905024473582,20.102670910527085,0.00344169591956961
0.545,1.9704693613436914,757.9971935525543,0.15174267273200387,0.041751254572122524,107.22138774705121,20.067098794508222,0.0034643309040556527
0.55,1.975592389516195,757.9888625087793,0.15191267663490807,0.04162875149373318,107.343598713305,20.031495483412986,0.0034868513713104724
0.555,1.9806738915662152,757.980646553348,0.1520824432926451,0.041506425673756495,107.46567644555186,19.99586421140153,0.0035092575714518607
0.56,1.9857143700279276,757.9725443779199,0.15225196451029205,0.04138428291853238,107.58761430752067,19.96020813997074,0.0035315497589726804
0.5650000000000001,1.9907143211100051,757.9645546881259,0.15242123232241844,0.0412623288705946,107.70940574400556,19.92453035874015,0.003553728192616032
0.5700000000000001,1.9956742347658187,757.9566762034119,0.15259023898760968,0.04114056901258588,107.8310442966444,19.888833886320654,0.0035757931352519926
0.5750000000000001,2.0005945947628434,757.9489076568846,0.15275897698314458,0.041019008671063104,107.95252361641946,19.853121671257817,0.0035977448537561378
0.58,2.0054758787513194,757.9412477951585,0.15292743899981415,0.04089765302020174,108.07383747362128,19.817396593031738,0.003619583618889883
0.585,2.010318558332158,757.9336953782052,0.1530956179368802,0.04077650708540031,108.19497976560959,19.781661463104527,0.0036413097051827617
0.59,2.0151230991240743,757.9262491792045,0.15326350689717447,0.040655575746784745,108.31594452265512,19.74591902600688,0.0036629233908167737
0.595,2.0198899608300653,757.9189079843961,0.15343109918231304,0.04053486374263013,108.4367259124003,19.71017196045103,0.003684424957512543
0.6,2.024619597303155,757.9116705929339,0.15359838828803965,0.040414375672690614,108.55731824294953,19.674422880467926,0.0037058146904175625
0.605,2.0293124566113456,757.9045358167418,0.15376536789970346,0.04029411600143294,108.67771596471177,19.638674336564012,0.00372709287799673
0.61,2.0339689811018715,757.897502480371,0.15393203188785354,0.04017408906118668,108.79791367139566,19.60292881688746,0.0037482598119249733
0.615,2.038589607464784,757.890569420859,0.15409837430394208,0.04005429905521676,108.91790610034637,19.567188748398383,0.003769315786981908
0.62,2.0431747667958517,757.8837354875902,0.15426438937613657,0.03993475006071806,109.03768813228638,19.531456498040328,0.0037902611009485833
0.625,2.047724884658753,757.8769995421575,0.15443007150524338,0.039815446031730053,109.1572547905024,19.49573437391071,0.0038110960545064093
0.63,2.052240381146645,757.8703604582265,0.15459541526072693,0.039696390801983575,109.276601239646,19.460024626426936,0.003831820951138007
0.635,2.0567216709431317,757.8638171214,0.15476041537681984,0.03957758808768202,109.3957227842059,19.424329449486756,0.003852436097029921
0.64,2.0611691633822504,757.8573684290853,0.15492506674878045,0.039459041490177475,109.51461486651463,19.388650981616763,0.003872941800978396
0.645,2.065583262508081,757.8510132903626,0.15508936442920176,0.03934075449860981,109.63327306478055,19.35299130710887,0.003893338374296349
0.65,2.0699643671336645,757.8447506258536,0.15525330362441922,0.03922273049247522,109.75169309090475,19.317352457143834,0.003913626130722485
0.655,2.0743128708992526,757.838579367594,0.15541687969101167,0.039104972744127886,109.86987078814704,19.281736410900177,0.003933805386332487
0.66,2.0786291623297615,757.8324984589054,0.15558008813241295,0.03898748442120282,109.98780212866502,19.246145096643247,0.003953876459452692
0.665,2.082913624892325,757.8265068542686,0.15574292459550593,0.03887026858905081,110.10548321111155,19.210580392815327,0.0039738396705734265
0.67,2.0871666370522397,757.8206035192004,0.155905384867437,0.038753328213016074,110.22291025798357,19.175044129085656,0.003993695342267329
0.675,2.0913885723286665,757.8147874301296,0.15606746487245607,0.0386366661606953,110.34007961307081,19.13953808738895,0.0040134437991083925
0.68,2.0955797993500065,757.8090575742758,0.15622916066879708,0.03852028520416792,110.456987738905,19.104064002953645,0.004033085367591974
0.685,2.099740681908577,757.8034129495286,0.15639046844565097,0.03840418802216013,110.57363121415314,19.068623565310546,0.004052620376056955
0.6900000000000001,2.103871579014153,757.797852564329,0.15655138452027587,0.038288377202110625,110.69000673107742,19.03321841926339,0.004072049154611282
0.6950000000000001,2.107972844947595,757.7923754375521,0.15671190533509305,0.03817285524224679,110.80611109299974,18.997850165861603,0.004091372035057192
0.7000000000000001,2.112044829313958,757.7869805983895,0.15687202745484755,0.038057624553614305,110.92194121177279,18.962520363356813,0.004110589350818016
0.705,2.1160878770944884,757.7816670862353,0.15703174756390137,0.03794268746201199,111.03749410529419,18.927230528122735,0.004129701436868232
0.71,2.120102328698071,757.7764339505727,0.1571910624635869,0.037828046209883705,111.15276689507586,18.891982135555914,0.004148708629665089
0.715,2.124088520012964,757.7712802508604,0.1573499690695247,0.037713702958235604,111.26775680380477,18.856776620985684,0.0041676112670793455
0.72,2.128046782456992,757.7662050564223,0.15750846440912103,0.037599659788424625,111.38246115298861,18.82161538053272,0.0041864096883305075
0.725,2.131977443027312,757.7612074463382,0.15766654561910493,0.037485918703919006,111.49687736067759,18.78649977195201,0.004205104233923146
0.73,2.1358808243504064,757.7562865093342,0.15782420994304025,0.03737248163207649,111.61100293915015,18.751431115483893,0.004223695245582582
0.735,2.139757244731028,757.7514413436757,0.1579814547289529,0.03725935042584015,111.7248354926889,18.71641069466956,0.004242183066193507
0.74,2.1436070182001465,757.7466710570611,0.1581382774270607,0.03714652686536079,111.83837271544087,18.68143975713264,0.004260568039741299
0.745,2.147430454562686,757.7419747665191,0.15829467558752158,0.037034012659606264,111.95161238930469,18.646519515354278,0.0042788505112538264
0.75,2.151227859446952,757.7373515982989,0.1584506468580091,0.03692180944809428,112.06455238166433,18.61165114750472,0.004297030826738756
0.755,2.1549995343480646,757.7328006877765,0.1586061889819006,0.03680991880218686,112.17719064366239,18.576835798073876,0.004315109333136895
0.76,2.158745776678699,757.7283211793425,0.1587612997957178,0.03669834222691976,112.2895252078164,18.542074578747116,0.004333086378255956
0.765,2.162466879810234,757.7239122263135,0.1589159772275367,0.03658708116213817,112.4015541865124,18.5073685689605,0.004350962310729824
0.77,2.1661631331223505,757.7195729908229,0.15907021929454418,0.03647613698424326,112.51327576971707,18.47271881673871,0.004368737479955341
0.775,2.1698348220447286,757.7153026437309,0.1592240241013814,0.03636551100737546,112.6246882234256,18.4381263392702,0.004386412236049907
0.78,2.1734822281032278,757.7111003645231,0.15937738983803418,0.036255204484922025,112.73578988768567,18.403592123633118,0.004403986929797128
0.785,2.177105628963927,757.7069653412148,0.15953031477794333,0.036145218610867204,112.8465791748273,18.36911712744829,0.004421461912598248
0.79,2.1807052984747024,757.7028967702607,0.15968279727632587,0.036035554520991546,112.9570545679071,18.33470227945776,0.004438837536429372
0.795,2.184281506711794,757.6988938564535,0.15983483576804836,0.0359262132943916,113.06721461870681,18.30034848025887,0.004456114153786534
0.8,2.1878345200179083,757.6949558128417,0.1599864287662599,0.03581719595445617,113.177057946489,18.26605660277476,0.004473292117651377
0.805,2.191364601049117,757.6910818606265,0.16013757486023608,0.03570850347040708,113.28658323596534,18.231827492998665,0.004490371781435427
0.81,2.194872008811849,757.6872712290831,0.1602882727141012,0.03560013675821146,113.39578923614623,18.197661970432616,0.004507353498948262
0.8150000000000001,2.1983569987083023,757.6835231554611,0.16043852106480616,0.03549209668202681,113.504674758441,18.1635608287854,0.004524237624345407
0.8200000000000001,2.2018198225737,757.679836884905,0.1605883187208166,0.035384384055137746,113.61323867547549,18.12952483642253,0.004541024512095637
0.8250000000000001,2.2052607287191495,757.67621167036,0.16073766456031152,0.03527699964124298,113.72147991941422,18.095554736987108,0.004557714516934905
0.8300000000000001,2.2086799619702737,757.6726467724899,0.160886557529747,0.03516994415548104,113.82939748065274,18.06165124989298,0.004574307993830272
0.835,2.2120777637065747,757.6691414595914,0.1610349966423443,0.03506321826551041,113.93699040643244,18.02781507084408,0.004590805297941823
0.84,2.215454371902204,757.6656950075064,0.16118298097647507,0.034956822592662806,114.04425779935221,17.99404687239019,0.004607206784581672
0.845,2.2188100211614037,757.6623066995454,0.16133050967446075,0.0348507577128005,114.15119881629904,17.96034730433649,0.004623512809184542
0.85,2.2221449427612194,757.6589758263954,0.16147758194080447,0.03474502415757952,114.25781266680377,17.92671699435349,0.004639723727262502
0.855,2.225459364684106,757.6557016860504,0.16162419704120493,0.034639622415153386,114.36409861218864,17.893156548310806,0.004655839894381561
0.86,2.228753511661009,757.6524835837179,0.16177035430076386,0.03453455293145385,114.47005596389852,17.85966655089574,0.004671861666115704
0.865,2.2320276052026644,757.6493208317526,0.16191605310308868,0.034429816110831055,114.57568408273721,17.826247565915597,0.004687789398026025
0.87,2.235281863641915,757.6462127495646,0.16206129288856425,0.03432541231728836,114.6809823772641,17.792900136893696,0.004703623445616537
0.875,2.238516502164485,757.6431586635548,0.16220607315348257,0.03422134187510321,114.78595030305556,17.759624787362174,0.004719364164314119
0.88,2.2417317328499866,757.6401579070257,0.16235039344841756,0.03411760506998807,114.8905873612067,17.726422021421513,0.004735011909427194
0.885,2.2449277647027603,757.6372098201165,0.16249425337733858,0.034014202149723144,114.99489309757378,17.693292324039348,0.004750567036125266
0.89,2.248104803691134,757.6343137497184,0.16263765259611626,0.03391113332522336,115.09886710140876,17.660236161563585,0.004766029899401288
0.895,2.2512630527786546,757.6314690494089,0.16278059081159874,0.033808398771197755,115.20250900456271,17.627253982034542,0.004781400854050178
0.9,2.2544027119614065,757.6286750793711,0.1629230677802572,0.03370599862711671,115.30581848026017,17.59434621564879,0.0047966802546351335
0.905,2.2575239782997687,757.625931206327,0.1630650833072187,0.03360393299790223,115.4087952422585,17.561513275086696,0.0048118684554649465
0.91,2.2606270459535174,757.6232368034625,0.16320663724506418,0.033502201954786176,115.51143904377338,17.52875555592265,0.004826965810564652
0.915,2.263712106214615,757.6205912503575,0.16334772949278786,0.03340080553605309,115.61374967656488,17.49607343697846,0.004841972673650762
0.92,2.2667793475402944,757.617993932916,0.1634883599947288,0.033299743747802875,115.71572696999486,17.463467280686686,0.0048568893981057425
0.925,2.269828955585631,757.6154442432968,0.16362852873954226,0.033199016564685116,115.81737079012449,17.430937433439905,0.004871716336953589
0.93,2.272861113235861,757.6129415798454,0.16376823575917895,0.03309862393062756,115.91868103881771,17.3984842259374,0.004886453842835682
0.935,2.275876000638241,757.610485347026,0.16390748112790043,0.03299856575953903,116.01965765288166,17.366107973519036,0.004901102267987636
0.9400000000000001,2.278873795233714,757.6080749553554,0.16404626496129807,0.03289884193600949,116.12030060320842,17.333808976498183,0.00491566196421629
0.9450000000000001,2.28185467178818,757.605709821336,0.1641845874153434,0.032799452315987916,116.22060989394893,17.301587520483423,0.004930133282877579
0.9500000000000001,2.284818802423379,757.6033893673917,0.164322448685454,0.03270039672744886,116.3205855617003,17.2694438766951,0.004944516574854877
0.9550000000000001,2.28776635664771,757.6011130218027,0.16445984900556998,0.032601674971051674,116.42022767470424,17.2373783022781,0.004958812190537624
0.96,2.2906975013862523,757.5988802186419,0.16459678864727048,0.032503286820770756,116.51953633208375,17.20539104060066,0.004973020479801145
0.965,2.2936124010111536,757.5966903977112,0.16473326791887435,0.03240523202453754,116.61851166306428,17.17348232155884,0.004987141791985975
0.97,2.2965112173708113,757.5945430044812,0.1648692871646051,0.03230751030483615,116.71715382625662,17.14165236185858,0.005001176475879085
0.975,2.29939410981983,757.5924374900275,0.16500484676371552,0.03221012135932812,116.81546300890132,17.1099013653118,0.005015124879693915
0.98,2.302261235247462,757.5903733109709,0.1651399471296938,0.0321130648614188,116.91343942618983,17.07822952310437,0.005028987351052785
0.985,2.3051127481069766,757.5883499294175,0.16527458870942116,0.03201634046085839,117.01108332054079,17.046637014080734,0.005042764236967892
0.99,2.307948800443535,757.5863668128989,0.16540877198240778,0.03191994778428699,117.10839496094884,17.015124005001663,0.005056455883824598
0.995,2.3107695419229253,757.5844234343133,0.16554249745998542,0.03182388643581061,117.2053746422939,16.98369065081681,0.005070062637363445
1.0,2.313575119858885,757.5825192718684,0.16567576568457212,0.031728155997525716,117.30202268471706,16.95233709491263,0.005083584842664281
1.0050000000000001,2.316365679241242,757.5806538090226,0.16580857722889697,0.03163275603007232,117.39833943295963,16.9210634693739,0.00509702284412921
1.01,2.319141362762665,757.57882653443,0.16594093269529384,0.03153768607313761,117.49432525576647,16.889869895221658,0.0051103769854675745
1.0150000000000001,2.321902310846236,757.5770369418831,0.1660728327149559,0.03144294564598774,117.58998054525287,16.85875648266447,0.005123647609679782
1.02,2.324648661671643,757.5752845302582,0.16620427794725814,0.031348534247951136,117.68530571633416,16.827723331326673,0.005136835059043112
1.025,2.327380551202186,757.5735688034598,0.16633526907904056,0.031254451358929625,117.78030120611956,16.79677053048975,0.00514993967509639
1.03,2.330098113210428,757.5718892703679,0.16646580682395712,0.031160696439862717,117.87496747336613,16.765898159311483,0.005162961798626584
1.035,2.332801479304649,757.5702454447835,0.1665958919217875,0.03106726893321856,117.96930499789875,16.735106287057743,0.005175901769654291
1.04,2.3354907789539743,757.5686368453761,0.16672552513781097,0.030974168263440315,118.06331428008703,16.70439497331311,0.0051887599274210725
1.045,2.3381661395142754,757.5670629956313,0.16685470726214505,0.030881393837417743,118.15699584029018,16.673764268203406,0.005201536610375743
1.05,2.340827686252797,757.5655234238002,0.1669834391091438,0.030788945044916315,118.25035021835586,16.643214212598153,0.005214232156162405
1.055,2.3434755423735236,757.5640176628467,0.16711172151676215,0.0306968212590304,118.34337797308878,16.61274483832436,0.005226846901607493
1.06,2.346109829041301,757.5625452503992,0.1672395553459775,0.03060502183659562,118.43607968177056,16.58235616836104,0.005239381182708499
1.065,2.3487306654066873,757.561105728699,0.16736694148017883,0.03051354611862448,118.5284559396509,16.552048217044668,0.005251835334621736
1.07,2.3513381686295807,757.5596986445523,0.16749388082461059,0.030422393430702625,118.62050735948772,16.52182099025606,0.005264209691651724
1.075,2.353932453903562,757.558323549281,0.16762037430578558,0.03033156308340756,118.71223457105974,16.49167448561786,0.005276504587239647
1.08,2.3565136344790445,757.5569799986752,0.16774642287095046,0.030241054372689542,118.80363822072594,16.461608692674176,0.00528872035395337
1.085,2.359081821687119,757.5556675529447,0.16787202748752114,0.030150866580274018,118.89471897095868,16.431623593080328,0.005300857323476563
1.09,2.361637124962231,757.5543857766736,0.16799718914256906,0.03006099897402782,118.98547749992149,16.401719160775606,0.005312915826599319
1.095,2.364179651865544,757.5531342387726,0.16812190884227837,0.02997145080834597,119.07591450102177,16.37189536216565,0.005324896193207926
1.1,2.366709508107155,757.551912512434,0.16824618761145202,0.029882221324503754,119.16603068250636,16.342152156288527,0.005336798752276057
1.105,2.369226797568983,757.5507201750858,0.1683700264929899,0.02979330975102856,119.25582676703276,16.3124894949901,0.005348623831855156
1.11,2.3717316223265366,757.5495568083479,0.16849342654741387,0.029704715304038308,119.34530349128156,16.282907323083712,0.005360371759066194
1.115,2.374224082671337,757.5484219979866,0.16861638885236604,0.02961643718759897,119.43446160554561,16.253405578518805,0.005372042860090629
1.12,2.3767042771322457,757.5473153338723,0.16873891450215223,0.029528474594049912,119.52330187335856,16.223984192534484,0.0053836374601627076
1.125,2.3791723024974316,757.5462364099353,0.1688610046072594,0.029440826704347594,119.61182507110107,16.194643089821646,0.005395155883560992
1.1300000000000001,2.381628253835271,757.5451848241237,0.16898266029391662,0.029353492688378384,119.70003198764478,16.1653821886707,0.005406598453601162
1.135,2.3840722245158723,757.5441601783607,0.16910388270363133,0.02926647170528898,119.78792342397483,16.13620140112748,0.005417965492628096
1.1400000000000001,2.3865043062315503,757.5431620785039,0.16922467299276697,0.029179762903787158,119.8755001928486,16.107100633135314,0.0054292573220091605
1.145,2.3889245890179183,757.5421901343029,0.1693450323320971,0.02909336542245948,119.9627631184339,16.078079784685013,0.005440474262126811
1.1500000000000001,2.3913331612739532,757.5412439593601,0.16946496190639937,0.029007278390060422,120.0497130359817,16.049138749951524,0.005451616632372357
1.155,2.39373010978266,757.5403231710889,0.16958446291402654,0.028921500925817845,120.13635079147937,16.020277417438194,0.005462684751139056
1.16,2.3961155197307344,757.5394273906751,0.16970353656651627,0.028836032139710987,120.22267724133694,15.991495670108252,0.005473678935816338
1.165,2.3984894747288132,757.5385562430374,0.16982218408817862,0.028750871132764134,120.30869325205454,15.962793385523568,0.005484599502783377
1.17,2.400852056830742,757.5377093567886,0.1699404067157207,0.02866601699731393,120.3943996999216,15.934170435971186,0.005495446767403749
1.175,2.403203346553419,757.5368863641969,0.1700582056978501,0.02858146881729168,120.47979747069819,15.905626688596787,0.0055062210440194655
1.18,2.405543422895677,757.5360869011489,0.17017558229491395,0.028497225668480404,120.56488745932637,15.877162005526444,0.0055169226459460445
1.185,2.4078723633577304,757.5353106071111,0.1702925377785176,0.028413286618786227,120.64967056962469,15.848776243995044,0.00552755188546699
1.19,2.4101902439596796,757.5345571250941,0.1704090734311776,0.028329650728485506,120.73414771401154,15.820469256463435,0.0055381090738292615
1.195,2.412497139260569,757.5338261016151,0.17052519054595483,0.02824631705048578,120.81831981321209,15.792240890741988,0.005548594521238181
1.2,2.414793122376523,757.5331171866623,0.17064089042612113,0.02816328463056333,120.90218779599309,15.764090990103341,0.005559008536853279
1.205,2.417078264999422,757.5324300336589,0.1707561743848064,0.02808055250761409,120.98575259888179,15.736019393401284,0.005569351428783613
1.21,2.419352637414679,757.5317642994286,0.17087104374467796,0.02799811971388199,121.06901516591164,15.708025935179263,0.005579623504083982
1.215,2.421616308519543,757.5311196441595,0.1709854998376015,0.027915985275200176,121.1519764483528,15.680110445784782,0.005589825068750634
1.22,2.4238693458405205,757.5304957313714,0.17109954400433247,0.02783414821121054,121.23463740446826,15.652272751473822,0.005599956427717835
1.225,2.4261118155513186,757.52989222788,0.17121317759419033,0.027752607535595622,121.31699899925539,15.624512674520945,0.005610017884853949
1.23,2.4283437824899177,757.5293088037647,0.17132640196476182,0.027671362256289595,121.39906220421209,15.59683003331978,0.005620009742958346
1.235,2.430565310176158,757.5287451323345,0.17143921848158766,0.02759041137570123,121.48082799708897,15.56922464248898,0.005629932303757848
1.24,2.432776460828477,757.5282008900962,0.17155162851787736,0.027509753890916665,121.56229736166507,15.541696312968947,0.005639785867903952
1.245,2.434977295381143,757.5276757567204,0.1716636334542081,0.02742938879391373,121.64347128751028,15.514244852123802,0.0056495707349696256
1.25,2.4371678735006648,757.5271694150115,0.17177523467825045,0.027349315071756863,121.72435076977018,15.48687006383447,0.005659287203446843
1.2550000000000001,2.4393482536026845,757.5266815508742,0.17188643358447891,0.02726953170680308,121.80493680893825,15.459571748596835,0.005668935570743709
1.26,2.4415184928680618,757.5262118532836,0.17199723157390834,0.027190037676889316,121.88523041064961,15.43234970361132,0.005678516133182298
1.2650000000000001,2.443678647259433,757.5257600142536,0.1721076300538157,0.027110831955530365,121.96523258546256,15.405203722877365,0.005688029185996089
1.27,2.4458287715369775,757.5253257288067,0.17221763043748672,0.027031913512098934,122.04494434866075,15.378133597279643,0.005697475023328095
1.2750000000000001,2.4479689192746523,757.5249086949433,0.1723272341439483,0.026953281312015857,122.12436672004371,15.351139114678986,0.005706853938228603
1.28,2.4500991428756476,757.5245086136131,0.17243644259772525,0.026874934316923095,122.20350072373732,15.324220059995383,0.005716166222653576
1.285,2.452219493588299,757.5241251886839,0.17254525722858308,0.026796871484866536,122.28234738799277,15.29737621529548,0.005725412167462684
1.29,2.454330021521243,757.5237581269146,0.17265367947129412,0.026719091770462177,122.36090774500494,15.270607359872464,0.005734592062417979
1.295,2.4564307756590154,757.5234071379244,0.17276171076539035,0.02664159412507183,122.43918283071962,15.24391327033029,0.00574370619618219
1.3,2.4585218038769088,757.5230719341662,0.17286935255493877,0.02656437749696268,122.5171736846594,15.217293720660555,0.0057527548563176606
1.305,2.4606031529562653,757.522752230897,0.17297660628830386,0.026487440831476163,122.5948813497389,15.190748482323578,0.0057617383292849125
1.31,2.462674868599042,757.5224477461518,0.1730834734179318,0.026410783071181193,122.67230687209774,15.164277324322368,0.005770656900441821
1.315,2.464736995442805,757.5221582007144,0.1731899554001221,0.02633440315603639,122.74945130092347,15.137880013280679,0.005779510854042439
1.32,2.46678957707501,757.5218833180921,0.17329605369482048,0.026258300023537254,122.82631568829154,15.11155631351419,0.005788300473236402
1.325,2.468832656047703,757.5216228244876,0.17340176976539945,0.02618247260887198,122.90290108899548,15.085305987105626,0.005797026040068
1.33,2.4708662738915232,757.5213764487736,0.17350710507845926,0.026106919845062772,122.97920856039349,15.059128793973258,0.0058056878354758035
1.335,2.472890471130113,757.5211439224657,0.1736120611036173,0.026031640663115512,123.05523916224577,15.033024491943216,0.00581428613929197
1.34,2.4749052872938524,757.520924979698,0.17371663931331682,0.02595663399215541,123.13099395656745,15.006992836815396,0.005822821230242087
1.345,2.4769107609339844,757.5207193571958,0.17382084118262472,0.025881898759570726,123.20647400747266,14.981033582433053,0.005831293385944705
1.35,2.478906929636084,757.5205267942525,0.17392466818904795,0.025807433891142997,123.28168038103367,14.955146480746235,0.005839702882911377
1.355,2.480893830033908,757.520347032703,0.17402812181233918,0.02573323831118502,123.35661414513139,14.929331281878738,0.005848049996546413
1.36,2.4828714978226016,757.5201798168997,0.17413120353432063,0.025659310942665832,123.43127636932046,14.90358773418916,0.005856335001147116
1.365,2.484839967772281,757.520024893689,0.17423391483869752,0.02558565070734316,123.50566812468604,14.877915584335327,0.005864558169903742
1.37,2.4867992737409805,757.5198820123862,0.17433625721088894,0.02551225652588337,123.57979048371452,14.852314577333033,0.005872719774899923
1.375,2.4887494486879738,757.5197509247524,0.17443823213784876,0.025439127317988572,123.65364452015629,14.826784456618045,0.005880820087112822
1.3800000000000001,2.4906905246864692,757.5196313849709,0.17453984110790335,0.025366262002511696,123.72723130890199,14.801324964102607,0.005888859376413743
1.385,2.4926225329366734,757.5195231496242,0.17464108561057964,0.025293659497578478,123.80055192585102,14.775935840235109,0.005896837911568468
1.3900000000000001,2.49454550377824,757.5194259776711,0.1747419671364495,0.025221318720697813,123.87360744779305,14.750616824054436,0.005904755960238037
1.395,2.4964594667030817,757.519339630424,0.17484248717696466,0.02514923858887881,123.94639895228207,14.725367653247389,0.005912613788979278
1.4000000000000001,2.4983644503675766,757.5192638715271,0.17494264722430755,0.025077418018736593,124.01892751752294,14.700188064200962,0.005920411663245738
1.405,2.500260482605132,757.5191984669336,0.17504244877123282,0.02500585592660459,124.09119422225078,14.675077792057577,0.005928149847388392
1.41,2.5021475904381587,757.5191431848846,0.1751418933109243,0.02493455122863597,124.16320014562243,14.650036570765378,0.005935828604656729
1.415,2.504025800090389,757.5190977958869,0.17524098233684304,0.024863502840911326,124.23494636710093,14.62506413313136,0.005943448197199631
1.42,2.5058951369986207,757.5190620726926,0.17533971734259007,0.02479270967953591,124.30643396635163,14.600160210869749,0.005951008886066603
1.425,2.5077556258247995,757.5190357902775,0.17543809982176084,0.024722170660742834,124.37766402313167,14.575324534653088,0.005958510931208812
1.43,2.509607290467535,757.5190187258204,0.17553613126781356,0.024651884700986275,124.44863761719053,14.55055683415878,0.0059659545914804634
1.435,2.511450154073948,757.519010658683,0.17563381317392956,0.02458185071704039,124.5193558281643,14.525856838118218,0.005973340124639987
1.44,2.5132842390509698,757.5190113703892,0.17573114703288736,0.0245120676260886,124.58981973548053,14.501224274361528,0.005980667787351552
1.445,2.5151095670769616,757.5190206446053,0.17582813433692862,0.02444253434581836,124.66003041825708,14.476658869864835,0.005987937835186397
1.45,2.516926159112792,757.5190382671204,0.1759247765776375,0.024373249794506672,124.72998895521113,14.452160350793267,0.005995150522624476
1.455,2.5187340354132357,757.5190640258264,0.17602107524581245,0.024304212891110902,124.7996964245624,14.42772844254641,0.006002306103055927
1.46,2.5205332155378404,757.5190977106994,0.17611703183135038,0.0242354225553506,124.86915390394621,14.403362869799645,0.0060094048287828395
1.465,2.522323718362103,757.5191391137797,0.17621264782312399,0.02416687770779448,124.93836247032097,14.379063356547855,0.006016446951020858
1.47,2.52410556208813,757.5191880291541,0.17630792470887086,0.024098577269938748,125.00732319988496,14.354829626145158,0.006023432719901065
1.475,2.525878764255602,757.5192442529363,0.17640286397507587,0.024030520164290373,125.07603716798795,14.330661401346918,0.006030362384471714
1.48,2.527643341752225,757.5193075832492,0.1764974671068653,0.023962705314442,125.14450544905178,14.306558404347939,0.006037236192700223
1.485,2.529399310824487,757.5193778202064,0.17659173558789404,0.023895131645151665,125.21272911648576,14.282520356822834,0.0060440543914750235
1.49,2.5311466870879107,757.5194547658944,0.1766856709002443,0.02382779808241442,125.2807092426109,14.258546979962738,0.006050817226607671
1.495,2.532885485537602,757.5195382243544,0.17677927452431774,0.023760703553538622,125.34844689857906,14.23463799451409,0.0060575249428348014
1.5,2.5346157205583095,757.5196280015659,0.17687254793873858,0.023693846987214395,125.4159431543006,14.210793120813916,0.006064177783820343
1.5050000000000001,2.5363374059347694,757.5197239054284,0.17696549262025035,0.02362722731358657,125.48319907836722,14.187012078827097,0.0060707759921575875
1.51,2.5380505548615706,757.5198257457444,0.17705811004362335,0.023560843464320136,125.55021573798281,14.163294588180243,0.006077319809371494
1.5150000000000001,2.5397551799533065,757.5199333342028,0.1771504016815558,0.023494694372669954,125.61699419888988,14.139640368197513,0.006083809475920866
1.52,2.5414512932542497,757.5200464843625,0.17724236900458548,0.023428778973543268,125.68353552530357,14.116049137933146,0.006090245231200745
1.5250000000000001,2.543138906248309,757.5201650116351,0.1773340134809953,0.02336309620356634,125.74984077984139,14.092520616205858,0.006096627313544693
1.53,2.5448180298685212,757.5202887332694,0.17742533657672882,0.023297645001144115,125.81591102346034,14.069054521630086,0.006102955960227267
1.5350000000000001,2.546488674506817,757.5204174683346,0.17751633975529987,0.023232424306523874,125.88174731538992,14.045650572649025,0.006109231407466397
1.54,2.5481508500233336,757.5205510377051,0.17760702447771218,0.023167433061852167,125.94735071307211,14.022308487564615,0.006115453890425947
1.545,2.549804565755991,757.5206892640443,0.17769739220237293,0.0231026702112356,126.01272227209753,13.999027984569265,0.006121623643218179
1.55,2.5514498305296303,757.5208319717893,0.17778744438501604,0.023038134700795104,126.07786304614832,13.97580878177463,0.006127740898906393
1.555,2.553086652665407,757.5209789871357,0.17787718247861964,0.02297382547872397,126.14277408693721,13.952650597242075,0.006133805889507477
1.56,2.5547150399897545,757.5211301380217,0.17796660793333285,0.022909741495339572,126.20745644415321,13.929553149010276,0.0061398188459946225
1.565,2.5563349998435974,757.5212852541142,0.1780557221963972,0.02284588170313872,126.27191116540347,13.906516155124477,0.006145779998299951
1.57,2.557946539091146,757.5214441667933,0.17814452671207673,0.022782245056846926,126.33613929616172,13.883539333662949,0.006151689575317307
1.575,2.559549664128936,757.521606709138,0.178233022921583,0.022718830513471185,126.40014187971285,13.860622402765067,0.0061575478049049545
1.58,2.561144380894451,757.5217727159117,0.17832121226300854,0.022655637032346868,126.46391995710385,13.837765080656698,0.006163354913888442
1.585,2.562730694874993,757.5219420235472,0.17840909617125542,0.022592663575188018,126.52747456709113,13.814967085677123,0.006169111128063363
1.59,2.5643086111161404,757.5221144701342,0.17849667607797182,0.022529909106131958,126.59080674609386,13.792228136303388,0.006174816672198295
1.595,2.5658781342304495,757.522289895404,0.17858395341148403,0.022467372591787185,126.65391752814385,13.769547951176119,0.006180471770037625
1.6,2.5674392684057525,757.5224681407161,0.17867092959673608,0.022405053001275786,126.71680794484126,13.74692624912286,0.006186076644304538
1.605,2.568992017413691,757.522649049045,0.17875760605522503,0.022342949306279,126.77947902530698,13.72436274918284,0.006191631516703924
1.61,2.5705363846178586,757.5228324649662,0.1788439842049435,0.022281060481077523,126.84193179614061,13.701857170629319,0.006197136607925412
1.615,2.5720723729821713,757.5230182346432,0.17893006546031814,0.022219385502594842,126.90416728137514,13.679409232993343,0.006202592137646336
1.62,2.5735999850788533,757.5232062058145,0.1790158512321551,0.022157923350435486,126.96618650243715,13.657018656085135,0.006207998324534833
1.625,2.5751192230966518,757.5233962277805,0.1791013429275814,0.02209667300692621,127.02799047810393,13.634685160016868,0.0062133553862528555
1.6300000000000001,2.5766300888486673,757.5235881513905,0.17918654194999328,0.022035633457152266,127.08958022446554,13.612408465223156,0.006218663539459323
1.635,2.578132583780414,757.5237818290303,0.1792714496990004,0.021974803688996514,127.1509567548842,13.590188292482855,0.006223922999813195
1.6400000000000001,2.5796267089775005,757.5239771146099,0.17935606757037698,0.021914182693173797,127.21212107995855,13.568024362938687,0.0062291339819766575
1.645,2.581112465173535,757.5241738635505,0.17944039695600866,0.021853769463268054,127.27307420748492,13.545916398118122,0.006234296699618255
1.6500000000000001,2.5825898527576627,757.5243719327729,0.17952443924384626,0.02179356299576484,127.33381714242368,13.52386411995215,0.006239411365416121
1.655,2.5840588717823194,757.5245711806849,0.17960819581785556,0.021733562290086526,127.39435088686257,13.50186725079527,0.006244478191061153
1.6600000000000001,2.5855195219706246,757.5247714671702,0.1796916680579732,0.02167376634862305,127.45467643998477,13.479925513443455,0.006249497387260287
1.665,2.586971802723987,757.5249726535757,0.17977485734005935,0.02161417417676525,127.51479479803437,13.458038631153281,0.006254469163739718
1.67,2.588415713129357,757.5251746027002,0.17985776503585582,0.021554784782933933,127.57470695428623,13.436206327659093,0.0062593937292482115
1.675,2.5898512519666887,757.5253771787833,0.1799403925129413,0.02149559717861136,127.63441389901318,13.414428327191315,0.006264271291560366
1.68,2.5912784177160524,757.5255802474932,0.18002274113469202,0.021436610378368734,127.69391661945778,13.392704354492855,0.00626910205747996
1.685,2.592697208564954,757.5257836759164,0.180104812260239,0.021377823399895933,127.75321609980129,13.371034134836615,0.006273886232843256
1.69,2.5941076224153115,757.5259873325458,0.1801866072444312,0.021319235264027406,127.81231332113705,13.349417394041161,0.006278624022522377
1.695,2.595509656890636,757.5261910872704,0.1802681274377951,0.02126084499477025,127.87120926144131,13.327853858487455,0.006283315630428648
1.7,2.5969033093428746,757.5263948113636,0.1803493741864999,0.021202651619328577,127.92990489554809,13.306343255133827,0.006287961259516005
1.705,2.5982885768594524,757.5265983774734,0.18043034883231948,0.02114465416812998,127.98840119512187,13.284885311531957,0.0062925611117843686
1.71,2.5996654562699857,757.5268016596115,0.18051105271259954,0.021086851674848445,128.0466991286338,13.263479755841168,0.006297115388283084
1.715,2.6010339441531896,757.5270045331423,0.1805914871602218,0.02102924317642926,128.10479966133607,13.242126316843677,0.006301624289114324
1.72,2.602394036843463,757.5272068747732,0.18067165350357314,0.020971827713110507,128.16270375523982,13.220824723958247,0.006306088013436551
1.725,2.60374573043766,757.5274085625445,0.1807515530665119,0.020914604328446492,128.2204123690907,13.19957470725473,0.006310506759467956
1.73,2.6050890208015534,757.5276094758183,0.1808311871683389,0.020857572069327868,128.27792645834845,13.178375997467086,0.006314880724489945
1.735,2.6064239035764745,757.5278094952697,0.18091055712376578,0.020800729986003623,128.33524697516404,13.157228326007262,0.006319210104850597
1.74,2.6077503741856494,757.5280085028762,0.18098966424288787,0.020744077132099897,128.3923748683604,13.136131424977592,0.00632349509596818
1.745,2.6090684278407164,757.5282063819083,0.18106850983115447,0.020687612564640575,128.44931108341117,13.115085027184035,0.006327735892334628
1.75,2.6103780595479367,757.5284030169192,0.18114709518934355,0.020631335344064857,128.50605656242269,13.094088866147976,0.00633193268751908
1.7550000000000001,2.6116792641145867,757.5285982937364,0.18122542161353386,0.02057524453424651,128.562612244114,13.073142676118845,0.006336085674171382
1.76,2.61297203615505,757.5287920994512,0.18130349039508126,0.02051933920251021,128.61897906380045,13.052246192085347,0.006340195044025635
1.7650000000000001,2.6142563700970864,757.52898432241,0.18138130282059284,0.020463618419649523,128.67515795337482,13.03139914978748,0.0063442609879037284
1.77,2.6155322601878046,757.529174852205,0.18145886017190477,0.02040808125994207,128.73114984129205,13.010601285727216,0.006348283695718896
1.7750000000000001,2.616799700499811,757.5293635796646,0.18153616372605805,0.020352726801166274,128.7869556525519,12.989852337179936,0.00635226335647927
1.78,2.6180586849370675,757.5295503968455,0.1816132147552782,0.020297554124615393,128.84257630868467,12.969152042204575,0.006356200158291455
1.7850000000000001,2.61930920724092,757.5297351970223,0.18169001452695258,0.02024256231511308,128.89801272773516,12.948500139654511,0.006360094288364094
1.79,2.620551260995843,757.5299178746803,0.18176656430361152,0.02018775046102633,128.9532658242495,12.927896369187188,0.0063639459330114565
1.795,2.6217848396353522,757.5300983255054,0.1818428653429073,0.020133117654279883,129.00833650926035,12.907340471274463,0.006367755277657017
1.8,2.6230099364476342,757.5302764463765,0.18191891889759687,0.02007866299036814,129.06322569027478,12.88683218721174,0.006371522506837063
1.805,2.6242265445813464,757.5304521353565,0.18199472621552226,0.020024385568368466,129.1179342712606,12.866371259127801,0.006375247804204274
1.81,2.6254346570511373,757.5306252916844,0.18207028853959473,0.019970284490952075,129.17246315263532,12.845957429993454,0.006378931352531344
1.815,2.626634266743332,757.5307958157659,0.1821456071077767,0.019916358864396307,129.22681323125357,12.825590443630867,0.006382573333714579
1.82,2.6278253664213445,757.5309636091666,0.1822206831530672,0.019862607798594514,129.28098540039704,12.805270044721754,0.006386173928777516
1.825,2.6290079487312523,757.531128574603,0.18229551790348542,0.019809030407067343,129.33498054976306,12.784995978816228,0.0063897333178745365
1.83,2.630182006207103,757.5312906159345,0.1823701125820573,0.01975562580697167,129.3887995654553,12.764767992340543,0.006393251680294491
1.835,2.631347531276379,757.5314496381558,0.18244446840680043,0.0197023931191109,129.44244332997346,12.744585832605484,0.006396729194464318
1.84,2.6325045162651994,757.531605547389,0.18251858659071213,0.019649331467943024,129.49591272220508,12.724449247813675,0.00640016603795268
1.845,2.6336529534036774,757.5317582508753,0.1825924683417554,0.019596439981589973,129.54920861741596,12.70435798706752,0.006403562387473583
1.85,2.6347928348310186,757.5319076569683,0.1826661148628484,0.019543717791844793,129.6023318872429,12.684311800376102,0.006406918418890019
1.855,2.6359241526007735,757.5320536751257,0.1827395273518517,0.019491164034180105,129.6552833996852,12.664310438662694,0.00641023430721759
1.86,2.637046898685836,757.5321962159018,0.18281270700155874,0.019438777847754454,129.70806401909806,12.64435365377126,0.00641351022662815
1.865,2.6381610649835894,757.5323351909401,0.18288565499968457,0.01938655837541989,129.76067460618515,12.624441198473537,0.00641674635045344
1.87,2.6392666433208056,757.5324705129665,0.1829583725288572,0.019334504763727535,129.81311601799277,12.604572826475163,0.006419942851188725
1.875,2.6403636254586904,757.5326020957814,0.18303086076660752,0.019282616162934307,129.86538910790316,12.584748292422361,0.006423099900496434
1.8800000000000001,2.641452003097684,757.5327298542529,0.18310312088536207,0.019230891727007725,129.9174947256297,12.56496735190769,0.006426217669209798
1.885,2.6425317678824047,757.5328537043093,0.1831751540524337,0.01917933061363184,129.96943371721088,12.54522976147634,0.006429296327336489
1.8900000000000001,2.6436029114063544,757.5329735629325,0.18324696143001545,0.019127931984211304,130.0212069250062,12.525535278631533,0.006432336044062257
1.895,2.644665425216763,757.5330893481508,0.18331854417517263,0.019076695003876497,130.07281518769102,12.505883661840445,0.00643533698775457
1.9000000000000001,2.645719300819197,757.5332009790322,0.18338990343983724,0.019025618841486933,130.1242593402533,12.48627467053926,0.006438299325966251
1.905,2.6467645296823092,757.5333083756775,0.18346104037080135,0.018974702669635624,130.17554021398902,12.46670806513873,0.006441223225439112
1.9100000000000001,2.647801103242353,757.5334114592133,0.18353195610971254,0.01892394566465179,130.2266586364997,12.44718360702891,0.006444108852107593
1.915,2.648829012907835,757.533510151786,0.18360265179306806,0.018873347006604542,130.27761543168856,12.427701058584363,0.006446956371102391
1.92,2.649848250063937,757.5336043765545,0.18367312855221135,0.018822905879304935,130.3284114197586,12.408260183168574,0.006449765946754093
1.925,2.6508588060770784,757.5336940576843,0.18374338751332722,0.01877262147030893,130.37904741720976,12.388860745138823,0.0064525377425968065
1.93,2.651860672299243,757.5337791203406,0.1838134297974391,0.01872249297091887,130.4295242368373,12.369502509850307,0.006455271921371782
1.935,2.652853840072448,757.533859490682,0.18388325652040516,0.018672519576185757,130.47984268772967,12.350185243660672,0.006457968645031046
1.94,2.653838300732986,757.5339350958544,0.18395286879291656,0.01862270048491013,130.53000357526778,12.330908713933844,0.006460628074741009
1.945,2.6548140456157983,757.5340058639848,0.18402226772049435,0.01857303489964372,130.58000770112324,12.311672689044265,0.006463250370886101
1.95,2.6557810660586316,757.5340717241749,0.18409145440348848,0.018523522026689745,130.6298558632583,12.292476938380428,0.006465835693072369
1.955,2.65673935340632,757.5341326064945,0.18416042993707574,0.018474161076103973,130.6795488559248,12.27332123234881,0.006468384200131106
1.96,2.6576888990148544,757.534188441977,0.18422919541125937,0.01842495126169445,130.7290874696645,12.254205342377146,0.00647089605012244
1.965,2.6586296942555783,757.5342391626114,0.18429775191086784,0.01837589180102198,130.77847249130875,12.235129040918077,0.006473371400338959
1.97,2.659561730519168,757.5342847013379,0.18436610051555533,0.018326981915399346,130.82770470397935,12.216092101452148,0.00647581040730929
1.975,2.660484999219744,757.5343249920417,0.18443424229980124,0.01827822082989122,130.87678488708872,12.197094298491185,0.006478213226801713
1.98,2.6613994917987687,757.5343599695464,0.18450217833291127,0.01822960777331286,130.9257138163413,12.178135407581046,0.006480580013827738
1.985,2.662305199729066,757.5343895696093,0.1845699096790179,0.018181141978229516,130.9744922637343,12.159215205304722,0.0064829109226457035
1.99,2.6632021145186404,757.5344137289151,0.18463743739708205,0.01813282268095464,131.0231209975596,12.140333469284855,0.006485206106764347
1.995,2.664090227714611,757.5344323850704,0.18470476254089413,0.018084649121548745,131.07160078240494,12.121489978186576,0.006487465718946388
2.0,2.6649695309069483,757.5344454765983,0.1847718861590766,0.018036620543817196,131.1199323791563,12.10268451171979,0.006489689911212097
2.005,2.665840015732326,757.5344529429325,0.18483880929508564,0.017988736195308563,131.16811654499975,12.083916850641774,0.006491878834842866
2.0100000000000002,2.6667016738777742,757.5344547244123,0.18490553298721435,0.017940995327311936,131.2161540334241,12.06518677675923,0.006494032640384759
2.015,2.6675544970844527,757.5344507622767,0.18497205826859497,0.017893397194854874,131.26404559422318,12.046494072930646,0.006496151477652078
2.02,2.668398477151222,757.5344409986594,0.18503838616720275,0.01784594105670024,131.31179197349917,12.027838523068137,0.0064982354957309
2.025,2.6692336059383366,757.5344253765835,0.18510451770585895,0.01779862617534369,131.35939391366517,12.009219912139574,0.006500284842982632
2.0300000000000002,2.6700598753709386,757.5344038399558,0.18517045390223508,0.017751451817010166,131.40685215344885,11.99063802617022,0.006502299667047535
2.035,2.670877277442668,757.5343763335621,0.18523619576885655,0.017704417251650926,131.4541674278957,11.972092652244646,0.006504280114848265
2.04,2.671685804219081,757.534342803062,0.18530174431310759,0.017657521752939623,131.50134046837283,11.95358357850815,0.0065062263325933855
2.045,2.6724854478411837,757.5343031949834,0.1853671005372354,0.017610764598268918,131.54837200257273,11.935110594168478,0.006508138465780896
2.05,2.673276200528771,757.5342574567177,0.1854322654383555,0.01756414506874624,131.5952627545176,11.916673489497047,0.006510016659201729
2.055,2.6740580545838806,757.5342055365147,0.18549724000845663,0.017517662449189987,131.64201344456322,11.898272055830459,0.006511861056943269
2.06,2.6748310023940625,757.5341473834781,0.18556202523440649,0.017471316028124892,131.68862478940378,11.879906085571545,0.006513671802392829
2.065,2.675595036435753,757.5340829475597,0.18562662209795708,0.017425105097777893,131.73509750207623,11.861575372190682,0.006515449038241158
2.07,2.6763501492774706,757.5340121795552,0.1856910315757512,0.017379028954073145,131.78143229196525,11.84327971022666,0.006517192906485909
2.075,2.6770963335831146,757.5339350310993,0.1857552546393281,0.01733308689662752,131.82762986480807,11.825018895287807,0.0065189035484351215
2.08,2.677833582115085,757.5338514546605,0.18581929225513036,0.01728727822874532,131.87369092269984,11.806792724052698,0.00652058110471068
2.085,2.6785618877375126,757.533761403537,0.18588314538451023,0.01724160225741342,131.9196161640986,11.788600994271096,0.006522225715251785
2.09,2.6792812434193016,757.5336648318515,0.18594681498373686,0.017196058293295655,131.96540628383116,11.770443504764488,0.006523837519318387
2.095,2.6799916422372867,757.5335616945466,0.1860103020040031,0.017150645650727655,132.0110619730982,11.752320055426857,0.006525416655494647
2.1,2.6806930773792077,757.5334519473803,0.18607360739143308,0.017105363647710963,132.0565839194806,11.734230447225075,0.006526963261692355
2.105,2.6813855421467907,757.5333355469215,0.1861367320870897,0.017060211605907514,132.10197280694484,11.716174482199497,0.006528477475154374
2.11,2.682069029958653,757.5332124505454,0.1861996770269823,0.017015188850633474,132.14722931584944,11.698151963464197,0.006529959432458042
2.115,2.6827435343533144,757.5330826164288,0.1862624431420747,0.016970294710853463,132.19235412295097,11.680162695207416,0.006531409269518597
2.12,2.683409048992031,757.5329460035459,0.18632503135829342,0.016925528519174098,132.23734790141043,11.662206482691658,0.006532827121592566
2.125,2.6840655676617358,757.5328025716639,0.18638744259653572,0.01688088961183792,132.28221132079975,11.64428313225397,0.006534213123281171
2.13,2.684713084277806,757.5326522813382,0.18644967777267865,0.016836377328716713,132.3269450471084,11.626392451305895,0.0065355674085337025
2.1350000000000002,2.6853515928869314,757.5324950939088,0.18651173779758723,0.016791991013305144,132.37154974275,11.608534248333633,0.006536890110650905
2.14,2.685981087669814,757.5323309714952,0.1865736235771237,0.01674773001271384,132.41602606656934,11.590708332897844,0.006538181362288334
2.145,2.6866015629439706,757.5321598769925,0.18663533601215643,0.016703593677662776,132.4603746738492,11.572914515633657,0.00653944129545973
2.15,2.6872130131663634,757.5319817740675,0.18669687599856927,0.016659581362474116,132.50459621631762,11.555152608250369,0.006540670041540348
2.1550000000000002,2.687815432936134,757.5317966271537,0.18675824442727076,0.01661569242506536,132.5486913421549,11.5374224235313,0.00654186773127032
2.16,2.68840881699717,757.5316044014478,0.1868194421842039,0.016571926226941976,132.59266069600113,11.519723775333384,0.006543034494757965
2.165,2.688993160240769,757.5314050629054,0.18688047015035578,0.016528282133190304,132.63650491896334,11.502056478586894,0.006544170461483131
2.17,2.6895684577081447,757.5311985782364,0.18694132920176743,0.016484759512469967,132.6802246486234,11.484420349294899,0.0065452757603004915
2.1750000000000003,2.6901347045930195,757.5309849149021,0.18700202020954387,0.01644135773700658,132.72382051904535,11.466815204532883,0.006546350519442862
2.18,2.690691896244068,757.5307640411098,0.1870625440398644,0.01639807618258397,132.76729316078325,11.449240862448086,0.006547394866524484
2.185,2.6912400281674476,757.5305359258097,0.18712290155399253,0.016354914228536632,132.810643200889,11.431697142259,0.006548408928544322
2.19,2.691779096029174,757.5303005386903,0.187183093608287,0.016311871257741802,132.85387126292028,11.414183864254607,0.0065493928318893216
2.195,2.692309095657588,757.5300578501752,0.18724312105421181,0.016268946656611702,132.89697796694855,11.396700849793758,0.0065503467023377
2.2,2.69283002304567,757.5298078314186,0.18730298473834744,0.016226139815085427,132.93996392956717,11.379247921304309,0.006551270665062172
2.205,2.6933418743534436,757.5295504543014,0.18736268550240112,0.01618345012662103,132.98282976389962,11.361824902282393,0.006552164844633226
2.21,2.6938446459102243,757.5292856914278,0.1874222241832184,0.01614087698818721,133.02557607960767,11.34443161729146,0.00655302936502234
2.215,2.694338334216961,757.5290135161212,0.18748160161279379,0.01609841980025522,133.06820348289992,11.327067891961436,0.00655386434960522
2.22,2.6948229359484266,757.5287339024198,0.1875408186182822,0.01605607796679041,133.11071257654015,11.309733552987668,0.00655466992116501
2.225,2.695298447955495,757.5284468250743,0.18759987602201011,0.01601385089524398,133.15310395985568,11.292428428130005,0.006555446201895506
2.23,2.6957648672672705,757.5281522595426,0.1876587746414872,0.015971737996544347,133.19537822874634,11.27515234621163,0.006556193313404345
2.235,2.6962221910933053,757.5278501819867,0.18771751528941769,0.01592973868508875,133.2375359756927,11.257905137118046,0.006556911376716206
2.24,2.696670416825666,757.5275405692694,0.1877760987737121,0.015887852378734458,133.27957778976523,11.240686631795835,0.006557600512275969
2.245,2.697109542041093,757.52722339895,0.18783452589749897,0.015846078498790266,133.32150425663272,11.223496662251547,0.006558260839951902
2.25,2.697539564503008,757.526898649281,0.18789279745913667,0.015804416470007538,133.3633159585715,11.206335061550375,0.0065588924790387975
2.255,2.697960482163609,757.5265662992041,0.18795091425222546,0.015762865720571544,133.4050134744741,11.189201663814952,0.0065594955482611425
2.2600000000000002,2.698372293165824,757.5262263283473,0.1880088770656194,0.015721425682092414,133.44659737985833,11.172096304223956,0.006560070165776231
2.265,2.6987749958453473,757.5258787170206,0.18806668668343846,0.015680095789596334,133.4880682468765,11.155018819010824,0.0065606164491773125
2.27,2.69916858873253,757.5255234462129,0.18812434388508098,0.015638875481516372,133.52942664432433,11.13796904546227,0.006561134515496691
2.275,2.69955307055436,757.525160497588,0.18818184944523567,0.015597764199683528,133.57067313765018,11.120946821916931,0.006561624481208846
2.2800000000000002,2.6999284402362993,757.5247898534816,0.18823920413389422,0.015556761389317495,133.61180828896434,11.10395198776381,0.006562086462233512
2.285,2.7002946969041997,757.5244114968976,0.18829640871636358,0.01551586649901757,133.6528326570483,11.086984383440843,0.006562520573938782
2.29,2.700651839886086,757.5240254115048,0.18835346395327873,0.015475078980753293,133.69374679736399,11.070043850433274,0.0065629269311441646
2.295,2.700999868714018,757.5236315816329,0.1884103706006151,0.015434398289855253,133.7345512620633,11.05313023127215,0.006563305648123665
2.3000000000000003,2.701338783125811,757.5232299922696,0.18846712940970142,0.01539382388500565,133.77524659999744,11.036243369532627,0.006563656838608822
2.305,2.701668583066847,757.5228206290573,0.18852374112723236,0.015353355228228994,133.81583335672633,11.019383109832408,0.0065639806157917705
2.31,2.7019892686917366,757.5224034782891,0.1885802064952815,0.015312991784882546,133.85631207452838,11.002549297829972,0.006564277092328254
2.315,2.7023008403660738,757.5219785269059,0.1886365262513141,0.015272733023646934,133.89668329240973,10.985741780222943,0.00656454638034067
2.32,2.7026032986680453,757.521545762493,0.18869270112820022,0.01523257841651652,133.93694754611408,10.96896040474628,0.006564788591421056
2.325,2.7028966443901274,757.5211051732769,0.18874873185422758,0.015192527438789911,133.9771053681323,10.95220502017056,0.006565003836634119
2.33,2.7031808785406457,757.5206567481214,0.18880461915311483,0.01515257956906027,134.01715728771205,10.935475476300125,0.0065651922265202
2.335,2.703456002345411,757.520200476525,0.18886036374402457,0.015112734289205704,134.0571038308675,10.918771623971299,0.006565353871098279
2.34,2.703722017249229,757.5197363486171,0.18891596634157667,0.015072991084379516,134.0969455203892,10.902093315050477,0.006565488879868918
2.345,2.703978924917483,757.5192643551552,0.18897142765586142,0.015033349443000525,134.1366828758537,10.885440402432293,0.0065655973618172474
2.35,2.704226727237587,757.5187844875214,0.18902674839245293,0.014993808856743241,134.17631641363351,10.868812740037654,0.0065656794254158905
2.355,2.704465426320517,757.5182967377191,0.18908192925242245,0.014954368820528108,134.21584664690693,10.852210182811849,0.006565735178627924
2.36,2.7046950245022128,757.5178010983698,0.18913697093235188,0.014915028832511612,134.25527408566785,10.835632586722534,0.006565764728909779
2.365,2.7049155243450547,757.51729756271,0.18919187412434707,0.01487578839407646,134.29459923673573,10.819079808757795,0.006565768183214185
2.37,2.7051269286392112,757.5167861245884,0.1892466395160515,0.014836647009821638,134.3338226037656,10.802551706924087,0.006565745647993051
2.375,2.7053292404040676,757.516266778462,0.18930126779065978,0.014797604187552505,134.37294468725793,10.786048140244228,0.006565697229200381
2.38,2.7055224628895216,757.5157395193932,0.18935575962693119,0.014758659438270809,134.41196598456858,10.769568968755314,0.0065656230322951375
2.3850000000000002,2.705706599577355,757.5152043430469,0.18941011569920338,0.014719812276164718,134.45088698991898,10.75311405350666,0.006565523162244141
2.39,2.705881654182484,757.5146612456874,0.18946433667740603,0.014681062218598797,134.48970819440606,10.736683256557669,0.006565397723524903
2.395,2.7060476306542793,757.5141102241749,0.1895184232270746,0.014642408786103978,134.52843008601226,10.720276440975729,0.006565246820128505
2.4,2.706204533177762,757.5135512759629,0.18957237600936408,0.014603851502367465,134.56705314961576,10.703893470834037,0.006565070555562419
2.4050000000000002,2.706352366174877,757.5129843990945,0.18962619568106265,0.014565389894222689,134.6055778670004,10.687534211209462,0.006564869032853356
2.41,2.7064911343056366,757.5124095921999,0.1896798828946057,0.01452702349163917,134.644004716866,10.671198528180325,0.006564642354550068
2.415,2.706620842469344,757.511826854493,0.18973343829808956,0.014488751827712401,134.68233417483836,10.654886288824223,0.006564390622726173
2.42,2.7067414958056903,757.5112361857689,0.18978686253528543,0.014450574438653678,134.72056671347943,10.638597361215762,0.006564113938982939
2.4250000000000003,2.706853099695924,757.5106375863998,0.18984015624565323,0.014412490863779959,134.75870280229753,10.622331614424352,0.006563812404452087
2.43,2.706955659763902,757.510031057333,0.18989332006435572,0.014374500645503649,134.79674290775745,10.606088918511917,0.006563486119798552
2.435,2.707049181877209,757.5094166000877,0.1899463546222722,0.014336603329322413,134.83468749329077,10.589869144530624,0.006563135185223262
2.44,2.7071336721481596,757.5087942167513,0.1899992605460127,0.014298798463808934,134.87253701930595,10.573672164520572,0.0065627597004658846
2.445,2.707209136934871,757.5081639099777,0.19005203845793203,0.014261085600600696,134.9102919431986,10.557497851507497,0.006562359764807577
2.45,2.707275582842216,757.507525682983,0.19010468897614363,0.014223464294389709,134.94795271936172,10.541346079500414,0.0065619354770737135
2.455,2.707333016722846,757.5068795395431,0.1901572127145338,0.01418593410291227,134.985519799196,10.5252167234893,0.006561486935636619
2.46,2.7073814456781,757.506225483991,0.19020961028277575,0.01414849458693865,135.02299363111993,10.509109659442696,0.006561014238418265
2.465,2.707420877058977,757.5055635212135,0.19026188228634364,0.014111145310262826,135.06037466058027,10.49302476430536,0.006560517482892992
2.47,2.707451318466999,757.5048936566483,0.19031402932652683,0.01407388583969215,135.09766333006212,10.476961915995844,0.0065599967660901785
2.475,2.707472777755137,757.5042158962813,0.1903660520004439,0.014036715745037068,135.13486007909933,10.460920993404116,0.006559452184596941
2.48,2.707485263028627,757.5035302466432,0.19041795090105693,0.013999634599100754,135.1719653442847,10.444901876389107,0.006558883834560783
2.485,2.7074887826458487,757.5028367148076,0.19046972661718556,0.013962641977668793,135.20897955928035,10.428904445776302,0.006558291811692277
2.49,2.7074833452190945,757.5021353083865,0.1905213797335212,0.013925737459498828,135.245903154828,10.412928583355265,0.006557676211267686
2.495,2.7074689596154062,757.5014260355291,0.19057291083064143,0.013888920626310225,135.28273655875924,10.396974171877208,0.006557037128131627
2.5,2.7074456349572946,757.5007089049177,0.1906243204850239,0.013852191062773671,135.31948019600583,10.381041095052476,0.006556374656699672
2.505,2.707413380623532,757.4999839257654,0.19067560926906083,0.013815548356500838,135.3561344886101,10.3651292375481,0.006555688890960989
2.5100000000000002,2.7073722062498264,757.4992511078132,0.19072677775107308,0.01377899209803398,135.39269985573517,10.349238484985259,0.0065549799244809205
2.515,2.7073221217295673,757.4985104613269,0.19077782649532457,0.013742521880835577,135.4291767136753,10.333368723936802,0.006554247850403606
2.52,2.7072631372144573,757.4977619970944,0.19082875606203645,0.013706137301277918,135.46556547586627,10.317519841924701,0.0065534927614545385
2.525,2.7071952631152127,757.4970057264229,0.19087956700740127,0.013669837958632722,135.5018665528955,10.301691727417527,0.006552714749943161
2.5300000000000002,2.7071185101021507,757.496241661136,0.19093025988359755,0.01363362345506073,135.5380803525127,10.285884269827894,0.006551913907765407
2.535,2.707032889105844,757.4954698135708,0.19098083523880377,0.013597493395601318,135.5742072796399,10.270097359509924,0.006551090326406273
2.54,2.7069384113176667,757.4946901965754,0.19103129361721286,0.013561447388162064,135.6102477363819,10.254330887756653,0.006550244096942342
2.545,2.706835088190404,757.4939028235056,0.19108163555904645,0.013525485043508355,135.64620212203653,10.238584746797478,0.006549375310044331
2.5500000000000003,2.7067229314387546,757.4931077082223,0.1911318616005692,0.013489605975252969,135.68207083310506,10.222858829795548,0.006548484055979588
2.555,2.706601953039897,757.4923048650887,0.19118197227410308,0.01345380979984566,135.7178542633025,10.20715303084519,0.00654757042461463
2.56,2.706472165233947,757.491494308968,0.19123196810804174,0.013418096136562738,135.75355280356786,10.191467244969276,0.006546634505417612
2.565,2.7063335805244852,757.4906760552194,0.1912818496268648,0.013382464607496643,135.78916684207445,10.175801368116634,0.006545676387460843
2.57,2.70618621167897,757.4898501196965,0.19133161735115226,0.013346914837545543,135.82469676424034,10.160155297159404,0.006544696159423237
2.575,2.706030071729219,757.4890165187438,0.19138127179759867,0.013311446454402884,135.8601429527385,10.144528929890418,0.006543693909592803
2.58,2.7058651739717847,757.4881752691945,0.19143081347902766,0.013276059088547006,135.89550578750715,10.128922165020544,0.006542669725869084
2.585,2.705691531968393,757.487326388367,0.19148024290440613,0.013240752373230677,135.93078564576018,10.113334902176048,0.006541623695765618
2.59,2.7055091595462755,757.4864698940629,0.19152956057885873,0.013205525944470702,135.96598290199734,10.097767041895926,0.006540555906412356
2.595,2.705318070798565,757.4856058045634,0.1915787670036821,0.013170379441037485,136.00109792801445,10.082218485629243,0.006539466444558107
2.6,2.70511828008459,757.4847341386276,0.19162786267635923,0.013135312504444626,136.0361310929139,10.066689135732453,0.0065383553965729325
2.605,2.7049098020302274,757.4838549154886,0.19167684809057386,0.013100324778938473,136.07108276311487,10.051178895466721,0.006537222848450569
2.61,2.704692651528155,757.4829681548515,0.19172572373622476,0.013065415911487728,136.10595330236347,10.03568766899523,0.006536068885810802
2.615,2.7044668437381647,757.4820738768906,0.19177449009944011,0.01303058555177301,136.1407430717432,10.020215361380485,0.00653489359390187
2.62,2.704232394087373,757.4811721022463,0.19182314766259184,0.012995833352176469,136.17545242968512,10.004761878581602,0.00653369705760282
2.625,2.7039893182704957,757.4802628520226,0.19187169690430994,0.012961158967771334,136.2100817319781,9.989327127451615,0.006532479361425881
2.63,2.7037376322500166,757.4793461477846,0.19192013829949692,0.012926562056311534,136.24463133177915,9.973911015734725,0.006531240589518806
2.6350000000000002,2.703477352256422,757.4784220115549,0.19196847231934197,0.012892042278221267,136.27910157962364,9.958513452063606,0.006529980825667228
2.64,2.7032084947883313,757.477490465812,0.19201669943133542,0.01285759929658462,136.31349282343555,9.943134345956656,0.00652870015329697
2.645,2.7029310766126895,757.4765515334869,0.1920648200992831,0.012823232777135138,136.34780540853765,9.927773607815263,0.006527398655476391
2.65,2.7026451147648607,757.4756052379603,0.1921128347833206,0.012788942388245442,136.38203967766182,9.912431148921057,0.006526076414918674
2.6550000000000002,2.7023506265487796,757.4746516030604,0.19216074393992763,0.012754727800916818,136.41619597095922,9.89710688143316,0.006524733513984143
2.66,2.7020476295370073,757.4736906530596,0.19220854802194226,0.012720588688768847,136.45027462601058,9.881800718385428,0.006523370034682538
2.665,2.7017361415708425,757.4727224126724,0.1922562474785755,0.01268652472802899,136.4842759778363,9.866512573683696,0.006521986058675312
2.67,2.70141618076034,757.4717469070519,0.19230384275542534,0.012652535597522224,136.51820035890668,9.851242362102987,0.0065205816672778815
2.6750000000000003,2.701087765484382,757.4707641617878,0.19235133429449117,0.012618620978660636,136.55204809915227,9.83598999928476,0.006519156941461904
2.68,2.7007509143906594,757.4697742029033,0.19239872253418816,0.012584780555433077,136.58581952597385,9.820755401734116,0.006517711961857511
2.685,2.7004056463957054,757.4687770568527,0.19244600790936153,0.012551014014394757,136.6195149642527,9.805538486817015,0.00651624680875556
2.69,2.700051980684837,757.4677727505184,0.1924931908513008,0.012517321044656892,136.65313473636073,9.790339172757479,0.006514761562109851
2.695,2.6996899367121543,757.4667613112083,0.19254027178775415,0.012483701337876333,136.68667916217078,9.7751573786348,0.006513256301539359
2.7,2.69931953420044,757.4657427666531,0.19258725114294276,0.012450154588245207,136.7201485590666,9.759993024380734,0.006511731106330423
2.705,2.6989407931411242,757.4647171450035,0.19263412933757498,0.01241668049248057,136.7535432419531,9.744846030776694,0.0065101860554389705
2.71,2.698553733794147,757.4636844748279,0.1926809067888607,0.012383278749814028,136.78686352326648,9.729716319450935,0.006508621227492677
2.715,2.6981583766878847,757.4626447851092,0.19272758391052572,0.012349949061981419,136.82010971298436,9.714603812875731,0.006507036700793167
2.72,2.697754742618977,757.4615981052424,0.1927741611128258,0.012316691133212453,136.85328211863583,9.699508434364557,0.006505432553318165
2.725,2.6973428526522154,757.4605444650317,0.19282063880256117,0.01228350467022038,136.8863810453117,9.684430108069261,0.006503808862723669
2.73,2.6969227281203354,757.459483894688,0.19286701738309067,0.012250389382191657,136.91940679567452,9.669368758977221,0.006502165706346083
2.735,2.6964943906238674,757.4584164248262,0.19291329725434606,0.012217344980775615,136.95235966996864,9.654324312908518,0.006500503161204369
2.74,2.6960578620308944,757.4573420864623,0.1929594788128462,0.012184371180074134,136.98523996603043,9.639296696513073,0.0064988213040021595
2.745,2.695613164476864,757.4562609110111,0.19300556245171147,0.012151467696631335,137.01804797929827,9.624285837267823,0.006497120211129894
2.75,2.6951603203643146,757.4551729302831,0.19305154856067788,0.012118634249423253,137.0507840028226,9.60929166347385,0.006495399958666906
2.755,2.6946993523626497,757.4540781764819,0.19309743752611136,0.012085870559847528,137.0834483272761,9.594314104253526,0.0064936606223835415
2.7600000000000002,2.694230283407828,757.4529766822018,0.19314322973102202,0.012053176351713112,137.11604124096354,9.579353089547645,0.006491902277743228
2.765,2.6937531367021026,757.4518684804248,0.19318892555507833,0.01202055135122996,137.14856302983213,9.564408550112574,0.00649012499990457
2.77,2.6932679357136786,757.450753604518,0.19323452537462138,0.011987995286998733,137.1810139774813,9.549480417517357,0.006488328863723399
2.775,2.6927747041764163,757.449632088231,0.1932800295626792,0.01195550789000051,137.21339436517283,9.534568624140851,0.006486513943754853
2.7800000000000002,2.692273466089451,757.4485039656932,0.19332543848898076,0.011923088893586505,137.24570447184087,9.519673103168843,0.006484680314255403
2.785,2.6917642457168682,757.447369271411,0.19337075251997043,0.011890738033467787,137.27794457410195,9.50479378859116,0.006482828049184913
2.79,2.6912470675872857,757.4462280402652,0.19341597201882202,0.011858455047704997,137.31011494626506,9.489930615198777,0.006480957222208645
2.795,2.6907219564934906,757.445080307508,0.19346109734545303,0.011826239676698075,137.34221586034147,9.47508351858093,0.006479067906699304
2.8000000000000003,2.6901889374919947,757.4439261087612,0.1935061288565389,0.011794091663176,137.37424758605488,9.460252435122204,0.006477160175739024
2.805,2.689648035902636,757.4427654800124,0.19355106690552715,0.011762010752186528,137.4062103908514,9.445437301999641,0.006475234102121387
2.81,2.689099277308097,757.4415984576133,0.1935959118426516,0.011729996691085928,137.43810453990943,9.430638057179817,0.006473289758353393
2.815,2.688542687553476,757.440425078276,0.19364066401494653,0.011698049229528723,137.46993029614973,9.415854639415938,0.006471327216657462
2.82,2.6879782927457723,757.4392453790713,0.19368532376626094,0.011666168119457454,137.50168792024525,9.401086988244918,0.006469346548973382
2.825,2.687406119253422,757.4380593974256,0.19372989143727257,0.01163435311509242,137.53337767063124,9.38633504398446,0.00646734782696029
2.83,2.6868261937057536,757.4368671711179,0.19377436736550221,0.011602603972921456,137.56499980351512,9.371598747730122,0.006465331121998605
2.835,2.68623854299249,757.4356687382777,0.1938187518853279,0.01157092045168967,137.5965545728863,9.35687804135239,0.006463296505191985
2.84,2.68564319426317,757.4344641373821,0.19386304532799895,0.011539302312389223,137.62804223052638,9.34217286749374,0.006461244047369243
2.845,2.68504017492662,757.4332534072526,0.1939072480216502,0.011507749318249107,137.65946302601878,9.327483169565697,0.006459173819086288
2.85,2.6844295126503446,757.4320365870531,0.1939513602913162,0.011476261234724908,137.69081720675894,9.312808891745892,0.006457085890628015
2.855,2.6838112353599617,757.4308137162872,0.19399538245894524,0.011444837829488587,137.72210501796394,9.298149978975106,0.006454980332010231
2.86,2.6831853712385647,757.429584834795,0.19403931484341364,0.011413478872418259,137.7533267026827,9.283506376954318,0.006452857212981525
2.865,2.6825519487261285,757.4283499827508,0.1940831577605398,0.01138218413558798,137.7844825018056,9.268878032141748,0.006450716603025175
2.87,2.681910996518835,757.4271092006602,0.19412691152309847,0.011350953393257545,137.81557265407457,9.25426489174989,0.006448558571361003
2.875,2.6812625435684505,757.4258625293578,0.19417057644083469,0.011319786421862257,137.8465973960928,9.239666903742553,0.006446383186947252
2.88,2.680606619081621,757.4246100100039,0.1942141528204781,0.011288683000002738,137.87755696233478,9.22508401683186,0.006444190518482431
2.8850000000000002,2.6799432525192173,757.4233516840823,0.1942576409657571,0.011257642908434725,137.9084515851561,9.210516180475308,0.006441980634407175
2.89,2.6792724735955997,757.4220875933972,0.19430104117741273,0.011226665930058872,137.93928149480323,9.195963344872755,0.006439753602906063
2.895,2.6785943122779323,757.4208177800714,0.19434435375321307,0.011195751849910542,137.97004691942362,9.181425460963451,0.006437509491909464
2.9,2.67790879878542,757.4195422865421,0.19438757898796732,0.011164900455149625,138.00074808507526,9.16690248042303,0.006435248369095334
2.9050000000000002,2.67721596358859,757.4182611555597,0.1944307171735398,0.011134111535050336,138.0313852157367,9.152394355660526,0.006432970301891047
2.91,2.6765158374084987,757.4169744301843,0.19447376859886414,0.011103384880991043,138.06195853331687,9.137901039815368,0.0064306753574751695
2.915,2.6758084512159845,757.4156821537829,0.19451673354995747,0.011072720286444059,138.09246825766485,9.123422486754372,0.006428363602779272
2.92,2.675093836230845,757.4143843700274,0.19455961230993446,0.011042117546965465,138.12291460657977,9.108958651068718,0.00642603510448969
2.9250000000000003,2.674372023921059,757.4130811228912,0.19460240515902147,0.011011576460184934,138.15329779582063,9.094509488070955,0.006423689929049309
2.93,2.6736430460019367,757.411772456647,0.19464511237457063,0.010981096825795544,138.18361803911606,9.080074953791962,0.006421328142659314
2.935,2.672906934435312,757.4104584158636,0.19468773423107402,0.010950678445543595,138.21387554817423,9.06565500497793,0.006418949811280952
2.94,2.672163721428662,757.4091390454035,0.19473027100017776,0.010920321123218436,138.24407053269258,9.051249599087328,0.006416555000637266
2.945,2.67141343943427,757.4078143904206,0.1947727229506961,0.010890024664642284,138.27420320036768,9.036858694287861,0.006414143776214837
2.95,2.6706561211483213,757.4064844963567,0.19481509034862554,0.010859788877660053,138.30427375690493,9.022482249453432,0.006411716203265493
2.955,2.669891799510033,757.4051494089392,0.194857373457159,0.010829613572129183,138.3342824060285,9.008120224161104,0.006409272346808044
2.96,2.6691205077007214,757.4038091741784,0.1948995725366999,0.010799498559909457,138.36422934949104,8.993772578688025,0.006406812271629968
2.965,2.668342279142909,757.4024638383648,0.19494168784487623,0.010769443654852832,138.39411478708354,8.979439274008396,0.006404336042289127
2.97,2.6675571474993576,757.4011134480663,0.19498371963655473,0.01073944867279327,138.423938916645,8.965120271790383,0.006401843723115431
2.975,2.6667651466721507,757.3997580501258,0.19502566816385503,0.010709513431536569,138.45370193407234,8.950815534393072,0.00639933537821254
2.98,2.6659663108017,757.3983976916578,0.19506753367616364,0.010679637750850185,138.4834040333301,8.936525024863377,0.006396811071459512
2.985,2.6651606742657976,757.3970324200465,0.19510931642014817,0.010649821452453058,138.51304540646015,8.92224870693297,0.006394270866512481
2.99,2.6643482716785973,757.3956622829425,0.19515101663977152,0.01062006436000545,138.54262624359177,8.90798654501519,0.006391714826806288
2.995,2.6635291378896393,757.3942873282604,0.19519263457630576,0.010590366299098783,138.57214673295098,8.893738504201963,0.006389143015556142
3.0,2.6627033079828055,757.3929076041759,0.19523417046834654,0.01056072709724544,138.60160706087066,8.87950455026069,0.006386555495759235
3.005,2.661870817275315,757.3915231591234,0.19527562455182698,0.010531146583868618,138.6310074118002,8.86528464963116,0.006383952330196382
3.0100000000000002,2.661031701316655,757.390134041793,0.19531699706003197,0.010501624590292141,138.66034796831522,8.851078769422433,0.006381333581433616
3.015,2.660185995887549,757.3887403011275,0.19535828822361215,0.010472160949730303,138.68962891112736,8.836886877409736,0.006378699311823813
3.02,2.6593337369988634,757.3873419863206,0.19539949827059813,0.010442755497277674,138.7188504190941,8.822708942031324,0.0063760495835082686
3.025,2.6584749608905467,757.3859391468133,0.1954406274264147,0.010413408069898942,138.74801266922842,8.80854493238539,0.0063733844584183035
3.0300000000000002,2.6576097040305124,757.3845318322911,0.1954816759138947,0.010384118506418726,138.77711583670867,8.794394818226893,0.006370703998276824
3.035,2.6567380031135523,757.3831200926826,0.1955226439532935,0.010354886647511413,138.8061600948882,8.780258569964458,0.006368008264599908
3.04,2.655859895060193,757.381703978155,0.19556353176230284,0.010325712335690958,138.83514561530527,8.7661361586572,0.006365297318698345
3.045,2.654975417015584,757.3802835391127,0.19560433955606527,0.01029659541530072,138.8640725676926,8.75202755601161,0.006362571221679211
3.0500000000000003,2.6540846063483308,757.378858826194,0.195645067547188,0.010267535732503268,138.89294111998737,8.73793273437836,0.0063598300344473845
3.055,2.6531875006493566,757.3774298902686,0.19568571594575726,0.010238533135270216,138.92175143834075,8.723851666749184,0.006357073817707104
3.06,2.652284137730708,757.3759967824342,0.19572628495935238,0.010209587473372013,138.95050368712776,8.709784326753674,0.006354302631963471
3.065,2.651374555624399,757.3745595540151,0.19576677479305998,0.010180698598367772,138.97919802895711,8.695730688656132,0.006351516537523984
3.0700000000000003,2.6504587925811864,757.3731182565583,0.1958071856494881,0.010151866363595064,139.00783462468073,8.68169072735237,0.006348715594500024
3.075,2.649536887069389,757.3716729418312,0.19584751772878042,0.010123090624159751,139.03641363340373,8.667664418366543,0.006345899862808377
3.08,2.6486088777736434,757.3702236618187,0.19588777122863044,0.010094371236925753,139.064935212494,8.65365173784794,0.006343069402172694
3.085,2.647674803593698,757.3687704687211,0.19592794634429556,0.010065708060504882,139.09339951759208,8.639652662567793,0.006340224272124999
3.09,2.6467347036431423,757.3673134149504,0.1959680432686114,0.010037100955246618,139.1218067026209,8.625667169916063,0.006337364532007133
3.095,2.645788617248178,757.3658525531282,0.1960080621920059,0.010008549783227919,139.15015691979534,8.611695237898246,0.006334490240972238
3.1,2.6448365839463284,757.364387936083,0.19604800330251357,0.009980054408243004,139.17845031963233,8.597736845132127,0.006331601457986195
3.105,2.6438786434851824,757.362919616847,0.1960878667857897,0.009951614695793145,139.20668705096037,8.583791970844576,0.00632869824182908
3.11,2.642914835821083,757.3614476486537,0.1961276528251245,0.009923230513076446,139.2348672609293,8.569860594868302,0.006325780651096585
3.115,2.6419452011178475,757.3599720849354,0.1961673616014574,0.009894901728977635,139.26299109502008,8.555942697638626,0.006322848744201461
3.12,2.640969779745433,757.3584929793199,0.19620699329339117,0.009866628214057836,139.2910586970547,8.542038260190216,0.006319902579374919
3.125,2.6399886122786342,757.3570103856282,0.1962465480772063,0.009838409840544344,139.31907020920565,8.528147264153857,0.006316942214668057
3.13,2.6390017394957286,757.3555243578716,0.19628602612687504,0.00981024648232039,139.34702577200596,8.51426969175317,0.0063139677079532405
3.1350000000000002,2.6380092023771495,757.3540349502488,0.19632542761407587,0.009782138014914914,139.37492552435884,8.500405525801359,0.006310979116925514
3.14,2.6370110421041093,757.3525422171437,0.19636475270820758,0.009754084315492325,139.4027696035474,8.486554749697925,0.006307976499103964
3.145,2.6360073000572517,757.3510462131217,0.19640400157640353,0.009726085262842256,139.43055814524453,8.472717347425402,0.006304959911833113
3.15,2.634998017815254,757.3495469929283,0.196443174383546,0.009698140737369312,139.4582912835226,8.458893303546045,0.006301929412284264
3.1550000000000002,2.633983237153456,757.3480446114849,0.19648227129228044,0.009670250621082833,139.48596915086333,8.445082603198555,0.006298885057456881
3.16,2.6329630000424427,757.3465391238873,0.19652129246302968,0.00964241479758662,139.5135918781674,8.431285232094767,0.006295826904179909
3.165,2.6319373486466513,757.3450305854022,0.19656023805400832,0.009614633152068685,139.54115959476437,8.417501176516339,0.0062927550091131405
3.17,2.6309063253229312,757.3435190514649,0.19659910822123694,0.009586905571290974,139.56867242842245,8.403730423311437,0.006289669428748522
3.1750000000000003,2.6298699726191335,757.3420045776761,0.19663790311855642,0.009559231943579112,139.59613050535822,8.389972959891411,0.0062865702194114985
3.18,2.6288283332726485,757.3404872197993,0.19667662289764232,0.009531612158812116,139.6235339502465,8.376228774227462,0.0062834574372623055
3.185,2.627781450208975,757.3389670337589,0.19671526770801906,0.009504046108412113,139.65088288623008,8.362497854847302,0.006280331138297292
3.19,2.626729366540238,757.3374440756359,0.19675383769707444,0.009476533685334052,139.67817743492955,8.348780190831803,0.0062771913783502
3.1950000000000003,2.6256721255637356,757.3359184016663,0.19679233301007373,0.009449074784055421,139.7054177164531,8.33507577181165,0.006274038213093467
3.2,2.624609770760441,757.3343900682381,0.19683075379017428,0.009421669300565946,139.73260384940627,8.321384587963976,0.006270871698039491
3.205,2.6235423457935267,757.3328591318885,0.1968691001784397,0.009394317132357275,139.7597359509019,8.307706630008992,0.006267691888541914
3.21,2.622469894506847,757.3313256493011,0.19690737231385422,0.00936701817841269,139.78681413656975,8.294041889206603,0.0062644988397968695
3.215,2.6213924609234436,757.3297896773033,0.19694557033333718,0.00933977233919678,139.81383852056646,8.28039035735304,0.006261292606844249
3.22,2.6203100892440085,757.3282512728634,0.1969836943717573,0.009312579516645112,139.84080921558535,8.266752026777446,0.006258073244568933
3.225,2.619222823845372,757.3267104930878,0.19702174456194713,0.009285439614153937,139.86772633286614,8.253126890338494,0.006254840807702042
3.23,2.6181307092789448,757.3251673952188,0.1970597210347174,0.00925835253656982,139.89458998220496,8.23951494142097,0.006251595350822148
3.235,2.617033790269187,757.323622036631,0.19709762391887145,0.009231318190179331,139.92140027196396,8.225916173932353,0.006248336928356506
3.24,2.615932111712034,757.3220744748293,0.1971354533412197,0.009204336482698677,139.94815730908135,8.212330582299403,0.006245065594582254
3.245,2.614825718673346,757.3205247674456,0.197173209426594,0.009177407323263383,139.97486119908115,8.198758161464724,0.006241781403627629
3.25,2.613714656387314,757.3189729722366,0.19721089229786207,0.009150530622417902,140.00151204608304,8.185198906883318,0.0062384844094731376
3.255,2.6125989702548953,757.3174191470806,0.19724850207594202,0.009123706292105287,140.02810995281217,8.171652814519149,0.006235174665952766
3.2600000000000002,2.6114787058421975,757.3158633499751,0.1972860388798167,0.009096934245656782,140.05465502060915,8.158119880841676,0.006231852226755135
3.265,2.610353908878899,757.3143056390337,0.19732350282654823,0.009070214397781499,140.08114734943973,8.144600102822412,0.006228517145424686
3.27,2.6092246252566165,757.3127460724837,0.19736089403129253,0.009043546664555988,140.10758703790484,8.131093477931422,0.006225169475362821
3.275,2.6080909010273032,757.3111847086632,0.1973982126073137,0.009016930963413885,140.13397418325033,8.11760000413387,0.006221809269829074
3.2800000000000002,2.606952782401605,757.3096216060183,0.19743545866599846,0.008990367213135494,140.1603088813769,8.104119679886512,0.006218436581942233
3.285,2.605810315747239,757.3080568231004,0.19747263231687093,0.008963855333837416,140.18659122684997,8.090652504134226,0.006215051464681492
3.29,2.604663547587333,757.3064904185638,0.1975097336676068,0.008937395246962113,140.21282131290963,8.077198476306481,0.006211653970887561
3.295,2.6035125245987873,757.3049224511625,0.19754676282404807,0.00891098687526752,140.23899923148042,8.063757596313852,0.006208244153263797
3.3000000000000003,2.6023572936105994,757.3033529797474,0.19758371989021756,0.008884630142816607,140.26512507318125,8.050329864544477,0.0062048220643773
3.305,2.601197901602208,757.3017820632641,0.19762060496833336,0.00885832497496698,140.29119892733544,8.036915281860555,0.0062013877566600255
3.31,2.6000343957018015,757.3002097607498,0.19765741815882346,0.008832071298360424,140.3172208819804,8.02351384959479,0.006197941282409862
3.315,2.598866823184648,757.2986361313306,0.19769415956034028,0.008805869040912483,140.34319102387772,8.010125569546862,0.006194482693791732
3.3200000000000003,2.5976952314713877,757.2970612342187,0.19773082926977528,0.008779718131802006,140.36910943852297,7.996750443979864,0.006191012042838645
3.325,2.5965196681263443,757.29548512871,0.1977674273822735,0.008753618501460711,140.3949762101558,7.9833884756167635,0.006187529381452791
3.33,2.595340180855806,757.2939078741808,0.19780395399124812,0.008727570081562714,140.42079142176956,7.97003966763681,0.006184034761406573
3.335,2.594156817506321,757.2923295300859,0.19784040918839518,0.008701572805014084,140.44655515512162,7.956704023671978,0.006180528234343675
3.34,2.5929696260629616,757.2907501559547,0.1978767930637081,0.008675626605942356,140.4722674907429,7.943381547803377,0.006177009851780092
3.345,2.591778654647606,757.2891698113899,0.1979131057054922,0.008649731419686071,140.49792850794822,7.930072244557665,0.006173479665105175
3.35,2.5905839515171887,757.2875885560635,0.19794934720037963,0.008623887182784297,140.5235382848459,7.916776118903443,0.006169937725582642
3.355,2.589385565061967,757.2860064497149,0.19798551763334363,0.00859809383296613,140.5490968983479,7.903493176247658,0.00616638408435161
3.36,2.5881835438037575,757.2844235521477,0.1980216170877135,0.008572351309140214,140.57460442417977,7.890223422431976,0.006162818792427588
3.365,2.586977936394188,757.2828399232271,0.19805764564518902,0.008546659551384244,140.60006093689057,7.876966863729169,0.006159241900703491
3.37,2.58576879161292,757.2812556228777,0.1980936033858553,0.008521018500934454,140.6254665098628,7.863723506839481,0.00615565345995062
3.375,2.5845561583658885,757.2796707110796,0.19812949038819727,0.008495428100175116,140.6508212153225,7.85049335888699,0.006152053520819655
3.38,2.583340085683509,757.278085247867,0.1981653067291146,0.008469888292628017,140.6761251243492,7.837276427415954,0.006148442133841622
3.3850000000000002,2.5821206227189064,757.276499293325,0.19820105248393607,0.008444399022941949,140.70137830688566,7.824072720387175,0.00614481934942887
3.39,2.5808978187461062,757.274912907586,0.19823672772643458,0.008418960236882175,140.72658083174827,7.810882246174316,0.006141185217876017
3.395,2.579671723158251,757.2733261508287,0.19827233252884166,0.008393571881319907,140.75173276663668,7.797705013560247,0.006137539789360914
3.4,2.5784423854657805,757.2717390832738,0.19830786696186228,0.008368233904221754,140.77683417814407,7.784541031733351,0.006133883113945575
3.4050000000000002,2.5772098552946328,757.2701517651825,0.19834333109468955,0.008342946254639199,140.80188513176697,7.7713903102838575,0.006130215241577121
3.41,2.5759741823844147,757.2685642568528,0.19837872499501935,0.008317708882698043,140.82688569191532,7.758252859200136,0.0061265362220886965
3.415,2.5747354165865897,757.2669766186174,0.19841404872906535,0.008292521739587855,140.85183592192254,7.745128688864999,0.006122846105200401
3.42,2.5734936078626354,757.2653889108411,0.19844930236157335,0.008267384777551416,140.87673588405545,7.732017810051992,0.006119144940520177
3.4250000000000003,2.5722488062822197,757.2638011939177,0.1984844859558364,0.00824229794987416,140.90158563952437,7.718920233921679,0.006115432777544737
3.43,2.5710010620213493,757.2622135282674,0.19851959957370938,0.008217261210873607,140.92638524849315,7.705835972017921,0.00611170966566043
3.435,2.56975042536053,757.2606259743342,0.19855464327562372,0.008192274515888803,140.95113477008906,7.692765036264141,0.0061079756541441545
3.44,2.5684969466829055,757.2590385925832,0.19858961712060239,0.008167337821269731,140.9758342624131,7.679707438959582,0.006104230792164205
3.4450000000000003,2.5672406764724087,757.2574514434982,0.1986245211662744,0.00814245108436674,141.00048378254968,7.666663192775573,0.006100475128781171
3.45,2.5659816653118868,757.2558645875782,0.19865935546888983,0.008117614263519974,141.02508338657697,7.653632310751763,0.00609670871294877
3.455,2.564719963881243,757.2542780853357,0.19869412008333445,0.008092827318048775,141.04963312957682,7.64061480629237,0.006092931593514721
3.46,2.5634556229555505,757.2526919972934,0.19872881506314463,0.008068090208241094,141.07413306564473,7.627610693162403,0.006089143819221574
3.465,2.5621886934031846,757.2511063839814,0.19876344046052208,0.008043402895342913,141.09858324790014,7.614619985483897,0.006085345438707559
3.47,2.560919226183925,757.2495213059354,0.1987979963263487,0.00801876534154763,141.12298372849614,7.601642697732124,0.006081536500507397
3.475,2.559647272347078,757.2479368236931,0.19883248271020135,0.007994177509985486,141.14733455862984,7.588678844731809,0.0060777170530531424
3.48,2.558372883029571,757.2463529977919,0.19886689966036666,0.007969639364712943,141.17163578855227,7.575728441653327,0.006073887144674972
3.485,2.557096109454063,757.244769888766,0.19890124722385594,0.007945150870702087,141.19588746757847,7.562791504008909,0.006070046823602006
3.49,2.55581700292703,757.2431875571444,0.1989355254464199,0.007920711993830026,141.22008964409758,7.549868047648822,0.006066196137963091
3.495,2.554535614836865,757.2416060634476,0.19896973437256354,0.007896322700868291,141.24424236558292,7.5369580887575625,0.006062335135787601
3.5,2.5532519966519565,757.2400254681852,0.19900387404556097,0.007871982959472211,141.26834567860197,7.524061643850023,0.006058463865006201
3.505,2.551966199918778,757.238445831853,0.19903794450747025,0.007847692738170308,141.2923996288266,7.511178729767673,0.006054582373451636
3.5100000000000002,2.550678276259959,757.2368672149308,0.19907194579914822,0.007823452006353687,141.31640426104292,7.498309363674709,0.006050690708859477
3.515,2.549388277372363,757.2352896778795,0.19910587796026527,0.0077992607342654285,141.34035961916166,7.485453563054231,0.006046788918868893
3.52,2.5480962550251522,757.2337132811381,0.19913974102932036,0.007775118892989963,141.36426574622791,7.47261134570437,0.006042877051023384
3.525,2.546802261057859,757.2321380851221,0.19917353504365568,0.007751026454442462,141.38812268443147,7.459782729734453,0.006038955152771533
3.5300000000000002,2.545506347378438,757.2305641502196,0.1992072600394716,0.007726983391358221,141.41193047511678,7.446967733561125,0.006035023271467726
3.535,2.5442085659613327,757.2289915367895,0.1992409160518415,0.007702989677282055,141.43568915879302,7.434166375904501,0.006031081454372889
3.54,2.54290896884552,757.2274203051587,0.19927450311472655,0.0076790452865576645,141.45939877514425,7.421378675784268,0.006027129748655188
3.545,2.541607608132568,757.2258505156195,0.19930802126099068,0.0076551501943170385,141.4830593630394,7.408604652515831,0.006023168201390752
3.5500000000000003,2.540304535984673,757.2242822284269,0.19934147052241527,0.007631304376469829,141.50667096054246,7.395844325706403,0.006019196859564359
3.555,2.538999804622711,757.2227155037956,0.1993748509297142,0.007607507809692749,141.5302336049225,7.383097715251137,0.006015215770070142
3.56,2.53769346632427,757.2211504018983,0.19940816251254842,0.0075837604714189535,141.55374733266365,7.370364841329214,0.006011224979712258
3.565,2.5363855734216876,757.2195869828624,0.19944140529954105,0.007560062339827432,141.57721217947542,7.3576457243999505,0.006007224535205578
3.5700000000000003,2.535076178300082,757.2180253067678,0.19947457931829207,0.007536413393832404,141.60062818030255,7.344940385198881,0.0060032144831763425
3.575,2.533765333395386,757.2164654336439,0.19950768459539328,0.00751281361307271,141.62399536933515,7.332248844733864,0.005999194870162835
3.58,2.5324530911923633,757.214907423467,0.19954072115644292,0.007489262977901215,141.64731378001883,7.319571124281143,0.005995165742616021
3.585,2.5311395042226428,757.2133513361584,0.1995736890260607,0.0074657614693742,141.67058344506472,7.306907245381442,0.005991127146900205
3.59,2.5298246250627283,757.2117972315813,0.19960658822790261,0.007442309069240776,141.69380439645957,7.294257229836027,0.005987079129293655
3.595,2.5285085063320243,757.2102451695379,0.19963941878467562,0.007418905759932279,141.71697666547578,7.281621099702781,0.005983021735989245
3.6,2.5271912006908424,757.2086952097676,0.19967218071815254,0.0073955515245517035,141.7401002826815,7.268998877292267,0.005978955013095063
3.605,2.5258727608384204,757.2071474119438,0.199704874049187,0.007372246346863091,141.7631752779507,7.256390585163787,0.0059748790066350334
3.61,2.5245532395109254,757.2056018356716,0.19973749879772795,0.007348990211280972,141.7862016804731,7.243796246121432,0.005970793762549519
3.615,2.523232689479465,757.2040585404854,0.19977005498283476,0.007325783102859779,141.8091795187645,7.231215883210145,0.005966699326695918
3.62,2.5219111635480886,757.2025175858461,0.1998025426226918,0.007302625007283294,141.83210882067644,7.218649519711754,0.005962595744849258
3.625,2.5205887145517916,757.2009790311386,0.19983496173462326,0.007279515910854062,141.8549896134066,7.206097179141027,0.005958483062702775
3.63,2.5192653953545125,757.1994429356691,0.19986731233510804,0.00725645580048286,141.87782192350863,7.193558885241704,0.005954361325868486
3.6350000000000002,2.5179412588471344,757.1979093586633,0.1998995944397944,0.007233444663678122,141.9006057769023,7.181034661982537,0.005950230579877762
3.64,2.5166163579454772,757.1963783592629,0.1999318080635148,0.007210482488535431,141.92334119888346,7.168524533553319,0.00594609087018188
3.645,2.5152907455882945,757.1948499965234,0.19996395322030053,0.00718756926372694,141.94602821413403,7.156028524360921,0.005941942242152583
3.65,2.513964474735261,757.193324329412,0.19999602992339655,0.007164704978490886,141.96866684673208,7.143546659025307,0.005937784741082614
3.6550000000000002,2.512637598364969,757.1918014168049,0.2000280381852762,0.007141889622621038,141.9912571201619,7.1310789623755655,0.005933618412186262
3.66,2.5113101694729107,757.190281317484,0.20005997801765588,0.0071191231864562235,142.0137990573238,7.11862545944593,0.005929443300599882
3.665,2.5099822410694697,757.1887640901359,0.2000918494315098,0.007096405660869783,142.03629268054434,7.1061861754717945,0.0059252594513824215
3.67,2.5086538661779043,757.1872497933481,0.20012365243708458,0.00707373703725912,142.05873801158606,7.093761135885727,0.0059210669095159305
3.6750000000000003,2.507325097832331,757.1857384856071,0.20015538704391403,0.007051117307535189,142.08113507165777,7.0813503663134885,0.005916865719906071
3.68,2.505995989075709,757.1842302252957,0.20018705326083375,0.0070285464641120544,142.10348388142418,7.0689538925700415,0.005912655927382609
3.685,2.504666592957821,757.1827250706907,0.20021865109599582,0.007006024499896397,142.12578446101614,7.056571740655558,0.005908437576699915
3.69,2.5033369625332536,757.1812230799603,0.2002501805568833,0.006983551408277102,142.1480368300404,7.0442039367514315,0.005904210712537434
3.6950000000000003,2.502007150859377,757.1797243111621,0.20028164165032508,0.0069611271831147865,142.17024100758968,7.031850507216275,0.0058999753795001735
3.7,2.500677210994322,757.1782288222396,0.20031303438251022,0.006938751818731414,142.19239701225246,7.019511478581936,0.005895731622119161
3.705,2.49934719599496,757.1767366710209,0.20034435875900272,0.006916425309899845,142.21450486212305,7.007186877549496,0.005891479484851917
3.71,2.498017158914878,757.1752479152154,0.20037561478475596,0.006894147651833474,142.23656457481138,6.994876730985268,0.005887219012082891
3.715,2.496687152802356,757.173762612412,0.20040680246412734,0.0068719188401758155,142.258576167453,6.982581065916809,0.0058829502481239256
3.72,2.495357230698342,757.1722808200761,0.20043792180089273,0.006849738870990164,142.2805396567188,6.970299909528908,0.0058786732372146785
3.725,2.4940274456344254,757.1708025955476,0.20046897279826098,0.006827607740749213,142.30245505882505,6.958033289159603,0.005874388023523067
3.73,2.492697850630815,757.1693279960382,0.20049995545888846,0.006805525446324739,142.32432238954317,6.945781232296167,0.0058700946511456775
3.735,2.4913684986943108,757.1678570786294,0.20053086978489346,0.0067834919849772525,142.34614166420957,6.933543766571119,0.005865793164108198
3.74,2.4900394428162786,757.1663899002696,0.20056171577787063,0.006761507354345721,142.36791289773547,6.921320919758218,0.005861483606365808
3.745,2.4887107359706255,757.1649265177717,0.20059249343890542,0.006739571552437251,142.38963610461673,6.909112719768469,0.0058571660218035984
3.75,2.487382431111772,757.1634669878116,0.20062320276858847,0.006717684577616842,142.4113112989437,6.896919194646126,0.005852840454236949
3.755,2.4860545811726253,757.1620113669244,0.20065384376702994,0.0066958464285971,142.43293849441093,6.88474037256469,0.005848506947411928
3.7600000000000002,2.484727239062556,757.1605597115033,0.20068441643387386,0.006674057104428036,142.4545177043269,6.872576281822915,0.005844165545005661
3.765,2.4834004576653705,757.1591120777964,0.20071492076831252,0.006652316604486823,142.4760489416239,6.860426950840816,0.005839816290626716
3.77,2.4820742898372865,757.1576685219047,0.2007453567691006,0.006630624928467617,142.49753221886766,6.848292408155674,0.005835459227815448
3.775,2.4807487884049055,757.1562290997799,0.20077572443456965,0.006608982076371356,142.51896754826706,6.836172682418043,0.005831094400044383
3.7800000000000002,2.479424006163192,757.1547938672215,0.20080602376264203,0.006587388048495634,142.54035494168392,6.824067802387762,0.005826721850718544
3.785,2.478099995873448,757.1533628798752,0.20083625475084546,0.006565842845424536,142.56169441064253,6.811977796929971,0.005822341623175812
3.79,2.476776810261287,757.15193619323,0.2008664173963268,0.006544346468018553,142.5829859663394,6.799902695011117,0.005817953760687248
3.795,2.4754545020146157,757.1505138626156,0.20089651169586656,0.006522898917404455,142.60422961965295,6.787842525694982,0.005813558306457438
3.8000000000000003,2.4741331237816095,757.1490959432014,0.20092653764589272,0.0065015001949652665,142.625425381153,6.775797318138696,0.005809155303624798
3.805,2.4728127281686905,757.1476824899926,0.20095649524249504,0.006480150302330178,142.6465732611104,6.7637671015887655,0.005804744795261901
3.81,2.4714933677385122,757.146273557829,0.20098638448143885,0.006458849241364567,142.6676732695067,6.7517519053771,0.0058003268243757775
3.815,2.4701750950079355,757.1448692013823,0.20101620535817932,0.006437597014159956,142.68872541604364,6.739751758917036,0.005795901433908225
3.8200000000000003,2.4688579624460147,757.143469475154,0.2010459578678752,0.006416393623024093,142.70972971015254,6.72776669169938,0.005791468666736089
3.825,2.467542022471979,757.1420744334725,0.20107564200540298,0.006395239070470954,142.73068616100412,6.715796733288444,0.005787028565671565
3.83,2.466227327453218,757.1406841304918,0.20110525776537055,0.006374133359210879,142.75159477751765,6.703841913318089,0.005782581173462461
3.835,2.4649139297032683,757.1392986201886,0.2011348051421313,0.006353076492140621,142.77245556837065,6.6919022614877655,0.005778126532792488
3.84,2.4636018814798026,757.1379179563601,0.20116428412979773,0.006332068472333547,142.79326854200812,6.679977807558578,0.00577366468628151
3.845,2.4622912349826156,757.1365421926221,0.2011936947222554,0.006311109303029733,142.81403370665222,6.668068581349328,0.005769195676485818
3.85,2.460982042351621,757.1351713824063,0.20122303691317658,0.006290198987626234,142.8347510703113,6.656174612732592,0.00576471954589837
3.855,2.4596743556648377,757.1338055789586,0.201252310696034,0.006269337529667227,142.85542064078962,6.644295931630773,0.005760236336949042
3.86,2.4583682269363902,757.1324448353362,0.20128151606411446,0.006248524932834338,142.87604242569637,6.632432568012191,0.005755746092004864
3.865,2.4570637081145015,757.1310892044063,0.20131065301053253,0.0062277612009368575,142.8966164324552,6.620584551887145,0.005751248853370259
3.87,2.4557608510794955,757.129738738843,0.20133972152824403,0.006207046337902128,142.91714266831332,6.608751913304019,0.005746744663287254
3.875,2.454459707641794,757.1283934911257,0.20136872161005964,0.006186380347765813,142.93762114035087,6.596934682345356,0.005742233563935716
3.88,2.4531603295399247,757.1270535135368,0.20139765324865833,0.006165763234662351,142.95805185549006,6.585132889123972,0.005737715597433547
3.8850000000000002,2.45186276843852,757.1257188581591,0.20142651643660084,0.006145195002815296,142.97843482050433,6.573346563779052,0.0057331908058369015
3.89,2.4505670759263336,757.1243895768744,0.20145531116634308,0.006124675656527845,142.99877004202756,6.5615757364722755,0.005728659231140376
3.895,2.4492733035142407,757.1230657213608,0.2014840374302494,0.00610420520017323,143.01905752656324,6.549820437383925,0.005724120915277206
3.9,2.4479815026332603,757.1217473430906,0.20151269522060597,0.006083783638185322,143.03929728049346,6.538080696709029,0.005719575900119447
3.9050000000000002,2.446691724632563,757.1204344933287,0.201541284529634,0.006063410975049098,143.05948931008797,6.526356544653487,0.00571502422747816
3.91,2.445404020777495,757.1191272231295,0.2015698053495028,0.006043087215291317,143.07963362151327,6.514648011430231,0.005710465939103575
3.915,2.4441184422475946,757.1178255833356,0.2015982576723433,0.006022812363471053,143.0997302208415,6.5029551272553645,0.005705901076685263
3.92,2.4428350401346197,757.1165296245755,0.20162664149026063,0.00600258642417045,143.1197791140595,6.49127792234434,0.0057013296818522905
3.9250000000000003,2.4415538654405706,757.1152393972613,0.20165495679534756,0.005982409401985335,143.13978030707776,6.4796164269081205,0.005696751796173376
3.93,2.4402749690757255,757.113954951587,0.2016832035796973,0.0059622813015160455,143.15973380573905,6.467970671149379,0.0056921674611570315
3.935,2.438998401856666,757.1126763375258,0.20171138183541645,0.005942202127358122,143.17963961582763,6.456340685258668,0.005687576718251711
3.94,2.437724214504321,757.1114036048286,0.20173949155463788,0.005922171884093215,143.19949774307776,6.44472649941065,0.0056829796088459315
3.9450000000000003,2.4364524576420004,757.1101368030221,0.20176753272953363,0.005902190576279855,143.21930819318266,6.43312814376028,0.005678376174268412
3.95,2.435183181793442,757.1088759814057,0.2017955053523275,0.005882258208444454,143.23907097180313,6.421545648439065,0.005673766455788187
3.955,2.4339164373808537,757.1076211890509,0.2018234094153078,0.005862374785072147,143.2587860845763,6.409979043551262,0.005669150494614728
3.96,2.432652274722969,757.1063724747981,0.2018512449108401,0.00584254031059788,143.27845353712428,6.398428359170157,0.005664528331898041
3.9650000000000003,2.431390744033092,757.1051298872552,0.2018790118313798,0.005822754789397341,143.29807333506278,6.386893625334294,0.0056599000087287805
3.97,2.4301318954171665,757.1038934747954,0.20190671016948433,0.005803018225778143,143.31764548400966,6.375374872043775,0.005655265566138341
3.975,2.428875778871824,757.1026632855553,0.20193433991782608,0.00578333062397083,143.33716998959355,6.363872129256508,0.0056506250450989465
3.98,2.42762244428246,757.1014393674328,0.20196190106920442,0.005763691988120151,143.3566468574622,6.352385426884535,0.005645978486523733
3.985,2.4263719414212943,757.1002217680852,0.20198939361655824,0.005744102322276174,143.37607609329112,6.340914794790306,0.005641325931266833
3.99,2.4251243199454495,757.0990105349275,0.202016817552978,0.005724561630385634,143.39545770279173,6.32946026278303,0.005636667420123437
3.995,2.4238796293950244,757.0978057151295,0.20204417287171825,0.005705069916283152,143.41479169171998,6.318021860614981,0.005632002993829875
4.0,2.4226379191911787,757.0966073556151,0.2020714595662093,0.005685627183682675,143.43407806588445,6.3065996179778665,0.005627332693063657
4.005,2.421399238634213,757.0954155030598,0.20209867763006978,0.00566623343616879,143.45331683115486,6.295193564499165,0.005622656558443548
4.01,2.420163636901666,757.0942302038884,0.20212582705711818,0.005646888677188265,143.4725079934701,6.283803729738528,0.005617974630529597
4.015,2.4189311630464014,757.0930515042737,0.2021529078413851,0.005627592910041457,143.49165155884643,6.27243014318414,0.005613286949823196
4.0200000000000005,2.417701865994713,757.0918794501347,0.20217991997712487,0.005608346137873962,143.51074753338577,6.261072834249147,0.005608593556767105
4.025,2.4164757945444224,757.0907140871336,0.20220686345882752,0.005589148363668129,143.5297959232836,6.249731832268054,0.005603894491745492
4.03,2.4152529973629933,757.0895554606755,0.20223373828123029,0.005569999590234797,143.5487967348371,6.238407166493182,0.005599189795083951
4.035,2.4140335229856364,757.0884036159052,0.20226054443932942,0.0055508998202049116,143.5677499744532,6.227098866091088,0.005594479507049528
4.04,2.4128174198134364,757.0872585977062,0.2022872819283916,0.005531849056021392,143.5866556486563,6.215806960139062,0.005589763667850726
4.045,2.411604736111465,757.0861204506984,0.20231395074396555,0.005512847299930833,143.60551376409637,6.204531477621575,0.005585042317637532
4.05,2.4103955200069183,757.0849892192366,0.20234055088189323,0.005493894553975491,143.62432432755676,6.193272447426815,0.005580315496501393
4.055,2.4091898194872376,757.0838649474083,0.20236708233832149,0.005474990819985092,143.6430873459619,6.182029898343159,0.0055755832444752415
4.0600000000000005,2.4079876823982613,757.0827476790321,0.20239354510971294,0.005456136099568922,143.66180282638513,6.170803859055745,0.005570845601533464
4.065,2.406789156442354,757.081637457656,0.20241993919285742,0.005437330394107762,143.68047077605624,6.159594358142989,0.005566102607591908
4.07,2.4055942891765665,757.0805343265555,0.20244626458488296,0.005418573704746082,143.6990912023693,6.148401424073177,0.005561354302507844
4.075,2.4044031280107796,757.0794383287317,0.2024725212832668,0.005399866032384082,143.71766411289005,6.1372250852010195,0.005556600726079962
4.08,2.403215720205873,757.07834950691,0.20249870928584626,0.005381207377670022,143.73618951536358,6.12606536976429,0.005551841918048319
4.085,2.402032112871879,757.0772679035374,0.2025248285908298,0.005362597740992366,143.75466741772172,6.114922305880409,0.005547077918094326
4.09,2.400852352966165,757.0761935607823,0.20255087919680742,0.005344037122472233,143.77309782809036,6.103795921543119,0.005542308765840694
4.095,2.3996764872915968,757.0751265205308,0.20257686110276177,0.0053255255219556655,143.79148075479705,6.092686244619109,0.005537534500851397
4.1,2.398504562494732,757.074066824387,0.20260277430807835,0.005307062939006193,143.80981620637806,6.081593302844725,0.005532755162631616
4.105,2.3973366250639976,757.0730145136698,0.2026286188125563,0.00528864937289722,143.82810419158574,6.070517123822633,0.00552797079062769
4.11,2.3961727213278943,757.0719696294118,0.20265439461641863,0.00527028482260474,143.84634471939563,6.059457735018579,0.0055231814242270505
4.115,2.395012897453183,757.0709322123577,0.20268010172032266,0.005251969286799812,143.86453779901368,6.048415163758078,0.005518387102758161
4.12,2.3938571994431026,757.0699023029624,0.20270574012537024,0.005233702763841408,143.88268343988324,6.037389437223216,0.005513587865490441
4.125,2.3927056731355725,757.0688799413897,0.20273130983311788,0.005215485251769038,143.90078165169214,6.026380582449393,0.005508783751634197
4.13,2.3915583642014178,757.0678651675101,0.2027568108455868,0.005197316748295702,143.9188324443795,6.0153886263221565,0.0055039748003405395
4.135,2.3904153181425856,757.0668580208995,0.2027822431652731,0.0051791972508006545,143.93683582814276,6.004413595573985,0.0054991610507013015
4.14,2.3892765802903853,757.0658585408379,0.20280760679515725,0.005161126756322489,143.95479181344442,5.993455516781173,0.005494342541748942
4.1450000000000005,2.388142195803714,757.064866766307,0.20283290173871432,0.0051431052615520225,143.97270041101888,5.982514416360647,0.00548951931245646
4.15,2.387012209667313,757.0638827359893,0.20285812799992328,0.005125132762825527,143.99056163187902,5.971590320566908,0.0054846914017372935
4.155,2.3858866666900043,757.0629064882664,0.20288328558327695,0.0051072092561177335,144.00837548732292,5.960683255488881,0.005479858848445213
4.16,2.3847656115029605,757.0619380612171,0.2029083744937912,0.005089334737035204,144.02614198894045,5.949793247046902,0.005475021691374217
4.165,2.3836490885579553,757.0609774926163,0.20293339473701466,0.005071509200809476,144.04386114861973,5.93892032098962,0.005470179969258416
4.17,2.3825371421256465,757.0600248199329,0.20295834631903778,0.005053732642290566,144.0615329785535,5.928064502891029,0.005465333720771921
4.175,2.381429816293841,757.0590800803288,0.20298322924650222,0.005036005055940253,144.07915749124567,5.917225818147414,0.005460482984528717
4.18,2.38032715496579,757.0581433106573,0.20300804352660984,0.005018326435825719,144.09673469951755,5.906404291974429,0.00545562779908254
4.1850000000000005,2.3792292018584686,757.0572145474613,0.20303278916713183,0.005000696775612974,144.11426461651405,5.895599949404091,0.005450768202926746
4.19,2.378136000500887,757.0562938269718,0.20305746617641757,0.004983116068560645,144.13174725570985,5.884812815281915,0.005445904234494176
4.195,2.3770475942323817,757.0553811851071,0.20308207456340355,0.004965584307513531,144.14918263091567,5.874042914263947,0.005441035932157022
4.2,2.3759640262009425,757.0544766574703,0.20310661433762187,0.004948101484896536,144.16657075628413,5.863290270813946,0.005436163334226673
4.205,2.3748853393615166,757.0535802793489,0.20313108550920916,0.004930667592708375,144.1839116463158,5.852554909200474,0.005431286478953586
4.21,2.373811576474352,757.0526920857125,0.20315548808891487,0.004913282622515653,144.2012053158651,5.841836853494128,0.005426405404527114
4.215,2.3727427801033167,757.0518121112118,0.2031798220881098,0.004895946565446713,144.21845178014627,5.831136127564678,0.00542152014907537
4.22,2.371678992614256,757.0509403901772,0.2032040875187943,0.004878659412185855,144.23565105473884,5.8204527550783505,0.005416630750665056
4.225,2.3706202561733254,757.0500769566172,0.20322828439360668,0.004861421152967345,144.25280315559354,5.8097867594950205,0.005411737247301303
4.23,2.369566612745366,757.0492218442173,0.20325241272583108,0.004844231777569776,144.26990809903793,5.799138164065542,0.005406839676927509
4.235,2.3685181040922503,757.0483750863383,0.20327647252940564,0.004827091275310231,144.2869659017819,5.788506991829002,0.005401938077425161
4.24,2.367474771771274,757.0475367160152,0.2033004638189303,0.004809999635038788,144.30397658092315,5.777893265610096,0.005397032486613665
4.245,2.3664366571335202,757.0467067659555,0.20332438660967464,0.004792956845132831,144.32094015395262,5.767297008016436,0.005392122942250168
4.25,2.365403801322261,757.0458852685387,0.20334824091758547,0.004775962893491726,144.3378566387598,5.756718241435983,0.005387209482029373
4.255,2.3643762452713415,757.0450722558136,0.2033720267592946,0.004759017767531265,144.35472605363807,5.7461569880344125,0.005382292143583359
4.26,2.363354029703598,757.0442677594986,0.20339574415212605,0.004742121454178509,144.37154841728977,5.7356132697526,0.0053773709644813865
4.265,2.3623371951292556,757.043471810979,0.2034193931141036,0.004725273939866381,144.38832374883148,5.7250871083040344,0.005372445982229709
4.2700000000000005,2.3613257818443647,757.0426844413067,0.2034429736639578,0.0047084752105286615,144.40505206779886,5.714578525172369,0.005367517234271373
4.275,2.3603198299292134,757.0419056811985,0.2034664858211335,0.004691725251594753,144.42173339415197,5.704087541608893,0.0053625847579860265
4.28,2.359319379246782,757.0411355610348,0.20348992960579645,0.0046750240479848165,144.43836774827966,5.693614178630133,0.005357648590689705
4.285,2.3583244694411705,757.0403741108586,0.20351330503884046,0.004658371584104692,144.45495515100487,5.683158457015377,0.005352708769634636
4.29,2.3573351399360716,757.039621360374,0.2035366121418941,0.004641767843841214,144.47149562358908,5.672720397304346,0.005347765332009022
4.295,2.3563514299332136,757.0388773389453,0.2035598509373275,0.00462521281055727,144.48798918773704,5.662300019794771,0.0053428183149368345
4.3,2.3553733784108517,757.0381420755957,0.20358302144825877,0.004608706467087285,144.50443586560147,5.651897344540122,0.005337867755477592
4.305,2.354401024122228,757.037415599006,0.20360612369856057,0.004592248795732448,144.52083567978747,5.641512391347243,0.005332913690626151
4.3100000000000005,2.353434405594078,757.0366979375133,0.2036291577128664,0.004575839778256339,144.53718865335696,5.631145179774141,0.005327956157312469
4.315,2.3524735611251097,757.0359891191105,0.203652123516577,0.004559479395880338,144.55349480983318,5.62079572912769,0.005322995192401398
4.32,2.351518528784529,757.0352891714443,0.20367502113586608,0.0045431676292794045,144.5697541732047,5.610464058461464,0.005318030832692442
4.325,2.3505693464105337,757.0345981218148,0.20369785059768686,0.004526904458577642,144.5859667679299,5.600150186573506,0.005313063114919536
4.33,2.3496260516088574,757.033915997174,0.20372061192977747,0.004510689863344258,144.602132618941,5.589854132004237,0.005308092075750807
4.335,2.3486886817512835,757.0332428241245,0.2037433051606671,0.0044945238225892825,144.61825175164802,5.579575913034267,0.005303117751788341
4.34,2.3477572739742056,757.0325786289193,0.20376593031968132,0.0044784063147596965,144.63432419194285,5.569315547682374,0.005298140179567945
4.345,2.3468318651771574,757.0319234374595,0.203788487436948,0.004462337317735311,144.65034996620318,5.559073053703378,0.005293159395558905
4.3500000000000005,2.345912492021395,757.0312772752943,0.20381097654340233,0.0044463168088250665,144.66632910129616,5.548848448586179,0.005288175436163735
4.355,2.344999190928444,757.0306401676195,0.2038333976707925,0.004430344764763082,144.6822616245823,5.538641749551702,0.0052831883377179485
4.36,2.3440919980787003,757.0300121392763,0.20385575085168464,0.004414421161705109,144.698147563919,5.528452973550982,0.00527819813648979
4.365,2.343190949409994,757.0293932147509,0.203878036119468,0.0043985459752247545,144.71398694766424,5.518282137263181,0.0052732048686799935
4.37,2.3422960806162108,757.0287834181728,0.20390025350835983,0.0043827191803101065,144.7297798046799,5.508129257093748,0.0052682085704215285
4.375,2.341407427145875,757.028182773314,0.20392240305341042,0.004366940751360118,144.7455261643354,5.49799434917248,0.0052632092777793425
4.38,2.3405250242007893,757.0275913035887,0.20394448479050747,0.004351210662181409,144.76122605651074,5.487877429351757,0.005258207026750103
4.385,2.339648906734637,757.0270090320514,0.2039664987563811,0.004335528885984811,144.77687951160007,5.477778513204669,0.0052532018532619375
4.39,2.33877910945164,757.0264359813965,0.20398844498860794,0.004319895395382341,144.79248656051465,5.46769761602331,0.0052481937931741695
4.3950000000000005,2.3379156668051824,757.0258721739572,0.20401032352561582,0.004304310162383916,144.80804723468592,5.457634752816969,0.005243182882277057
4.4,2.337058612996485,757.0253176317048,0.2040321344066878,0.0042887731583945024,144.8235615660687,5.447589938310503,0.005238169156291524
4.405,2.336207981973251,757.0247723762475,0.20405387767196637,0.004273284354210989,144.8390295871439,5.437563186942577,0.00523315265086889
4.41,2.3353638074283594,757.0242364288297,0.20407555336245745,0.004257843720019507,144.8544513309215,5.427554512864104,0.005228133401590603
4.415,2.33452612279853,757.0237098103313,0.20409716152003432,0.004242451225392489,144.86982683094337,5.417563929936566,0.005223111443967964
4.42,2.3336949612630358,757.0231925412663,0.20411870218744124,0.004227106839286142,144.8851561212857,5.407591451730507,0.005218086813441856
4.425,2.3328703557423904,757.0226846417828,0.20414017540829735,0.004211810530037684,144.90043923656182,5.397637091523924,0.005213059545382466
4.43,2.3320523388970784,757.0221861316612,0.2041615812270999,0.004196562265362989,144.91567621192468,5.387700862300824,0.005208029675089007
4.4350000000000005,2.331240943126263,757.0216970303144,0.2041829196892279,0.004181362012353992,144.93086708306922,5.377782776749686,0.00520299723778944
4.44,2.330436200566539,757.0212173567862,0.20420419084094515,0.004166209737476513,144.94601188623471,5.36788284726209,0.005197962268640195
4.445,2.3296381430906585,757.0207471297509,0.2042253947294038,0.004151105406567816,144.9611106582072,5.358001085931233,0.005192924802725884
4.45,2.328846802306304,757.0202863675125,0.20424653140264684,0.004136048984834618,144.97616343632137,5.348137504550631,0.005187884875059021
4.455,2.328062209554836,757.0198350880039,0.2042676009096116,0.004121040436850817,144.99117025846311,5.33829211461271,0.0051828425205797364
4.46,2.327284395910087,757.0193933087862,0.20428860330013215,0.004106079726555668,145.00613116307105,5.328464927307565,0.005177797774155489
4.465,2.3265133921771293,757.0189610470482,0.20430953862494217,0.00409116681725169,145.02104618913887,5.318655953521628,0.00517275067058078
4.47,2.325749228891089,757.0185383196052,0.2043304069356774,0.004076301671603002,145.0359153762169,5.308865203836487,0.005167701244576864
4.4750000000000005,2.3249919363159357,757.0181251428987,0.20435120828487824,0.004061484251633405,145.05073876441412,5.299092688527625,0.005162649530791454
4.48,2.3242415444433187,757.0177215329958,0.20437194272599185,0.004046714518724901,145.06551639439968,5.289338417563317,0.005157595563798441
4.485,2.323498082991375,757.017327505588,0.20439261031337466,0.004031992433615929,145.08024830740462,5.279602400603417,0.005152539378097591
4.49,2.3227615814035905,757.0169430759914,0.2044132111022941,0.004017317956400057,145.09493454522334,5.269884646998338,0.0051474810081142556
4.495,2.3220320688476255,757.0165682591453,0.20443374514893087,0.004002691046524399,145.1095751502151,5.260185165787909,0.0051424204881990775
4.5,2.3213095742142005,757.016203069612,0.20445421251038054,0.003988111662788467,145.12417016530537,5.250503965700416,0.005137357852627699
4.505,2.3205941261159415,757.015847521576,0.20447461324465546,0.003973579763342766,145.13871963398705,5.240841055151533,0.005132293135600458
4.51,2.3198857528862873,757.0155016288438,0.20449494741068625,0.0039590953056878085,145.15322360032178,5.231196442243427,0.005127226371242101
4.515,2.3191844825783576,757.0151654048427,0.20451521506832337,0.003944658246672883,145.16768210894097,5.221570134763763,0.0051221575936014774
4.5200000000000005,2.3184903429638806,757.0148388626211,0.20453541627833838,0.003930268542495234,145.1820952050469,5.211962140184871,0.005117086836651245
4.525,2.317803361532087,757.0145220148469,0.20455555110242532,0.003915926148699013,145.1964629344137,5.2023724656628305,0.005112014134287572
4.53,2.317123565488654,757.014214873808,0.2045756196032017,0.003901631020174612,145.21078534338807,5.1928011180367015,0.005106939520329838
4.535,2.3164509817546244,757.0139174514112,0.20459562184420965,0.0038873831111577778,145.22506247889038,5.183248103827666,0.005101863028520329
4.54,2.3157856369653733,757.013629759182,0.20461555788991667,0.003873182375229134,145.23929438841498,5.173713429238347,0.0050967846925239445
4.545,2.3151275574695482,757.0133518082637,0.20463542780571659,0.003859028765313449,145.25348112003127,5.16419710015201,0.005091704545927893
4.55,2.3144767693280586,757.0130836094175,0.20465523165792995,0.003844922233679327,145.26762272238386,5.154699122131949,0.00508662262224139
4.555,2.313833298313038,757.012825173022,0.20467496951380496,0.0038308627319386455,145.28171924469328,5.145219500420761,0.00508153895489536
4.5600000000000005,2.3131971699068576,757.0125765090719,0.2046946414415174,0.0038168502110464083,145.29577073675634,5.135758239939797,0.005076453577242132
4.565,2.3125684093011083,757.012337627179,0.2047142475101714,0.003802884621300357,145.30977724894646,5.126315345288513,0.005071366522555142
4.57,2.311947041395639,757.0121085365707,0.2047337877897993,0.0037889659123409775,145.32373883221376,5.11689082074398,0.0050662778240286276
4.575,2.3113330907975604,757.01188924609,0.20475326235136207,0.003775094033151281,145.33765553808544,5.1074846702603045,0.005061187514777327
4.58,2.310726581820308,757.0116797641952,0.20477267126674883,0.0037612689320569784,145.35152741866565,5.098096897468216,0.005056095627836177
4.585,2.3101275384826674,757.0114800989593,0.2047920146087771,0.00374749055672642,145.36535452663563,5.088727505674548,0.005051002196160013
4.59,2.3095359845078596,757.0112902580702,0.20481129245119223,0.003733758854170937,145.37913691525353,5.079376497861897,0.005045907252623268
4.595,2.3089519433225885,757.0111102488296,0.20483050486866733,0.003720073770744936,145.3928746383543,5.070043876688173,0.0050408108300196664
4.6000000000000005,2.3083754380561534,757.0109400781535,0.2048496519368024,0.0037064352521464063,145.40656775034944,5.060729644486317,0.005035712961061927
4.605,2.3078064915395182,757.0107797525711,0.20486873373212414,0.0036928432434171848,145.42021630622673,5.0514338032639365,0.005030613678381463
4.61,2.3072451263044433,757.0106292782256,0.2048877503320848,0.0036792976889436064,145.43382036154978,5.042156354703082,0.005025513014528078
4.615,2.306691364582583,757.0104886608724,0.2049067018150618,0.003665798532456935,145.44737997245758,5.032897300159941,0.0050204110019696655
4.62,2.30614522830464,757.0103579058806,0.2049255882603563,0.0036523457170341777,145.46089519566397,5.023656640664695,0.005015307673091915
4.625,2.3056067390994834,757.0102370182316,0.2049444097481926,0.0036389391850986676,145.47436608845697,5.014434376921281,0.005010203060198003
4.63,2.3050759182933294,757.0101260025189,0.20496316635971668,0.003625578878421038,145.48779270869812,5.00523050930731,0.005005097195508303
4.635,2.304552786908883,757.0100248629489,0.20498185817699507,0.0036122647381199606,145.50117511482173,4.996045037873893,0.004999990111160084
4.64,2.304037365664541,757.0099336033394,0.20500048528301337,0.003598996704663274,145.51451336583398,4.986877962345635,0.00499488183920721
4.6450000000000005,2.3035296749735594,757.0098522271205,0.20501904776167487,0.003585774717868878,145.52780752131204,4.977729282120521,0.0049897724116198475
4.65,2.3030297349432782,757.009780737334,0.2050375456977988,0.003572598716906019,145.54105764140303,4.968598996269982,0.004984661860284168
4.655,2.302537565374313,757.0097191366331,0.20505597917711885,0.0035594686402963317,145.55426378682301,4.959487103538844,0.00497955021700205
4.66,2.3020531857598066,757.0096674272825,0.2050743482862811,0.0035463844259152723,145.56742601885577,4.9503936023454544,0.004974437513490788
4.665,2.3015766152846404,757.0096256111583,0.2050926531128423,0.0035333460109933227,145.5805443993517,4.941318490781708,0.004969323781382796
4.67,2.301107872824714,757.0095936897482,0.20511089374526775,0.0035203533321175673,145.59361899072633,4.9322617666132285,0.004964209052225316
4.675,2.300646976946178,757.0095716641506,0.20512907027292923,0.0035074063252330465,145.60664985595915,4.92322342727947,0.004959093357480126
4.68,2.300193945904739,757.0095595350756,0.2051471827861027,0.00349450492564448,145.6196370585921,4.914203469893957,0.004953976728523249
4.6850000000000005,2.299748797644918,757.009557302844,0.205165231375966,0.0034816490680177705,145.63258066272812,4.905201891244445,0.004948859196644664
4.69,2.2993115497993757,757.0095649673879,0.20518321613459645,0.0034688386863818746,145.64548073302944,4.89621868779324,0.004943740793048017
4.695,2.2988822196882,757.0095825282505,0.20520113715496824,0.003456073714130445,145.65833733471612,4.887253855677414,0.004938621548850332
4.7,2.298460824318253,757.0096099845861,0.20521899453094986,0.0034433540840238435,145.67115053356414,4.878307390709179,0.004933501495081726
4.705,2.2980473803824846,757.0096473351599,0.20523678835730133,0.003430679728190938,145.68392039590384,4.869379288376186,0.004928380662685127
4.71,2.297641904259303,757.0096945783486,0.20525451872967132,0.0034180505781312475,145.69664698861783,4.860469543841951,0.004923259082515983
4.715,2.2972444120119118,757.0097517121399,0.20527218574459433,0.003405466564716882,145.70933037913932,4.851578151946214,0.004918136785341987
4.72,2.296854919387709,757.0098187341326,0.20528978949948753,0.0033929276181948248,145.72197063544985,4.842705107205433,0.0049130138018427935
4.7250000000000005,2.296473441817644,757.0098956415376,0.20530733009264773,0.0033804336681890115,145.73456782607752,4.8338504038132015,0.004907890162609735
4.73,2.296099994415645,757.0099824311761,0.20532480762324806,0.003367984643702755,145.74712202009465,4.825014035640813,0.004902765898145554
4.735,2.2957345919780012,757.010079099482,0.20534222219133472,0.0033555804731209516,145.7596332871158,4.816195996237728,0.0048976410388641145
4.74,2.2953772489828124,757.0101856425003,0.20535957389782353,0.0033432210842126386,145.77210169729526,4.8073962788322016,0.004892515615090137
4.745,2.2950279795893964,757.010302055888,0.20537686284449647,0.003330906404133345,145.78452732132504,4.798614876331819,0.0048873896570589175
4.75,2.2946867976377647,757.010428334914,0.20539408913399798,0.003318636359427773,145.79691023043222,4.789851781324177,0.004882263194916062
4.755,2.294353716648057,757.0105644744593,0.20541125286983142,0.0033064108760322837,145.80925049637665,4.781106986077481,0.004877136258717214
4.76,2.294028749820037,757.0107104690179,0.20542835415635508,0.0032942298792777015,145.82154819144847,4.772380482541285,0.004872008878427787
4.765,2.2937119100325574,757.0108663126955,0.20544539309877852,0.003282093293891933,145.8338033884655,4.763672262347149,0.004866881083922695
4.7700000000000005,2.293403209843077,757.0110319992114,0.20546236980315846,0.0032700010440028958,145.8460161607705,4.754982316809435,0.004861752904986095
4.775,2.2931026614871506,757.0112075218972,0.20547928437639484,0.0032579530531412697,145.85818658222874,4.746310636926028,0.004856624371311117
4.78,2.2928102768779755,757.0113928736985,0.20549613692622656,0.003245949244243536,145.870314727225,4.737657213379185,0.004851495512499609
4.785,2.292526067605903,757.011588047174,0.2055129275612274,0.0032339895396548608,145.88240067066096,4.7290220365363105,0.0048463663580618705
4.79,2.292250044938012,757.0117930344965,0.20552965639080154,0.0032220738611322556,145.8944444879522,4.72040509645087,0.004841236937416408
4.795,2.2919822198176445,757.0120078274527,0.20554632352517938,0.0032102021298475772,145.90644625502534,4.711806382863218,0.004836107279889669
4.8,2.2917226028640054,757.0122324174442,0.20556292907541285,0.003198374266390811,145.91840604831503,4.703225885201563,0.004830977414715793
4.805,2.2914712043717236,757.0124667954871,0.20557947315337108,0.003186590190773182,145.93032394476097,4.694663592582861,0.004825847371036363
4.8100000000000005,2.2912280343104765,757.0127109522123,0.20559595587173551,0.003174849822430556,145.94220002180472,4.686119493813826,0.004820717177900156
4.815,2.2909931023245784,757.0129648778668,0.20561237734399546,0.0031631530802266735,145.95403435738675,4.6775935773918835,0.004815586864262895
4.82,2.2907664177326286,757.0132285623133,0.20562873768444304,0.003151499882456648,145.96582702994291,4.669085831506233,0.0048104564589870075
4.825,2.2905479895271252,757.0135019950308,0.2056450370081685,0.0031398901468503177,145.9775781184015,4.6605962440388495,0.004805325990841381
4.83,2.290337826374141,757.0137851651147,0.2056612754310552,0.003128323790575859,145.98928770217978,4.652124802565611,0.004800195488501127
4.835,2.2901359366129608,757.0140780612776,0.20567745306977459,0.003116800730243241,146.00095586118067,4.643671494357343,0.00479506498054734
4.84,2.2899423282557847,757.01438067185,0.20569357004178107,0.003105320881907946,146.01258267578933,4.635236306381,0.004789934495466868
4.845,2.289757008987389,757.0146929847797,0.2057096264653069,0.0030938841610745325,146.02416822686973,4.62681922530076,0.0047848040616520725
4.8500000000000005,2.289579986164857,757.0150149876337,0.20572562245935688,0.0030824904827004523,146.0357125957611,4.618420237479259,0.004779673707400605
4.855,2.2894112668172664,757.0153466675974,0.20574155814370312,0.0030711397611997283,146.04721586427436,4.610039328978743,0.00477454346091518
4.86,2.289250857645441,757.015688011476,0.20575743363887955,0.003059831910446857,146.0586781146885,4.601676485562336,0.0047694133503033455
4.865,2.28909876502167,757.0160390056941,0.20577324906617647,0.0030485668437805922,146.0700994297469,4.59333169269525,0.0047642834035772595
4.87,2.2889549949894836,757.0163996362974,0.20578900454763516,0.0030373444740079488,146.08147989265382,4.585004935546101,0.004759153648653479
4.875,2.2888195532633944,757.0167698889522,0.20580470020604216,0.0030261647134080787,146.09281958707044,4.576696198988169,0.0047540241133527325
4.88,2.2886924452287043,757.0171497489466,0.20582033616492365,0.003015027473736368,146.10411859711104,4.568405467600762,0.00474889482539971
4.885,2.2885736759412683,757.0175392011906,0.20583591254853972,0.0030039326662284066,146.11537700733942,4.560132725670517,0.004743765812422854
4.89,2.288463250127329,757.0179382302173,0.20585142948187857,0.002992880201604178,146.12659490276468,4.551877957192814,0.004738637101954145
4.8950000000000005,2.2883611721833055,757.0183468201826,0.20586688709065074,0.002981869990072115,146.13777236883757,4.5436411458731225,0.004733508721428894
4.9,2.288267446175653,757.0187649548668,0.2058822855012831,0.002970901941333382,146.14890949144637,4.535422275128463,0.0047283806981855475
4.905,2.2881820758406803,757.0191926176747,0.20589762484091298,0.0029599759645860166,146.16000635691287,4.527221328088793,0.0047232530594654735
4.91,2.2881050645844323,757.0196297916359,0.20591290523738204,0.0029490919685292868,146.17106305198845,4.519038287598515,0.004718125832412774
4.915,2.2880364154825346,757.0200764594066,0.20592812681923023,0.002938249861367929,146.18207966384986,4.510873136217906,0.004712999044074085
4.92,2.2879761312801037,757.0205326032691,0.2059432897156897,0.002927449550816579,146.1930562800951,4.502725856224667,0.004707872721398384
4.925,2.2879242143916154,757.0209982051329,0.20595839405667857,0.002916690944104094,146.20399298873937,4.4945964296154,0.004702746891236799
4.93,2.287880666900841,757.0214732465356,0.20597343997279452,0.002905973947978057,146.21488987821073,4.486484838107191,0.004697621580342425
4.9350000000000005,2.2878454905607435,757.0219577086436,0.20598842759530878,0.0028952984687091775,146.2257470373459,4.478391063139129,0.004692496815370135
4.94,2.2878186867934382,757.0224515722527,0.20600335705615958,0.0028846644120958764,146.23656455538605,4.470315085873938,0.004687372622876409
4.945,2.2878002566901143,757.0229548177887,0.20601822848794568,0.0028740716834687505,146.24734252197237,4.46225688719953,0.00468224902931914
4.95,2.287790201011024,757.0234674253082,0.20603304202392014,0.0028635201876952283,146.2580810271418,4.454216447730664,0.004677126061057475
4.955,2.2877885201854293,757.0239893745,0.2060477977979836,0.0028530098291841173,146.26878016132264,4.446193747810559,0.0046720037443516325
4.96,2.2877952143116156,757.024520644685,0.2060624959446778,0.0028425405118903146,146.27944001533012,4.43818876751258,0.004666882105362737
4.965,2.287810283156866,757.0250612148175,0.20607713659917906,0.002832112139319426,146.290060680362,4.430201486641884,0.004661761170152654
4.97,2.287833726157499,757.0256110634859,0.20609171989729147,0.0028217246145325423,146.30064224799395,4.422231884737151,0.004656640964683826
4.9750000000000005,2.2878655424188725,757.0261701689138,0.2061062459754404,0.002811377840150921,146.31118481017532,4.414279941072258,0.00465152151481911
4.98,2.287905730715445,757.0267385089604,0.20612071497066548,0.002801071718360825,146.32168845922425,4.406345634658051,0.00464640284632163
4.985,2.2879542894908047,757.0273160611215,0.2061351270206142,0.002790806150918261,146.33215328782344,4.398428944244056,0.00464128498485461
4.99,2.2880112168577598,757.0279028025308,0.20614948226353477,0.002780581039153874,146.34257938901533,4.3905298483202735,0.004636167955981236
4.995,2.2880765105983905,757.0284987099602,0.20616378083826942,0.0027703962839777537,146.35296685619764,4.38264832511893,0.0046310517851645
5.0,2.2881501681641674,757.0291037598212,0.20617802288424747,0.002760251785884372,146.3633157831186,4.374784352616309,0.004625936497767063
5.005,2.2882321866760287,757.0297179281653,0.2061922085414785,0.0027501474449574495,146.37362626387232,4.366937908534528,0.004620822119051107
5.01,2.2883225629245243,757.0303411906854,0.20620633795054513,0.002740083160874941,146.3838983928942,4.359108970343401,0.004615708674178204
5.015,2.2884212933699204,757.0309735227166,0.20622041125259635,0.002730058832913954,146.39413226495603,4.351297515262252,0.004610596188209177
5.0200000000000005,2.288528374142368,757.0316148992372,0.20623442858934024,0.002720074359955779,146.4043279751614,4.3435035202618,0.004605484686103973
5.025,2.288643801042035,757.0322652948695,0.206248390103037,0.002710129640490862,146.4144856189409,4.335726962066007,0.004600374192721532
5.03,2.288767569539298,757.032924683881,0.20626229593649184,0.0027002245726238704,146.42460529204723,4.327967817153988,0.004595264732819665
5.035,2.2888996747749033,757.0335930401853,0.20627614623304794,0.002690359054078712,146.43468709055063,4.320226061761891,0.004590156331054926
5.04,2.289040111560184,757.0342703373433,0.2062899411365791,0.002680532982203645,146.4447311108338,4.3125016718848315,0.004585049011982507
5.045,2.2891888743772464,757.0349565485639,0.20630368079148279,0.002670746253976338,146.4547374495873,4.304794623278798,0.004579942800056109
5.05,2.289345957379213,757.0356516467053,0.20631736534267267,0.0026609987660090122,146.4647062038045,4.297104891462616,0.004574837719627843
5.055,2.2895113543904344,757.0363556042761,0.2063309949355717,0.0026512904145535423,146.47463747077683,4.289432451719876,0.004569733794948113
5.0600000000000005,2.2896850589067594,757.0370683934361,0.20634456971610451,0.0026416210955066298,146.48453134808878,4.281777279100923,0.004564631050165517
5.065,2.289867064095771,757.0377899859978,0.20635808983069048,0.002631990704414949,146.4943879336131,4.274139348424811,0.004559529509326743
5.07,2.290057362797084,757.0385203534271,0.20637155542623614,0.0026223991364803375,146.50420732550586,4.2665186342813115,0.004554429196376474
5.075,2.2902559475226067,757.0392594668447,0.206384966650128,0.0026128462865649747,146.51398962220148,4.258915111032892,0.004549330135157287
5.08,2.290462810456864,757.0400072970272,0.20639832365022523,0.0026033320491966093,146.52373492240775,4.251328752816749,0.004544232349409574
5.085,2.290677943457284,757.0407638144077,0.20641162657485215,0.0025938563185737592,146.53344332510102,4.243759533546806,0.00453913586277144
5.09,2.2909013380545473,757.0415289890783,0.20642487557279107,0.002584418988570963,146.543114929521,4.236207426915763,0.00453404069877863
5.095,2.2911329854529012,757.0423027907896,0.20643807079327467,0.002575019952744008,146.55274983516603,4.228672406397124,0.004528946880864443
5.1000000000000005,2.2913728765305326,757.043085188953,0.20645121238597877,0.0025656591043351964,146.56234814178794,4.221154445247259,0.004523854432359654
5.105,2.2916210018399084,757.0438761526418,0.20646430050101477,0.0025563363362786046,146.57190994938702,4.213653516507452,0.004518763376492446
5.11,2.291877351608173,757.0446756505919,0.20647733528892234,0.0025470515412053594,146.58143535820713,4.206169593005979,0.004513673736388332
5.115,2.2921419157375174,757.0454836512034,0.20649031690066186,0.002537804611448916,146.59092446873063,4.198702647360177,0.004508585535070091
5.12,2.2924146838056,757.046300122542,0.20650324548760704,0.002528595439050354,146.6003773816734,4.1912526519785365,0.004503498795457706
5.125,2.2926956450659395,757.0471250323397,0.20651612120153742,0.002519423915763667,146.6097941979797,4.183819579062787,0.0044984135403683
5.13,2.292984788448366,757.0479583479967,0.2065289441946309,0.0025102899330610713,146.6191750188173,4.176403400610006,0.004493329792516085
5.135,2.293282102559435,757.048800036582,0.20654171461945622,0.0025011933821383085,146.6285199455722,4.1690040884147175,0.004488247574512301
5.14,2.2935875756829076,757.0496500648354,0.2065544326289656,0.00249213415391996,146.63782907984398,4.161621614071014,0.004483166908865176
5.1450000000000005,2.293901195780188,757.0505083991684,0.20656709837648704,0.002483112139064762,146.6471025234403,4.154255948974672,0.004478087817979867
5.15,2.294222950490827,757.0513750056654,0.206579712015717,0.0024741272279709273,146.65634037837225,4.146907064325291,0.004473010324158432
5.155,2.2945528271329882,757.0522498500854,0.20659227370071281,0.0024651793107814614,146.66554274684907,4.139574931128409,0.004467934449599777
5.16,2.2948908127039775,757.0531328978633,0.2066047835858852,0.0024562682773894865,146.67470973127317,4.132259520197657,0.004462860216399629
5.165,2.2952368938807317,757.0540241141107,0.2066172418259907,0.0024473940174435677,146.6838414342351,4.124960802156895,0.004457787646550497
5.17,2.2955910570203732,757.054923463618,0.2066296485761243,0.0024385564203530307,146.6929379585085,4.117678747442369,0.004452716761941648
5.175,2.295953288160726,757.0558309108555,0.20664200399171187,0.0024297553752932934,146.7019994070451,4.1104133263048555,0.004447647584359078
5.18,2.2963235730208944,757.0567464199746,0.20665430822850256,0.0024209907712111753,146.71102588296947,4.10316450881183,0.004442580135485494
5.1850000000000005,2.2967018970018045,757.0576699548094,0.20666656144256146,0.0024122624968302264,146.72001748957433,4.095932264849619,0.00443751443690029
5.19,2.2970882451868087,757.0586014788781,0.20667876379026204,0.0024035704406560393,146.72897433031525,4.088716564125582,0.004432450510079538
5.195,2.2974826023422508,757.0595409553846,0.20669091542827855,0.0023949144909815646,146.73789650880565,4.081517376170261,0.004427388376395965
5.2,2.297884952918094,757.0604883472195,0.20670301651357878,0.00238629453589241,146.74678412881192,4.0743346703395735,0.0044223280571189585
5.205,2.298295281048515,757.0614436169619,0.2067150672034163,0.002377710463272161,146.75563729424826,4.067168415816974,0.004417269573414553
5.21,2.2987135705525557,757.0624067268809,0.2067270676553232,0.0023691621608076586,146.7644561091717,4.0600185816156396,0.004412212946345432
5.215,2.299139804934739,757.0633776389369,0.20673901802710257,0.0023606495159943118,146.7732406777772,4.05288513658065,0.0044071581968709245
5.22,2.299573967385749,757.0643563147833,0.20675091847682095,0.002352172416141363,146.7819911043925,4.0457680493911665,0.0044021053458470185
5.2250000000000005,2.3000160407830705,757.0653427157675,0.20676276916280106,0.002343730748377182,146.7907074934732,4.038667288562622,0.004397054414026362
5.23,2.3004660076916936,757.0663368029334,0.2067745702436143,0.0023353243996545214,146.79938994959778,4.031582822448904,0.0043920054220582825
5.235,2.300923850364777,757.0673385370217,0.2067863218780732,0.00232695325675579,146.80803857746267,4.024514619244539,0.004386958390488795
5.24,2.301389550744378,757.0683478784724,0.20679802422522425,0.0023186172062982856,146.8166534818772,4.017462646986883,0.004381913339760626
5.245,2.301863090462142,757.0693647874261,0.2068096774443403,0.0023103161347394602,146.8252347677588,4.01042687355831,0.004376870290213236
5.25,2.302344450840054,757.0703892237253,0.20682128169491343,0.0023020499283821208,146.83378254012786,4.0034072666883995,0.004371829262082842
5.255,2.3028336128911535,757.0714211469161,0.20683283713664727,0.0022938184733796775,146.84229690410302,3.996403793956124,0.004366790275502448
5.26,2.3033305573203116,757.07246051625,0.20684434392944992,0.0022856216557413205,146.8507779648961,3.989416422792037,0.004361753350501878
5.265,2.30383526452497,757.0735072906853,0.20685580223342653,0.002277459361337243,146.85922582780734,3.982445120480462,0.004356718507007812
5.2700000000000005,2.30434771459594,757.0745614288887,0.206867212208872,0.0022693314759037906,146.86764059822036,3.9754898541616743,0.0043516857648438255
5.275,2.30486788731817,757.0756228892373,0.20687857401626372,0.0022612378850486643,146.87602238159744,3.9685505908340986,0.004346655143730429
5.28,2.305395762171564,757.0766916298195,0.20688988781625425,0.002253178474256031,146.88437128347454,3.9616272973564737,0.00434162666328512
5.285,2.305931318331775,757.0777676084372,0.20690115376966411,0.0022451531288917035,146.8926874094566,3.954719940450052,0.00433660034302242
5.29,2.3064745346710493,757.0788507826076,0.20691237203747462,0.0022371617342082212,146.90097086521263,3.947828486700768,0.0043315762023539445
5.295,2.307025389759042,757.079941109564,0.20692354278082054,0.0022292041753499974,146.90922175647094,3.940952902561425,0.004326554260588442
5.3,2.307583861863685,757.0810385462586,0.2069346661609831,0.0022212803373583656,146.91744018901431,3.9340931543538615,0.0043215345369318646
5.305,2.3081499289520258,757.0821430493636,0.20694574233938268,0.0022133901051766946,146.92562626867533,3.9272492082711343,0.004316517050487423
5.3100000000000005,2.3087235686911223,757.0832545752728,0.20695677147757172,0.0022055333636553987,146.93378010133148,3.9204210303796763,0.004311501820255656
5.315,2.3093047584489024,757.0843730801035,0.2069677537372277,0.0021977099975570204,146.94190179290064,3.913608586621477,0.004306488865134497
5.32,2.3098934752950835,757.0854985196983,0.20697868928014604,0.0021899198915611984,146.94999144933612,3.906811842816231,0.004301478203919349
5.325,2.310489696002055,757.0866308496267,0.2069895782682329,0.0021821629302697125,146.95804917662218,3.900030764663508,0.0042964698553031545
5.33,2.311093397045821,757.0877700251866,0.20700042086349837,0.002174438998211418,146.9660750807693,3.8932653177449006,0.00429146383787648
5.335,2.311704554606908,757.088916001407,0.2070112172280494,0.0021667479798472477,146.9740692678094,3.8865154675261824,0.004286460170127591
5.34,2.31232314457133,757.0900687330486,0.20702196752408283,0.002159089759575103,146.98203184379153,3.8797811793594463,0.004281458870442543
5.345,2.3129491425315174,757.0912281746062,0.20703267191387836,0.0021514642217348155,146.9899629147769,3.873062418485256,0.0042764599571052655
5.3500000000000005,2.3135825237873084,757.0923942803103,0.2070433305597919,0.0021438712506129942,146.9978625868346,3.8663591500347696,0.004271463448297655
5.355,2.3142232633469004,757.0935670041289,0.20705394362424842,0.0021363107304479493,147.0057309660368,3.859671339031891,0.0042664693620996655
5.36,2.314871335927862,757.0947462997699,0.20706451126973532,0.0021287825454344854,147.01356815845443,3.852998950395373,0.004261477716489412
5.365,2.3155267159581108,757.0959321206817,0.2070750336587955,0.0021212865797287815,147.0213742701526,3.8463419489409576,0.004256488529343262
5.37,2.316189377576945,757.0971244200563,0.2070855109540207,0.002113822717453143,147.02914940718603,3.839700299383476,0.004251501818435949
5.375,2.3168592946360462,757.0983231508302,0.20709594331804457,0.00210639084270083,147.03689367559468,3.833073966338971,0.004246517601440668
5.38,2.3175364407005343,757.0995282656866,0.20710633091353617,0.002098990839540762,147.04460718139939,3.8264629143267848,0.004241535895929197
5.385,2.31822078904999,757.1007397170576,0.20711667390319327,0.0020916225920222966,147.0522900305973,3.819867107771673,0.004236556719371998
5.39,2.318912312679534,757.1019574571255,0.20712697244973557,0.002084285984179882,147.0599423291576,3.813286511005873,0.0042315800891383395
5.3950000000000005,2.3196109843008723,757.1031814378251,0.20713722671589824,0.00207698090003779,147.06756418301708,3.8067210882712064,0.004226606022496412
5.4,2.3203167763433976,757.1044116108451,0.20714743686442533,0.002069707223614715,147.0751556980759,3.8001708037211404,0.004221634536613452
5.405,2.3210296609552565,757.1056479276306,0.2071576030580632,0.0020624648389284505,147.08271698019325,3.793635621422865,0.0042166656485558614
5.41,2.321749610004474,757.1068903393846,0.20716772545955414,0.0020552536300004367,147.09024813518306,3.787115505359344,0.004211699375289342
5.415,2.3224765950800412,757.10813879707,0.20717780423162976,0.0020480734808603876,147.09774926880988,3.7806104194313805,0.004206735733679017
5.42,2.323210587493062,757.1093932514118,0.20718783953700473,0.002040924275550779,147.10522048678442,3.774120327459648,0.004201774740489573
5.425,2.3239515582778663,757.1106536528986,0.20719783153837035,0.0020338058981314235,147.11266189475967,3.767645193186743,0.0041968164123853844
5.43,2.3246994781931734,757.1119199517847,0.20720778039838825,0.0020267182326838993,147.12007359832643,3.7611849802791952,0.0041918607659306665
5.4350000000000005,2.3254543177232287,757.1131920980922,0.20721768627968398,0.002019661163316069,147.12745570300947,3.7547396523295085,0.004186907817589604
5.44,2.326216047078991,757.1144700416129,0.20722754934484097,0.0020126345741664545,147.13480831426327,3.7483091728581543,0.004181957583726507
5.445,2.3269846361992905,757.11575373191,0.20723736975639412,0.0020056383494086957,147.14213153746792,3.7418935053155913,0.004177010080605946
5.45,2.327760054752034,757.1170431183208,0.20724714767682378,0.0019986723732558615,147.1494254779253,3.73549261308424,0.004172065324392909
5.455,2.3285422721353872,757.1183381499577,0.20725688326854955,0.001991736529964857,147.15669024085477,3.729106459480491,0.004167123331152956
5.46,2.329331257479002,757.1196387757111,0.20726657669392418,0.0019848307038406727,147.16392593138957,3.7227350077566568,0.004162184116852368
5.465,2.3301269796452164,757.1209449442507,0.2072762281152276,0.0019779547792407285,147.17113265457252,3.7163782211029606,0.004157247697358308
5.47,2.330929407230307,757.1222566040283,0.20728583769466094,0.0019711086405790616,147.17831051535236,3.7100360626494724,0.004152314088438983
5.4750000000000005,2.3317385085657074,757.1235737032788,0.20729540559434043,0.001964292172330614,147.18545961857973,3.7037084954680757,0.004147383305763807
5.48,2.332554251719282,757.1248961900232,0.20730493197629163,0.0019575052590353565,147.19258006900338,3.697395482574387,0.004142455364903566
5.485,2.3333766044965665,757.12622401207,0.20731441700244355,0.0019507477853025078,147.1996719712664,3.6910969869296983,0.004137530281330584
5.49,2.3342055344420607,757.1275571170178,0.2073238608346228,0.0019440196358146001,147.20673542990232,3.684812971442878,0.0041326080704189
5.495,2.335041008840492,757.1288954522568,0.20733326363454774,0.0019373206953316366,147.21377054933157,3.678543398972295,0.004127688747444437
5.5,2.335882994718125,757.1302389649711,0.20734262556382296,0.001930650848695089,147.2207774338575,3.6722882323276966,0.004122772327585181
5.505,2.3367314588440484,757.131587602141,0.20735194678393343,0.001924009980831993,147.22775618766295,3.666047434272113,0.004117858825921355
5.51,2.337586367731505,757.132941310545,0.20736122745623883,0.0019173979767588786,147.2347069148065,3.6598209675237134,0.004112948257435608
5.515,2.338447687639198,757.1343000367613,0.20737046774196816,0.0019108147215858027,147.24162971921882,3.6536087947576883,0.004108040637013193
5.5200000000000005,2.3393153845726395,757.1356637271707,0.20737966780221395,0.0019042601005202098,147.24852470469915,3.6474108786080817,0.004103135979442155
5.525,2.340189424285479,757.1370323279583,0.2073888277979269,0.0018977339988709059,147.25539197491176,3.641227181669659,0.004098234299413518
5.53,2.341069772280872,757.138405785116,0.20739794788991048,0.001891236302051844,147.26223163338236,3.6350576664997085,0.004093335611521479
5.535,2.3419563938128283,757.1397840444438,0.20740702823881538,0.0018847668955860324,147.2690437834948,3.628902295619888,0.004088439930263598
5.54,2.3428492538875982,757.1411670515528,0.20741606900513426,0.0018783256651092597,147.2758285284874,3.622761031518008,0.0040835472700409955
5.545,2.34374831726504,757.142554751867,0.20742507034919638,0.00187191249637393,147.28258597144983,3.616633836649852,0.004078657645158551
5.55,2.3446535484600304,757.1439470906253,0.20743403243116246,0.00186552727525272,147.2893162153195,3.6105206734409374,0.0040737710698251035
5.555,2.3455649117438484,757.1453440128839,0.20744295541101923,0.0018591698877423461,147.2960193628783,3.604421504288312,0.004068887558153651
5.5600000000000005,2.3464823711456027,757.1467454635183,0.2074518394485745,0.0018528402199671542,147.30269551674934,3.5983362915622896,0.0040640071241615575
5.565,2.347405890453638,757.1481513872254,0.20746068470345203,0.0018465381581828206,147.3093447793937,3.5922649976082286,0.004059129781770762
5.57,2.3483354332169815,757.1495617285262,0.20746949133508627,0.0018402635887798666,147.31596725310717,3.586207584748236,0.004054255544807986
5.575,2.3492709627467647,757.1509764317672,0.2074782595027175,0.001834016398287292,147.32256304001706,3.5801640152829233,0.004049384427004942
5.58,2.3502124421176935,757.152395441123,0.20748698936538687,0.0018277964733760237,147.329132242079,3.574134251493092,0.004044516441998553
5.585,2.351159834169486,757.1538187005987,0.2074956810819314,0.0018216037008624761,147.335674961074,3.5681182556414592,0.004039651603331164
5.59,2.3521131015083596,757.1552461540315,0.20750433481097913,0.001815437967711932,147.34219129860517,3.5621159899743198,0.004034789924450759
5.595,2.353072206508491,757.1566777450937,0.20751295071094436,0.00180929916104203,147.34868135609477,3.556127416723247,0.004029931418711187
5.6000000000000005,2.354037111313519,757.1581134172942,0.20752152894002285,0.0018031871681260761,147.35514523478122,3.550152498106729,0.004025076099372376
5.605,2.355007777838023,757.159553113981,0.20753006965618703,0.001797101876396465,147.361583035716,3.5441911963318486,0.004020223979600563
5.61,2.355984167769046,757.1609967783437,0.20753857301718143,0.001791043173447914,147.36799485976098,3.5382434735958883,0.004015375072468517
5.615,2.3569662425675886,757.1624443534151,0.20754703918051798,0.0017850109470408152,147.37438080758523,3.532309292087986,0.004010529390955769
5.62,2.357953963470151,757.1638957820742,0.2075554683034715,0.0017790050851044033,147.3807409796623,3.5263886139907172,0.004005686947948839
5.625,2.358947291490244,757.1653510070477,0.20756386054307516,0.0017730254757400326,147.38707547626746,3.5204814014817227,0.004000847756241468
5.63,2.3599461874199505,757.1668099709128,0.20757221605611598,0.001767072007224274,147.3933843974747,3.5145876167352665,0.003996011828534859
5.635,2.360950611831453,757.1682726160993,0.20758053499913043,0.0017611445680121224,147.39966784315428,3.508707221923835,0.0039911791774379
5.64,2.3619605250786093,757.1697388848918,0.2075888175284001,0.0017552430467400208,147.40592591296974,3.502840179219671,0.003986349815467414
5.6450000000000005,2.3629758872985036,757.1712087194319,0.20759706379994727,0.0017493673322289962,147.41215870637535,3.496986450796345,0.003981523755048389
5.65,2.363996658413035,757.1726820617208,0.20760527396953082,0.0017435173134876174,147.41836632261356,3.491145998830267,0.003976701008514225
5.655,2.3650227981304868,757.1741588536211,0.20761344819264174,0.0017376928797150522,147.42454886071212,3.485318785502225,0.003971881588106972
5.66,2.3660542659471306,757.1756390368596,0.20762158662449928,0.001731893920303955,147.4307064194818,3.479504772998872,0.0039670655059775815
5.665,2.367091021148815,757.1771225530291,0.2076296894200466,0.0017261203248434586,147.43683909751374,3.4737039235142437,0.003962252774186143
5.67,2.368133022812585,757.1786093435911,0.20763775673394677,0.001720371983121985,147.4429469931769,3.4679161992512118,0.003957443404702142
5.675,2.369180229808285,757.1800993498779,0.20764578872057876,0.0017146487851301662,147.44903020461572,3.4621415624229783,0.003952637409404703
5.68,2.3702326008001986,757.1815925130951,0.20765378553403355,0.0017089506210635859,147.45508882974772,3.456379975254502,0.0039478348000828445
5.6850000000000005,2.371290094248666,757.1830887743233,0.20766174732810996,0.0017032773813256258,147.46112296626092,3.450631399983963,0.003943035588435727
5.69,2.3723526684117395,757.1845880745215,0.20766967425631114,0.0016976289565301414,147.46713271161167,3.4448957988641675,0.003938239786072919
5.695,2.373420281346818,757.1860903545281,0.20767756647184044,0.0016920052375042315,147.47311816302235,3.4391731341639824,0.003933447404514638
5.7,2.3744928909123177,757.1875955550647,0.20768542412759783,0.0016864061152908423,147.479079417479,3.433463368169709,0.003928658455192017
5.705,2.375570454769321,757.1891036167372,0.20769324737617606,0.0016808314811514724,147.4850165717291,3.427766463186498,0.003923872949447363
5.71,2.3766529303832655,757.1906144800386,0.20770103636985718,0.0016752812265687007,147.49092972227947,3.422082381539693,0.003919090898534419
5.715,2.3777402750256074,757.1921280853512,0.20770879126060865,0.0016697552432488206,147.496818965394,3.4164110855762146,0.003914312313618619
5.72,2.378832445775525,757.1936443729497,0.20771651220008006,0.0016642534231242996,147.50268439709154,3.410752537665884,0.003909537205777362
5.7250000000000005,2.3799293995215978,757.1951632830023,0.20772419933959932,0.001658775658356341,147.50852611314392,3.405106700202774,0.0039047655860002676
5.73,2.381031092963526,757.1966847555741,0.2077318528301695,0.0016533218413372747,147.51434420907378,3.3994735356065076,0.0038999974651894504
5.735,2.3821374826138237,757.1982087306286,0.20773947282246516,0.0016478918646930464,147.52013878015254,3.393853006323584,0.00389523285415978
5.74,2.383248524799553,757.1997351480311,0.20774705946682914,0.001642485621285538,147.52590992139858,3.388245074828643,0.0038904717636391575
5.745,2.3843641756640332,757.2012639475498,0.2077546129132691,0.0016371030042149884,147.531657727575,3.3826497036257694,0.0038857142042687796
5.75,2.385484391168586,757.2027950688596,0.20776213331145446,0.0016317439068222442,147.53738229318807,3.377066855249732,0.003880960186603415
5.755,2.3866091270942644,757.204328451543,0.2077696208107129,0.0016264082226911105,147.5430837124851,3.3714964922672563,0.0038762097211116754
5.76,2.3877383390436084,757.2058640350938,0.20777707556002745,0.0016210958456505304,147.54876207945276,3.365938577278236,0.00387146281817629
5.765,2.3888719824423883,757.2074017589182,0.20778449770803317,0.0016158066697768683,147.5544174878151,3.3603930729169833,0.003866719488094381
5.7700000000000005,2.390010012541377,757.2089415623386,0.20779188740301424,0.0016105405893960187,147.56005003103203,3.354859941853406,0.00386197974107774
5.775,2.3911523844181035,757.2104833845948,0.20779924479290082,0.0016052974990856236,147.56565980229732,3.34933914679424,0.003857243587253108
5.78,2.3922990529786414,757.2120271648469,0.20780657002526606,0.0016000772936771092,147.57124689453713,3.343830650484192,0.0038525110366624507
5.785,2.3934499729593766,757.2135728421777,0.2078138632473233,0.0015948798682578346,147.57681140040822,3.3383344157071417,0.0038477820992632405
5.79,2.394605098928806,757.2151203555949,0.20782112460592303,0.0015897051181730643,147.5823534122964,3.3328504052872696,0.0038430567849287397
5.795,2.3957643852893216,757.216669644034,0.20782835424755014,0.0015845529390280453,147.5878730223149,3.3273785820902226,0.003838335103448278
5.8,2.3969277862790217,757.2182206463599,0.2078355523183212,0.0015794232266899146,147.59337032230283,3.321918909024216,0.0038336170645275427
5.805,2.3980952559735065,757.2197733013701,0.20784271896398154,0.0015743158772897053,147.5988454038236,3.316471349041174,0.003828902677788855
5.8100000000000005,2.3992667482877046,757.2213275477964,0.20784985432990277,0.001569230787224189,147.60429835816353,3.3110358651378045,0.003824191952771461
5.815,2.400442216977679,757.2228833243078,0.2078569585610799,0.001564167853157818,147.60972927633043,3.305612420356714,0.0038194848989318185
5.82,2.4016216156424677,757.224440569513,0.20786403180212903,0.0015591269720244957,147.61513824905197,3.3002009777874513,0.00381478152564388
5.825,2.4028048977259022,757.2259992219623,0.2078710741972845,0.0015541080410294528,147.6205253667746,3.294801500567598,0.0038100818421993848
5.83,2.40399201651846,757.2275592201505,0.2078780858903966,0.0015491109576509566,147.62589071966192,3.289413951883788,0.0038053858578081454
5.835,2.4051829251590937,757.2291205025189,0.20788506702492904,0.0015441356196421176,147.63123439759354,3.2840382949727673,0.0038006935815983393
5.84,2.406377576637098,757.2306830074582,0.20789201774395652,0.0015391819250325344,147.63655649016377,3.27867449312239,0.0037960050226168007
5.845,2.407575923793951,757.2322466733107,0.2078989381901624,0.0015342497721300347,147.64185708668026,3.2733225096726497,0.003791320189829309
5.8500000000000005,2.40877791932519,757.2338114383723,0.2079058285058363,0.0015293390595222552,147.64713627616294,3.2679823080166486,0.0037866390921208843
5.855,2.4099835157822667,757.2353772408959,0.20791268883287198,0.001524449686078321,147.6523941473428,3.262653851601607,0.0037819617382960813
5.86,2.4111926655744322,757.236944019093,0.20791951931276498,0.0015195815509503584,147.65763078866067,3.257337103929799,0.00377728813707928
5.865,2.4124053209706076,757.2385117111363,0.20792632008661044,0.0015147345535751083,147.66284628826617,3.2520320285595408,0.003772618297114983
5.87,2.4136214341012767,757.2400802551623,0.207933091295101,0.0015099085936753813,147.6680407340166,3.246738589106101,0.0037679522269681103
5.875,2.4148409569603677,757.2416495892738,0.20793983307852473,0.0015051035712616053,147.6732142134759,3.2414567492426576,0.003763289935124297
5.88,2.4160638414071585,757.2432196515422,0.207946545576763,0.001500319386633217,147.67836681391358,3.236186472701189,0.003758631429990189
5.885,2.417290039168167,757.2447903800097,0.20795322892928855,0.0014955559403801474,147.68349862230383,3.2309277232734,0.0037539767198937393
5.89,2.4185195018390684,757.2463617126922,0.20795988327516343,0.0014908131333841532,147.68860972532448,3.225680464811591,0.0037493258130845107
5.8950000000000005,2.4197521808865967,757.2479335875815,0.2079665087530372,0.0014860908668202378,147.6937002093561,3.2204446612295543,0.003744678717733968
5.9,2.4209880276504703,757.2495059426478,0.20797310550114498,0.0014813890421579254,147.6987701604812,3.2152202765034215,0.0037400354419357866
5.905,2.4222269933453053,757.251078715842,0.20797967365730557,0.001476707561162618,147.70381966448315,3.2100072746725328,0.003735395993706143
5.91,2.4234690290625487,757.2526518450983,0.20798621335891976,0.001472046325896807,147.70884880684557,3.2048056198402572,0.0037307603809840204
5.915,2.424714085772403,757.2542252683365,0.20799272474296854,0.0014674052387213755,147.71385767275143,3.1996152761748413,0.0037261286116315115
5.92,2.425962114325771,757.2557989234649,0.2079992079460113,0.0014627842022967475,147.71884634708232,3.1944362079101998,0.0037215006934341152
5.925,2.4272130654561854,757.257372748382,0.20800566310418434,0.00145818311958413,147.72381491441757,3.1892683793467427,0.003716876634101043
5.93,2.428466889781766,757.2589466809794,0.20801209035319912,0.0014536018938466056,147.72876345903376,3.1841117548521387,0.00371225644126552
5.9350000000000005,2.4297235378071593,757.2605206591444,0.20801848982834062,0.001449040428650313,147.73369206490392,3.1789662988621177,0.0037076401224850858
5.94,2.4309829599255015,757.262094620762,0.20802486166446602,0.0014444986278654862,147.73860081569686,3.173831975881214,0.003703027685241904
5.945,2.43224510642037,757.2636685037177,0.20803120599600292,0.0014399763956675726,147.74348979477656,3.168708750483538,0.0036984191369430594
5.95,2.4335099274677536,757.2652422458996,0.20803752295694813,0.0014354736365382163,147.74835908520168,3.163596587313497,0.003693814484920866
5.955,2.434777373138013,757.2668157852014,0.208043812680866,0.001430990255266321,147.75320876972484,3.158495451086546,0.0036892137364331707
5.96,2.436047393397859,757.2683890595242,0.20805007530088732,0.0014265261569489755,147.75803893079217,3.153405306589881,0.003684616898663659
5.965,2.437319938112321,757.2699620067796,0.20805631094970767,0.0014220812469924612,147.76284965054285,3.148326118683166,0.003680023978722158
5.97,2.4385949570467353,757.2715345648915,0.20806251975958637,0.001417655431113122,147.76764101080855,3.1432578522992047,0.0036754349836449454
5.9750000000000005,2.4398723998687193,757.2731066717988,0.20806870186234505,0.0014132486153383154,147.77241309311302,3.1382004724446424,0.0036708499203950526
5.98,2.4411522161501664,757.2746782654584,0.20807485738936654,0.0014088607060072313,147.77716597867163,3.133153944200615,0.0036662687958625745
5.985,2.4424343553692323,757.2762492838465,0.20808098647159357,0.001404491609771784,147.78189974839103,3.1281182327234265,0.00366169161686497
5.99,2.443718766912335,757.2778196649621,0.20808708923952768,0.0014001412335973799,147.7866144828687,3.1230933032451733,0.0036571183901473736
5.995,2.445005400076147,757.2793893468287,0.2080931658232281,0.0013958094847637574,147.79131026239278,3.1180791210744014,0.0036525491223829017
6.0,2.446294204069603,757.2809582674973,0.20809921635231066,0.0013914962708656989,147.7959871669416,3.1130756515967084,0.0036479838201729574
6.005,2.4475851280159016,757.2825263650489,0.20810524095594676,0.0013872014998138193,147.80064527618333,3.108082860275375,0.0036434224900475393
6.01,2.448878120954517,757.2840935775959,0.20811123976286242,0.0013829250798352262,147.805284669476,3.103100712651945,0.003638865138465549
6.015000000000001,2.4501731318432096,757.2856598432858,0.20811721290133717,0.0013786669194742567,147.809905425867,3.0981291743468358,0.003634311771815098
6.0200000000000005,2.451470109560042,757.287225100303,0.2081231604992032,0.0013744269275930887,147.8145076240929,3.093168211059896,0.003629762396413817
6.025,2.452769002905396,757.2887892868713,0.20812908268384459,0.001370205013372422,147.81909134257944,3.088217788570993,0.00362521701850916
6.03,2.454069760603998,757.2903523412567,0.20813497958219615,0.0013660010863120427,147.8236566594412,3.083277872740546,0.003620675644278716
6.035,2.4553723313069384,757.291914201769,0.2081408513207429,0.0013618150562314554,147.82820365248165,3.0783484295100942,0.003616138279830516
6.04,2.4566766635937047,757.2934748067652,0.2081466980255191,0.0013576468332703955,147.83273239919276,3.073429424902811,0.0036116049312033376
6.045,2.457982705974207,757.2950340946513,0.20815251982210756,0.001353496327889415,147.8372429767552,3.0685208250240463,0.003607075604367019
6.05,2.459290406890815,757.2965920038848,0.20815831683563887,0.0013493634508703457,147.84173546203806,3.0636225960618204,0.003602550305222761
6.055,2.4605997147203906,757.2981484729776,0.2081640891907908,0.0013452481133168347,147.846209931599,3.0587347042873456,0.00359802903960344
6.0600000000000005,2.4619105777763286,757.2997034404975,0.20816983701178748,0.0013411502266547635,147.85066646168414,3.0538571160554966,0.003593511813273911
6.065,2.463222944310594,757.3012568450717,0.20817556042239896,0.001337069702632737,147.85510512822808,3.0489897978053175,0.003588998631931322
6.07,2.4645367625157717,757.3028086253886,0.20818125954594052,0.001333006453322452,147.85952600685394,3.0441327160604654,0.003584489501205414
6.075,2.465851980527105,757.3043587202,0.20818693450527212,0.0013289603911191418,147.8639291728734,3.039285837429695,0.003579984426658837
6.08,2.4671685464245487,757.3059070683241,0.2081925854227979,0.0013249314287419013,147.86831470128695,3.0344491286072897,0.0035754834137874513
6.085,2.4684864082348157,757.3074536086476,0.20819821242046568,0.0013209194792340832,147.87268266678362,3.02962255637352,0.003570986468020638
6.09,2.469805513933431,757.3089982801283,0.20820381561976647,0.0013169244559635821,147.87703314374153,3.0248060875950564,0.003566493594721606
6.095,2.4711258114467856,757.310541021797,0.20820939514173403,0.0013129462726231822,147.88136620622774,3.0199996892254073,0.0035620047991877014
6.1000000000000005,2.4724472486541926,757.3120817727605,0.20821495110694455,0.0013089848432307994,147.88568192799863,3.015203328305311,0.00355752008665071
6.105,2.473769773389943,757.3136204722039,0.20822048363551618,0.0013050400821297884,147.8899803824999,3.0104169719631586,0.00355303946227717
6.11,2.47509333344537,757.3151570593924,0.20822599284710877,0.0013011119039891385,147.89426164286695,3.0056405874153604,0.003548562931168676
6.115,2.4764178765709057,757.3166914736746,0.2082314788609235,0.0012972002238037376,147.89852578192497,3.0008741419667517,0.003544090498362185
6.12,2.477743350478148,757.3182236544843,0.2082369417957026,0.0012933049568945292,147.9027728721893,2.996117603010943,0.0035396221688303252
6.125,2.4790697028419215,757.319753541343,0.2082423817697292,0.0012894260189087342,147.90700298586572,2.9913709380307028,0.0035351579474817004
6.13,2.4803968813023465,757.3212810738622,0.20824779890082695,0.0012855633258199654,147.91121619485062,2.9866341145982918,0.0035306978391611973
6.135,2.481724833466904,757.3228061917462,0.2082531933063599,0.001281716793928409,147.9154125707315,2.9819071003758264,0.0035262418486502914
6.140000000000001,2.4830535069125075,757.3243288347938,0.20825856510323246,0.0012778863398609,147.91959218478706,2.9771898631155933,0.0035217899806673503
6.1450000000000005,2.4843828491875684,757.3258489429015,0.20826391440788888,0.001274071880571065,147.92375510798783,2.9724823706603956,0.0035173422398679446
6.15,2.4857128078140707,757.3273664560652,0.20826924133631367,0.001270273333339356,147.92790141099638,2.9677845909438503,0.003512898630845146
6.155,2.4870433302896418,757.3288813143826,0.20827454600403103,0.0012664906157731537,147.93203116416774,2.963096491990714,0.0035084591581298376
6.16,2.488374364089626,757.3303934580558,0.20827982852610516,0.0012627236458067684,147.93614443754984,2.9584180419171644,0.0035040238261910134
6.165,2.4897058566691563,757.331902827394,0.20828508901713996,0.001258972341701499,147.9402413008839,2.953749208931108,0.0034995926394360876
6.17,2.491037755465232,757.333409362815,0.2082903275912792,0.0012552366220456015,147.94432182360498,2.9490899613324455,0.0034951656022111947
6.175,2.492370007898792,757.3349130048483,0.2082955443622064,0.0012515164057543089,147.94838607484226,2.9444402675133596,0.003490742718801494
6.18,2.4937025613767907,757.3364136941371,0.2083007394431451,0.0012478116120697629,147.95243412341975,2.9398000959585655,0.0034863239934314733
6.1850000000000005,2.4950353632942774,757.3379113714406,0.2083059129468586,0.0012441221605609977,147.95646603785661,2.9351694152455807,0.00348190943026525
6.19,2.4963683610364686,757.3394059776363,0.20831106498565036,0.0012404479711238402,147.9604818863679,2.9305481940449596,0.003477499033406877
6.195,2.4977015019808295,757.3408974537228,0.208316195671364,0.0012367889639808523,147.96448173686474,2.9259364011205466,0.0034730928069006384
6.2,2.4990347334991494,757.3423857408218,0.2083213051153834,0.0012331450596811994,147.9684656569553,2.9213340053296917,0.0034686907547313564
6.205,2.5003680029596214,757.34387078018,0.208326393428633,0.0012295161791005603,147.972433713945,2.9167409756234908,0.0034642928808246913
6.21,2.501701257728918,757.3453525131724,0.2083314607215778,0.0012259022434409595,147.97638597483743,2.912157281046986,0.00345989918904744
6.215,2.503034445174271,757.3468308813035,0.20833650710422377,0.0012223031742306452,147.98032250633466,2.9075828907393855,0.0034555096832078374
6.22,2.504367512665551,757.3483058262105,0.208341532686118,0.0012187188933238879,147.98424337483806,2.9030177739342524,0.0034511243670558574
6.2250000000000005,2.5057004075773412,757.3497772896652,0.20834653757634894,0.0012151493229008252,147.98814864644882,2.898461899959705,0.0034467432442835096
6.23,2.5070330772910183,757.3512452135762,0.20835152188354675,0.0012115943854672318,147.9920383869687,2.893915238238596,0.0034423663185251417
6.235,2.50836546919683,757.3527095399917,0.20835648571588358,0.0012080540038543284,147.99591266190058,2.8893777582886946,0.003437993593357734
6.24,2.50969753069597,757.3541702111011,0.20836142918107387,0.0012045281012185221,147.9997715364493,2.8848494297228435,0.0034336250723011976
6.245,2.5110292092026585,757.3556271692377,0.20836635238637474,0.001201016601041187,148.00361507552213,2.8803302222491403,0.003429260758818675
6.25,2.512360452146214,757.3570803568808,0.20837125543858634,0.001197519427128371,148.0074433437298,2.875820105671071,0.0034249006563168323
6.255,2.5136912069731325,757.3585297166585,0.2083761384440522,0.0011940365036105483,148.01125640538683,2.871319049887675,0.0034205447681461606
6.26,2.5150214211491595,757.359975191349,0.2083810015086598,0.001190567754942297,148.01505432451262,2.866827024893671,0.0034161930976012666
6.265000000000001,2.516351042161368,757.3614167238836,0.20838584473784078,0.0011871131059020196,148.01883716483204,2.862344000779601,0.0034118456479211696
6.2700000000000005,2.517680017520227,757.3628542573488,0.20839066823657162,0.0011836724815915988,148.0226049897762,2.8578699477319502,0.0034075024222895993
6.275,2.519008294761678,757.3642877349884,0.20839547210937392,0.0011802458074360827,148.02635786248322,2.8534048360332696,0.003403163423835284
6.28,2.5203358214492044,757.3657171002058,0.20840025646031501,0.0011768330091833147,148.0300958457991,2.8489486360622824,0.0033988286556322477
6.285,2.521662545175902,757.3671422965664,0.20840502139300843,0.0011734340129035948,148.03381900227845,2.8445013182939998,0.0033944981207001024
6.29,2.5229884135665475,757.3685632677995,0.20840976701061445,0.001170048744989279,148.03752739418536,2.8400628532998082,0.00339017182200434
6.295,2.52431337427967,757.3699799578009,0.20841449341584062,0.001166677132154416,148.04122108349418,2.8356332117475738,0.0033858497624566237
6.3,2.5256373750096124,757.3713923106347,0.2084192007109424,0.001163319101434319,148.04490013189042,2.8312123644017158,0.003381531944915079
6.305,2.5269603634886,757.372800270536,0.2084238889977236,0.0011599745801851777,148.04856460077153,2.8268002821232994,0.0033772183721845856
6.3100000000000005,2.528282287488802,757.3742037819126,0.20842855837753715,0.0011566434960836051,148.0522145512478,2.8223969358700947,0.0033729090470170633
6.315,2.5296030948243957,757.3756027893473,0.20843320895128564,0.0011533257771262244,148.05585004414337,2.81800229669666,0.003368603972111768
6.32,2.530922733353625,757.3769972376009,0.20843784081942193,0.001150021351629191,148.05947113999687,2.8136163357543857,0.003364303150115572
6.325,2.5322411509808607,757.3783870716129,0.2084424540819499,0.0011467301482277535,148.0630778990625,2.809239024291563,0.003360006583623256
6.33,2.5335582956586555,757.3797722365049,0.20844704883842494,0.0011434520958757562,148.06667038131087,2.8048703336534215,0.003355714275177798
6.335,2.5348741153898016,757.3811526775821,0.20845162518795493,0.0011401871238451743,148.07024864642992,2.8005102352821827,0.0033514262272706565
6.34,2.536188558229379,757.3825283403361,0.20845618322920065,0.0011369351617255934,148.07381275382596,2.796158700717086,0.003347142442342056
6.345,2.537501572286813,757.3838991704462,0.20846072306037666,0.0011336961394237217,148.07736276262443,2.791815701594431,0.0033428629227812766
6.3500000000000005,2.5388131057279164,757.3852651137821,0.20846524477925202,0.0011304699871628491,148.08089873167108,2.787481209647592,0.0033385876709269317
6.355,2.540123106776941,757.3866261164062,0.20846974848315097,0.0011272566354823374,148.08442071953263,2.7831551967070487,0.0033343166890672593
6.36,2.541431523718617,757.3879821245753,0.20847423426895384,0.0011240560152370562,148.08792878449805,2.77883763470039,0.0033300499794403984
6.365,2.5427383049002015,757.3893330847426,0.20847870223309764,0.0011208680575968528,148.09142298457934,2.7745284956523317,0.0033257875442346744
6.37,2.544043398733509,757.3906789435607,0.20848315247157698,0.0011176926940459687,148.09490337751265,2.7702277516847142,0.0033215293855888804
6.375,2.5453467536969576,757.3920196478826,0.20848758507994483,0.0011145298563824877,148.09837002075912,2.7659353750165043,0.0033172755055925584
6.38,2.5466483183375948,757.3933551447645,0.20849200015331346,0.0011113794767177339,148.10182297150604,2.761651337963784,0.003313025906286277
6.385,2.5479480412731346,757.3946853814679,0.20849639778635504,0.0011082414874756992,148.10526228666782,2.757375612939745,0.0033087805896619155
6.390000000000001,2.549245871193983,757.3960103054609,0.20850077807330275,0.0011051158213924227,148.108688022887,2.753108172454661,0.003304539557662936
6.3950000000000005,2.5505417568652673,757.3973298644214,0.20850514110795146,0.001102002411515399,148.1121002365353,2.7488489891158796,0.0033003028121846687
6.4,2.5518356471288532,757.3986440062386,0.20850948698365868,0.0010989011912029395,148.11549898371456,2.74459803562778,0.0032960703550745825
6.405,2.553127490905372,757.3999526790149,0.20851381579334544,0.0010958120941235612,148.11888432025805,2.740355284791753,0.0032918421881325648
6.41,2.5544172371962293,757.4012558310679,0.2085181276294972,0.001092735054255332,148.12225630173117,2.7361207095061535,0.0032876183131111962
6.415,2.5557048350856255,757.4025534109334,0.20852242258416478,0.001089670005885242,148.12561498343283,2.731894282766271,0.0032833987317160258
6.42,2.556990233742561,757.4038453673659,0.20852670074896518,0.0010866168836085308,148.12896042039637,2.727675977664269,0.003279183445605843
6.425,2.558273382422847,757.4051316493421,0.2085309622150827,0.0010835756223280418,148.13229266739063,2.72346576738915,0.003274972456392956
6.43,2.559554230471104,757.4064122060619,0.20853520707326967,0.0010805461572535348,148.13561177892103,2.719263625226684,0.003270765765643457
6.4350000000000005,2.5608327273227687,757.4076869869508,0.20853943541384762,0.0010775284239010223,148.13891780923083,2.7150695245593615,0.0032665633748774994
6.44,2.5621088225060826,757.4089559416619,0.20854364732670813,0.0010745223580920682,148.14221081230195,2.7108834388663223,0.003262365285569567
6.445,2.5633824656440916,757.4102190200778,0.20854784290131387,0.001071527895953107,148.14549084185632,2.70670534172329,0.0032581714991487434
6.45,2.5646536064566288,757.4114761723126,0.20855202222669947,0.0010685449739147271,148.14875795135677,2.702535206802496,0.0032539820169989815
6.455,2.565922194762306,757.4127273487143,0.20855618539147272,0.0010655735287109771,148.15201219400836,2.698373007872608,0.0032497968404593723
6.46,2.5671881804804872,757.4139724998657,0.2085603324838154,0.0010626134973786346,148.15525362275943,2.6942187187986417,0.0032456159708244125
6.465,2.5684515136332755,757.4152115765877,0.20856446359148445,0.0010596648172564965,148.15848229030263,2.6900723135418834,0.00324143940934427
6.47,2.5697121443474753,757.4164445299399,0.2085685788018129,0.0010567274259846355,148.1616982490761,2.6859337661597946,0.003237267157225052
6.4750000000000005,2.5709700228565726,757.4176713112238,0.20857267820171094,0.001053801261503676,148.1649015512648,2.681803050805923,0.0032330992156290672
6.48,2.5722250995026887,757.4188918719838,0.20857676187766694,0.001050886262054039,148.16809224880132,2.677680141729804,0.0032289355856750953
6.485,2.573477324738551,757.4201061640093,0.20858082991574864,0.0010479823661752035,148.17127039336725,2.6735650132768627,0.0032247762684386437
6.49,2.574726649129441,757.4213141393374,0.20858488240160408,0.001045089512704938,148.1744360363943,2.6694576398883036,0.003220621264952214
6.495,2.575973023355152,757.4225157502532,0.20858891942046273,0.0010422076407785523,148.17758922906538,2.6653579961010108,0.0032164705762055645
6.5,2.57721639821193,757.4237109492934,0.20859294105713652,0.0010393366898281155,148.18073002231588,2.6612660565474293,0.0032123242031459683
6.505,2.578456724614426,757.4248996892471,0.20859694739602105,0.0010364765995816954,148.18385846683478,2.6571817959554562,0.0032081821466784744
6.51,2.5796939535976207,757.426081923158,0.20860093852109665,0.001033627310062567,148.1869746130657,2.6531051891483166,0.0032040444076661687
6.515000000000001,2.5809280363187725,757.4272576043262,0.20860491451592936,0.0010307887615884383,148.19007851120833,2.6490362110444456,0.003199910986930429
6.5200000000000005,2.5821589240593315,757.4284266863103,0.20860887546367224,0.001027960894770651,148.19317021121938,2.644974836657363,0.003195781885251186
6.525,2.5833865682268757,757.4295891229286,0.20861282144706644,0.0010251436505133932,148.1962497628138,2.6409210410955426,0.003191657103367178
6.53,2.5846109203570173,757.4307448682619,0.20861675254844222,0.0010223369700128899,148.1993172154661,2.636874799562281,0.003187536641976205
6.535,2.585831932115329,757.431893876654,0.20862066884972022,0.0010195407947566075,148.20237261841137,2.632836087355566,0.0031834205017353874
6.54,2.5870495552992394,757.4330361027152,0.20862457043241253,0.0010167550665224339,148.2054160206466,2.628804879867934,0.003179308683261416
6.545,2.5882637418399477,757.4341715013222,0.20862845737762395,0.001013979727377872,148.2084474709318,2.6247811525863343,0.0031752011871308086
6.55,2.5894744438043102,757.4353000276218,0.20863232976605295,0.0010112147196792128,148.21146701779116,2.620764881091978,0.00317109801388016
6.555,2.5906816133967454,757.436421637031,0.20863618767799302,0.0010084599860707185,148.21447470951435,2.6167560410601998,0.0031669991640063937
6.5600000000000005,2.5918852029611075,757.4375362852398,0.20864003119333385,0.0010057154694837868,148.2174705941577,2.6127546082603006,0.0031629046379670124
6.565,2.5930851649825795,757.4386439282125,0.2086438603915623,0.001002981113136128,148.22045471954524,2.608760558555402,0.00315881443618035
6.57,2.59428145208954,757.4397445221897,0.2086476753517638,0.0010002568605309182,148.22342713327023,2.604773867902285,0.0031547285590258147
6.575,2.5954740170554436,757.4408380236898,0.20865147615262342,0.0009975426554559683,148.226387882696,2.6007945123512357,0.003150647006844143
6.58,2.5966628128006715,757.4419243895111,0.2086552628724272,0.0009948384419828729,148.22933701495745,2.596822468045882,0.0031465697799376415
6.585,2.5978477923944068,757.443003576733,0.20865903558906312,0.0009921441644661687,148.23227457696208,2.5928577112230347,0.003142496878570437
6.59,2.59902890905647,757.4440755427179,0.2086627943800225,0.0009894597675424775,148.2352006153913,2.5889002182125163,0.003138428302968719
6.595,2.600206116159184,757.445140245113,0.20866653932240117,0.0009867851961296579,148.2381151767016,2.5849499654369987,0.003134364053320985
6.6000000000000005,2.601379367229196,757.4461976418521,0.20867027049290063,0.0009841203954259403,148.24101830712576,2.5810069294118256,0.0031303041297782814
6.605,2.60254861594933,757.4472476911569,0.20867398796782924,0.0009814653109090745,148.2439100526741,2.5770710867448496,0.0031262485324544524
6.61,2.6037138161604,757.4482903515387,0.2086776918231036,0.000978819888335456,148.24679045913567,2.5731424141362442,0.003122197261426373
6.615,2.604874921863048,757.4493255818005,0.20868138213424967,0.0009761840737392682,148.2496595720795,2.569220888378338,0.003118150316734196
6.62,2.6060318872195425,757.4503533410381,0.2086850589764039,0.0009735578134316046,148.25251743685578,2.5653064863554262,0.003114107698381588
6.625,2.6071846665556073,757.4513735886417,0.20868872242431472,0.0009709410539996028,148.2553640985971,2.5613991850435953,0.0031100694063359714
6.63,2.608333214362206,757.4523862842982,0.20869237255234355,0.0009683337423055637,148.25819960221972,2.557498961510533,0.003106035440528759
6.635,2.6094774852973552,757.453391387992,0.20869600943446612,0.0009657358254860791,148.26102399242458,2.5536057929153473,0.0031020058008555933
6.640000000000001,2.6106174341879,757.4543888600072,0.2086996331442737,0.000963147250951146,148.26383731369884,2.549719656508373,0.0030979804871765814
6.6450000000000005,2.6117530160313107,757.4553786609284,0.2087032437549745,0.0009605679663832907,148.26663961031687,2.54584052963099,0.0030939594993165316
6.65,2.6128841859974474,757.4563607516433,0.20870684133939466,0.0009579979197366777,148.26943092634156,2.541968389715419,0.0030899428370651854
6.655,2.614010899430342,757.4573350933432,0.20871042596997968,0.0009554370592362281,148.27221130562552,2.5381032142845394,0.0030859305001774526
6.66,2.6151331118499486,757.4583016475254,0.20871399771879562,0.0009528853333767273,148.27498079181228,2.5342449809516854,0.003081922488373644
6.665,2.616250778953913,757.4592603759943,0.20871755665753042,0.0009503426909219375,148.27773942833755,2.5303936674204524,0.0030779188013397006
6.67,2.6173638566193067,757.4602112408627,0.2087211028574951,0.0009478090809037028,148.28048725843044,2.526549251484496,0.0030739194387274273
6.675,2.6184723009043855,757.461154204554,0.208724636389625,0.0009452844526210574,148.28322432511465,2.5227117110273314,0.0030699244001547205
6.68,2.619576068050308,757.4620892298027,0.20872815732448113,0.0009427687556393277,148.28595067120963,2.518881024022131,0.0030659336852057973
6.6850000000000005,2.6206751144828786,757.463016279657,0.20873166573225146,0.0009402619397892373,148.28866633933202,2.515057168531519,0.0030619472934314234
6.69,2.6217693968142513,757.4639353174796,0.20873516168275202,0.0009377639551660079,148.2913713718966,2.5112401227073677,0.0030579652243491427
6.695,2.622858871844661,757.4648463069489,0.20873864524542837,0.000935274752128459,148.29406581111766,2.507429864790587,0.0030539874774434977
6.7,2.623943496564111,757.4657492120609,0.2087421164893568,0.0009327942812981063,148.29674969901015,2.5036263731109165,0.003050014052166259
6.705,2.6250232281540877,757.4666439971309,0.20874557548324557,0.0009303224935582612,148.299423077391,2.4998296260867177,0.0030460449479366492
6.71,2.626098023989235,757.4675306267941,0.20874902229543624,0.0009278593400531262,148.30208598788013,2.4960396022247577,0.0030420801641415644
6.715,2.6271678416390536,757.4684090660077,0.20875245699390488,0.0009254047721868913,148.3047384719019,2.4922562801200003,0.003038119700135799
6.72,2.6282326388695587,757.4692792800518,0.20875587964626355,0.0009229587416228282,148.30738057068618,2.4884796384553884,0.0030341635552422644
6.7250000000000005,2.629292373644966,757.4701412345312,0.20875929031976123,0.0009205212002823854,148.31001232526953,2.4847096560016286,0.003030211728752211
6.73,2.630347004129332,757.4709948953765,0.2087626890812855,0.0009180921003442815,148.31263377649654,2.4809463116169774,0.00302626421992545
6.735,2.6313964886882246,757.4718402288455,0.20876607599736355,0.0009156713942435975,148.3152449650209,2.4771895842470184,0.0030223210279905688
6.74,2.6324407858903487,757.4726772015247,0.20876945113416356,0.0009132590346708685,148.31784593130664,2.473439452924445,0.003018382152145149
6.745,2.633479854509199,757.4735057803301,0.208772814557496,0.0009108549745711775,148.32043671562943,2.4696958967688407,0.003014447591555986
6.75,2.6345136535246723,757.4743259325094,0.20877616633281487,0.0009084591671432445,148.3230173580776,2.4659588949864553,0.003010517345359303
6.755,2.6355421421247014,757.4751376256422,0.20877950652521907,0.000906071565838519,148.32558789855355,2.462228426869985,0.003006591412660967
6.76,2.6365652797068515,757.4759408276425,0.20878283519945354,0.0009036921243602703,148.32814837677472,2.458504471798346,0.003002669792536702
6.765000000000001,2.6375830258799384,757.4767355067588,0.20878615241991072,0.0009013207966626782,148.33069883227498,2.45478700923645,0.0029987524840323033
6.7700000000000005,2.6385953404656077,757.4775216315765,0.20878945825063175,0.0008989575369499242,148.33323930440568,2.4510760187349807,0.0029948394861638505
6.775,2.639602183499937,757.4782991710179,0.20879275275530773,0.000896602299675281,148.33576983233687,2.4473714799301653,0.0029909307979179172
6.78,2.6406035152349965,757.4790680943445,0.20879603599728108,0.0008942550395402035,148.33829045505854,2.4436733725435476,0.002987026418251782
6.785,2.6415992961404373,757.4798283711577,0.2087993080395468,0.00089191571149342,148.34080121138174,2.4399816763817586,0.00298312634609364
6.79,2.642589486905032,757.4805799714003,0.20880256894475374,0.0008895842707300228,148.34330213993982,2.4362963713362893,0.0029792305803428088
6.795,2.643574048438246,757.4813228653571,0.2088058187752059,0.0008872606726905592,148.34579327918954,2.432617437383259,0.00297533911986994
6.8,2.6445529418717624,757.4820570236568,0.20880905759286372,0.0008849448730601236,148.34827466741228,2.4289448545831855,0.0029714519635172213
6.805,2.645526128561035,757.4827824172728,0.20881228545934538,0.0008826368277674483,148.3507463427152,2.4252786030807534,0.0029675691100985876
6.8100000000000005,2.646493570086796,757.4834990175244,0.20881550243592809,0.000880336492983997,148.3532083430325,2.4216186631045815,0.002963690558399923
6.815,2.647455228256589,757.4842067960778,0.20881870858354928,0.0008780438251230572,148.35566070612626,2.4179650149669913,0.002959816307179266
6.82,2.648411065106262,757.4849057249477,0.20882190396280806,0.0008757587808388337,148.35810346958806,2.414317639063772,0.0029559463551670144
6.825,2.649361042901481,757.4855957764977,0.20882508863396634,0.0008734813170255418,148.36053667083985,2.410676515873947,0.0029520807010661237
6.83,2.6503051241392033,757.4862769234419,0.20882826265695026,0.0008712113908165039,148.3629603471351,2.4070416259595397,0.0029482193435523135
6.835,2.6512432715491774,757.4869491388461,0.2088314260913513,0.0008689489595832431,148.3653745355601,2.4034129499653383,0.002944362281274265
6.84,2.652175448095394,757.4876123961282,0.2088345789964277,0.0008666939809345812,148.36777927303498,2.399790468618659,0.0029405095128538228
6.845,2.6531016169775667,757.4882666690601,0.20883772143110574,0.0008644464127157344,148.37017459631497,2.396174162729112,0.0029366610368861926
6.8500000000000005,2.654021741632569,757.488911931768,0.20884085345398087,0.0008622062130074125,148.37256054199136,2.3925640131883625,0.002932816851940138
6.855,2.654935785735893,757.489548158734,0.20884397512331918,0.0008599733401249181,148.37493714649284,2.388960000969896,0.0029289769565581836
6.86,2.655843713203067,757.4901753247967,0.20884708649705855,0.0008577477526172462,148.37730444608644,2.3853621071287785,0.0029251413492568023
6.865,2.6567454881910972,757.4907934051525,0.20885018763281,0.0008555294092661845,148.37966247687888,2.3817703128014207,0.002921310028526618
6.87,2.6576410750998667,757.4914023753565,0.20885327858785885,0.0008533182690854182,148.38201127481744,2.378184599205338,0.0029174829928325973
6.875,2.6585304385735564,757.4920022113231,0.20885635941916614,0.000851114291319631,148.38435087569127,2.3746049476389137,0.0029136602406142427
6.88,2.6594135435020245,757.4925928893275,0.2088594301833698,0.0008489174354436122,148.38668131513248,2.371031339481158,0.002909841770285787
6.885,2.6602903550222106,757.4931743860066,0.20886249093678594,0.0008467276611613603,148.38900262861716,2.367463756191473,0.0029060275802363826
6.890000000000001,2.661160838519493,757.4937466783595,0.20886554173541014,0.0008445449284051927,148.3913148514666,2.363902179309407,0.0029022176688302953
6.8950000000000005,2.662024959629075,757.4943097437487,0.20886858263491867,0.0008423691973348534,148.39361801884831,2.360346590454422,0.0028984120344070947
6.9,2.6628826842373217,757.494863559901,0.20887161369066976,0.0008402004283366233,148.3959121657772,2.356796971325649,0.00289461067528184
6.905,2.663733978483126,757.4954081049086,0.20887463495770492,0.000838038582022431,148.39819732711658,2.3532533037016488,0.002890813589745272
6.91,2.6645788087592277,757.4959433572293,0.20887764649075014,0.0008358836192289684,148.4004735375793,2.3497155694401735,0.002887020776063998
6.915,2.6654171417135566,757.496469295688,0.20888064834421716,0.000833735501016802,148.40274083172886,2.346183750477926,0.0028832322324806804
6.92,2.6662489442505324,757.4969858994774,0.2088836405722047,0.0008315941886694931,148.4049992439804,2.3426578288303177,0.0028794479572142218
6.925,2.6670741835323915,757.4974931481586,0.20888662322849982,0.0008294596436927117,148.407248808602,2.3391377865912304,0.0028756679484599505
6.93,2.66789282698046,757.4979910216622,0.208889596366579,0.0008273318278133604,148.40948955971544,2.3356236059327733,0.0028718922043898033
6.9350000000000005,2.668704842276463,757.4984795002888,0.2088925600396095,0.0008252107029786909,148.41172153129756,2.332115269105045,0.0028681207231525097
6.94,2.6695101973637807,757.49895856471,0.20889551430045056,0.0008230962313554331,148.41394475718107,2.328612758435892,0.0028643535028737756
6.945,2.6703088604487313,757.4994281959695,0.2088984592016547,0.0008209883753289134,148.41615927105582,2.325116056330667,0.002860590541656462
6.95,2.6711008000018084,757.4998883754828,0.2089013947954689,0.0008188870975021869,148.41836510646976,2.321625145271989,0.002856831837580767
6.955,2.671885984758946,757.5003390850392,0.20890432113383584,0.0008167923606951623,148.42056229682993,2.318140007819504,0.0028530773887044075
6.96,2.6726643837227306,757.5007803068016,0.20890723826839522,0.0008147041279437353,148.42275087540364,2.3146606266096406,0.002849327193062794
6.965,2.6734359661636473,757.5012120233076,0.20891014625048476,0.000812622362498918,148.4249308753194,2.311186984355375,0.002845581248669215
6.97,2.6742007016212717,757.5016342174703,0.2089130451311418,0.0008105470278259766,148.42710232956804,2.3077190638459864,0.0028418395535150065
6.9750000000000005,2.6749585599054932,757.5020468725786,0.20891593496110417,0.0008084780876035634,148.42926527100366,2.3042568479468173,0.0028381021055697356
6.98,2.675709511097685,757.5024499722983,0.20891881579081162,0.0008064155057228616,148.4314197323447,2.3008003195990363,0.002834368902781373
6.985,2.676453525551909,757.5028435006726,0.20892168767040695,0.0008043592462867181,148.43356574617496,2.2973494618193944,0.0028306399430764674
6.99,2.677190573896062,757.5032274421224,0.20892455064973728,0.0008023092736087929,148.4357033449446,2.2939042576999866,0.00282691522436032
6.995,2.677920627033059,757.5036017814473,0.20892740477835525,0.0008002655522126986,148.4378325609712,2.2904646904080126,0.0028231947445171587
7.0,2.6786436561419595,757.5039665038263,0.20893025010552022,0.0007982280468311513,148.4399534264406,2.287030743185537,0.002819478501410309
7.005,2.6793596326791254,757.5043215948181,0.20893308668019944,0.0007961967224051156,148.44206597340815,2.2836023993492485,0.0028157664928823672
7.01,2.6800685283793295,757.5046670403615,0.20893591455106936,0.0007941715440829601,148.44417023379953,2.280179642290224,0.0028120587167553683
7.015000000000001,2.6807703152568907,757.5050028267767,0.20893873376651675,0.0007921524772196061,148.44626623941173,2.276762455473687,0.0028083551708309594
7.0200000000000005,2.6814649656067573,757.505328940765,0.20894154437463996,0.0007901394873756889,148.44835402191416,2.27335082243877,0.0028046558528905664
7.025,2.682152452005624,757.50564536941,0.20894434642324997,0.0007881325403167092,148.45043361284954,2.2699447267982764,0.0028009607606955633
7.03,2.68283274731299,757.5059521001776,0.20894713995987177,0.0007861316020121996,148.4525050436349,2.2665441522384415,0.002797269891987439
7.035,2.6835058246722556,757.506249120917,0.20894992503174545,0.0007841366386348814,148.45456834556242,2.263149082518696,0.0027935832444879643
7.04,2.684171657511759,757.5065364198607,0.20895270168582747,0.0007821476165598352,148.45662354980064,2.259759501471427,0.002789900815899357
7.045,2.684830219545847,757.5068139856251,0.20895546996879166,0.0007801645023636626,148.45867068739528,2.256375393001742,0.002786222603904449
7.05,2.685481484775892,757.5070818072113,0.20895822992703064,0.000778187262823661,148.46070978927014,2.252996741087232,0.002782548606166849
7.055,2.686125427491339,757.5073398740053,0.20896098160665677,0.000776215864916991,148.46274088622812,2.2496235297777347,0.0027788788203311054
7.0600000000000005,2.6867620222706985,757.507588175778,0.20896372505350352,0.0007742502758198552,148.46476400895213,2.2462557431950976,0.0027752132440228687
7.065,2.687391243982574,757.5078267026865,0.2089664603131265,0.0007722904629066712,148.46677918800606,2.242893365532945,0.002771551874849058
7.07,2.68801306778663,757.508055445274,0.20896918743080467,0.0007703363937492548,148.4687864538357,2.239536381056438,0.0027678947103980146
7.075,2.6886274691345964,757.5082743944696,0.20897190645154154,0.0007683880361159973,148.47078583676958,2.236184774102045,0.0027642417482396683
7.08,2.689234423771215,757.5084835415901,0.20897461742006632,0.0007664453579710552,148.47277736701997,2.232838529077303,0.002760592985925694
7.085,2.6898339077352187,757.5086828783387,0.20897732038083494,0.0007645083274735319,148.47476107468384,2.229497630460584,0.002756948420989671
7.09,2.690425897360256,757.5088723968067,0.20898001537803143,0.0007625769129766721,148.47673698974367,2.2261620628008645,0.002753308050947242
7.095,2.6910103692758485,757.5090520894731,0.20898270245556894,0.0007606510830270484,148.47870514206838,2.2228318107174867,0.0027496718732962677
7.1000000000000005,2.6915873004082886,757.5092219492051,0.20898538165709088,0.0007587308063637612,148.48066556141424,2.2195068588999303,0.0027460398855169857
7.105,2.692156667981574,757.509381969258,0.20898805302597206,0.0007568160519176317,148.4826182774257,2.2161871921075793,0.002742412085072167
7.11,2.692718449518285,757.5095321432765,0.2089907166053199,0.0007549067888104044,148.48456331963638,2.212872795169489,0.002738788469407266
7.115,2.6932726228404955,757.5096724652935,0.2089933724379755,0.0007530029863539463,148.48650071746988,2.209563652984153,0.00273516903595058
7.12,2.6938191660706226,757.5098029297318,0.20899602056651473,0.0007511046140494561,148.48843050024064,2.206259750519277,0.0027315537821133995
7.125,2.694358057632317,757.5099235314032,0.20899866103324952,0.0007492116415866665,148.4903526971549,2.202961072811542,0.002727942705290161
7.13,2.6948892762512884,757.5100342655093,0.2090012938802288,0.0007473240388430599,148.49226733731138,2.199667604966381,0.002724335802858601
7.135,2.6954128009561713,757.5101351276414,0.20900391914923971,0.0007454417758830757,148.49417444970234,2.1963793321577434,0.0027207330721799026
7.140000000000001,2.6959286110793284,757.5102261137812,0.2090065368818087,0.0007435648229573307,148.49607406321428,2.1930962396278706,0.0027171345105988505
7.1450000000000005,2.696436686257689,757.5103072203003,0.20900914711920268,0.0007416931505018335,148.49796620662886,2.1898183126870667,0.0027135401154439794
7.15,2.696937006433532,757.5103784439606,0.20901174990243004,0.0007398267291372084,148.49985090862367,2.186545536713468,0.0027099498840277205
7.155,2.697429551855298,757.5104397819147,0.20901434527224189,0.0007379655296679145,148.50172819777313,2.183277897152818,0.002706363813646552
7.16,2.697914303078349,757.5104912317055,0.20901693326913298,0.0007361095230814777,148.50359810254932,2.1800153795182404,0.002702781901581144
7.165,2.698391240965756,757.5105327912669,0.20901951393334298,0.0007342586805477138,148.50546065132272,2.176757969390012,0.002699204145096509
7.17,2.698860346689035,757.5105644589233,0.20902208730485744,0.0007324129734179648,148.50731587236314,2.173505652415338,0.0026956305414421442
7.175,2.699321601728911,757.5105862333903,0.20902465342340898,0.0007305723732243291,148.50916379384037,2.1702584143081265,0.0026920610878521777
7.18,2.699774987876026,757.510598113774,0.20902721232847826,0.0007287368516789027,148.51100444382513,2.1670162408487634,0.002688495781545513
7.1850000000000005,2.700220487231682,757.5106000995718,0.20902976405929521,0.0007269063806730135,148.51283785028977,2.1637791178838883,0.0026849346197259727
7.19,2.700658082208524,757.5105921906716,0.20903230865484,0.0007250809322764708,148.51466404110914,2.1605470313261743,0.0026813775995824427
7.195,2.7010877555312582,757.5105743873529,0.20903484615384404,0.0007232604787368024,148.51648304406132,2.1573199671541,0.002677824718289012
7.2,2.7015094902373087,757.5105466902858,0.20903737659479135,0.0007214449924785097,148.5182948868284,2.154097911411732,0.002674275973005115
7.205,2.7019232696775144,757.5105091005313,0.2090399000159193,0.0007196344461023127,148.52009959699723,2.150880850208499,0.002670731360875674
7.21,2.7023290775167585,757.5104616195415,0.20904241645521981,0.0007178288123844082,148.52189720206027,2.147668769718975,0.0026671908790312365
7.215,2.7027268977346397,757.5104042491594,0.20904492595044044,0.0007160280642757207,148.52368772941628,2.144461656182657,0.002663654524588117
7.22,2.7031167146260797,757.5103369916184,0.20904742853908542,0.0007142321749011668,148.52547120637104,2.1412594959037436,0.002660122294648534
7.2250000000000005,2.703498512801969,757.5102598495431,0.20904992425841665,0.0007124411175589107,148.52724766013827,2.1380622752509195,0.0026565941863007495
7.23,2.703872277189748,757.5101728259485,0.20905241314545484,0.0007106548657196359,148.52901711784014,2.134869980657135,0.0026530701966192053
7.235,2.7042379930340275,757.5100759242403,0.20905489523698043,0.0007088733930258035,148.53077960650813,2.131682598619387,0.00264955032266466
7.24,2.704595645897147,757.5099691482139,0.20905737056953475,0.0007070966732909303,148.5325351530838,2.128500115698504,0.0026460345614843224
7.245,2.7049452216597687,757.5098525020558,0.20905983917942106,0.0007053246804988547,148.53428378441944,2.1253225185189275,0.002642522910111992
7.25,2.7052867065214103,757.509725990342,0.2090623011027054,0.0007035573888030174,148.53602552727875,2.122149793768498,0.0026390153655681875
7.255,2.705620087001015,757.5095896180385,0.20906475637521793,0.0007017947725257343,148.5377604083377,2.1189819281982376,0.0026355119248602852
7.26,2.705945349937459,757.5094433905011,0.2090672050325536,0.0007000368061574825,148.5394884541851,2.115818908622138,0.00263201258498265
7.265000000000001,2.7062624824900947,757.509287313475,0.20906964711007348,0.0006982834643561778,148.5412096913234,2.112660721916942,0.002628517342916767
7.2700000000000005,2.7065714721392355,757.5091213930948,0.20907208264290558,0.0006965347219464684,148.54292414616924,2.1095073550219374,0.0026250261956313765
7.275,2.7068723066866713,757.5089456358837,0.20907451166594593,0.0006947905539190153,148.5446318450543,2.106358794938735,0.0026215391400826013
7.28,2.7071649742561283,757.5087600487542,0.20907693421385962,0.000693050935429792,148.54633281422596,2.1032150287310643,0.0026180561732140795
7.285,2.7074494632937616,757.508564639007,0.20907935032108174,0.000691315841799372,148.54802707984786,2.1000760435245573,0.0026145772919570934
7.29,2.7077257625685855,757.5083594143312,0.20908176002181847,0.0006895852485122322,148.5497146680006,2.0969418265065416,0.002611102493230698
7.295,2.707993861172944,757.5081443828035,0.20908416335004795,0.0006878591312160469,148.55139560468254,2.0938123649258262,0.002607631773941852
7.3,2.708253748522914,757.5079195528884,0.20908656033952142,0.0006861374657209958,148.5530699158103,2.0906876460924955,0.0026041651309855417
7.305,2.70850541435875,757.5076849334379,0.2090889510237641,0.000684420227999064,148.55473762721957,2.087567657377698,0.0026007025612449107
7.3100000000000005,2.708748848745264,757.5074405336904,0.2090913354360762,0.0006827073941833549,148.55639876466552,2.084452386213439,0.0025972440615913846
7.315,2.7089840420722404,757.5071863632714,0.20909371360953397,0.0006809989405673965,148.55805335382368,2.081341820092375,0.002593789628884801
7.32,2.709210985054794,757.5069224321923,0.20909608557699058,0.0006792948436044591,148.5597014202905,2.078235946567604,0.0025903392599735285
7.325,2.7094296687337596,757.5066487508501,0.2090984513710772,0.0006775950799068659,148.56134298958392,2.0751347532524607,0.0025868929516945946
7.33,2.7096400844760207,757.5063653300276,0.20910081102420386,0.000675899626245318,148.56297808714405,2.0720382278203107,0.0025834507008738097
7.335,2.7098422239748756,757.5060721808924,0.20910316456856054,0.0006742084595482095,148.5646067383337,2.068946358004346,0.002580012504325889
7.34,2.7100360792503406,757.5057693149965,0.209105512036118,0.0006725215569009578,148.56622896843916,2.0658591315973824,0.0025765783588545758
7.345,2.7102216426494894,757.5054567442762,0.20910785345862884,0.0006708388955453238,148.56784480267066,2.0627765364516515,0.0025731482612527637
7.3500000000000005,2.710398906846731,757.5051344810513,0.20911018886762844,0.0006691604528787471,148.569454266163,2.059698560478603,0.002569722208302617
7.355,2.7105678648441236,757.5048025380246,0.20911251829443592,0.0006674862064536739,148.57105738397624,2.056625191648701,0.002566300196775692
7.36,2.7107285099716254,757.5044609282816,0.20911484177015496,0.0006658161339768945,148.57265418109606,2.0535564179912194,0.0025628822234330575
7.365,2.7108808358873837,757.5041096652899,0.20911715932567498,0.0006641502133088769,148.57424468243468,2.0504922275940447,0.0025594682850254118
7.37,2.71102483657796,757.5037487628989,0.2091194709916719,0.0006624884224631115,148.57582891283113,2.0474326086034758,0.002556058378293203
7.375,2.7111605063585924,757.5033782353388,0.2091217767986092,0.0006608307396054483,148.5774068970519,2.0443775492240213,0.00255265249996675
7.38,2.7112878398733953,757.5029980972201,0.20912407677673864,0.0006591771430534471,148.57897865979166,2.0413270377182053,0.0025492506467663543
7.385,2.711406832095595,757.5026083635337,0.2091263709561015,0.0006575276112757198,148.58054422567363,2.038281062406364,0.0025458528154024217
7.390000000000001,2.7115174783277034,757.5022090496493,0.2091286593665293,0.0006558821228912858,148.58210361925018,2.0352396116664533,0.002542459002575575
7.3950000000000005,2.7116197742017305,757.5018001713157,0.20913094203764473,0.0006542406566689205,148.58365686500343,2.032202673933849,0.002539069204976775
7.4,2.7117137156793287,757.5013817446594,0.20913321899886267,0.000652603191526514,148.58520398734584,2.0291702377011505,0.0025356834192874268
7.405,2.7117992990519793,757.5009537861848,0.20913549027939105,0.0006509697065304253,148.58674501062058,2.026142291517986,0.002532301642179504
7.41,2.711876520941113,757.5005163127728,0.2091377559082317,0.0006493401808948468,148.58827995910215,2.0231188239908184,0.0025289238703156557
7.415,2.711945378298269,757.5000693416805,0.2091400159141814,0.000647714593981163,148.5898088569969,2.0200998237827497,0.002525550100349323
7.42,2.7120058684051904,757.4996128905404,0.20914227032583269,0.00064609292529732,148.59133172844366,2.017085279613328,0.0025221803289248498
7.425,2.7120579888739553,757.4991469773599,0.20914451917157478,0.0006444751544971893,148.592848597514,2.014075180258354,0.002518814552677597
7.43,2.7121017376470467,757.4986716205206,0.20914676247959446,0.0006428612613799421,148.59435948821294,2.0110695145496913,0.0025154527682340524
7.4350000000000005,2.71213711299746,757.4981868387767,0.20914900027787703,0.000641251225889418,148.59586442447943,2.0080682713750693,0.0025120949722119406
7.44,2.7121641135287446,757.497692651256,0.20915123259420712,0.0006396450281135058,148.59736343018682,2.0050714396778986,0.0025087411612203375
7.445,2.712182738175085,757.4971890774573,0.20915345945616964,0.0006380426482835143,148.5988565291433,2.002079008457076,0.0025053913318597745
7.45,2.712192986201316,757.496676137251,0.2091556808911507,0.0006364440667735595,148.60034374509237,1.9990909667667973,0.0025020454807223517
7.455,2.7121948572029804,757.4961538508775,0.2091578969263383,0.0006348492640999405,148.6018251017136,1.9961073037163664,0.0024987036043918453
7.46,2.7121883511063167,757.4956222389468,0.2091601075887235,0.0006332582209205309,148.60330062262256,1.993128008470008,0.002495365699443814
7.465,2.7121734681682885,757.4950813224376,0.20916231290510107,0.0006316709180341606,148.60477033137192,1.9901530702466792,0.002492031762445709
7.47,2.712150208976548,757.4945311226963,0.2091645129020704,0.0006300873363800101,148.6062342514514,1.9871824783198833,0.0024887017899569786
7.4750000000000005,2.7121185744494403,757.4939716614366,0.20916670760603648,0.0006285074570369982,148.60769240628855,1.9842162220174804,0.0024853757785291758
7.48,2.712078565835939,757.493402960738,0.20916889704321062,0.0006269312612231819,148.609144819249,1.981254290721506,0.002482053724706064
7.485,2.7120301847156254,757.4928250430454,0.20917108123961145,0.0006253587302951469,148.610591513637,1.9782966738679817,0.0024787356250237217
7.49,2.7119734329985974,757.4922379311682,0.2091732602210657,0.0006237898457474125,148.6120325126959,1.975343360946731,0.0024754214760106465
7.495,2.711908312925423,757.4916416482794,0.20917543401320893,0.0006222245892118282,148.6134678396085,1.9723943415011966,0.0024721112741878594
7.5,2.7118348270670243,757.491036217914,0.20917760264148674,0.0006206629424569819,148.61489751749755,1.9694496051282566,0.0024688050160690095
7.505,2.7117529783246006,757.4904216639693,0.20917976613115521,0.0006191048873876016,148.61632156942616,1.9665091414780396,0.0024655026981604752
7.51,2.7116627699294904,757.489798010703,0.209181924507282,0.0006175504060439676,148.6177400183981,1.9635729402537447,0.002462204316961467
7.515000000000001,2.7115642054430693,757.4891652827326,0.2091840777947472,0.0006159994806013185,148.61915288735847,1.9606409912114577,0.00245890986896413
7.5200000000000005,2.711457288756582,757.4885235050344,0.20918622601824402,0.0006144520933692697,148.6205601991938,1.9577132841599731,0.002455619350653644
7.525,2.711342024091017,757.4878727029425,0.20918836920227965,0.000612908226791222,148.6219619767327,1.954789808960609,0.0024523327585083267
7.53,2.711218415996911,757.4872129021477,0.20919050737117623,0.000611367863443784,148.62335824274615,1.9518705555270306,0.0024490500889997294
7.535,2.711086469354197,757.4865441286966,0.20919264054907155,0.0006098309860361874,148.62474901994793,1.9489555138250683,0.00244577133859274
7.54,2.7109461893719877,757.4858664089907,0.20919476875991996,0.0006082975774097123,148.62613433099497,1.9460446738725412,0.002442496503745682
7.545,2.7107975815883916,757.485179769785,0.20919689202749317,0.0006067676205371065,148.62751419848777,1.9431380257390767,0.002439225580910411
7.55,2.7106406518702704,757.4844842381873,0.209199010375381,0.0006052410985220156,148.62888864497077,1.9402355595459337,0.0024359585665324145
7.555,2.7104754064130354,757.4837798416569,0.20920112382699227,0.0006037179945984067,148.63025769293267,1.9373372654658254,0.002432695457050909
7.5600000000000005,2.7103018517403727,757.4830666080035,0.20920323240555563,0.0006021982921300022,148.6316213648069,1.934443133722742,0.002429436248898936
7.565,2.710119994704016,757.4823445653865,0.20920533613412035,0.0006006819746097085,148.6329796829719,1.9315531545917757,0.00242618093850346
7.57,2.7099298424834473,757.4816137423132,0.20920743503555708,0.0005991690256590531,148.63433266975144,1.928667318398944,0.0024229295222854626
7.575,2.70973140258564,757.4808741676385,0.20920952913255872,0.0005976594290276171,148.63568034741513,1.9257856155210145,0.002419681996660039
7.58,2.709524682844737,757.4801258705627,0.20921161844764125,0.0005961531685924776,148.63702273817862,1.9229080363853313,0.0024164383580364923
7.585,2.7093096914217667,757.4793688806317,0.20921370300314443,0.000594650228357644,148.638359864204,1.9200345714696405,0.002413198602818428
7.59,2.709086436804297,757.4786032277344,0.20921578282123265,0.0005931505924535035,148.6396917476002,1.9171652113019169,0.0024099627274038484
7.595,2.7088549278061227,757.4778289421026,0.20921785792389574,0.000591654245136262,148.6410184104232,1.9142999464601909,0.0024067307281852445
7.6000000000000005,2.708615173566894,757.4770460543095,0.2092199283329498,0.000590161170787393,148.64233987467637,1.9114387675723756,0.002403502601549689
7.605,2.7083671835517826,757.4762545952683,0.20922199407003786,0.0005886713539130838,148.6436561623109,1.9085816653160963,0.0024002783438789315
7.61,2.7081109675510793,757.4754545962309,0.20922405515663078,0.0005871847791436868,148.644967295226,1.905728630418517,0.002397057951549485
7.615,2.707846535679835,757.4746460887869,0.20922611161402807,0.0005857014312331693,148.6462732952693,1.902879653656171,0.0023938414209327213
7.62,2.707573898377435,757.4738291048627,0.20922816346335846,0.0005842212950585702,148.64757418423716,1.9000347258547894,0.0023906287483949603
7.625,2.7072930664072143,757.4730036767194,0.20923021072558096,0.0005827443556194526,148.6488699838749,1.8971938378891315,0.0023874199302975603
7.63,2.707004050856004,757.472169836952,0.20923225342148538,0.0005812705980373638,148.65016071587712,1.8943569806828162,0.002384214962997007
7.635,2.7067068631337206,757.4713276184885,0.20923429157169332,0.0005798000075552923,148.65144640188805,1.891524145208151,0.002381013842845005
7.640000000000001,2.7064015149728924,757.4704770545878,0.20923632519665883,0.0005783325695371314,148.65272706350177,1.888695322485965,0.0023778165661885627
7.6450000000000005,2.706088018428218,757.4696181788387,0.2092383543166691,0.0005768682694671394,148.6540027222626,1.8858705035854406,0.0023746231293700856
7.65,2.705766385876067,757.4687510251589,0.2092403789518454,0.0005754070929494069,148.6552733996652,1.8830496796239449,0.0023714335287274594
7.655,2.705436630014018,757.4678756277932,0.2092423991221438,0.0005739490257073204,148.65653911715498,1.8802328417668632,0.002368247760594139
7.66,2.7050987638603283,757.4669920213124,0.20924441484735573,0.000572494053583034,148.65779989612838,1.877419981227432,0.0023650658212992356
7.665,2.7047528007534494,757.466100240612,0.20924642614710912,0.000571042162536935,148.65905575793306,1.8746110892665726,0.002361887707167604
7.67,2.704398754351472,757.4652003209106,0.20924843304086874,0.0005695933386471198,148.66030672386825,1.8718061571927256,0.002358713414519926
7.675,2.704036638631612,757.4642922977484,0.20925043554793726,0.0005681475681088635,148.66155281518493,1.8690051763616842,0.0023555429396727966
7.68,2.7036664678896374,757.4633762069864,0.20925243368745589,0.0005667048372340981,148.6627940530861,1.866208138176431,0.0023523762789388098
7.6850000000000005,2.7032882567393255,757.4624520848041,0.20925442747840503,0.0005652651324508855,148.66403045872707,1.863415034086971,0.002349213428626642
7.69,2.702902020111861,757.4615199676991,0.20925641693960523,0.0005638284403028997,148.66526205321566,1.8606258555901705,0.0023460543850411368
7.695,2.7025077732552734,757.4605798924846,0.2092584020897178,0.0005623947474489027,148.66648885761245,1.8578405942295892,0.002342899144483387
7.7,2.702105531733809,757.4596318962887,0.20926038294724553,0.0005609640406622292,148.667710892931,1.8550592415953204,0.0023397477032508184
7.705,2.7016953114273417,757.4586760165524,0.2092623595305335,0.0005595363068302665,148.66892818013818,1.8522817893238253,0.0023366000576372716
7.71,2.7012771285307196,757.457712291029,0.20926433185776977,0.0005581115329539424,148.6701407401542,1.8495082290977716,0.002333456203933085
7.715,2.700850999553153,757.4567407577814,0.20926629994698617,0.0005566897061472075,148.67134859385305,1.8467385526458708,0.0023303161384251765
7.72,2.700416941317537,757.4557614551816,0.209268263816059,0.0005552708136365263,148.67255176206257,1.843972751742717,0.0023271798573971233
7.7250000000000005,2.699974970959812,757.4547744219084,0.2092702234827097,0.0005538548427603625,148.67375026556468,1.8412108182086224,0.002324047357129242
7.73,2.699525105928262,757.4537796969465,0.2092721789645057,0.0005524417809686743,148.67494412509575,1.8384527439094611,0.002320918633898672
7.735,2.6990673639828504,757.4527773195847,0.20927413027886108,0.0005510316158224008,148.6761333613465,1.8356985207565029,0.0023177936839794524
7.74,2.698601763194495,757.4517673294143,0.20927607744303722,0.0005496243349929603,148.67731799496255,1.832948140706256,0.0023146725036425997
7.745,2.6981283219443797,757.4507497663277,0.20927802047414376,0.0005482199262617413,148.67849804654435,1.8302015957603053,0.002311555089156191
7.75,2.697647058923202,757.4497246705164,0.20927995938913901,0.0005468183775196018,148.67967353664747,1.8274588779651537,0.0023084414367854386
7.755,2.6971579931304617,757.44869208247,0.20928189420483095,0.000545419676766364,148.68084448578287,1.824719979412061,0.0023053315427927707
7.76,2.696661143873686,757.4476520429741,0.2092838249378777,0.0005440238121103158,148.68201091441694,1.8219848922368855,0.0023022254034379052
7.765000000000001,2.696156530767692,757.4466045931093,0.2092857516047884,0.0005426307717677083,148.68317284297174,1.819253608619925,0.00229912301497793
7.7700000000000005,2.6956441737337857,757.4455497742489,0.20928767422192393,0.0005412405440622614,148.68433029182523,1.8165261207857581,0.0022960243736673785
7.775,2.695124092999004,757.4444876280573,0.2092895928054975,0.0005398531174246613,148.6854832813114,1.8138024210030856,0.0022929294757583047
7.78,2.6945963090952874,757.4434181964891,0.20929150737157545,0.0005384684803920697,148.68663183172043,1.8110825015845722,0.0022898383175003595
7.785,2.694060842858697,757.4423415217865,0.20929341793607795,0.0005370866216076254,148.6877759632988,1.808366354886689,0.0022867508951408657
7.79,2.6935177154285657,757.4412576464783,0.20929532451477967,0.0005357075298199538,148.68891569624967,1.805653973309556,0.002283667204924893
7.795,2.6929669482466903,757.440166613378,0.2092972271233105,0.0005343311938826722,148.69005105073273,1.8029453492967846,0.002280587243095332
7.8,2.6924085630564574,757.4390684655817,0.20929912577715626,0.0005329576027539013,148.69118204686464,1.8002404753353212,0.002277511005892969
7.805000000000001,2.6918425819020118,757.4379632464673,0.20930102049165944,0.0005315867454957728,148.692308704719,1.797539343955288,0.002274438489556557
7.8100000000000005,2.691269027127362,757.4368509996921,0.20930291128201975,0.000530218611273944,148.69343104432656,1.7948419477298314,0.002271369690322891
7.815,2.6906879213755195,757.4357317691909,0.20930479816329503,0.0005288531893571066,148.69454908567533,1.7921482792749603,0.0022683046044268797
7.82,2.690099287587585,757.4346055991748,0.2093066811504018,0.0005274904691165038,148.6956628487108,1.7894583312493932,0.0022652432281016176
7.825,2.689503149001863,757.4334725341296,0.20930856025811595,0.0005261304400254423,148.696772353336,1.7867720963544012,0.002262185557578457
7.83,2.688899529152923,757.432332618813,0.2093104355010735,0.0005247730916588103,148.69787761941166,1.7840895673336532,0.0022591315890870766
7.835,2.6882884518706933,757.4311858982542,0.2093123068937713,0.0005234184136925925,148.69897866675632,1.7814107369730596,0.0022560813188555588
7.84,2.6876699412794967,757.4300324177509,0.20931417445056763,0.0005220663959033899,148.7000755151465,1.7787355981006183,0.0022530347431104518
7.845,2.68704402179712,757.4288722228683,0.20931603818568295,0.0005207170281679369,148.70116818431683,1.7760641435862579,0.0022499918580768464
7.8500000000000005,2.68641071813383,757.427705359437,0.20931789811320056,0.0005193703004626229,148.7022566939601,1.7733963663416838,0.00224695265997844
7.855,2.6857700552914183,757.4265318735512,0.20931975424706736,0.0005180262028630123,148.70334106372735,1.7707322593202257,0.002243917145037612
7.86,2.6851220585621927,757.4253518115668,0.2093216066010944,0.0005166847255433668,148.70442131322818,1.768071815516679,0.002240885309475486
7.865,2.684466753528001,757.4241652200996,0.20932345518895765,0.0005153458587761676,148.70549746203068,1.7654150279671534,0.0022378571495120015
7.87,2.6838041660591982,757.4229721460239,0.20932530002419866,0.0005140095929316409,148.7065695296615,1.7627618897489183,0.0022348326613659823
7.875,2.683134322313649,757.4217726364698,0.20932714112022532,0.0005126759184772801,148.70763753560615,1.760112393980248,0.0022318118412552024
7.88,2.682457248735671,757.4205667388221,0.20932897849031235,0.0005113448259773739,148.70870149930894,1.7574665338202693,0.0022287946853964524
7.885,2.6817729720550143,757.419354500718,0.2093308121476021,0.0005100163060925306,148.70976144017314,1.7548243024688064,0.002225781190005608
7.890000000000001,2.681081519285783,757.4181359700452,0.20933264210510527,0.0005086903495792077,148.71081737756103,1.7521856931662274,0.0022227713512976946
7.8950000000000005,2.680382917725392,757.4169111949404,0.2093344683757015,0.0005073669472892382,148.71186933079403,1.7495506991932934,0.002219765165486956
7.9,2.6796771949534666,757.415680223787,0.20933629097214002,0.0005060460901693607,148.71291731915278,1.7469193138710017,0.002216762628786915
7.905,2.6789643788307753,757.4144431052133,0.20933810990704044,0.0005047277692607483,148.71396136187727,1.7442915305604343,0.002213763737410442
7.91,2.6782444974981097,757.4131998880905,0.2093399251928933,0.0005034119756985401,148.71500147816676,1.7416673426626053,0.0022107684875698175
7.915,2.6775175793751926,757.4119506215311,0.20934173684206073,0.0005020987007113718,148.7160376871801,1.739046743618307,0.002207776875476798
7.92,2.676783653159538,757.4106953548863,0.20934354486677728,0.0005007879356209086,148.71707000803556,1.736429726907958,0.002204788897342679
7.925,2.6760427478253357,757.4094341377449,0.20934534927915044,0.0004994796718413771,148.71809845981113,1.7338162860514497,0.002201804549378357
7.930000000000001,2.6752948926222886,757.4081670199306,0.2093471500911613,0.0004981739008790994,148.71912306154442,1.731206414607993,0.0021988238277943946
7.9350000000000005,2.67454011707448,757.4068940515004,0.20934894731466533,0.0004968706143320274,148.7201438322328,1.7286001061759686,0.0021958467288010824
7.94,2.673778450979183,757.4056152827427,0.20935074096139292,0.0004955698038892774,148.7211607908334,1.72599735439277,0.0021928732486084994
7.945,2.6730099244057106,757.4043307641749,0.20935253104295004,0.0004942714613306655,148.7221739562633,1.7233981529346547,0.0021899033834265765
7.95,2.6722345676942028,757.4030405465417,0.2093543175708191,0.0004929755785262447,148.7231833473995,1.7208024955165901,0.0021869371294651573
7.955,2.6714524114544536,757.4017446808131,0.20935610055635934,0.0004916821474358402,148.72418898307893,1.7182103758921017,0.0021839744829340595
7.96,2.6706634865646772,757.4004432181822,0.20935788001080763,0.0004903911601085886,148.72519088209864,1.71562178785312,0.002181015440043134
7.965,2.669867824170315,757.3991362100636,0.20935965594527917,0.0004891026086824739,148.72618906321574,1.713036725229829,0.0021780599970023266
7.97,2.6690654556827815,757.3978237080906,0.20936142837076804,0.0004878164853838683,148.72718354514743,1.7104551818905145,0.002175108150021737
7.9750000000000005,2.6682564127782467,757.3965057641141,0.2093631972981479,0.000486532782527069,148.7281743465712,1.7078771517414093,0.0021721598953116776
7.98,2.667440727396364,757.3951824301996,0.20936496273817268,0.00048525149251384033,148.7291614861247,1.7053026287265447,0.0021692152290827345
7.985,2.666618431739031,757.3938537586259,0.20936672470147719,0.0004839726078329516,148.73014498240585,1.702731606827595,0.002166274147545823
7.99,2.665789558269096,757.3925198018827,0.20936848319857776,0.00048269612105971945,148.7311248539729,1.7001640800637265,0.0021633366469122482
7.995,2.664954139709099,757.3911806126683,0.20937023823987294,0.00048142202485554786,148.73210111934443,1.697600042491446,0.002160402723393761
8.0,2.6641122090399576,757.3898362438881,0.20937198983564417,0.0004801503119674709,148.73307379699946,1.6950394882044468,0.002157472373202618
8.005,2.6632637994996866,757.388486748652,0.20937373799605635,0.00047888097522769336,148.7340429053773,1.6924824113334582,0.002154545592551634
8.01,2.6624089445820647,757.3871321802724,0.20937548273115858,0.00047761400755313565,148.73500846287783,1.6899288060460942,0.0021516223776542457
8.015,2.661547678035332,757.3857725922621,0.20937722405088466,0.00047634940194497317,148.73597048786127,1.6873786665466957,0.0021487027247245587
8.02,2.660680033860841,757.3844080383327,0.20937896196505398,0.00047508715148818394,148.7369289986484,1.6848319870761859,0.002145786629977413
8.025,2.659806046311728,757.3830385723915,0.20938069648337196,0.0004738272493510877,148.73788401352053,1.682288761911911,0.0021428740896284296
8.03,2.658925749891547,757.38166424854,0.20938242761543074,0.00047256968878489484,148.73883555071941,1.6797489853674936,0.0021399650998940732
8.035,2.6580391793529246,757.3802851210717,0.20938415537070992,0.0004713144631232462,148.73978362844747,1.6772126517926744,0.0021370596569917004
8.040000000000001,2.6571463696961684,757.37890124447,0.20938587975857717,0.0004700615657817617,148.74072826486756,1.674679755573165,0.0021341577571396186
8.045,2.656247356167905,757.3775126734055,0.20938760078828872,0.00046881099025758357,148.74166947810318,1.672150291130493,0.00213125939655714
8.05,2.655342174259669,757.3761194627347,0.20938931846899025,0.0004675627301289212,148.74260728623844,1.6696242529218468,0.0021283645714646293
8.055,2.654430859706522,757.3747216674974,0.20939103280971744,0.0004663167790545992,148.74354170731803,1.667101635439929,0.002125473278083565
8.06,2.6535134484856218,757.3733193429141,0.20939274381939646,0.00046507313077360027,148.74447275934722,1.6645824332127959,0.0021225855126365844
8.065,2.652589976814821,757.3719125443845,0.2093944515068449,0.00046383177910461486,148.74540046029188,1.6620666408037124,0.0021197012713475437
8.07,2.6516604811512186,757.3705013274852,0.20939615588077218,0.00046259271794558455,148.7463248280785,1.6595542528109914,0.0021168205504415627
8.075,2.6507249981897405,757.3690857479668,0.2093978569497803,0.00046135594127325166,148.74724588059425,1.6570452638678481,0.0021139433461450827
8.08,2.6497835648616705,757.3676658617528,0.20939955472236443,0.0004601214431427034,148.7481636356868,1.6545396686422396,0.0021110696546859115
8.085,2.648836218333211,757.3662417249365,0.2094012492069136,0.0004588892176869216,148.74907811116455,1.6520374618367175,0.002108199472293282
8.09,2.6478829960039985,757.3648133937791,0.20940294041171137,0.00045765925911632916,148.7499893247964,1.649538638188272,0.0021053327951978964
8.095,2.6469239355056455,757.3633809247074,0.2094046283449363,0.0004564315617183361,148.7508972943119,1.6470431924681754,0.002102469619631977
8.1,2.645959074700235,757.3619443743117,0.20940631301466284,0.00045520611985689057,148.75180203740118,1.6445511194818352,0.0020996099418293204
8.105,2.6449884516788456,757.3605037993439,0.20940799442886177,0.0004539829279720229,148.752703571715,1.6420624140686326,0.0020967537580253407
8.11,2.6440121047600296,757.359059256714,0.20940967259540094,0.0004527619805793977,148.7536019148646,1.6395770711017754,0.0020939010644571254
8.115,2.6430300724883153,757.3576108034893,0.20941134752204588,0.00045154327226985775,148.7544970844218,1.6370950854881374,0.002091051857363477
8.120000000000001,2.6420423936326727,757.3561584968912,0.20941301921646044,0.000450326797708976,148.75538909791914,1.6346164521681101,0.0020882061329849677
8.125,2.6410491071849957,757.3547023942936,0.20941468768620744,0.0004491125516366024,148.7562779728494,1.6321411661154455,0.002085363887563984
8.13,2.6400502523585483,757.35324255322,0.20941635293874927,0.00044790052886641105,148.7571637266661,1.6296692223370985,0.0020825251173447715
8.135,2.639045868586433,757.3517790313415,0.2094180149814486,0.00044669072428545157,148.75804637678314,1.627200615873079,0.0020796898185734907
8.14,2.6380359955200148,757.3503118864749,0.20941967382156898,0.00044548313285369483,148.75892594057487,1.6247353417962893,0.0020768579874982534
8.145,2.637020673027378,757.3488411765794,0.2094213294662754,0.0004442777496035844,148.75980243537614,1.6222733952123767,0.0020740296203691786
8.15,2.6359999411917294,757.3473669597556,0.2094229819226351,0.0004430745696395824,148.76067587848226,1.61981477125957,0.00207120471343843
8.155,2.634973840309838,757.3458892942422,0.20942463119761806,0.0004418735881377212,148.76154628714883,1.6173594651085332,0.0020683832629602708
8.16,2.6339424108904232,757.3444082384141,0.2094262772980977,0.00044067480034514904,148.76241367859194,1.6149074719621996,0.0020655652651910992
8.165000000000001,2.6329056936525745,757.3429238507797,0.2094279202308515,0.00043947820157968175,148.76327806998796,1.612458787055625,0.0020627507163895028
8.17,2.6318637295241274,757.3414361899796,0.2094295600025616,0.0004382837872293502,148.7641394784736,1.6100134056558277,0.002059939612816299
8.175,2.6308165596400617,757.3399453147831,0.2094311966198156,0.0004370915527519477,148.7649979211458,1.6075713230616295,0.002057131950734574
8.18,2.6297642253408653,757.3384512840864,0.20943283008910693,0.0004359014936745817,148.76585341506186,1.6051325346035055,0.0020543277264097404
8.185,2.628706768170915,757.3369541569102,0.20943446041683572,0.0004347136055932194,148.7667059772392,1.6026970356434207,0.002051526936109564
8.19,2.627644229876822,757.3354539923978,0.20943608760930935,0.0004335278841722392,148.76755562465553,1.6002648215746795,0.0020487295761042234
8.195,2.626576652405799,757.3339508498116,0.20943771167274305,0.0004323443251439765,148.76840237424858,1.5978358878217627,0.0020459356426663377
8.2,2.6255040779039898,757.3324447885323,0.20943933261326056,0.0004311629243082753,148.7692462429163,1.5954102298401753,0.0020431451320710226
8.205,2.6244265487148177,757.3309358680551,0.20944095043689484,0.0004299836775320333,148.77008724751664,1.5929878431162836,0.002040358040595921
8.21,2.6233441073773025,757.3294241479886,0.20944256514958856,0.00042880658074875334,148.77092540486763,1.5905687231671624,0.0020375743645212542
8.215,2.6222567966243937,757.3279096880514,0.20944417675719493,0.0004276316299580903,148.7717607317473,1.5881528655404356,0.0020347941001298575
8.22,2.6211646593812694,757.3263925480702,0.20944578526547808,0.00042645882122539807,148.77259324489364,1.5857402658141129,0.0020320172437072216
8.225,2.620067738763657,757.3248727879776,0.20944739068011395,0.0004252881506812807,148.77342296100454,1.5833309195964405,0.002029243791541538
8.23,2.618966078076115,757.3233504678095,0.2094489930066908,0.0004241196145211368,148.77424989673784,1.5809248225257326,0.002026473739923732
8.235,2.6178597208103387,757.3218256477027,0.20945059225070983,0.0004229532090047109,148.77507406871106,1.5785219702702205,0.002023707085147511
8.24,2.6167487106434293,757.3202983878925,0.20945218841758592,0.0004217889304556375,148.7758954935016,1.5761223585278865,0.0020209438235093955
8.245000000000001,2.6156330914361834,757.3187687487105,0.20945378151264807,0.00042062677526099213,148.7767141876466,1.5737259830263097,0.0020181839513087677
8.25,2.6145129072313478,757.3172367905821,0.20945537154114027,0.00041946673987083686,148.77753016764285,1.5713328395225041,0.0020154274648479025
8.255,2.6133882022518926,757.315702574024,0.209456958508222,0.00041830882079776693,148.77834344994682,1.5689429238027557,0.002012674360432009
8.26,2.612259020899256,757.3141661596422,0.20945854241896883,0.00041715301461646025,148.77915405097454,1.5665562316824684,0.0020099246343692726
8.265,2.6111254077515995,757.3126276081291,0.20946012327837324,0.0004159993179632214,148.77996198710164,1.5641727590059957,0.002007178282970883
8.27,2.60998740756204,757.3110869802613,0.20946170109134502,0.0004148477275355315,148.7807672746632,1.5617925016464878,0.002004435302551085
8.275,2.608845065256891,757.309544336897,0.20946327586271207,0.0004136982400915917,148.78156992995378,1.5594154555057225,0.0020016956894272036
8.28,2.6076984259338807,757.3079997389744,0.20946484759722098,0.00041255085244987254,148.78236996922735,1.5570416165139511,0.001998959439919689
8.285,2.6065475348603813,757.3064532475083,0.2094664162995377,0.0004114055614886573,148.78316740869715,1.5546709806297299,0.0019962265503521487
8.290000000000001,2.605392437471611,757.304904923588,0.20946798197424807,0.0004102623641455904,148.78396226453577,1.552303543839763,0.0019934970170513854
8.295,2.604233179368852,757.3033548283751,0.20946954462585862,0.00040912125741722255,148.784754552875,1.5499393021587393,0.001990770836347434
8.3,2.6030698063176367,757.3018030231009,0.2094711042587971,0.0004079822383585546,148.7855442898058,1.5475782516291656,0.001988048004573592
8.305,2.6019023642459573,757.300249569064,0.2094726608774131,0.0004068453040825863,148.78633149137838,1.5452203883212106,0.0019853285180664627
8.31,2.6007308992424343,757.2986945276281,0.20947421448597878,0.00040571045175985776,148.78711617360185,1.5428657083325341,0.001982612373165981
8.315,2.5995554575545157,757.297137960219,0.2094757650886894,0.00040457767861799826,148.78789835244444,1.540514207788131,0.0019798995662154567
8.32,2.598376085586634,757.2955799283228,0.20947731268966402,0.000403446981941267,148.7886780438334,1.5381658828401603,0.0019771900935615988
8.325,2.5971928298983884,757.294020493483,0.20947885729294616,0.00040231835907010165,148.78945526365467,1.5358207296677875,0.001974483951554561
8.33,2.596005737202695,757.2924597172984,0.20948039890250436,0.00040119180740065866,148.79023002775332,1.533478744477014,0.001971781136547962
8.335,2.594814854363954,757.2908976614204,0.20948193752223288,0.0004000673243843611,148.79100235193297,1.5311399235005179,0.0019690816448989304
8.34,2.5936202283961887,757.289334387551,0.20948347315595228,0.0003989449075274402,148.79177225195608,1.528804262997486,0.0019663854729681306
8.345,2.592421906461199,757.2877699574394,0.20948500580741017,0.00039782455439047875,148.79253974354376,1.5264717592534471,0.0019636926171197945
8.35,2.59121993586669,757.2862044328809,0.2094865354802817,0.0003967062625879564,148.7933048423758,1.5241424085801107,0.0019610030737217594
8.355,2.590014364064415,757.2846378757134,0.2094880621781703,0.0003955900297877905,148.7940675640904,1.5218162073151955,0.0019583168391454926
8.36,2.5888052386482916,757.2830703478153,0.20948958590460823,0.00039447585371088126,148.7948279242844,1.5194931518222687,0.001955633909766129
8.365,2.587592607352532,757.281501911103,0.20949110666305737,0.000393363732130652,148.795585938513,1.5171732384905743,0.0019529542819624963
8.370000000000001,2.5863765180497507,757.2799326275286,0.2094926244569097,0.00039225366287259374,148.7963416222898,1.5148564637348703,0.0019502779521171508
8.375,2.5851570187490824,757.2783625590776,0.209494139289488,0.00039114564381380676,148.79709499108668,1.5125428239952596,0.0019476049166164057
8.38,2.583934157594278,757.2767917677658,0.2094956511640465,0.00039003967288254066,148.79784606033382,1.5102323157370203,0.0019449351718503576
8.385,2.582707982861812,757.2752203156373,0.2094971600837715,0.00038893574805773953,148.79859484541956,1.5079249354504434,0.0019422687142129234
8.39,2.5814785429589695,757.2736482647623,0.209498666051782,0.00038783386736857965,148.79934136169038,1.505620679650657,0.0019396055401018615
8.395,2.580245886421944,757.2720756772339,0.2095001690711304,0.00038673402889401415,148.80008562445084,1.5033195448774663,0.0019369456459188083
8.4,2.5790100619139094,757.2705026151666,0.20950166914480298,0.0003856362307623108,148.80082764896346,1.5010215276951766,0.0019342890280692998
8.405,2.577771118223113,757.268929140693,0.2095031662757208,0.00038454047115059575,148.80156745044874,1.4987266246924318,0.0019316356829628064
8.41,2.5765291042609344,757.2673553159614,0.20950466046674007,0.00038344674828439106,148.8023050440851,1.4964348324820365,0.0019289856070127543
8.415000000000001,2.5752840690599688,757.2657812031341,0.20950615172065298,0.00038235506043715763,148.80304044500875,1.4941461477007945,0.001926338796636559
8.42,2.57403606177208,757.2642068643844,0.2095076400401882,0.00038126540592983374,148.8037736683136,1.4918605670093341,0.0019236952482556496
8.425,2.5727851316664667,757.2626323618939,0.20950912542801164,0.0003801777831303744,148.8045047290514,1.4895780870919366,0.001921054958295494
8.43,2.5715313281277137,757.2610577578504,0.209510607886727,0.00037909219045329266,148.80523364223134,1.4872987046563702,0.0019184179231856303
8.435,2.5702747006538464,757.2594831144455,0.20951208741887645,0.00037800862635919687,148.80596042282036,1.485022416433713,0.0019157841393596872
8.44,2.5690152988543713,757.257908493872,0.20951356402694127,0.0003769270893543319,148.8066850857428,1.482749219178188,0.0019131536032554162
8.445,2.5677531724483234,757.2563339583214,0.20951503771334246,0.00037584757799011585,148.8074076458805,1.480479109666985,0.00191052631131471
8.45,2.5664883712622966,757.2547595699815,0.2095165084804414,0.000374770090862681,148.80812811807266,1.4782120847000948,0.0019079022599836355
8.455,2.565220945228484,757.2531853910336,0.2095179763305405,0.00037369462661241,148.80884651711577,1.4759481411001305,0.0019052814457124509
8.46,2.5639509443826998,757.2516114836511,0.2095194412658839,0.0003726211839234762,148.8095628577637,1.4736872757121602,0.0019026638649556368
8.465,2.562678418862412,757.2500379099956,0.20952090328865788,0.00037154976152338075,148.81027715472732,1.4714294854035328,0.0019000495141719175
8.47,2.561403418904752,757.2484647322156,0.2095223624009918,0.0003704803581824895,148.81098942267477,1.4691747670637005,0.0018974383898242822
8.475,2.5601259948445443,757.2468920124433,0.20952381860495856,0.00036941297271357327,148.81169967623129,1.4669231176040525,0.0018948304883800158
8.48,2.558846197112306,757.2453198127926,0.2095252719025752,0.00036834760397134206,148.812407929979,1.4646745339577332,0.0018922258063107126
8.485,2.5575640762322687,757.2437481953565,0.2095267222958037,0.00036728425085198605,148.81311419845713,1.4624290130794753,0.0018896243400923093
8.49,2.5562796828203718,757.2421772222044,0.20952816978655156,0.0003662229122927089,148.81381849616162,1.4601865519454191,0.0018870260862050977
8.495000000000001,2.554993067582276,757.2406069553801,0.2095296143766723,0.00036516358727126813,148.81452083754536,1.4579471475529429,0.001884431041133755
8.5,2.5537042813113517,757.2390374568993,0.20953105606796635,0.00036410627480551027,148.815221237018,1.4557107969204848,0.001881839201367362
8.505,2.55241337488668,757.2374687887462,0.20953249486218145,0.0003630509739529068,148.81591970894576,1.4534774970873663,0.0018792505633994224
8.51,2.5511203992710403,757.2359010128728,0.20953393076101343,0.00036199768381009305,148.81661626765165,1.4512472451136214,0.0018766651237278904
8.515,2.5498254055089022,757.2343341911945,0.20953536376610682,0.00036094640351240205,148.81731092741518,1.4490200380798142,0.0018740828788551835
8.52,2.548528444724406,757.2327683855896,0.2095367938790555,0.0003598971322334032,148.81800370247234,1.4467958730868686,0.001871503825288211
8.525,2.5472295681193478,757.231203657895,0.20953822110140327,0.00035884986918443597,148.8186946070157,1.4445747472558872,0.001868927959538388
8.53,2.5459288269711555,757.229640069905,0.20953964543464457,0.00035780461361414873,148.81938365519406,1.4423566577279778,0.00186635527812166
8.535,2.5446262726308677,757.2280776833686,0.2095410668802251,0.0003567613648080318,148.8200708611127,1.4401416016640727,0.001863785777558517
8.540000000000001,2.543321956521103,757.2265165599866,0.20954248543954246,0.00035572012208795586,148.82075623883313,1.4379295762447548,0.001861219454374019
8.545,2.5420159301340335,757.2249567614099,0.2095439011139467,0.0003546808848117068,148.82143980237302,1.4357205786700795,0.0018586563050978118
8.55,2.540708245029347,757.2233983492363,0.20954531390474113,0.00035364365237252037,148.82212156570625,1.4335146061593926,0.0018560963262641427
8.555,2.5393989528322187,757.2218413850085,0.20954672381318284,0.00035260842419862005,148.8228015427628,1.431311655951158,0.0018535395144118852
8.56,2.5380881052312647,757.2202859302117,0.20954813084048332,0.0003515751997527503,148.82347974742862,1.429111725302774,0.0018509858660845505
8.565,2.5367757539765083,757.2187320462713,0.20954953498780915,0.0003505439785317147,148.8241561935457,1.4269148114903996,0.0018484353778303103
8.57,2.5354619508773326,757.2171797945496,0.2095509362562827,0.00034951476006590885,148.82483089491188,1.4247209118087691,0.0018458880462020092
8.575000000000001,2.534146747800439,757.2156292363444,0.2095523346469826,0.0003484875439188584,148.825503865281,1.4225300235710199,0.0018433438677571863
8.58,2.5328301966677964,757.2140804328862,0.20955373016094456,0.00034746232968675347,148.82617511836253,1.4203421441085085,0.0018408028390580903
8.585,2.531512349454592,757.2125334453358,0.20955512279916183,0.0003464391169979833,148.82684466782183,1.4181572707706303,0.0018382649566716913
8.59,2.5301932581871815,757.2109883347816,0.209556512562586,0.00034541790551267427,148.82751252727985,1.4159754009246435,0.0018357302171697057
8.595,2.5288729749410312,757.2094451622377,0.20955789945212752,0.0003443986949222228,148.82817871031324,1.4137965319554842,0.0018331986171286018
8.6,2.527551551838667,757.207903988641,0.20955928346865643,0.0003433814849488337,148.82884323045414,1.4116206612655908,0.0018306701531296244
8.605,2.526229041047613,757.2063648748491,0.20956066461300288,0.0003423662753450534,148.8295061011903,1.4094477862747175,0.0018281448217588015
8.61,2.5249054947783343,757.2048278816379,0.2095620428859579,0.00034135306589330836,148.83016733596486,1.40727790441976,0.0018256226196069671
8.615,2.523580965282173,757.2032930696989,0.20956341828827388,0.00034034185640543835,148.83082694817642,1.4051110131545683,0.0018231035432697668
8.620000000000001,2.522255504849288,757.2017604996372,0.20956479082066537,0.0003393326467222351,148.8314849511789,1.4029471099497697,0.0018205875893476796
8.625,2.5209291658065918,757.2002302319689,0.2095661604838096,0.00033832543671297703,148.83214135828155,1.4007861922925857,0.001818074754446029
8.63,2.5196020005156803,757.1987023271186,0.20956752727834715,0.000337320226274965,148.83279618274884,1.3986282576866484,0.0018155650351749915
8.635,2.5182740613707697,757.1971768454172,0.20956889120488262,0.00033631701533306103,148.8334494378004,1.396473303651823,0.0018130584281496188
8.64,2.516945400796625,757.1956538470993,0.20957025226398512,0.0003353158038392221,148.8341011366111,1.3943213277240203,0.0018105549299898415
8.645,2.515616071246494,757.1941333923012,0.20957161045618913,0.00033431659177203993,148.83475129231078,1.39217232745502,0.0018080545373204894
8.65,2.5142861252000324,757.1926155410582,0.20957296578199497,0.00033331937913627527,148.83539991798438,1.3900263004122824,0.001805557246771296
8.655,2.512955615161236,757.1911003533022,0.2095743182418694,0.0003323241659623976,148.8360470266718,1.3878832441787718,0.0018030630549769188
8.66,2.511624593656363,757.1895878888598,0.2095756678362464,0.0003313309523061204,148.83669263136784,1.3857431563527678,0.0018005719585769406
8.665000000000001,2.510293113231867,757.188078207449,0.20957701456552774,0.00033033973824794094,148.83733674502224,1.3836060345476875,0.0017980839542158906
8.67,2.5089612264523162,757.1865713686782,0.20957835843008352,0.0003293505238926776,148.8379793805395,1.3814718763919,0.00179559903854325
8.675,2.507628985898322,757.1850674320424,0.20957969943025287,0.00032836330936900673,148.83862055077896,1.3793406795285406,0.0017931172082134605
8.68,2.5062964441644624,757.1835664569215,0.2095810375663446,0.00032737809482900426,148.8392602685546,1.3772124416153335,0.001790638459885941
8.685,2.5049636538572044,757.1820685025788,0.20958237283863787,0.0003263948804476815,148.8398985466352,1.3750871603244021,0.0017881627902250907
8.69,2.5036306675928297,757.1805736281568,0.20958370524738268,0.00032541366642252755,148.84053539774405,1.3729648333420905,0.0017856901959003046
8.695,2.5022975379953536,757.1790818926768,0.20958503479280052,0.0003244344529730457,148.84117083455908,1.3708454583687748,0.0017832206735859768
8.700000000000001,2.5009643176944523,757.1775933550349,0.20958636147508514,0.00032345724034029674,148.84180486971277,1.3687290331186837,0.0017807542199615152
8.705,2.4996310593233817,757.1761080740009,0.20958768529440303,0.00032248202878643756,148.842437515792,1.3666155553197128,0.0017782908317113472
8.71,2.4982978155169,757.1746261082155,0.20958900625089408,0.0003215088185942618,148.84306878533815,1.3645050227132385,0.0017758305055249261
8.715,2.496964638909191,757.1731475161879,0.20959032434467223,0.00032053761006674286,148.843698690847,1.3623974330539383,0.0017733732380967443
8.72,2.495631582131786,757.1716723562935,0.2095916395758261,0.0003195684035265737,148.8443272447686,1.3602927841096013,0.001770919026126335
8.725,2.4942986978114847,757.1702006867719,0.20959295194441951,0.00031860119931571124,148.8449544595074,1.3581910736609495,0.0017684678663182861
8.73,2.4929660385682784,757.1687325657243,0.2095942614504923,0.00031763599779491714,148.845580347422,1.356092299501448,0.0017660197553822396
8.735,2.4916336570132738,757.1672680511113,0.20959556809406066,0.00031667279934330297,148.84620492082527,1.3539964594371254,0.0017635746900329075
8.74,2.490301605746613,757.1658072007504,0.20959687187511802,0.00031571160435787265,148.8468281919842,1.3519035512863853,0.0017611326669900685
8.745000000000001,2.488969937355401,757.1643500723143,0.20959817279363555,0.00031475241325306774,148.84745017311997,1.3498135728798253,0.001758693682978582
8.75,2.487638704411626,757.162896723328,0.20959947084956276,0.00031379522646031324,148.84807087640777,1.3477265220600512,0.0017562577347283914
8.755,2.4863079594700848,757.1614472111668,0.20960076604282815,0.00031284004442756053,148.84869031397687,1.3456423966814899,0.0017538248189745262
8.76,2.4849777550663115,757.1600015930542,0.2096020583733398,0.0003118868676188377,148.8493084979105,1.3435611946102104,0.0017513949324571138
8.765,2.4836481437144973,757.158559926059,0.20960334784098603,0.0003109356965137923,148.84992544024578,1.3414829137237325,0.0017489680719213775
8.77,2.482319177905423,757.157122267094,0.2096046344456359,0.0003099865316072432,148.85054115297385,1.3394075519108495,0.001746544234117648
8.775,2.480990910104382,757.1556886729129,0.20960591818714,0.00030903937340872483,148.8511556480396,1.3373351070714368,0.001744123415801361
8.78,2.479663392749115,757.1542592001086,0.20960719906533087,0.00030809422244204056,148.8517689373418,1.3352655771162738,0.0017417056137330677
8.785,2.4783366782477323,757.1528339051108,0.2096084770800237,0.0003071510792448082,148.852381032733,1.3331989599668532,0.001739290824678432
8.790000000000001,2.4770108189766527,757.1514128441836,0.20960975223101697,0.0003062099443680149,148.8529919460195,1.3311352535552026,0.0017368790454082399
8.795,2.4756858672785294,757.1499960734235,0.209611024518093,0.0003052708183755655,148.8536016889613,1.3290744558236962,0.0017344702726984002
8.8,2.474361875460187,757.1485836487569,0.20961229394101855,0.00030433370184383614,148.85421027327206,1.3270165647248708,0.0017320645033299445
8.805,2.4730388957905554,757.1471756259388,0.20961356049954544,0.00030339859536122736,148.85481771061905,1.3249615782212447,0.0017296617340890358
8.81,2.471716980498606,757.1457720605489,0.20961482419341115,0.00030246549952771793,148.85542401262308,1.3229094942851285,0.001727261961766964
8.815,2.470396181771292,757.1443730079911,0.20961608502233942,0.00030153441495441995,148.85602919085864,1.3208603108984471,0.0017248651831601547
8.82,2.4690765517514843,757.1429785234906,0.20961734298604084,0.00030060534226313446,148.85663325685357,1.3188140260525496,0.0017224713950701638
8.825000000000001,2.4677581425359167,757.1415886620914,0.20961859808421346,0.00029967828208590845,148.85723622208928,1.3167706377480308,0.0017200805943036856
8.83,2.466441006173129,757.1402034786547,0.2096198503165434,0.0002987532350645938,148.8578380980006,1.3147301439945458,0.0017176927776725499
8.835,2.465125194661406,757.1388230278566,0.20962109968270534,0.0002978302018504027,148.85843889597575,1.3126925428106233,0.0017153079419937219
8.84,2.463810759946736,757.1374473641854,0.20962234618236325,0.0002969091831034725,148.85903862735634,1.310657832223488,0.001712926084089307
8.845,2.462497753920747,757.1360765419406,0.2096235898151709,0.0002959901794924212,148.85963730343724,1.3086260102688718,0.0017105472007865458
8.85,2.461186228418672,757.1347106152294,0.20962483058077253,0.00029507319169391484,148.8602349354667,1.3065970749908355,0.0017081712889178194
8.855,2.4598762352172883,757.1333496379656,0.20962606847880322,0.0002941582203922253,148.86083153464614,1.3045710244415816,0.0017057983453206437
8.86,2.4585678260328865,757.1319936638671,0.20962730350888975,0.0002932452662787998,148.86142711213023,1.302547856681276,0.0017034283668376738
8.865,2.457261052519218,757.1306427464534,0.20962853567065104,0.0002923343300518212,148.86202167902684,1.300527569777861,0.0017010613503166978
8.870000000000001,2.4559559662654644,757.1292969390444,0.20962976496369876,0.0002914254124157793,148.862615246397,1.298510161806877,0.0016986972926106405
8.875,2.4546526187941953,757.1279562947574,0.2096309913876378,0.0002905185140810352,148.8632078252549,1.2964956308512787,0.00169633619057756
8.88,2.453351061559337,757.1266208665054,0.20963221494206705,0.00028961363576339216,148.8637994265677,1.2944839750012518,0.001693978041080643
8.885,2.4520513459441386,757.1252907069952,0.20963343562657985,0.0002887107781836653,148.8643900612557,1.2924751923540354,0.0016916228409882092
8.89,2.4507535232591473,757.1239658687248,0.20963465344076454,0.0002878099420672536,148.8649797401922,1.2904692810137355,0.0016892705871737008
8.895,2.4494576447401792,757.1226464039819,0.20963586838420512,0.00028691112814371265,148.86556847420349,1.2884662390911503,0.0016869212765156887
8.9,2.448163761546299,757.1213323648414,0.20963708045648172,0.0002860143371463292,148.8661562740688,1.2864660647035826,0.001684574905897861
8.905,2.446871924757798,757.1200238031635,0.2096382896571712,0.0002851195698116967,148.8667431505203,1.284468755974665,0.0016822314722090273
8.91,2.4455821853741804,757.1187207705917,0.20963949598584786,0.00028422682687929285,148.86732911424303,1.2824743110341759,0.0016798909723431089
8.915000000000001,2.444294594312146,757.1174233185509,0.20964069944208372,0.0002833361090910571,148.86791417587492,1.2804827280178623,0.0016775534031991401
8.92,2.4430092024035868,757.116131498245,0.20964190002544927,0.00028244741719097346,148.86849834600673,1.27849400506726,0.0016752187616812626
8.925,2.4417260603935707,757.1148453606551,0.20964309773551407,0.00028156075192464736,148.86908163518197,1.2765081403295109,0.0016728870446987179
8.93,2.4404452189383488,757.1135649565375,0.20964429257184714,0.00028067611403889453,148.86966405389703,1.2745251319571904,0.0016705582491658491
8.935,2.4391667286033445,757.1122903364218,0.20964548453401757,0.00027979350428131985,148.87024561260085,1.2725449781081224,0.001668232372002089
8.94,2.4378906398611693,757.1110215506086,0.2096466736215952,0.0002789129233999093,148.8708263216953,1.2705676769452074,0.0016659094101319624
8.945,2.436617003089617,757.1097586491678,0.20964785983415102,0.0002780343721426121,148.87140619153473,1.268593226636239,0.0016635893604850733
8.950000000000001,2.435345868569688,757.1085016819364,0.2096490431712577,0.00027715785125693586,148.87198523242625,1.2666216253537312,0.0016612722199961054
8.955,2.434077286483594,757.1072506985171,0.2096502236324903,0.00027628336148953313,148.87256345462959,1.2646528712747402,0.001658957985604814
8.96,2.4328113069127832,757.1060057482752,0.20965140121742662,0.00027541090358579714,148.87314086835698,1.2626869625806854,0.001656646654256017
8.965,2.4315479798359587,757.1047668803378,0.20965257592564784,0.000274540478289455,148.87371748377333,1.2607238974571782,0.0016543382228995948
8.97,2.4302873551271107,757.1035341435916,0.2096537477567391,0.00027367208634216506,148.874293310996,1.2587636740938413,0.0016520326884904761
8.975,2.429029482553541,757.1023075866801,0.20965491671028982,0.000272805728483114,148.87486836009484,1.256806290684139,0.0016497300479886385
8.98,2.4277744117739055,757.1010872580032,0.20965608278589454,0.0002719414054486181,148.87544264109226,1.2548517454251968,0.0016474302983590942
8.985,2.4265221923362454,757.0998732057138,0.2096572459831532,0.00027107911797172367,148.87601616396302,1.2529000365176328,0.00164513343657189
8.99,2.425272873676041,757.0986654777172,0.20965840630167176,0.00027021886678181247,148.8765889386343,1.2509511621653795,0.0016428394596020913
8.995000000000001,2.4240265051142504,757.097464121668,0.20965956374106273,0.000269360652604205,148.8771609749857,1.2490051205755144,0.001640548364429782
9.0,2.4227831358553713,757.0962691849692,0.20966071830094568,0.00026850447615977185,148.8777322828492,1.247061909958086,0.0016382601480400521
9.005,2.421542814985488,757.0950807147697,0.2096618699809477,0.0002676503381645377,148.87830287200907,1.2451215285259392,0.0016359748074229884
9.01,2.4203055914703477,757.0938987579628,0.209663018780704,0.00026679823932929944,148.8788727522019,1.2431839744945499,0.00163369233957367
9.015,2.41907151415341,757.0927233611842,0.20966416469985838,0.000265948180359233,148.8794419331165,1.2412492460818463,0.0016314127414921538
9.02,2.417840631753936,757.0915545708102,0.20966530773806366,0.00026510016195351564,148.8800104243941,1.239317341508047,0.0016291360101834715
9.025,2.416612992865051,757.090392432956,0.2096664478949824,0.0002642541848049369,148.8805782356279,1.2373882589954832,0.0016268621426576138
9.03,2.415388645951837,757.0892369934735,0.2096675851702871,0.0002634102495995253,148.8811453763634,1.2354619967684368,0.0016245911359295275
9.035,2.4141676393494094,757.08808829795,0.209668719563661,0.0002625683570161634,148.8817118560983,1.2335385530529652,0.0016223229870190987
9.040000000000001,2.4129500212610195,757.0869463917059,0.20966985107479838,0.0002617285077262184,148.88227768428234,1.2316179260767397,0.0016200576929511477
9.045,2.4117358397561404,757.0858113197934,0.209670979703405,0.00026089070239316333,148.8828428703175,1.229700114068874,0.0016177952507554184
9.05,2.410525142768579,757.0846831269944,0.20967210544919893,0.0002600549416722089,148.88340742355766,1.227785115259758,0.0016155356574665623
9.055,2.4093179780945753,757.0835618578188,0.20967322831191051,0.00025922122620993226,148.88397135330894,1.225872927880895,0.0016132789101241359
9.06,2.4081143933909246,757.0824475565028,0.20967434829128334,0.0002583895566439119,148.8845346688293,1.2239635501647324,0.0016110250057725817
9.065,2.4069144361730856,757.081340267007,0.20967546538707443,0.00025755993360236114,148.8850973793288,1.2220569803445005,0.0016087739414612236
9.07,2.405718153813315,757.0802400330152,0.2096765795990548,0.000256732357703768,148.88565949396943,1.2201532166540456,0.0016065257142442494
9.075000000000001,2.404525593538788,757.0791468979319,0.20967769092700997,0.0002559068295565329,148.88622102186508,1.2182522573276704,0.001604280321180704
9.08,2.4033368024297426,757.078060904881,0.20967879937074035,0.0002550833497586149,148.88678197208162,1.21635410059997,0.0016020377593344752
9.085,2.4021518274176117,757.0769820967042,0.20967990493006175,0.00025426191889717096,148.8873423536367,1.214458744705668,0.0015997980257742802
9.09,2.4009707152831816,757.0759105159593,0.20968100760480582,0.00025344253754821063,148.88790217549993,1.212566187879461,0.0015975611175736565
9.095,2.399793512654731,757.0748462049181,0.20968210739482057,0.00025262520627623814,148.88846144659263,1.2106764283558515,0.0015953270318109448
9.1,2.398620266006206,757.0737892055654,0.20968320429997078,0.0002518099256339128,148.88902017578795,1.2087894643689971,0.001593095765569282
9.105,2.3974510216553693,757.0727395595966,0.20968429832013835,0.0002509966961616962,148.88957837191083,1.206905294152543,0.001590867315936581
9.11,2.396285825761988,757.0716973084169,0.20968538945522291,0.00025018551838751715,148.89013604373793,1.2050239159394724,0.001588641680005525
9.115,2.395124724325995,757.0706624931388,0.20968647770514226,0.00024937639282642476,148.89069319999751,1.203145327961943,0.0015864188548735468
9.120000000000001,2.393967763185689,757.0696351545812,0.20968756306983263,0.00024856931998025814,148.89124984936967,1.2012695284511365,0.0015841988376428205
9.125,2.3928149880159086,757.0686153332673,0.2096886455492493,0.0002477643003373057,148.891806000486,1.1993965156371003,0.001581981625420246
9.13,2.3916664443262454,757.0676030694235,0.20968972514336695,0.0002469613343719779,148.8923616619298,1.1975262877485926,0.0015797672153174316
9.135,2.390522177459232,757.0665984029772,0.20969080185218006,0.00024616042254447455,148.8929168422359,1.1956588430129325,0.0015775556044506857
9.14,2.389382232588566,757.0656013735558,0.2096918756757034,0.00024536156530046175,148.89347154989068,1.1937941796558433,0.0015753467899409961
9.145,2.3882466547173147,757.0646120204847,0.20969294661397248,0.0002445647630707447,148.89402579333205,1.1919322959013048,0.001573140768914021
9.15,2.387115488676148,757.0636303827861,0.20969401466704377,0.00024377001627095033,148.89457958094943,1.1900731899713988,0.001570937538500068
9.155,2.3859887791215604,757.062656499177,0.2096950798349954,0.00024297732530120575,148.8951329210836,1.1882168600861631,0.0015687370958340854
9.16,2.3848665705341157,757.0616904080687,0.20969614211792734,0.00024218669054582658,148.89568582202685,1.1863633044634394,0.0015665394380556404
9.165000000000001,2.3837489072166824,757.0607321475637,0.20969720151596188,0.00024139811237300067,148.89623829202287,1.184512521318727,0.0015643445623089094
9.17,2.382635833292697,757.0597817554557,0.20969825802924408,0.00024061159113448376,148.8967903392666,1.1826645088650378,0.0015621524657426593
9.175,2.381527392704405,757.0588392692271,0.209699311657942,0.00023982712716528592,148.8973419719045,1.1808192653127447,0.0015599631455102297
9.18,2.380423629211146,757.0579047260482,0.20970036240224738,0.00023904472078337626,148.89789319803413,1.1789767888694445,0.0015577765987695221
9.185,2.3793245863876047,757.0569781627754,0.20970141026237568,0.00023826437228937367,148.89844402570438,1.1771370777398054,0.0015555928226829777
9.19,2.3782303076221134,757.0560596159497,0.2097024552385668,0.00023748608196625772,148.8989944629154,1.1753001301254327,0.0015534118144175661
9.195,2.3771408361149176,757.0551491217955,0.20970349733108518,0.00023670985007906553,148.89954451761847,1.1734659442247186,0.0015512335711447647
9.200000000000001,2.3760562148764888,757.0542467162189,0.20970453654022037,0.00023593567687460844,148.90009419771604,1.1716345182327086,0.0015490580900405443
9.205,2.37497648672581,757.0533524348066,0.20970557286628724,0.00023516356258117632,148.90064351106173,1.1698058503409579,0.0015468853682853519
9.21,2.3739016942887017,757.0524663128241,0.2097066063096265,0.00023439350740825759,148.90119246546018,1.1679799387373913,0.0015447154030640907
9.215,2.3728318799961228,757.0515883852147,0.20970763687060498,0.00023362551154625251,148.90174106866715,1.1661567816061702,0.001542548191566108
9.22,2.371767086082512,757.0507186865982,0.20970866454961595,0.00023285957516619823,148.90228932838934,1.164336377127551,0.001540383730985171
9.225,2.3707073545841033,757.0498572512688,0.2097096893470796,0.00023209569841948832,148.90283725228454,1.1625187234777536,0.001538222018519457
9.23,2.369652727337284,757.0490041131948,0.2097107112634432,0.00023133388143760453,148.90338484796132,1.1607038188288246,0.001536063051371527
9.235,2.3686032459769253,757.0481593060163,0.20971173029918166,0.0002305741243318425,148.90393212297928,1.1588916613485047,0.0015339068267483157
9.24,2.3675589519347566,757.0473228630445,0.2097127464547977,0.0002298164271930499,148.90447908484884,1.157082249200097,0.0015317533418611061
9.245000000000001,2.3665198864377115,757.0464948172602,0.20971375973082226,0.0002290607900913585,148.90502574103127,1.1552755805423351,0.0015296025939255172
9.25,2.36548609050632,757.0456752013125,0.20971477012781484,0.00022830721307593002,148.9055720989386,1.1534716535292562,0.001527454580161483
9.255,2.364457604953068,757.0448640475175,0.20971577764636376,0.00022755569617469203,148.9061181659336,1.151670466310066,0.0015253092977932311
9.26,2.363434470380806,757.0440613878573,0.20971678228708657,0.0002268062393940933,148.90666394932987,1.14987201702902,0.0015231667440492702
9.265,2.3624167271811296,757.0432672539779,0.2097177840506303,0.0002260588427188448,148.90720945639148,1.148076303825288,0.0015210269161623638
9.27,2.3614044155327996,757.042481677189,0.2097187829376718,0.00022531350611168204,148.90775469433328,1.146283324832838,0.0015188898113695183
9.275,2.360397575400139,757.0417046884625,0.209719778948918,0.0002245702295131128,148.9082996703207,1.1444930781803035,0.0015167554269119572
9.28,2.359396246531476,757.0409363184305,0.2097207720851063,0.00022382901284118633,148.90884439146964,1.1427055619908693,0.0015146237600351074
9.285,2.3584004684575515,757.0401765973852,0.20972176234700485,0.00022308985599124757,148.90938886484662,1.1409207743821421,0.0015124948079885741
9.290000000000001,2.357410280489982,757.0394255552769,0.20972274973541274,0.0002223527588357132,148.9099330974685,1.1391387134660376,0.0015103685680261266
9.295,2.356425721719687,757.0386832217137,0.20972373425116037,0.0002216177212238339,148.91047709630263,1.1373593773486557,0.0015082450374056754
9.3,2.355446831015362,757.0379496259588,0.2097247158951098,0.00022088474298147465,148.91102086826672,1.1355827641301661,0.0015061242133892511
9.305,2.3544736470219303,757.0372247969314,0.20972569466815488,0.0002201538239108867,148.9115644202288,1.1338088719046908,0.0015040060932429889
9.31,2.353506208159031,757.0365087632036,0.20972667057122166,0.00021942496379049334,148.91210775900728,1.1320376987601888,0.0015018906742371016
9.315,2.352544552619489,757.0358015530009,0.20972764360526852,0.00021869816237466924,148.91265089137067,1.1302692427783432,0.0014997779536458672
9.32,2.351588718367819,757.0351031941998,0.20972861377128663,0.00021797341939353322,148.9131938240378,1.128503502034447,0.0014976679287476008
9.325000000000001,2.3506387431387146,757.0344137143275,0.20972958107029993,0.00021725073455273433,148.91373656367753,1.1267404745972933,0.0014955605968246402
9.33,2.3496946644355736,757.0337331405606,0.20973054550336573,0.00021653010753325318,148.91427911690897,1.1249801585290662,0.001493455955163322
9.335,2.3487565195289997,757.0330614997239,0.20973150707157462,0.0002158115379911923,148.9148214903012,1.1232225518852272,0.0014913540010539597
9.34,2.3478243454553502,757.0323988182897,0.20973246577605098,0.00021509502555758749,148.91536369037328,1.121467652714416,0.001489254731790827
9.345,2.346898179015255,757.0317451223763,0.20973342161795308,0.00021438056983820377,148.91590572359434,1.1197154590583358,0.001487158144672131
9.35,2.3459780567721817,757.0311004377472,0.2097343745984733,0.00021366817041335438,148.9164475963833,1.1179659689516568,0.0014850642369999979
9.355,2.345064015050974,757.0304647898105,0.20973532471883852,0.00021295782683770402,148.91698931510905,1.116219180421905,0.0014829730060804444
9.36,2.3441560899364373,757.0298382036168,0.20973627198031009,0.00021224953864009484,148.9175308860902,1.1144750914893693,0.001480884449223363
9.365,2.3432543172718927,757.0292207038596,0.2097372163841843,0.00021154330532335714,148.9180723155952,1.1127337001669908,0.0014787985637424944
9.370000000000001,2.342358732657784,757.028612314873,0.20973815793179243,0.0002108391263641425,148.91861360984214,1.1109950044602734,0.0014767153469554116
9.375,2.341469371450252,757.0280130606321,0.20973909662450108,0.00021013700121274288,148.91915477499882,1.10925900236718,0.001474634796183495
9.38,2.3405862687597554,757.0274229647509,0.20974003246371226,0.00020943692929292862,148.91969581718266,1.1075256918780367,0.0014725569087519093
9.385,2.3397094594496712,757.0268420504818,0.20974096545086363,0.0002087389100017776,148.92023674246056,1.1057950709754412,0.0014704816819895866
9.39,2.3388389781349317,757.0262703407149,0.20974189558742873,0.0002080429427095191,148.92077755684906,1.1040671376341649,0.0014684091132291983
9.395,2.3379748591806417,757.0257078579767,0.2097428228749172,0.00020734902675937064,148.921318266314,1.1023418898210646,0.0014663391998071388
9.4,2.337117136700741,757.0251546244298,0.20974374731487483,0.00020665716146738952,148.92185887677067,1.100619325494989,0.0014642719390634978
9.405,2.3362658445566375,757.0246106618714,0.20974466890888385,0.0002059673461223169,148.92239939408367,1.0988994426066911,0.0014622073283420444
9.41,2.33542101635589,757.0240759917326,0.2097455876585631,0.0002052795799854368,148.922939824067,1.09718223909874,0.0014601453649901973
9.415000000000001,2.334582685450863,757.0235506350781,0.20974650356556815,0.00020459386229042739,148.92348017248366,1.0954677129054338,0.00145808604635901
9.42,2.333750884937428,757.0230346126044,0.20974741663159155,0.00020391019224322881,148.92402044504607,1.093755861952717,0.0014560293698031438
9.425,2.3329256476536377,757.0225279446402,0.2097483268583628,0.00020322856902189944,148.92456064741557,1.0920466841580925,0.0014539753326808444
9.43,2.3321070061784512,757.0220306511443,0.2097492342476488,0.0002025489917764936,148.92510078520263,1.0903401774305455,0.001451923932353924
9.435,2.3312949928304234,757.0215427517057,0.20975013880125373,0.00020187145962892417,148.92564086396675,1.0886363396704568,0.0014498751661877328
9.44,2.3304896396664554,757.0210642655428,0.20975104052101934,0.0002011959716728482,148.9261808892163,1.0869351687695301,0.0014478290315511426
9.445,2.3296909784805035,757.0205952115022,0.20975193940882497,0.00020052252697353684,148.92672086640857,1.0852366626107075,0.0014457855258165168
9.450000000000001,2.3288990408023476,757.0201356080581,0.2097528354665879,0.00019985112456776837,148.92726080094965,1.0835408190681002,0.0014437446463596946
9.455,2.3281138578963234,757.0196854733122,0.20975372869626324,0.00019918176346370677,148.92780069819435,1.081847636006909,0.0014417063905599636
9.46,2.327335460760111,757.0192448249918,0.20975461909984422,0.00019851444264080008,148.92834056344617,1.0801571112833528,0.001439670755800037
9.465,2.3265638801234902,757.0188136804503,0.20975550667936213,0.0001978491610496689,148.92888040195734,1.0784692427445979,0.0014376377394660338
9.47,2.325799146447147,757.0183920566657,0.2097563914368867,0.0001971859176120109,148.92942021892858,1.0767840282286858,0.001435607338947451
9.475,2.3250412899214488,757.0179799702404,0.20975727337452596,0.00019652471122049743,148.9299600195091,1.0751014655644666,0.0014335795516371456
9.48,2.3242903404652786,757.0175774374004,0.20975815249442642,0.00019586554073868536,148.93049980879664,1.0734215525715303,0.001431554374931306
9.485,2.3235463277248267,757.0171844739945,0.20975902879877328,0.00019520840500092133,148.93103959183725,1.0717442870601426,0.0014295318062294345
9.49,2.3228092810724466,757.0168010954939,0.20975990228979036,0.00019455330281226117,148.93157937362528,1.0700696668311789,0.0014275118429343178
9.495000000000001,2.32207922960547,757.0164273169917,0.2097607729697403,0.00019390023294838147,148.9321191591034,1.0683976896760634,0.00142549448245201
9.5,2.3213562021450835,757.0160631532018,0.20976164084092452,0.00019324919415550783,148.9326589531624,1.0667283533767091,0.0014234797221918051
9.505,2.3206402272351654,757.015708618459,0.20976250590568354,0.00019260018515033134,148.93319876064118,1.0650616557054526,0.0014214675595662135
9.51,2.319931333141184,757.0153637267179,0.20976336816639674,0.00019195320461994707,148.9337385863268,1.0633975944250047,0.0014194579919909424
9.515,2.3192295478490554,757.0150284915526,0.2097642276254826,0.00019130825122177692,148.93427843495417,1.0617361672883845,0.0014174510168848665
9.52,2.3185348990640664,757.0147029261564,0.20976508428539886,0.00019066532358351547,148.93481831120621,1.0600773720388736,0.0014154466316700113
9.525,2.3178474142097536,757.0143870433404,0.20976593814864233,0.0001900244203030608,148.93535821971366,1.0584212064099543,0.0014134448337715228
9.53,2.3171671204268467,757.0140808555344,0.20976678921774916,0.00018938553994846772,148.93589816505508,1.056767668125265,0.0014114456206176507
9.535,2.316494044572171,757.013784374785,0.20976763749529473,0.000188748681057886,148.93643815175668,1.0551167548985427,0.0014094489896397176
9.540000000000001,2.3158282132176136,757.0134976127562,0.20976848298389383,0.00018811384213952097,148.93697818429234,1.053468464433581,0.0014074549382721026
9.545,2.3151696526490486,757.013220580728,0.2097693256862006,0.00018748102167158039,148.93751826708356,1.0518227944241783,0.0014054634639522137
9.55,2.314518388865324,757.012953289597,0.20977016560490863,0.00018685021810224014,148.93805840449932,1.0501797425540926,0.001403474564120463
9.555,2.313874447577211,757.0126957498753,0.2097710027427509,0.00018622142984960101,148.938598600856,1.0485393064969988,0.0014014882362202482
9.56,2.3132378542064136,757.0124479716901,0.2097718371024999,0.00018559465530166056,148.9391388604174,1.046901483916444,0.0013995044776979229
9.565,2.312608633884541,757.0122099647834,0.20977266868696756,0.00018496989281627745,148.93967918739457,1.0452662724658088,0.0013975232860027782
9.57,2.3119868114521376,757.011981738512,0.2097734974990053,0.00018434714072115095,148.94021958594587,1.0436336697882644,0.0013955446585870149
9.575000000000001,2.3113724114576817,757.0117633018464,0.2097743235415042,0.00018372639731379238,148.9407600601767,1.0420036735167375,0.0013935685929057232
9.58,2.3107654581566375,757.011554663371,0.20977514681739462,0.00018310766086151295,148.9413006141396,1.040376281273873,0.0013915950864168587
9.585,2.310165975510474,757.0113558312839,0.20977596732964657,0.00018249092960140044,148.94184125183418,1.038751490671996,0.001389624136581215
9.59,2.309573987185745,757.0111668133959,0.2097767850812695,0.0001818762017403166,148.94238197720685,1.0371292993130836,0.0013876557408624062
9.595,2.3089895165531273,757.0109876171308,0.2097776000753124,0.00018126347545488006,148.94292279415103,1.035509704788727,0.0013856898967268367
9.6,2.3084125866865266,757.0108182495248,0.2097784123148637,0.00018065274889147103,148.94346370650686,1.033892704680107,0.0013837266016436848
9.605,2.3078432203621375,757.0106587172266,0.20977922180305122,0.00018004402016622167,148.9440047180612,1.0322782965579584,0.0013817658530848715
9.61,2.307281440057573,757.0105090264967,0.20978002854304234,0.00017943728736502794,148.94454583254756,1.0306664779825503,0.0013798076485250443
9.615,2.30672726795095,757.0103691832071,0.20978083253804375,0.00017883254854354725,148.94508705364603,1.029057246503652,0.0013778519854415474
9.620000000000001,2.306180725920038,757.0102391928418,0.2097816337913015,0.00017822980172721718,148.9456283849832,1.0274505996605157,0.0013758988613144026
9.625,2.3056418355413757,757.0101190604959,0.20978243230610094,0.00017762904491126137,148.94616983013208,1.0258465349818495,0.0013739482736262853
9.63,2.305110618089435,757.0100087908753,0.2097832280857668,0.0001770302760607131,148.94671139261203,1.0242450499857965,0.0013720002198624969
9.635,2.3045870945357656,757.0099083882974,0.20978402113366287,0.00017643349311043062,148.9472530758887,1.022646142179917,0.0013700546975109475
9.64,2.304071285548185,757.00981785669,0.20978481145319228,0.00017583869396512662,148.94779488337397,1.0210498090611668,0.0013681117040621272
9.645,2.3035632114899416,757.0097371995915,0.20978559904779712,0.00017524587649939063,148.94833681842584,1.0194560481158843,0.001366171237009087
9.65,2.3030628924189336,757.009666420151,0.20978638392095864,0.0001746550385577257,148.94887888434835,1.0178648568197715,0.0013642332938474115
9.655,2.302570348086895,757.0096055211278,0.20978716607619702,0.00017406617795457784,148.94942108439145,1.0162762326378831,0.0013622978720752002
9.66,2.3020855979386368,757.0095545048914,0.20978794551707136,0.00017347929247437914,148.94996342175114,1.0146901730246118,0.0013603649691930387
9.665000000000001,2.301608661111258,757.0095133734218,0.20978872224717957,0.00017289437987158437,148.95050589956918,1.0131066754236788,0.0013584345827039807
9.67,2.3011395564334127,757.0094821283086,0.20978949627015836,0.00017231143787072175,148.95104852093303,1.0115257372681252,0.001356506710113523
9.675,2.300678302424543,757.0094607707518,0.20979026758968305,0.00017173046416643417,148.95159128887596,1.0099473559803007,0.0013545813489295791
9.68,2.3002249172941727,757.0094493015614,0.2097910362094676,0.00017115145642353905,148.95213420637677,1.008371528971862,0.001352658496662463
9.685,2.2997794189411627,757.0094477211571,0.20979180213326434,0.00017057441227707516,148.95267727635985,1.0067982536437623,0.0013507381508248582
9.69,2.2993418249530313,757.0094560295689,0.2097925653648641,0.0001699993293323692,148.95322050169494,1.0052275273862543,0.0013488203089318028
9.695,2.2989121526052316,757.0094742264365,0.2097933259080959,0.0001694262051650894,148.9537638851973,1.003659347578881,0.0013469049685006591
9.700000000000001,2.298490418860498,757.0095023110098,0.20979408376682704,0.0001688550373213185,148.95430742962742,1.0020937115904813,0.0013449921270510966
9.705,2.2980766403681496,757.0095402821482,0.2097948389449627,0.00016828582331761485,148.9548511376911,1.0005306167791874,0.0013430817821050663
9.71,2.2976708334634575,757.009588138322,0.20979559144644613,0.0001677185606410899,148.9553950120392,0.9989700604924272,0.0013411739311867776
9.715,2.297273014166976,757.009645877611,0.20979634127525842,0.00016715324674947772,148.95593905526775,0.9974120400669297,0.0013392685718226784
9.72,2.2968831981839366,757.0097134977053,0.20979708843541828,0.0001665898790712179,148.9564832699178,0.9958565528287285,0.0013373657015414283
9.725,2.296501400903598,757.0097909959055,0.20979783293098203,0.00016602845500553174,148.9570276584754,0.9943035960931695,0.0013354653178738812
9.73,2.296127637398669,757.0098783691226,0.2097985747660434,0.00016546897192251127,148.9575722233713,0.9927531671649176,0.0013335674183530572
9.735,2.2957619224246866,757.0099756138778,0.20979931394473345,0.00016491142716320193,148.95811696698124,0.9912052633379675,0.001331672000514126
9.74,2.295404270419456,757.0100827263035,0.20980005047122033,0.0001643558180396976,148.95866189162558,0.9896598818956531,0.001329779061894379
9.745000000000001,2.2950546955024596,757.0101997021426,0.2098007843497093,0.0001638021418352293,148.95920699956937,0.9881170201106605,0.0013278886000332119
9.75,2.2947132114743223,757.0103265367492,0.20980151558444246,0.00016325039580426736,148.9597522930222,0.9865766752450428,0.0013260006124720999
9.755,2.294379831816241,757.0104632250882,0.20980224417969856,0.00016270057717261425,148.96029777413833,0.9850388445502302,0.001324115096754575
9.76,2.2940545696894796,757.0106097617364,0.20980297013979293,0.0001621526831375145,148.96084344501622,0.9835035252670532,0.0013222320504262066
9.765,2.293737437934823,757.0107661408822,0.20980369346907735,0.00016160671086775283,148.96138930769897,0.9819707146257531,0.0013203514710345768
9.77,2.293428449072096,757.0109323563254,0.2098044141719398,0.00016106265750376978,148.96193536417377,0.9804404098460079,0.0013184733561292616
9.775,2.2931276152996425,757.0111084014783,0.20980513225280423,0.00016052052015776594,148.96248161637217,0.9789126081369456,0.0013165977032618054
9.78,2.292834948493871,757.0112942693655,0.20980584771613067,0.0001599802959138233,148.9630280661699,0.9773873066971727,0.0013147245099857034
9.785,2.292550460208758,757.0114899526243,0.2098065605664147,0.0001594419818280152,148.96357471538664,0.9758645027147904,0.001312853773856376
9.790000000000001,2.2922741616754205,757.0116954435045,0.20980727080818748,0.00015890557492853312,148.96412156578626,0.9743441933674254,0.001310985492431151
9.795,2.2920060638016446,757.01191073387,0.20980797844601556,0.00015837107221580322,148.96466861907655,0.9728263758222505,0.0013091196632692406
9.8,2.2917461771714804,757.0121358151973,0.2098086834845007,0.0001578384706626167,148.96521587690918,0.971311047236013,0.0013072562839317183
9.805,2.291494512044801,757.0123706785776,0.20980938592827952,0.00015730776721425394,148.96576334087962,0.9697982047550642,0.0013053953519815025
9.81,2.2912510783569195,757.0126153147158,0.20981008578202348,0.00015677895878861913,148.9663110125272,0.9682878455153863,0.001303536864983329
9.815,2.2910158857181755,757.0128697139321,0.20981078305043865,0.00015625204227637,148.96685889333486,0.9667799666426257,0.001301680820503737
9.82,2.2907889434135766,757.0131338661611,0.2098114777382655,0.0001557270145410577,148.96740698472922,0.9652745652521223,0.001299827216111041
9.825000000000001,2.2905702604024105,757.013407760953,0.20981216985027867,0.00015520387241926186,148.96795528808053,0.9637716384489446,0.0012979760493753172
9.83,2.290359845317914,757.013691387474,0.20981285939128674,0.0001546826127207363,148.96850380470246,0.9622711833279245,0.001296127317868378
9.835,2.290157706466907,757.0139847345064,0.20981354636613211,0.00015416323222854742,148.96905253585217,0.9607731969736889,0.0012942810191637517
9.84,2.289963851829492,757.0142877904494,0.20981423077969072,0.00015364572769922686,148.96960148273027,0.9592776764607028,0.0012924371508366654
9.845,2.2897782890587113,757.0146005433194,0.20981491263687188,0.0001531300958629139,148.97015064648065,0.9577846188533006,0.0012905957104640201
9.85,2.289601025480271,757.0149229807499,0.20981559194261795,0.00015261633342351322,148.97070002819046,0.9562940212057318,0.0012887566956243757
9.855,2.2894320680922275,757.0152550899935,0.2098162687019043,0.00015210443705884237,148.97124962889012,0.9548058805621947,0.0012869201038979243
9.86,2.2892714235647356,757.0155968579206,0.20981694291973887,0.00015159440342079396,148.97179944955315,0.9533201939568848,0.001285085932866478
9.865,2.289119098239759,757.0159482710213,0.20981761460116216,0.00015108622913548813,148.9723494910962,0.9518369584140308,0.0012832541801134413
9.870000000000001,2.2889750981308477,757.0163093154051,0.20981828375124675,0.00015057991080343904,148.97289975437897,0.9503561709479442,0.0012814248432237976
9.875,2.288839428922872,757.016679976802,0.20981895037509732,0.00015007544499971305,148.97345024020416,0.9488778285630605,0.001279597919784087
9.88,2.2887120959718272,757.0170602405627,0.20981961447785022,0.00014957282827409766,148.9740009493174,0.9474019282539858,0.0012777734073823844
9.885,2.2885931043045935,757.0174500916593,0.20982027606467335,0.00014907205715126615,148.9745518824073,0.945928467005546,0.0012759513036082856
9.89,2.2884824586187644,757.0178495146858,0.20982093514076589,0.00014857312813094998,148.97510304010518,0.944457441792832,0.0012741316060528819
9.895,2.288380163282436,757.0182584938591,0.20982159171135797,0.00014807603768810792,148.97565442298526,0.9429888495812518,0.001272314312308747
9.9,2.288286222334059,757.018677013019,0.20982224578171055,0.0001475807822731025,148.97620603156443,0.9415226873265791,0.0012704994199699126
9.905,2.2882006394822554,757.0191050556296,0.2098228973571151,0.00014708735831187356,148.9767578663023,0.9400589519750056,0.0012686869266318537
9.91,2.288123418105695,757.019542604779,0.20982354644289336,0.00014659576220611882,148.97730992760117,0.9385976404631926,0.0012668768298914664
9.915000000000001,2.2880545612529404,757.019989643181,0.20982419304439706,0.00014610599033347118,148.9778622158058,0.9371387497183258,0.0012650691273470528
9.92,2.287994071642348,757.0204461531752,0.20982483716700773,0.000145618039047684,148.9784147312037,0.9356822766581697,0.0012632638165983
9.925,2.287941951661938,757.0209121167272,0.20982547881613636,0.0001451319046788109,148.97896747402484,0.9342282181911203,0.0012614608952462615
9.93,2.2878982033693247,757.0213875154309,0.20982611799722314,0.00014464758353339633,148.97952044444162,0.932776571216267,0.001259660360893342
9.935,2.2878628284916096,757.0218723305073,0.20982675471573736,0.0001441650718946583,148.98007364256895,0.9313273326234436,0.001257862211143275
9.94,2.2878358284253393,757.0223665428068,0.20982738897717684,0.00014368436602268294,148.98062706846412,0.9298804992932933,0.001256066443601109
9.945,2.2878172042364238,757.0228701328089,0.209828020787068,0.00014320546215461073,148.9811807221268,0.9284360680973217,0.0012542730558731867
9.950000000000001,2.287806956660121,757.0233830806236,0.20982865015096527,0.00014272835650483429,148.98173460349895,0.926994035897963,0.0012524820455671291
9.955,2.2878050861009815,757.0239053659922,0.2098292770744511,0.00014225304526518928,148.98228871246485,0.9255543995486377,0.0012506934102918179
9.96,2.287811592632859,757.0244369682874,0.2098299015631354,0.0001417795246051535,148.98284304885107,0.9241171558938148,0.001248907147657376
9.965,2.28782647599888,757.0249778665151,0.2098305236226556,0.00014130779067204316,148.98339761242636,0.922682301769077,0.0012471232552751538
9.97,2.287849735611481,757.0255280393143,0.20983114325867608,0.00014083783959121415,148.98395240290174,0.921249834001182,0.0012453417307577083
9.975,2.2878813705524075,757.0260874649586,0.20983176047688798,0.00014036966746626167,148.98450741993042,0.9198197494081299,0.0012435625717187903
9.98,2.287921379572773,757.0266561213568,0.20983237528300894,0.0001399032703792246,148.98506266310775,0.9183920447992265,0.0012417857757733228
9.985,2.2879697610930836,757.0272339860538,0.20983298768278286,0.00013943864439078843,148.9856181319712,0.9169667169751519,0.0012400113405373894
9.99,2.2880265132033264,757.0278210362316,0.20983359768197954,0.0001389757855404921,148.98617382600034,0.9155437627280254,0.0012382392636282131
9.995000000000001,2.2880916336630204,757.02841724871,0.20983420528639435,0.000138514689846934,148.98672974461687,0.9141231788414762,0.0012364695426641443
10.0,2.2881651199012607,757.0290225999473,0.2098348105018481,0.00013805535330797507,148.98728588718453,0.9127049620907073,0.001234702175264641
