time_s,V_A,P_A,f_o,f_c,p_o,p_c,z
0,1,760,0.1368,0.05263,40,46,4.4219e-07
0.005,1.0146372323515893,759.9669041413316,0.13679947457867672,0.05262881405002288,40.67272888818226,43.39192663998455,7.060558181279562e-05
0.01,1.0291183585109551,759.9341975320557,0.13680582092002597,0.052622417081568854,41.36397464193938,41.072164467218236,0.00013672162969026938
0.015,1.0434452332679476,759.9018759950226,0.13681876251240496,0.052611051843853056,42.07480256299563,39.00885563028047,0.0001992281580607917
0.02,1.0576196900844355,759.8699353869258,0.13683803696803548,0.05259494526668809,42.806332758575394,37.173647105780475,0.00025851462451618605
0.025,1.071643541331729,759.8383715992553,0.1368633950468226,0.0525743099086487,43.55974173438599,35.54130559019678,0.00031492744174103156
0.03,1.0855185785253312,759.8071805590972,0.13689459976710336,0.05254934524287656,44.33626343025746,34.0893746909603,0.0003687747146898497
0.035,1.0992465725570466,759.7763582297974,0.13693142559401347,0.05252023880101836,45.13718949946516,32.797869777108986,0.00042033045715077764
0.04,1.1128292739244838,759.7459006115034,0.1369736576972831,0.052487167192996294,45.963868582763,31.649006346646473,0.0004698383449683
0.045,1.1262684129579827,759.7158037415982,0.13702109127124484,0.05245029701789838,46.81770426809034,30.626958234441915,0.0005175150567468026
0.05,1.139565700045001,759.6860636950395,0.13707353091066857,0.05240978567923911,47.70015135563534,29.717642378105843,0.0005635532474164518
0.055,1.152722825851959,759.656676584613,0.1371307900367571,0.052365782116075316,48.61270996441623,28.908527229032675,0.0006081241949316553
0.06,1.1657414615436152,759.6276385611104,0.13719269036825268,0.05231842745996756,49.556916920544566,28.188462207644132,0.0006513801560617319
0.065,1.1786232589999632,759.5989458134392,0.1372590614331364,0.052267855626475325,50.53433375934778,27.54752589482395,0.0006934564631834687
0.07,1.191369851030706,759.5705945686718,0.13732974011685833,0.05221419384876913,51.546530556111875,26.976890898613526,0.0007344733905696143
0.075,1.2039828515873126,759.5425810920403,0.1374045702434275,0.052157563159976585,52.59506467793843,26.468703567352726,0.0007745378154583139
0.08,1.2164638559727026,759.5149016868808,0.13748340218602384,0.0520980788300577,53.681453431145435,26.015976916221096,0.0008137446964819792
0.085,1.2288144410485726,759.4875526945325,0.13756609250408072,0.052035850762283654,54.807139478177675,25.612495318047994,0.0008521783894913121
0.09,1.2410361654403987,759.460530494195,0.1376525036040312,0.05197098385377735,55.97344783679096,25.252729664381373,0.0008899138186655717
0.095,1.2531305697401385,759.4338315027453,0.13774250342112299,0.05190357832403277,57.181533281493756,24.931761848529362,0.0009270175187853129
0.1,1.2650991767066582,759.4074521745174,0.13783596511989601,0.051833730014865846,58.43231708459592,24.64521754520353,0.0009635485628444068
0.105,1.2769434914639135,759.3813890010458,0.13793276681108946,0.05176153066484009,59.726412312707176,24.389206376859956,0.0009995593875816002
0.11,1.288665001696911,759.3556385107737,0.13803279128292054,0.051687068160855554,61.06403739825912,24.16026865423075,0.0010350965281652274
0.115,1.300265177845464,759.3301972687259,0.13813592574486372,0.05161042676927491,62.44491850136665,23.955327970032233,0.0010702012719995876
0.12,1.3117454732957843,759.3050618761479,0.1382420615822735,0.05153168734868693,63.868182331282235,23.771649002013447,0.0011049102405543993
0.125,1.3231073245699239,759.2802289701115,0.13835109412045993,0.05145092754615856,65.33224264944292,23.606799954005904,0.0011392559071162825
0.13,1.334352151513089,759.2556952230881,0.1384629223971527,0.051368221978607825,66.83468562464668,23.458619124791863,0.001173267057515617
0.135,1.345481357478862,759.2314573424921,0.13857744894269824,0.051283642400727414,68.372161466368,23.325185152052985,0.0012069692000877845
0.14,1.356496329512349,759.2075120701991,0.13869457956782458,0.051197257860706155,69.94029212108242,23.204790527121922,0.0012403849304577152
0.145,1.3673984385312679,759.1838561820425,0.13881422315937716,0.05110913484482514,71.53360692533164,23.095918021775983,0.0012735342561072229
0.15,1.37818903950501,759.1604864872999,0.13893629148504316,0.05101933741185181,73.1455194672054,22.9972197067117,0.0013064348851536056
0.155,1.388869471631705,759.1373998281756,0.13906069900869308,0.050927927318013703,74.76835891065875,22.9074982774037,0.0013391024832692152
0.16,1.3994410585132937,759.1145930792957,0.13918736271849397,0.050834964133213714,76.39346708521168,22.825690433478513,0.001371550902250898
0.165,1.409905108328644,759.0920631472275,0.13931620197029546,0.050740505349047796,78.0113683292337,22.75085208630927,0.001403792383352957
0.17,1.4202629140047347,759.0698069700384,0.1394471383488563,0.05064460647911324,79.61201237877953,22.68214519364832,0.001435837738163821
0.17500000000000002,1.4305157533859159,759.047821516909,0.13958009554918038,0.05054732115205267,81.18508208917007,22.618826042758236,0.0014676965094933766
0.18,1.4406648894012726,759.0261037878099,0.13971499927954142,0.050448701197765,82.72034864803501,22.560234822610674,0.001499377114473661
0.185,1.4507115702301292,759.0046508132496,0.139851777186719,0.0503487967272277,84.20804887337422,22.505786343669048,0.0015308869718274024
0.19,1.460657029465695,758.983459654095,0.1399903588026673,0.05024765620640772,85.63925395376116,22.454961778919902,0.0015622326150494627
0.195,1.4705024862768774,758.9625274014584,0.1401306755104602,0.05014532652477758,87.00619797635322,22.40730131404509,0.0015934197930495934
0.2,1.4802491455682893,758.9418511766401,0.14027266052612442,0.050041853058987125,88.3025383146323,22.362397606638545,0.0016244535596389434
0.20500000000000002,1.4898981981384634,758.9214281311116,0.14041624889206442,0.04993727973225847,89.52352786050125,22.319889965650965,0.001655338353086976
0.21,1.4994508208363153,758.9012554465208,0.14056137747734695,0.049831649070064134,90.66608966588232,22.2794591717687,0.0016860780668439674
0.215,1.50890817671583,758.8813303346991,0.1407079849801841,0.04972500225261379,91.72879574755055,22.24082286837256,0.0017166761124008535
0.22,1.5182714151890402,758.8616500376546,0.1408560119284856,0.049617379164615276,92.71176161926267,22.203731460268344,0.0017471354751540382
0.225,1.5275416721772925,758.8422118275366,0.1410054006752227,0.04950881844270119,93.6164750591923,22.167964464461157,0.001777458764045038
0.23,1.5367200702608157,758.8230130065607,0.14115609538638965,0.04939935752082986,94.44558108208354,22.13332726322145,0.0018076482556623192
0.23500000000000001,1.5458077188266321,758.8040509068886,0.1413080420204153,0.04928903267388953,95.20264518547,22.099648215295353,0.0018377059334152778
0.24,1.5548057142148128,758.7853228904627,0.14146118829882756,0.049177879059663684,95.8919144406783,22.066776085842704,0.0018676335223249212
0.245,1.5637151398630946,758.7668263487949,0.14161548366873128,0.049065930759259586,96.51809188574742,22.034577760122133,0.0018974325199144946
0.25,1.5725370664498883,758.7485587027159,0.14177087925818826,0.04895322081605952,97.08613495137101,22.00293620968831,0.0019271042236314766
0.255,1.5812725520356923,758.7305174020896,0.14192732782589126,0.048839781273228355,97.60108410234061,21.971748683378717,0.0019566497551837697
0.26,1.5899226422029242,758.7126999255001,0.1420847837066365,0.04872564320979652,98.06792400579711,21.940925098334542,0.0019860700821318533
0.265,1.5984883701942008,758.6951037799171,0.14224320275406344,0.04861083677533191,98.49147660030421,21.910386609082572,0.0020153660370401476
0.27,1.6069707570490657,758.6777265003469,0.14240254228199786,0.04849539122321639,98.87632344089214,21.880064335057078,0.0020445383344582864
0.275,1.6153708117392016,758.6605656494742,0.14256276100554094,0.04837933494254734,99.22675355224757,21.849898229145644,0.002073587585972479
0.28,1.623689531302139,758.6436188172986,0.1427238189828361,0.04826269548869152,99.54673253610339,21.819836071708185,0.002102514313541329
0.28500000000000003,1.631927900973463,758.6268836207719,0.1428856775582314,0.04814549961252547,99.83988868445326,21.78983257626628,0.002131318961306309
0.29,1.640086894317549,758.6103577034355,0.14304829930736174,0.0480277732884035,100.10951215662953,21.75984859453958,0.0021600019060466135
0.295,1.648167473356854,758.5940387350643,0.1432116479845048,0.04790954174089906,100.358563762761,21.729850409891515,0.0021885634664289798
0.3,1.656170588699763,758.5779244113149,0.14337568847242665,0.04779082947036887,100.58969044504333,21.69980910942032,0.0022170039111868286
0.305,1.664097179667008,758.5620124533823,0.1435403867348191,0.047671660277392086,100.80524509997178,21.669700026029417,0.002245323466347919
0.31,1.6719481744166758,758.546300607663,0.14370570977134806,0.047552057286137143,101.00730889366963,21.63950224274224,0.0022735223216168647
0.315,1.6797244900678385,758.5307866454269,0.14387162557526792,0.04743204296670938,101.19771466757672,21.60919815239664,0.0023016006360068197
0.32,1.6874270328228098,758.5154683624966,0.14403810309351384,0.04731163915653157,101.37807040720425,21.578773066592337,0.002329558542804495
0.325,1.6950566980880204,758.5003435789348,0.14420511218915494,0.0471908670808081,101.5497820496896,21.548214868454266,0.0023573961539431216
0.33,1.7026143705935723,758.4854101387396,0.1443726236060745,0.04706974737212148,101.7140751477395,21.517513704359917,0.0023851135638499332
0.335,1.7101009245114527,758.4706659095458,0.14454060893573506,0.04694830008920773,101.8720150907002,21.486661710324817,0.002412710852827189
0.34,1.7175172235724336,758.4561087823353,0.1447090405858839,0.04682654473495473,102.0245257235826,21.45565276920437,0.0024401880900193945
0.34500000000000003,1.72486412118168,758.4417366711514,0.1448778917510577,0.0467045002736656,102.17240630399624,21.424482295302635,0.0024675453360133823
0.35000000000000003,1.732142460533072,758.4275475128213,0.14504713638475034,0.04658218514762598,102.31634680962586,21.393147043346303,0.0024947826451128916
0.355,1.7393530747222523,758.4135392666839,0.14521674917311578,0.046459617293012345,102.45694165543739,21.36164493912472,0.0025219000673245306
0.36,1.7464967868584242,758.3997099143219,0.14538670551008606,0.0463368141551757,102.59470191192815,21.32997492938804,0.002548897650088036
0.365,1.7535744101749033,758.3860574593006,0.14555698147379367,0.04621379270333334,102.73006613222816,21.298136848866843,0.0025757754397799674
0.37,1.7605867481384572,758.3725799269102,0.145727553804197,0.04609056944469863,102.86340990555843,21.266131302507365,0.0026025334830168476
0.375,1.7675345945574132,758.3592753639136,0.14589839988181558,0.0459671604380773,102.99505425537635,21.233959561231153,0.0026291718277807654
0.38,1.7744187336885737,758.3461418382974,0.14606949770749098,0.045843581306956795,103.12527299896675,21.20162346971099,0.002655690524387974
0.385,1.7812399403429526,758.3331774390278,0.14624082588309645,0.045719847252113414,103.25429917888403,21.16912536482461,0.00268208962631866
0.39,1.7879989799903444,758.3203802758101,0.1464123635931262,0.04559597306376042,103.38233067020244,21.13646800359298,0.002708369190924091
0.395,1.7946966088627148,758.3077484788512,0.14658409058710076,0.04547197313325915,103.50953505866582,21.103654499544113,0.00273452928002548
0.4,1.8013335740564642,758.2952801986264,0.1467559871627322,0.04534786146441346,103.63605387692145,21.070688266558385,0.0027605699604173473
0.405,1.8079106136335512,758.2829736056492,0.1469280341497973,0.045223651684366456,103.76200627700591,21.03757296935766,0.002786491304286692
0.41000000000000003,1.8144284567215028,758.2708268902439,0.14710021289467237,0.04509935705411803,103.88749220956203,21.004312479891592,0.00281229338955804
0.41500000000000004,1.8208878236123094,758.2588382623217,0.14727250524548685,0.044974990478679776,104.01259517215772,20.970910838958474,0.0028379763001732832
0.42,1.827289425860232,758.2470059511594,0.14744489353785792,0.044850564516883566,104.13738458231575,20.93737222247041,0.0028635401263142368
0.425,1.8336339663785284,758.2353282051813,0.14761736058117061,0.04472609139085864,104.26191782402847,20.903700911838815,0.0028889849645749297
0.43,1.8399221395351049,758.2238032917436,0.14778988964537215,0.044601582995191645,104.38624201090394,20.86990126801365,0.0029143109180898626
0.435,1.8461546312471153,758.2124294969215,0.1479624644482508,0.044477050905783036,104.51039550354675,20.83597770876233,0.002939518096623755
0.44,1.8523321190745208,758.2012051252988,0.14813506914317345,0.04435250638841235,104.63440921424987,20.801934688819507,0.0029646066166276663
0.445,1.8584552723126018,758.1901284997606,0.14830768830725624,0.04422796040702478,104.75830772769008,20.767776682580582,0.0029895766012658395
0.45,1.8645247520834562,758.1791979612874,0.1484803069299474,0.04410342363175018,104.8821102627577,20.7335081690477,0.0030144281804170875
0.455,1.8705412114264912,758.168411868753,0.14865291040200024,0.043978906446665314,105.00583149724375,20.699133618769796,0.003039161490654139
0.46,1.876505295387917,758.1577685987232,0.14882548450481803,0.043854418957309765,105.12948227434875,20.664657482546783,0.003063776675203928
0.465,1.8824176411092475,758.1472665452587,0.1489980154001524,0.04372997099796521,105.25307020736031,20.63008418169387,0.003088273883891505
0.47000000000000003,1.888278877914822,758.1369041197185,0.14917048962013968,0.043605572138707215,105.3766001967328,20.595418099684597,0.0031126532730698965
0.47500000000000003,1.894089627398379,758.1266797505662,0.14934289405765883,0.043481231692238574,105.50007487181102,20.56066357501166,0.003136915005538005
0.48,1.8998505035086568,758.1165918831792,0.1495152159569977,0.04335695872051239,105.62349496783365,20.52582489512248,0.0031610592504483655
0.485,1.9055621126340676,758.1066389796597,0.14968744290481353,0.04323276204115299,105.74685964734655,20.490906291302586,0.0031850861832063756
0.49,1.9112250536864281,758.0968195186465,0.14985956282137572,0.04310865023368234,105.8701667739436,20.455911934394212,0.0032089959853624215
0.495,1.9168399181837732,758.0871319951315,0.15003156395207876,0.04298463164555904,105.99341314512104,20.420845931250003,0.0032327888444981467
0.5,1.9224072903322604,758.0775749202755,0.1502034348592146,0.042860714398037056,106.11659469011998,20.385712321833307,0.003256464954107966
0.505,1.9279277471071685,758.0681468212288,0.15037516441399404,0.042736906391850654,106.2397066377846,20.35051507688619,0.003280024513476784
0.51,1.9334018583330117,758.0588462409512,0.1505467417888071,0.0426132153127319,106.36274365878187,20.315258096095597,0.003303467727554773
0.515,1.9388301867627677,758.0496717380361,0.1507181564497132,0.0424896486367668,106.48569998589763,20.279945206695707,0.0033267948068299367
0.52,1.94421328815624,758.0406218865354,0.15088939814915298,0.04236621363559579,106.60856951561436,20.244580162451772,0.0033500059671991256
0.525,1.9495517113575593,758.0316952757868,0.1510604569188722,0.04224291738146415,106.73134589370743,20.209166642976836,0.0033731014298380457
0.53,1.954845998371829,758.0228905102427,0.15123132306305123,0.042119766752127724,106.85402258721851,20.1737082533385,0.003396081421070777
0.535,1.9600966844409362,758.014206209302,0.1514019871516315,0.04199676843561866,106.97659294481699,20.138208523917513,0.003418946172239201
0.54,1.9653042981185347,758.0056410071418,0.15157244001383272,0.04187392893487652,107.09905024728002,20.102670910484782,0.0034416959195727346
0.545,1.9704693613441926,757.9971935525533,0.15174267273185316,0.041751254572248944,107.22138774956503,20.067098794466855,0.0034643309040586585
0.55,1.9755923895167387,757.9888625087782,0.15191267663474742,0.041628751493866654,107.34359871574114,20.031495483373774,0.0034868513713133434
0.555,1.9806738915668027,757.9806465533468,0.15208244329247472,0.041506425673896875,107.46567644785702,19.995864211365976,0.0035092575714545833
0.56,1.9857143700285564,757.9725443779186,0.15225196451011255,0.041384282918679245,107.58761430966933,19.960208139939844,0.0035315497589752543
0.5650000000000001,1.9907143211106786,757.9645546881245,0.15242123232222918,0.041262328870748405,107.70940574601717,19.924530358713845,0.003553728192618449
0.5700000000000001,1.995674234766539,757.9566762034104,0.15259023898741045,0.04114056901274679,107.83104429851579,19.888833886299338,0.0035757931352542465
0.5750000000000001,2.0005945947636095,757.948907656883,0.15275897698293522,0.041019008671231226,107.95252361813955,19.85312167124207,0.0035977448537582216
0.58,2.005475878752132,757.9412477951568,0.15292743899959488,0.04089765302037692,108.0738374751838,19.8173965930221,0.003619583618891796
0.585,2.0103185583330214,757.9336953782034,0.15309561793665138,0.04077650708558228,108.19497976701811,19.781661463101244,0.00364130970518451
0.59,2.015123099125019,757.9262491792026,0.1532635068969305,0.040655575746977514,108.31594452398555,19.745919026008742,0.003662923390818272
0.595,2.0198899608311405,757.918907984394,0.15343109918204462,0.04053486374284035,108.4367259137459,19.710171960456634,0.003684424957513642
0.6,2.024619597304389,757.9116705929314,0.1535983882877421,0.04041437567292161,108.55731824431858,19.67442288047781,0.003705814690418177
0.605,2.0293124566127325,757.904535816739,0.1537653678993781,0.04029411600168375,108.67771596603978,19.63867433658023,0.003727092877996867
0.61,2.033968981103395,757.8975024803678,0.15393203188750382,0.04017408906145489,108.7979136726182,19.602928816911955,0.0037482598119246784
0.615,2.0385896074664345,757.8905694208556,0.15409837430356976,0.04005429905550112,108.91790610144193,19.567188748432052,0.003769315786981209
0.62,2.0431747667976397,757.8837354875864,0.1542643893757403,0.03993475006101951,109.0376881332702,19.531456498083365,0.0037902611009474592
0.625,2.047724884660736,757.8769995421532,0.15443007150481505,0.039815446032054384,109.15725479141742,19.495734373963444,0.003811096054504709
0.63,2.0522403811489,757.8703604582215,0.15459541526025478,0.039696390802339214,109.27660124052599,19.46002462649067,0.0038318209511354934
0.635,2.0567216709456333,757.8638171213944,0.15476041537630764,0.039577588088066266,109.39572278500344,19.424329449562812,0.003852436097026663
0.64,2.0611691633849674,757.8573684290793,0.15492506674823378,0.03945904149058635,109.51461486719283,19.388650981705855,0.003872941800974505
0.645,2.0655832625109936,757.851013290356,0.15508936442862417,0.03934075449904077,109.63327306532933,19.352991307211116,0.003893338374291904
0.65,2.0699643671367647,757.8447506258467,0.15525330362381204,0.039222730492927294,109.75169309133213,19.31735245725909,0.003913626130717525
0.655,2.0743128709025593,757.8385793675866,0.155416879690373,0.03910497274460246,109.86987078846802,19.281736411028625,0.003933805386326982
0.66,2.0786291623334994,757.832498458897,0.15558008813171192,0.03898748442172193,109.98780212892228,19.24614509679037,0.00395387645944596
0.665,2.0829136248965607,757.8265068542592,0.1557429245947341,0.038870268589620526,110.10548321130045,19.210580392983506,0.003973839670565284
0.67,2.087166637056953,757.8206035191898,0.15590538486659758,0.03875332821363411,110.22291025808714,19.17504412927511,0.003993695342257862
0.675,2.091388572333892,757.8147874301178,0.15606746487154483,0.03863666616136467,110.34007961307717,19.139538087601508,0.004013443799097519
0.68,2.0955797993557757,757.8090575742629,0.15622916066781165,0.038520285204890356,110.45698773879766,19.1040640031912,0.004033085367579638
0.685,2.09974068191475,757.8034129495146,0.1563904684446101,0.03840418802292217,110.57363121393033,19.06862356556906,0.004052620376043616
0.6900000000000001,2.1038715790206957,757.7978525643142,0.15655138451918435,0.038288377202908876,110.6900067307482,19.033218419541566,0.004072049154597075
0.6950000000000001,2.107972844954625,757.7923754375362,0.15671190533393703,0.03817285524309112,110.80611109257076,18.9978501661629,0.004091372035041801
0.7000000000000001,2.1120448293215053,757.7869805983723,0.1568720274536241,0.038057624554506814,110.9219412112487,18.96252036368196,0.004110589350801389
0.705,2.1160878771025096,757.781667086217,0.15703174756261587,0.03794268746294885,111.03749410467935,18.92723052847019,0.004129701436850526
0.71,2.1201023287067096,757.7764339505529,0.15719106246222317,0.037828046210876494,111.15276689436165,18.891982135930384,0.004148708629645923
0.715,2.1240885200222053,757.7712802508393,0.15734996906808618,0.03771370295928185,111.26775680298873,18.85677662138655,0.004167611267058825
0.72,2.1280467824666935,757.7662050564,0.1575084644076244,0.03759965978951237,111.38246115208622,18.821615380955002,0.004186409688309075
0.725,2.1319774430375147,757.7612074463149,0.15766654561754617,0.037485918705051156,111.4968773596924,18.786499772396883,0.00420510423390072
0.73,2.135880824361153,757.7562865093097,0.15782420994141577,0.03737248163325558,111.61100293808727,18.75143111595238,0.004223695245559091
0.735,2.139757244742191,757.75144134365,0.15798145472727718,0.03725935042705585,111.72483549156539,18.716410695156792,0.004242183066169346
0.74,2.1436070182117426,757.7466710570344,0.15813827742533215,0.03714652686661422,111.83837271425922,18.681439757638852,0.00426056803971645
0.745,2.147430454575378,757.7419747664899,0.15829467558567198,0.037034012660946275,111.9516123880067,18.646519515901502,0.004278850511226535
0.75,2.1512278594605285,757.7373515982677,0.15845064685606042,0.03692180944950513,112.06455238026928,18.611651148085485,0.004297030826709638
0.755,2.1549995343633683,757.7328006877411,0.15860618897976775,0.03680991880372941,112.17719064209415,18.57683579871599,0.004315109333103766
0.76,2.1587457766952154,757.7283211793042,0.15876129979345366,0.03669834222855616,112.28952520612589,18.542074579432786,0.0043330863782202675
0.765,2.162466879828416,757.7239122262713,0.15891597722509776,0.03658708116389956,112.40155418466125,18.50736856970407,0.004350962310690481
0.77,2.1661631331417475,757.7195729907779,0.15907021929197693,0.036476136986096405,112.51327576775253,18.472718817524438,0.004368737479913627
0.775,2.1698348220653343,757.7153026436831,0.15922402409868763,0.03636551100931904,112.62468822135214,18.438126340097238,0.004386412236005922
0.78,2.1734822281250783,757.7111003644724,0.15937738983521302,0.03625520448695668,112.73578988550429,18.40359212450174,0.0044039869297508825
0.785,2.177105628986623,757.706965341162,0.1595303147750322,0.03614521861296613,112.84657917257631,18.369117128345355,0.004421461912550796
0.79,2.180705298498835,757.7028967702046,0.15968279727327225,0.036035554523192355,112.95705456553542,18.3347022804013,0.004438837536379326
0.795,2.184281506736831,757.6988938563953,0.1598348357649002,0.03592621329665995,113.06721461626299,18.30034848123202,0.004456114153735237
0.8,2.18783452004455,757.6949558127797,0.15998642876295574,0.035817195956836065,113.17705794391269,18.266056603798702,0.0044732921175972
0.805,2.1913646010768555,757.6910818605619,0.16013757485682178,0.035708503472865645,113.286583233304,18.231827494057182,0.004490371781379668
0.81,2.194872008841193,757.6872712290148,0.1602882727105336,0.03560013676077962,113.39578923335803,18.197661971540587,0.00450735349888979
0.8150000000000001,2.198356998738816,757.68352315539,0.16043852106112422,0.0354920966846767,113.50467475556657,18.16356082992903,0.004524237624285335
0.8200000000000001,2.2018198226055645,757.6798368848307,0.16058831871700616,0.03538438405787949,113.61323867250175,18.129524837606628,0.00454102451203362
0.8250000000000001,2.205260728752206,757.676211670283,0.16073766455638785,0.035276999644065596,113.72147991635711,18.095554738206204,0.0045577145168714025
0.8300000000000001,2.2086799620043513,757.6726467724105,0.1608865575257247,0.035169944158374156,113.82939747752721,18.061651251141885,0.004574307993765727
0.835,2.2120777637419513,757.6691414595091,0.1610349966382028,0.03506321826848869,113.93699040321711,18.027815072130004,0.004590805297875697
0.84,2.2154543719383595,757.6656950074223,0.16118298097225583,0.03495682259569658,114.04425779608887,17.994046873698476,0.004607206784515155
0.845,2.2188100211989994,757.662306699458,0.16133050967011323,0.034850757715925974,114.15119881293575,17.960347305685,0.004623512809116254
0.85,2.2221449427996056,757.6589758263061,0.16147758193637934,0.0347450241607604,114.25781266339186,17.92671699572431,0.004639723727193895
0.855,2.2254593647240704,757.6557016859574,0.16162419703664313,0.034639622418431944,114.36409860866804,17.893156549724786,0.004655839894311012
0.86,2.228753511701881,757.6524835836228,0.1617703542961167,0.03453455293479335,114.47005596032173,17.85966655233468,0.004671861666044691
0.865,2.2320276052451686,757.6493208316537,0.16191605309830323,0.034429816114269374,114.5756840790511,17.826247567398138,0.004687789397953098
0.87,2.2352818636853584,757.6462127494635,0.1620612928836926,0.034325412320788236,114.68098237352177,17.792900138401368,0.004703623445543202
0.875,2.238516502209438,757.6431586634502,0.16220607314848448,0.034221341878693405,114.78595029921655,17.759624788909132,0.004719364164239274
0.88,2.2417317328958357,757.6401579069191,0.1623503934433382,0.03411760507363631,114.8905873573163,17.726422022991816,0.00473501190935215
0.885,2.2449277647499275,757.6372098200068,0.16249425337214884,0.034014202153450225,114.99489309360226,17.693292325643277,0.00475056703604923
0.89,2.248104803739171,757.6343137496067,0.16263765259084859,0.033911133329006075,115.09886709738807,17.660236163189772,0.0047660298993252095
0.895,2.2512630528278574,757.6314690492944,0.1627805908062333,0.033808398775050284,115.20250900047205,17.627253983690057,0.004781400853973521
0.9,2.254402712011509,757.6286750792544,0.16292306777481314,0.03370599863102535,115.3058184761181,17.594346217326997,0.004796680254558469
0.905,2.2575239783509127,757.625931206208,0.1630650833016872,0.03360393300187328,115.40879523805535,17.56151327679081,0.00481186845538805
0.91,2.26062704600578,757.6232368033408,0.16320663723944115,0.03350220195882257,115.51143903950508,17.528755557654165,0.0048269658104874305
0.915,2.2637121062680827,757.620591250233,0.16334772948706777,0.0334008055401588,115.61374967222555,17.496073438739362,0.0048419726735730905
0.92,2.2667793475950204,757.6179939327885,0.16348835998890945,0.03329974375197947,115.71572696558303,17.463467282477723,0.004856889398027586
0.925,2.269828955641638,757.6154442431664,0.1636285287336226,0.03319901656893335,115.81737078563904,17.43093743526143,0.004871716336874955
0.93,2.272861113293108,757.612941579712,0.16376823575316288,0.03309862393494463,115.91868103426326,17.398484227787982,0.004886453842756714
0.935,2.2758760006966794,757.6104853468898,0.1639074811217916,0.03299856576392231,116.01965764826149,17.36610797539741,0.004901102267908473
0.9400000000000001,2.278873795293279,757.6080749552165,0.16404626495510188,0.032898841940455115,116.12030059852805,17.333808978402462,0.0049156619641371165
0.9450000000000001,2.2818546718487953,757.6057098211946,0.1641845874090649,0.03279945232049227,116.22060988921238,17.301587522411925,0.004930133282798569
0.9500000000000001,2.284818802485031,757.603389367248,0.16432244867909535,0.032700396732010445,116.32058555690935,17.269443878647188,0.004944516574776115
0.9550000000000001,2.287766356710328,757.6011130216567,0.1644598489991358,0.03260167497566715,116.42022766986227,17.23737830425228,0.004958812190459269
0.96,2.2906975014498734,757.5988802184934,0.16459678864075955,0.032503286825441007,116.5195363271892,17.205391042597494,0.004973020479723181
0.965,2.2936124010756975,757.5966903975606,0.16473326791229168,0.032405232029258976,116.61851165812101,17.17348232357672,0.0049871417919085705
0.97,2.296511217436349,757.5945430043283,0.16486928715794746,0.03230751030961105,116.71715382126153,17.141652363898714,0.005001176475802171
0.975,2.29939410988627,757.5924374898724,0.16500484675698857,0.03221012136415247,116.815463003859,17.109901367372355,0.005015124879617676
0.98,2.3022612353148557,757.5903733108137,0.16513994712289565,0.03211306486629395,116.91343942109863,17.078229525186067,0.005028987350977187
0.985,2.305112748175222,757.5883499292582,0.1652745887025579,0.03201634046577998,117.01108331540568,17.04663701618158,0.005042764236893134
0.99,2.3079488005126674,757.5863668127375,0.16540877197547849,0.031919947789255644,117.10839495576903,17.01512400712205,0.005056455883750676
0.995,2.3107695419928436,757.58442343415,0.16554249745299618,0.03182388644082201,117.20537463707414,16.983690652954788,0.005070062637290552
1.0,2.313575119929625,757.5825192717032,0.16567576567752193,0.031728156002580575,117.30202267945624,16.952337097068654,0.005083584842592405
1.0050000000000001,2.316365679312706,757.5806538088557,0.16580857722179135,0.031632756035166694,117.39833942766202,16.921063471546226,0.005097022844058529
1.01,2.3191413628348965,757.5788265342615,0.16594093268813126,0.03153768607827255,117.49432525043052,16.889869897410907,0.0051103769853980624
1.0150000000000001,2.3219023109191435,757.5770369417129,0.16607283270774148,0.03144294565115964,117.58998053988245,16.85875648486906,0.005123647609611601
1.02,2.3246486617452717,757.5752845300863,0.1662042779399903,0.031348534253161114,117.68530571092779,16.82772333354724,0.005136835058976231
1.025,2.327380551276445,757.5735688032864,0.16633526907172416,0.03125445136417417,117.78030120068092,16.796770532724757,0.005149939675030969
1.03,2.330098113285361,757.5718892701931,0.1664658068165909,0.031160696445142775,117.87496746789402,16.76589816156149,0.005162961798562595
1.035,2.332801479380167,757.5702454446072,0.16659589191437624,0.031067268938530696,117.96930499239684,16.735106289321244,0.005175901769591889
1.04,2.3354907790301156,757.5686368451983,0.1667255251303535,0.030974168268785348,118.06331427455429,16.704394975590592,0.005188759927360237
1.045,2.338166139590952,757.5670629954523,0.166854707254646,0.030881393842792395,118.15699583473003,16.673764270493425,0.00520153661031662
1.05,2.3408276863300483,757.5655234236198,0.16698343910160196,0.030788945050321412,118.25035021276729,16.64321421490121,0.005214232156104973
1.055,2.343475542451265,757.5640176626652,0.1671117215091819,0.030696821264462833,118.34337796747494,16.612744840639106,0.00522684690155189
1.06,2.346109829119573,757.5625452502164,0.16723955533835763,0.030605021842056254,118.43607967613039,16.582356170687994,0.005239381182654699
1.065,2.3487306654854105,757.5611057285151,0.16736694147252343,0.03051354612411038,118.52845593398739,16.55204821938255,0.005251835334569871
1.07,2.351338168708794,757.5596986443674,0.16749388081691846,0.030422393436214647,118.6205073537999,16.521820992605374,0.005264209691601767
1.075,2.353932453983189,757.5583235490951,0.16762037429806073,0.030331563088942866,118.71223456535043,16.49167448797738,0.005276504587191724
1.08,2.3565136345591235,757.5569799984881,0.1677464228631917,0.03024105437824894,118.80363821499428,16.461608695044372,0.005288720353907455
1.085,2.359081821767573,757.5556675527569,0.1678720274797323,0.030150866585854794,118.89471896520735,16.431623595460024,0.005300857323432775
1.09,2.3616371250430976,757.5543857764849,0.167997189134749,0.030060998979630743,118.98547749414963,16.401719163165257,0.005312915826557635
1.095,2.364179651946747,757.5531342385831,0.1681219088344308,0.029971450813968455,119.07591449523203,16.37189536456413,0.0053248961931684595
1.1,2.3667095081887313,757.5519125122436,0.16824618760357582,0.029882221330146556,119.16603067669793,16.34215215869628,0.005336798752238784
1.105,2.3692267976508576,757.5507201748948,0.16837002648508856,0.029793309756689215,119.25582676120801,16.312489497406055,0.005348623831820185
1.11,2.3717316224087472,757.549556808156,0.1684934265394863,0.029704715309717564,119.34530348543973,16.2829073255083,0.0053603717590334984
1.115,2.3742240827538175,757.5484219977941,0.1686163888444156,0.029616437193294463,119.43446159968903,16.253405580951007,0.005372042860060313
1.12,2.376704277215031,757.5473153336792,0.16873891449417783,0.029528474599762367,119.52330186748651,16.22398419497472,0.005383637460134746
1.125,2.379172302580454,757.5462364097416,0.16886100459926426,0.029440826710074745,119.61182506521573,16.194643092268933,0.005395155883535483
1.1300000000000001,2.381628253918566,757.5451848239294,0.16898266028589973,0.029353492694120936,119.70003198174545,16.165382191125442,0.005406598453578081
1.135,2.384072224599368,757.544160178166,0.16910388269559576,0.029266471711044757,119.78792341806364,16.13620140358874,0.005417965492607536
1.1400000000000001,2.3865043063152833,757.5431620783087,0.16922467298471175,0.029179762909556855,119.8755001869249,16.107100635603484,0.005429257321991097
1.145,2.3889245891018263,757.5421901341074,0.16934503232402517,0.029093365428241005,119.9627631124996,16.078079787159194,0.005440474262111333
1.1500000000000001,2.391333161358071,757.5412439591641,0.1694649618983097,0.029007278395854454,120.04971303003623,16.049138752432093,0.005451616632359439
1.155,2.3937301098669237,757.5403231708925,0.16958446290592194,0.028921500931622417,120.13635078552461,16.02027741992429,0.005462684751128784
1.16,2.396115519815178,757.5394273904784,0.16970353655839582,0.028836032145526755,120.22267723537232,15.991495672600244,0.005473678935808687
1.165,2.398489474813373,757.5385562428404,0.169822184080045,0.028750871138589186,120.30869324608176,15.962793388020636,0.005484599502778427
1.17,2.4008520569154523,757.5377093565912,0.169940406707573,0.0286660170031489,120.39439969394019,15.93417043847368,0.005495446767401477
1.175,2.40320334663822,757.5368863639993,0.17005820568969088,0.028581468823134754,120.47979746470975,15.90562669110392,0.005506221044019946
1.18,2.405543422980602,757.536086900951,0.17017558228674232,0.0284972256743322,120.56488745333041,15.877162008038562,0.005516922645949254
1.185,2.407872363442719,757.5353106069131,0.170292537770336,0.02841328662464502,120.64967056362282,15.848776246511392,0.005527551885473001
1.19,2.410190244044766,757.5345571248959,0.17040907342298514,0.028329650734351893,120.73414770800329,15.820469258984343,0.005538109073838051
1.195,2.4124971393456947,757.5338261014167,0.17052519053775397,0.02824631705635805,120.81831980719895,15.792240893266733,0.005548594521249817
1.2,2.4147931224617207,757.5331171864638,0.170640890417911,0.028163284636442087,120.90218778997462,15.764090992632243,0.005559008536867739
1.205,2.4170782650846365,757.5324300334604,0.17075617437658927,0.028080552513497732,120.9857525928594,15.736019395933647,0.005569351428800962
1.21,2.4193526374999426,757.53176429923,0.170871043736453,0.02799811971977109,121.06901515988491,15.708025937715398,0.0055796235041041965
1.215,2.4216163086048033,757.531119643961,0.17098549982937086,0.0279159852810932,121.15197644232308,15.680110448324024,0.005589825068773775
1.22,2.42386934592581,757.5304957311728,0.17109954399609537,0.027834148217108057,121.23463739843515,15.652272754016472,0.005599956427743881
1.225,2.426111815636584,757.5298922276814,0.1712131775859488,0.02775260754149616,121.31699899322018,15.624512677066367,0.005610017884882957
1.23,2.4283437825751903,757.5293088035662,0.1713264019565151,0.027671362262193702,121.39906219817442,15.596830035868262,0.005620009742990296
1.235,2.4305653102613856,757.5287451321361,0.17143921847333776,0.027590411381607474,121.48082799105002,15.569224645039911,0.005629932303792793
1.24,2.43277646091369,757.5282008898978,0.17155162850962355,0.027509753896825577,121.56229735562455,15.541696315522609,0.005639785867941871
1.245,2.4349772954662856,757.5276757565222,0.17166363344595226,0.02742938879982396,121.64347128146926,15.514244854679601,0.005649570735010569
1.25,2.43716787358577,757.5271694148133,0.17177523466999184,0.027349315077668926,121.72435076372838,15.486870066392681,0.005659287203490791
1.2550000000000001,2.4393482536877076,757.5266815506762,0.17188643357621938,0.02726953171271567,121.8049368028967,15.459571751156894,0.005668935570790711
1.26,2.4415184929530334,757.5262118530859,0.1719972315656472,0.027190037682802936,121.88523040460805,15.432349706173493,0.005678516133232331
1.2650000000000001,2.4436786473443073,757.5257600140561,0.17210763004555468,0.027110831961443777,121.96523257942198,15.405203725441108,0.0056880291860492
1.27,2.445828771621784,757.5253257286095,0.17221763042922508,0.027031913518012624,122.04494434262088,15.378133599845212,0.005697475023384264
1.2750000000000001,2.4479689193593415,757.5249086947465,0.17232723413568776,0.02695328131792864,122.1243667140055,15.351139117245863,0.005706853938287872
1.28,2.4500991429602488,757.5245086134164,0.17243644258946514,0.026874934322835446,122.20350071770054,15.324220062563814,0.005716166222715925
1.285,2.4522194936727684,757.5241251884877,0.172545257220325,0.026796871490777315,122.28234738195827,15.297376217864969,0.0057254121675281554
1.29,2.45433002160561,757.5237581267186,0.1726536794630374,0.02671909177637185,122.36090773897251,15.270607362443247,0.00573459206248655
1.295,2.456430775743235,757.5234071377288,0.17276171075713653,0.026641594130979284,122.4391828246901,15.24391327290189,0.0057437061962539015
1.3,2.45852180396101,757.5230719339709,0.17286935254668723,0.026564377502868376,122.51717367863263,15.217293723233205,0.0057527548563924905
1.305,2.460603153040207,757.5227522307022,0.1729766062800561,0.02648744083737904,122.5948813437156,15.190748484896815,0.005761738329362899
1.31,2.462674868682852,757.5224477459573,0.17308347340968716,0.026410783077081692,122.67230686607775,15.16427732689642,0.005770656900522943
1.315,2.4647369955264407,757.5221582005204,0.17318995539188206,0.02633440316193349,122.7494512949075,15.137880015855101,0.005779510854126733
1.32,2.4667895771584996,757.5218833178984,0.1732960536865844,0.02625830002943139,122.82631568227941,15.111556316089201,0.005788300473323847
1.325,2.4688326561310023,757.5216228242944,0.1734017697571687,0.02618247261476218,122.90290108298792,15.0853059896808,0.005797026040158628
1.33,2.4708662739746603,757.5213764485808,0.17350710507023323,0.026106919850949466,122.97920855439038,15.05912879654881,0.005805687835569595
1.335,2.47289047121305,757.5211439222735,0.1736120610953973,0.026031640668997765,123.05523915624771,15.033024494518735,0.005814286139388956
1.34,2.474905287376616,757.5209249795062,0.17371663930510228,0.025956633998033635,123.13099395057434,15.006992839391089,0.0058228212303422485
1.345,2.476910761016539,757.5207193570046,0.17382084117441693,0.025881898765444007,123.20647400148506,14.981033585008523,0.00583129338604807
1.35,2.4789069297184554,757.5205267940618,0.17392466818084634,0.025807433897011744,123.28168037505148,14.955146483321682,0.005839702883017926
1.355,2.480893830116058,757.5203470325127,0.17402812180414495,0.025733238317048362,123.35661413915517,14.929331284453788,0.005848049996656173
1.36,2.482871497904557,757.5201798167101,0.17413120352613323,0.025659310948524163,123.43127636335011,14.903587736764004,0.005856335001260067
1.365,2.484839967854002,757.5200248935,0.17423391483051812,0.02558565071319566,123.5056681187221,14.877915586909603,0.00586455817001991
1.37,2.4867992738224936,757.5198820121977,0.17433625720271698,0.025512256531730417,123.57979047775689,14.85231457990693,0.0058727197750192885
1.375,2.4887494487692474,757.5197509245644,0.17443823212968537,0.02543912732382938,123.65364451420547,14.826784459191215,0.005880820087235411
1.3800000000000001,2.4906905247675293,757.5196313847835,0.174539841099748,0.025366262008346633,123.7272313029579,14.801324966675232,0.005888859376539534
1.385,2.492622533017483,757.5195231494373,0.17464108560243338,0.025293659503406785,123.80055191991411,14.77593584280685,0.005896837911697483
1.3900000000000001,2.494545503858825,757.5194259774848,0.17474196712831183,0.02522131872651985,123.87360744186326,14.750616826625473,0.005904755960370259
1.395,2.496459466783409,757.5193396302385,0.17484248716883666,0.025149238594693844,123.94639894635982,14.725367655817397,0.005912613789114727
1.4000000000000001,2.498364450447671,757.5192638713422,0.17494264721618868,0.02507741802454497,124.01892751160817,14.700188066770112,0.005920411663384396
1.405,2.5002604826849577,757.5191984667493,0.1750424487631241,0.02500585593240561,124.09119421634388,14.67507779462556,0.005928149847530277
1.41,2.502147590517741,757.519143184701,0.1751418933028252,0.02493455123442999,124.16320013972337,14.650036573332361,0.005935828604801824
1.415,2.5040258001696953,757.5190977957039,0.17524098232875449,0.024863502846697676,124.23494636121006,14.625064135697048,0.005943448197347953
1.42,2.5058951370776765,757.5190620725103,0.17533971733451162,0.024792709685314922,124.30643396046894,14.6001602134343,0.005951008886218133
1.425,2.507755625903576,757.5190357900959,0.17543809981369343,0.024722170666513842,124.37766401725746,14.575324537216217,0.005958510931363568
1.43,2.509607290546055,757.5190187256396,0.1755361312597567,0.024651884706749602,124.4486376113248,14.55055683672064,0.0059659545916384265
1.435,2.5114501541521808,757.5190106585029,0.17563381316588417,0.02458185072279542,124.51935582230732,14.525856840678538,0.005973340124801173
1.44,2.5132842391289394,757.5190113702099,0.17573114702485296,0.024512067631835645,124.5898197296323,14.501224276920459,0.005980667787515942
1.445,2.515109567154638,757.5190206444269,0.17582813432890607,0.02444253435155682,124.66003041241787,14.476658872422112,0.005987937835354005
1.45,2.516926159190199,757.5190382669426,0.17592477656962638,0.024373249800236862,124.72998894938092,14.452160353349036,0.005995150522795286
1.455,2.518734035490344,757.5190640256494,0.17602107523781352,0.024304212896832263,124.7996964187415,14.427728445100415,0.00600230610322995
1.46,2.5205332156146723,757.519097710523,0.17611703182336325,0.024235422561063424,124.86915389813467,14.403362872352032,0.006009404828960061
1.465,2.52232371843863,757.5191391136042,0.1762126478151494,0.024166877713498222,124.93836246451897,14.379063359098378,0.006016446951201287
1.47,2.5241055621643755,757.5191880289792,0.1763079247009084,0.024098577275633703,125.00732319409254,14.354829628693954,0.006023432720084686
1.475,2.525878764331539,757.5192442527622,0.1764028639671263,0.024030520169976026,125.0760371622053,14.330661403893759,0.006030362384658536
1.48,2.5276433418278756,757.5193075830758,0.1764974670989282,0.02396270532011863,125.14450544327893,14.306558406892954,0.0060372361928902295
1.485,2.5293993108998243,757.5193778200338,0.17659173557997015,0.023895131650818746,125.21272911072285,14.282520359365797,0.006044054391668225
1.49,2.5311466871629564,757.5194547657225,0.17668567089233322,0.023827798088072234,125.280709236858,14.258546982503775,0.0060508172268040495
1.495,2.5328854856123284,757.5195382241834,0.17677927451642017,0.023760703559186684,125.34844689283632,14.234637997052985,0.006057524943034366
1.5,2.5346157206327393,757.5196280013957,0.1768725479308541,0.02369384699285297,125.41594314856808,14.210793123350797,0.006064177784023078
1.5050000000000001,2.5363374060088812,757.519723905259,0.17696549261237965,0.0236272273192152,125.48319907264504,14.187012081361756,0.0060707759923635
1.51,2.5380505549353853,757.5198257455758,0.17705811003576602,0.02356084346993908,125.55021573227101,14.163294590712802,0.006077319809580567
1.5150000000000001,2.539755180026798,757.519933334035,0.17715040167371252,0.02349469437827876,125.6169941931886,14.13964037072777,0.006083809476133106
1.52,2.5414512933274387,757.5200464841955,0.17724236899675588,0.023428778979142195,125.68353551961287,14.116049140461218,0.0060902452314161365
1.5250000000000001,2.543138906321166,757.520165011469,0.17733401347317998,0.023363096209154974,125.74984077416141,14.092520618731555,0.0060966273137632405
1.53,2.5448180299410685,757.5202887331039,0.17742533656892737,0.023297645006722704,125.81591101779117,14.069054524153522,0.006102955960448956
1.5350000000000001,2.546488674579037,757.52041746817,0.17751633974751294,0.02323242431209199,125.88174730973158,14.045650575170015,0.006109231407691232
1.54,2.5481508500952463,757.5205510375413,0.1776070244699394,0.023167433067410054,125.94735070742465,14.022308490083269,0.0061154538906539125
1.545,2.549804565827571,757.5206892638813,0.17769739219461486,0.02310267021678288,126.01272226646107,13.999027987085407,0.006121623643449278
1.55,2.5514498306008973,757.5208319716272,0.1777874443772723,0.02303813470633201,126.07786304052293,13.975808784288365,0.0061277408991406105
1.555,2.55308665273634,757.5209789869743,0.17787718247089082,0.022973825484250116,126.14277408132294,13.952650599753232,0.006133805889744816
1.56,2.5547150400603726,757.5211301378613,0.1779666079256186,0.02290974150085519,126.20745643855012,13.929553151518963,0.006139818846235067
1.565,2.5563349999138776,757.5212852539547,0.17805572218869808,0.02284588170864345,126.27191115981167,13.906516157630527,0.0061457799985435045
1.57,2.5579465391611085,757.5214441666348,0.17814452670439238,0.022782245062340997,126.33613929058129,13.883539336166463,0.006151689575563954
1.575,2.5595496641985616,757.5216067089804,0.1782330229139139,0.022718830518954247,126.4001418741438,13.860622405265888,0.0061575478051546974
1.58,2.5611443809637593,757.5217727157547,0.17832121225535438,0.022655637037819143,126.46391995154627,13.837765083154924,0.0061633549141412655
1.585,2.562730694943961,757.5219420233911,0.1784090961636167,0.022592663580649174,126.52747456154503,13.814967088172603,0.006169111128319269
1.59,2.564308611184788,757.522114469979,0.17849667607034822,0.022529909111582206,126.59080674055934,13.792228138796215,0.006174816672457268
1.595,2.5658781342987593,757.5222898952496,0.17858395340387603,0.022467372597226205,126.65391752262089,13.769547953666148,0.006180471770299664
1.6,2.567439268473742,757.5224681405626,0.17867092958914338,0.02240505300670378,126.71680793932994,13.746926251610185,0.006186076644569632
1.605,2.5689920174813383,757.5226490488924,0.17875760604764804,0.022342949311695674,126.77947901980734,13.724362751667321,0.006191631516972069
1.61,2.570536384685182,757.5228324648144,0.17884398419738193,0.022281060486483078,126.84193179065272,13.70185717311105,0.006197136608196595
1.615,2.5720723730491533,757.5230182344924,0.17893006545277243,0.02221938550798898,126.90416727589901,13.679409235472184,0.006202592137920556
1.62,2.573599985145513,757.5232062056646,0.17901585122462493,0.022157923355818402,126.96618649697288,13.657018658561178,0.006207998324812076
1.625,2.57511922316297,757.5233962276315,0.17910134292006719,0.02209667301229764,127.02799047265151,13.63468516248998,0.006213355386533119
1.6300000000000001,2.576630088914662,757.5235881512423,0.17918654194249473,0.022035633462512395,127.08958021902508,13.612408467693422,0.006218663539742595
1.635,2.5781325838460667,757.523781828883,0.17927144969151793,0.02197480369434508,127.15095674945567,13.590188294950151,0.006223923000099472
1.6400000000000001,2.579626709042828,757.5239771144634,0.17935606756291025,0.021914182698510986,127.21212107454205,13.568024365403097,0.006229133982265927
1.645,2.581112465238521,757.5241738634048,0.1794403969485581,0.021853769468593607,127.27307420208041,13.545916400579527,0.006234296699910513
1.6500000000000001,2.582589852822325,757.524371932628,0.1795244392364116,0.021793563001078937,127.33381713703126,13.523864122410629,0.006239411365711355
1.655,2.5840588718466404,757.524571180541,0.17960819581043713,0.021733562295388927,127.39435088148217,13.501867253250708,0.006244478191359358
1.6600000000000001,2.5855195220346214,757.5247714670271,0.17969166805057077,0.02167376635391393,127.45467643461652,13.479925515895934,0.006249497387561451
1.665,2.586971802787642,757.5249726534333,0.17977485733267323,0.021614174182044373,127.5147947926782,13.458038633602685,0.006254469164043837
1.67,2.5884157131926875,757.5251746025588,0.17985776502848577,0.021554784788201463,127.57470694894224,13.4362063301055,0.0062593937295552715
1.675,2.5898512520296753,757.5253771786427,0.1799403925055877,0.02149559718386708,127.63441389368131,13.414428329634621,0.006264271291870364
1.68,2.591278417778713,757.5255802473534,0.18002274112735456,0.021436610383612813,127.69391661413815,13.392704356933134,0.006269102057792884
1.685,2.592697208627273,757.5257836757775,0.18010481225291802,0.021377823405128164,127.75321609449382,13.371034137273764,0.006273886233159099
1.69,2.5941076224773068,757.5259873324078,0.18018660723712643,0.021319235269247946,127.81231331584188,13.34941739647525,0.0062786240228411274
1.695,2.5955096569522924,757.5261910871332,0.18026812743050688,0.02126084499997889,127.87120925615834,13.327853860918385,0.0062833156307502995
1.7,2.596903309404208,757.5263948112272,0.180349374179228,0.021202651624525466,127.92990489027747,13.306343257561668,0.006287961259840546
1.705,2.5982885769204485,757.5265983773379,0.1804303488250642,0.02114465417331492,127.98840118986344,13.284885313956613,0.006292561112111793
1.71,2.5996654563306603,757.5268016594769,0.18051105270536064,0.021086851680021588,128.04669912338764,13.263479758262704,0.00629711538861338
1.715,2.601033944213526,757.5270045330085,0.18059148715299952,0.021029243181590444,128.10479965610224,13.24212631926201,0.006301624289447484
1.72,2.602394036903477,757.5272068746403,0.18067165349636727,0.020971827718259874,128.1627037500184,13.220824726373436,0.0063060880137725634
1.725,2.6037457304973337,757.5274085624123,0.18075155305932272,0.02091460433358386,128.22041236388156,13.19957470966669,0.006310506759806814
1.73,2.605089020860903,757.5276094756871,0.18083118716116617,0.020857572074453375,128.27792645315174,13.178375999875879,0.0063148807248316376
1.735,2.606423903635489,757.5278094951393,0.18091055711660975,0.02080072999111711,128.33524696997966,13.157228328412808,0.006319210105195117
1.74,2.6077503742443446,757.5280085027467,0.18098966423574833,0.020744077137201496,128.39237486318848,13.13613142737995,0.006323495096315516
1.745,2.6090684278990772,757.5282063817796,0.18106850982403172,0.020687612569730122,128.44931107825155,13.115085029583126,0.006327735892684773
1.75,2.6103780596059787,757.5284030167915,0.18114709518223734,0.020631335349142486,128.5060565572754,13.094088868543858,0.006331932687872022
1.7550000000000001,2.6116792641722957,757.5285982936095,0.18122542160644442,0.02057524453931208,128.5626122389791,13.073142678511443,0.006336085674527112
1.76,2.6129720362124416,757.5287920993252,0.1813034903880084,0.020519339207563853,128.618979058678,13.052246194474717,0.006340195044384144
1.7650000000000001,2.61425637015415,757.5289843222848,0.18138130281353676,0.020463618424691094,128.67515794826474,13.03139915217355,0.006344260988265006
1.77,2.6155322602445548,757.5291748520806,0.18145886016486526,0.0204080812649717,128.7311498361944,13.010601288110044,0.006348283696082932
1.7750000000000001,2.616799700556231,757.5293635795412,0.18153616371903533,0.020352726806183833,128.78695564746664,12.989852339559448,0.0063522633568460565
1.78,2.618058684993173,757.5295503967227,0.18161321474827208,0.020297554129621004,128.84257630361188,12.969152044580825,0.00635620015866098
1.7850000000000001,2.619309207296702,757.5297351969004,0.18169001451996328,0.020242562320106603,128.89801272267474,12.948500142027433,0.006360094288736349
1.79,2.620551261051315,757.5299178745591,0.18176656429663882,0.020187750466007886,128.9532658192015,12.927896371556834,0.006363945933386431
1.795,2.6217848396904966,757.5300983253851,0.18184286533595143,0.02013311765924935,129.00833650422467,12.907340473640769,0.006367755278034703
1.8,2.6230099365024664,757.5302764462571,0.18191891889065764,0.020078662995325628,129.0632256852515,12.886832189574756,0.006371522507217448
1.805,2.624226544635853,757.530452135238,0.18199472620859986,0.020024385573313864,129.11793426624968,12.866371261487464,0.0063752478045873496
1.81,2.6254346571053335,757.5306252915666,0.18207028853268897,0.019970284495885497,129.17246314763688,12.845957432349815,0.0063789313529171
1.815,2.626634266797208,757.530795815649,0.18214560710088776,0.019916358869317634,129.22681322626755,12.825590445983865,0.006382573334103006
1.82,2.627825366474914,757.5309636090504,0.18222068314619494,0.01986260780350386,129.28098539542353,12.805270047071437,0.0063861739291686025
1.825,2.629007948784501,757.5311285744876,0.18229551789662998,0.019809030411964603,129.33498054480194,12.784995981162538,0.006389733318268273
1.83,2.6301820062600454,757.5312906158199,0.1823701125752185,0.019755625811856952,129.38879956050664,12.76476799468353,0.0063932516806908665
1.835,2.631347531329005,757.531449638042,0.18244446839997847,0.019702393123984113,129.44244332503717,12.744585834945092,0.006396729194863324
1.84,2.632504516317523,757.531605547276,0.18251858658390677,0.01964933147280428,129.49591271728124,12.724449250149949,0.0064001660383543055
1.845,2.6336529534556856,757.5317582507631,0.18259246833496684,0.019596439986439163,129.54920861250443,12.704357989400405,0.006403562387877819
1.85,2.6347928348827256,757.531907656857,0.18266611485607648,0.019543717796682025,129.60233188234378,12.684311802705647,0.006406918419296854
1.855,2.635924152652172,757.5320536750152,0.18273952734509655,0.019491164039005287,129.65528339479832,12.664310440988848,0.006410234307627015
1.86,2.637046898736938,757.5321962157919,0.18281270699482022,0.019438777852567694,129.7080640142236,12.644353656094063,0.006413510227040154
1.865,2.6381610650343803,757.5323351908311,0.18288565499296278,0.01938655838022111,129.76067460132293,12.624441200792944,0.006416746350868013
1.87,2.639266643371299,757.5324705128584,0.18295837252215197,0.019334504768516832,129.81311601314295,12.604572828791218,0.006419942851605857
1.875,2.640363625508878,757.5326020956742,0.18303086075991906,0.019282616167711587,129.8653891030656,12.584748294735014,0.006423099900916114
1.8800000000000001,2.641452003147578,757.5327298541464,0.18310312087869016,0.019230891731773093,129.91749472080457,12.564967354216982,0.006426217669632017
1.885,2.642531767931991,757.5328537042036,0.18317515404577847,0.019179330618385223,129.96943371239797,12.545229763782226,0.006429296327761236
1.8900000000000001,2.6436029114556465,757.5329735628276,0.1832469614233768,0.019127931988952792,130.02120692020563,12.525535280934054,0.006432336044489522
1.895,2.6446654252657584,757.5330893480467,0.18331854416855062,0.01907669500860602,130.07281518290264,12.505883664139558,0.006435336988184342
1.9000000000000001,2.645719300867907,757.5332009789289,0.18338990343323175,0.01902561884620458,130.12425933547723,12.486274672835004,0.00643829932639852
1.905,2.6467645297307234,757.533308375575,0.1834610403642125,0.01897470267434132,130.17554020922515,12.466708067431064,0.0064412232258738685
1.9100000000000001,2.6478011032904822,757.5334114591116,0.1835319561031402,0.018923945669345625,130.2266586317481,12.447183609317873,0.006444108852544826
1.915,2.6488290129556677,757.5335101516849,0.1836026517865123,0.01887334701128647,130.27761542694913,12.427701060869916,0.00644695637154209
1.92,2.6498482501114866,757.5336043764543,0.18367312854567205,0.01882290588397504,130.32841141503152,12.408260185450754,0.006449765947196248
1.925,2.650858806124334,757.5336940575847,0.18374338750680447,0.01877262147496715,130.37904741249477,12.388860747417594,0.0064525377430414066
1.93,2.6518606723462166,757.5337791202418,0.18381342979093276,0.018722492975565285,130.4295242321345,12.369502512125703,0.006455271921818818
1.935,2.6528538401191337,757.533859490584,0.18388325651391535,0.018672519580820304,130.47984268303898,12.350185245932655,0.0064579686454805055
1.94,2.6538383007793946,757.5339350957572,0.18395286878644315,0.018622700489532892,130.53000357058923,12.33090871620245,0.006460628075192884
1.945,2.6548140456619183,757.5340058638884,0.1840222677140374,0.01857303490425466,130.58000769645676,12.311672691309463,0.0064632503713403806
1.95,2.655781066104474,757.5340717240791,0.1840914543970479,0.018523522031288944,130.629855858604,12.292476940642247,0.006465835693529044
1.955,2.6567393534518775,757.5341326063997,0.1841604299306516,0.018474161080691377,130.67954885128256,12.27332123460722,0.006468384200590163
1.96,2.657688899060138,757.5341884418827,0.18422919540485153,0.018424951266270136,130.7290874650344,12.254205344632181,0.0064708960505838724
1.965,2.658629694300578,757.5342391625179,0.1842977519044764,0.0183758918055859,130.77847248669065,12.235129043169703,0.006473371400802753
1.97,2.6595617305638957,757.5342847012453,0.18436610050918015,0.018326981919951576,130.82770469937327,12.216092103700397,0.006475810407775438
1.975,2.660484999264192,757.5343249919497,0.18443424229344238,0.01827822083443172,130.8767848824946,12.197094300736028,0.006478213227270203
1.98,2.661399491842948,757.5343599694552,0.18450217832656865,0.018229607777841706,130.92571381175927,12.178135409822511,0.006480580014298561
1.985,2.6623051997729688,757.5343895695188,0.18456990967269157,0.018181141982746677,130.9744922591642,12.159215207542786,0.0064829109231188484
1.99,2.663202114562277,757.5344137288253,0.18463743739077187,0.018132822685460178,131.0231209930015,12.140333471519545,0.006485206107239802
1.995,2.6640902277579745,757.5344323849813,0.1847047625346002,0.018084649126042632,131.0716007778587,12.121489980417868,0.006487465719424145
2.0,2.664969530950049,757.5344454765099,0.18477188615279877,0.0180366205482995,131.11993237462198,12.102684513947715,0.006489689911692145
2.005,2.6658400157751547,757.5344529428448,0.184838809288824,0.017988736199779247,131.16811654047723,12.083916852866304,0.006491878835325194
2.0100000000000002,2.6667016739203424,757.5344547243253,0.18490553298096882,0.01794099533177107,131.2161540289135,12.065186778980392,0.006494032640869359
2.015,2.6675544971267495,757.5344507621904,0.18497205826236554,0.017893397199302424,131.26404558972433,12.046494075148415,0.006496151478138937
2.02,2.6683984771932603,757.5344409985738,0.1850383861609894,0.017845941061136267,131.31179196901218,12.02783852528254,0.006498235496220009
2.025,2.669233605980107,757.5344253764986,0.18510451769966163,0.017798626179768184,131.35939390918995,12.00921991435059,0.00650028484347398
2.0300000000000002,2.670059875412453,757.5344038398715,0.18517045389605374,0.017751451821423195,131.40685214898556,11.990638028377873,0.006502299667541113
2.035,2.6708772774839185,757.5343763334786,0.18523619576269124,0.01770441725605246,131.45416742344412,11.972092654448916,0.006504280115344061
2.04,2.671685804260079,757.5343428029792,0.1853017443069582,0.017657521757329722,131.5013404639331,11.953583580709065,0.006506226333091392
2.045,2.6724854478819213,757.5343031949011,0.18536710053110195,0.017610764602647558,131.54837199814463,11.935110596366016,0.0065081384662811
2.05,2.673276200569259,757.534257456636,0.18543226543223795,0.017564145073113484,131.59526275010126,11.916673491691233,0.0065100166597041225
2.055,2.6740580546241137,757.5342055364338,0.18549724000235496,0.017517662453545815,131.64201344015848,11.898272058021272,0.00651186105744784
2.06,2.674831002434051,757.5341473833978,0.18556202522832063,0.017471316032469368,131.68862478501077,11.87990608775901,0.006513671802899568
2.065,2.675595036475486,757.53408294748,0.1856266220918871,0.017425105102110997,131.7350974976947,11.86157537437478,0.006515449038750055
2.07,2.6763501493169595,757.5340121794762,0.185691031569697,0.017379028958394934,131.78143228759532,11.843279712407414,0.006517192906996954
2.075,2.677096333622354,757.533935031021,0.18575525463328968,0.01733308690093797,131.8276298604497,11.825018897465197,0.006518903548948304
2.08,2.677833582154085,757.5338514545829,0.18581929224910765,0.017287278233044497,131.87369091835308,11.806792726226751,0.006520581105225991
2.085,2.678561887776265,757.5337614034601,0.18588314537850326,0.017241602261701305,131.9196161597633,11.788600996441794,0.0065222257157692125
2.09,2.679281243457816,757.5336648317751,0.18594681497774554,0.017196058297572304,131.96540627950736,11.770443506931851,0.006523837519837923
2.095,2.6799916422755574,757.5335616944709,0.18601030199802746,0.017150645654993052,132.01106196878587,11.75232005759087,0.006525416656016279
2.1,2.6806930774172444,757.5334519473053,0.18607360738547304,0.017105363651965168,132.05658391517977,11.734230449385759,0.006526963262216075
2.105,2.6813855421845836,757.5333355468472,0.18613673208114526,0.017060211610150523,132.10197280265538,11.716174484356838,0.00652847747568017
2.11,2.6820690299962124,757.5332124504716,0.1861996770210534,0.017015188854865346,132.14722931157144,11.698151965618216,0.006529959432985905
2.115,2.6827435343906365,757.5330826163556,0.18626244313616133,0.016970294715074184,132.1923541186843,11.680162697358101,0.006531409270048517
2.12,2.683409049029125,757.5329460034734,0.1863250313523955,0.016925528523383724,132.23734789715527,11.662206484839027,0.006532827122124533
2.125,2.6840655676985956,757.5328025715919,0.1863874425906533,0.01688088961603644,132.2822113165559,11.644283134398009,0.006534213123815176
2.13,2.6847130843144407,757.5326522812669,0.18644967776681165,0.016836377332904183,132.3269450428759,11.626392453446627,0.006535567409069734
2.1350000000000002,2.685351592923328,757.5324950938381,0.1865117377917356,0.016791991017481557,132.37154973852878,11.608534250471044,0.006536890111188952
2.14,2.6859810877059838,757.532330971425,0.18657362357128746,0.016747730016879247,132.4160260623595,11.590708335031952,0.00653818136282839
2.145,2.686601562979913,757.5321598769231,0.18663533600633553,0.016703593681817175,132.4603746696505,11.572914517764453,0.006539441296001782
2.15,2.6872130132020864,757.5319817739986,0.18669687599276366,0.016659581366617552,132.5045962121302,11.555152610377865,0.006540670042084388
2.1550000000000002,2.6878154329716293,757.5317966270854,0.18675824442148042,0.016615692429197842,132.54869133797857,11.537422425655492,0.006541867731816337
2.16,2.6884088170324465,757.5316044013802,0.1868194421784288,0.016571926231063544,132.592660691836,11.51972377745429,0.006543034495305951
2.165,2.6889931602758184,757.5314050628383,0.18688047014459588,0.01652828213730096,132.63650491480928,11.502056480704502,0.006544170462033074
2.17,2.689568457742976,757.53119857817,0.1869413291960227,0.016484759516569757,132.68022464448055,11.484420351409227,0.006545275760852383
2.1750000000000003,2.6901347046276296,757.5309849148363,0.1870020202038143,0.016441357741095505,132.7238205149135,11.46681520664392,0.006546350519996691
2.18,2.6906918962784663,757.5307640410444,0.18706254403414987,0.01639807618666207,132.76729315666256,11.44924086455585,0.0065473948670802425
2.185,2.691240028201624,757.5305359257447,0.18712290154829314,0.016354914232603913,132.81064319677927,11.431697144363484,0.006548408929101997
2.19,2.6917790960631383,757.530300538626,0.18718309360260263,0.0163118712617983,132.85387125882164,11.414183866355826,0.006549392832448908
2.195,2.692309095691338,757.5300578501115,0.1872431210485425,0.01626894666065743,132.8969779628608,11.396700851891703,0.006550346702899183
2.2,2.692830023079215,757.5298078313554,0.18730298473269305,0.016226139819120425,132.93996392549045,11.379247923398994,0.006551270665625546
2.205,2.693341874386771,757.5295504542388,0.18736268549676172,0.016183450130645302,132.98282975983375,11.361824904373814,0.006552164845198479
2.21,2.693844645943344,757.5292856913658,0.18742222417759388,0.016140876992200792,133.0255760755528,11.344431619379629,0.006553029365589463
2.215,2.6943383342498692,757.5290135160596,0.18748160160718416,0.016098419804258118,133.0682034788559,11.327067894046346,0.0065538643501742025
2.22,2.694822935981132,757.5287339023589,0.18754081861268743,0.01605607797078266,133.11071257250705,11.309733555069334,0.006554669921735844
2.225,2.6952984479879936,757.5284468250139,0.18759987601643016,0.016013850899225607,133.15310395583336,11.292428430208423,0.00655544620246818
2.23,2.695764867299571,757.5281522594827,0.18765877463592204,0.01597173800051539,133.1953782247349,11.275152348286811,0.006556193313978852
2.235,2.6962221911253996,757.5278501819274,0.18771751528386726,0.015929738689049202,133.23753597169204,11.257905139189987,0.0065569113772925335
2.24,2.6966704168575637,757.5275405692106,0.1877760987681764,0.015887852382684368,133.27957778577544,11.240686633864547,0.00655760051285411
2.245,2.69710954207279,757.5272233988917,0.18783452589197797,0.015846078502729642,133.32150425265363,11.223496664317027,0.006558260840531844
2.25,2.6975395645345115,757.5268986492232,0.18789279745363033,0.01580441647393642,133.36331595460317,11.206335063612636,0.006558892479620535
2.255,2.6979604821949117,757.5265662991469,0.1879509142467337,0.015762865724489948,133.40501347051637,11.18920166587399,0.006559495548844663
2.2600000000000002,2.698372293196935,757.5262263282906,0.18800887706014222,0.015721425686000375,133.44659737591132,11.172096306279782,0.006560070166361526
2.265,2.6987749958762617,757.5258787169644,0.18806668667797585,0.015680095793493852,133.48806824294005,11.15501882106343,0.006560616449764372
2.27,2.6991685887632557,757.5255234461571,0.1881243438796329,0.01563887548540348,133.52942664039847,11.137969047511673,0.0065611345160855065
2.275,2.699553070584888,757.5251604975326,0.18818184943980207,0.01559776420356025,133.57067313373486,11.120946823963129,0.006561624481799406
2.2800000000000002,2.6999284402666377,757.5247898534268,0.18823920412847506,0.015556761393183864,133.61180828505965,11.103951989806815,0.006562086462825811
2.285,2.700294696934345,757.5244114968434,0.18829640871095885,0.015515866502873593,133.6528326531541,11.086984385480646,0.006562520574532807
2.29,2.7006518399160466,757.524025411451,0.18835346394788838,0.015475078984599006,133.6937467934803,11.07004385246989,0.0065629269317399085
2.295,2.700999868743788,757.5236315815796,0.18841037059523913,0.015434398293690666,133.73455125819004,11.053130233305572,0.006563305648721117
2.3000000000000003,2.7013387831554,757.5232299922169,0.18846712940433977,0.015393823888830802,133.77524659613468,11.036243371562872,0.006563656839207974
2.305,2.701668583096248,757.522820629005,0.188523741121885,0.015353355232043906,133.815833352874,11.01938311185947,0.006563980616392612
2.31,2.701989268720958,757.5224034782373,0.18858020648994836,0.01531299178868725,133.85631207068653,11.002549299853865,0.006564277092930778
2.315,2.70230084039511,757.5219785268546,0.1886365262459952,0.015272733027441436,133.89668328857815,10.985741782243661,0.006564546380944864
2.32,2.702603298696905,757.5215457624423,0.1886927011228955,0.015232578420300858,133.93694754229287,10.968960406763836,0.006564788592026915
2.325,2.7028966444188067,757.5211051732266,0.188748731848937,0.015192527442564108,133.9771053643214,10.952205022184952,0.006565003837241631
2.33,2.7031808785691513,757.5206567480716,0.18880461914783836,0.015152579572824355,134.0171572839115,10.935475478311364,0.006565192227129358
2.335,2.703456002373735,757.5202004764756,0.18886036373876222,0.015112734292959692,134.05710382707716,10.918771625979382,0.006565353871709071
2.34,2.7037220172773795,757.5197363485682,0.18891596633632834,0.01507299108812344,134.09694551660914,10.902093317055414,0.006565488880481337
2.345,2.7039789249454556,757.5192643551069,0.18897142765062713,0.015033349446734392,134.13668287208384,10.885440404434082,0.006565597362431282
2.35,2.7042267272653895,757.5187844874735,0.1890267483872326,0.014993808860467089,134.17631640987392,10.868812742036306,0.006565679426031535
2.355,2.704465426348144,757.5182967376714,0.1890819292472161,0.014954368824241962,134.21584664315745,10.852210184807364,0.006565735179245166
2.36,2.7046950245296717,757.5178010983226,0.1891369709271594,0.0149150288362155,134.25527408192855,10.83563258871492,0.006565764729528613
2.365,2.704915524372343,757.5172975626633,0.1891918741191685,0.014875788397770399,134.2945992330065,10.819079810747056,0.006565768183834599
2.37,2.705126928666337,757.5167861245421,0.18924663951088677,0.014836647013505658,134.33382260004655,10.80255170891023,0.006565745648615038
2.375,2.705329240431023,757.516266778416,0.18930126778550885,0.014797604191226624,134.37294468354887,10.786048142227253,0.0065656972298239295
2.38,2.705522462916314,757.5157395193477,0.18935575962179405,0.014758659441935051,134.41196598086958,10.76956897073523,0.006565623032920243
2.3850000000000002,2.7057065996039733,757.5152043430019,0.18941011569407998,0.014719812279819108,134.45088698622996,10.753114055483467,0.006565523162870791
2.39,2.705881654208938,757.5146612456429,0.18946433667229637,0.01468106222224336,134.48970819072704,10.736683258531373,0.006565397724153091
2.395,2.706047630680566,757.5141102241308,0.18951842322197865,0.014642408789738734,134.52843008234314,10.720276442946332,0.00656524682075822
2.4,2.706204533203889,757.5135512759192,0.18957237600428176,0.01460385150599244,134.56705314595655,10.703893472801548,0.0065650705561936555
2.4050000000000002,2.706352366200842,757.5129843990512,0.18962619567599395,0.014565389897837901,134.6055778633511,10.68753421317388,0.006564869033486101
2.41,2.706491134331446,757.512409592157,0.1896798828895506,0.014527023495244649,134.64400471322665,10.67119853014166,0.006564642355184316
2.415,2.7066208424949934,757.5118268544506,0.189733438293048,0.014488751831308168,134.6823341712089,10.654886290782473,0.006564390623361912
2.42,2.7067414958311855,757.5112361857268,0.1897868625302574,0.014450574442239763,134.72056670985992,10.638597363170938,0.006564113939620163
2.4250000000000003,2.706853099721259,757.5106375863581,0.18984015624063869,0.014412490867356386,134.75870279868784,10.622331616376458,0.006563812405090786
2.43,2.706955659789083,757.5100310572918,0.1898933200593546,0.014374500649070445,134.7967429041576,10.606088920460957,0.006563486120438718
2.435,2.7070491819022333,757.5094166000468,0.1899463546172845,0.014336603332879592,134.83468748970066,10.5898691464766,0.006563135185864887
2.44,2.7071336721730335,757.5087942167111,0.18999926054103844,0.01429879846735652,134.87253701572567,10.573672166463489,0.0065627597011089596
2.445,2.707209136959591,757.5081639099378,0.1900520384529711,0.014261085604138708,134.91029193962794,10.557497853447359,0.006562359765452093
2.45,2.707275582866788,757.5075256829434,0.19010468897119603,0.014223464297918174,134.9479527158007,10.541346081437228,0.006561935477719663
2.455,2.707333016747266,757.506879539504,0.1901572127095995,0.01418593410643122,134.98551979564465,10.525216725423066,0.006561486936283991
2.46,2.7073814457023744,757.5062254839522,0.19020961027785468,0.01414849459044811,135.02299362757833,10.509109661373422,0.006561014239067055
2.465,2.7074208770831047,757.5055635211751,0.1902618822814358,0.014111145313762816,135.06037465704827,10.493024766233049,0.006560517483543188
2.47,2.7074513184909854,757.5048936566103,0.1903140293216322,0.014073885843182695,135.09766332653976,10.476961917920502,0.006559996766741775
2.475,2.707472777778974,757.5042158962436,0.19036605199556245,0.014036715748518185,135.13486007558652,10.460920995325745,0.006559452185249927
2.48,2.707485263052322,757.503530246606,0.1904179508961886,0.013999634602572465,135.1719653407814,10.444901878307714,0.006558883835215153
2.485,2.707488782669398,757.5028367147706,0.19046972661233033,0.013962641981131124,135.20897955578658,10.42890444769189,0.006558291812348019
2.49,2.707483345242505,757.50213530835,0.19052137972867905,0.013925737462951804,135.24590315134375,10.41292858526784,0.006557676211924795
2.495,2.707468959638672,757.501426035493,0.19057291082581232,0.013888920629753868,135.28273655528443,10.396974173786772,0.0065570371287900905
2.5,2.7074456349804232,757.5007089048819,0.19062432048020778,0.013852191066208004,135.31948019254048,10.381041096959036,0.0065563746573594865
2.505,2.707413380646515,757.49998392573,0.19067560926425767,0.013815548359925883,135.35613448515414,10.365129239451658,0.006555688891622142
2.5100000000000002,2.7073722062726713,757.4992511077782,0.1907267777462829,0.01377899210144976,135.39269985228864,10.349238486885822,0.006554979925143408
2.515,2.707322121752269,757.4985104612922,0.1907778264905473,0.013742521884242109,135.42917671023815,10.33336872583437,0.006554247851067417
2.52,2.707263137237024,757.49776199706,0.19082875605727206,0.013706137304675226,135.46556547243853,10.317519843819282,0.006553492762119667
2.525,2.707195263137641,757.4970057263889,0.19087956700264974,0.013669837962020833,135.5018665494771,10.301691729309121,0.006552714750609596
2.5300000000000002,2.707118510124447,757.4962416611023,0.19093025987885884,0.013633623458439666,135.5380803491037,10.28588427171651,0.006551913908433142
2.535,2.7070328891280018,757.4954698135375,0.19098083523407783,0.013597493398971105,135.57420727624012,10.270097361395562,0.0065510903270753
2.54,2.7069384113396935,757.4946901965425,0.19103129361249968,0.013561447391522725,135.61024773299138,10.254330889639322,0.006550244097612654
2.545,2.706835088212296,757.4939028234729,0.19108163555434599,0.013525485046859912,135.6462021186552,10.238584748677178,0.006549375310715917
2.5500000000000003,2.706722931460518,757.49310770819,0.19113186159588144,0.013489605978595443,135.68207082973305,10.222858831672285,0.006548484056652443
2.555,2.706601953061528,757.4923048650569,0.19118197226942799,0.013453809803179067,135.71785425993963,10.207153032718965,0.006547570425288743
2.56,2.706472165255452,757.4914943089365,0.1912319681033793,0.013418096139887101,135.75355280021415,10.191467246840098,0.006546634506092979
2.565,2.706333580545858,757.4906760551881,0.19128184962221498,0.013382464610811984,135.7891668387299,10.175801369984505,0.006545676388137451
2.57,2.7061862117002167,757.4898501196656,0.191331617346515,0.013346914840851883,135.8246967609049,10.16015529902433,0.006544696160101083
2.575,2.7060300717503387,757.4890165187132,0.19138127179297393,0.013311446457700259,135.86014294941214,10.144528931752399,0.006543693910271875
2.58,2.7058651739927835,757.4881752691642,0.1914308134744154,0.013276059091835433,135.8955057841899,10.128922166879589,0.006542669726549377
2.585,2.705691531989267,757.487326388337,0.19148024289980636,0.013240752376510175,135.93078564245198,10.113334904032158,0.006541623696447123
2.59,2.70550915956703,757.4864698940331,0.19152956057427142,0.013205525947741291,135.96598289869812,10.097767043749108,0.006540555907095067
2.595,2.7053180708191924,757.485605804534,0.19157876699910723,0.013170379444299189,136.00109792472423,10.082218487479498,0.006539466445242013
2.6,2.7051182801050966,757.4847341385984,0.19162786267179674,0.013135312507697464,136.03613108963273,10.066689137579788,0.006538355397258029
2.605,2.7049098020506075,757.4838549154596,0.19167684808602373,0.01310032478218247,136.07108275984262,10.051178897311138,0.006537222849136844
2.61,2.7046926515484153,757.4829681548229,0.19172572373168695,0.013065415914722902,136.10595329910018,10.035687670836735,0.0065360688864982515
2.615,2.704466843758301,757.4820738768623,0.1917744900949146,0.013030585554999377,136.14074306848883,10.020215363219078,0.0065348935945904844
2.62,2.7042323941073922,757.4811721022182,0.1918231476580786,0.012995833355394051,136.17545242643962,10.004761880417293,0.006533697058292594
2.625,2.703989318290392,757.4802628519949,0.19187169689980896,0.012961158970980158,136.21008172874147,9.989327129284401,0.0065324793621168034
2.63,2.703737632269797,757.479346147757,0.19192013829500812,0.01292656205951162,136.24463132855135,9.973911017564614,0.006531240590210873
2.6350000000000002,2.703477352276082,757.4784220115276,0.19196847231486536,0.01289204228141264,136.2791015764047,9.958513453890601,0.0065299808263604275
2.64,2.7032084948078774,757.4774904657851,0.19201669942687097,0.012857599299767302,136.31349282022546,9.943134347780761,0.006528700153991299
2.645,2.702931076632118,757.4765515334602,0.1920648200948308,0.01282323278030915,136.34780540533635,9.927773609636484,0.00652739865617184
2.65,2.702645114784177,757.4756052379339,0.1921128347788804,0.012788942391410799,136.38203967446933,9.912431150739398,0.006526076415615236
2.6550000000000002,2.702350626567983,757.4746516030343,0.19216074393549948,0.01275472780407354,136.41619596777545,9.89710688324862,0.006524733514681809
2.66,2.7020476295561022,757.4736906530338,0.19220854801752615,0.012720588691916956,136.45027462283554,9.881800720198017,0.0065233700353813035
2.665,2.701736141589822,757.4727224126468,0.1922562474741714,0.012686524731168512,136.48427597466994,9.866512575493413,0.006521986059375167
2.67,2.7014161807792094,757.4717469070265,0.19230384275103318,0.012652535600653178,136.5182003557491,9.851242363909838,0.00652058166797882
2.6750000000000003,2.701087765503139,757.4707641617626,0.19235133429011098,0.012618620981783043,136.55204809600332,9.83599000108875,0.006519156942163917
2.68,2.700750914409309,757.4697742028785,0.1923987225298199,0.012584780558546957,136.58581952283353,9.820755403535248,0.006517711962560593
2.685,2.7004056464142407,757.4687770568282,0.19244600790500516,0.012551014017500136,136.61951496112093,9.805538488615293,0.006516246809459701
2.69,2.700051980703265,757.4677727504942,0.1924931908469563,0.012517321047753788,136.65313473323755,9.790339174552907,0.006514761562815046
2.695,2.69968993673047,757.4667613111843,0.19254027178342148,0.012483701340964768,136.68667915905615,9.775157380427382,0.006513256302245599
2.7,2.69931953421865,757.4657427666294,0.1925872511386219,0.0124501545913252,136.7201485559605,9.759993026170475,0.006511731107037704
2.705,2.6989407931592235,757.4647171449801,0.19263412933326587,0.012416680495552142,136.75354323885554,9.744846032563597,0.0065101860561472815
2.71,2.6985537338121426,757.4636844748048,0.19268090678456337,0.0123832787528772,136.78686352017743,9.729716321235003,0.006508621228202013
2.715,2.6981583767057775,757.4626447850864,0.1927275839062401,0.01234994906503621,136.8201097099038,9.714603814656968,0.006507036701503518
2.72,2.6977547426367714,757.4615981052198,0.1927741611085519,0.012316691136258879,136.85328211556376,9.699508436142969,0.006505432554029527
2.725,2.6973428526699017,757.4605444650093,0.19282063879829892,0.012283504673258457,136.88638104224808,9.684430109844849,0.006503808863436033
2.73,2.6969227281379196,757.4594838946658,0.19286701737884007,0.012250389385221406,136.91940679261924,9.669368760749991,0.006502165707059444
2.735,2.6964943906413477,757.4584164248042,0.19291329725010703,0.01221734498379706,136.9523596669218,9.65432431467847,0.006500503161918717
2.74,2.696057862048275,757.4573420864406,0.19295947880861877,0.012184371183087293,136.98523996299204,9.639296698280214,0.00649882130471749
2.745,2.695613164494142,757.4562609109896,0.19300556244749562,0.01215146769963623,137.01804797626824,9.624285839032156,0.006497120211846198
2.75,2.6951603203814956,757.4551729302617,0.19305154855647355,0.0121186342524199,137.0507839998009,9.609291665235377,0.006495399959384179
2.755,2.694699352379729,757.4540781764607,0.19309743752191855,0.012085870562835941,137.08344832426266,9.594314106012249,0.006493660623101773
2.7600000000000002,2.6942302834248104,757.4529766821809,0.19314322972684067,0.012053176354693312,137.11604123795837,9.57935309130357,0.0064919022784624145
2.765,2.693753136718985,757.4518684804041,0.19318892555090844,0.012020551354201969,137.14856302683526,9.564408551865704,0.006490125000624701
2.77,2.6932679357304656,757.4507536044975,0.19323452537046293,0.01198799528996257,137.18101397449266,9.549480419267695,0.0064883288644444715
2.775,2.692774704193102,757.4496320882108,0.19328002955853213,0.011955507892956196,137.21339436219247,9.5345686258884,0.006486513944476857
2.7800000000000002,2.6922734661060415,757.4485039656734,0.1933254384848451,0.011923088896534057,137.2457044688688,9.519673104913606,0.006484680314978334
2.785,2.6917642457333595,757.4473692713913,0.19337075251584612,0.011890738036407233,137.2779445711381,9.50479379033314,0.006482828049908761
2.79,2.6912470676036824,757.4462280402456,0.193415972014709,0.011858455050636351,137.3101149433094,9.489930616937981,0.006480957222933406
2.795,2.6907219565097913,757.4450803074888,0.1934610973413513,0.011826239679621361,137.34221585739397,9.475083520317359,0.006479067907424969
2.8000000000000003,2.690188937508204,757.4439261087421,0.19350612885244844,0.011794091666091236,137.37424758311556,9.460252436855862,0.006477160176465589
2.805,2.6896480359187516,757.4427654799936,0.19355106690144794,0.011762010755093729,137.4062103879202,9.445437303730532,0.006475234102848841
2.81,2.6890992773241233,757.4415984575945,0.1935959118385836,0.011729996693985112,137.43810453698632,9.430638058907943,0.006473289759081734
2.815,2.688542687569407,757.4404250782575,0.19364066401088972,0.011698049232419907,137.46993029323468,9.415854641141305,0.00647132721738668
2.82,2.687978292761613,757.4392453790531,0.19368532376221528,0.011666168122340656,137.50168791733833,9.40108698996753,0.006469346549703473
2.825,2.6874061192691694,757.4380593974075,0.19372989143323804,0.01163435311796766,137.53337766773237,9.386335045704316,0.006467347827691244
2.83,2.6868261937214126,757.4368671711002,0.19377436736147882,0.011602603975788751,137.56499980062424,9.371598749447228,0.006465331122730417
2.835,2.686238543008059,757.4356687382602,0.1938187518813156,0.011570920454549044,137.5965545700034,9.35687804306675,0.006463296505924648
2.84,2.685643194278654,757.4344641373647,0.1938630453239977,0.011539302315240698,137.6280422276515,9.342172869205358,0.006461244048102752
2.845,2.685040174942011,757.4332534072354,0.19390724801766002,0.011507749321092695,137.65946302315186,9.327483171274576,0.0064591738198206345
2.85,2.684429512665647,757.4320365870361,0.19395136028733698,0.01147626123756063,137.69081720389997,9.312808893452035,0.006457085891363195
2.855,2.6838112353751717,757.4308137162704,0.19399538245497702,0.011444837832316456,137.72210501511293,9.298149980678515,0.006454980332746234
2.86,2.6831853712536877,757.4295848347784,0.19403931483945636,0.011413478875238296,137.7533266998396,9.283506378654996,0.006452857213718349
2.865,2.6825519487411627,757.4283499827344,0.1940831577565935,0.011382184138400206,137.78448249897042,9.2688780338397,0.00645071660376281
2.87,2.681910996533785,757.427109200644,0.19412691151916303,0.011350953396061977,137.81557265124727,9.254264893445121,0.006448558572099443
2.875,2.681262543583312,757.4258625293418,0.19417057643691016,0.011319786424658912,137.84659739327333,9.23966690543506,0.006446383187686491
2.88,2.6806066190963986,757.424610009988,0.19421415281656443,0.011288683002791636,137.87755695952316,9.225084018521654,0.006444190519222464
2.8850000000000002,2.679943252533909,757.4233516840665,0.19425764096185424,0.01125764291121588,137.90845158235226,9.210516182162388,0.006441980635147993
2.89,2.6792724736102103,757.4220875933817,0.1943010411735207,0.011226665932832303,137.93928149200715,9.195963346557127,0.0064397536036476626
2.895,2.678594312292459,757.4208177800559,0.19434435374933182,0.011195751852676272,137.97004691663537,9.181425462645116,0.006437509492651835
2.9,2.6779087987998667,757.4195422865268,0.19438757898409684,0.011164900457907669,138.00074808229482,9.166902482101992,0.006435248369838474
2.9050000000000002,2.677215963602956,757.4182611555445,0.19443071716968002,0.011134111537800709,138.031385212964,9.152394357336789,0.006432970302634946
2.91,2.676515837422787,757.4169744301693,0.1944737685950151,0.011103384883733762,138.0619585305519,9.137901041488934,0.006430675358219825
2.915,2.6758084512301914,757.4156821537681,0.19451673354611912,0.011072720289179145,138.09246825490757,9.123422488425243,0.006428363603524675
2.92,2.6750938362449737,757.4143843700127,0.1945596123061068,0.01104211754969294,138.1229146038302,9.1089586527369,0.006426035105235835
2.9250000000000003,2.6743720239351045,757.4130811228767,0.19460240515520444,0.011011576462904805,138.1532977930787,9.09450948973645,0.006423689929796189
2.93,2.6736430460159033,757.4117724566327,0.1946451123707642,0.010981096828507831,138.18361803638172,9.080074955454773,0.006421328143406924
2.935,2.6729069344491974,757.4104584158493,0.19468773422727817,0.01095067844824832,138.2138755454476,9.065655006638062,0.006418949812029285
2.94,2.6721637214424696,757.4091390453896,0.19473027099639248,0.010920321125915617,138.24407052997367,9.051249600744782,0.006416555001386317
2.945,2.671413439447997,757.4078143904069,0.19477272294692136,0.010890024667331926,138.27420319765633,9.03685869594264,0.006414143776964597
2.95,2.6706561211619704,757.4064844963431,0.19481509034486133,0.010859788880342173,138.30427375420115,9.022482251105538,0.006411716204015958
2.955,2.6698917995236005,757.4051494089257,0.19485737345340529,0.010829613574803805,138.33428240333228,9.00812022581054,0.006409272347559208
2.96,2.669120507714212,757.4038091741651,0.19489957253295667,0.010799498562576598,138.3642293468024,8.993772580334795,0.006406812272381826
2.965,2.668342279156317,757.4024638383517,0.19494168784114344,0.010769443657512512,138.39411478440243,8.979439275652501,0.00640433604304167
2.97,2.6675571475126882,757.4011134480534,0.1949837196328324,0.010739448675445502,138.42393891397145,8.965120273431829,0.006401843723868656
2.975,2.666765146685406,757.399758050113,0.19502566816014308,0.01070951343418137,138.45370193140633,8.95081553603186,0.006399335378966439
2.98,2.6659663108148823,757.3983976916451,0.19506753367246207,0.010679637753487568,138.48340403067155,8.93652502649951,0.006396811072214081
2.985,2.6651606742789027,757.397032420034,0.19510931641645698,0.01064982145508304,138.5130454038091,8.922248708566451,0.00639427086726771
2.99,2.664348271691629,757.3956622829301,0.19515101663609066,0.010620064362628051,138.54262624094807,8.907986546646024,0.006391714827562175
2.995,2.6635291379025925,757.3942873282481,0.19519263457263522,0.010590366301714022,138.57214673031473,8.893738505830152,0.0063891430163126785
3.0,2.6627033079956846,757.3929076041638,0.19523417046468627,0.010560727099853335,138.60160705824185,8.879504551886237,0.006386555496516418
3.005,2.661870817288117,757.3915231591114,0.19527562454817698,0.01053114658646918,138.6310074091788,8.865284651254067,0.0063839523309542024
3.0100000000000002,2.661031701329384,757.3901340417812,0.19531699705639222,0.010501624592885388,138.66034796570122,8.851078771042703,0.00638133358219207
3.015,2.6601859959002065,757.3887403011158,0.1953582882199826,0.010472160952316248,138.68962890852075,8.83688687902737,0.0063786993125828926
3.02,2.659333737011451,757.387341986309,0.1953994982669788,0.010442755499856337,138.7188504164948,8.82270894364633,0.00637604958426797
3.025,2.6584749609030602,757.3859391468017,0.19544062742280552,0.010413408072470343,138.74801266663647,8.808544933997768,0.00637338445917862
3.0300000000000002,2.6576097040429554,757.3845318322798,0.19548167591029567,0.010384118508982881,138.77711583412395,8.794394819836647,0.006370703999037751
3.035,2.6567380031259225,757.3831200926713,0.1955226439497046,0.010354886650068333,138.80616009231082,8.780258571571586,0.006368008265361437
3.04,2.6558598950724934,757.381703978144,0.19556353175872407,0.010325712338240658,138.8351456127351,8.766136160261713,0.006365297319460474
3.045,2.6549754170278126,757.3802835391018,0.1956043395524966,0.010296595417843215,138.86407256512973,8.752027557613502,0.006362571222441931
3.0500000000000003,2.65408460636049,757.3788588261833,0.19564506754362937,0.010267535735038575,138.89294111743175,8.737932735977639,0.006359830035210692
3.055,2.6531875006614434,757.3774298902579,0.19568571594220868,0.01023853313779835,138.9217514357924,8.72385166834585,0.006357073818470993
3.06,2.6522841377427264,757.3759967824237,0.19572628495581382,0.01020958747589299,138.95050368458666,8.709784328347732,0.006354302632727936
3.065,2.6513745556363464,757.3745595540048,0.19576677478953142,0.010180698600881607,138.97919802642326,8.695730690247583,0.006351516538289017
3.0700000000000003,2.650458792593066,757.3731182565481,0.19580718564596952,0.010151866366101776,139.00783462215404,8.68169072894122,0.006348715595265624
3.075,2.649536887081197,757.3716729418211,0.1958475177252718,0.010123090626659349,139.03641363088423,8.667664419952791,0.006345899863574533
3.08,2.648608877785384,757.3702236618088,0.19588777122513176,0.010094371239418256,139.06493520998157,8.65365173943159,0.006343069402939405
3.085,2.6476748036053697,757.3687704687113,0.1959279463408068,0.010065708062990316,139.09339951508684,8.639652664148848,0.006340224272892255
3.09,2.646734703654748,757.3673134149407,0.1959680432651325,0.010037100957724995,139.12180670012273,8.625667171494529,0.006337364532774932
3.095,2.6457886172597136,757.3658525531185,0.1960080621885369,0.010008549785699249,139.15015691730434,8.61169523947412,0.006334490241740572
3.1,2.644836583957797,757.3643879360734,0.19604800329905442,0.009980054410707302,139.17845031714842,8.597736846705416,0.006331601458755061
3.105,2.643878643496584,757.3629196168374,0.1960878667823404,0.009951614698250425,139.20668704848356,8.583791972415282,0.006328698242598471
3.11,2.64291483583242,757.3614476486443,0.19612765282168498,0.009923230515526725,139.23486725845953,8.56986059643643,0.006325780651866496
3.115,2.641945201129117,757.3599720849262,0.19616736159802767,0.00989490173142092,139.26299109255743,8.55594269920417,0.006322848744971885
3.12,2.6409697797566376,757.3584929793109,0.1962069932899712,0.009866628216494144,139.29105869459897,8.542038261753186,0.006319902580145854
3.125,2.6399886122897707,757.3570103856193,0.19624654807379607,0.009838409842973699,139.31907020675703,8.528147265714253,0.006316942215439493
3.13,2.6390017395067997,757.3555243578628,0.19628602612347457,0.009810246484742807,139.34702576956434,8.514269693310997,0.006313967708725175
3.1350000000000002,2.638009202388153,757.3540349502401,0.19632542761068514,0.0097821380173304,139.37492552192424,8.500405527356616,0.00631097911769794
3.14,2.6370110421150486,757.352542217135,0.19636475270482653,0.009754084317900898,139.40276960111976,8.486554751250619,0.0063079764998768785
3.145,2.6360073000681243,757.3510462131131,0.19640400157303214,0.009726085265243935,139.43055814282386,8.472717348975532,0.006304959912606508
3.15,2.6349980178260624,757.3495469929197,0.19644317438018427,0.009698140739764112,139.45829128110887,8.458893305093616,0.006301929413058138
3.1550000000000002,2.633983237164198,757.3480446114764,0.1964822712889283,0.009670250623470754,139.48596914845652,8.445082604743567,0.006298885058231224
3.16,2.6329630000531203,757.346539123879,0.1965212924596872,0.00964241479996768,139.51359187576745,8.431285233637222,0.006295826904954719
3.165,2.631937348657263,757.345030585394,0.1965602380506754,0.0096146331544429,139.54115959237132,8.417501178056241,0.00629275500988841
3.17,2.63090632533348,757.3435190514568,0.1965991082179136,0.009586905573658362,139.5686724260363,8.40373042484879,0.006289669429524248
3.1750000000000003,2.6298699726296175,757.342004577668,0.19663790311524262,0.009559231945939689,139.59613050297898,8.389972961426215,0.006286570220187674
3.18,2.628828333283071,757.3404872197915,0.19667662289433804,0.009531612161165898,139.6235339478742,8.37622877575972,0.006283457438038927
3.185,2.6277814502193295,757.338967033751,0.1967152677047243,0.00950404611075911,139.6508828838646,8.362497856377015,0.006280331139074352
3.19,2.6267293665505287,757.3374440756281,0.19675383769378915,0.009476533687674283,139.67817743257086,8.348780192358975,0.006277191379127696
3.1950000000000003,2.625672125573962,757.3359184016587,0.19679233300679794,0.00944907478638889,139.70541771410126,8.33507577333628,0.006274038213871391
3.2,2.6246097707706055,757.3343900682306,0.19683075378690795,0.009421669302892668,139.73260384706123,8.321384589486069,0.00627087169881784
3.205,2.623542345803627,757.3328591318812,0.19686910017518278,0.00939431713467727,139.75973594856362,8.30770663152855,0.006267691889320682
3.21,2.622469894516886,757.3313256492938,0.19690737231060673,0.00936701818072597,139.78681413423817,8.29404189072363,0.006264498840576052
3.215,2.6213924609334205,757.3297896772962,0.19694557033009907,0.009339772341503353,139.81383851824168,8.280390358867537,0.006261292607623839
3.22,2.620310089253926,757.3282512728563,0.19698369436852858,0.009312579518944996,139.8408092132673,8.266752028289416,0.006258073245348928
3.225,2.6192228238552255,757.3267104930809,0.19702174455872776,0.009285439616447148,139.86772633055486,8.25312689184794,0.006254840808482434
3.23,2.6181307092887374,757.3251673952119,0.19705972103150735,0.009258352538856374,139.89458997990036,8.239514942927892,0.006251595351602934
3.235,2.6170337902789207,757.3236220366242,0.19709762391567073,0.009231318192459235,139.92140026966604,8.225916175436755,0.00624833692913768
3.24,2.61593211172171,757.3220744748226,0.1971354533380283,0.009204336484971947,139.94815730679008,8.212330583801286,0.006245065595363813
3.245,2.61482571868296,757.320524767439,0.19717320942341185,0.009177407325530037,139.9748611967966,8.19875816296409,0.006241781404409564
3.25,2.613714656396869,757.3189729722301,0.1972108922946892,0.009150530624677957,140.00151204380523,8.185198908380169,0.0062384844102554475
3.255,2.612598970264392,757.3174191470741,0.19724850207277836,0.009123706294358745,140.02810995054102,8.171652816013488,0.006235174666735443
3.2600000000000002,2.6114787058516384,757.3158633499687,0.19728603887666227,0.009096934247903664,140.05465501834456,8.158119882333509,0.006231852227538177
3.265,2.6103539088882783,757.3143056390273,0.19732350282340302,0.009070214400021813,140.08114734718177,8.144600104311737,0.006228517146208086
3.27,2.6092246252659366,757.3127460724775,0.1973608940281565,0.009043546666789751,140.10758703565344,8.131093479418242,0.006225169476146576
3.275,2.6080909010365665,757.3111847086569,0.19739821260418683,0.009016930965641106,140.13397418100556,8.117600005618185,0.006221809270613177
3.2800000000000002,2.6069527824108123,757.3096216060121,0.19743545866288076,0.00899036721535619,140.16030887913868,8.104119681368326,0.006218436582726681
3.285,2.6058103157563886,757.3080568230944,0.19747263231376236,0.008963855336051601,140.18659122461835,8.090652505613543,0.006215051465466278
3.29,2.604663547596426,757.3064904185578,0.19750973366450733,0.0089373952491698,140.2128213106846,8.077198477783302,0.006211653971672682
3.295,2.603512524607821,757.3049224511565,0.1975467628209577,0.008910986877468713,140.23899922926194,8.063757597788177,0.006208244154049247
3.3000000000000003,2.6023572936195754,757.3033529797415,0.19758371988713627,0.008884630145011323,140.26512507096928,8.05032986601631,0.006204822065163076
3.305,2.6011979016111293,757.3017820632582,0.19762060496526113,0.008858324977155238,140.29119892512998,8.036915283329897,0.00620138775744612
3.31,2.6000343957106695,757.300209760744,0.19765741815576027,0.008832071300542234,140.31722087978142,8.023513851061645,0.006197941283196273
3.315,2.5988668231934575,757.2986361313248,0.19769415955728611,0.008805869043087857,140.34319102168524,8.01012557101123,0.0061944826945784515
3.3200000000000003,2.5976952314801403,757.297061234213,0.1977308292667301,0.008779718133970955,140.36910943633697,7.996750445441751,0.006191012043625672
3.325,2.5965196681350426,757.2954851287042,0.1977674273792373,0.00875361850362325,140.3949762079762,7.9833884770761685,0.006187529382240118
3.33,2.595340180864451,757.2939078741751,0.19780395398822093,0.008727570083718857,140.42079141959636,7.970039669093735,0.0061840347621941955
3.335,2.59415681751491,757.2923295300802,0.19784040918537696,0.008701572807163833,140.44655515295486,7.956704025126424,0.006180528235131588
3.34,2.592969626071495,757.2907501559492,0.1978767930606988,0.008675626608085726,140.4722674885825,7.9433815492553475,0.006177009852568293
3.345,2.591778654656087,757.2891698113845,0.19791310570249188,0.008649731421823074,140.49792850579428,7.9300722460071595,0.006173479665893656
3.35,2.5905839515256166,757.2875885560582,0.1979493471973882,0.008623887184914943,140.5235382826983,7.916776120350467,0.006169937726371402
3.355,2.589385565070337,757.2860064497096,0.1979855176303611,0.008598093835090439,140.54909689620672,7.903493177692211,0.006166384085140642
3.36,2.5881835438120704,757.2844235521424,0.1980216170847398,0.008572351311258199,140.57460442204496,7.890223423874061,0.0061628187932168885
3.365,2.586977936402444,757.2828399232219,0.1980576456422242,0.00854665955349591,140.60006093476218,7.876966865168786,0.006159241901493054
3.37,2.585768791621121,757.2812556228724,0.1980936033828993,0.008521018503039816,140.6254665077408,7.8637235082766335,0.006155653460740443
3.375,2.5845561583740304,757.2796707110745,0.19812949038525013,0.008495428102274187,140.65082121320694,7.8504933603216775,0.006152053521609731
3.38,2.5833400856915953,757.278085247862,0.19816530672617624,0.00846988829472081,140.67612512223994,7.837276428848183,0.006148442134631949
3.3850000000000002,2.5821206227269347,757.2764992933198,0.1982010524810065,0.00844439902502847,140.70137830478274,7.824072721816943,0.006144819350219441
3.39,2.5808978187540785,757.274912907581,0.19823672772351378,0.008418960238962443,140.72658082965162,7.8108822476016275,0.00614118521866683
3.395,2.579671723166169,757.2733261508237,0.19827233252592963,0.00839357188339393,140.75173276454638,7.797705014985101,0.006137539790151962
3.4,2.5784423854736453,757.2717390832689,0.198307866958959,0.008368233906289544,140.77683417606005,7.784541033155752,0.006133883114736855
3.4050000000000002,2.577209855302445,757.2701517651776,0.19834333109179497,0.008342946256700767,140.80188512968923,7.771390311703805,0.006130215242368627
3.41,2.5759741823921756,757.2685642568479,0.19837872499213352,0.0083177088847534,140.8268856898438,7.758252860617633,0.006126536222880427
3.415,2.5747354165942924,757.2669766186126,0.1984140487261882,0.008292521741637016,140.85183591985728,7.745128690280046,0.006122846105992348
3.42,2.5734936078702826,757.2653889108364,0.19844930235870487,0.00826738477959439,140.87673588199635,7.732017811464592,0.006119144941312339
3.4250000000000003,2.572248806289812,757.2638011939129,0.1984844859529766,0.008242297951910957,140.9015856374715,7.718920235331833,0.006115432778337106
3.43,2.5710010620288877,757.2622135282626,0.19851959957085819,0.008217261212904243,140.92638524644642,7.705835973425631,0.006111709666453006
3.435,2.5697504253680177,757.2606259743294,0.1985546432727812,0.00819227451791329,140.95113476804858,7.692765037669409,0.006107975654936929
3.44,2.5684969466903422,757.2590385925786,0.19858961711776843,0.008167337823288077,140.97583426037875,7.679707440362411,0.006104230792957178
3.4450000000000003,2.5672406764797917,757.2574514434936,0.19862452116344906,0.00814245108637896,141.00048378052153,7.666663194175962,0.006100475129574333
3.45,2.565981665319217,757.2558645875737,0.19865935546607305,0.00811761426552608,141.02508338455505,7.653632312149717,0.00609670871374212
3.455,2.564719963888519,757.2542780853312,0.19869412008052625,0.008092827320048776,141.04963312756104,7.6406148076878875,0.006092931594308254
3.46,2.563455622962774,757.2526919972888,0.19872881506034498,0.008068090210235003,141.0741330636351,7.627610694555488,0.006089143820015286
3.465,2.562188693410351,757.251106383977,0.198763440457731,0.008043402897330737,141.0985832458966,7.614619986874549,0.006085345439501443
3.47,2.5609192261910363,757.249521305931,0.19879799632356615,0.008018765343529383,141.12298372649866,7.6016426991203465,0.006081536501301452
3.475,2.5596472723541366,757.2479368236886,0.1988324827074273,0.007994177511961175,141.14733455663847,7.5886788461176025,0.006077717053847362
3.48,2.5583728830365784,757.2463529977874,0.19886689965760107,0.007969639366682576,141.1716357865669,7.575728443036695,0.006073887145469353
3.485,2.5570961094610145,757.2447698887617,0.19890124722109884,0.007945150872665677,141.1958874655992,7.562791505389852,0.006070046824396543
3.49,2.5558170029339276,757.2431875571401,0.1989355254436713,0.007920711995787586,141.22008964212435,7.549868049027341,0.006066196138757782
3.495,2.5545356148437093,757.2416060634433,0.19896973436982338,0.007896322702819836,141.24424236361577,7.53695809013366,0.006062335136582439
3.5,2.5532519966587484,757.240025468181,0.19900387404282927,0.007871982961417749,141.26834567664088,7.524061645223702,0.006058463865801185
3.505,2.5519661999255168,757.2384458318488,0.19903794450474696,0.00784769274010985,141.29239962687157,7.511178731138932,0.006054582374246759
3.5100000000000002,2.550678276266645,757.2368672149267,0.1990719457964333,0.007823452008287242,141.31640425909387,7.498309365043552,0.006050690709654736
3.515,2.5493882773789966,757.2352896778754,0.19910587795755874,0.007799260736193015,141.3403596172187,7.485453564420657,0.006046788919664283
3.52,2.548096255031734,757.2337132811341,0.19913974102662219,0.00777511889491159,141.36426574429098,7.472611347068382,0.006042877051818902
3.525,2.5468022610643875,757.2321380851181,0.19917353504096585,0.007751026456358132,141.38812268250055,7.459782731096052,0.006038955153567173
3.5300000000000002,2.5455063473849147,757.2305641502156,0.19920726003679012,0.007726983393267947,141.41193047319172,7.446967734920315,0.006035023272263486
3.535,2.5442085659677582,757.2289915367855,0.19924091604916833,0.007702989679185855,141.43568915687393,7.434166377261281,0.006031081455168763
3.54,2.5429089688518953,757.2274203051549,0.19927450311206168,0.0076790452884555474,141.4593987732311,7.421378677138642,0.006027129749451173
3.545,2.541607608138894,757.2258505156157,0.1993080212583341,0.0076551501962090086,141.4830593611323,7.408604653867798,0.006023168202186843
3.5500000000000003,2.54030453599095,757.2242822284229,0.199341470519767,0.007631304378355896,141.5066709586413,7.395844327055965,0.006019196860360554
3.555,2.5389998046289355,757.2227155037916,0.19937485092707416,0.007607507811572931,141.5302336030273,7.383097716598296,0.006015215770866434
3.56,2.537693466330442,757.2211504018944,0.19940816250991664,0.007583760473293259,141.5537473307744,7.370364842673972,0.006011224980508645
3.565,2.5363855734278093,757.2195869828586,0.1994414052969175,0.007560062341695873,141.57721217759212,7.357645725742308,0.006007224536002054
3.5700000000000003,2.5350761783061544,757.218025306764,0.19947457931567678,0.007536413395694988,141.6006281784251,7.344940386538841,0.006003214483972905
3.575,2.5337653334014067,757.21646543364,0.19950768459278617,0.007512813614929448,141.6239953674636,7.332248846071427,0.005999194870959479
3.58,2.5324530911983336,757.2149074234633,0.199540721153844,0.0074892629797521145,141.64731377815315,7.319571125616312,0.005995165743412744
3.585,2.5311395042285607,757.2133513361548,0.19957368902346995,0.007465761471219278,141.67058344320495,7.306907246714217,0.005991127147697001
3.59,2.529824625068595,757.2117972315776,0.19960658822532001,0.007442309071080039,141.69380439460565,7.2942572311664104,0.005987079130090522
3.595,2.5285085063378423,757.2102451695342,0.19963941878210115,0.007418905761765735,141.71697666362772,7.281621101030773,0.005983021736786176
3.6,2.527191200696612,757.208695209764,0.19967218071558626,0.0073955515263793604,141.74010028083916,7.268998878617871,0.005978955013892056
3.605,2.525872760844141,757.2071474119401,0.19970487404662882,0.0073722463486849635,141.7631752761142,7.256390586487002,0.005974879007432084
3.61,2.5245532395165964,757.205601835668,0.1997374987951779,0.007348990213097069,141.78620167864236,7.243796247442262,0.005970793763346624
3.615,2.523232689485089,757.2040585404818,0.19977005498029282,0.007325783104670107,141.80917951693957,7.231215884528587,0.005966699327493073
3.62,2.521911163553665,757.2025175858425,0.19980254262015792,0.007302625009087862,141.83210881885725,7.218649521027813,0.00596259574564646
3.625,2.520588714557319,757.200979031135,0.19983496173209747,0.007279515912652882,141.85498961159325,7.206097180454703,0.005958483063500018
3.63,2.519265395359991,757.1994429356656,0.1998673123325903,0.00725645580227594,141.87782192170107,7.193558886552999,0.005954361326665767
3.6350000000000002,2.5179412588525607,757.1979093586598,0.19989959443728472,0.007233444665465472,141.9006057751006,7.18103466329145,0.005950230580675077
3.64,2.5166163579508525,757.1963783592594,0.19993180806101313,0.0072104824903170585,141.92334119708744,7.168524534859854,0.0059460908709792265
3.645,2.515290745593621,757.1948499965199,0.19996395321780686,0.007187569265502865,141.94602821234383,7.156028525665078,0.005941942242949956
3.65,2.5139644747405394,757.1933243294086,0.19999602992091087,0.007164704980261114,141.96866684494762,7.143546660327087,0.00593778474188001
3.6550000000000002,2.512637598370196,757.1918014168014,0.2000280381827985,0.007141889624385579,141.99125711838323,7.1310789636749705,0.005933618412983677
3.66,2.511310169478087,757.1902813174806,0.20005997801518616,0.007119123188215084,142.01379905555086,7.118625460742963,0.005929443301397311
3.665,2.509982241074596,757.1887640901326,0.20009184942904804,0.007096405662622977,142.0362926787771,7.106186176766455,0.005925259452179861
3.67,2.5086538661829816,757.1872497933448,0.20012365243463076,0.007073737039006654,142.05873800982457,7.093761137178017,0.005921066910313378
3.6750000000000003,2.507325097837357,757.1857384856037,0.20015538704146815,0.007051117309277076,142.081135069902,7.0813503676034095,0.005916865720703521
3.68,2.505995989080685,757.1842302252923,0.2001870532583958,0.0070285464658483,142.10348387967403,7.0689538938575955,0.005912655928180059
3.685,2.504666592962749,757.1827250706873,0.20021865109356576,0.007006024501627013,142.12578445927164,7.056571741940745,0.00590843757749736
3.69,2.503336962538133,757.181223079957,0.20025018055446117,0.006983551410002093,142.14803682830146,7.0442039380342525,0.005904210713334871
3.6950000000000003,2.502007150864208,757.1797243111588,0.20028164164791082,0.006961127184834169,142.1702410058564,7.031850508496731,0.005899975380297598
3.7,2.500677210999105,757.1782288222363,0.2003130343801038,0.0069387518204451935,142.19239701052476,7.019511479860031,0.005895731622916572
3.705,2.499347195999691,757.1767366710176,0.20034435875660414,0.006916425311608032,142.21450486040104,7.007186878825229,0.005891479485649307
3.71,2.4980171589195583,757.1752479152121,0.20037561478236524,0.006894147653536076,142.2365645730949,6.994876732258643,0.005887219012880259
3.715,2.496687152806989,757.1737626124086,0.20040680246174444,0.006871918841872849,142.2585761657422,6.982581067187823,0.005882950248921266
3.72,2.495357230702927,757.1722808200727,0.20043792179851763,0.006849738872681634,142.28053965501363,6.970299910797565,0.005878673238011989
3.725,2.494027445638962,757.1708025955442,0.20046897279589368,0.006827607742435133,142.30245505712554,6.958033290425904,0.005874388024320341
3.73,2.4926978506353037,757.1693279960349,0.20049995545652896,0.006805525448005113,142.32432238784915,6.945781233560115,0.005870094651942916
3.735,2.4913684986987517,757.1678570786261,0.20053086978254173,0.006783491986652094,142.34614166252115,6.933543767832713,0.005865793164905393
3.74,2.4900394428206716,757.1663899002662,0.20056171577552667,0.006761507356015034,142.36791289605262,6.921320921017459,0.005861483607162959
3.745,2.4887107359749723,757.1649265177683,0.2005924934365692,0.006739571554101051,142.38963610293945,6.909112721025361,0.0058571660226006995
3.75,2.4873824311160715,757.1634669878082,0.20062320276625997,0.006717684579275134,142.4113112972719,6.896919195900668,0.005852840455033998
3.755,2.4860545811768784,757.162011366921,0.20065384376470916,0.006695846430249891,142.4329384927447,6.884740373816883,0.005848506948208921
3.7600000000000002,2.4847272390667627,757.1605597114999,0.2006844164315608,0.006674057106075333,142.45451770266615,6.8725762830727595,0.005844165545802595
3.765,2.483400457669534,757.159112077793,0.20071492076600714,0.006652316606128641,142.4760489399687,6.860426952088315,0.0058398162914235835
3.77,2.4820742898414045,757.1576685219013,0.20074535676680294,0.006630624930103962,142.49753221721798,6.8482924094008295,0.00583545922861225
3.775,2.4807487884089787,757.1562290997765,0.20077572443227965,0.006608982078002245,142.51896754662295,6.8361726836608545,0.005831094400841114
3.7800000000000002,2.4794240061672195,757.1547938672181,0.20080602376035972,0.006587388050121069,142.5403549400453,6.824067803628232,0.005826721851515201
3.785,2.47809999587743,757.1533628798718,0.20083625474857078,0.006565842847044525,142.56169440900936,6.8119777981680985,0.00582234162397239
3.79,2.4767768102652234,757.1519361932264,0.20086641739405978,0.006544346469633102,142.58298596471167,6.799902696246906,0.0058179537614837466
3.795,2.4754545020185015,757.1505138626121,0.20089651169360714,0.006522898919013581,142.60422961803067,6.787842526928433,0.005813558307253851
3.8000000000000003,2.474133123785445,757.1490959431978,0.20092653764364093,0.0065015001965689715,142.6254253795362,6.77579731936981,0.005809155304421121
3.805,2.4728127281724777,757.147682489989,0.20095649524025083,0.006480150303928479,142.6465732594991,6.7637671028175435,0.0058047447960581314
3.81,2.471493367742251,757.1462735578256,0.20098638447920222,0.006458849242957467,142.66767326790085,6.751751906603542,0.005800326825171913
3.815,2.470175095011627,757.1448692013789,0.20101620535595024,0.0064375970157474725,142.68872541444318,6.739751760141145,0.0057959014347042604
3.8200000000000003,2.468857962449658,757.1434694751505,0.2010459578656537,0.006416393624606227,142.70972970855752,6.727766692921157,0.005791468667532022
3.825,2.4675420224755737,757.142074433469,0.20107564200318903,0.006395239072047722,142.7306861594145,6.715796734507891,0.00578702856646739
3.83,2.4662273274567648,757.1406841304882,0.20110525776316415,0.0063741333607822805,142.75159477593337,6.7038419145352055,0.005782581174258177
3.835,2.4649139297067655,757.139298620185,0.20113480513993243,0.0063530764937066745,142.77245556679176,6.691902262702555,0.005778126533588089
3.84,2.4636018814832505,757.1379179563564,0.20116428412760637,0.006332068473894252,142.79326854043464,6.6799778087710395,0.0057736646870769955
3.845,2.4622912349860147,757.1365421926184,0.20119369472007154,0.006311109304585104,142.81403370508406,6.668068582559463,0.005769195677281183
3.85,2.460982042354971,757.1351713824026,0.2012230369110002,0.0062901989891762725,142.8347510687485,6.656174613940402,0.005764719546693611
3.855,2.4596743556681426,757.1338055789548,0.2012523106938651,0.006269337531211948,142.85542063923216,6.644295932836259,0.005760236337744155
3.86,2.4583682269396494,757.1324448353325,0.20128151606195302,0.006248524934373744,142.87604242414426,6.632432569215354,0.005755746092799847
3.865,2.45706370811771,757.1310892044027,0.20131065300837853,0.00622776120247097,142.89661643090844,6.620584553087987,0.005751248854165106
3.87,2.4557608510826547,757.1297387388394,0.20133972152609744,0.006207046339430946,142.9171426667719,6.608751914502541,0.0057467446640819654
3.875,2.454459707644908,757.1283934911221,0.20136872160792046,0.006186380349289352,142.9376211388148,6.596934683541561,0.005742233564730286
3.88,2.453160329542992,757.127053513533,0.20139765324652656,0.006165763236180612,142.95805185395926,6.58513289031786,0.005737715598227973
3.8850000000000002,2.451862768441543,757.1257188581553,0.20142651643447648,0.006145195004328297,142.97843481897885,6.573346564970625,0.0057331908066311785
3.89,2.450567075929311,757.1243895768706,0.2014553111642261,0.006124675658035586,142.9987700405074,6.561575737661532,0.005728659231934502
3.895,2.449273303517174,757.123065721357,0.2014840374281398,0.006104205201675728,143.01905752504837,6.549820438570869,0.0057241209160711765
3.9,2.4479815026361478,757.1217473430869,0.20151269521850373,0.006083783639682575,143.03929727898378,6.53808069789366,0.00571957590091326
3.9050000000000002,2.446691724635407,757.1204344933249,0.20154128452753908,0.006063410976541128,143.05948930858358,6.5263565458358075,0.005715024228271811
3.91,2.4454040207802947,757.1191272231257,0.20156980534741525,0.006043087216778122,143.07963362001416,6.514648012610242,0.005710465939897062
3.915,2.4441184422503452,757.1178255833319,0.20159825767026307,0.006022812364952654,143.09973021934766,6.502955128433068,0.005705901077478582
3.92,2.4428350401373216,757.1165296245717,0.2016266414881877,0.006002586425646844,143.11977911257088,6.491277923519736,0.005701329682645437
3.9250000000000003,2.4415538654432263,757.1152393972576,0.20165495679328194,0.005982409403456543,143.1397803055944,6.479616428081212,0.005696751796966347
3.93,2.440274969078334,757.1139549515832,0.20168320357763894,0.005962281302982066,143.15973380426092,6.467970672320165,0.005692167461949825
3.935,2.4389984018592306,757.112676337522,0.20171138183336537,0.005942202128818972,143.1796396143547,6.456340686427152,0.005687576719044322
3.94,2.437724214506841,757.1114036048249,0.20173949155259407,0.005922171885548892,143.19949774161,6.444726500576832,0.005682979609638358
3.9450000000000003,2.436452457644475,757.1101368030182,0.20176753272749706,0.005902190577730381,143.2193081917201,6.433128144924162,0.00567837617506065
3.95,2.435183181795871,757.108875981402,0.20179550535029814,0.005882258209889825,143.23907097034572,6.421545649600647,0.005673766456580234
3.955,2.4339164373832407,757.1076211890471,0.20182340941328566,0.0058623747865123865,143.25878608312408,6.409979044710549,0.005669150495406579
3.96,2.432652274725312,757.1063724747943,0.2018512449088252,0.005842540312032985,143.2784535356773,6.398428360327147,0.005664528332689694
3.9650000000000003,2.431390744035392,757.1051298872513,0.20187901182937204,0.005822754790827332,143.29807333362092,6.386893626488991,0.0056599000095202325
3.97,2.4301318954194215,757.1038934747916,0.20190671016748377,0.005803018227203016,143.3176454825729,6.3753748731961775,0.005655265566929588
3.975,2.428875778874035,757.1026632855514,0.20193433991583268,0.005783330625390607,143.33716998816197,6.363872130406621,0.005650625045889986
3.98,2.4276224442846264,757.101439367429,0.20196190106721817,0.005763691989534829,143.35664685603584,6.352385428032356,0.005645978487314561
3.985,2.4263719414234166,757.1002217680814,0.20198939361457913,0.005744102323685771,143.37607609186983,6.3409147959358405,0.005641325932057447
3.99,2.425124319947528,757.0990105349235,0.20201681755100606,0.0057245616317901475,143.39545770137553,6.329460263926276,0.005636667420913835
3.995,2.4238796293970597,757.0978057151256,0.2020441728697534,0.005705069917682604,143.41479169030885,6.318021861755942,0.00563200299462005
4.0,2.4226379191931695,757.0966073556112,0.20207145956425157,0.005685627185077062,143.43407806447834,6.306599619116541,0.005627332693853609
4.005,2.421399238636162,757.0954155030558,0.20209867762811912,0.0056662334375581335,143.45331682975385,6.295193565635558,0.005622656559233272
4.01,2.4201636369035713,757.0942302038844,0.20212582705517462,0.005646888678572562,143.4725079920741,6.283803730872638,0.005617974631319091
4.015,2.4189311630482613,757.0930515042699,0.2021529078394486,0.005627592911420728,143.4916515574555,6.272430144315972,0.005613286950612456
4.0200000000000005,2.417701865996527,757.0918794501307,0.20217991997519544,0.005608346139248205,143.51074753199984,6.261072835378697,0.005608593557556128
4.025,2.416475794546193,757.0907140871296,0.20220686345690514,0.005589148365037365,143.52979592190275,6.249731833395331,0.0056038944925342745
4.03,2.415252997364719,757.0895554606715,0.20223373827931496,0.005569999591599023,143.54879673346136,6.238407167618183,0.005599189795872491
4.035,2.4140335229873213,757.0884036159011,0.2022605444374211,0.005550899821564152,143.56774997308247,6.227098867213816,0.005594479507837821
4.04,2.4128174198150787,757.0872585977022,0.20228728192649031,0.005531849057375643,143.58665564729057,6.215806961259515,0.005589763668638772
4.045,2.411604736113065,757.0861204506945,0.20231395074207123,0.005512847301280121,143.6055137627357,6.20453147873976,0.005585042318425324
4.05,2.4103955200084735,757.0849892192326,0.2023405508800059,0.005493894555319811,143.62432432620113,6.193272448542729,0.005580315497288929
4.055,2.4091898194887507,757.0838649474042,0.2023670823364411,0.005474990821324467,143.64308734461127,6.182029899456808,0.005575583245262519
4.0600000000000005,2.40798768239973,757.082747679028,0.20239354510783952,0.005456136100903345,143.66180282503947,6.170803860167125,0.00557084560232048
4.065,2.4067891564437827,757.0816374576518,0.20241993919099097,0.0054373303954372565,143.68047077471556,6.159594359252108,0.005566102608378658
4.07,2.4055942891779534,757.0805343265513,0.20244626458302342,0.005418573706070642,143.69909120103364,6.148401425180032,0.005561354303294328
4.075,2.404403128012121,757.0794383287275,0.20247252128141416,0.005399866033703735,143.71766411155934,6.137225086305617,0.005556600726866173
4.08,2.403215720207168,757.0783495069056,0.20249870928400054,0.00538120737898476,143.73618951403782,6.126065370866628,0.005551841918834256
4.085,2.402032112873131,757.0772679035331,0.20252482858899093,0.005362597742302214,143.75466741640088,6.1149223069804926,0.005547077918879985
4.09,2.400852352967372,757.0761935607778,0.20255087919497547,0.005344037123777186,143.77309782677446,6.103795922640946,0.0055423087666260735
4.095,2.3996764872927607,757.0751265205264,0.20257686110093667,0.00532552552325575,143.79148075348607,6.0926862457146855,0.005537534501636493
4.1,2.398504562495852,757.0740668243826,0.2026027743062601,0.005307062940301401,143.80981620507202,6.081593303938049,0.0055327551634164265
4.105,2.3973366250650745,757.0730145136654,0.20262861881074487,0.00528864937418758,143.8281041902846,6.070517124913709,0.005527970791412211
4.11,2.396172721328927,757.0719696294074,0.20265439461461401,0.005270284823890243,143.8463447180994,6.059457736107406,0.00552318142501128
4.115,2.3950128974541722,757.0709322123533,0.20268010171852485,0.005251969288080485,143.86453779772225,6.048415164844662,0.005518387103542095
4.12,2.393857199444048,757.0699023029581,0.2027057401235792,0.005233702765117244,143.88268343859664,6.037389438307554,0.005513587866274076
4.125,2.392705673136477,757.0688799413854,0.2027313098313336,0.005215485253040062,143.90078165041035,6.026380583531493,0.005508783752417531
4.13,2.39155836420228,757.0678651675057,0.20275681084380934,0.005197316749561908,143.9188324431025,6.0153886274020145,0.005503974801123569
4.135,2.390415318143408,757.0668580208951,0.20278224316350235,0.005179197252062068,143.9368358268706,6.004413596651609,0.005499161051484023
4.14,2.389276580291166,757.0658585408335,0.20280760679339327,0.005161126757579104,143.95479181217706,5.9934555178565585,0.005494342542531353
4.1450000000000005,2.388142195804454,757.0648667663025,0.20283290173695703,0.005143105262803868,143.97270040975638,5.982514417433801,0.0054895193132385575
4.15,2.387012209668011,757.0638827359849,0.2028581279981727,0.005125132764072596,143.99056163062136,5.971590321637828,0.005484691402519075
4.155,2.3858866666906624,757.062906488262,0.20288328558153307,0.005107209257360052,144.0083754860701,5.960683256557575,0.005479858849226676
4.16,2.384765611503577,757.0619380612127,0.202908374492054,0.005089334738272763,144.02614198769245,5.949793248113365,0.0054750216921553565
4.165,2.38364908855853,757.0609774926119,0.20293339473528416,0.005071509202042303,144.04386114737645,5.938920322053861,0.005470179970039232
4.17,2.382537142126178,757.0600248199285,0.20295834631731394,0.005053732643518653,144.06153297731493,5.928064503953044,0.005465333721552408
4.175,2.381429816294332,757.0590800803244,0.20298322924478499,0.005036005057163631,144.0791574900119,5.91722581920721,0.005460482985308874
4.18,2.380327154966239,757.0581433106529,0.20300804352489923,0.00501832643704438,144.09673469828857,5.906404293032002,0.005455627799862363
4.1850000000000005,2.3792292018588794,757.0572145474567,0.20303278916542783,0.005000696776826943,144.11426461528978,5.8955999504594505,0.005450768203706232
4.19,2.3781360005012577,757.0562938269674,0.20305746617472017,0.004983116069769916,144.13174725449028,5.8848128163350575,0.005445904235273323
4.195,2.3770475942327125,757.0553811851026,0.2030820745617127,0.004965584308718131,144.14918262970085,5.874042915314881,0.005441035932935826
4.2,2.3759640262012316,757.0544766574659,0.20310661433593763,0.004948101486096457,144.16657075507402,5.863290271862665,0.005436163335005133
4.205,2.374885339361764,757.0535802793445,0.20313108550753148,0.004930667593903649,144.1839116451104,5.8525549102469885,0.005431286479731697
4.21,2.373811576474556,757.052692085708,0.20315548808724374,0.004913282623706271,144.20120531466452,5.841836854538434,0.005426405405304874
4.215,2.3727427801034797,757.0518121112074,0.20317982208644517,0.004895946566632703,144.21845177895034,5.831136128606784,0.005421520149852777
4.22,2.3716789926143758,757.0509403901727,0.2032040875171362,0.0048786594133672125,144.23565105354754,5.820452756118252,0.005416630751442106
4.225,2.370620256173405,757.0500769566128,0.20322828439195506,0.004861421154144097,144.2528031544069,5.809786760532728,0.005411737248077995
4.23,2.3695666127454027,757.0492218442128,0.20325241272418595,0.004844231778741914,144.26990809785593,5.79913816510105,0.005406839677703838
4.235,2.3685181040922454,757.0483750863336,0.20327647252776698,0.004827091276477785,144.28696590060449,5.788506992862321,0.005401938078201125
4.24,2.3674747717712266,757.0475367160104,0.20330046381729808,0.004809999636201748,144.30397657975033,5.777893266641221,0.005397032487389261
4.245,2.366436657133431,757.0467067659507,0.20332438660804883,0.004792956846291227,144.3209401527844,5.767297009045375,0.005392122943025393
4.25,2.365403801322129,757.0458852685338,0.20334824091596612,0.004775962894645548,144.33785663759608,5.756718242462734,0.005387209482804226
4.255,2.3643762452711714,757.0450722558087,0.20337202675768165,0.004759017768680544,144.35472605247895,5.746156989058983,0.005382292144357836
4.26,2.3633540297033884,757.0442677594937,0.2033957441505195,0.004742121455323235,144.37154841613525,5.735613270774985,0.005377370965255485
4.265,2.362337195129006,757.0434718109741,0.20341939311250337,0.004725273941006585,144.38832374768154,5.725087109324245,0.005372445983003426
4.2700000000000005,2.361325781844074,757.0426844413018,0.20344297366236397,0.004708475211664334,144.4050520666535,5.7145785261904,0.0053675172350447055
4.275,2.3603198299288817,757.0419056811936,0.203466485819546,0.004691725252725924,144.42173339301112,5.7040875426247535,0.005362584758758972
4.28,2.3593193792464078,757.0411355610299,0.20348992960421527,0.004675024049111479,144.43836774714333,5.693614179643818,0.0053576485914622616
4.285,2.358324469440759,757.0403741108537,0.20351330503726558,0.00465837158522688,144.45495514987306,5.683158458026898,0.0053527087704068
4.29,2.357335139935619,757.0396213603691,0.20353661214032553,0.004641767844958916,144.47149562246167,5.672720398313698,0.005347765332780792
4.295,2.3563514299327197,757.0388773389403,0.2035598509357652,0.004625212811670521,144.48798918661421,5.662300020801965,0.005342818315708207
4.3,2.355373378410315,757.0381420755907,0.20358302144670273,0.004608706468196075,144.50443586448324,5.6518973455451516,0.005337867756248565
4.305,2.3544010241216533,757.037415599001,0.20360612369701078,0.004592248796836808,144.52083567867373,5.641512392350119,0.00533291369139672
4.3100000000000005,2.353434405593463,757.0366979375083,0.20362915771132287,0.004575839779356258,144.53718865224772,5.63114518077486,0.005327956158082633
4.315,2.352473561124456,757.0359891191054,0.20365212351503964,0.004559479396975849,144.55349480872832,5.62079573012626,0.005322995193171154
4.32,2.3515185287838336,757.0352891714392,0.20367502113433497,0.004543167630370498,144.56975417210424,5.610464059457882,0.005318030833461788
4.325,2.3505693464098,757.0345981218097,0.2036978505961619,0.004526904459664351,144.5859667668339,5.600150187567782,0.005313063115688468
4.33,2.349626051608084,757.0339159971688,0.20372061192825872,0.004510689864426574,144.60213261784938,5.589854132996366,0.005308092076519323
4.335,2.3486886817504757,757.0332428241194,0.20374330515915448,0.004494523823667236,144.6182517505608,5.579575914024259,0.0053031177525564395
4.34,2.34775727397336,757.032578628914,0.20376593031817486,0.004478406315833279,144.63432419085999,5.569315548670225,0.005298140180335623
4.345,2.3468318651762754,757.0319234374542,0.20378848743544764,0.004462337318804554,144.65034996512475,5.5590730546891,0.005293159396326158
4.3500000000000005,2.345912492020474,757.0312772752891,0.2038109765419081,0.00444631680988996,144.66632910022204,5.548848449569768,0.005288175436930564
4.355,2.3449991909274863,757.0306401676143,0.20383339766930436,0.004430344765823662,144.6822616235126,5.538641750533166,0.0052831883384843485
4.36,2.3440919980777033,757.0300121392711,0.20385575085020258,0.004414421162761367,144.6981475628537,5.528452974530318,0.005278198137255758
4.365,2.3431909494089607,757.0293932147456,0.20387803611799196,0.004398545976276722,144.71398694660334,5.5182821382404015,0.005273204869445528
4.37,2.342296080615138,757.0287834181674,0.20390025350688987,0.0043827191813577745,144.72977980362336,5.508129258068846,0.005268208571186627
4.375,2.341407427144767,757.0281827733088,0.20392240305194645,0.004366940752403521,144.7455261632832,5.497994350145468,0.0052632092785440026
4.38,2.3405250241996436,757.0275913035834,0.20394448478904953,0.004351210663220537,144.76122605546288,5.487877430322629,0.005258207027514322
4.385,2.3396489067334527,757.0270090320461,0.20396649875492912,0.004335528887019696,144.7768795105565,5.477778514173438,0.005253201854025713
4.39,2.3387791094504156,757.0264359813912,0.20398844498716195,0.004319895396412975,144.7924865594753,5.46769761698997,0.0052481937939375
4.3950000000000005,2.3379156668039247,757.0258721739518,0.20401032352417578,0.004304310163410331,144.8080472336508,5.457634753781533,0.005243182883039939
4.4,2.3370586129951914,757.0253176316994,0.2040321344052537,0.00428877315941669,144.82356156503775,5.447589939272964,0.005238169157053954
4.405,2.336207981971925,757.0247723762421,0.20405387767053815,0.004273284355228987,144.83902958611725,5.437563187902947,0.005233152651630867
4.41,2.3353638074269982,757.0242364288243,0.20407555336103514,0.004257843721033308,144.85445132989912,5.427554513822379,0.005228133402352123
4.415,2.3345261227971363,757.0237098103258,0.20409716151861787,0.004242451226402121,144.86982682992522,5.417563930892759,0.005223111444729026
4.42,2.3336949612616062,757.023192541261,0.2041187021860307,0.004227106840291599,144.88515612027177,5.4075914526846125,0.0052180868142024574
4.425,2.332870355740929,757.0226846417775,0.20414017540689264,0.004211810531038999,144.9004392355521,5.397637092475953,0.005213059546142605
4.43,2.332052338895582,757.0221861316559,0.20416158122570105,0.0041965622663601545,144.91567621091914,5.387700863250771,0.00520802967584868
4.4350000000000005,2.331240943124731,757.021697030309,0.20418291968783484,0.004181362013347042,144.93086708206783,5.377782777697564,0.005202997238548646
4.44,2.33043620056497,757.0212173567808,0.2042041908395579,0.0041662097384654396,144.94601188523748,5.367882848207894,0.005197962269398931
4.445,2.329638143089055,757.0207471297454,0.20422539472802226,0.004151105407552656,144.96111065721414,5.358001086874976,0.005192924803484148
4.45,2.3288468023046636,757.020286367507,0.20424653140127108,0.004136048985815361,144.97616343533247,5.348137505492309,0.00518788487581681
4.455,2.328062209553161,757.0198350879983,0.20426760090824156,0.004121040437827495,144.9911702574783,5.338292115552334,0.005182842521337049
4.46,2.327284395908375,757.0193933087808,0.20428860329876786,0.004106079727528274,145.00613116209033,5.328464928245133,0.005177797774912322
4.465,2.326513392175382,757.0189610470427,0.20430953862358356,0.004091166818220257,145.02104618816225,5.3186559544571494,0.005172750671337132
4.47,2.3257492288893045,757.0185383195997,0.2043304069343245,0.004076301672567523,145.03591537524434,5.308865204769958,0.005167701245332731
4.4750000000000005,2.3249919363141185,757.0181251428932,0.20435120828353098,0.004061484252593915,145.05073876344562,5.299092689459059,0.005162649531546835
4.48,2.324241544441467,757.0177215329902,0.20437194272465029,0.0040467145196813915,145.06551639343522,5.289338418492706,0.005157595564553334
4.485,2.3234980829894876,757.0173275055824,0.2043926103120387,0.004031992434568435,145.0802483064442,5.279602401530776,0.0051525393788519926
4.49,2.3227615814016653,757.0169430759859,0.20441321110096378,0.00401731795734857,145.09493454426698,5.269884647923662,0.005147481008868164
4.495,2.3220320688456684,757.0165682591397,0.20443374514760612,0.0040026910474689524,145.10957514926275,5.260185166711211,0.005142420488952491
4.5,2.321309574212208,757.0162030696064,0.20445421250906137,0.003988111663729053,145.12417016435697,5.250503966621692,0.005137357853380615
4.505,2.3205941261139142,757.0158475215704,0.20447461324334185,0.00397357976427942,145.13871963304263,5.240841056070795,0.005132293136352875
4.51,2.3198857528842227,757.0155016288381,0.20449494740937818,0.0039590953066205225,145.15322359938136,5.23119644316067,0.005127226371994017
4.515,2.3191844825762598,757.0151654048371,0.2045152150670208,0.003944658247601689,145.16768210800447,5.221570135678999,0.005122157594352889
4.5200000000000005,2.3184903429617476,757.0148388626154,0.20453541627704133,0.003930268543420127,145.18209520411423,5.211962141098097,0.005117086837402151
4.525,2.3178033615299163,757.0145220148412,0.20455555110113374,0.003915926149620029,145.19646293348498,5.202372466574061,0.00511201413503797
4.53,2.3171235654864444,757.0142148738023,0.2045756196019156,0.0039016310210917425,145.21078534246325,5.192801118945929,0.005106939521079726
4.535,2.316450981752385,757.0139174514055,0.20459562184292895,0.003887383112071058,145.22506247796952,5.183248104734903,0.005101863029269705
4.54,2.3157856369631005,757.0136297591762,0.20461555788864141,0.003873182376138556,145.2392943874981,5.17371343014359,0.005096784693272806
4.545,2.3151275574672416,757.0133518082579,0.20463542780444668,0.0038590287662190457,145.25348111911825,5.164197101055271,0.005091704546676238
4.55,2.3144767693257164,757.0130836094118,0.20465523165666547,0.0038449222345810926,145.26762272147474,5.154699123033225,0.0050866226229892165
4.555,2.313833298310667,757.0128251730162,0.2046749695125458,0.003830862732836616,145.281719243788,5.1452195013200654,0.005081538955642666
4.5600000000000005,2.3131971699044542,757.0125765090661,0.2046946414402636,0.0038168502119405767,145.2957707358549,5.135758240837126,0.005076453577988915
4.565,2.312568409298672,757.0123376271732,0.20471424750892292,0.0038028846221907567,145.30977724804882,5.126315346183878,0.0050713665233014
4.57,2.3119470413931675,757.0121085365649,0.20473378778855617,0.003788965913227603,145.32373883131996,5.116890821637377,0.005066277824774359
4.575,2.3113330907950598,757.0118892460843,0.2047532623501242,0.0037750940340341675,145.33765553719542,5.107484671151748,0.00506118751552253
4.58,2.310726581817775,757.0116797641894,0.2047726712655162,0.0037612689329361206,145.3515274177794,5.0980968983577,0.005056095628580849
4.585,2.3101275384801045,757.0114800989535,0.2047920146075497,0.0037474905576018536,145.3653545257531,5.088727506562089,0.005051002196904153
4.59,2.309535984505263,757.0112902580644,0.20481129244997007,0.003733758855042654,145.37913691437478,5.079376498747489,0.005045907253366873
4.595,2.308951943319961,757.0111102488238,0.20483050486745036,0.0037200737716129723,145.39287463747925,5.070043877571829,0.005040810830762735
4.6000000000000005,2.308375438053492,757.0109400781477,0.20484965193559063,0.0037064352530107557,145.40656774947817,5.060729645368033,0.005035712961804457
4.605,2.307806491536826,757.0107797525653,0.20486873373091752,0.0036928432442778804,145.42021630535913,5.051433804143727,0.0050306136791234525
4.61,2.3072451263017184,757.0106292782197,0.20488775033088333,0.0036792976898006435,145.43382036068584,5.042156355580942,0.005025513015269525
4.615,2.306691364579829,757.0104886608665,0.20490670181386542,0.0036657985333103478,145.4473799715973,5.0328973010358835,0.005020411002710569
4.62,2.306145228301853,757.0103579058747,0.20492558825916504,0.00365234571788396,145.4608951948074,5.023656641538717,0.005015307673832271
4.625,2.305606739096667,757.0102370182256,0.20494440974700642,0.003638939185944854,145.474366087604,5.014434377793396,0.005010203060937812
4.63,2.3050759182904814,757.010126002513,0.20496316635853556,0.0036255788792636232,145.48779270784874,5.005230510177514,0.0050050971962475625
4.635,2.3045527869060023,757.0100248629429,0.204981858175819,0.003612264738958978,145.50117511397593,4.996045038742198,0.004999990111898792
4.64,2.304037365661626,757.0099336033335,0.2050004852818423,0.00359899670549872,145.5145133649918,4.986877963212038,0.004994881839945365
4.6450000000000005,2.3035296749706173,757.0098522271146,0.2050190477605088,0.003585774718700787,145.52780752047346,4.9777292829850355,0.004989772412357447
4.65,2.3030297349403055,757.009780737328,0.2050375456966377,0.0035725987177343877,145.54105764056808,4.968598997132605,0.00498466186102121
4.655,2.302537565371312,757.009719136627,0.20505597917596272,0.0035594686411211944,145.55426378599162,4.959487104399589,0.004979550217738533
4.66,2.3020531857567743,757.0096674272763,0.20507434828512988,0.003546384426736624,145.56742601802796,4.950393603204317,0.00497443751422671
4.665,2.3015766152815775,757.0096256111522,0.205092653111696,0.003533346011811197,145.58054439852734,4.941318491638701,0.004969323782118155
4.67,2.3011078728216177,757.009593689742,0.20511089374412636,0.0035203533329319597,145.59361898990548,4.9322617674683515,0.004964209052960111
4.675,2.300646976943054,757.0095716641445,0.20512907027179272,0.0035074063260439894,145.60664985514177,4.923223428132734,0.004959093358214355
4.68,2.3001939459015843,757.0095595350695,0.20514718278497102,0.0034945049264519705,145.61963705777825,4.914203470745358,0.004953976729256911
4.6850000000000005,2.299748797641738,757.0095573028378,0.20516523137483916,0.0034816490688218404,145.6325806619177,4.905201892093997,0.004948859197377756
4.69,2.2993115497961676,757.0095649673818,0.2051832161334744,0.003468838687182522,145.64548073222247,4.896218688640941,0.004943740793780538
4.695,2.298882219684965,757.0095825282444,0.205201137153851,0.0034560737149277017,145.65833733391256,4.887253856523275,0.0049386215495822805
4.7,2.298460824314989,757.0096099845799,0.20521899452983736,0.003443354084817707,145.67115053276405,4.878307391553199,0.004933501495813101
4.705,2.2980473803791943,757.0096473351538,0.20523678835619355,0.00343067972898144,145.68392039510712,4.869379289218378,0.004928380663415926
4.71,2.2976419042559835,757.0096945783424,0.20525451872856829,0.0034180505789183865,145.69664698782452,4.860469544682312,0.004923259083246204
4.715,2.2972444120085638,757.0097517121336,0.205272185743496,0.0034054665655006916,145.70933037834936,4.8515781527847555,0.004918136786071629
4.72,2.2968549193843293,757.0098187341265,0.20528978949839388,0.003392927618975303,145.72197063466328,4.842705108042154,0.004913013802571854
4.7250000000000005,2.2964734418142374,757.0098956415313,0.20530733009155874,0.0033804336689661884,145.7345678252943,4.833850404648116,0.0049078901633382134
4.73,2.296099994412209,757.00998243117,0.2053248076221637,0.0033679846444766297,145.74712201931482,4.8250140364739185,0.004902765898873449
4.735,2.295734591974539,757.0100790994759,0.20534222219025497,0.003355580473891555,145.7596332863392,4.816195997069036,0.004897641039591424
4.74,2.2953772489793214,757.0101856424942,0.2053595738967484,0.003343221084979969,145.77210169652196,4.80739627966171,0.0048925156158168585
4.745,2.2950279795858797,757.0103020558818,0.2053768628434259,0.0033309064048974366,145.78452732055501,4.798614877159541,0.00488738965778505
4.75,2.2946867976342196,757.0104283349077,0.20539408913293197,0.003318636360188625,145.79691022966554,4.7898517821501105,0.004882263195641605
4.755,2.2943537166444883,757.0105644744531,0.20541125286876993,0.0033064108767899255,145.8092504956132,4.781106986901639,0.0048771362594421655
4.76,2.2940287498164422,757.0107104690115,0.20542835415529812,0.0032942298800321328,145.8215481906883,4.772380483363665,0.004872008879152145
4.765,2.2937119100289367,757.0108663126891,0.20544539309772605,0.0032820932946431834,145.83380338770849,4.763672263167763,0.004866881084646459
4.7700000000000005,2.293403209839428,757.0110319992049,0.2054623698021105,0.003270001044750965,145.8460161600167,4.754982317628281,0.004861752905709262
4.775,2.2931026614834797,757.0112075218907,0.20547928437535132,0.0032579530538861885,145.85818658147807,4.74631063774312,0.004856624372033687
4.78,2.2928102768742797,757.011392873692,0.20549613692518748,0.003245949244985305,145.87031472647757,4.73765721419452,0.004851495513221579
4.785,2.2925260676021804,757.0115880471675,0.2055129275601927,0.0032339895403935073,145.88240066991662,4.7290220373499015,0.004846366358783241
4.79,2.2922500449342604,757.01179303449,0.20552965638977125,0.003222073861867781,145.894444487211,4.720405097262716,0.004841236938137177
4.795,2.2919822198138653,757.0120078274463,0.20554632352415345,0.003210202130580012,145.90644625428723,4.711806383673329,0.004836107280609834
4.8,2.2917226028601965,757.0122324174378,0.20556292907439128,0.0031983742671201566,145.91840604758005,4.70322588600994,0.004830977415435354
4.805,2.2914712043678893,757.0124667954805,0.2055794731523538,0.003186590191499468,145.93032394402908,4.694663593389515,0.004825847371755318
4.8100000000000005,2.2912280343066147,757.0127109522058,0.20559595587072257,0.003174849823153784,145.94220002107593,4.686119494618755,0.004820717178618503
4.815,2.290993102320693,757.0129648778604,0.2056123773429868,0.003163153080946873,145.954034356661,4.677593578195102,0.004815586864980633
4.82,2.290766417728717,757.013228562307,0.20562873768343862,0.0031514998831738204,145.9658270292202,4.669085832307739,0.004810456459704136
4.825,2.2905479895231915,757.0135019950244,0.20564503700716832,0.0031398901475644904,145.97757811768182,4.660596244838655,0.004805325991557898
4.83,2.2903378263701826,757.0137851651082,0.20566127543005924,0.003128323791287034,145.98928770146318,4.652124803363714,0.0048001954892170325
4.835,2.2901359366089777,757.0140780612711,0.20567745306878282,0.003116800730951447,146.0009558604671,4.643671495153756,0.004795064981262632
4.84,2.2899423282517746,757.0143806718434,0.20569357004079347,0.003105320882613185,146.01258267507882,4.635236307175721,0.004789934496181545
4.845,2.28975700898336,757.0146929847732,0.20570962646432345,0.003093884161776834,146.02416822616223,4.626819226093803,0.004784804062366133
4.8500000000000005,2.2895799861608053,757.0150149876272,0.20572562245837758,0.0030824904833998187,146.0357125950567,4.618420238270623,0.004779673708114049
4.855,2.2894112668131967,757.0153466675908,0.2057415581427279,0.003071139761896187,146.04721586357286,4.61003932976844,0.004774543461628006
4.86,2.28925085764135,757.0156880114694,0.2057574336379084,0.0030598319111404112,146.05867811398997,4.601676486350365,0.004769413351015551
4.865,2.289098765017559,757.0160390056876,0.2057732490652094,0.0030485668444712676,146.07009942905125,4.5933316934816215,0.004764283404288844
4.87,2.288954994985349,757.0163996362909,0.20578900454667215,0.0030373444746957497,146.0814798919611,4.585004936330816,0.004759153649364441
4.875,2.2888195532592412,757.0167698889458,0.20580470020508315,0.0030261647140930326,146.09281958638053,4.57669619977124,0.0047540241140630705
4.88,2.288692445224528,757.0171497489401,0.20582033616396864,0.003015027474418479,146.10411859642414,4.5684054683821875,0.004748894826109425
4.885,2.288573675937069,757.0175392011843,0.20583591254758865,0.003003932666907699,146.1153770066553,4.560132726450308,0.004743765813131943
4.89,2.2884632501231037,757.0179382302108,0.20585142948093146,0.0029928802022806565,146.1265949020834,4.551877957970972,0.004738637102662607
4.8950000000000005,2.2883611721790604,757.0183468201761,0.20586688708970755,0.0029818699907458055,146.1377723681591,4.543641146649657,0.004733508722136728
4.9,2.288267446171386,757.0187649548603,0.20588228550034385,0.00297090194200429,146.1489094907707,4.535422275903374,0.004728380698892752
4.905,2.288182075836394,757.0191926176681,0.2058976248399776,0.002959975965254165,146.16000635623993,4.527221328862093,0.004723253060172048
4.91,2.2881050645801237,757.0196297916294,0.20591290523645053,0.0029490919691946807,146.17106305131824,4.5190382883702025,0.004718125833118718
4.915,2.288036415478207,757.0200764594001,0.20592812681830258,0.002938249862030593,146.18207966318238,4.510873136987993,0.004712999044779397
4.92,2.2879761312757534,757.0205326032625,0.20594328971476591,0.0029274495514765193,146.19305627943035,4.502725856993153,0.004707872722103062
4.925,2.2879242143872487,757.0209982051263,0.20595839405575855,0.002916690944761334,146.20399298807735,4.4945964303822965,0.004702746891940843
4.93,2.287880666896454,757.0214732465291,0.20597343997187834,0.0029059739486326027,146.21488987755146,4.486484838872498,0.004697621581045834
4.9350000000000005,2.2878454905563355,757.0219577086372,0.20598842759439637,0.0028952984693610528,146.2257470366893,4.478391063902857,0.004692496816072908
4.94,2.2878186867890067,757.0224515722463,0.20600335705525089,0.002884664412745088,146.23656455473215,4.470315086636089,0.004687372623578545
4.945,2.2878002566856668,757.0229548177822,0.2060182284870407,0.0028740716841153227,146.24734252132114,4.4622568879601126,0.004682249030020638
4.95,2.2877902010065574,757.0234674253018,0.2060330420230189,0.0028635201883391672,146.25808102649341,4.454216448489682,0.004677126061758335
4.955,2.2877885201809454,757.0239893744935,0.206047797797086,0.002853009829825445,146.26878016067684,4.446193748568021,0.004672003745051852
4.96,2.287795214307111,757.0245206446784,0.2060624959437839,0.0028425405125290376,146.279440014687,4.438188768268488,0.004666882106062316
4.965,2.2878102831523455,757.0250612148109,0.2060771365982888,0.0028321121399555683,146.29006067972145,4.430201487396246,0.004661761170851591
4.97,2.28783372615296,757.0256110634793,0.20609171989640485,0.0028217246151661106,146.30064224735608,4.4222318854899685,0.00465664096538212
4.9750000000000005,2.2878655424143153,757.0261701689072,0.20610624597455737,0.002811377840781935,146.31118480953995,4.414279941823541,0.004651521515516761
4.98,2.2879057307108672,757.0267385089537,0.20612071496978604,0.0028010717189892917,146.32168845859144,4.406345635407804,0.004646402847018636
4.985,2.287954289486213,757.0273160611149,0.20613512701973832,0.002790806151544202,146.33215328719317,4.398428944992284,0.004641284985550971
4.99,2.2880112168531506,757.0279028025242,0.20614948226266241,0.002780581039777297,146.3425793883877,4.39052984906698,0.004636167956676951
4.995,2.288076510593762,757.0284987099536,0.2061637808374006,0.0027703962845986806,146.35296685557248,4.382648325864124,0.004631051785859569
5.0,2.2881501681595178,757.0291037598146,0.20617802288338216,0.0027602517865028113,146.36331578249596,4.374784353359992,0.004625936498461484
5.005,2.2882321866713666,757.0297179281587,0.20619220854061665,0.0027501474455734203,146.37362626325216,4.366937909276709,0.004620822119744879
5.01,2.288322562919846,757.0303411906788,0.20620633794968674,0.0027400831614884523,146.38389839227645,4.359108971084083,0.004615708674871327
5.015,2.2884212933652255,757.03097352271,0.2062204112517414,0.002730058833525025,146.39413226434078,4.351297516001443,0.004610596188901651
5.0200000000000005,2.288528374137654,757.0316148992306,0.2062344285884887,0.002720074360564419,146.4043279745486,4.3435035209995005,0.004605484686795796
5.025,2.2886438010373054,757.0322652948629,0.20624839010218887,0.002710129641097092,146.41448561833053,4.335726962802229,0.004600374193412704
5.03,2.288767569534551,757.0329246838744,0.2062622959356471,0.0027002245732277,146.42460529143938,4.327967817888734,0.004595264733510185
5.035,2.2888996747701436,757.0335930401787,0.20627614623220655,0.00269035905468016,146.43468708994516,4.320226062495168,0.004590156331744794
5.04,2.289040111555409,757.0342703373367,0.20628994113574106,0.0026805329828027214,146.44473111023086,4.3125016726166425,0.004585049012671721
5.045,2.2891888743724618,757.0349565485573,0.20630368079064806,0.0026707462545730596,146.45473744898672,4.304794624009152,0.004579942800744669
5.05,2.2893459573744157,757.0356516466987,0.20631736534184125,0.0026609987666033888,146.46470620320636,4.297104892191515,0.004574837720315749
5.055,2.2895113543856236,757.0363556042695,0.20633099493474355,0.0026512904151455917,146.47463747018097,4.289432452447329,0.0045697337956353635
5.0600000000000005,2.289685058901932,757.0370683934295,0.20634456971527965,0.0026416210960963633,146.48453134749528,4.281777279826931,0.004564631050852111
5.065,2.2898670640909335,757.0377899859913,0.20635808982986886,0.0026319907050023823,146.4943879330219,4.274139349149384,0.004559529510012681
5.07,2.290057362792233,757.0385203534206,0.20637155542541774,0.002622399137065482,146.50420732491693,4.266518635004451,0.004554429197061754
5.075,2.290255947517743,757.0392594668382,0.20638496664931283,0.002612846287147847,146.51398962161483,4.258915111754607,0.00454933013584191
5.08,2.2904628104519844,757.0400072970206,0.2063983236494132,0.002603332049777221,146.5237349218234,4.2513287535370425,0.004544232350093538
5.085,2.290677943452392,757.0407638144012,0.20641162657404333,0.002593856319152125,146.53344332451888,4.243759534265685,0.004539135863454745
5.09,2.2909013380496406,757.0415289890717,0.20642487557198538,0.0025844189891470947,146.5431149289412,4.23620742763323,0.004534040699461276
5.095,2.2911329854479847,757.042302790783,0.20643807079247212,0.0025750199533179216,146.55274983458847,4.228672407113188,0.004528946881546429
5.1000000000000005,2.2913728765256036,757.0430851889464,0.20645121238517933,0.0025656591049069036,146.56234814121265,4.221154445961922,0.00452385443304098
5.105,2.2916210018349705,757.0438761526352,0.20646430050021844,0.0025563363368481186,146.57190994881392,4.213653517220722,0.004518763377173111
5.11,2.291877351603224,757.0446756505853,0.20647733528812906,0.0025470515417726925,146.58143535763625,4.206169593717861,0.004513673737068335
5.115,2.292141915732555,757.0454836511968,0.20649031689987163,0.002537804612014082,146.59092446816194,4.198702648070675,0.0045085855357494325
5.12,2.2924146838006223,757.0463001225354,0.20650324548681986,0.002528595439613365,146.60037738110697,4.1912526526876555,0.004503498796136384
5.125,2.292695645060952,757.0471250323332,0.20651612120075327,0.002519423916324536,146.60979419741537,4.183819579770534,0.004498413541046315
5.13,2.2929847884433654,757.0479583479901,0.20652894419384973,0.0025102899336198106,146.61917501825505,4.176403401316385,0.004493329793193436
5.135,2.2932821025544246,757.0488000365754,0.20654171461867807,0.0025011933826949344,146.6285199450121,4.169004089119733,0.004488247575188989
5.14,2.293587575677884,757.0496500648287,0.2065544326281904,0.0024921341544744853,146.63782907928604,4.161621614774671,0.004483166909541199
5.1450000000000005,2.293901195775152,757.0505083991617,0.2065670983757148,0.002483112139617199,146.6471025228845,4.154255949676979,0.004478087818655226
5.15,2.2942229504857767,757.0513750056587,0.20657971201494768,0.0024741272285212883,146.65634037781868,4.146907065026249,0.004473010324833125
5.155,2.29455282712793,757.0522498500787,0.2065922736999464,0.0024651793113297576,146.66554274629755,4.139574931828024,0.004467934450273805
5.16,2.294890812698908,757.0531328978566,0.20660478358512166,0.0024562682779357306,146.6747097307237,4.132259520895935,0.00446286021707299
5.165,2.295236893875653,757.0540241141041,0.20661724182523003,0.002447394017987772,146.68384143368766,4.124960802853842,0.00445778764722319
5.17,2.2955910570152827,757.0549234636114,0.2066296485753665,0.0024385564208952095,146.69293795796312,4.117678748137988,0.004452716762613674
5.175,2.295953288155624,757.055830910849,0.2066420039909569,0.0024297553758334586,146.70199940650173,4.1104133269991525,0.004447647585030438
5.18,2.29632357301578,757.056746419968,0.20665430822775044,0.0024209907717493407,146.71102588242826,4.1031645095048095,0.004442580136156187
5.1850000000000005,2.296701896996683,757.0576699548028,0.20666656144181217,0.0024122624973664025,146.7200174890351,4.095932265541287,0.004437514437570315
5.19,2.2970882451816763,757.0586014788715,0.20667876378951552,0.00240357044119024,146.728974329778,4.088716564815942,0.004432450510748893
5.195,2.297482602337111,757.059540955378,0.20669091542753482,0.002394914491513798,146.73789650827035,4.08151737685932,0.004427388377064652
5.2,2.297884952912944,757.0604883472129,0.2067030165128378,0.002386294536422691,146.7467841282786,4.0743346710273345,0.004422328057786977
5.205,2.2982952810433566,757.0614436169553,0.20671506720267804,0.0023777104638005,146.7556372937169,4.067168416503443,0.004417269574081903
5.21,2.2987135705473865,757.0624067268743,0.20672706765458768,0.0023691621613340704,146.76445610864238,4.060018582300822,0.004412212947012112
5.215,2.299139804929565,757.0633776389304,0.20673901802636974,0.0023606495165188045,146.7732406772498,4.05288513726455,0.004407158197536936
5.22,2.299573967380567,757.0643563147768,0.2067509184760908,0.0023521724166639503,146.781991103867,4.0457680500737885,0.0044021053465123595
5.2250000000000005,2.3000160407778854,757.0653427157611,0.2067627691620736,0.0023437307488978734,146.79070749294962,4.03866728924397,0.004397054414691033
5.23,2.300466007686502,757.0663368029269,0.20677457024288948,0.0023353244001733317,146.79938994907613,4.031582823128984,0.0043920054227222826
5.235,2.300923850359583,757.0673385370153,0.20678632187735102,0.002326953257272729,146.8080385769429,4.024514619923355,0.004386958391152125
5.24,2.3013895507391777,757.068347878466,0.2067980242245047,0.0023186172068133683,146.8166534813594,4.017462647664441,0.004381913340423285
5.245,2.301863090456932,757.0693647874198,0.20680967744362339,0.0023103161352526942,146.82523476724282,4.010426874234615,0.004376870290875225
5.25,2.3023444508348327,757.0703892237188,0.20682128169419908,0.0023020499288935207,146.83378253961382,4.003407267363455,0.00437182926274416
5.255,2.3028336128859275,757.0714211469096,0.20683283713593548,0.002293818473889251,146.8422969035908,3.996403794629935,0.004366790276163094
5.26,2.3033305573150775,757.0724605162435,0.20684434392874068,0.0022856216562490827,146.85077796438577,3.9894164234646077,0.0043617533511618525
5.265,2.3038352645197313,757.0735072906789,0.20685580223271982,0.0022774593618432003,146.85922582729876,3.982445121151797,0.004356718507667116
5.2700000000000005,2.304347714590694,757.0745614288824,0.20686721220816784,0.0022693314764079577,146.86764059771363,3.975489854831779,0.004351685765502457
5.275,2.3048678873129194,757.075622889231,0.20687857401556206,0.0022612378855510493,146.87602238109244,3.968550591502977,0.004346655144388388
5.28,2.305395762166306,757.0766916298131,0.2068898878155551,0.0022531784747566496,146.88437128297141,3.961627298024131,0.004341626663942406
5.285,2.3059313183265147,757.0777676084309,0.20690115376896745,0.0022451531293905605,146.89268740895523,3.954719941116492,0.004336600343679034
5.29,2.306474534665784,757.0788507826012,0.20691237203678042,0.0022371617347053323,146.90097086471306,3.947828487365996,0.004331576203009886
5.295,2.3070253897537745,757.0799411095577,0.20692354278012878,0.0022292041758453706,146.9092217559731,3.940952903225444,0.004326554261243711
5.3,2.307583861858412,757.0810385462523,0.20693466616029377,0.0022212803378520163,146.91744018851833,3.934093155016677,0.004321534537586462
5.305,2.3081499289467504,757.0821430493573,0.20694574233869575,0.0022133901056686257,146.925626268181,3.9272492089327504,0.004316517051141348
5.3100000000000005,2.308723568685842,757.0832545752666,0.2069567714768872,0.002205533364145626,146.93378010083882,3.920421031040098,0.004311501820908907
5.315,2.3093047584436213,757.0843730800973,0.2069677537365456,0.0021977099980455502,146.94190179240968,3.9136085872807085,0.004306488865787076
5.32,2.309893475289798,757.085498519692,0.20697868927946628,0.002189919892048046,146.94999144884696,3.9068118434742765,0.004301478204571255
5.325,2.310489695996767,757.0866308496204,0.2069895782675555,0.0021821629307548817,146.95804917613467,3.9000307653203716,0.004296469855954388
5.33,2.311093397040528,757.0877700251805,0.20700042086282333,0.0021744389986949253,146.9660750802835,3.893265318400587,0.00429146383852704
5.335,2.311704554601614,757.0889160014009,0.2070112172273767,0.0021667479803290975,146.9740692673253,3.8865154681806957,0.004286460170777479
5.34,2.312323144566032,757.0900687330425,0.20702196752341243,0.002159089760055311,146.98203184330913,3.8797811800127913,0.004281458871091758
5.345,2.31294914252622,757.0912281746,0.2070326719132103,0.002151464222213386,146.98996291429617,3.873062419137436,0.004276459957753808
5.3500000000000005,2.3135825237820082,757.0923942803041,0.2070433305591261,0.0021438712510899434,146.99786258635558,3.86635915068579,0.004271463448945524
5.355,2.3142232633416,757.0935670041229,0.20705394362358492,0.0021363107309232796,147.00573096555937,3.859671339681755,0.004266469362746862
5.36,2.314871335922559,757.0947462997639,0.20706451126907408,0.002128782545908213,147.01356815797865,3.852998951044085,0.004261477717135935
5.365,2.315526715952807,757.0959321206758,0.2070750336581365,0.002121286580200911,147.02137426967843,3.846341949588522,0.0042564885299891135
5.37,2.3161893775716385,757.0971244200504,0.20708551095336392,0.00211382271792369,147.02914940671354,3.839700300029897,0.004251501819081126
5.375,2.316859294630737,757.0983231508243,0.20709594331739004,0.0021063908431697975,147.0368936751238,3.833073966984251,0.004246517602085174
5.38,2.317536440695221,757.0995282656808,0.20710633091288386,0.0020989908400081653,147.04460718093014,3.8264629149709304,0.00424153589657303
5.385,2.3182207890446764,757.1007397170519,0.20711667390254315,0.0020916225924881384,147.05229003012957,3.819867108414685,0.0042365567200151584
5.39,2.318912312674218,757.1019574571197,0.20712697244908762,0.002084285984644179,147.05994232869148,3.8132865116477577,0.004231580089780828
5.3950000000000005,2.3196109842955592,757.1031814378193,0.20713722671525248,0.002076980900500543,147.06756418255242,3.8067210889119667,0.004226606023138227
5.4,2.3203167763380845,757.1044116108393,0.2071474368637817,0.00206970722407594,147.07515569761276,3.8001708043607816,0.004221634537254595
5.405,2.321029660949947,757.1056479276249,0.20715760305742173,0.0020624648393881497,147.08271697973163,3.793635622061389,0.004216665649196333
5.41,2.3217496099991646,757.1068903393789,0.2071677254589148,0.002055253630458626,147.09024813472303,3.787115505996757,0.00421169937592914
5.415,2.3224765950747317,757.1081387970644,0.20717780423099255,0.0020480734813170687,147.09774926835135,3.780610420067684,0.004206735734318143
5.42,2.323210587487751,757.1093932514062,0.20718783953636963,0.002040924276005969,147.10522048632757,3.774120328094848,0.004201774741128025
5.425,2.323951558272559,757.110653652893,0.20719783153773735,0.0020338058985851244,147.11266189430427,3.7676451938208406,0.004196816413023165
5.43,2.324699478187867,757.1119199517791,0.20720778039775734,0.0020267182331361266,147.12007359787262,3.7611849809121978,0.004191860766567776
5.4350000000000005,2.325454317717925,757.1131920980866,0.20721768627905515,0.0020196611637668224,147.1274557025571,3.7547396529614168,0.004186907818226042
5.44,2.326216047073688,757.1144700416072,0.2072275493442142,0.0020126345746157514,147.1348083138124,3.7483091734889746,0.004181957584362273
5.445,2.326984636193991,757.1157537319044,0.20723736975576942,0.002005638349856536,147.14213153701849,3.741893505945324,0.00417701008124104
5.45,2.3277600547467365,757.1170431183152,0.20724714767620112,0.001998672373702261,147.14942547747734,3.735492613712892,0.004172065325027333
5.455,2.3285422721300946,757.1183381499521,0.2072568832679289,0.001991736530409817,147.15669024040827,3.729106460108062,0.004167123331786708
5.46,2.3293312574737115,757.1196387757055,0.20726657669330556,0.001984830704284208,147.16392593094454,3.722735008383154,0.004162184117485449
5.465,2.3301269796399326,757.1209449442453,0.207276228114611,0.0019779547796828388,147.17113265412894,3.7163782217283847,0.0041572476979907175
5.47,2.3309294072250273,757.1222566040227,0.20728583769404632,0.0019711086410197634,147.17831051491024,3.71003606327383,0.004152314089070723
5.4750000000000005,2.331738508560433,757.1235737032732,0.20729540559372778,0.0019642921727699085,147.18545961813896,3.7037084960913673,0.004147383306394877
5.48,2.3325542517140105,757.1248961900176,0.20730493197568095,0.0019575052594732593,147.19258006856418,3.697395483196619,0.004142455365533965
5.485,2.3333766044912956,757.1262240120644,0.2073144170018348,0.0019507477857390173,147.19967197082852,3.6910969875508712,0.004137530281960313
5.49,2.33420553443679,757.1275571170122,0.207323860834016,0.0019440196362497323,147.20673542946582,3.6848129720629976,0.0041326080710479595
5.495,2.3350410088352285,757.1288954522512,0.2073332636339429,0.0019373206957653912,147.21377054889635,3.678543399591363,0.004127688748072827
5.5,2.335882994712866,757.1302389649655,0.20734262556322006,0.0019306508491274818,147.2207774334237,3.6722882329457183,0.0041227723282129
5.505,2.336731458838793,757.1315876021356,0.20735194678333244,0.0019240099812630218,147.2277561872305,3.666047434889089,0.0041178588265484055
5.51,2.337586367726252,757.1329413105394,0.20736122745563976,0.0019173979771885596,147.23470691437544,3.6598209681396496,0.00411294825806199
5.515,2.338447687633952,757.1343000367557,0.20737046774137097,0.0019108147220141358,147.2416297187891,3.653608795372586,0.004108040637638906
5.5200000000000005,2.3393153845673984,757.1356637271651,0.20737966780161862,0.001904260100947211,147.24852470427086,3.647410879221947,0.004103135980067199
5.525,2.340189424280246,757.1370323279529,0.20738882779733345,0.0018977339992965728,147.25539197448475,3.6412271822824924,0.004098234300037894
5.53,2.3410697722756453,757.1384057851105,0.2073979478893189,0.0018912363024761927,147.2622316329567,3.635057667111515,0.004093335612145186
5.535,2.34195639380761,757.1397840444384,0.20740702823822565,0.0018847668960090627,147.2690437830705,3.628902296230669,0.004088439930886637
5.54,2.3428492538823855,757.1411670515474,0.20741606900454637,0.0018783256655309877,147.27582852806455,3.6227610321277686,0.0040835472706633675
5.545,2.343748317259834,757.1425547518617,0.20742507034861035,0.0018719124967943525,147.28258597102823,3.616633837258593,0.004078657645780256
5.55,2.34465354845483,757.1439470906199,0.20743403243057823,0.0018655272756718528,147.28931621489923,3.610520674048664,0.004073771070446141
5.555,2.3455649117386566,757.1453440128785,0.2074429554104368,0.0018591698881601885,147.2960193624593,3.6044215048950257,0.004068887558774021
5.5600000000000005,2.3464823711404175,757.1467454635128,0.20745183944799392,0.0018528402203837214,147.3026955163317,3.5983362921679958,0.0040640071247812605
5.565,2.347405890448461,757.1481513872201,0.20746068470287324,0.0018465381585981095,147.30934477897733,3.5922649982129267,0.0040591297823897995
5.57,2.3483354332118105,757.1495617285209,0.20746949133450926,0.0018402635891938926,147.31596725269205,3.5862075853519326,0.0040542555454263565
5.575,2.3492709627416026,757.1509764317619,0.20747825950214227,0.0018340163987000523,147.3225630396032,3.5801640158856185,0.004049384427622648
5.58,2.350212442112538,757.1523954411177,0.2074869893648134,0.001827796473787534,147.3291322416665,3.574134252094792,0.004044516442615593
5.585,2.3511598341643394,757.1538187005934,0.20749568108135968,0.0018216037012727352,147.33567496066277,3.5681182562421636,0.004039651603947539
5.59,2.3521131015032197,757.1552461540263,0.20750433481040917,0.0018154379681209545,147.34219129819525,3.5621159905740347,0.004034789925066469
5.595,2.3530722065033607,757.1566777450885,0.20751295071037615,0.001809299161449813,147.34868135568604,3.5561274173219717,0.004029931419326233
5.6000000000000005,2.3540371113083967,757.158113417289,0.20752152893945636,0.0018031871685326348,147.35514523437368,3.55015249870447,0.004025076099986757
5.605,2.3550077778329124,757.1595531139758,0.20753006965562223,0.0017971018768017971,147.36158303530974,3.5441911969286055,0.00402022398021428
5.61,2.355984167763944,757.1609967783385,0.20753857301661835,0.0017910431738520343,147.36799485935603,3.538243474191667,0.004015375073081572
5.615,2.356966242562495,757.1624443534099,0.2075470391799566,0.0017850109474437212,147.37438080718144,3.532309292682786,0.0040105293915681595
5.62,2.3579539634650644,757.163895782069,0.20755546830291183,0.0017790050855061097,147.38074097925974,3.5263886145845453,0.0040056869485605665
5.625,2.3589472914851686,757.1653510070424,0.20756386054251716,0.001773025476140536,147.38707547586608,3.5204814020745774,0.004000847756852534
5.63,2.359946187414884,757.1668099709076,0.20757221605555967,0.001767072007623589,147.39338439707464,3.5145876173271535,0.003996011829145262
5.635,2.3609506118263965,757.1682726160942,0.2075805349985758,0.001761144568410246,147.3996678427554,3.508707222514755,0.003991179178047642
5.64,2.361960525073562,757.1697388848867,0.2075888175278471,0.0017552430471369678,147.40592591257206,3.5028401798096294,0.003986349816076494
5.6450000000000005,2.362975887293466,757.1712087194269,0.20759706379939596,0.0017493673326247638,147.4121587059789,3.4969864513853413,0.003981523755656807
5.65,2.3639966584080057,757.1726820617157,0.20760527396898115,0.0017435173138822201,147.4183663222183,3.4911459994183063,0.003976701009121982
5.655,2.3650227981254703,757.1741588536161,0.2076134481920937,0.0017376928801084864,147.42454886031805,3.485318786089308,0.003971881588714069
5.66,2.3660542659421258,757.1756390368546,0.2076215866239529,0.0017318939206962354,147.43070641908898,3.479504773585004,0.0039670655065840174
5.665,2.367091021143821,757.1771225530242,0.20762968941950183,0.0017261203252345813,147.436839097122,3.4737039240994236,0.003962252774791919
5.67,2.368133022807601,757.1786093435862,0.20763775673340362,0.0017203719835119642,147.44294699278635,3.4679161998354457,0.003957443405307259
5.675,2.369180229803311,757.1800993498731,0.20764578872003725,0.0017146487855189975,147.44903020422632,3.462141563006266,0.003952637410009161
5.68,2.3702326007952346,757.1815925130902,0.20765378553349362,0.0017089506214512835,147.45508882935945,3.4563799758368488,0.003947834800686643
5.6850000000000005,2.371290094243717,757.1830887743184,0.20766174732757164,0.0017032773817121866,147.46112296587376,3.4506314005653675,0.003943035589038868
5.69,2.372352668406803,757.1845880745166,0.2076696742557744,0.001697628956915579,147.46713271122567,3.444895799444636,0.0039382397866754015
5.695,2.3734202813418963,757.1860903545233,0.20767756647130528,0.0016920052378885432,147.47311816263743,3.439173134743513,0.003933447405116462
5.7,2.374492890907408,757.1875955550599,0.20768542412706423,0.0016864061156740418,147.4790794170952,3.4334633687483085,0.003928658455793183
5.705,2.3755704547644285,757.1891036167324,0.20769324737564407,0.0016808314815335557,147.48501657134642,3.427766463764165,0.003923872950047873
5.71,2.3766529303783877,757.1906144800338,0.2077010363693267,0.001675281226949681,147.4909297218979,3.422082382116433,0.0039190908991342715
5.715,2.3777402750207415,757.1921280853466,0.20770879126007977,0.001669755243628694,147.49681896501355,3.4164110861520274,0.0039143123142178155
5.72,2.3788324457706693,757.1936443729451,0.20771651219955267,0.0016642534235030801,147.5026843967122,3.410752538240774,0.003909537206375903
5.7250000000000005,2.3799293995167567,757.1951632829978,0.2077241993390735,0.0016587756587340247,147.50852611276574,3.405106700776741,0.003904765586598153
5.73,2.3810310929586977,757.1966847555695,0.2077318528296452,0.0016533218417138756,147.51434420869674,3.3994735361795576,0.00389999746578668
5.735,2.382137482609012,757.1982087306242,0.2077394728219424,0.0016478918650685596,147.5201387797766,3.3938530068957156,0.0038952328547563553
5.74,2.3832485247947552,757.1997351480267,0.2077470594663079,0.001642485621659977,147.52590992102367,3.3882450753998614,0.003890471764235078
5.745,2.384364175659251,757.2012639475455,0.2077546129127494,0.0016371030045883499,147.53165772720126,3.382649704196074,0.003885714204864046
5.75,2.3854843911638186,757.2027950688553,0.20776213331093624,0.0016317439071945417,147.5373822928154,3.3770668558191286,0.003880960187198028
5.755,2.38660912708951,757.2043284515388,0.20776962081019618,0.0016264082230623398,147.54308371211357,3.3714964928357434,0.003876209721705635
5.76,2.3877383390388673,757.2058640350895,0.20777707555951222,0.0016210958460207052,147.5487620790823,3.36593857784582,0.003871462818769597
5.765,2.3888719824376645,757.207401758914,0.20778449770751944,0.0016158066701459845,147.55441748744573,3.360393073483662,0.0038667194886870355
5.7700000000000005,2.3900100125366692,757.2089415623344,0.207791887402502,0.0016105405897640893,147.56005003066366,3.354859942419186,0.0038619797416697423
5.775,2.391152384413413,757.2104833845906,0.20779924479239006,0.0016052974994526451,147.56565980193005,3.349339147359119,0.0038572435878444587
5.78,2.392299052973967,757.2120271648427,0.20780657002475678,0.0016000772940430944,147.571246894171,3.3438306510481755,0.00385251103725315
5.785,2.3934499729547185,757.2135728421736,0.20781386324681547,0.0015948798686227777,147.57681140004317,3.3383344162702295,0.0038477820998532894
5.79,2.3946050989241634,757.2151203555909,0.20782112460541666,0.0015897051185369785,147.5823534119324,3.3328504058494666,0.003843056785518138
5.795,2.3957643852846995,757.21666964403,0.20782835424704524,0.0015845529393909263,147.58787302195194,3.3273785826515274,0.003838335104037027
5.8,2.396927786274418,757.218220646356,0.20783555231781775,0.001579423227051775,147.59337032194094,3.321918909584634,0.0038336170651156413
5.805,2.3980952559689217,757.2197733013662,0.20784271896347956,0.0015743158776505414,147.59884540346275,3.3164713496007043,0.0038289026783763043
5.8100000000000005,2.3992667482831367,757.2213275477925,0.2078498543294022,0.0015692307875840132,147.6042983578038,3.3110358656964523,0.0038241919533582615
5.815,2.4004422169731314,757.222883324304,0.20785695856058078,0.0015641678535166252,147.60972927597172,3.305612420914478,0.003819484899517971
5.82,2.4016216156379384,757.2244405695093,0.20786403180163132,0.0015591269723822983,147.61513824869425,3.300200978344337,0.003814781526229385
5.825,2.4028048977213947,757.2259992219587,0.2078710741967882,0.0015541080413862484,147.6205253664179,3.2948015011236045,0.0038100818427842416
5.83,2.403992016513971,757.2275592201468,0.20787808588990173,0.001549110958006757,147.62589071930628,3.28941395243892,0.003805385858392355
5.835,2.4051829251546244,757.2291205025152,0.20788506702443557,0.0015441356199969191,147.63123439723893,3.2840382955270235,0.003800693582181903
5.84,2.4063775766326465,757.2306830074546,0.20789201774346444,0.0015391819253863486,147.6365564898102,3.2786744936757755,0.0037960050231997176
5.845,2.4075759237895182,757.232246673307,0.2078989381896717,0.0015342497724828567,147.64185708632766,3.273322510225164,0.0037913201904115805
5.8500000000000005,2.4087779193207752,757.2338114383687,0.207905828505347,0.0015293390598740968,147.6471362758114,3.2679823085682966,0.0037866390927025107
5.855,2.4099835157778684,757.2353772408924,0.2079126888323841,0.0015244496864291787,147.65239414699224,3.2626538521523867,0.0037819617388770627
5.86,2.4111926655700504,757.2369440190894,0.20791951931227845,0.0015195815513002432,147.65763078831117,3.257337104479716,0.003777288137659617
5.865,2.412405320966247,757.2385117111327,0.20792632008612527,0.0015147345539240158,147.66284628791763,3.252032029108593,0.003772618297694676
5.87,2.4136214340969357,757.2400802551588,0.2079330912946172,0.0015099085940233228,147.66804073366907,3.2467385896542944,0.0037679522275471597
5.875,2.414840956956048,757.2416495892703,0.20793983307804229,0.0015051035716085767,147.6732142131293,3.2414567497899904,0.003763289935702703
5.88,2.416063841402858,757.2432196515387,0.20794654557628192,0.0015003193869792292,147.67836681356795,3.2361864732476664,0.003758631430567952
5.885,2.417290039163885,757.2447903800062,0.20795322892880883,0.0014955559407251963,147.68349862195913,3.2309277238190215,0.003753976720470861
5.89,2.4185195018348047,757.2463617126888,0.20795988327468506,0.00149081313372825,147.68860972498078,3.2256804653563607,0.00374932581366099
5.8950000000000005,2.419752180882352,757.2479335875781,0.20796650875256018,0.0014860908671633789,147.69370020901337,3.2204446617734708,0.003744678718309806
5.9,2.420988027646245,757.2495059426444,0.2079731055006693,0.0014813890425001218,147.69877016013947,3.2152202770464897,0.0037400354425109836
5.905,2.4222269933410985,757.2510787158386,0.20797967365683123,0.0014767075615038645,147.70381966414234,3.2100072752147515,0.0037353959942806993
5.91,2.423469029058361,757.2526518450949,0.20798621335844678,0.0014720463262371147,147.7088488065057,3.204805620381631,0.0037307603815579372
5.915,2.424714085768236,757.2542252683332,0.20799272474249686,0.0014674052390607406,147.71385767241253,3.1996152767153685,0.0037261286122047886
5.92,2.4259621143216235,757.2557989234616,0.20799920794554097,0.001462784202635181,147.71884634674436,3.1944362084498854,0.0037215006940067535
5.925,2.427213065452061,757.2573727483788,0.20800566310371532,0.001458183119921628,147.72381491408055,3.1892683798855854,0.0037168766346730425
5.93,2.428466889777664,757.2589466809762,0.2080120903527314,0.0014536018941831786,147.72876345869776,3.1841117553901435,0.003712256441836881
5.9350000000000005,2.429723537803077,757.2605206591412,0.20801848982787421,0.0014490404289859572,147.73369206456886,3.1789662993992835,0.003707640123055809
5.94,2.4309829599214385,757.2620946207588,0.20802486166400092,0.0014444986282002121,147.7386008153627,3.1738319764175453,0.00370302768581199
5.945,2.432245106416331,757.2636685037145,0.20803120599553912,0.0014399763960013764,147.74348979444335,3.1687087510190337,0.0036984191375125084
5.95,2.433509927463737,757.2652422458965,0.20803752295648562,0.001435473636871108,147.74835908486943,3.163596587848162,0.003693814485489679
5.955,2.434777373134019,757.2668157851983,0.20804381268040478,0.0014309902555982978,147.75320876939352,3.1584954516203787,0.0036892137370013478
5.96,2.4360473933938867,757.2683890595213,0.20805007530042738,0.0014265261572800473,147.75803893046188,3.1534053071228856,0.0036846168992312
5.965,2.437319938108374,757.2699620067767,0.208056310949249,0.001422081247322623,147.76284965021347,3.1483261192153416,0.003680023979289064
5.97,2.438594957042812,757.2715345648886,0.20806251975912898,0.001417655431442384,147.76764101048016,3.143257852830556,0.003675434984211217
5.9750000000000005,2.4398723998648197,757.2731066717961,0.20806870186188894,0.0014132486156666737,147.77241309278548,3.1382004729751674,0.00367084992096069
5.98,2.44115221614629,757.2746782654556,0.20807485738891168,0.0014088607063346957,147.77716597834504,3.1331539447303185,0.003666268796427578
5.985,2.442434355365379,757.2762492838438,0.20808098647113996,0.001404491610098351,147.7818997480653,3.1281182332523074,0.0036616916174293398
5.99,2.4437187669085034,757.2778196649592,0.20808708923907532,0.0014001412339230592,147.78661448254394,3.123093303773236,0.003657118390711111
5.995,2.44500540007234,757.279389346826,0.20809316582277698,0.001395809485088545,147.79131026206892,3.118079121601645,0.0036525491229460064
6.0,2.4462942040658193,757.2809582674947,0.2080992163518608,0.0013914962711896043,147.7959871666187,3.113075652123137,0.0036479838207354297
6.005,2.4475851280121383,757.2825263650462,0.20810524095549815,0.001387201500136839,147.80064527586129,3.1080828608009874,0.0036434224906093803
6.01,2.4488781209507753,757.2840935775932,0.20811123976241505,0.0013829250801573698,147.80528466915482,3.1031007131767456,0.003638865139026759
6.015000000000001,2.4501731318394957,757.2856598432833,0.20811721290089102,0.0013786669197955203,147.80990542554665,3.098129174870823,0.003634311772375677
6.0200000000000005,2.4514701095563547,757.2872251003005,0.20812316049875831,0.0013744269279134817,147.81450762377344,3.093168211583075,0.003629762396973766
6.025,2.4527690029017313,757.2887892868689,0.20812908268340088,0.0013702050136919419,147.8190913422609,3.0882177890933615,0.0036252170190684795
6.03,2.454069760600356,757.2903523412543,0.2081349795817537,0.0013660010866306984,147.82365665912366,3.0832778732621082,0.0036206756448374064
6.035,2.4553723313033218,757.2919142017668,0.20814085132030166,0.0013618150565492424,147.8282036521649,3.0783484300308497,0.0036161382803885775
6.04,2.456676663590113,757.293474806763,0.2081466980250791,0.0013576468335873232,147.83273239887683,3.0734294254227637,0.0036116049317607714
6.045,2.457982705970642,757.2950340946492,0.20815251982166877,0.0013534963282054793,147.8372429764401,3.068520825543195,0.0036070756049238245
6.05,2.4592904068872756,757.2965920038827,0.2081583168352013,0.001349363451185555,147.84173546172389,3.063622596580169,0.0036025503057789394
6.055,2.460599714716877,757.2981484729754,0.2081640891903544,0.0013452481136311879,147.84620993128573,3.058734704804893,0.003598029040158991
6.0600000000000005,2.46191057777284,757.2997034404954,0.2081698370113523,0.0013411502269682683,147.85066646137176,3.0538571165722472,0.0035935118138288357
6.065,2.46322294430713,757.3012568450696,0.20817556042196497,0.0013370697029453905,147.85510512791654,3.0489897983212706,0.0035889986324856207
6.07,2.4645367625123313,757.3028086253864,0.2081812595455077,0.0013330064536342622,147.85952600654326,3.0441327165756245,0.003584489501759088
6.075,2.465851980523687,757.3043587201979,0.20818693450484052,0.001328960391430105,147.86392917256362,3.039285837944059,0.0035799844272118857
6.08,2.4671685464211537,757.3059070683221,0.2081925854223675,0.001324931429052026,147.86831470097806,3.034449129120862,0.0035754834143398753
6.085,2.468486408231445,757.3074536086457,0.20819821242003647,0.001320919479543367,147.87268266647558,3.029622556886301,0.0035709864685724377
6.09,2.4698055139300856,757.3089982801264,0.2082038156193384,0.0013169244562720327,147.87703314343443,3.0248060881070487,0.003566493595272782
6.095,2.4711258114434655,757.3105410217952,0.20820939514130715,0.001312946272930797,147.8813662059215,3.0199996897366104,0.003562004799738254
6.1000000000000005,2.4724472486508984,757.3120817727587,0.20821495110651883,0.0013089848435375862,147.88568192769333,3.0152033288157285,0.0035575200872006393
6.105,2.473769773386676,757.313620472202,0.20822048363509166,0.0013050400824357441,147.88998038219538,3.010416972472789,0.0035530394628264773
6.11,2.4750933334421292,757.3151570593906,0.2082259928466854,0.001301111904294271,147.89426164256312,3.0056405879242085,0.0035485629317173616
6.115,2.476417876567694,757.3166914736728,0.2082314788605013,0.0012972002241080445,147.898525781622,3.000874142474816,0.0035440904989102497
6.12,2.477743350474964,757.3182236544825,0.20823694179528157,0.0012933049571980187,147.90277287188727,2.9961176035182273,0.003539622169377769
6.125,2.479069702838764,757.3197535413411,0.20824238176930934,0.0012894260192114033,147.9070029855645,2.9913709385372065,0.0035351579480285234
6.13,2.480396881299216,757.3212810738604,0.20824779890040823,0.0012855633261218218,147.9112161945504,2.9866341151040183,0.0035306978397074006
6.135,2.481724833463801,757.3228061917445,0.20825319330594236,0.0012817167942294487,147.915412570432,2.981907100880775,0.003526241849195875
6.140000000000001,2.4830535069094317,757.3243288347921,0.208258565102816,0.0012778863401611308,147.91959218448844,2.977189863619767,0.0035217899812123145
6.1450000000000005,2.4843828491845157,757.3258489428999,0.2082639144074736,0.001274071880870484,147.92375510768997,2.972482371163794,0.0035173422404122905
6.15,2.485712807811043,757.3273664560636,0.2082692413358995,0.001270273333637971,147.9279014106993,2.967784591446477,0.003512898631388874
6.155,2.4870433302866415,757.328881314381,0.20827454600361803,0.0012664906160709615,147.93203116387147,2.963096492492568,0.003508459158672947
6.16,2.4883743640866527,757.3303934580543,0.20827982852569327,0.001262723646103776,147.93614443725437,2.958418042418249,0.0035040238267335056
6.165,2.4897058566662125,757.3319028273926,0.2082850890167292,0.001258972341997706,147.94024130058924,2.9537492094314226,0.003499592639977963
6.17,2.491037755462317,757.3334093628137,0.20829032759086955,0.0012552366223410145,147.94432182331107,2.9490899618319935,0.0034951656027524536
6.175,2.492370007895904,757.3349130048471,0.2082955443617979,0.0012515164060489256,147.94838607454918,2.9444402680121406,0.0034907427193421373
6.18,2.4937025613739308,757.3364136941358,0.20830073944273766,0.00124781161236359,147.95243412312757,2.9398000964565827,0.0034863239939715014
6.1850000000000005,2.4950353632914455,757.3379113714392,0.2083059129464523,0.0012441221608540337,147.95646603756526,2.9351694157428327,0.0034819094308046633
6.19,2.496368361033665,757.339405977635,0.20831106498524515,0.0012404479714160908,147.96048188607728,2.9305481945414504,0.003477499033945675
6.195,2.497701501978052,757.3408974537216,0.2083161956709599,0.0012367889642723165,147.96448173657495,2.9259364016162754,0.0034730928074388225
6.2,2.4990347334963996,757.3423857408205,0.20832130511498043,0.0012331450599718829,147.96846565666627,2.921334005824662,0.0034686907552689277
6.205,2.5003680029568986,757.3438707801789,0.20832639342823112,0.0012295161793904605,147.97243371365678,2.9167409761177017,0.0034642928813616494
6.21,2.5017012577262236,757.3453525131712,0.208331460721177,0.001225902243730083,147.97638597454997,2.9121572815404404,0.003459899189583785
6.215,2.503034445171607,757.3468308813024,0.2083365071038241,0.0012223031745189905,147.98032250604803,2.9075828912320834,0.0034555096837435707
6.22,2.5043675126629172,757.3483058262093,0.2083415326857194,0.001218718893611461,147.9842433745522,2.903017774426196,0.0034511243675909788
6.2250000000000005,2.5057004075747376,757.3497772896641,0.20834653757595145,0.0012151493231876238,147.98814864616378,2.898461900450895,0.00344674324481802
6.23,2.507033077288445,757.3512452135751,0.20835152188315034,0.0012115943857532617,147.9920383866844,2.893915238729035,0.0034423663190590414
6.235,2.5083654691942843,757.3527095399907,0.20835648571548826,0.0012080540041395891,147.9959126616171,2.8893777587783815,0.003437993593891023
6.24,2.5096975306934532,757.3541702110999,0.20836142918067962,0.0012045281015030196,147.99977153616655,2.8848494302117826,0.0034336250728338766
6.245,2.5110292092001694,757.3556271692365,0.20836635238598156,0.0012010166013249192,148.0036150752402,2.88033022273733,0.003429260759350744
6.25,2.5123604521437537,757.3570803568798,0.2083712554381942,0.001197519427411344,148.0074433434486,2.875820106158515,0.003424900656848293
6.255,2.5136912069707025,757.3585297166575,0.20837613844366115,0.0011940365038927594,148.01125640510645,2.8713190503743724,0.003420544768677013
6.26,2.5150214211467605,757.359975191348,0.2083810015082698,0.001190567755223752,148.01505432423298,2.866827025379624,0.003416193098131511
6.265000000000001,2.516351042158999,757.3614167238827,0.20838584473745186,0.0011871131061827178,148.0188371645532,2.8623440012648103,0.0034118456484508062
6.2700000000000005,2.517680017517889,757.3628542573479,0.20839066823618377,0.0011836724818715455,148.02260498949806,2.857869948216418,0.0034075024228186284
6.275,2.5190082947593733,757.3642877349876,0.20839547210898712,0.0011802458077152772,148.02635786220588,2.8534048365169955,0.0034031634243637063
6.28,2.5203358214469325,757.365717100205,0.20840025645992927,0.001176833009461762,148.0300958455225,2.848948636545269,0.0033988286561600642
6.285,2.5216625451736605,757.3671422965656,0.20840502139262373,0.001173434013181294,148.03381900200264,2.8445013187762473,0.003394498121227313
6.29,2.5229884135643377,757.3685632677988,0.2084097670102308,0.0011700487452662354,148.03752739391032,2.840062853781319,0.0033901718225309452
6.295,2.52431337427749,757.3699799578002,0.20841449341545804,0.0011666771324306293,148.04122108321994,2.8356332122283474,0.003385849762982624
6.3,2.525637375007463,757.3713923106341,0.20841920071056086,0.0011633191017097943,148.04490013161688,2.8312123648817558,0.003381531945440475
6.305,2.526960363486482,757.3728002705353,0.2084238889973431,0.001159974580459914,148.04856460049882,2.8268002826026044,0.003377218372709378
6.3100000000000005,2.5282822874867157,757.3742037819119,0.2084285583771577,0.0011566434963576075,148.052214550976,2.8223969363486683,0.0033729090475412525
6.315,2.5296030948223414,757.3756027893468,0.20843320895090722,0.0011533257773994913,148.05585004387228,2.818002297174502,0.003368603972635354
6.32,2.530922733351603,757.3769972376003,0.20843784081904454,0.001150021351901727,148.05947113972647,2.8136163362314983,0.003364303150638555
6.325,2.53224115097887,757.3783870716125,0.2084424540815735,0.0011467301484995585,148.0630778987928,2.8092390247679466,0.0033600065841456373
6.33,2.5335582956566967,757.3797722365044,0.2084470488380496,0.0011434520961468352,148.06667038104186,2.8048703341290784,0.003355714275699578
6.335,2.5348741153878738,757.3811526775818,0.2084516251875806,0.0011401871241155264,148.07024864616167,2.8005102357571126,0.0033514262277918347
6.34,2.536188558227484,757.3825283403357,0.20845618322882734,0.0011369351619952234,148.07381275355846,2.7961587011912914,0.0033471424428626337
6.345,2.537501572284952,757.3838991704458,0.20846072306000438,0.001133696139692629,148.07736276235772,2.791815702067912,0.003342862923301254
6.3500000000000005,2.5388131057260903,757.3852651137819,0.20846524477888073,0.0011304699874310382,148.08089873140514,2.7874812101203505,0.003338587671446309
6.355,2.540123106775149,757.386626116406,0.20846974848278071,0.0011272566357498081,148.08442071926743,2.7831551971790853,0.0033343166895860375
6.36,2.5414315237168594,757.387982124575,0.20847423426858458,0.0011240560155038129,148.0879287842336,2.7788376351717066,0.0033300499799585777
6.365,2.5427383048984744,757.3893330847425,0.20847870223272935,0.0011208680578628945,148.0914229843156,2.7745284961229295,0.0033257875447522556
6.37,2.5440433987318136,757.3906789435606,0.2084831524712097,0.0011176926943112999,148.09490337724952,2.7702277521545944,0.0033215293861058636
6.375,2.5453467536952945,757.3920196478825,0.20848758507957854,0.0011145298566471074,148.09837002049673,2.765935375485667,0.003317275506108944
6.38,2.5466483183359645,757.3933551447645,0.20849200015294816,0.001111379476981647,148.1018229712444,2.7616513384322317,0.003313025906802066
6.385,2.547948041271538,757.3946853814679,0.20849639778599074,0.001108241487738905,148.10526228640688,2.7573756134074774,0.0033087805901771076
6.390000000000001,2.549245871192421,757.3960103054609,0.20850077807293946,0.0011051158216549254,148.1086880226268,2.753108172921681,0.0033045395581775315
6.3950000000000005,2.5505417568637365,757.3973298644215,0.20850514110758914,0.0011020024117771993,148.1121002362758,2.748848989582187,0.0033003028126986685
6.4,2.5518356471273553,757.3986440062387,0.20850948698329735,0.0010989011914640412,148.11549898345584,2.7445980360933766,0.0032960703555879873
6.405,2.5531274909039046,757.399952679015,0.20851381579298509,0.0010958120943839644,148.11888431999998,2.7403552852566393,0.003291842188645375
6.41,2.5544172371947935,757.401255831068,0.20851812762913785,0.0010927350545150408,148.12225630147375,2.7361207099703324,0.003287618313623412
6.415,2.5557048350842235,757.4025534109336,0.20852242258380638,0.0010896700061442553,148.12561498317618,2.7318942832297415,0.0032833987322276473
6.42,2.5569902337411934,757.4038453673662,0.20852670074860777,0.0010866168838668526,148.12896042014052,2.7276759781270346,0.003279183446116872
6.425,2.5582733824215094,757.4051316493425,0.20853096221472622,0.0010835756225856734,148.13229266713546,2.7234657678512093,0.0032749724569033915
6.43,2.559554230469798,757.4064122060622,0.20853520707291417,0.0010805461575104799,148.13561177866663,2.71926362568804,0.0032707657661533002
6.4350000000000005,2.560832727321494,757.4076869869511,0.2085394354134931,0.0010775284241572808,148.1389178089771,2.7150695250200143,0.00326656337538675
6.44,2.5621088225048405,757.4089559416622,0.20854364732635458,0.0010745223583476437,148.14221081204892,2.710883439326274,0.0032623652860782264
6.445,2.5633824656428796,757.4102190200781,0.20854784290096126,0.0010715278962079985,148.14549084160396,2.7067053421825413,0.0032581714996568114
6.45,2.5646536064554484,757.4114761723131,0.20855202222634783,0.0010685449741689385,148.14875795110515,2.7025352072610485,0.003253982017506459
6.455,2.5659221947611592,757.4127273487148,0.20855618539112203,0.001065573528964508,148.15201219375743,2.6983730083304613,0.0032497968409662594
6.46,2.567188180479375,757.4139724998663,0.2085603324834657,0.001062613497631489,148.1552536225091,2.6942187192557983,0.0032456159713307093
6.465,2.5684515136321955,757.4152115765883,0.2085644635911357,0.0010596648175086752,148.15848229005294,2.6900723139983436,0.0032414394098499778
6.47,2.569712144346429,757.4164445299406,0.2085685788014651,0.0010567274262361422,148.16169824882715,2.6859337666155594,0.0032372671577301708
6.4750000000000005,2.5709700228555574,757.4176713112245,0.20857267820136405,0.0010538012617545113,148.16490155101658,2.6818030512609936,0.0032330992161335977
6.48,2.572225099501706,757.4188918719844,0.20857676187732102,0.0010508862623042064,148.1680922485538,2.6776801421841823,0.0032289355861790377
6.485,2.5734773247376013,757.4201061640101,0.20858082991540366,0.0010479823664247027,148.17127039312035,2.6735650137305487,0.003224776268941999
6.49,2.574726649128525,757.421314139338,0.20858488240126005,0.0010450895129537727,148.17443603614808,2.6694576403412995,0.0032206212654549825
6.495,2.575973023354272,757.422515750254,0.20858891942011962,0.0010422076410267222,148.17758922881984,2.665357996553317,0.0032164705767077466
6.5,2.5772163982110876,757.4237109492942,0.20859294105679435,0.001039336690075624,148.18073002207106,2.661266056999048,0.003212324203647564
6.505,2.578456724613618,757.424899689248,0.20859694739567983,0.0010364765998285435,148.1838584665906,2.6571817964063875,0.0032081821471794847
6.51,2.579693953596849,757.4260819231589,0.20860093852075634,0.001033627310308758,148.18697461282227,2.6531051895985622,0.0032040444081665935
6.515000000000001,2.580928036318033,757.4272576043272,0.20860491451559,0.0010307887618339717,148.19007851096555,2.6490362114940065,0.003199910987430269
6.5200000000000005,2.582158924058626,757.4284266863112,0.20860887546333381,0.0010279608950155303,148.1931702109772,2.6449748371062403,0.003195781885750442
6.525,2.5833865682262,757.4295891229297,0.20861282144672894,0.0010251436507576184,148.1962497625723,2.6409210415437374,0.00319165710386585
6.53,2.584610920356374,757.4307448682629,0.20861675254810563,0.0010223369702564644,148.19931721522528,2.636874800009795,0.003187536642474294
6.535,2.58583193211472,757.4318938766552,0.20862066884938454,0.0010195407949995321,148.2023726181712,2.6328360878023993,0.003183420502232893
6.54,2.5870495552986648,757.4330361027163,0.20862457043207777,0.0010167550667647114,148.20541602040709,2.6288048803140884,0.0031793086837583395
6.545,2.5882637418394037,757.4341715013235,0.20862845737729005,0.0010139797276195039,148.20844747069293,2.6247811530318095,0.00317520118762715
6.55,2.5894744438037987,757.435300027623,0.20863232976571996,0.0010112147199202014,148.21146701755302,2.6207648815367763,0.0031710980143759195
6.555,2.590681613396265,757.4364216370323,0.20863618767766096,0.0010084599863110645,148.21447470927686,2.6167560415043223,0.0031669991645015723
6.5600000000000005,2.5918852029606603,757.437536285241,0.20864003119300267,0.0010057154697234929,148.21747059392078,2.612754608703748,0.0031629046384616106
6.565,2.5930851649821673,757.4386439282138,0.208643860391232,0.001002981113375195,148.22045471930903,2.608760558998176,0.003158814436674368
6.57,2.594281452089164,757.439744522191,0.20864767535143441,0.001000256860769349,148.22342713303465,2.604773868344386,0.003154728559519253
6.575,2.5954740170551007,757.4408380236912,0.20865147615229496,0.0009975426556937635,148.22638788246107,2.6007945127926644,0.003150647007337002
6.58,2.5966628128003637,757.4419243895125,0.20865526287209962,0.0009948384422200352,148.22933701472314,2.5968224684866406,0.003146569780429922
6.585,2.597847792394132,757.4430035767343,0.20865903558873644,0.0009921441647026993,148.2322745767284,2.5928577116631235,0.0031424968790621393
6.59,2.59902890905623,757.4440755427192,0.20866279437969673,0.000989459767778379,148.23520061515825,2.588900218651937,0.0031384283034598436
6.595,2.6002061161589753,757.4451402451144,0.20866653932207627,0.0009867851963649308,148.23811517646917,2.5849499658757518,0.0031343640538115318
6.6000000000000005,2.6013793672290215,757.4461976418536,0.2086702704925766,0.0009841203956605872,148.24101830689392,2.581006929849913,0.0031303041302682515
6.605,2.6025486159491935,757.4472476911584,0.2086739879675061,0.0009814653111430967,148.24391005244294,2.5770710871822713,0.0031262485329438456
6.61,2.603713816160302,757.4482903515402,0.20867769182278137,0.0009788198885688562,148.24679045890522,2.5731424145730024,0.0031221972619151902
6.615,2.6048749218629808,757.449325581802,0.20868138213392828,0.000976184073972047,148.2496595718497,2.569220888814433,0.0031181503172224376
6.62,2.606031887219509,757.4503533410395,0.20868505897608342,0.0009735578136637644,148.2525174366266,2.5653064867908593,0.003114107698869255
6.625,2.6071846665556078,757.4513735886433,0.20868872242399508,0.0009709410542311447,148.25536409836857,2.5613991854783675,0.0031100694068230635
6.63,2.6083332143622417,757.4523862842998,0.20869237255202477,0.00096833374253649,148.25819960199183,2.5574989619446455,0.003106035441015277
6.635,2.6094774852974254,757.4533913879937,0.20869600943414818,0.0009657358257163913,148.26102399219735,2.553605793348801,0.0031020058013415375
6.640000000000001,2.6106174341880055,757.4543888600089,0.20869963314395668,0.0009631472511808462,148.2638373134722,2.5497196569411695,0.0030979804876619522
6.6450000000000005,2.611753016031447,757.4553786609303,0.20870324375465832,0.0009605679666123802,148.26663961009086,2.5458405300631295,0.0030939594998013295
6.65,2.612884185997617,757.4563607516451,0.20870684133907935,0.0009579979199651586,148.26943092611614,2.5419683901469035,0.003089942837549411
6.655,2.614010899430545,757.4573350933451,0.20871042596966521,0.0009554370594641019,148.27221130540076,2.538103214715369,0.0030859305006611065
6.66,2.6151331118501866,757.4583016475274,0.20871399771848204,0.0009528853336039961,148.27498079158815,2.5342449813818617,0.0030819224888567263
6.665,2.616250778954183,757.4592603759962,0.20871755665721767,0.0009503426911486026,148.27773942811407,2.5303936678499763,0.0030779188018222117
6.67,2.617363856619611,757.4602112408647,0.20872110285718318,0.000947809081129766,148.28048725820761,2.526549251913368,0.003073919439209368
6.675,2.618472300904721,757.461154204556,0.20872463638931393,0.0009452844528465196,148.28322432489242,2.5227117114555533,0.003069924400636091
6.68,2.6195760680506766,757.4620892298049,0.2087281573241709,0.0009427687558641911,148.28595067098806,2.518881024449704,0.0030659336856865985
6.6850000000000005,2.6206751144832765,757.4630162796593,0.20873166573194207,0.0009402619400135031,148.28866633911102,2.5150571689584433,0.0030619472939116556
6.69,2.6217693968146816,757.4639353174819,0.20873516168244347,0.0009377639553896783,148.29137137167606,2.5112401231336445,0.003057965224828806
6.695,2.6228588718451227,757.4648463069511,0.20873864524512067,0.0009352747523515359,148.2940658108978,2.507429865216217,0.0030539874779225923
6.7,2.623943496564606,757.4657492120632,0.20874211648904992,0.0009327942815205917,148.296749698791,2.503626373535902,0.003050014052644786
6.705,2.6250232281546144,757.4666439971332,0.2087455754829395,0.0009303224937801565,148.2994230771724,2.4998296265110596,0.003046044948414609
6.71,2.6260980239897957,757.4675306267965,0.20874902229513098,0.0009278593402744332,148.3020859876621,2.496039602648457,0.0030420801646189577
6.715,2.6271678416396465,757.46840906601,0.20875245699360048,0.0009254047724076106,148.30473847168452,2.492256280543058,0.003038119700612626
6.72,2.6282326388701858,757.4692792800543,0.20875587964595993,0.000922958741842962,148.3073805704694,2.488479638877805,0.003034163555718525
6.7250000000000005,2.6292923736456273,757.4701412345338,0.20875929031945847,0.0009205212005019358,148.31001232505338,2.484709656423406,0.003030211729227906
6.73,2.630347004130029,757.4709948953791,0.20876268908098355,0.0009180921005632502,148.31263377628093,2.4809463120381166,0.0030262642204005805
6.735,2.631396488688955,757.4718402288482,0.20876607599706243,0.000915671394461986,148.31524496480588,2.4771895846675194,0.0030223210284651345
6.74,2.6324407858911143,757.4726772015274,0.20876945113386325,0.0009132590348886788,148.31784593109217,2.4734394533443096,0.0030183821526191504
6.745,2.633479854509999,757.4735057803329,0.2087728145571965,0.000910854974788411,148.32043671541555,2.46969589718807,0.003014447592029424
6.75,2.634513653525508,757.4743259325121,0.2087761663325162,0.0009084591673599028,148.32301735786436,2.46595889540505,0.003010517345832178
6.755,2.635542142125569,757.4751376256451,0.2087795065249212,0.0009060715660546037,148.3255878983409,2.4622284272879464,0.003006591413133279
6.76,2.636565279707753,757.4759408276453,0.20878283519915647,0.0009036921245757831,148.32814837656267,2.4585044722156746,0.003002669793008452
6.765000000000001,2.6375830258808692,757.4767355067618,0.20878615241961448,0.0009013207968776206,148.3306988320635,2.454787009653147,0.002998752484503491
6.7700000000000005,2.638595340466571,757.4775216315794,0.2087894582503363,0.0008989575371642978,148.33323930419473,2.451076019151047,0.002994839486634477
6.775,2.6396021835009327,757.4782991710209,0.20879275275501308,0.0008966022998890869,148.33576983212654,2.4473714803456024,0.0029909307983879826
6.78,2.640603515236027,757.4790680943476,0.20879603599698723,0.0008942550397534435,148.33829045484876,2.443673372958356,0.002987026418721287
6.785,2.6415992961414996,757.4798283711608,0.20879930803925376,0.0008919157117060965,148.34080121117262,2.4399816767959397,0.002983126346562585
6.79,2.642589486906128,757.4805799714034,0.20880256894446148,0.0008895842709421371,148.34330213973132,2.4362963717498443,0.002979230580811195
6.795,2.6435740484393735,757.4813228653602,0.20880581877491444,0.0008872606729021128,148.34579327898157,2.4326174377961887,0.0029753391203377667
6.8,2.6445529418729246,757.48205702366,0.20880905759257304,0.0008849448732711178,148.34827466720486,2.428944854995491,0.0029714519639844894
6.805,2.64552612856223,757.4827824172761,0.2088122854590555,0.0008826368279778845,148.3507463425084,2.4252786034924356,0.002967569110565298
6.8100000000000005,2.646493570088025,757.4834990175277,0.20881550243563896,0.0008803364931938766,148.35320834282618,2.421618663515641,0.002963690558866075
6.815,2.647455228257851,757.4842067960813,0.20881870858326093,0.0008780438253323827,148.35566070592054,2.4179650153774297,0.0029598163076448615
6.82,2.6484110651075583,757.4849057249511,0.20882190396252048,0.0008757587810476063,148.3581034693829,2.4143176394735897,0.0029559463556320525
6.825,2.6493610429028136,757.4855957765011,0.20882508863367957,0.0008734813172337632,148.36053667063527,2.410676516283145,0.002952080701530606
6.83,2.650305124140573,757.4862769234454,0.20882826265666424,0.0008712113910241755,148.36296034693106,2.4070416263681196,0.0029482193440162397
6.835,2.651243271550579,757.4869491388496,0.20883142609106606,0.0008689489597903672,148.36537453535666,2.4034129503733013,0.002944362281737636
6.84,2.6521754480968287,757.4876123961317,0.20883457899614322,0.0008666939811411592,148.3677792728322,2.399790469026006,0.0029405095133166388
6.845,2.653101616979029,757.4882666690636,0.20883772143082202,0.0008644464129217671,148.37017459611272,2.3961741631358437,0.002936661037348454
6.8500000000000005,2.654021741634063,757.4889119317716,0.2088408534536979,0.0008622062132129015,148.37256054178962,2.39256401359448,0.0029328168524018457
6.855,2.654935785737417,757.4895481587376,0.20884397512303698,0.0008599733403298655,148.37493714629164,2.3889600013754,0.0029289769570193373
6.86,2.6558437132046233,757.4901753248004,0.20884708649677713,0.0008577477528216531,148.37730444588584,2.3853621075336706,0.002925141349717403
6.865,2.656745488192682,757.4907934051563,0.20885018763252935,0.0008555294094700524,148.3796624766788,2.3817703132057013,0.0029213100289866667
6.87,2.657641075101483,757.4914023753602,0.20885327858757896,0.0008533182692887485,148.3820112746179,2.3781845996090083,0.002917482993292094
6.875,2.658530438575203,757.4920022113267,0.20885635941888703,0.0008511142915224253,148.38435087549226,2.3746049480419744,0.0029136602410731877
6.88,2.6594135435037036,757.4925928893313,0.20885943018309144,0.0008489174356458716,148.38668131493398,2.371031339883611,0.00290984177074418
6.885,2.6602903550239203,757.4931743860104,0.20886249093650835,0.0008467276613630863,148.3890026284192,2.367463756593318,0.002906027580694225
6.890000000000001,2.6611608385212357,757.4937466783633,0.20886554173513328,0.0008445449286063867,148.39131485126913,2.3639021797106454,0.0029022176692875875
6.8950000000000005,2.662024959630849,757.4943097437525,0.20886858263464253,0.0008423691975355178,148.3936180186515,2.360346590855055,0.002898412034863837
6.9,2.6628826842391295,757.494863559905,0.20887161369039436,0.0008402004285367594,148.3959121655809,2.356796971725677,0.002894610675738033
6.905,2.663733978484963,757.4954081049126,0.20887463495743028,0.0008380385822220405,148.39819732692084,2.3532533041010733,0.002890813590200916
6.91,2.664578808761096,757.4959433572333,0.20887764649047622,0.0008358836194280523,148.4004735373841,2.3497155698389958,0.0028870207765190935
6.915,2.665417141715456,757.496469295692,0.20888064834394396,0.0008337355012153622,148.4027408315342,2.3461837508761465,0.002883232232935228
6.92,2.666248944252465,757.4969858994814,0.20888364057193226,0.0008315941888675307,148.40499924378628,2.342657829227938,0.002879447957668222
6.925,2.6670741835343517,757.4974931481626,0.2088866232282281,0.0008294596438902284,148.40724880840844,2.3391377869882506,0.0028756679489134037
6.93,2.6678928269824507,757.4979910216662,0.208889596366308,0.0008273318280103572,148.4094895595224,2.3356236063291953,0.00287189220484271
6.9350000000000005,2.6687048422784807,757.4984795002928,0.2088925600393392,0.0008252107031751702,148.41172153110506,2.332115269500869,0.00286812072360487
6.94,2.6695101973658284,757.4989585647141,0.208895514300181,0.0008230962315513956,148.41394475698905,2.3286127588311194,0.0028643535033255904
6.945,2.6703088604508065,757.4994281959736,0.20889845920138586,0.0008209883755243609,148.4161592708643,2.3251160567252986,0.002860590542107731
6.95,2.671100800003915,757.499888375487,0.20890139479520078,0.0008188870976971206,148.41836510627874,2.321625145666026,0.0028568318380314916
6.955,2.6718859847610807,757.5003390850434,0.20890432113356847,0.0008167923608895842,148.42056229663945,2.3181400082129464,0.0028530773891545873
6.96,2.6726643837248965,757.5007803068057,0.20890723826812851,0.0008147041281376463,148.4227508752137,2.3146606270024903,0.0028493271935124305
6.965,2.673435966165841,757.5012120233117,0.2089101462502188,0.00081262236269232,148.42493087512997,2.311186984747633,0.002845581249118308
6.97,2.6742007016234965,757.5016342174745,0.20891304513087655,0.0008105470280188703,148.42710232937912,2.307719064237653,0.002841839553963557
6.9750000000000005,2.6749585599077457,757.5020468725829,0.20891593496083963,0.0008084780877959507,148.42926527081528,2.304256848337894,0.0028381021060177435
6.98,2.675709511099969,757.5024499723027,0.20891881579054777,0.0008064155059147434,148.4314197321568,2.3008003199895235,0.0028343689032288392
6.985,2.6764535255542232,757.5028435006769,0.20892168767014382,0.0008043592464780965,148.43356574598758,2.2973494622092936,0.002830639943523392
6.99,2.677190573898409,757.5032274421268,0.20892455064947485,0.0008023092737996689,148.43570334475777,2.293904258089299,0.002826915224806704
6.995,2.677920627035438,757.5036017814518,0.20892740477809352,0.0008002655524030738,148.43783256078484,2.2904646907967385,0.002823194744963002
7.0,2.678643656144372,757.5039665038308,0.20893025010525917,0.0007982280470210266,148.4399534262548,2.287030743573677,0.0028194785018556125
7.005,2.6793596326815683,757.5043215948226,0.2089330866799391,0.0007961967225944929,148.4420659732228,2.2836023997368042,0.002815766493327131
7.01,2.680068528381805,757.504667040366,0.20893591455080973,0.0007941715442718405,148.4441702336146,2.2801796426771963,0.002812058717199593
7.015000000000001,2.680770315259396,757.5050028267813,0.20893873376625782,0.0007921524774079916,148.44626623922738,2.276762455860076,0.0028083551712746453
7.0200000000000005,2.6814649656092944,757.5053289407696,0.2089415443743817,0.0007901394875635803,148.44835402173032,2.2733508228245776,0.0028046558533337145
7.025,2.6821524520081925,757.5056453694147,0.2089443464229924,0.0007881325405041082,148.4504336126662,2.269944727183503,0.0028009607611381737
7.03,2.682832747315592,757.5059521001823,0.2089471399596149,0.000786131602199107,148.452505043452,2.266544152623088,0.002797269892429512
7.035,2.6835058246748846,757.5062491209217,0.2089499250314893,0.0007841366388212994,148.45456834538004,2.2631490829027636,0.0027935832449295004
7.04,2.684171657514418,757.5065364198654,0.20895270168557198,0.0007821476167457644,148.45662354961868,2.2597595018549166,0.0027899008163403574
7.045,2.6848302195485374,757.5068139856298,0.20895546996853687,0.0007801645025491053,148.4586706872139,2.2563753933846544,0.0027862226043449136
7.05,2.6854814847786153,757.5070818072161,0.2089582299267765,0.000778187263008618,148.46070978908932,2.2529967414695684,0.002782548606606778
7.055,2.68612542749409,757.5073398740101,0.20896098160640333,0.0007762158651014642,148.4627408860478,2.2496235301594956,0.002778878820770499
7.0600000000000005,2.6867620222734803,757.5075881757829,0.20896372505325075,0.0007742502760038453,148.4647640087723,2.2462557435762838,0.002775213244461728
7.065,2.687391243985383,757.5078267026914,0.2089664603128744,0.0007722904630901804,148.46677918782675,2.2428933659135577,0.002771551875287383
7.07,2.688013067789469,757.5080554452788,0.20896918743055326,0.0007703363939322835,148.46878645365683,2.2395363814364786,0.0027678947108358064
7.075,2.6886274691374643,757.5082743944746,0.2089719064512908,0.0007683880362985477,148.47078583659118,2.236184774481514,0.0027642417486769275
7.08,2.689234423774114,757.508483541595,0.2089746174198162,0.000766445358153128,148.47277736684208,2.232838529456201,0.0027605929863624206
7.085,2.689833907738144,757.5086828783436,0.2089773203805855,0.0007645083276551286,148.47476107450643,2.2294976308389125,0.0027569484214258655
7.09,2.690425897363211,757.5088723968117,0.20898001537778269,0.0007625769131577934,148.47673698956672,2.2261620631786236,0.0027533080513829043
7.095,2.6910103692788327,757.5090520894781,0.20898270245532086,0.0007606510832076966,148.47870514189194,2.222831811094678,0.0027496718737313993
7.1000000000000005,2.6915873004113036,757.5092219492101,0.20898538165684347,0.000758730806543937,148.48066556123825,2.2195068592765543,0.0027460398859515864
7.105,2.692156667984612,757.5093819692631,0.20898805302572532,0.0007568160520973371,148.48261827725022,2.2161871924836376,0.002742412085506237
7.11,2.69271844952135,757.5095321432815,0.20899071660507382,0.0007549067889896401,148.48456331946133,2.212872795544982,0.002738788469840807
7.115,2.693272622843587,757.5096724652985,0.20899337243773006,0.000753002986532714,148.48650071729534,2.2095636533590817,0.002735169036383592
7.12,2.693819166073743,757.5098029297368,0.20899602056626998,0.0007511046142277564,148.48843050006656,2.2062597508936412,0.0027315537825458825
7.125,2.6943580576354607,757.5099235314082,0.2089986610330054,0.0007492116417645013,148.49035269698132,2.2029610731853437,0.002727942705722116
7.13,2.694889276254459,757.5100342655143,0.20900129387998534,0.0007473240390204298,148.49226733713823,2.1996676053396205,0.0027243358032900274
7.135,2.6954128009593665,757.5101351276464,0.2090039191489969,0.0007454417760599827,148.4941744495297,2.196379332530422,0.002720733072610802
7.140000000000001,2.6959286110825516,757.5102261137863,0.20900653688156656,0.0007435648231337753,148.49607406304202,2.19309623999999,0.002717134511029223
7.1450000000000005,2.6964366862609364,757.5103072203053,0.20900914711896118,0.000741693150677818,148.4979662064571,2.1898183130586264,0.0027135401158738253
7.15,2.696937006436806,757.5103784439657,0.2090117499021892,0.000739826729312733,148.49985090845237,2.186545537084469,0.0027099498844570407
7.155,2.6974295518585976,757.5104397819198,0.2090143452720017,0.0007379655298429815,148.50172819760235,2.183277897523262,0.002706363814075346
7.16,2.697914303081676,757.5104912317106,0.20901693326889342,0.0007361095232560876,148.503598102379,2.1800153798881277,0.0027027819020094134
7.165,2.698391240969108,757.510532791272,0.20901951393310406,0.0007342586807218683,148.5054606511529,2.1767579697593438,0.002699204145524254
7.17,2.698860346692415,757.5105644589286,0.20902208730461916,0.0007324129735916649,148.50731587219377,2.1735056527841152,0.002695630541869365
7.175,2.699321601732314,757.5105862333955,0.20902465342317134,0.0007305723733975766,148.50916379367146,2.1702584146763497,0.0026920610882788746
7.18,2.6997749878794552,757.5105981137792,0.20902721232824126,0.0007287368518516981,148.51100444365665,2.1670162412164333,0.002688495781971687
7.1850000000000005,2.700220487235132,757.510600099577,0.20902976405905885,0.0007269063808453581,148.51283785012174,2.163779118251006,0.002684934620151624
7.19,2.7006580822119988,757.5105921906769,0.20903230865460423,0.0007250809324483653,148.51466404094145,2.1605470316927406,0.002681377600007572
7.195,2.7010877555347568,757.5105743873582,0.20903484615360893,0.0007232604789082491,148.51648304389417,2.157319967520116,0.002677824718713619
7.2,2.7015094902408348,757.5105466902911,0.20903737659455687,0.0007214449926495093,148.51829488666164,2.154097911777198,0.002674275973429201
7.205,2.7019232696810636,757.5105091005366,0.20903990001568545,0.000719634446272867,148.52009959683096,2.150880850573416,0.0026707313612992388
7.21,2.7023290775203335,757.5104616195468,0.20904241645498658,0.0007178288125545178,148.52189720189446,2.1476687700833446,0.002667190879454281
7.215,2.7027268977382355,757.5104042491647,0.20904492595020785,0.000716028064445387,148.52368772925092,2.144461656546479,0.0026636545250106414
7.22,2.703116714629701,757.5103369916238,0.20904742853885347,0.0007142321750703906,148.5254712062061,2.14125949626702,0.002660122295070539
7.2250000000000005,2.7034985128056106,757.5102598495487,0.20904992425818533,0.0007124411177276944,148.52724765997385,2.1380622756136503,0.0026565941867222357
7.23,2.7038722771934136,757.5101728259541,0.2090524131452241,0.0007106548658879797,148.52901711767615,2.1348699810193215,0.0026530701970401732
7.235,2.7042379930377125,757.5100759242458,0.2090548952367503,0.0007088733931937092,148.53077960634462,2.1316825989810297,0.0026495503230851095
7.24,2.7045956459008553,757.5099691482195,0.20905737056930526,0.0007070966734583986,148.53253515292073,2.1285001160596035,0.002646034561904255
7.245,2.704945221663499,757.5098525020614,0.20905983917919216,0.0007053246806658871,148.53428378425681,2.1253225188794853,0.0026425229105314072
7.25,2.705286706525166,757.5097259903476,0.20906230110247714,0.0007035573889696145,148.53602552711658,2.122149794128515,0.0026390153659870863
7.255,2.705620087004794,757.5095896180443,0.20906475637499028,0.0007017947726918983,148.537760408176,2.1189819285577145,0.002635511925278668
7.26,2.7059453499412642,757.5094433905069,0.20906720503232656,0.0007000368063232136,148.53948845402385,2.1158189089810753,0.0026320125854005167
7.265000000000001,2.706262482493921,757.5092873134809,0.20906964710984705,0.000698283464521478,148.5412096911626,2.112660722275341,0.0026285173433341184
7.2700000000000005,2.7065714721430862,757.5091213931006,0.20907208264267974,0.000696534722111338,148.54292414600883,2.109507355379798,0.002625026196048213
7.275,2.7068723066905442,757.5089456358896,0.2090745116657207,0.0006947905540834565,148.54463184489438,2.106358795296059,0.002621539140498924
7.28,2.707164974260026,757.5087600487601,0.209076934213635,0.000693050935593805,148.54633281406646,2.1032150290878517,0.002618056173629889
7.285,2.7074494632976824,757.5085646390129,0.20907935032085773,0.0006913158419629586,148.54802707968878,2.10007604388081,0.002614577292372389
7.29,2.7077257625725326,757.5083594143371,0.20908176002159504,0.000689585248675393,148.5497146678419,2.0969418268622597,0.0026111024936454814
7.295,2.7079938611769094,757.5081443828094,0.20908416334982513,0.0006878591313787839,148.55139560452432,2.093812365281011,0.0026076317743561226
7.3,2.7082537485269023,757.5079195528944,0.20908656033929918,0.0006861374658833094,148.55306991565251,2.0906876464471473,0.0026041651313993006
7.305,2.7085054143627603,757.5076849334438,0.20908895102354244,0.0006844202281609557,148.55473762706222,2.0875676577318174,0.002600702561658158
7.3100000000000005,2.7087488487492988,757.5074405336964,0.20909133543585512,0.0006827073943448251,148.55639876450851,2.084452386567027,0.0025972440620041213
7.315,2.7089840420762954,757.5071863632774,0.20909371360931348,0.0006809989407284475,148.5580533536672,2.0813418204454326,0.0025937896292970272
7.32,2.7092109850588724,757.5069224321982,0.20909608557677067,0.0006792948437650913,148.55970142013453,2.078235946920132,0.0025903392603852447
7.325,2.7094296687378585,757.506648750856,0.2090984513708579,0.000677595080067081,148.56134298942834,2.0751347536044595,0.0025868929521058012
7.33,2.709640084480143,757.5063653300335,0.20910081102398514,0.0006758996264051164,148.56297808698875,2.0720382281717815,0.002583450701284507
7.335,2.7098422239790225,757.5060721808983,0.2091031645683424,0.0006742084597075931,148.56460673817887,2.06894635835529,0.002580012504736078
7.34,2.7100360792545137,757.5057693150025,0.20910551203590044,0.0006725215570599268,148.56622896828475,2.0658591319478,0.002576578359264257
7.345,2.7102216426536856,757.5054567442821,0.20910785345841187,0.0006708388957038801,148.56784480251667,2.062776536801544,0.0025731482616619377
7.3500000000000005,2.7103989068509526,757.5051344810572,0.20911018886741206,0.0006691604530368911,148.56945426600944,2.059698560827971,0.002569722208711284
7.355,2.7105678648483655,757.5048025380305,0.2091125182942201,0.0006674862066114071,148.5710573838231,2.056625191997545,0.0025663001971838527
7.36,2.7107285099758904,757.5044609282875,0.20911484176993972,0.0006658161341342174,148.57265418094332,2.05355641833954,0.0025628822238407114
7.365,2.7108808358916647,757.5041096652958,0.20911715932546032,0.0006641502134657914,148.57424468228234,2.050492227941843,0.00255946828543256
7.37,2.711024836582261,757.5037487629048,0.20911947099145783,0.0006624884226196182,148.57582891267913,2.047432608950752,0.0025560583786998466
7.375,2.7111605063629107,757.5033782353446,0.20912177679839566,0.0006608307397615485,148.57740689690038,2.0443775495707768,0.002552652500372889
7.38,2.711287839877734,757.502998097226,0.2091240767765257,0.0006591771432091412,148.5789786596405,2.0413270380644404,0.002549250647171989
7.385,2.711406832099955,757.5026083635396,0.20912637095588912,0.0006575276114310095,148.58054422552289,2.03828106275208,0.0025458528158075525
7.390000000000001,2.7115174783320866,757.5022090496552,0.2091286593663175,0.0006558821230461716,148.5821036190998,2.0352396120116505,0.002542459002980203
7.3950000000000005,2.7116197742061283,757.5018001713216,0.2091309420374335,0.0006542406568234041,148.58365686485354,2.032202674278529,0.0025390692053808995
7.4,2.711713715683745,757.5013817446654,0.209133218998652,0.000652603191680596,148.5852039871963,2.029170238045314,0.0025356834196910497
7.405,2.7117992990564113,757.5009537861908,0.2091354902791809,0.0006509697066841071,148.58674501047147,2.0261422918616336,0.002532301642582625
7.41,2.7118765209455646,757.5005163127788,0.20913775590802214,0.0006493401810481291,148.58827995895336,2.0231188243339506,0.0025289238707182755
7.415,2.711945378302737,757.5000693416865,0.20914001591397238,0.0006477145941340472,148.58980885684858,2.0200998241253676,0.0025255501007514416
7.42,2.7120058684096784,757.4996128905465,0.20914227032562424,0.0006460929254498065,148.59133172829567,2.017085279955432,0.002522180329326468
7.425,2.7120579888784597,757.4991469773661,0.2091445191713669,0.0006444751546492799,148.5928485973664,2.0140751805999453,0.002518814553078716
7.43,2.7121017376515715,757.4986716205266,0.20914676247938713,0.0006428612615316372,148.59435948806575,2.01106951489077,0.0025154527686346716
7.4350000000000005,2.7121371130020036,757.4981868387828,0.20914900027767025,0.0006412512260407191,148.59586442433266,2.0080682717156364,0.0025120949726120606
7.44,2.712164113533309,757.497692651262,0.2091512325940009,0.0006396450282644135,148.59736343004042,2.005071440017955,0.002508741161619959
7.445,2.7121827381796657,757.4971890774633,0.20915345945596397,0.0006380426484340301,148.59885652899735,2.002079008796623,0.002505391332258898
7.45,2.712192986205916,757.496676137257,0.20915568089094555,0.0006364440669236836,148.60034374494685,1.9990909671058357,0.0025020454811209777
7.455,2.712194857207593,757.4961538508836,0.2091578969261337,0.0006348492642496747,148.60182510156844,1.9961073040548962,0.0024987036047899743
7.46,2.712188351110946,757.4956222389529,0.20916010758851947,0.0006332582210698757,148.6033006224778,1.9931280088080303,0.0024953656998414463
7.465,2.7121734681729337,757.4950813224438,0.20916231290489756,0.0006316709181831174,148.60477033122757,1.9901530705841948,0.002492031762842845
7.47,2.7121502089812126,757.4945311227025,0.20916451290186744,0.0006300873365285795,148.6062342513074,1.9871824786568928,0.0024887017903536188
7.4750000000000005,2.7121185744541236,757.4939716614427,0.20916670760583406,0.0006285074571851818,148.60769240614496,1.9842162223539845,0.0024853757789253207
7.48,2.712078565840643,757.4934029607441,0.20916889704300876,0.00062693126137098,148.6091448191058,1.981254291057506,0.0024820537251017145
7.485,2.712030184720343,757.4928250430515,0.2091710812394101,0.0006253587304425609,148.6105915134942,1.9782966742034778,0.002478735625418878
7.49,2.7119734330033323,757.4922379311744,0.20917326022086488,0.0006237898458944431,148.6120325125535,1.9753433612817242,0.002475421476405309
7.495,2.7119083129301718,757.4916416482854,0.20917543401300867,0.0006222245893584773,148.61346783946655,1.9723943418356877,0.002472111274582029
7.5,2.7118348270717894,757.49103621792,0.209177602641287,0.0006206629426032499,148.61489751735604,1.969449605462246,0.002468805016462686
7.505,2.711752978329376,757.4904216639753,0.209179766130956,0.0006191048875334893,148.61632156928502,1.9665091418115281,0.002465502698553659
7.51,2.7116627699342803,757.4897980107091,0.2091819245070834,0.0006175504061894754,148.61774001825728,1.9635729405867333,0.002462204317354159
7.515000000000001,2.7115642054478726,757.4891652827388,0.20918407779454912,0.0006159994807464482,148.61915288721798,1.9606409915439469,0.0024589098693563304
7.5200000000000005,2.7114572887614012,757.4885235050406,0.20918622601804646,0.0006144520935140215,148.62056019905364,1.9577132844919634,0.0024556193510453543
7.525,2.7113420240958535,757.4878727029486,0.2091883692020826,0.0006129082269355977,148.62196197659296,1.9547898092921019,0.0024523327588995463
7.53,2.7112184160017665,757.4872129021538,0.20919050737097972,0.0006113678635877841,148.62335824260677,1.9518705558580263,0.002449050089390459
7.535,2.711086469359064,757.4865441287028,0.20919264054887557,0.0006098309861798136,148.62474901980897,1.948955514155568,0.0024457713389829804
7.54,2.710946189376869,757.4858664089969,0.20919476875972454,0.0006082975775529649,148.62613433085636,1.9460446742025452,0.0024424965041354328
7.545,2.7107975815932863,757.4851797697912,0.20919689202729824,0.000606767620679987,148.6275141983496,1.943138026068586,0.0024392255812996735
7.55,2.710640651875182,757.4844842381935,0.2091990103751866,0.0006052410986645244,148.628888644833,1.940235559874949,0.0024359585669211895
7.555,2.7104754064179577,757.4837798416631,0.2092011238267984,0.000603717994740545,148.6302576927953,1.9373372657943475,0.0024326954574391967
7.5600000000000005,2.7103018517453097,757.4830666080098,0.2092032324053623,0.0006021982922717703,148.63162136466985,1.9344431340507713,0.0024294362492867363
7.565,2.710119994708965,757.4823445653927,0.2092053361339275,0.0006006819747511084,148.6329796828352,1.9315531549193128,0.0024261809388907737
7.57,2.7099298424884113,757.4816137423195,0.20920743503536476,0.0005991690258000849,148.6343326696152,1.9286673187259895,0.0024229295226722903
7.575,2.709731402590618,757.4808741676446,0.20920952913236693,0.000597659429168282,148.6356803472792,1.92578561584757,0.002419681997046381
7.58,2.709524682849731,757.4801258705689,0.20921161844744998,0.0005961531687327763,148.63702273804307,1.922908036711397,0.0024164383584223494
7.585,2.709309691426773,757.4793688806378,0.20921370300295367,0.0005946502284975778,148.63835986406883,1.9200345717952174,0.002413198603203801
7.59,2.7090864368093173,757.4786032277406,0.2092157828210424,0.0005931505925930728,148.63969174746535,1.9171652116270055,0.0024099627277887367
7.595,2.708854927811151,757.4778289421089,0.209217857923706,0.0005916542452754677,148.6410184102887,1.9142999467847919,0.002406730728569649
7.6000000000000005,2.708615173571935,757.4770460543158,0.20921992833276057,0.0005901611709262358,148.64233987454216,1.9114387678964897,0.0024035026019336102
7.605,2.708367183556831,757.4762545952746,0.20922199406984912,0.0005886713540515651,148.6436561621771,1.9085816656397243,0.0024002783442623695
7.61,2.708110967556139,757.4754545962371,0.20922405515644257,0.0005871847792818071,148.6449672950926,1.9057286307416597,0.002397057951932441
7.615,2.707846535684906,757.4746460887932,0.20922611161384033,0.0005857014313709303,148.64627329513633,1.9028796539788286,0.0023938414213151957
7.62,2.707573898382521,757.473829104869,0.20922816346317125,0.0005842212951959724,148.64757418410457,1.9000347261769628,0.0023906287487769533
7.625,2.7072930664123125,757.4730036767256,0.20923021072539422,0.0005827443557564971,148.64886998374266,1.8971938382108218,0.0023874199306790724
7.63,2.7070040508611166,757.4721698369584,0.20923225342129917,0.0005812705981740511,148.65016071574527,1.8943569810040237,0.002384214963378039
7.635,2.7067068631388427,757.4713276184949,0.2092342915715076,0.0005798000076916235,148.6514464017566,1.891524145528877,0.002381013843225557
7.640000000000001,2.706401514978026,757.4704770545941,0.2092363251964736,0.0005783325696731067,148.6527270633707,1.8886953228062098,0.0023778165665686354
7.6450000000000005,2.706088018433358,757.4696181788449,0.20923835431648435,0.0005768682696027604,148.65400272213182,1.8858705039052048,0.002374623129749679
7.65,2.7057663858812173,757.4687510251651,0.20924037895166117,0.000575407093084674,148.65527339953474,1.8830496799432295,0.002371433529106574
7.655,2.7054366300191757,757.4678756277995,0.20924239912196005,0.000573949025842235,148.65653911702486,1.8802328420856687,0.0023682477609727757
7.66,2.705098763865497,757.4669920213187,0.20924441484717252,0.0005724940537175963,148.65779989599864,1.8774199815457593,0.002365065821677395
7.665,2.7047528007586257,757.4661002406183,0.20924642614692637,0.0005710421626711464,148.65905575780366,1.8746110895844226,0.0023618877075452867
7.67,2.704398754356658,757.4652003209168,0.2092484330406865,0.0005695933387809807,148.6603067237392,1.8718061575100986,0.002358713414897132
7.675,2.70403663863681,757.4642922977546,0.20925043554775552,0.000568147568242375,148.6615528150562,1.8690051766785807,0.0023555429400495265
7.68,2.7036664678948488,757.4633762069925,0.2092524336872746,0.0005667048373672605,148.6627940529576,1.8662081384928515,0.0023523762793150643
7.6850000000000005,2.703288256744546,757.4624520848103,0.20925442747822426,0.0005652651325837001,148.66403045859897,1.8634150344029168,0.0023492134290024214
7.69,2.7029020201170937,757.4615199677052,0.20925641693942496,0.0005638284404353672,148.6652620530879,1.860625855905642,0.0023460543854164416
7.695,2.702507773260512,757.4605798924905,0.209258402089538,0.0005623947475810241,148.66648885748506,1.8578405945445873,0.0023428991448582177
7.7,2.7021055317390563,757.4596318962946,0.20926038294706623,0.0005609640407940051,148.66771089280405,1.8550592419098457,0.002339747703625175
7.705,2.7016953114325943,757.4586760165585,0.20926235953035466,0.000559536306961698,148.66892818001156,1.8522817896378785,0.002336600058011155
7.71,2.701277128535981,757.457712291035,0.20926433185759144,0.0005581115330850299,148.67014074002796,1.8495082294113534,0.002333456204306496
7.715,2.700850999558418,757.4567407577874,0.20926629994680832,0.0005566897062779524,148.67134859372712,1.846738552958982,0.002330316138798115
7.72,2.700416941322809,757.4557614551876,0.20926826381588162,0.0005552708137669288,148.67255176193697,1.8439727520553577,0.00232717985776959
7.7250000000000005,2.6999749709650893,757.4547744219144,0.2092702234825328,0.0005538548428904238,148.67375026543945,1.8412108185207936,0.0023240473575012375
7.73,2.699525105933547,757.4537796969526,0.2092721789643293,0.0005524417810983946,148.67494412497075,1.8384527442211633,0.002320918634270197
7.735,2.6990673639881413,757.4527773195907,0.20927413027868513,0.0005510316159517819,148.67613336122187,1.835698521067737,0.0023177936843505067
7.74,2.698601763199794,757.4517673294204,0.20927607744286178,0.0005496243351220024,148.67731799483826,1.8329481410170227,0.002314672504013184
7.745,2.6981283219496834,757.4507497663336,0.2092780204739688,0.0005482199263904453,148.6784980464204,1.8302015960706053,0.002311555089526306
7.75,2.697647058928513,757.4497246705223,0.20927995938896454,0.0005468183776479683,148.67967353652392,1.8274588782749874,0.0023084414371550848
7.755,2.6971579931357765,757.4486920824759,0.20928189420465693,0.0005454196768943941,148.6808444856596,1.824719979721429,0.002305331543161948
7.76,2.696661143879008,757.4476520429802,0.20928382493770414,0.0005440238122380098,148.682010914294,1.8219848925457887,0.0023022254038066146
7.765000000000001,2.696156530773018,757.4466045931154,0.20928575160461532,0.0005426307718950675,148.68317284284913,1.8192536089283637,0.0022991230153461715
7.7700000000000005,2.6956441737391192,757.4455497742549,0.20928767422175132,0.0005412405441892859,148.68433029170288,1.8165261210937333,0.002296024374035153
7.775,2.695124093004339,757.4444876280634,0.20928959280532536,0.0005398531175513525,148.6854832811894,1.813802421310598,0.0022929294761256124
7.78,2.6945963091006275,757.4434181964951,0.20929150737140378,0.0005384684805184281,148.68663183159867,1.8110825018916223,0.002289838317867201
7.785,2.6940608428640376,757.4423415217925,0.20929341793590675,0.000537086621733652,148.68777596317744,1.8083663551932776,0.0022867508955072414
7.79,2.6935177154339103,757.4412576464844,0.20929532451460894,0.0005357075299456491,148.6889156961287,1.8056539736156838,0.0022836672052908035
7.795,2.692966948252036,757.4401666133839,0.20929722712314022,0.0005343311940080374,148.6900510506121,1.8029453496024521,0.002280587243460778
7.8,2.692408563061808,757.4390684655878,0.20929912577698648,0.0005329576028789369,148.6911820467444,1.8002404756405288,0.0022775110062579506
7.805000000000001,2.6918425819073617,757.4379632464733,0.2093010204914901,0.0005315867456204795,148.69230870459907,1.7975393442600367,0.0022744384899210743
7.8100000000000005,2.691269027132714,757.436850999698,0.20930291128185088,0.0005302186113983224,148.693431044207,1.7948419480341216,0.002271369690686945
7.815,2.6906879213808743,757.4357317691967,0.2093047981631266,0.0005288531894811579,148.6945490855561,1.7921482795787929,0.002268304604790471
7.82,2.6900992875929446,757.4346055991807,0.20930668115023385,0.0005274904692402283,148.69566284859187,1.7894583315527686,0.0022652432284647464
7.825,2.6895031490072245,757.4334725341354,0.20930856025794844,0.0005261304401488413,148.6967723532174,1.7867720966573204,0.0022621855579411233
7.83,2.688899529158289,757.4323326188189,0.20931043550090647,0.0005247730917818843,148.6978776192934,1.7840895676361168,0.002259131589449282
7.835,2.6882884518760606,757.4311858982601,0.20931230689360472,0.0005234184138153421,148.6989786666384,1.781410737275068,0.0022560813192173033
7.84,2.6876699412848675,757.4300324177568,0.2093141744504015,0.0005220663960258157,148.70007551502889,1.778735598402172,0.0022530347434717357
7.845,2.6870440218024907,757.4288722228742,0.20931603818551728,0.0005207170282900403,148.70116818419956,1.7760641438873577,0.0022499918584376697
7.8500000000000005,2.686410718139203,757.4277053594429,0.20931789811303536,0.0005193703005844044,148.7022566938431,1.7733963666423305,0.002246952660338804
7.855,2.6857700552967914,757.426531873557,0.20931975424690258,0.0005180262029844725,148.70334106361074,1.7707322596204198,0.0022439171453975167
7.86,2.685122058567569,757.4253518115726,0.20932160660093008,0.0005166847256645064,148.7044213131119,1.7680718158164213,0.0022408853098349318
7.865,2.6844667535333753,757.4241652201054,0.20932345518879378,0.0005153458588969872,148.70549746191472,1.7654150282664445,0.0022378571498709895
7.87,2.683804166064574,757.4229721460297,0.20932530002403527,0.000514009593052141,148.70656952954587,1.7627618900477586,0.002234832661724513
7.875,2.6831343223190225,757.4217726364756,0.20932714112006234,0.0005126759185974616,148.70763753549082,1.7601123942786385,0.0022318118416132754
7.88,2.6824572487410454,757.4205667388279,0.20932897849014984,0.0005113448260972373,148.7087014991939,1.7574665341182105,0.002228794685754068
7.885,2.681772972060386,757.4193545007238,0.20933081214744004,0.0005100163062120773,148.7097614400584,1.7548243027662986,0.0022257811903627677
7.890000000000001,2.6810815192911543,757.418135970051,0.20933264210494368,0.0005086903496984379,148.7108173774466,1.7521856934632716,0.0022227713516543993
7.8950000000000005,2.6803829177307614,757.4169111949462,0.20933446837554032,0.0005073669474081526,148.71186933067992,1.74955069948989,0.0022197651658432053
7.9,2.6796771949588365,757.4156802237928,0.2093362909719793,0.0005060460902879598,148.71291731903898,1.746919314167151,0.0022167626291427094
7.905,2.6789643788361452,757.4144431052191,0.20933810990688015,0.000504727769379033,148.71396136176378,1.7442915308561378,0.0022137637377657817
7.91,2.6782444975034805,757.4131998880963,0.20933992519273345,0.0005034119758165109,148.71500147805364,1.741667342957863,0.0022107684879247034
7.915,2.677517579380562,757.4119506215368,0.20934173684190133,0.0005020987008290297,148.71603768706728,1.73904674391312,0.0022077768758312307
7.92,2.676783653164908,757.410695354892,0.20934354486661835,0.0005007879357382541,148.71707000792307,1.7364297272023268,0.002204788897696659
7.925,2.6760427478307,757.4094341377505,0.20934534927899195,0.000499479671958411,148.71809845969895,1.7338162863453748,0.0022018045497318845
7.930000000000001,2.6752948926276505,757.4081670199363,0.20934715009100327,0.0004981739009958225,148.71912306143255,1.731206414901475,0.0021988238281474702
7.9350000000000005,2.674540117079835,757.4068940515061,0.20934894731450773,0.0004968706144484404,148.72014383212118,1.7286001064690077,0.0021958467291537066
7.94,2.673778450984536,757.4056152827484,0.20935074096123574,0.000495569804005381,148.72116079072208,1.7259973546853673,0.002192873248960672
7.945,2.67300992441106,757.4043307641805,0.2093525310427933,0.0004942714614464606,148.7221739561523,1.7233981532268106,0.0021899033837782986
7.95,2.672234567699552,757.4030405465472,0.2093543175706628,0.0004929755786417316,148.72318334728888,1.7208024958083052,0.0021869371298164297
7.955,2.6714524114597986,757.4017446808185,0.20935610055620346,0.0004916821475510198,148.72418898296863,1.718210376183377,0.002183974483284882
7.96,2.670663486570021,757.4004432181878,0.2093578800106522,0.0004903911602234613,148.72519088198865,1.7156217881439557,0.0021810154403935074
7.965,2.6698678241756535,757.3991362100691,0.20935965594512415,0.0004891026087970407,148.726189063106,1.7130367255202261,0.0021780599973522516
7.97,2.6690654556881173,757.3978237080962,0.20936142837061347,0.0004878164854981295,148.72718354503806,1.7104551821804734,0.002175108150371214
7.9750000000000005,2.668256412783576,757.3965057641196,0.20936319729799374,0.0004865327826410254,148.72817434646208,1.7078771520309306,0.0021721598956607065
7.98,2.6674407274016905,757.3951824302052,0.20936496273801897,0.00048525149262749253,148.72916148601593,1.7053026290156292,0.0021692152294313163
7.985,2.6666184317443533,757.3938537586314,0.20936672470132386,0.00048397260794630055,148.73014498229736,1.7027316071162433,0.0021662741478939576
7.99,2.665789558274416,757.3925198018882,0.20936848319842488,0.00048269612117276563,148.73112485386469,1.700164080351939,0.0021633366472599363
7.995,2.664954139714415,757.3911806126738,0.20937023823972048,0.0004814220249682918,148.73210111923652,1.6976000427792233,0.0021604027237410034
8.0,2.6641122090452716,757.3898362438936,0.20937198983549216,0.00048015031207991317,148.7330737968919,1.6950394884917896,0.0021574723735494146
8.005,2.663263799504998,757.3884867486573,0.20937373799590475,0.0004788809753398345,148.73404290526997,1.6924824116203672,0.002154545592897986
8.01,2.662408944587374,757.3871321802777,0.2093754827310074,0.00047761400766497625,148.7350084627707,1.6899288063325697,0.0021516223780001526
8.015,2.661547678040634,757.3857725922675,0.2093772240507339,0.00047634940205651426,148.73597048775446,1.6873786668327382,0.0021487027250700215
8.02,2.6606800338661376,757.384408038338,0.20937896196490363,0.0004750871515994259,148.7369289985419,1.6848319873617963,0.002145786630322432
8.025,2.659806046317018,757.3830385723967,0.209380696483222,0.00047382724946203096,148.73788401341432,1.6822887621970897,0.0021428740899730055
8.03,2.6589257498968326,757.3816642485452,0.20938242761528122,0.00047256968889554,148.7388355506135,1.6797489856522414,0.002139965100238207
8.035,2.658039179358203,757.3802851210769,0.20938415537056082,0.0004713144632335943,148.73978362834183,1.6772126520769917,0.0021370596573353916
8.040000000000001,2.6571463697014415,757.3789012444751,0.20938587975842848,0.0004700615658918132,148.74072826476225,1.674679755857052,0.0021341577574828683
8.045,2.6562473561731728,757.3775126734106,0.20938760078814045,0.00046881099036733914,148.74166947799816,1.6721502914139508,0.0021312593968999486
8.05,2.655342174264933,757.3761194627399,0.20938931846884243,0.0004675627302383814,148.7426072861337,1.6696242532048757,0.0021283645718069965
8.055,2.6544308597117796,757.3747216675025,0.20939103280957,0.00046631677916376463,148.74354170721355,1.6671016357225297,0.002125473278425492
8.06,2.653513448490874,757.3733193429192,0.20939274381924947,0.00046507313088247157,148.74447275924297,1.6645824334949688,0.0021225855129780712
8.065,2.6525899768200616,757.3719125443896,0.2093944515066983,0.0004638317792131928,148.74540046018794,1.6620666410854583,0.0021197012716885908
8.07,2.65166048115645,757.3705013274903,0.20939615588062602,0.0004625927180538696,148.7463248279749,1.6595542530923109,0.0021168205507821705
8.075,2.6507249981949648,757.3690857479719,0.20939785694963453,0.00046135594138124465,148.74724588049094,1.6570452641487414,0.002113943346485252
8.08,2.6497835648668886,757.3676658617579,0.20939955472221908,0.00046012144325040477,148.74816363558384,1.6545396689227077,0.0021110696550256432
8.085,2.6488362183384173,757.3662417249415,0.20940124920676864,0.0004588892177943319,148.74907811106186,1.6520374621167606,0.0021081994726325757
8.09,2.647882996009196,757.3648133937841,0.20940294041156682,0.00045765925922344893,148.74998932469398,1.6495386384678907,0.002105332795536753
8.095,2.646923935510834,757.3633809247123,0.20940462834479215,0.00045643156182516574,148.75089729420975,1.6470431927473705,0.0021024696199703967
8.1,2.6459590747054165,757.3619443743167,0.20940631301451912,0.00045520611996343073,148.75180203729923,1.6445511197606073,0.0020996099421673035
8.105,2.6449884516840148,757.3605037993487,0.20940799442871844,0.00045398292807827446,148.75270357161338,1.6420624143469822,0.0020967537583628884
8.11,2.6440121047651886,757.3590592567189,0.20940967259525803,0.0004527619806853611,148.7536019147633,1.6395770713797033,0.002093901064794238
8.115,2.6430300724934632,757.357610803494,0.20941134752190335,0.00045154327237553375,148.75449708432086,1.637095085765644,0.002091051857700155
8.120000000000001,2.642042393637811,757.356158496896,0.20941301921631833,0.00045032679781436516,148.75538909781852,1.634616452445196,0.0020882061333212113
8.125,2.6410491071901236,757.3547023942983,0.20941468768606572,0.00044911255174170516,148.75627797274905,1.6321411663921113,0.0020853638878997934
8.13,2.6400502523636673,757.3532425532247,0.20941635293860797,0.0004479005289712279,148.75716372656606,1.6296692226133445,0.0020825251176801477
8.135,2.639045868591538,757.3517790313463,0.2094180149813077,0.00044669072438998335,148.7580463766833,1.6272006161489059,0.002079689818908434
8.14,2.6380359955251094,757.3503118864796,0.20941967382142845,0.000445483132957942,148.75892594047528,1.6247353420716977,0.002076857987832764
8.145,2.637020673032463,757.3488411765842,0.2094213294661353,0.0004442777497075473,148.7598024352768,1.6222733954873672,0.002074029620703257
8.15,2.635999941196806,757.3473669597604,0.2094229819224954,0.00044307456974326164,148.76067587838313,1.6198147715341433,0.0020712047137720767
8.155,2.6349738403149017,757.345889294247,0.20942463119747876,0.00044187358824111767,148.76154628705,1.6173594653826895,0.002068383263293486
8.16,2.633942410895476,757.3444082384187,0.2094262772979588,0.0004406748004482633,148.76241367849352,1.6149074722359396,0.0020655652655238842
8.165000000000001,2.6329056936576136,757.3429238507844,0.20942792023071297,0.00043947820168251426,148.76327806988976,1.6124587873289495,0.0020627507167218576
8.17,2.6318637295291545,757.3414361899843,0.2094295600024235,0.0004382837873319015,148.76413947837568,1.6100134059287372,0.0020599396131482234
8.175,2.6308165596450763,757.3399453147877,0.20943119661967785,0.0004370915528542184,148.76499792104818,1.607571323334124,0.00205713195106607
8.18,2.629764225345869,757.3384512840909,0.2094328300889696,0.00043590149377657235,148.76585341496448,1.6051325348755858,0.0020543277267408067
8.185,2.6287067681759053,757.3369541569147,0.20943446041669878,0.00043471360569493045,148.76670597714212,1.6026970359150872,0.0020515269364402024
8.19,2.627644229881801,757.3354539924021,0.20943608760917282,0.00043352788427367117,148.76755562455872,1.600264821845933,0.0020487295764344336
8.195,2.626576652410767,757.3339508498159,0.20943771167260689,0.00043234432524512964,148.76840237415206,1.5978358880926036,0.0020459356429961204
8.2,2.625504077908948,757.3324447885366,0.2094393326131248,0.00043116292440915016,148.76924624282006,1.5954102301106043,0.002043145132400378
8.205,2.6244265487197636,757.3309358680594,0.20944095043675945,0.00042998367763263056,148.7700872474206,1.5929878433863012,0.0020403580409248502
8.21,2.6233441073822372,757.3294241479929,0.20944256514945359,0.0004288065808490736,148.77092540477187,1.5905687234367694,0.0020375743648497566
8.215,2.622256796629313,757.3279096880556,0.20944417675706029,0.0004276316300581338,148.77176073165182,1.588152865809632,0.0020347941004579344
8.22,2.6211646593861744,757.3263925480744,0.20944578526534385,0.0004264588213251655,148.77259324479846,1.5857402660828999,0.0020320172440348736
8.225,2.620067738768548,757.3248727879818,0.2094473906799801,0.00042528815078077275,148.77342296090964,1.5833309198648182,0.002029243791868765
8.23,2.6189660780809927,757.3233504678137,0.20944899300655737,0.000424119614620354,148.77424989664317,1.5809248227937018,0.0020264737402505345
8.235,2.617859720815202,757.3218256477069,0.20945059225057677,0.00042295320910365356,148.77507406861665,1.5785219705377815,0.0020237070854738897
8.24,2.616748710648279,757.3202983878966,0.20945218841745325,0.00042178893055430633,148.77589549340743,1.5761223587950397,0.0020209438238353514
8.245000000000001,2.615633091441018,757.3187687487145,0.20945378151251579,0.00042062677535938765,148.77671418755267,1.5737259832930561,0.0020181839516343002
8.25,2.6145129072361684,757.3172367905862,0.20945537154100838,0.00041946673996895965,148.77753016754923,1.5713328397888442,0.0020154274651730127
8.255,2.6133882022566963,757.3157025740281,0.20945695850809046,0.0004183088208956174,148.77834344985345,1.5689429240686896,0.0020126743607566974
8.26,2.612259020904044,757.3141661596463,0.20945854241883768,0.000417153014714039,148.77915405088143,1.5665562319479969,0.0020099246346935383
8.265,2.611125407756374,757.3126276081331,0.20946012327824248,0.00041599931806052904,148.77996198700882,1.564172759271119,0.002007178283294728
8.27,2.6099874075668015,757.3110869802651,0.20946170109121462,0.0004148477276325686,148.78076727457074,1.5617925019112064,0.0020044353028745095
8.275,2.608845065261634,757.3095443369009,0.20946327586258207,0.0004136982401883585,148.7815699298616,1.5594154557700373,0.0020016956897502074
8.28,2.6076984259386076,757.3079997389783,0.20946484759709133,0.0004125508525463696,148.7823699691354,1.5570416167778627,0.0019989594402422734
8.285,2.606547534865091,757.3064532475121,0.20946641629940843,0.00041140556158488504,148.78316740860544,1.5546709808932386,0.0019962265506743137
8.290000000000001,2.6053924374763047,757.3049049235917,0.2094679819741192,0.0004102623642415494,148.78396226444428,1.5523035441028696,0.001993497017373131
8.295,2.6042331793735283,757.3033548283787,0.20946954462573011,0.00040912125751291326,148.78475455278374,1.5499393024214443,0.0019907708366687614
8.3,2.603069806322297,757.3018030231045,0.20947110425866897,0.00040798223845397763,148.78554428971478,1.5475782518914694,0.0019880480048945015
8.305,2.601902364250597,757.3002495690677,0.20947266087728536,0.0004068453041777421,148.7863314912876,1.5452203885831135,0.0019853285183869546
8.31,2.6007308992470564,757.2986945276317,0.20947421448585138,0.0004057104518547469,148.78711617351135,1.5428657085940367,0.001982612373486056
8.315,2.599555457559118,757.2971379602226,0.2094757650885624,0.0004045776787126211,148.7878983523542,1.5405142080492338,0.0019798995665351146
8.32,2.598376085591218,757.2955799283263,0.20947731268953737,0.00040344698203562406,148.7886780437434,1.5381658831008638,0.0019771900938808412
8.325,2.597192829902955,757.2940204934864,0.2094788572928199,0.0004023183591641934,148.78945526356492,1.5358207299280924,0.0019744839518733874
8.33,2.596005737207245,757.2924597173019,0.20948039890237843,0.00040119180749448573,148.79023002766385,1.5334787447369207,0.0019717811368663734
8.335,2.5948148543684857,757.2908976614239,0.20948193752210734,0.00040006732447792385,148.79100235184376,1.531139923760027,0.001969081645216927
8.34,2.593620228400703,757.2893343875544,0.2094834731558271,0.00039894490762073923,148.79177225186712,1.5288042632565981,0.0019663854732857125
8.345,2.59242190646569,757.2877699574428,0.20948500580728538,0.00039782455448351424,148.79253974345505,1.5264717595121624,0.0019636926174369626
8.35,2.5912199358711603,757.2862044328843,0.20948653548015725,0.00039670626268072904,148.79330484228726,1.5241424088384299,0.0019610030740385143
8.355,2.5900143640688644,757.2846378757167,0.20948806217804622,0.0003955900298803007,148.79406756400218,1.521816207573119,0.001958316839461834
8.36,2.5888052386527214,757.2830703478186,0.20948958590448452,0.0003944758538031295,148.79482792419645,1.5194931520797974,0.001955633910082058
8.365,2.587592607356945,757.2815019111063,0.20949110666293402,0.0003933637322226388,148.79558593842532,1.5171732387477086,0.001952954282278013
8.370000000000001,2.586376518054147,757.2799326275319,0.2094926244567867,0.0003922536629643196,148.7963416222024,1.5148564639916102,0.001950277952432256
8.375,2.5851570187534603,757.2783625590808,0.2094941392893654,0.00039114564390527174,148.7970949909995,1.5125428242516061,0.0019476049169310995
8.38,2.5839341575986365,757.276791767769,0.20949565116392424,0.0003900396729737455,148.79784606024688,1.5102323159929736,0.0019449351721646407
8.385,2.5827079828661503,757.2752203156405,0.2094971600836496,0.00038893574814868496,148.7985948453329,1.5079249357060038,0.001942268714526796
8.39,2.581478542963288,757.2736482647655,0.20949866605166045,0.0003878338674592661,148.79934136160404,1.5056206799058254,0.0019396055404153243
8.395,2.5802458864262405,757.2720756772371,0.2095001690710092,0.00038673402898444187,148.8000856243647,1.5033195451322432,0.0019369456462318617
8.4,2.579010061918186,757.2705026151698,0.20950166914468216,0.00038563623085248027,148.80082764887754,1.5010215279495627,0.001934289028381944
8.405,2.5777711182273677,757.268929140696,0.20950316627560034,0.0003845404712405075,148.8015674503631,1.498726624946427,0.0019316356832750421
8.41,2.576529104265168,757.2673553159644,0.20950466046661997,0.0003834467483740456,148.80230504399975,1.4964348327356418,0.0019289856073245817
8.415000000000001,2.575284069064182,757.2657812031372,0.20950615172053325,0.0003823550605265553,148.80304044492362,1.49414614795401,0.0019263387969479786
8.42,2.574036061776273,757.2642068643875,0.20950764004006883,0.00038126540601897516,148.8037736682288,1.4918605672621603,0.001923695248566662
8.425,2.572785131670635,757.2626323618969,0.20950912542789263,0.0003801777832192598,148.8045047289668,1.4895780873443742,0.0019210549586060996
8.43,2.5715313281318593,757.2610577578535,0.20951060788660833,0.0003790921905419226,148.805233642147,1.4872987049084196,0.0019184179234958297
8.435,2.5702747006579694,757.2594831144486,0.20951208741875813,0.00037800862644757154,148.80596042273623,1.4850224166853747,0.0019157841396694806
8.44,2.5690152988584725,757.2579084938751,0.20951356402682328,0.00037692708944245197,148.80668508565893,1.4827492194294625,0.0019131536035648042
8.445,2.567753172452401,757.2563339583244,0.20951503771322483,0.0003758475780779817,148.80740764579687,1.4804791099178727,0.0019105263116236928
8.45,2.566488371266352,757.2547595699845,0.2095165084803241,0.00037477009095029327,148.80812811798927,1.4782120849505964,0.0019079022602922137
8.455,2.5652209452325163,757.2531853910366,0.2095179763304236,0.00037369462669976916,148.8088465170327,1.4759481413502462,0.001905281446020625
8.46,2.5639509443867103,757.2516114836541,0.20951944126576733,0.00037262118401058266,148.80956285768082,1.473687275961891,0.0019026638652634071
8.465,2.5626784188663985,757.2500379099986,0.2095209032885417,0.00037154976161023483,148.8102771546447,1.471429485652879,0.0019000495144792845
8.47,2.5614034189087156,757.2484647322185,0.20952236240087596,0.00037048035826909166,148.8109894225925,1.4691747673126625,0.0018974383901312465
8.475,2.5601259948484825,757.2468920124461,0.20952381860484307,0.000369412972799924,148.81169967614926,1.4669231178526307,0.0018948304886865774
8.48,2.5588461971162193,757.2453198127954,0.20952527190246006,0.0003683476040574419,148.81240792989732,1.464674534205928,0.0018922258066168727
8.485,2.5575640762361602,757.2437481953592,0.20952672229568894,0.00036728425093783524,148.81311419837564,1.4624290133272875,0.0018896243403980677
8.49,2.556279682824242,757.2421772222071,0.20952816978643712,0.0003662229123783079,148.81381849608044,1.460186552192849,0.0018870260865104548
8.495000000000001,2.5549930675861217,757.2406069553829,0.20952961437655826,0.00036516358735661744,148.81452083746439,1.4579471477999908,0.0018844310414387116
8.5,2.5537042813151736,757.2390374569019,0.20953105606785263,0.0003641062748906103,148.81522123693722,1.4557107971671517,0.0018818392016719183
8.505,2.5524133748904747,757.2374687887487,0.2095324948620681,0.00036305097403775786,148.81591970886518,1.4534774973336526,0.0018792505637035789
8.51,2.5511203992748097,757.2359010128753,0.2095339307609004,0.0003619976838946956,148.81661626757125,1.4512472453595273,0.0018766651240316474
8.515,2.5498254055126477,757.234334191197,0.20953536376599416,0.0003609464035967563,148.81731092733497,1.44902003832534,0.0018740828791585415
8.52,2.548528444728128,757.2327683855921,0.20953679387894317,0.00035989713231750957,148.8180037023924,1.446795873332015,0.0018715038255911708
8.525,2.547229568123044,757.2312036578974,0.2095382211012913,0.0003588498692682951,148.81869460693596,1.4445747475006545,0.0018689279598409496
8.53,2.5459288269748273,757.2296400699074,0.20953964543453293,0.000357804613697761,148.81938365511462,1.4423566579723666,0.0018663552784238238
8.535,2.5446262726345164,757.2280776833709,0.2095410668801138,0.00035676136489139757,148.82007086103349,1.4401416019080833,0.0018637857778602835
8.540000000000001,2.5433219565247285,757.2265165599889,0.2095424854394315,0.0003557201221710755,148.82075623875414,1.437929576488388,0.0018612194546753888
8.545,2.542015930137632,757.224956761412,0.20954390111383608,0.000354680884894581,148.82143980229426,1.4357205789133354,0.0018586563053987855
8.55,2.5407082450329193,757.2233983492384,0.20954531390463085,0.0003536436524551493,148.82212156562778,1.4335146064022717,0.0018560963265647204
8.555,2.539398952835763,757.2218413850106,0.2095467238130729,0.0003526084242810039,148.82280154268452,1.4313116561936612,0.0018535395147120676
8.56,2.5380881052347815,757.2202859302139,0.20954813084037371,0.00035157519983488943,148.82347974735055,1.4291117255449015,0.0018509858663843376
8.565,2.536775753980002,757.2187320462732,0.20954953498769993,0.0003505439786136098,148.82415619346781,1.4269148117321517,0.001848435378129703
8.57,2.5354619508808027,757.2171797945515,0.2095509362561738,0.00034951476014756023,148.82483089483435,1.4247209120501465,0.0018458880465010076
8.575000000000001,2.534146747803885,757.2156292363462,0.20955233464687406,0.00034848754400026646,148.82550386520367,1.4225300238120229,0.001843343868055791
8.58,2.5328301966712172,757.2140804328881,0.20955373016083634,0.00034746232976791863,148.8261751182855,1.4203421443491377,0.0018408028393563014
8.585,2.531512349457983,757.2125334453375,0.20955512279905397,0.0003464391170789061,148.826844667745,1.418157271010886,0.0018382649569695098
8.59,2.5301932581905437,757.2109883347833,0.20955651256247845,0.00034541790559335507,148.82751252720328,1.4159754011645265,0.0018357302174671316
8.595,2.5288729749443686,757.2094451622393,0.20955789945202033,0.0003443986950026617,148.82817871023684,1.4137965321949948,0.0018331986174256357
8.6,2.527551551841979,757.2079039886426,0.20955928346854957,0.0003433814850290311,148.8288432303779,1.4116206615047293,0.0018306701534262667
8.605,2.5262290410508963,757.2063648748506,0.20956066461289638,0.0003423662754250098,148.82950610111428,1.4094477865134845,0.0018281448220550528
8.61,2.524905494781589,757.2048278816394,0.2095620428858517,0.00034135306597302416,148.8301673358891,1.4072779046581558,0.0018256226199028275
8.615,2.523580965285401,757.2032930697004,0.20956341828816802,0.00034034185648491383,148.83082694810085,1.4051110133925935,0.0018231035435652368
8.620000000000001,2.522255504852489,757.2017604996387,0.20956479082055984,0.00033933264680147064,148.83148495110362,1.4029471101874245,0.00182058758964276
8.625,2.5209291658097683,757.2002302319703,0.2095661604837044,0.00033832543679197276,148.83214135820646,1.4007861925298704,0.0018180747547407196
8.63,2.5196020005188307,757.1987023271199,0.2095675272782423,0.0003373202263537214,148.83279618267395,1.3986282579235634,0.001815565035469293
8.635,2.5182740613738943,757.1971768454184,0.2095688912047781,0.0003363170154115786,148.83344943772573,1.3964733038883692,0.0018130584284435317
8.64,2.516945400799723,757.1956538471005,0.20957025226388093,0.0003353158039175012,148.83410113653665,1.3943213279601978,0.0018105549302833662
8.645,2.5156160712495677,757.1941333923023,0.2095716104560853,0.0003343165918500809,148.83475129223655,1.3921723276908293,0.0018080545376136265
8.65,2.5142861252030806,757.1926155410594,0.20957296578189144,0.00033331937921407843,148.83539991791042,1.3900263006477243,0.001805557247064046
8.655,2.512955615164255,757.1911003533033,0.20957431824176623,0.0003323241660399635,148.83604702659804,1.3878832444138465,0.0018030630552692817
8.66,2.5116245936593535,757.1895878888608,0.20957566783614356,0.0003313309523834494,148.83669263129434,1.385743156587476,0.0018005719588689172
8.665000000000001,2.5102931132348294,757.1880782074501,0.20957701456542524,0.00033033973832503335,148.83733674494894,1.3836060347820296,0.001798083954507481
8.67,2.508961226455251,757.1865713686792,0.20957835842998132,0.0003293505239695337,148.83797938046644,1.381471876625876,0.0017955990388344547
8.675,2.507628985901229,757.1850674320432,0.209579699430151,0.00032836330944562714,148.8386205507061,1.3793406797621515,0.00179311720850428
8.68,2.506296444167342,757.1835664569224,0.20958103756624308,0.0003273780949053893,148.83926026848212,1.3772124418485796,0.0017906384601763757
8.685,2.5049636538600533,757.1820685025796,0.20958237283853667,0.00032639488052383124,148.8398985465629,1.3750871605572836,0.001788162790515141
8.69,2.503630667595649,757.1805736281577,0.2095837052472818,0.00032541366649844236,148.84053539767189,1.372964833574608,0.001785690196189971
8.695,2.502297537998146,757.1790818926776,0.20958503479269996,0.0003244344530487261,148.84117083448714,1.3708454586009287,0.00178322067387526
8.700000000000001,2.500964317697217,757.1775933550357,0.2095863614749849,0.00032345724041574306,148.84180486964107,1.3687290333504745,0.0017807542202504152
8.705,2.4996310593261137,757.1761080740017,0.20958768529430313,0.00032248202886165034,148.84243751572052,1.366615555551141,0.0017782908319998645
8.71,2.4982978155196003,757.1746261082163,0.2095890062507945,0.00032150881866924126,148.84306878526704,1.3645050229443043,0.001775830505813061
8.715,2.4969646389118636,757.1731475161886,0.20959032434457298,0.0003205376101414895,148.84369869077602,1.3623974332846422,0.0017733732383844974
8.72,2.4956315821344295,757.1716723562943,0.20959163957572716,0.0003195684036010877,148.8443272446978,1.360292784339944,0.0017709190264137069
8.725,2.4942986978140973,757.1702006867727,0.2095929519443209,0.0003186011993899931,148.8449544594368,1.358191073890931,0.0017684678666052766
8.73,2.4929660385708603,757.168732565725,0.20959426145039398,0.00031763599786896696,148.84558034735159,1.356092299731069,0.0017660197556688497
8.735,2.491633657015827,757.1672680511118,0.20959556809396268,0.0003166727994171215,148.8462049207551,1.3539964596663865,0.0017635746903191373
8.74,2.490301605749137,757.165807200751,0.20959687187502035,0.00031571160443146006,148.84682819191434,1.3519035515152866,0.0017611326672759184
8.745000000000001,2.488969937357896,757.1643500723148,0.2095981727935382,0.00031475241332642464,148.8474501730503,1.3498135731083676,0.0017586936832640527
8.75,2.487638704414092,757.1628967233286,0.20959947084946573,0.00031379522653343975,148.8480708763384,1.3477265222882346,0.001756257735013483
8.755,2.4863079594725193,757.1614472111673,0.20960076604273145,0.00031284004450045686,148.8486903139077,1.345642396909315,0.0017538248192592392
8.76,2.484977755068714,757.1600015930546,0.20960205837324342,0.00031188686769150414,148.84930849784155,1.3435611948376773,0.0017513949327414488
8.765,2.483648143716866,757.1585599260594,0.20960334784088996,0.00031093569658622927,148.84992544017703,1.341482913950842,0.0017489680722053349
8.77,2.482319177907759,757.1571222670943,0.20960463444554014,0.0003099865316794509,148.8505411529053,1.3394075521376019,0.0017465442344012283
8.775,2.480990910106689,757.1556886729132,0.20960591818704455,0.0003090393734807041,148.85115564797124,1.3373351072978326,0.0017441234160845644
8.78,2.4796633927513922,757.154259200109,0.20960719906523573,0.0003080942225137915,148.8517689372737,1.3352655773423134,0.0017417056140158944
8.785,2.478336678249979,757.152833905111,0.20960847707992888,0.00030715107931633147,148.85238103266514,1.3331989601925374,0.0017392908249608827
8.790000000000001,2.477010818978868,757.1514128441838,0.20960975223092249,0.00030620994443931055,148.85299194595194,1.3311352537805312,0.001736879045690315
8.795,2.475685867280713,757.1499960734236,0.20961102451799885,0.00030527081844663404,148.8536016888939,1.32907445604867,0.0017344702729801002
8.8,2.4743618754623378,757.1485836487572,0.20961229394092468,0.0003043337019146776,148.85421027320487,1.32701656494949,0.0017320645036112696
8.805,2.473038895792674,757.1471756259389,0.20961356049945187,0.0003033985954318424,148.854817710552,1.32496157844551,0.0017296617343699864
8.81,2.4717169805006924,757.145772060549,0.2096148241933179,0.0003024654995981066,148.85542401255628,1.32290949450904,0.0017272619620475407
8.815,2.470396181773346,757.1443730079911,0.2096160850222465,0.00030153441502458295,148.85602919079201,1.3208603111220052,0.0017248651834403579
8.82,2.4690765517535063,757.1429785234906,0.20961734298594822,0.0003006053423330719,148.85663325678715,1.3188140262757548,0.001722471395349994
8.825000000000001,2.467758142537906,757.1415886620913,0.20961859808412117,0.00029967828215562097,148.8572362220231,1.316770637970884,0.0017200805945831428
8.83,2.466441006175085,757.1402034786546,0.2096198503164514,0.00029875323513408133,148.85783809793475,1.314730144217047,0.0017176927779516348
8.835,2.465125194663331,757.1388230278562,0.20962109968261367,0.00029783020191966617,148.85843889591007,1.3126925430327727,0.0017153079422724347
8.84,2.463810759948629,757.1374473641852,0.20962234618227188,0.0002969091831725118,148.85903862729094,1.3106578324452862,0.0017129260843676483
8.845,2.462497753922607,757.1360765419402,0.20962358981507986,0.000295990179561237,148.85963730337195,1.3086260104903193,0.001710547201064516
8.85,2.4611862284204977,757.134710615229,0.20962483058068176,0.0002950731917625071,148.86023493540156,1.306597075211933,0.001708171289195419
8.855,2.459876235219082,757.1333496379651,0.2096260684787128,0.00029415822046059437,148.86083153458117,1.3045710246623292,0.001705798345597873
8.86,2.458567826034647,757.1319936638665,0.20962730350879963,0.0002932452663469458,148.86142711206546,1.3025478569016744,0.001703428367114533
8.865,2.4572610525209444,757.1306427464528,0.20962853567056125,0.00029233433011974485,148.8620216789623,1.3005275699979102,0.0017010613505931875
8.870000000000001,2.4559559662671564,757.1292969390438,0.20962976496360924,0.00029142541248348064,148.86261524633264,1.2985101620265773,0.0016986972928867612
8.875,2.4546526187958557,757.1279562947567,0.20963099138754862,0.00029051851414851486,148.86320782519073,1.2964956310706308,0.0016963361908533118
8.88,2.4533510615609653,757.1266208665048,0.20963221494197817,0.0002896136358306501,148.8637994265037,1.2944839752202562,0.0016939780413560265
8.885,2.452051345945737,757.1252907069945,0.20963343562649128,0.00028871077825070245,148.86439006119195,1.2924751925726925,0.0016916228412632247
8.89,2.450753523260714,757.1239658687242,0.20963465344067628,0.0002878099421340699,148.86497974012872,1.290469281232046,0.001689270587448349
8.895,2.4494576447417127,757.1226464039812,0.20963586838411716,0.0002869111282103088,148.86556847414022,1.2884662393091142,0.0016869212767899697
8.9,2.4481637615477987,757.1213323648407,0.20963708045639404,0.0002860143372127052,148.86615627400582,1.2864660649212003,0.001684574906171775
8.905,2.4468719247592645,757.1200238031627,0.20963828965708386,0.0002851195698778532,148.8667431504575,1.2844687561919372,0.0016822314724825752
8.91,2.445582185375613,757.1187207705909,0.2096394959857608,0.00028422682694522974,148.86732911418048,1.282474311251103,0.0016798909726162907
8.915000000000001,2.4442945943135492,757.11742331855,0.20964069944199695,0.0002833361091567752,148.86791417581253,1.2804827282344446,0.0016775534034719564
8.92,2.443009202404959,757.116131498244,0.20964190002536282,0.00028244741725647266,148.86849834594454,1.2784940052834977,0.001675218761953714
8.925,2.4417260603949114,757.114845360654,0.2096430977354279,0.00028156075198992826,148.86908163511995,1.2765081405454046,0.0016728870449708043
8.93,2.440445218939657,757.1135649565365,0.20964429257176126,0.0002806761141039571,148.8696640538352,1.2745251321727407,0.001670558249437571
8.935,2.4391667286046212,757.1122903364208,0.20964548453393203,0.00027979350434616484,148.87024561253926,1.2725449783233296,0.001668232372273447
8.94,2.437890639862413,757.1110215506076,0.20964667362150996,0.00027891292346453664,148.87082632163387,1.2705676771600718,0.001665909410402957
8.945,2.4366170030908294,757.1097586491667,0.20964785983406606,0.00027803437220702277,148.87140619147348,1.268593226850761,0.0016635893607557046
8.950000000000001,2.4353458685708675,757.1085016819354,0.20964904317117306,0.0002771578513211297,148.8719852323653,1.266621625567911,0.001661272220266374
8.955,2.434077286484742,757.1072506985159,0.20965022363240596,0.00027628336155351103,148.87256345456882,1.2646528714885785,0.0016589579858747204
8.96,2.4328113069138984,757.106005748274,0.20965140121734255,0.00027541090364955906,148.87314086829647,1.2626869627941826,0.0016566466545255615
8.965,2.4315479798370414,757.1047668803366,0.20965257592556408,0.00027454047835300156,148.873717483713,1.2607238976703348,0.0016543382231687775
8.97,2.430287355128159,757.1035341435903,0.2096537477566556,0.0002736720864054961,148.87429331093594,1.2587636743066575,0.0016520326887592978
8.975,2.429029482554555,757.1023075866789,0.20965491671020664,0.0002728057285462304,148.87486836003495,1.2568062908966149,0.0016497300482570993
8.98,2.427774411774884,757.1010872580019,0.20965608278581163,0.0002719414055115196,148.87544264103255,1.254851745637333,0.0016474302986271947
8.985,2.426522192337192,757.0998732057126,0.2096572459830706,0.0002710791180344111,148.87601616390347,1.2529000367294296,0.0016451334368396305
8.99,2.4252728736769535,757.0986654777159,0.20965840630158947,0.0002702188668442856,148.87658893857497,1.2509511623768375,0.001642839459869472
8.995000000000001,2.4240265051151315,757.0974641216667,0.20965956374098077,0.00026936065266646504,148.87716097492662,1.249005120786634,0.0016405483646968035
9.0,2.42278313585622,757.0962691849678,0.209660718300864,0.0002685044762218186,148.87773228279048,1.2470619101688676,0.0016382601483067149
9.005,2.421542814986307,757.0950807147682,0.20966186998086633,0.000267650338226372,148.8783028719505,1.2451215287363837,0.0016359748076892927
9.01,2.4203055914711338,757.0938987579613,0.2096630187806229,0.00026679823939092115,148.8788727521436,1.2431839747046571,0.0016336923398396163
9.015,2.4190715141541634,757.0927233611826,0.20966416469977756,0.0002659481804206429,148.87944193305836,1.241249246291617,0.0016314127417577423
9.02,2.4178406317546552,757.0915545708086,0.20966530773798314,0.00026510016201471354,148.88001042433606,1.2393173417174814,0.0016291360104487029
9.025,2.4166129928657356,757.0903924329543,0.20966644789490216,0.0002642541848659238,148.88057823557,1.2373882592045817,0.0016268621429224883
9.03,2.4153886459524863,757.0892369934718,0.20966758517020717,0.0002634102496603009,148.88114537630574,1.2354619969771998,0.0016245911361940455
9.035,2.414167639350023,757.0880882979482,0.20966871956358138,0.0002625683570767287,148.8817118560408,1.2335385532613936,0.0016223229872832606
9.040000000000001,2.412950021261597,757.0869463917041,0.209669851074719,0.00026172850778657323,148.8822776842251,1.2316179262848335,0.001620057693214954
9.045,2.411735839756684,757.0858113197916,0.20967097970332593,0.0002608907024533085,148.88284287026042,1.2297001142766337,0.0016177952510188693
9.05,2.4105251427690875,757.0846831269926,0.2096721054491201,0.0002600549417321442,148.88340742350084,1.2277851154671842,0.0016155356577296583
9.055,2.409317978095051,757.0835618578169,0.209673228311832,0.0002592212262696588,148.88397135325226,1.225872928087988,0.0016132789103868773
9.06,2.408114393391365,757.0824475565008,0.2096743482912051,0.0002583895567034294,148.8845346687729,1.2239635503714923,0.001611025006034969
9.065,2.406914436173494,757.0813402670051,0.20967546538699647,0.00025755993366167014,148.88509737927248,1.2220569805509276,0.0016087739417232573
9.07,2.40571815381369,757.0802400330133,0.20967657959897715,0.00025673235776286845,148.88565949391318,1.2201532168601406,0.0016065257145059296
9.075000000000001,2.404525593539131,757.07914689793,0.20967769092693261,0.00025590682961542575,148.88622102180906,1.2182522575334338,0.0016042803214420312
9.08,2.4033368024300525,757.0780609048791,0.20967879937066328,0.00025508334981729993,148.8867819720259,1.2163541008054022,0.00160203775959545
9.085,2.40215182741789,757.0769820967023,0.20967990492998495,0.0002542619189556492,148.88734235358115,1.2144587449107693,0.0015997980260349027
9.09,2.4009707152834268,757.0759105159574,0.20968100760472932,0.00025344253760648173,148.88790217544462,1.2125661880842318,0.001597561117833927
9.095,2.3997935126549415,757.0748462049162,0.20968210739474438,0.00025262520633430324,148.8884614465375,1.2106764285602925,0.001595327032070864
9.1,2.3986202660063807,757.0737892055635,0.20968320429989484,0.00025180992569177164,148.88902017573307,1.208789464573108,0.00159309576582885
9.105,2.3974510216555105,757.0727395595947,0.2096842983200627,0.0002509966962193497,148.88957837185615,1.2069052943563248,0.0015908673161957986
9.11,2.3962858257620945,757.0716973084149,0.20968538945514756,0.0002501855184449652,148.89013604368344,1.2050239161429253,0.0015886416802643924
9.115,2.395124724326069,757.0706624931366,0.20968647770506718,0.00024937639288366835,148.8906931999432,1.2031453281650675,0.0015864188551320641
9.120000000000001,2.393967763185728,757.069635154579,0.20968756306975783,0.000248569320037297,148.89124984931553,1.2012695286539328,0.0015841988379009884
9.125,2.392814988015916,757.0686153332651,0.2096886455491748,0.00024776430039414086,148.89180600043207,1.1993965158395692,0.0015819816256780646
9.13,2.3916664443262183,757.0676030694214,0.2096897251432927,0.00024696133442860907,148.89236166187612,1.1975262879507345,0.0015797672155749014
9.135,2.3905221774591743,757.066598402975,0.2096908018521061,0.0002461604226009027,148.8929168421824,1.1956588432147477,0.001577555604707807
9.14,2.3893822325884755,757.0656013735536,0.20969187567562972,0.0002453615653566866,148.89347154983736,1.1937941798573322,0.0015753467901977695
9.145,2.388246654717191,757.0646120204824,0.20969294661389906,0.00024456476312676736,148.8940257932789,1.1919322961024676,0.0015731407691704465
9.15,2.3871154886759904,757.0636303827837,0.20969401466697066,0.00024377001632677048,148.89457958089656,1.1900731901722361,0.0015709375387561461
9.155,2.3859887791213703,757.0626564991746,0.20969507983492258,0.00024297732535682459,148.8951329210309,1.1882168602866756,0.0015687370960898168
9.16,2.3848665705338914,757.0616904080662,0.20969614211785478,0.00024218669060124373,148.89568582197438,1.1863633046636268,0.0015665394383110253
9.165000000000001,2.3837489072164235,757.0607321475611,0.2096972015158896,0.00024139811242821727,148.8962382919705,1.1845125215185905,0.0015643445625639482
9.17,2.3826358332924014,757.0597817554531,0.20969825802917205,0.0002406115911894994,148.89679033921453,1.1826645090645775,0.0015621524659973523
9.175,2.3815273927040783,757.0588392692244,0.20969931165787029,0.00023982712722010163,148.89734197185254,1.1808192655119614,0.0015599631457645774
9.18,2.380423629210785,757.0579047260455,0.2097003624021759,0.00023904472083799167,148.89789319798237,1.178976789068338,0.0015577765990235249
9.185,2.3793245863872086,757.0569781627727,0.20970141026230452,0.00023826437234379013,148.8984440256528,1.1771370779383765,0.0015555928229366357
9.19,2.3782303076216804,757.056059615947,0.2097024552384959,0.0002374860820204748,148.89899446286404,1.1753001303236816,0.00155341181467088
9.195,2.3771408361144495,757.0551491217927,0.20970349733101457,0.00023670985013308428,148.89954451756722,1.173465944422646,0.0015512335713977346
9.200000000000001,2.3760562148759843,757.0542467162161,0.20970453654015,0.00023593567692842848,148.90009419766503,1.171634518430315,0.0015490580902931708
9.205,2.374976486725271,757.0533524348036,0.20970557286621716,0.00023516356263479884,148.90064351101086,1.1698058505382436,0.0015468853685376353
9.21,2.3739016942881266,757.0524663128211,0.2097066063095567,0.0002343935074616822,148.9011924654095,1.1679799389343566,0.0015447154033160313
9.215,2.372831879995515,757.0515883852117,0.20970763687053545,0.0002336255115994804,148.90174106861664,1.1661567818028156,0.0015425481918177062
9.22,2.3717670860818685,757.0507186865952,0.2097086645495467,0.00023285957521922897,148.90228932833904,1.1643363773238766,0.0015403837312364273
9.225,2.3707073545834287,757.0498572512658,0.2097096893470106,0.00023209569847232314,148.90283725223438,1.1625187236737602,0.0015382220187703717
9.23,2.3696527273365757,757.0490041131917,0.20971071126337448,0.00023133388149024307,148.90338484791133,1.1607038190245118,0.0015360630516221003
9.235,2.368603245976185,757.0481593060131,0.20971173029911322,0.0002305741243842862,148.90393212292946,1.158891661543874,0.001533906826998548
9.24,2.3675589519339812,757.0473228630412,0.2097127464547295,0.00022981642724529831,148.90447908479928,1.157082249395148,0.001531753342110998
9.245000000000001,2.3665198864369033,757.0464948172569,0.20971375973075435,0.00022906079014341275,148.90502574098187,1.1552755807370692,0.001529602594175069
9.25,2.3654860905054766,757.0456752013092,0.2097147701277472,0.0002283072131277897,148.90557209888945,1.1534716537236729,0.0015274545804106951
9.255,2.3644576049521917,757.0448640475142,0.2097157776462964,0.00022755569622635852,148.90611816588464,1.1516704665041664,0.0015253092980421039
9.26,2.3634344703798953,757.0440613878538,0.20971678228701948,0.00022680623944556613,148.90666394928112,1.1498720172228039,0.0015231667442978038
9.265,2.3624167271801877,757.0432672539744,0.2097177840505635,0.00022605884277012534,148.90720945634288,1.1480763040187563,0.001521026916410559
9.27,2.361404415531824,757.0424816771855,0.20971878293760524,0.0002253135061627698,148.90775469428496,1.1462833250259907,0.0015188898116173751
9.275,2.3603975753991326,757.0417046884588,0.20971977894885172,0.00022457022956400902,148.9082996702725,1.1444930783731415,0.001516755427159476
9.28,2.359396246530436,757.0409363184268,0.20972077208504028,0.00022382901289189053,148.90884439142158,1.1427055621833928,0.0015146237602822886
9.285,2.3584004684564794,757.0401765973814,0.20972176234693907,0.00022308985604176115,148.90938886479867,1.140920774574352,0.0015124948082354181
9.290000000000001,2.3574102804888764,757.0394255552733,0.2097227497353472,0.0002223527588860357,148.9099330974207,1.1391387136579336,0.0015103685682726336
9.295,2.356425721718546,757.0386832217099,0.2097237342510951,0.0002216177212739665,148.91047709625497,1.137359377540239,0.0015082450376518461
9.3,2.3554468310141847,757.0379496259551,0.2097247158950448,0.00022088474303141696,148.91102086821928,1.1355827643214365,0.001506124213635086
9.305,2.354473647020725,757.0372247969276,0.20972569466809013,0.0002201538239606401,148.91156442018152,1.1338088720956492,0.0015040060934884878
9.31,2.353506208157795,757.0365087631999,0.20972667057115715,0.00021942496384005737,148.9121077589602,1.1320376989508354,0.0015018906744822653
9.315,2.352544552618221,757.0358015529971,0.2097276436052043,0.00021869816242404538,148.91265089132375,1.1302692429686785,0.001499777953890696
9.32,2.3515887183665174,757.0351031941959,0.20972861377122262,0.00021797341944272103,148.91319382399115,1.1285035022244712,0.0014976679289920949
9.325000000000001,2.35063874313738,757.0344137143236,0.2097295810702362,0.00021725073460173515,148.91373656363103,1.1267404747870073,0.0014955605970688002
9.33,2.3496946644342045,757.0337331405566,0.20973054550330222,0.0002165301075820665,148.91427911686262,1.1249801587184698,0.001493455955407148
9.335,2.3487565195275986,757.0330614997199,0.2097315070715114,0.0002158115380398197,148.914821490255,1.1232225520743215,0.0014913540012974522
9.34,2.3478243454539154,757.0323988182856,0.209732465775988,0.0002150950256060284,148.91536369032727,1.1214676529032008,0.0014892547320339863
9.345,2.346898179013791,757.0317451223722,0.20973342161789035,0.00021438056988645955,148.9159057235485,1.119715459246812,0.0014871581449149578
9.35,2.3459780567706856,757.0311004377431,0.20973437459841085,0.00021366817046142455,148.91644759633772,1.1179659691398245,0.0014850642372424923
9.355,2.3450640150494477,757.0304647898063,0.20973532471877632,0.00021295782688558979,148.91698931506352,1.116219180609765,0.0014829730063226066
9.36,2.344156089934878,757.0298382036126,0.20973627198024813,0.00021224953868779578,148.91753088604483,1.1144750916769215,0.0014808844494651934
9.365,2.343254317270302,757.0292207038553,0.2097372163841226,0.0002115433053708748,148.91807231555,1.1127337003542364,0.0014787985639839935
9.370000000000001,2.3423587326561597,757.0286123148688,0.209738157931731,0.00021083912641147636,148.9186136097972,1.1109950046472121,0.0014767153471965798
9.375,2.3414693714485955,757.0280130606279,0.2097390966244399,0.00021013700125989442,148.91915477495402,1.109259002553813,0.0014746347964243328
9.38,2.3405862687580647,757.0274229647466,0.2097400324636513,0.00020943692933989743,148.91969581713812,1.1075256920643641,0.001472556908992417
9.385,2.339709459447946,757.0268420504774,0.20974096545080292,0.00020873891004856502,148.9202367424162,1.105795071161464,0.0014704816822297645
9.39,2.3388389781331704,757.0262703407104,0.20974189558736828,0.00020804294275612466,148.92077755680486,1.104067137819883,0.0014684091134690464
9.395,2.337974859178852,757.0257078579723,0.209742822874857,0.0002073490268057957,148.9213182662699,1.1023418900064788,0.0014663392000466577
9.4,2.33711713669892,757.0251546244253,0.20974374731481485,0.00020665716151363367,148.92185887672673,1.1006193256800991,0.001464271939302688
9.405,2.3362658445547875,757.0246106618669,0.20974466890882412,0.00020596734616838174,148.92239939403987,1.0988994427914982,0.001462207328580906
9.41,2.3354210163540086,757.0240759917282,0.20974558765850362,0.00020527958003132185,148.92293982402342,1.097182239283244,0.001460145365228731
9.415000000000001,2.3345826854489493,757.0235506350735,0.20974650356550892,0.00020459386233613418,148.92348017244024,1.0954677130896355,0.001458086046597216
9.42,2.3337508849354807,757.0230346126,0.20974741663153254,0.00020391019228875685,148.9240204450029,1.0937558621366168,0.0014560293700410225
9.425,2.3329256476516615,757.0225279446357,0.20974832685830405,0.00020322856906725004,148.92456064737252,1.092046684341691,0.0014539753329183961
9.43,2.3321070061764426,757.0220306511397,0.2097492342475903,0.00020254899182166634,148.92510078515977,1.0903401776138428,0.001451923932591149
9.435,2.3312949928283824,757.0215427517012,0.20975013880119545,0.00020187145967392068,148.92564086392403,1.0886363398534535,0.0014498751664246317
9.44,2.33048963966438,757.0210642655383,0.20975104052096127,0.000201195971717668,148.92618088917382,1.0869351689522266,0.0014478290317877153
9.445,2.3296909784784012,757.0205952114976,0.20975193940876716,0.0002005225270181814,148.92672086636617,1.0852366627931043,0.001445785526052764
9.450000000000001,2.328899040800215,757.0201356080536,0.20975283546653034,0.0001998511246122372,148.92726080090736,1.0835408192501976,0.0014437446465956165
9.455,2.32811385789416,757.0196854733075,0.20975372869620593,0.00019918176350800136,148.9278006981522,1.0818476361887082,0.0014417063907955607
9.46,2.327335460757914,757.0192448249871,0.20975461909978713,0.00019851444268491998,148.92834056340428,1.0801571114648536,0.0014396707560353095
9.465,2.3265638801212654,757.0188136804455,0.2097555066793053,0.00019784916109361563,148.92888040191556,1.0784692429258012,0.0014376377397009824
9.47,2.32579914644489,757.018392056661,0.2097563914368301,0.00019718591765578402,148.92942021888697,1.0767840284095913,0.0014356073391820756
9.475,2.325041289919162,757.0179799702357,0.20975727337446956,0.00019652471126409843,148.92996001946764,1.0751014657450755,0.001433579551871447
9.48,2.3242903404629596,757.0175774373956,0.20975815249437027,0.0001958655407821138,148.93049980875543,1.0734215527518427,0.0014315543751652843
9.485,2.32354632772248,757.0171844739897,0.20975902879871736,0.0001952084050441786,148.93103959179612,1.0717442872401592,0.00142953180646309
9.49,2.322809281070069,757.0168010954891,0.20975990228973468,0.0001945533028553469,148.9315793735843,1.0700696670109002,0.0014275118431676512
9.495000000000001,2.322079229603065,757.0164273169868,0.20976077296968484,0.00019390023299129715,148.93211915906252,1.0683976898554899,0.001425494482685021
9.5,2.321356202142648,757.0160631531969,0.20976164084086932,0.000193249194198253,148.93265895312157,1.0667283535558407,0.0014234797224244946
9.505,2.3206402272327025,757.015708618454,0.20976250590562856,0.0001926001851929077,148.93319876060053,1.0650616558842905,0.0014214675597985819
9.51,2.3199313331386904,757.015363726713,0.20976336816634197,0.00019195320466235417,148.9337385862863,1.0633975946035485,0.0014194579922229896
9.515,2.319229547846534,757.0150284915477,0.2097642276254281,0.00019130825126401627,148.93427843491386,1.0617361674666355,0.0014174510171165932
9.52,2.3185348990615138,757.0147029261514,0.20976508428534457,0.0001906653236255867,148.93481831116614,1.0600773722168317,0.0014154466319014178
9.525,2.3178474142071765,757.0143870433354,0.20976593814858827,0.0001900244203449655,148.93535821967373,1.0584212065876204,0.0014134448340026094
9.53,2.3171671204242412,757.0140808555294,0.20976678921769532,0.00018938553999020547,148.93589816501537,1.0567676683026395,0.0014114456208484177
9.535,2.3164940445695397,757.01378437478,0.20976763749524113,0.0001887486810994581,148.93643815171708,1.0551167550756262,0.0014094489898701654
9.540000000000001,2.3158282132149535,757.013497612751,0.20976848298384046,0.00018811384218092708,148.93697818425292,1.0534684646103738,0.0014074549385022317
9.545,2.3151696526463605,757.0132205807229,0.20976932568614745,0.00018748102171282214,148.93751826704428,1.0518227946006808,0.0014054634641820244
9.55,2.3145183888626044,757.0129532895919,0.2097701656048557,0.00018685021814331715,148.9380584044602,1.0501797427303052,0.001403474564349956
9.555,2.3138744475744635,757.0126957498701,0.2097710027426982,0.0001862214298905148,148.93859860081704,1.0485393066729223,0.0014014882364494234
9.56,2.313237854203635,757.0124479716849,0.2097718371024474,0.0001855946553424107,148.9391388603787,1.0469014840920785,0.0013995044779267806
9.565,2.3126086338817387,757.0122099647782,0.2097726686869153,0.00018496989285686556,148.939679187356,1.045266272641155,0.001397523286231319
9.57,2.311986811449308,757.0119817385067,0.2097734974989533,0.00018434714076157667,148.94021958590747,1.0436336699633226,0.0013955446588152388
9.575000000000001,2.3113724114548244,757.0117633018411,0.2097743235414524,0.00018372639735405704,148.94076006013842,1.0420036736915086,0.0013935685931336312
9.58,2.31076545815375,757.0115546633658,0.20977514681734302,0.0001831076609016162,148.94130061410146,1.0403762814483573,0.0013915950866444505
9.585,2.3101659755075588,757.0113558312787,0.20977596732959516,0.00018249092964134394,148.94184125179615,1.0387514908461941,0.0013896241368084913
9.59,2.3095739871827994,757.0111668133907,0.20977678508121833,0.00018187620178009996,148.94238197716902,1.0371292994869958,0.0013876557410893672
9.595,2.3089895165501515,757.0109876171256,0.20977760007526144,0.00018126347549450472,148.94292279411337,1.0355097049623538,0.001385689896953483
9.6,2.308412586683519,757.0108182495196,0.20977841231481295,0.0001806527489309367,148.94346370646946,1.0338927048534485,0.0013837266018700163
9.605,2.3078432203591044,757.0106587172214,0.2097792218030007,0.00018004402020552988,148.94400471802385,1.0322782967310158,0.0013817658533108888
9.61,2.3072814400545116,757.0105090264914,0.20978002854299205,0.0001794372874041784,148.94454583251033,1.0306664781553236,0.0013798076487507478
9.615,2.306727267947861,757.0103691832018,0.20978083253799365,0.00017883254858254145,148.94508705360892,1.029057246676142,0.0013778519856669376
9.620000000000001,2.3061807259169202,757.0102391928365,0.20978163379125161,0.00017822980176605482,148.94562838494622,1.0274505998327228,0.00137589886153948
9.625,2.3056418355382315,757.0101190604905,0.2097824323060513,0.0001776290449499439,148.94616983009522,1.0258465351537744,0.0013739482738510497
9.63,2.3051106180862626,757.01000879087,0.20978322808571734,0.00017703027609924026,148.9467113925753,1.0242450501574396,0.001372000220086949
9.635,2.3045870945325664,757.009908388292,0.20978402113361364,0.00017643349314880395,148.94725307585216,1.0226461423512787,0.0013700546977350877
9.64,2.3040712855449565,757.0098178566845,0.20978481145314323,0.00017583869400334583,148.94779488333768,1.0210498092322475,0.0013681117042859555
9.645,2.303563211486691,757.0097371995861,0.2097855990477483,0.0001752458765374571,148.94833681838963,1.0194560482866846,0.0013661712372326042
9.65,2.303062892415657,757.0096664201455,0.20978638392091,0.00017465503859563923,148.9488788843123,1.0178648569902917,0.0013642332940706178
9.655,2.3025703480835955,757.0096055211224,0.20978716607614858,0.00017406617799233995,148.94942108435552,1.016276232808124,0.001362297872298096
9.66,2.3020855979353105,757.009554504886,0.20978794551702312,0.00017347929251198963,148.9499634217154,1.0146901731945737,0.0013603649694156241
9.665000000000001,2.301608661107905,757.0095133734162,0.20978872224713155,0.00017289437990904461,148.95050589953354,1.0131066755933624,0.0013584345829262563
9.67,2.3011395564300314,757.009482128303,0.20978949627011054,0.00017231143790803153,148.95104852089761,1.011525737437531,0.001356506710335489
9.675,2.3006783024211357,757.0094607707463,0.20979026758963543,0.00017173046420359506,148.95159128884063,1.0099473561494292,0.0013545813491512358
9.68,2.3002249172907367,757.0094493015558,0.20979103620942016,0.00017115145646055086,148.95213420634164,1.0083715291407136,0.0013526584968838109
9.685,2.2997794189377023,757.0094477211516,0.2097918021332171,0.00017057441231393915,148.9526772763248,1.0067982538123377,0.0013507381510458976
9.69,2.299341824949543,757.0094560295634,0.20979256536481708,0.0001699993293690852,148.95322050166004,1.0052275275545535,0.001348820309152534
9.695,2.298912152601721,757.0094742264309,0.2097933259080491,0.00016942620520165894,148.9537638851625,1.003659347746905,0.0013469049687210826
9.700000000000001,2.2984904188569613,757.0095023110041,0.2097940837667804,0.0001688550373577414,148.95430742959277,1.00209371175823,0.0013449921272712126
9.705,2.298076640364586,757.0095402821426,0.20979483894491627,0.00016828582335389245,148.95485113765653,1.0005306169466617,0.0013430817823248753
9.71,2.2976708334598643,757.0095881383163,0.20979559144639992,0.00016771856067722199,148.95539501200477,0.9989700606596275,0.00134117393140628
9.715,2.297273014163359,757.0096458776052,0.2097963412752124,0.00016715324678546583,148.95593905523347,0.9974120402338569,0.0013392685720418744
9.72,2.296883198180292,757.0097134976995,0.20979708843537245,0.00016658987910706183,148.95648326988376,0.9958565529953826,0.0013373657017603181
9.725,2.296501400899929,757.0097909958997,0.20979783293093637,0.00016602845504123291,148.95702765844143,0.9943035962595513,0.0013354653180924654
9.73,2.2961276373949735,757.0098783691167,0.20979857476599795,0.00016546897195806955,148.9575722233375,0.9927531673310273,0.0013335674185713361
9.735,2.2957619224209678,757.0099756138719,0.20979931394468818,0.0001649114271986187,148.95811696694753,0.991205263503806,0.0013316720007321
9.74,2.2954042704157116,757.0100827262976,0.20980005047117528,0.00016435581807497268,148.95866189159202,0.9896598820612207,0.0013297790621120485
9.745000000000001,2.2950546954986946,757.0101997021367,0.20980078434966445,0.00016380214187036406,148.9592069995359,0.988117020275958,0.001327888600250577
9.75,2.2947132114705324,757.0103265367432,0.2098015155843978,0.00016325039583926172,148.9597522929889,0.9865766754100703,0.0013260006126891613
9.755,2.2943798318124307,757.0104632250823,0.20980224417965407,0.00016270057720746954,148.96029777410507,0.9850388447149885,0.0013241150969713325
9.76,2.2940545696856454,757.0106097617305,0.20980297013974866,0.00016215268317223066,148.96084344498317,0.9835035254315425,0.001322232050642661
9.765,2.293737437930967,757.0107661408763,0.20980369346903327,0.0001616067109023313,148.96138930766602,0.9819707147899743,0.0013203514712507285
9.77,2.293428449068215,757.0109323563195,0.20980441417189588,0.00016106265753821044,148.961935364141,0.9804404100099612,0.0013184733563451109
9.775,2.293127615295742,757.0111084014724,0.2098051322527605,0.00016052052019207004,148.9624816163395,0.9789126083006316,0.0013165977034773524
9.78,2.2928349484899475,757.0112942693596,0.20980584771608712,0.00015998029594799083,148.96302806613733,0.9773873068605917,0.0013147245102009487
9.785,2.2925504602048106,757.0114899526183,0.20980656056637131,0.00015944198186204758,148.9635747153542,0.9758645028779436,0.0013128537740713197
9.790000000000001,2.292274161671447,757.0116954434986,0.2098072708081443,0.0001589055749624303,148.964121565754,0.9743441935303128,0.0013109854926457937
9.795,2.2920060637976483,757.0119107338639,0.20980797844597257,0.00015837107224956655,148.9646686190444,0.9728263759848728,0.0013091196634835826
9.8,2.2917461771674588,757.0121358151913,0.2098086834844579,0.00015783847069624618,148.9652158768772,0.9713110473983705,0.00130725628414576
9.805,2.291494512040757,757.0123706785716,0.2098093859282369,0.00015730776724775077,148.96576334084773,0.9697982049171577,0.001305395352195244
9.81,2.2912510783528512,757.0126153147099,0.20981008578198104,0.00015677895882198329,148.9663110124955,0.9682878456772162,0.001303536865196771
9.815,2.2910158857140845,757.0128697139262,0.2098107830503964,0.00015625204230960282,148.96685889330325,0.9667799668041926,0.0013016808207168796
9.82,2.2907889434094604,757.013133866155,0.20981147773822345,0.00015572701457415924,148.9674069846978,0.9652745654134266,0.001299827216323885
9.825000000000001,2.290570260398273,757.013407760947,0.2098121698502368,0.00015520387245223337,148.96795528804918,0.9637716386099869,0.0012979760495878624
9.83,2.290359845313752,757.0136913874679,0.20981285939124503,0.00015468261275357778,148.96850380467134,0.962271183488705,0.0012961273180806248
9.835,2.2901577064627254,757.0139847345004,0.20981354636609056,0.00015416323226126013,148.96905253582113,0.9607731971342086,0.0012942810193757007
9.84,2.2899638518252883,757.0142877904434,0.20981423077964936,0.00015364572773181076,148.96960148269932,0.9592776766209619,0.0012924371510483169
9.845,2.289778289054488,757.0146005433132,0.2098149126368307,0.00015313009589537025,148.97015064644978,0.9577846190132998,0.0012905957106753745
9.85,2.289601025476026,757.0149229807439,0.20981559194257696,0.0001526163334558421,148.9707000281597,0.9562940213654713,0.001288756695835433
9.855,2.2894320680879665,757.0152550899875,0.20981626870186348,0.00015210443709104496,148.97124962885945,0.9548058807216754,0.0012869201041086852
9.86,2.2892714235604545,757.0155968579146,0.20981694291969824,0.00015159440345287033,148.97179944952265,0.9533201941161069,0.0012850859330769428
9.865,2.289119098235459,757.0159482710153,0.20981761460112167,0.00015108622916743957,148.97234949106578,0.9518369585729951,0.0012832541803236104
9.870000000000001,2.288975098126525,757.0163093153991,0.20981828375120642,0.0001505799108352656,148.97289975434867,0.9503561711066508,0.0012814248434336712
9.875,2.2888394289185285,757.016679976796,0.20981895037505716,0.00015007544503141588,148.97345024017397,0.9488778287215103,0.0012795979199936656
9.88,2.28871209596746,757.0170602405566,0.20981961447781022,0.00014957282830567687,148.9740009492874,0.947401928412179,0.0012777734075916682
9.885,2.2885931043002095,757.0174500916531,0.20982027606463352,0.0001490720571827229,148.9745518823774,0.9459284671634832,0.001275951303817275
9.89,2.28848245861436,757.0178495146796,0.20982093514072622,0.00014857312816228438,148.97510304007545,0.9444574419505136,0.0012741316062615774
9.895,2.2883801632780143,757.0182584938528,0.20982159171131845,0.00014807603771932113,148.9756544229556,0.9429888497386789,0.001272314312517149
9.9,2.2882862223296168,757.0186770130128,0.20982224578167122,0.00014758078230419467,148.9762060315349,0.9415226874837516,0.001270499420178021
9.905,2.2882006394777954,757.0191050556234,0.20982289735707593,0.0001470873583428459,148.97675786627286,0.9400589521319244,0.0012686869268396692
9.91,2.2881234181012147,757.0195426047728,0.20982354644285436,0.00014659576223697145,148.97730992757187,0.9385976406198581,0.0012668768300989894
9.915000000000001,2.288054561248439,757.0199896431749,0.20982419304435823,0.00014610599036420508,148.97786221577658,0.9371387498747384,0.0012650691275542835
9.92,2.287994071637825,757.0204461531689,0.20982483716696906,0.00014561803907829938,148.9784147311746,0.9356822768143299,0.0012632638168052388
9.925,2.2879419516573996,757.0209121167211,0.20982547881609784,0.0001451319047093088,148.97896747399585,0.934228218347029,0.001261460895452909
9.93,2.2878982033647683,757.0213875154246,0.2098261179971848,0.00014464758356377694,148.97952044441274,0.9327765713719242,0.0012596603610996982
9.935,2.28786282848704,757.0218723305011,0.20982675471569917,0.00014416507192492275,148.98007364254016,0.9313273327788498,0.0012578622113493402
9.94,2.287835828420752,757.0223665428006,0.20982738897713885,0.0001436843660528314,148.98062706843544,0.929880499448449,0.0012560664438068842
9.945,2.287817204231819,757.0228701328027,0.20982802078703014,0.00014320546218464432,148.9811807220982,0.9284360682522278,0.0012542730560786716
9.950000000000001,2.2878069566554964,757.0233830806175,0.20982865015092758,0.00014272835653475322,148.98173460347058,0.9269940360526198,0.0012524820457723242
9.955,2.2878050860963373,757.023905365986,0.20982927707441354,0.00014225304529499462,148.98228871243657,0.9255543997030459,0.0012506934104967238
9.96,2.2878115926281932,757.0244369682813,0.20982990156309803,0.00014177952463484552,148.98284304882296,0.9241171560479746,0.0012489071478619927
9.965,2.287826475994196,757.024977866509,0.20983052362261836,0.00014130779070162288,148.9833976123983,0.9226823019229893,0.001247123255479482
9.97,2.2878497356067773,757.025528039308,0.209831143258639,0.00014083783962068178,148.98395240287388,0.9212498341548471,0.001245341730961748
9.975,2.287881370547689,757.0260874649524,0.20983176047685104,0.00014036966749561813,148.9845074199026,0.9198197495615484,0.0012435625719225418
9.98,2.287921379568036,757.0266561213506,0.20983237528297216,0.0001399032704084702,148.98506266308,0.9183920449523987,0.0012417857759767868
9.985,2.287969761088335,757.0272339860477,0.20983298768274622,0.00013943864441992414,148.9856181319435,0.9169667171280785,0.001240011340740566
9.99,2.2880265131985627,757.0278210362254,0.20983359768194304,0.00013897578556951824,148.98617382597283,0.9155437628807069,0.001238239263831103
9.995000000000001,2.2880916336582438,757.0284172487037,0.209834205286358,0.00013851468987585144,148.98672974458947,0.914123178993913,0.0012364695428667475
10.0,2.288165119896535,757.0290225999412,0.20983481050181188,0.00013805535333679149,148.98728588715727,0.9127049622429041,0.0012347021754669587
