time_s,V_A,P_A,f_o,f_c,p_o,p_c,z
0,1,760,0.1368,0.05263,40,46,4.4219e-07
0.005,1.014637183120639,759.966904268252,0.13679947488289093,0.05262881416342871,40.67274613766811,43.39173215578961,7.060821952672651e-05
0.01,1.0291183136090134,759.9341976488693,0.1368058206973344,0.052622417605642235,41.36399488315181,41.071949319037934,0.00013672454797518645
0.015,1.0434451870290693,759.9018761143099,0.13681876277524616,0.052611051848306375,42.07482366624499,39.008756057185366,0.0001992294822946068
0.02,1.0576196438442946,759.8699355057508,0.13683803750662576,0.05259494495746458,42.80635568481777,37.17362336861788,0.00025851490210792574
0.025,1.0716434951060647,759.8383717175991,0.1368633958763445,0.052574309283845835,43.559766899702,35.541351443129045,0.00031492675917225543
0.03,1.0855185316467635,759.8071806782183,0.13689460123027145,0.05254934396488584,44.33629273889278,34.089549132404315,0.00036877225877717196
0.035,1.0992465253956762,759.776358349141,0.1369314274562055,0.052520237139504135,45.137222054594154,32.79810417284865,0.0004203271751538218
0.04,1.1128292271720297,759.7459007298689,0.13697365956124616,0.05248716556465623,45.96390243890753,31.64921430798867,0.0004698354283861606
0.045,1.1262683668488098,759.7158038585585,0.13702109300226933,0.0524502955567166,46.817738663357815,30.62711635348353,0.000517512828180084
0.05,1.139565654507257,759.6860638107026,0.13707353255562216,0.05240978432982934,47.700186389812586,29.71776461335204,0.0005635515141186894
0.055,1.1527227808251392,759.6566766990867,0.1371307916336445,0.05236578083784831,48.61274573772526,28.908621033290082,0.0006081228540721102
0.06,1.1657414170283884,759.6276386743823,0.13719269191595304,0.05231842624959961,49.55695323073851,28.188531017920482,0.0006513791600901288
0.065,1.1786232150069493,759.5989459254815,0.13725906292352355,0.052267854488461246,50.534370216137724,27.547571345339545,0.0006934557894267815
0.07,1.1913698075892174,759.5705946794666,0.13732974149305685,0.052214192843017634,51.546563558845605,26.976901257601476,0.0007344732009215936
0.075,1.2039828087712383,759.5425812015453,0.13740457135953338,0.05215756244279236,52.5950853158154,26.468647394628707,0.0007745385438808342
0.08,1.216463813767091,759.5149017950654,0.13748340305877121,0.052098078369861356,53.68146049105096,26.015870451478936,0.0008137461185366931
0.085,1.22881439936716,759.4875528014046,0.13756609328226133,0.052035850383302225,54.80713924651751,25.612385789741204,0.0008521798529799126
0.09,1.241036124217118,759.4605305997899,0.13765250439951032,0.05197098343069565,55.97344534598416,25.252645853415242,0.0008899149262838245
0.095,1.253130528949363,759.4338316071061,0.1377425042711276,0.05190357782105933,57.181530085865155,24.9317073315308,0.0009270182213274756
0.1,1.2650991363581958,759.4074522776757,0.13783596599593154,0.051833729470095305,58.43231139999488,24.645178659164046,0.0009635490491076435
0.105,1.276943451580336,759.381389103013,0.1379327676622137,0.05176153013782506,59.72640051713493,24.38916758754294,0.0009995598721005375
0.11,1.288664962278754,759.3556386115599,0.13803279209838393,0.051687067663636205,61.06401966633934,24.160228033716837,0.0010350970375434356
0.115,1.3002651388778612,759.3301973683538,0.1381359265431163,0.0516104262828893,62.444896565383274,23.955288822947328,0.0010702017606340887
0.12,1.3117454347645394,759.3050619746216,0.1382420623795939,0.05153168685221061,63.86815761875374,23.771618401461996,0.0011049106107212617
0.125,1.3231072864667714,759.2802290674389,0.13835109492113679,0.05145092703334982,65.33221618171187,23.606780086632426,0.0011392561286480047
0.13,1.3343521138358891,759.2556953192776,0.13846292319449513,0.051368221456231246,66.83465855481238,23.458608495288843,0.0011732671510895074
0.135,1.3454813202278315,759.2314574375572,0.13857744972660108,0.051283641880934955,68.37213681771155,23.32517960561138,0.001206969223125045
0.14,1.3564962926868767,759.2075121641363,0.1386945803327281,0.05119725734845576,69.94028830179268,23.20478741843449,0.0012403849195241623
0.145,1.3673984021272498,759.183856274847,0.13881422390402107,0.05110913433868684,71.53363527055733,23.09591712872145,0.0012735342142769599
0.15,1.3781890035177327,759.1604865789458,0.1389362922242133,0.05101933689390173,73.14566102454742,22.997225160398685,0.0013064347553904385
0.155,1.3888694360529479,759.13739991874,0.13906069975487456,0.050927926787806714,74.76860676091361,22.907508832008165,0.0013391022828200979
0.16,1.399441023333365,759.1145931688241,0.13918736350946562,0.050834963564770984,76.39395679295185,22.825711728389024,0.0013715505532731615
0.165,1.4099050735416856,759.0920632358485,0.139316202812742,0.050740504756990795,78.01203990092797,22.750878472285315,0.0014037919639090092
0.17,1.4202628796013297,759.0698070578945,0.13944713928597374,0.050644605850609196,79.61297650198615,22.68217827669298,0.0014358372261206002
0.17500000000000002,1.4305157193641653,759.0478216041059,0.13958009657964843,0.050547320505872975,81.18623192404311,22.618859937571987,0.0014676959861320159
0.18,1.4406648557551303,759.0261038744967,0.13971500043661256,0.05044870053138255,82.7217121402149,22.56026913505771,0.0014993765852492657
0.185,1.450711536958128,759.00465089947,0.13985177846668867,0.05034879605014698,84.20949778925878,22.505818889884612,0.0015308864668647831
0.19,1.460656996563688,758.9834597399079,0.1399903602168316,0.05024765551799068,85.64073202427289,22.454992806780048,0.0015622321309052166
0.195,1.470502453740997,758.9625274868569,0.1401306770540985,0.0501453258242668,87.0075709589126,22.407332026851183,0.0015934193130762656
0.2,1.4802491133949378,758.9418512615421,0.14027266217560913,0.05004185234752636,88.30375754264068,22.362429708472078,0.0016244530602742213
0.20500000000000002,1.4898981663212056,758.9214282154845,0.1404162506410148,0.04993727900452493,89.52443087327165,22.31992506684386,0.0016553378121001272
0.21,1.4994507893733855,758.9012555302049,0.14056137928176615,0.04983164833604784,90.66673097389516,22.27949424011227,0.001686077526098305
0.215,1.5089081456002356,758.8813304176047,0.14070798681929544,0.04972500150943028,91.72901903655136,22.240857996078766,0.0017166755706551817
0.22,1.5182713844207953,758.8616501196373,0.1408560137612394,0.04961737842414812,92.7117807165896,22.203763769979894,0.0017471349721136838
0.225,1.5275416417547423,758.8422119085341,0.14100540248214485,0.0495088177108226,93.61642138080478,22.16799296567339,0.0017774583133592964
0.23,1.5367200401819276,758.823013086566,0.14115609716202282,0.049399356800791036,94.44557121358649,22.133351859963813,0.0018076478586270155
0.23500000000000001,1.5458076890865562,758.8040509858998,0.14130804376384695,0.04928903196355659,95.20271871361469,22.09967007225903,0.001837705573944132
0.24,1.554805684806366,758.7853229683956,0.14146118999245524,0.04917787835461134,95.8921346922036,22.06679719917729,0.0018676331728685015
0.245,1.563715110781525,758.7668264257211,0.14161548532678012,0.049065930056755414,96.51838856697525,22.034598497348142,0.0018974321754099985
0.25,1.5725370376780508,758.7485587782779,0.14177088081188652,0.0489532201018169,97.08665024054336,22.002960687885494,0.001927103827350405
0.255,1.581272523572232,758.730517476457,0.14192732930667432,0.04883978054907583,97.60172407481517,21.971775183279085,0.0019566493308717935
0.26,1.5899226140500557,758.7126999989351,0.14208478516367026,0.048725642481599975,98.06857957085263,21.940950700190353,0.0019860696700781224
0.265,1.598488342354362,758.6951038526007,0.14224320421982986,0.04861083604907822,98.49207975300885,21.9104095884712,0.0020153656609942366
0.27,1.6069707295230926,758.6777265724339,0.14240254378562595,0.04849539050352337,98.87684848533252,21.8800832377923,0.00204453801445435
0.275,1.6153707845248133,758.6605657209437,0.142562762540763,0.04837933423034361,99.2272135835684,21.84991385366051,0.00207358731094314
0.28,1.6236895043951922,758.6436188881227,0.14272382054231292,0.04826269478371908,99.54716523181081,21.819848564445206,0.002102514081472461
0.28500000000000003,1.6319278743676915,758.6268836908607,0.14288567912280367,0.048145498911955575,99.84032949010681,21.78984299508466,0.0021313187576140263
0.29,1.6400868680089808,758.6103577727793,0.14304830087425954,0.04802777259080412,100.10994530851968,21.759857917316403,0.0021600017172123693
0.295,1.6481674473394117,758.5940388036479,0.14321164955113583,0.047909541043285174,100.35899432192522,21.72985941264464,0.0021885632817574114
0.3,1.6561705629723278,758.5779244791922,0.14337569004692388,0.04779082877446047,100.5900788230529,21.69981760001091,0.0022170037333015978
0.305,1.6640971542260583,758.5620125205581,0.14354038831744426,0.047671659583192784,100.80560006958783,21.669708236811783,0.0022453232920379143
0.31,1.6719481492601067,758.5463006741492,0.14370571136210458,0.047552056595102976,101.00763400816894,21.639510043799966,0.002273522152665245
0.315,1.6797244651932053,758.5307867112647,0.14387162717943086,0.0474320422793637,101.19798459113572,21.609205166988087,0.00230160047761994
0.32,1.6874270082259086,758.515468427684,0.14403810470946238,0.047311638472473876,101.37829940335803,21.578779266811473,0.00232955839537918
0.325,1.695056673766373,758.5003436434278,0.14420511380592094,0.04719086640059884,101.54999473598109,21.548220429947115,0.0023573960150411293
0.33,1.7026143465430628,758.4854102025573,0.14437262522610478,0.04706974669481354,101.71426043244136,21.517518672603718,0.00238511343285643
0.335,1.7101009007291825,758.4706659726979,0.14454061055920153,0.0469482994147107,101.87216504046943,21.486666188133857,0.00241271072832011
0.34,1.717517200055874,758.4561088447913,0.1447090422056334,0.046826544063802225,102.02466539826794,21.455656956597608,0.002440187969225844
0.34500000000000003,1.724864097926797,758.4417367329345,0.14487789337066942,0.046704499605151786,102.17252624881027,21.424486288138727,0.0024675452176181984
0.35000000000000003,1.7321424375381789,758.4275475739604,0.14504713800752164,0.046582184482355335,102.31642988027724,21.393150754641226,0.002494782530309073
0.355,1.7393530519838203,758.4135393271707,0.14521675079635515,0.046459616630904636,102.45700261037715,21.361648404815604,0.002521899955619323
0.36,1.7464967643740037,758.3997099741443,0.14538670712972998,0.046336813496654514,102.59475448449389,21.32997812858067,0.002548897541766028
0.365,1.753574387942012,758.38605751849,0.14555698309399004,0.04621379204830792,102.73009081310249,21.298139718629045,0.0025757753357115378
0.37,1.7605867261531352,758.3725799854634,0.14572755542315194,0.046090568792724475,102.86341611114904,21.266133861248512,0.00260253338295768
0.375,1.7675345728178904,758.3592754218039,0.14589840149304553,0.04596715978986047,102.99506497804623,21.23396185413345,0.0026291717310980133
0.38,1.7744187121913118,758.3461418955488,0.1460694993142481,0.045843580661958844,103.12527599548478,21.201625526540308,0.0026556904306787683
0.385,1.781239919346719,758.3331774950341,0.14624082743784705,0.045719846640327994,103.25431634121155,21.169127098255075,0.0026820895360862474
0.39,1.7879989599438086,758.3203803295058,0.14641236501206129,0.04559597253663875,103.38241047212135,21.13646927192659,0.002708369104925638
0.395,1.7946965898792888,758.3077485299976,0.14658409185331095,0.04547197270427711,103.50966687126775,21.103655283023002,0.002734529198244746
0.4,1.8013335558372798,758.2952802479782,0.14675598833779935,0.04534786110020012,103.63617207170263,21.070688728737,0.0027605698814301294
0.405,1.8079105966441447,758.2829736521253,0.14692803515245198,0.04522365143730256,103.76214393174581,21.03757294049601,0.002786491229225609
0.41000000000000003,1.8144284405371522,758.2708269348461,0.14710021380008997,0.045099356877248996,103.88760928232658,21.004312214252973,0.002812293316088449
0.41500000000000004,1.8208878083732651,758.2588383047454,0.14727250603525188,0.04497499038601678,104.01268706790879,20.97091032041379,0.0028379762282130564
0.42,1.827289411457709,758.2470059916486,0.14744489422909898,0.044850564496359886,104.13745179662861,20.937371537955045,0.0028635400549944902
0.425,1.8336339526255812,758.235328244152,0.147617361203819,0.04472609142107093,104.26196271459764,20.9037001543993,0.002888984893127543
0.43,1.8399221266252166,758.2238033287539,0.14778989017380892,0.04460158309317059,104.38627440175848,20.869900288353982,0.002914310848062371
0.435,1.8461546190633333,758.2124295322187,0.14796246490065448,0.04447705105699276,104.51042702616117,20.835976446804036,0.0029395180290742954
0.44,1.8523321092325862,758.2012051552551,0.1481350693071462,0.044352506741575856,104.63446104299577,20.801932866330834,0.0029646065515658306
0.445,1.8584552654477935,758.1901285229447,0.14830768810202052,0.044227961018058995,104.75839235267429,20.767774180048814,0.002989576538761543
0.45,1.864524747985075,758.1791979781691,0.1484803063875536,0.04410342447769727,104.8822280220807,20.733505043472842,0.0030144281200356763
0.455,1.870541209557063,758.1684118805412,0.1486529095985604,0.043978907474268684,105.00597420177981,20.6991300374751,0.003039161431261664
0.46,1.876505299223546,758.1577685976353,0.14882548298869447,0.043854420485232276,105.12967554084803,20.66465304470717,0.0030637766147201383
0.465,1.8824176507767103,758.1472665310318,0.14899801315615666,0.04372997303907509,105.25329812336905,20.630079101649464,0.0030882738193721546
0.47000000000000003,1.8882788920325004,758.1369040954831,0.14917048682318673,0.04360557457339339,105.37682311473837,20.59541291704287,0.0031126532006406217
0.47500000000000003,1.8940896444521207,758.1266797197525,0.1493428909018765,0.04348123438760748,105.5002501231946,20.56065886161603,0.0031369149212385206
0.48,1.8998505272936077,758.1165918372861,0.14951521198121662,0.04335696200155142,105.62365348829877,20.525820163924486,0.003161059152720455
0.485,1.9055621426538436,758.1066389198219,0.14968743817525115,0.04323276586348549,105.74697947531318,20.490901807716945,0.0031850860698924735
0.49,1.9112250880243942,758.0968194491779,0.14985955757172376,0.043108654434599575,105.87021651165644,20.45590809986579,0.003208995855504502
0.495,1.916839955267511,758.0871319195687,0.15003155837738055,0.042984636088896945,105.99336967225956,20.420843065437698,0.0032327886975387844
0.5,1.9224073331799447,758.0775748318599,0.15020342862165764,0.0428607193219286,106.1164827684314,20.38571016541627,0.0032564647876306757
0.505,1.9279277950383467,758.0681467214744,0.15037515759612036,0.04273691173679515,106.23953104367276,20.35051366796031,0.0032800243287401747
0.51,1.9334019095428658,758.0588461338717,0.15054673458965792,0.04261322093512588,106.36251545963466,20.315257443507683,0.0033034675284111083
0.515,1.9388302402096869,758.0496716259407,0.1507181489925583,0.04248965444692982,106.48543239515203,20.279945250852144,0.0033267945964222455
0.52,1.9442133463882099,758.0406217637333,0.1508893901933415,0.042366219804615794,106.60827175613004,20.24458071831039,0.0033500057430034384
0.525,1.9495517739721082,758.0316951431568,0.15106044852088268,0.042242923867037575,106.73103423614418,20.209167515705282,0.003373101195125912
0.53,1.9548460640504914,758.0228903707027,0.15123131436697546,0.04211977344903758,106.85371524095584,20.173709194191023,0.0033960811813304676
0.535,1.9600967527608049,758.0142060637795,0.15140197821374465,0.041996775301974786,106.9763035629177,20.138209386980126,0.0034189459300879993
0.54,1.9653043711145841,758.0056408511009,0.15157243065036424,0.041873936101715026,107.09878182696916,20.10267179743536,0.0034416956702501013
0.545,1.9704694385802404,757.9971933869646,0.15174266298874947,0.04175126200633182,107.22114291593405,20.067099760514605,0.0034643306476443677
0.55,1.975592469538112,757.988862336889,0.1519126666442344,0.04162875910101342,107.34337344837489,20.03149668391183,0.0034868511083812454
0.555,1.9806739741102168,757.9806463757486,0.15208243308029304,0.04150643343579983,107.46546940713166,19.995865720113308,0.003509257301737794
0.56,1.9857144568996377,757.9725441905867,0.15225195391808882,0.04138429094780984,107.58743104903793,19.9602098604536,0.0035315494810613853
0.5650000000000001,1.990714411661834,757.9645544925112,0.1524212213995456,0.041262337132490834,107.70924138802074,19.924532332695136,0.0035537279075896857
0.5700000000000001,1.9956743272726725,757.9566760033719,0.15259022786871668,0.041140577411812866,107.83089029362665,19.888836155746503,0.003575792846172346
0.5750000000000001,2.0005946891379565,757.9489074526224,0.1527589656730678,0.04101901720466708,107.95237572024236,19.853124256893615,0.003597744561006586
0.58,2.005475976694316,757.9412475828923,0.152927427362024,0.04089766178566288,108.0736971126956,19.81739948398373,0.003619583319978636
0.585,2.0103186592354794,757.9336951592938,0.15309560601856093,0.04077651604930679,108.19484439302721,19.78166462577383,0.0036413094019143266
0.59,2.0151232014093816,757.9262489571647,0.15326349482247473,0.04065558482059629,108.31581246572412,19.74592238513029,0.003662923087029527
0.595,2.019890064811499,757.9189077585335,0.15343108693229382,0.04053487293998295,108.43659667208198,19.710175502345006,0.0036844246530920418
0.6,2.0246197045399974,757.9116703597817,0.1535983757501032,0.040414385074011676,108.55719282293049,19.674426635262684,0.0037058143825217495
0.605,2.0293125666974974,757.9045355772006,0.15376535511359732,0.040294125577994847,108.67759722236636,19.63867827234828,0.0037270925675396797
0.61,2.033969092741122,757.8975022373153,0.15393201896166803,0.04017409873513096,108.79780662642852,19.602932884058337,0.0037482595012021834
0.615,2.038589719371337,757.8905691771434,0.15409836133943602,0.04005430875344841,108.91781371585452,19.567192889823446,0.0037693154785624185
0.62,2.0431748783722417,757.8837352445495,0.15426437641095306,0.039934759756657244,109.03760764508624,19.531460656015057,0.0037902607968867924
0.625,2.0477249952565666,757.8769993012379,0.15443005857938719,0.03981545569698027,109.15718447357563,19.495738502792,0.003811095756763921
0.63,2.0522404905656972,757.8703602198718,0.15459540238582667,0.03969640042792511,109.27654372138528,19.46002872492661,0.003831820660213682
0.635,2.0567217791522983,757.8638168856849,0.15476040255173037,0.03957759767532977,109.39567637772276,19.42433350478351,0.003852435813423808
0.64,2.0611692704946276,757.8573681957731,0.15492505396848608,0.03945905104405746,109.51457150465502,19.38865495048432,0.003872941525362569
0.645,2.065583368638978,757.8510130592056,0.1550893516860074,0.039340764025001314,109.6332260488665,19.352995174329845,0.0038933381067726928
0.65,2.0699644723088046,757.8447503967989,0.15525329091619555,0.039222739993590564,109.75163647890278,19.317356221849998,0.003913625871146867
0.655,2.074312976055703,757.8385791385698,0.15541686696012907,0.039104982260926846,109.86980689197526,19.281740071840424,0.0039338051337141884
0.66,2.078629267668935,757.8324982294598,0.15558007536645643,0.038987493962045816,109.98773559541755,19.246148673789005,0.0039538762131548465
0.665,2.0829137300387903,757.8265066252178,0.15574291181746205,0.03887027813629207,110.10542475882221,19.21058392095448,0.003973839430366729
0.67,2.087166744280287,757.8206032855202,0.15590537193910575,0.03875333786569924,110.22285811433558,19.17504763567568,0.003993695105083831
0.675,2.09138868393264,757.8147871867513,0.15606745165401484,0.03863667601889152,110.34003322108111,19.139541603885394,0.0040134435618434106
0.68,2.0955799160360913,757.8090573196308,0.15622914711595365,0.038520295298626446,110.4569554755094,19.104067568703133,0.004033085128878233
0.685,2.0997408031917253,757.8034126846754,0.15639045458447295,0.03840419833273776,110.57362665401071,19.068627218178932,0.004052620135997578
0.6900000000000001,2.1038717026841867,757.7978522941316,0.1565513704782972,0.03828838763540256,110.69004979265388,19.033222190513307,0.004072048915489724
0.6950000000000001,2.107972973729891,757.7923751560069,0.15671189095558577,0.038172865911479156,110.80619091514032,18.997854094824408,0.004091371793179816
0.7000000000000001,2.112044967627699,757.7869802957692,0.15687201248430047,0.03805763564295357,110.92203103927646,18.962524482928295,0.004110589100580998
0.705,2.1160880249458907,757.7816667625448,0.1570317320051057,0.03794269897082634,111.0375810303121,18.92723484127925,0.004129701178364854
0.71,2.120102484559721,757.7764336092067,0.15719104640801032,0.03782805807458115,111.15283388081275,18.891986616863612,0.004148708365211752
0.715,2.1240886803027905,757.7712798997525,0.1573499527262841,0.03771371503158283,111.26778239208957,18.85678120760551,0.004167611001942058
0.72,2.1280469475890103,757.7662046946821,0.15750844776145803,0.03759967208351099,111.38243467508174,18.821620080195764,0.004186409422153054
0.725,2.1319776183709807,757.7612070621309,0.15766652836882986,0.037485931433511095,111.49680234877921,18.78650468038298,0.004205103959347511
0.73,2.1358810093266385,757.7562861039536,0.15782419212645035,0.03737249477088623,111.61087288719987,18.751436222771005,0.004223694963637074
0.735,2.139757437500805,757.7514409211873,0.15798143644934762,0.037259363900432135,111.72464623356025,18.716415969139053,0.004242182779626025
0.74,2.14360721524617,757.7466706252217,0.15813825887601723,0.037146540538888696,111.83812295799667,18.6814451384234,0.004260567753564437
0.745,2.1474306544817057,757.7419743284273,0.1582946568491533,0.037034026471443375,111.95130680411486,18.646524979526518,0.004278850227504248
0.75,2.151228067869167,757.7373511415673,0.15845062765506918,0.036921823594969615,112.06420539254465,18.611656791432615,0.004297030537684709
0.755,2.1549997509802252,757.7328002130413,0.15860616934192684,0.03680993326264011,112.17681955679947,18.576841618306176,0.004315109039004892
0.76,2.1587460004239563,757.7283206889929,0.15876127978633733,0.03669835695014132,112.28915418360154,18.54208055943076,0.004333086080146874
0.765,2.162467108434394,757.7239117252203,0.15891595697205207,0.036587096056757334,112.40121497621296,18.507374676668494,0.004350962011003369
0.77,2.166163364726621,757.7195724831317,0.15907019889736343,0.03647615197305648,112.5129935318648,18.472725021631252,0.004368737180730481
0.775,2.1698350610231523,757.7153021198786,0.15922400334928533,0.03636552624595642,112.62443095058158,18.43813270194219,0.0043864119329990025
0.78,2.1734824739929155,757.7110998255423,0.15937736875472006,0.03625521995655451,112.73555500217773,18.403598631480357,0.004403986623893394
0.785,2.1771058804677303,757.706964789968,0.15953029342131494,0.03614523427503197,112.84635778898968,18.369123753133906,0.00442146160594794
0.79,2.1807055531271997,757.7028962121703,0.15968277575274098,0.036035570303293525,112.95683043841386,18.334708975631507,0.004438837232673796
0.795,2.184281761388597,757.6988932983836,0.15983481421079732,0.03592622910146654,113.06696887648158,18.300355188619534,0.004456113857416891
0.8,2.1878347800952955,757.6949552430291,0.15998640694541633,0.03581721194662691,113.17683019848947,18.266063409869158,0.004473291822206998
0.805,2.1913648662627834,757.6910812796552,0.16013755278492955,0.035708519640337166,113.28638179691052,18.231834391286764,0.00449037148760242
0.81,2.194872278239199,757.6872706389646,0.16028825042012046,0.03560015307921279,113.39562567514112,18.197668943548692,0.004507353208098934
0.8150000000000001,2.1983572704655927,757.683522560292,0.1604384986273575,0.0354921130988922,113.50456445201948,18.163567847324934,0.004524237338854585
0.8200000000000001,2.201820093475926,757.6798362916045,0.1605882962685942,0.03538440047403673,113.61320136182562,18.129531853279136,0.004541024235689686
0.8250000000000001,2.205261003727755,757.6762110681739,0.16073764188907214,0.03527701620932191,113.72150278035195,18.095561817157986,0.00455771424463639
0.8300000000000001,2.2086802411693913,757.6726461612444,0.16088653463533076,0.03516996087541852,113.82948373743372,18.061658391527963,0.00457430772578574
0.835,2.212078046436473,757.6691408407252,0.16103497355147922,0.035063235118016366,113.93714236473801,18.027822262083845,0.004590805035006994
0.84,2.215454656619388,757.6656943843722,0.16118295775240435,0.03495683953253867,114.04447603006855,17.99405408948629,0.004607206528447028
0.845,2.2188103051163406,757.6623060781076,0.16133048642978354,0.0348507746597929,114.1514818974643,17.960354507342775,0.004623512562686535
0.85,2.2221452296951014,757.658975198586,0.1614775585346239,0.03474504121414237,114.25814121439284,17.92672423800366,0.004639723486602872
0.855,2.2254596558090984,757.6557010492731,0.16162417343425217,0.03463963961130162,114.36445182963584,17.89316385292049,0.004655839658210013
0.86,2.228753806707047,757.6524829385847,0.16177033051421097,0.03453457025446933,114.4704084890444,17.85967391785712,0.004671861434454366
0.865,2.2320279031271997,757.6493201805467,0.1619160291902991,0.0344298335256745,114.5760034314695,17.826254988497976,0.0046877891715233835
0.87,2.235282162325624,757.6462120968969,0.16206126894683628,0.03432542975827401,114.68122828269382,17.792907596490668,0.004703623225826368
0.875,2.2385168037249623,757.6431580048609,0.1622060490996677,0.03422135940013764,114.78613879328596,17.75963230673707,0.004719363949533153
0.88,2.2417320388246926,757.6401572389866,0.16235036921948262,0.03411762272216895,114.89073920464216,17.7264296150607,0.00473501169854286
0.885,2.2449280745602453,757.6372091438751,0.16249422899088117,0.03401421991534571,114.99502074632002,17.693299982275708,0.004750566829830899
0.89,2.248105116036566,757.634313068265,0.16263762809768714,0.033911151169688854,115.0989929641568,17.660243861911333,0.004766029699290045
0.895,2.251263365055659,757.6314683682189,0.16278056628472506,0.03380841663172526,115.20266684514411,17.62726168527793,0.00478140066289336
0.9,2.254403021245442,757.6286744047262,0.16292304332384408,0.03370601643175296,115.30602219818154,17.594353879078707,0.004796680075506622
0.905,2.2575242840380234,757.6259305394876,0.16306505895170847,0.03360395073183677,115.40896898451317,17.561520895213423,0.004811868288840162
0.91,2.260627348083194,757.6232361445526,0.16320661299165481,0.03350221961632827,115.51159210817126,17.528763132747756,0.004826965656476848
0.915,2.263712404876135,757.6205905990928,0.16334770534003157,0.03340082312817841,115.61386063335358,17.496080974722677,0.004841972531895633
0.92,2.2667796428904343,757.6179932889577,0.1634883359379695,0.03329976127393001,115.71579472693658,17.463474783373535,0.004856889268466066
0.925,2.2698292476815283,757.6154436064887,0.16362850477321958,0.033199034025828154,115.817428045409,17.430944902795506,0.004871716219323595
0.93,2.272861402099434,757.6129409501505,0.16376821188501603,0.03309864132670133,115.91871496958058,17.398491663580927,0.0048864537371432785
0.935,2.2758762862801873,757.6104847244011,0.16390745734366682,0.03299858309039536,116.0196877448086,17.3661153803776,0.004901102174181726
0.9400000000000001,2.2788740776659497,757.6080743397724,0.1640462412671905,0.03289885920146572,116.12032735071269,17.333816353470464,0.004915661882246781
0.9450000000000001,2.281854949264083,757.6057092167104,0.16418456383804209,0.03279946949742836,116.22062989994046,17.301594859023904,0.0049301332123507825
0.9500000000000001,2.284819073308991,757.6033887773809,0.1643224252488663,0.03270041380760029,116.32060250179585,17.269451168919915,0.004944516515370105
0.9550000000000001,2.287766620462017,757.6011124474923,0.16445982571660994,0.03260169194529391,116.4202385185741,17.23738554646377,0.004958812141913949
0.96,2.2906977548830283,757.5988796672982,0.1645967655502498,0.032503303656136795,116.51955892895842,17.205398219373574,0.004973020441434101
0.965,2.293612646669521,757.5966898637791,0.1647332449754689,0.032405248747694494,116.61855196770145,17.17348944844255,0.004987141764353631
0.97,2.2965114509492754,757.5945424975037,0.1648692644372824,0.03230752687297305,116.71719504727628,17.141659415796276,0.005001176457970247
0.975,2.299394335688958,757.5924370002183,0.16500482419141743,0.03221013781735922,116.81548637404858,17.10990837045702,0.005015124872343463
0.98,2.3022614487304396,757.5903728488397,0.16513992477511022,0.032113081163552215,116.9134611575672,17.078236455917953,0.005028987353022802
0.985,2.3051129526558864,757.5883494872014,0.16527456652188335,0.03201635664192367,117.01111616481748,17.046643893075515,0.00504276424889058
0.99,2.307948994601982,757.5863663939045,0.16540874998168695,0.03191996383110475,117.1084295333307,17.015130823966217,0.005056455905106052
0.995,2.3107697264568876,757.584423036844,0.16554247563757968,0.03182390235609138,117.20539132403063,16.983697414650035,0.00507006266799806
1.0,2.3135752956861806,757.5825188938762,0.16567574402690075,0.03172817180098529,117.30202069495904,16.952343809264967,0.005083584882643642
1.0050000000000001,2.31636584510039,757.5806534533451,0.16580855574916392,0.03163277170541618,117.39834204149295,16.921070128597687,0.005097022892905305
1.01,2.3191415211850814,757.5788261953584,0.16594091135798342,0.03153770164467442,117.49434257775472,16.88987651244157,0.005110377043533062
1.0150000000000001,2.3219024591766995,757.5770366254585,0.16607281155683667,0.03144296108985369,117.58998712020558,16.858763045805865,0.0051236476760372004
1.02,2.3246488034860997,757.5752842284182,0.16620425692407784,0.031348549596943734,117.68528407808826,16.827729858141886,0.005136835134589942
1.025,2.3273806829749235,757.5735685241849,0.16633524823067256,0.03125446658247095,117.78028009242738,16.79677700477029,0.005149939758496259
1.03,2.330098238729421,757.5718890050564,0.16646578609949228,0.03116071157184807,117.87497252810672,16.765904599088085,0.0051629618909486705
1.035,2.332801595542722,757.5702452003351,0.16659587135880488,0.031067283947780956,117.9693281324209,16.73511267951467,0.005175901869488641
1.04,2.3354908884576324,757.5686366160189,0.16672550470632633,0.030974183182344822,118.06334902728221,16.704401331230162,0.005188760035291196
1.045,2.3381662415553417,757.5670627830502,0.16685468697003844,0.030881408655445725,118.15703826100727,16.67377058826217,0.005201536725833159
1.05,2.34082778075628,757.565523228184,0.1669834189567512,0.030788959762205022,118.25039588709289,16.643220493304916,0.005214232279198117
1.055,2.34347562424057,757.5640174958769,0.16711170156049832,0.03069683583582952,118.34342601590339,16.61275105738614,0.005226847030142175
1.06,2.346109886297361,757.562545139457,0.16723953572025188,0.030605036177553283,118.43613540716234,16.582362274164833,0.0052393813119820986
1.065,2.3487306981247675,757.5611056736443,0.16736692218194507,0.03051356022580515,118.52852056394623,16.552054209791464,0.00525183546477029
1.07,2.3513381847924757,757.5596986271518,0.16749386176147552,0.030422407369289542,118.62058170671594,16.521826904142934,0.005264209826117912
1.075,2.353932442728768,757.5583235943059,0.1676203555945653,0.030331576771406746,118.71231324249048,16.49168027488424,0.005276504721390629
1.08,2.3565135842950737,757.5569801329328,0.16774640463901894,0.03024106772089321,118.8037128122933,16.461614307666558,0.005288720482766252
1.085,2.3590817379292965,757.5556677640293,0.16787200967312269,0.030150879632949046,118.89478132024348,16.431629056738878,0.005300857449296003
1.09,2.3616370218313514,757.5543860320461,0.16799717158948552,0.030061011842238444,118.98551759242136,16.40172453266501,0.00531291595565391
1.095,2.3641795150417986,757.5531345714617,0.16812189170055725,0.029971463386285625,119.07593344768298,16.371900587875974,0.0053248963176634485
1.1,2.366709332512336,757.5519129341944,0.16824617093377212,0.029882233575107404,119.16602878984253,16.34215721981867,0.005336798868435017
1.105,2.369226592295983,757.5507206650329,0.16837001018331393,0.029793321742253354,119.25580249371896,16.312494438463734,0.005348623942571924
1.11,2.3717314050709724,757.5495573257202,0.16849341042243424,0.029704727165313364,119.3452558810297,16.282912224001013,0.005360371871127406
1.115,2.374223831268021,757.5484225941711,0.16861637312708483,0.02961644876656268,119.43440183740812,16.25341034032528,0.005372042963429152
1.12,2.3767039905020724,757.5473160114669,0.1687388991811101,0.02952848588678526,119.52323962788513,16.223988806095306,0.005383637554394367
1.125,2.3791719887606635,757.5462371501958,0.16886098960468945,0.02944083777040175,119.6117716536905,16.1946475813094,0.005395155973048165
1.1300000000000001,2.381627927052012,757.5451855944895,0.1689826454670166,0.029353503627327443,119.70000002847766,16.165386605992982,0.005406598545997425
1.135,2.3840718549560704,757.5441610483279,0.16910386832784127,0.029266482324888758,119.78789584019283,16.136205642477993,0.005417965569679779
1.1400000000000001,2.3865038907953915,757.5431630554934,0.16922465909120185,0.02917977318834027,119.87547164790254,16.107104690613838,0.005429257380859175
1.145,2.3889241285651486,757.5421912164613,0.169345018893187,0.02909337538087996,119.96272533442209,16.078083666194665,0.005440474302028442
1.1500000000000001,2.3913326620280384,757.5412451322479,0.1694649488721029,0.029007288064157165,120.04965464231819,16.049142484211377,0.005451616655544035
1.155,2.393729584714282,757.5403244044119,0.16958445016847318,0.028921510398272586,120.13625717390899,16.020281058851623,0.005462684763626031
1.16,2.396114989385809,757.539428636311,0.1697035239295029,0.028836041538526997,120.22253188486329,15.991499301359335,0.00547367894807059
1.165,2.398488949108983,757.538557477527,0.1698221714667599,0.028750880520571797,120.3085318444917,15.962797044423814,0.005484599520092794
1.17,2.4008515383284648,757.5377105744797,0.1699403940835787,0.02866602638909519,120.3942681079968,15.934174128826928,0.005495446791244982
1.175,2.4032028352975936,757.5368875647994,0.1700581930570482,0.028581478213512455,120.47967062103612,15.905630415467794,0.00550622107433427
1.18,2.4055429183045756,757.5360880859988,0.1701755696475905,0.02849723506556687,120.56479270704463,15.877165761185232,0.005516922682471588
1.185,2.4078718644117125,757.535311778585,0.17029252513251186,0.02841329601040435,120.64961885771544,15.848780021511377,0.005527551927706506
1.19,2.4101897503085015,757.5345582840555,0.1704090607948803,0.028329660112382832,120.73409080639145,15.820473052780105,0.005538109121680068
1.195,2.4124966506531185,757.5338272486416,0.1705251779192086,0.028246326425354688,120.81827668633032,15.792244702657243,0.005548594574640441
1.2,2.4147926390297365,757.5331183212398,0.17064087780559734,0.02816329399794752,120.9021690357131,15.764094816652785,0.005559008595997098
1.205,2.4170777870165514,757.532431155587,0.17075616177465686,0.028080561868077128,120.98571174810814,15.736023233891872,0.005569351493761294
1.21,2.419352164882573,757.531765408484,0.17087103114072041,0.02799812906822296,121.06898096469304,15.708029788733985,0.005579623574969187
1.215,2.4216158414171987,757.5311207403787,0.1709854872381944,0.027915994623412245,121.15196441795125,15.68011431131982,0.0055898251455536365
1.22,2.423868884090861,757.5304968149749,0.17109953141522855,0.02783415755271453,121.23460096064316,15.652276627939962,0.005599956510423135
1.225,2.426111359077435,757.5298932990224,0.1712131650120551,0.0277526168701757,121.31697273900534,15.624516560771935,0.005610017973445792
1.23,2.4283433311946148,757.529309862663,0.17132638938877467,0.02767137158349053,121.39906003405711,15.596833928202,0.005620009837419915
1.235,2.4305648639878945,757.5287461792005,0.1714392059179078,0.02759042069498328,121.48079858648515,15.569228545139715,0.0056299324040851185
1.24,2.432776019687472,757.5282019250411,0.17155161596258126,0.027509763202196745,121.56227939737046,15.54170022251424,0.005639785974092897
1.245,2.4349768592357206,757.5276767798567,0.17166362090629458,0.02742939809702112,121.64347662659532,15.514248767824599,0.005649570847022033
1.25,2.43716744229688,757.5271704265156,0.1717752221445205,0.02734932436623694,121.72432037028592,15.48687398512907,0.005659287321359476
1.2550000000000001,2.4393478272917615,757.5266825508558,0.17188642106415614,0.027269540992524887,121.80487994474178,15.459575674917389,0.005668935694511532
1.26,2.441518071394633,757.526212841867,0.17199721906644402,0.027190046953648225,121.88515516945873,15.432353634416788,0.005678516262797846
1.2650000000000001,2.4436782294941475,757.5257609942678,0.17210761756465998,0.027110841219520152,121.96513965438984,15.405207654900394,0.005688029320473538
1.27,2.4458283522329354,757.5253267134461,0.17221761799270274,0.02703192274593119,122.0448260512219,15.378137516666316,0.005697475157925766
1.2750000000000001,2.4479684962993646,757.5249096895676,0.17232722175375786,0.02695329050859528,122.12422379555457,15.35114301554067,0.005706854071076604
1.28,2.4500987171085233,757.5245096160052,0.1724364302575543,0.026874943479035324,122.20333800216304,15.324223944083036,0.00571616635468146
1.285,2.452219065630756,757.5241261973568,0.17254524493458398,0.02679688061472217,122.28217095071933,15.297380083764383,0.005725412299325778
1.29,2.454329578467417,757.5237591745109,0.17265366728246145,0.026719100827699058,122.36071575555616,15.270611180208364,0.005734592182114289
1.295,2.4564303175249984,757.5234082244457,0.172761698680592,0.02664160311001149,122.43898167202593,15.243917042169114,0.005743706303892513
1.3,2.45852133503728,757.5230730485684,0.1728693405535656,0.02656438642312465,122.51697178568897,15.21729745426958,0.005752754956431219
1.305,2.460602678196905,757.5227533611235,0.1729765943475132,0.026487449713997052,122.59468619557943,15.190752189280891,0.005761738426508102
1.31,2.4626743728418004,757.5224489307323,0.17308346159981575,0.02641079186813553,122.6721123495273,15.164280969768754,0.005770656979749732
1.315,2.464736480291343,757.5221594356668,0.17318994369623997,0.026334411873150568,122.74925871568585,15.137883601716563,0.0057795109169258545
1.32,2.466789048510824,757.5218845882038,0.17329604207961524,0.02625830867822408,122.82612585082904,15.111559859711951,0.005788300525579446
1.325,2.468832121162491,757.5216241117074,0.17340175820865175,0.02618248122166507,122.90271577484222,15.085309508472859,0.005797026088819348
1.33,2.4708657176142466,757.5213777921408,0.17350709363171984,0.02610692838039556,122.97903876812101,15.059132256994374,0.00580568786471994
1.335,2.4728898956495535,757.5211453164825,0.17361204975541422,0.02603164912840605,123.05509204908604,15.033027902383633,0.005814286150941476
1.34,2.4749046987967223,757.5209264084417,0.17371662803893936,0.025956642403667084,123.13087768316346,15.006996209051369,0.00582282123045478
1.345,2.4769101674403102,757.5207207999558,0.17382082995122597,0.025881907137753596,123.20639614262815,14.981036935078697,0.005831293382732828
1.35,2.4789063175297223,757.5205282869144,0.17392465703680307,0.025807442212529702,123.28163551681953,14.955149789349061,0.005839702860061192
1.355,2.4808932020361625,757.5203485683128,0.1740281107256604,0.025733246585176558,123.3566026565128,14.929334555285493,0.00584804995591719
1.36,2.4828708603704364,757.5201813786367,0.17413119248974132,0.02565931918528808,123.4312975405172,14.903590989008551,0.005856334948690366
1.365,2.4848393295892235,757.5200264586418,0.17423390380749762,0.025585658938186744,123.50571927783699,14.877918841308544,0.005864558114244424
1.37,2.486798620026828,757.5198836202536,0.17433624623126057,0.025512264720708416,123.57985710406703,14.852317802470436,0.005872719699771503
1.375,2.488748781021451,757.5197525715182,0.17443822120552718,0.02543913548045986,123.65371466600037,14.8267876510926,0.005880819994312669
1.3800000000000001,2.4906898477954975,757.5196330580765,0.17453983021382052,0.025366270139435314,123.72729039491189,14.801328133812135,0.005888859271763557
1.385,2.4926218553795563,757.519524826089,0.17464107473981894,0.0252936676195056,123.80058334449058,14.775938997151668,0.005896837805748199
1.3900000000000001,2.4945448307673255,757.5194276434914,0.17474195627370848,0.025221326837369464,123.87361864694765,14.75061998283722,0.005904755858510937
1.395,2.4964588013087092,757.5193412773034,0.17484247630853814,0.025149246708608634,123.94640663198015,14.725370828262854,0.005912613693402484
1.4000000000000001,2.4983637934724996,757.5192654970776,0.17494263634747645,0.025077426144219494,124.01891975665276,14.700191256732449,0.005920411574322804
1.405,2.5002598341281863,757.5192000713392,0.17504243788374688,0.025005864058854525,124.09118027351325,14.675081003565312,0.005928149764591611
1.41,2.5021469497005793,757.5191447699301,0.17514188241254336,0.024934559366457318,124.16320099323467,14.650039800969106,0.005935828527268896
1.415,2.5040251665871818,757.5190993629303,0.1752409714310212,0.024863510983164656,124.23494369246599,14.625067379186785,0.005943448124783832
1.42,2.5058945103899304,757.5190636226397,0.17533970643177493,0.02479271782490821,124.30642185801165,14.60016346998003,0.005951008818543244
1.425,2.507755006045013,757.5190373232674,0.17543808890393897,0.024722178808701315,124.37767100577184,14.575327805896821,0.005958510868696452
1.43,2.509606677457691,757.5190202420216,0.17553612034583502,0.024651892850963354,124.44864225709354,14.550560115951997,0.005965954534087932
1.435,2.511449547924603,757.5190121578488,0.1756338022497136,0.02458185886890717,124.5193398119712,14.525860129707457,0.005973340072550733
1.44,2.513283639753444,757.5190128524968,0.17573113610272548,0.024512075779779458,124.58982266675433,14.501227575413909,0.005980667740620135
1.445,2.5151089746199333,757.5190221096861,0.17582812340249157,0.024442542501158945,124.66003731980325,14.476662180019137,0.005987937793848738
1.45,2.5169255734034994,757.5190397154317,0.1759247656428401,0.02437325795105556,124.72996545049328,14.452163669565445,0.0059951504866423335
1.455,2.5187334563730066,757.5190654575318,0.17602106430653014,0.024304221048710092,124.79968822496159,14.427731769563685,0.006002306072409087
1.46,2.520532643065777,757.5190991260367,0.17611702088578102,0.02423543071368678,124.86918465655782,14.403366204590807,0.006009404803443175
1.465,2.5223231523694087,757.5191405129854,0.17621263687365135,0.024166885866421326,124.93841376690591,14.379066698603332,0.006016446930981931
1.47,2.5241050024977127,757.5191894124265,0.1763079137559574,0.02409858542854246,125.00739488171249,14.354832975053178,0.006023432705156415
1.475,2.5258782091887695,757.5192456260602,0.17640285301549477,0.02403052832589659,125.07612336111492,14.330664755333693,0.006030362371961313
1.48,2.52764278823219,757.5193089554335,0.17649745613457654,0.023962713484332522,125.14459948009836,14.306561760921616,0.0060372361774639165
1.485,2.529398757839549,757.5193791945725,0.1765917246019424,0.023895139825053993,125.2128180805525,14.282523715096525,0.006044054371850924
1.49,2.531146135524469,757.5194561396701,0.17668565990448254,0.023827806270601687,125.28077556833789,14.258550340617893,0.00605081720412218
1.495,2.5328849361477768,757.5195395952343,0.17677926352110923,0.023760711748974882,125.34847904447966,14.234641358248776,0.006057524918712502
1.5,2.534615164376152,757.5196293977253,0.17687253690007732,0.023693855209149125,125.41597670931375,14.210796481080417,0.006064177742514236
1.5050000000000001,2.5363368428694533,757.5197253272061,0.17696548154375352,0.023627235563075798,125.483244220839,14.187015435745192,0.006070775933383064
1.51,2.5380499872899662,757.5198271856724,0.17705809893346042,0.02356085173710505,125.55028544887055,14.163297943609312,0.006077319737132979
1.5150000000000001,2.5397546132999773,757.5199347751202,0.17715039055052054,0.023494702657587015,125.6171042632236,14.139643726038987,0.00608380939957798
1.52,2.5414507193503577,757.5200479526711,0.1772423578271047,0.02342878729230456,125.68365714985508,14.11605249381893,0.006090245135845907
1.5250000000000001,2.543138322611807,757.5201665154896,0.17733400224884316,0.023363104563976646,125.74995213131511,14.092523969242718,0.0060966271944401
1.53,2.544817438888782,757.5202902651162,0.1774253252974644,0.023297653398611166,125.8159934688215,14.069057873763967,0.00610295582142803
1.5350000000000001,2.546488081337216,757.5204190115743,0.1775163284471335,0.023232432728591757,125.88177813208114,14.045653927207994,0.0061092312581551315
1.54,2.548150261262217,757.520552570921,0.17760701316373415,0.023167441491325328,125.94732188639784,14.022311848390071,0.006115453742588463
1.545,2.5498039831283847,757.5206907815611,0.17769738088392203,0.0231026786430978,126.01269033765105,13.999031352498612,0.006121623500140475
1.55,2.551449254471093,757.5208334721508,0.17778743306446518,0.023038143133616556,126.07782261490665,13.975812156974431,0.0061277407614553255
1.555,2.5530860852076045,757.5209804226466,0.1778771715647952,0.022973833615315693,126.14274507138127,13.952653899746203,0.006133805822574804
1.56,2.5547144939763595,757.5211312051266,0.1779666000513368,0.02290974743607783,126.20743764513642,13.929555868608217,0.006139819263525739
1.565,2.5563344726963857,757.5212860065363,0.17805571691684513,0.02284588575830373,126.27191183207616,13.906518375631636,0.006145780830395425
1.57,2.5579460266404936,757.5214446905384,0.1781445233429162,0.022782247727142723,126.3361647564888,13.883541189902711,0.00615169070961745
1.575,2.559549178507139,757.5216066702262,0.17823302441609726,0.02271882966262446,126.40018403897943,13.860623317381446,0.006157549703753141
1.58,2.56114391552985,757.5217722756981,0.17832121727552133,0.02265563363450374,126.46397664218894,13.837765317153607,0.006163357361411591
1.585,2.5627302446955462,757.521941295676,0.17840910373511049,0.022592658330296812,126.52754071706,13.814966830401492,0.006169113970864442
1.59,2.5643081860937955,757.5221131226693,0.17849668901045518,0.022529899976204207,126.59087094697715,13.792226825412468,0.006174820360982437
1.595,2.565877727763598,757.5222881183679,0.17858396999627849,0.022467360819084195,126.65397049736596,13.769545916451303,0.006180476038269538
1.6,2.5674388759583366,757.5224660341253,0.1786709489991898,0.022405039190370683,126.716843186923,13.746923652175566,0.0061860813584894165
1.605,2.568991644913345,757.522646303917,0.1787576312700051,0.02234293129170354,126.77949770861211,13.724359005139533,0.006191637131510221
1.61,2.570536029034749,757.5228291501664,0.17884401474537948,0.022281038615674986,126.84193064647225,13.701852379085196,0.006197143039088588
1.615,2.572072030198854,757.5230144982679,0.17893010011740304,0.022219360661637575,126.90414314629005,13.679403638588832,0.00620259918797017
1.62,2.573599650281966,757.523202273616,0.17901588807816599,0.022157896928943845,126.96613635385212,13.65701264822671,0.006208005684900619
1.625,2.5751188938015583,757.5233920589762,0.17910138245848278,0.02209664464664086,127.02791741302323,13.634678635921624,0.006213363127977542
1.6300000000000001,2.5766297633491058,757.5235836869668,0.17918658480033875,0.022035602699334054,127.08948909373319,13.61240129385855,0.006218671756993534
1.635,2.5781322602652144,757.5237771524767,0.17927149515920784,0.021974771046853914,127.1508513251999,13.590180615743916,0.006223931579035086
1.6400000000000001,2.5796263868700895,757.5239723233145,0.1793561147547036,0.021914148806984213,127.21200626130307,13.568016359152054,0.0062291427834290525
1.645,2.581112145483936,757.5241690672897,0.17944044480643945,0.02185373509750873,127.27295605592244,13.545908281657297,0.006234305559502292
1.6500000000000001,2.5825895280926887,757.5243670928573,0.17952448830471351,0.021793527757999274,127.33369433757095,13.52385575514224,0.0062394203626512865
1.655,2.5840585409879684,757.5245663290655,0.17960824578867296,0.021733526397450947,127.39422653638978,13.501858685400878,0.006244487279953488
1.6600000000000001,2.585519185614185,757.5247666302183,0.1796917186279908,0.021673730025323374,127.45455408376273,13.479916797321476,0.0062495065232842555
1.665,2.5869714632052783,757.524967847375,0.17977490822840247,0.021614137625043644,127.51467823744258,13.458029807937155,0.00625447830993782
1.67,2.5884153714949045,757.5251698437891,0.1798578160261079,0.02155474815881041,127.57459900886235,13.436197436008786,0.006259402855221313
1.675,2.5898509011811144,757.5253725072253,0.17994044351854083,0.021495560546152963,127.63431390433719,13.414419403770061,0.006264280370447754
1.68,2.5912780583078727,757.5255756719849,0.18002279206957306,0.021436573799670105,127.69382589429128,13.392695425879843,0.006269111075642025
1.685,2.5926968425645684,757.5257791945081,0.18010486309838297,0.02137778689342156,127.75313568652054,13.371025220133642,0.006273895187221521
1.69,2.59410725364059,757.5259829312348,0.18018665802414888,0.02131919880146706,127.8122439888209,13.349408504326979,0.006278632921603636
1.695,2.5955092753161044,757.5261868285322,0.18026817787347446,0.021260808784242732,127.87115155782271,13.327845006790403,0.00628332442018366
1.7,2.5969029024164905,757.5263907703346,0.18034942394551415,0.021202615903363677,127.92985911625235,13.306334448540367,0.006287969876442083
1.705,2.5982881421586046,757.5265945705326,0.18043039784519355,0.02114461899739026,127.98836734879966,13.284876542387716,0.006292569542293104
1.71,2.599664993190704,757.526798091451,0.18051110096600007,0.02108681705912325,128.04667696645637,13.263471006817403,0.006297123629244524
1.715,2.601033454161047,757.5270011954151,0.18059153470142128,0.02102920908136339,128.10478868021426,13.242117560314373,0.006301632348804144
1.72,2.6023935237178923,757.5272037447497,0.18067170044494468,0.020971794056911443,128.16270320106509,13.220815921363576,0.006306095912479767
1.725,2.603745200509497,757.52740560178,0.18075159959005777,0.020914570978568164,128.22042124000058,13.199565808449961,0.006310514531779197
1.73,2.6050884831841192,757.5276066288307,0.18083123353024802,0.020857538839134316,128.2779435080125,13.178366940058478,0.006314888418210232
1.735,2.606423354838043,757.5278067829511,0.1809106031980705,0.020800696967169265,128.33527099383642,13.157219201692245,0.006319217698441099
1.74,2.6077498163508954,757.5280059128756,0.18098971005314649,0.02074404430729973,128.3924043686139,13.136122287872741,0.006323502596152228
1.745,2.609067865308522,757.5282038874002,0.1810685554574755,0.02068757987526338,128.44934436231046,13.115075928494546,0.006327743317055718
1.75,2.6103774978836833,757.5284005839275,0.18114714073117574,0.020631302717305604,128.50609173012782,13.094079868627853,0.006331940059154965
1.7550000000000001,2.611678700864932,757.5285959370609,0.1812254670176615,0.02057521200899606,128.56265012370233,13.073133705650816,0.006336092983389615
1.76,2.612971472341113,757.528789812524,0.18130353567313073,0.020519306770174484,128.61901970683675,13.052237214789647,0.006340202295330807
1.7650000000000001,2.6142558076359723,757.5289820928947,0.1813813480017148,0.020463586058786575,128.67520149678114,13.031390127752436,0.006344268189628683
1.77,2.6155317015091994,757.5291726641891,0.18145890529692388,0.02040804894055134,128.73119668488164,13.010592167369953,0.0063482908587055905
1.7750000000000001,2.616799137394828,757.5293614908355,0.18153620859573094,0.020352694669256433,128.7869990162987,12.989843357052091,0.006352270438292228
1.78,2.618058115424532,757.5295484216576,0.1816132593133269,0.020297522221416127,128.84261321425353,12.96914327705891,0.00635620714770093
1.7850000000000001,2.619308630368185,757.5297333426008,0.18169005874345265,0.020242530662580326,128.89804047678695,12.948491649950933,0.006360101179405015
1.79,2.620550676602059,757.5299161423359,0.18176660817093362,0.02018771906483487,128.9532817431636,12.927888208734664,0.0063639527239076074
1.795,2.6217842485024274,757.5300967095334,0.1818429088805953,0.02013308650026559,129.00833795264805,12.90733268641661,0.006367761971711827
1.8,2.623009340445564,757.5302749328639,0.18191896215726308,0.020078632040958316,129.06321004450498,12.886824816003267,0.006371529113320799
1.805,2.6242259468077416,757.5304507009981,0.18199476928576244,0.020024354758998893,129.11789895799902,12.866364330501147,0.0063752543392376435
1.81,2.6254340613736677,757.5306239072087,0.18207033152670415,0.019970253743908505,129.17240910077723,12.845950920287796,0.00637893783673344
1.815,2.6266336747967394,757.5307944691283,0.18214565001252436,0.019916328177498277,129.22676323953672,12.82558405009464,0.006382579775971218
1.82,2.627824780112199,757.530962285866,0.18222072598942812,0.019862577160388372,129.28095655249882,12.80526349811087,0.006386180339540304
1.825,2.6290073684171915,757.5311272716259,0.18229556067345895,0.019808999817111147,129.3349544137245,12.784989331408472,0.006389739697667314
1.83,2.6301814322979205,757.5312893294599,0.18237015528895734,0.019755595263172398,129.38876934088472,12.76476124414065,0.006393258030839093
1.835,2.6313469638483484,757.5314483671426,0.1824445110454847,0.01970236262357043,129.4424355604715,12.744578899634682,0.006396735517104774
1.84,2.6325039552629366,757.5316042913944,0.1825186291604043,0.019649301020900362,129.4959325999795,12.724442113253668,0.006400172333109814
1.845,2.633652398740288,757.5317570100477,0.18259251084250644,0.019596409585043533,129.54922226929781,12.704350695303791,0.006403568654299207
1.85,2.6347922863835165,757.5319064314369,0.18266615729491345,0.019543687445935865,129.60233381282194,12.684304380950632,0.006406924656969484
1.855,2.6359236102603845,757.5320524650994,0.1827395697100724,0.01949113374037902,129.6553109266896,12.664302890366569,0.006410240516380668
1.86,2.637046362357012,757.532195021387,0.1828127492847324,0.019438747606329777,129.70812691370088,12.644345993221027,0.0064135164066766795
1.865,2.638160534589857,757.5323340118408,0.1828856972084992,0.01938652818685161,129.76075644205818,12.624433449253079,0.006416752501106964
1.87,2.6392661187832696,757.5324693493235,0.18295841466294707,0.019334474628753495,129.81320879038364,12.604565003960792,0.006419948972199563
1.875,2.640363106723713,757.5326009472735,0.18303090282734785,0.01928258608103215,129.86548476561327,12.584740405119591,0.006423105991985
1.8800000000000001,2.641451460746257,757.5327284302188,0.18310316700151122,0.019230858719635084,129.91758853935366,12.564958551176385,0.0064262243284376784
1.885,2.6425311920409316,757.5328519088846,0.18317520561660167,0.01917929367657933,129.96951808271527,12.545219768514428,0.006429303754323573
1.8900000000000001,2.6436023070520864,757.5329714465073,0.18324701777232535,0.019127891601490705,130.0212719524486,12.525524244158301,0.006432344139337128
1.895,2.6446648057797217,757.5330870430869,0.18331860346868228,0.019076652494369215,130.07285014855358,12.505871978108008,0.0064353454834783445
1.9000000000000001,2.6457186804912305,757.5331986243124,0.1833899637388617,0.019025575608683554,130.1242703521142,12.48626274655458,0.0064383079383090675
1.905,2.6467639112096175,757.5333059989744,0.1834611012642827,0.018974659008244275,130.17555801927608,12.466695976253124,0.006441231895984694
1.9100000000000001,2.6478004855071475,757.5334090520395,0.18353201773316843,0.01892390147738772,130.22667570279435,12.447171327934756,0.006444117600156863
1.915,2.6488283912466146,757.5335076730951,0.1836027147354817,0.0188733018679523,130.27764171319146,12.42768846592894,0.006446965283128196
1.92,2.649847618762582,757.5336017789012,0.1836731935110301,0.018822859286235227,130.3284450376676,12.408247130895512,0.006449775125371507
1.925,2.65085814689967,757.5336911832478,0.1837434568002695,0.01877257175579281,130.3790771093266,12.388846748939534,0.006452547526104333
1.93,2.6518599921809467,757.5337760315712,0.18381350246281117,0.018722440820294412,130.4295446192041,12.369487768292363,0.006455282173524277
1.935,2.652853154360242,757.533856321789,0.18388333053137756,0.018672466456135236,130.47984764062028,12.350170182173956,0.006457979072319288
1.94,2.653837578271417,757.5339315872721,0.18395294833903728,0.0186226433735042,130.53000260454718,12.330892471184674,0.006460639273053395
1.945,2.6548132940773015,757.5340020831566,0.1840223518763363,0.01857297446467674,130.5800005271296,12.311655466076727,0.00646326220131657
1.95,2.655780301777895,757.5340678094421,0.18409154114327464,0.018523459729652855,130.62984140836758,12.292459166850119,0.006465847857108813
1.955,2.6567385657099556,757.534128475431,0.18416052052202883,0.01847409600664114,130.67953760374328,12.27330263674937,0.006468396884388651
1.96,2.6576880750581147,757.5341839929652,0.18422929134155397,0.018424882336785076,130.72909286022582,12.254185591690563,0.006470909478445323
1.965,2.658628847038999,757.5342345023806,0.18429785148633032,0.018375820246456752,130.77850121313858,12.235108483897527,0.006473385328404326
1.97,2.6595608711117786,757.5342799212553,0.1843662023361041,0.018326908740807897,130.8277611616503,12.21607103046972,0.006475824631243743
1.975,2.6604841017219627,757.5343198933859,0.18443434985374887,0.01827814352038505,130.8768662195922,12.197072008790862,0.00647822823824724
1.98,2.6613985673138125,757.534354641186,0.18450229031604146,0.01822952726977055,130.92582043693346,12.178112182263577,0.006480595617872584
1.985,2.6623042678873294,757.5343841646558,0.18457002372298176,0.01818105998896438,130.97462381367413,12.159191550887865,0.006482926770119778
1.99,2.6632011534478504,757.5344080857577,0.1846375562476389,0.018132737226328313,131.02327246978683,12.140308809319357,0.006485222594323414
1.995,2.664089236115947,757.5344264961421,0.18470488639343058,0.018084560061105554,131.07176734593497,12.121464274022228,0.006487482872451233
2.0,2.6649685245993227,757.5344394616528,0.18477201308517688,0.018036529268649803,131.1201091179133,12.102658172351791,0.0064897074478637296
2.005,2.6658389956071757,757.53444681203,0.18483893915083233,0.017988642809590744,131.16829730296166,12.083889897059931,0.006491896735180829
2.0100000000000002,2.666700619089688,757.5344483276039,0.1849056682390269,0.01794089805273059,131.21633127822238,12.065158664674467,0.006494051269345607
2.015,2.667553419087946,757.5344441841193,0.18497219743070697,0.017893297103135492,131.26421154200716,12.046465102005277,0.006496170622381662
2.02,2.6683973954126867,757.53443438023,0.18503852675125892,0.01784583994249634,131.31193823991893,12.027809204008166,0.006498254797881243
2.025,2.66923252787832,757.534418772381,0.18510465890822916,0.01779852461808475,131.3595269010049,12.009190432702752,0.006500304178969777
2.0300000000000002,2.670058807716185,757.5343972985904,0.18517059502457195,0.017751350320220474,131.40697847535742,11.990608553294578,0.006502318927374246
2.035,2.6708762222493316,757.5343698701197,0.18523633660181377,0.0177043159667747,131.4542810543396,11.972063223830078,0.006504299266126077
2.04,2.671684764359609,757.5343364391713,0.1853018845419034,0.017657420906618072,131.50144957983272,11.953554266245991,0.00650624532687312
2.045,2.6724844245661865,757.534296940295,0.1853672400209243,0.01761066429147863,131.54848897458035,11.935081432624415,0.006508157281753333
2.05,2.6732751915399184,757.5342512939443,0.18543240445139558,0.017564045102963555,131.5953979106831,11.916644420177379,0.006510035336458644
2.055,2.6740570618577397,757.5341994813325,0.18549737832672852,0.017517562986999732,131.64215114492615,11.89824312359795,0.0065118795625697095
2.06,2.6748300249325165,757.5341414285742,0.18556216296501807,0.01747121699315074,131.6887495876462,11.879877261926689,0.006513690152358505
2.065,2.6755940720438693,757.5340770762156,0.1856267594723906,0.01742500632405438,131.73519117994366,11.861546599968172,0.006515467267109251
2.07,2.6763491986351937,757.5340063976694,0.1856911685091,0.01737893050238345,131.78150268653943,11.843251004547193,0.006517211003237521
2.075,2.6770953955379575,757.5339293298765,0.1857553912265857,0.017332988698457362,131.82767542168713,11.824990229493325,0.006518921528586926
2.08,2.6778326555337384,757.533845825323,0.1858194285859269,0.01728718021916885,131.87371483307274,11.806764073648726,0.006520598982980155
2.085,2.6785609728852826,757.5337558485742,0.18588328144160102,0.017241504447934815,131.9196352263666,11.788572363981936,0.006522243489738049
2.09,2.679280339733302,757.5336593468899,0.18594695080081153,0.017195960658537773,131.9654382166137,11.770414887165485,0.006523855195823254
2.095,2.6799907490685326,757.5335562744676,0.18601043761217043,0.01715054816742998,132.01111969600163,11.75229144339097,0.006525434239276342
2.1,2.6806921943831896,757.533446589585,0.18607374279890398,0.017105266310832288,132.0566509809341,11.734201834357513,0.006526980754715769
2.105,2.681384669154565,757.5333302502099,0.1861368672934237,0.017060114415580065,132.10205181556202,11.716145867519753,0.006528494878039842
2.11,2.682068166890196,757.5332072143578,0.18619981203081942,0.017015091808708617,132.1473045699706,11.698123346064387,0.006529976745450053
2.115,2.682742680044233,757.5330774333373,0.18626257809068245,0.016970197711374493,132.1924219117012,11.68013404434826,0.006531426514502507
2.12,2.683408202230246,757.5329408657607,0.18632516640619634,0.016925431449856827,132.23742369889865,11.662177766100655,0.006532844321903499
2.125,2.684064726681714,757.5327974677655,0.18638757799514405,0.016880792291796405,132.28228924372598,11.644254297201364,0.0065342303162108165
2.13,2.684712241246935,757.5326471604811,0.18644981468467758,0.016836278919528765,132.3270321858517,11.626363251866266,0.006535584765663251
2.1350000000000002,2.685350751996116,757.5324899833012,0.18651187556252702,0.016791891990849822,132.3716473644882,11.608504822646871,0.006536907536393872
2.14,2.68598023024809,757.5323257489134,0.18657376512510473,0.016747628265596413,132.41612708802572,11.590678062602398,0.006538199289010416
2.145,2.6866006813105523,757.5321544919817,0.1866354825403111,0.016703488343388535,132.4604727798626,11.572883146972364,0.006539459901261752
2.15,2.6872121129471247,757.5319762632089,0.18669702659102536,0.016659473101296427,132.50468652201818,11.555120332081383,0.006540689194329914
2.1550000000000002,2.6878145251578065,757.531791062595,0.1867583972772476,0.01661558253932009,132.54876831449235,11.537389617929456,0.0065418871682149035
2.16,2.6884078928792974,757.5315987239361,0.18681959899477218,0.016571813489611533,132.59272442967824,11.519690094847917,0.006543054460377311
2.165,2.6889922077109025,757.5313991915244,0.1868806332169772,0.01652816489037451,132.63655696995048,11.502021457934898,0.006544191284480569
2.17,2.6895674845845083,757.5311925643786,0.186941497324994,0.016484638628907942,132.68026219842503,11.484384249140861,0.006545297260746765
2.1750000000000003,2.6901337235001135,757.5309788424986,0.18700219131882254,0.016441234705211822,132.7238401151019,11.466778468465805,0.0065463723891759
2.18,2.6906909072337912,757.5307579084505,0.18706271833399962,0.01639795085943343,132.76729538451207,11.449203453921303,0.006547417132941349
2.185,2.6912390130872894,757.530529607476,0.18712308250263768,0.016354784113465255,132.81063415372637,11.431658333117442,0.006548432102428064
2.19,2.6917780618164167,757.5302940810897,0.1871832800462371,0.016311737190558,132.8538508017204,11.414143903787828,0.006549416739485862
2.195,2.6923080534211734,757.5300513292915,0.18724331096479788,0.016268810090711665,132.89694532849418,11.39666016593246,0.0065503710441147415
2.2,2.69282897982193,757.5298012942607,0.18730317692569623,0.016226001612304995,132.93991996044582,11.37920676740131,0.006551295263045473
2.205,2.69334080957169,757.529543750951,0.1873628844185826,0.016183307078467976,132.9827833630136,11.361782337579573,0.0065521903565870804
2.21,2.6938435652252024,757.5292788607726,0.18742242878888116,0.01614072984359488,133.02552932108006,11.344387859514125,0.006553055635976549
2.215,2.6943372467824656,757.5290066237254,0.18748181003659187,0.01609826990768571,133.06815783464518,11.327023333204965,0.006553891101213878
2.22,2.69482185272517,757.5287270273944,0.18754102857197,0.01605592697512271,133.11066924781755,11.309688674151472,0.006554696813175958
2.225,2.6952973381549,757.528439704653,0.1876000965267992,0.016013692304103364,133.15307373633516,11.29238138356002,0.0065554745720718885
2.23,2.6957637294444505,757.5281448711471,0.18765900677501432,0.015971571029458335,133.19536532309075,11.275102929192217,0.006556223320480291
2.235,2.6962210257230153,757.5278425197562,0.18771775955191136,0.01592956298164028,133.23754420544282,11.25785326258394,0.006556943093316236
2.24,2.69666922611979,757.5275326433599,0.1877763550927864,0.01588766799110186,133.27961058074993,11.24063233527106,0.006557633925494796
2.245,2.697108329763969,757.5272152348376,0.18783479363293548,0.015845885888295736,133.32156464637058,11.223440098789457,0.006558295851931043
2.25,2.6975383357847478,757.5268902870693,0.18789307540765468,0.01580421650367457,133.36340659966334,11.206276504675,0.006558928907540048
2.255,2.6979592433113204,757.526557792934,0.18795120065224005,0.01576265966769102,133.40513663798671,11.189141504463567,0.006559533127236884
2.2600000000000002,2.698371051472882,757.5262177453118,0.18800916960198763,0.015721215210797737,133.44675495869924,11.172035049691031,0.006560108545936624
2.265,2.698773759398627,757.5258701370819,0.18806698249219347,0.015679882963447394,133.48826175915946,11.154957091893268,0.006560655198554338
2.27,2.6991673642711045,757.5255149380914,0.18812464041795193,0.015638662136879502,133.52965150073126,11.137907353747881,0.006561173251336873
2.275,2.6995518589772045,757.5251520673609,0.18818214637166997,0.015597550575918917,133.5709059871868,11.120885052912028,0.006561663160340269
2.2800000000000002,2.699927242178035,757.5247815122312,0.18823950079538926,0.015556547962123366,133.61202403661716,11.103890085890718,0.006562124992059412
2.285,2.7002935138183823,757.5244032553155,0.18829670477466476,0.0155156535109666,133.65305241965237,11.08692246782205,0.006562558903065078
2.29,2.70065067154214,757.5240172701592,0.1883537593077722,0.015474866503182416,133.6939908596024,11.069981972769773,0.0065629650440891885
2.295,2.700998714862613,757.5236235398562,0.18841066520976438,0.015434186352196783,133.73482797371037,11.053068406400724,0.006563343538884073
2.3000000000000003,2.701337643943947,757.5232220510425,0.1884674232064089,0.015393612536264176,133.77554356365158,11.036181568905326,0.006563694498626444
2.305,2.701667457796591,757.522812775422,0.1885240346411276,0.015353144087164792,133.8161437613536,11.01932121495938,0.006564018125708208
2.31,2.7019881594579234,757.5223956648161,0.18858050244445157,0.01531277889366599,133.8566273137504,11.002486761524684,0.0065643148682681405
2.315,2.7022997469342904,757.5219707515779,0.18863682465468265,0.015272518369023734,133.89699512570706,10.985678599023586,0.006564584426364859
2.32,2.7026022202256925,757.5215380357073,0.18869300127182087,0.015232362513238028,133.93724719722357,10.968896727456086,0.006564826799998364
2.325,2.702895579446553,757.5210975158,0.1887490323892321,0.01519231125901,133.97738432040347,10.952141127522193,0.006565042003285235
2.33,2.703179827613195,757.520649154835,0.18880492046814276,0.015152362832267138,134.01742737597155,10.935411290452942,0.006565230408354159
2.335,2.7034549645625567,757.5201929576737,0.18886066519224684,0.015112517461284107,134.05736781561515,10.91870728210163,0.006565391968387631
2.34,2.7037209931862143,757.51972890021,0.18891626819155644,0.015072773972243773,134.09719612358538,10.90202876738761,0.006565526933845351
2.345,2.7039779171279825,757.5192569682191,0.18897173071596102,0.015033131464373937,134.13691923310154,10.88537548893274,0.006565635496623927
2.35,2.704225740040716,757.5187771439386,0.18902705419281707,0.014993588909251857,134.17653999123053,10.868747152971219,0.006565717875921955
2.355,2.704464458170018,757.5182894456244,0.1890822371550905,0.014954147363888337,134.2160554717628,10.85214406143494,0.006565773846447564
2.36,2.7046940715158887,757.5177938732769,0.18913727960278134,0.014914806828283379,134.25546567469829,10.835566214323903,0.006565803408200753
2.365,2.7049145942326733,757.5172903872681,0.18919218546929836,0.014875564468412178,134.29477789635095,10.819012795597331,0.006565807169120691
2.37,2.70512602390467,757.5167789943615,0.18924695408333223,0.014836420767953717,134.33399089146926,10.802483944527742,0.006565785025451265
2.375,2.705328357083037,757.5162597042125,0.18930158448647028,0.014797376417445284,134.37310288223645,10.78597985995129,0.0065657368290622745
2.38,2.7055215946004423,757.5157325155446,0.18935607684894887,0.014758431294210379,134.4121144771543,10.769500505969127,0.006565662606558687
2.3850000000000002,2.705705763566717,757.515197386793,0.1894104367132863,0.014719581404175073,134.45104548768742,10.753044713794672,0.006565563224139115
2.39,2.705880848033506,757.5146543424097,0.18946466081889238,0.014680829097000227,134.48988425901328,10.73661317100961,0.006565438172230375
2.395,2.70604684800081,757.5141033823945,0.1895187491657671,0.014642174372685838,134.52863079113186,10.720205877613942,0.006565287450832465
2.4,2.7062037725475547,757.5135445006251,0.1895727032781613,0.014603616133789231,134.5672757297063,10.703822529293438,0.006565111296118121
2.4050000000000002,2.706351642009439,757.512977683387,0.18962652657021287,0.014565151922171365,134.60579812215167,10.687462444420989,0.00656491023708575
2.41,2.706490441363417,757.5124029408117,0.18968021651971917,0.014526783553788405,134.64421344724073,10.671126126550273,0.0065646838829365
2.415,2.706620170609488,757.5118202728993,0.18973377312668024,0.014488511028640348,134.68252170497348,10.654813575681287,0.0065644322336703715
2.42,2.706740853117147,757.5112296757961,0.18978719944491007,0.014450332145286201,134.72074979959194,10.638524158020017,0.0065641557719223744
2.4250000000000003,2.706852496512438,757.5106311482444,0.18984049647094345,0.01441224618534147,134.75890651061394,10.62225766674384,0.006563854655188215
2.43,2.706955088226437,757.5100246923171,0.18989366256233361,0.014374254332817268,134.79697736800745,10.606014442729107,0.006563528623890093
2.435,2.7070486282591446,757.5094103080139,0.18994669771908057,0.014336356587713593,134.83496237177252,10.589794485975812,0.006563177678028009
2.44,2.707133128843097,757.5087879969037,0.1899996033287543,0.01429855195283902,134.8728165241924,10.573597512752986,0.006562802037632106
2.445,2.707208602343953,757.5081577616987,0.19005238073629943,0.014260839457628367,134.910570671349,10.557423245387374,0.006562401916811108
2.45,2.707275061407709,757.5075196080384,0.19010503114804184,0.014223218233117748,134.94822341490294,10.54127143569633,0.00656197750844478
2.455,2.7073325128091956,757.5068735406745,0.19015755510091442,0.014185687892006214,134.9857837615968,10.525141974483676,0.006561528899362013
2.46,2.7073809769819324,757.5062195721342,0.19020995432759538,0.014148247185255888,135.0232664924599,10.509034507960127,0.0065610563685315915
2.465,2.7074204391497916,757.5055576933587,0.19026222757513,0.014110897016085769,135.06066091885998,10.492949291961962,0.006560559714222317
2.47,2.7074508993127737,757.5048879043482,0.1903143748435183,0.014073637384495854,135.09796704079707,10.476886326489181,0.00656003893643419
2.475,2.7074723996127523,757.5042102369596,0.1903663994395687,0.014036465908722671,135.13517864194725,10.460844951503741,0.006559494567199975
2.48,2.707484927012757,757.5035246813377,0.19041830034029011,0.013999383325586303,135.17229764538655,10.444825371194383,0.006558926441930525
2.485,2.7074884754743587,757.5028312329179,0.19047007707185623,0.013962389976365086,135.20932494184015,10.428827680136695,0.006558334484391879
2.49,2.707483051938673,757.5021298975666,0.19052173011345153,0.013925485516207278,135.24625362259786,10.412851779130538,0.006557718772681229
2.495,2.70746867764376,757.5014206932356,0.19057326093125967,0.013888668889953467,135.28306254874698,10.396897364648469,0.006557079545756305
2.5,2.7074453651020964,757.5007036316844,0.19062467033684313,0.013851939510568638,135.31979605763885,10.380964278562129,0.006556416936536669
2.505,2.7074131264316166,757.4999787249671,0.190675959053791,0.013815296857565282,135.3564389926249,10.365052373964218,0.006555731063963567
2.5100000000000002,2.7073719709129067,757.4992459822424,0.19072712764191166,0.013778740528098899,135.3929827561116,10.349161537451353,0.006555022020007125
2.515,2.7073219091867267,757.4985054151983,0.1907781766752692,0.013742270108128556,135.42943627012684,10.333291656449719,0.006554289899786288
2.52,2.707262970842721,757.4977570550603,0.1908291078237265,0.01370588439430682,135.4658059399246,10.317442399231968,0.00655353497901683
2.525,2.707195133837698,757.4970008785667,0.19087991984329747,0.013669584283083062,135.5020869938273,10.301614012922716,0.0065527570523006866
2.5300000000000002,2.7071183981716573,757.4962368857174,0.19093061273398204,0.013633369774457282,135.53827943183498,10.285806497521962,0.0065519561196378555
2.535,2.707032790378872,757.4954651057514,0.19098118785682364,0.013597239886444748,135.57440928235962,10.270019574494514,0.0065511324081708915
2.54,2.7069383221187535,757.4946855518979,0.19103164579640447,0.013561194198785398,135.61045969347174,10.254253129095241,0.006550286015235053
2.545,2.7068350108868637,757.4938982444041,0.19108198739501628,0.013525232105420794,135.6464160924302,10.238506995486688,0.006549417081721326
2.5500000000000003,2.7067228769954537,757.4931032072465,0.19113221357627883,0.013489352939812004,135.68229867045736,10.222780987718966,0.006548525763473159
2.555,2.706601911772468,757.4923004303412,0.1911823239343002,0.01345355699478044,135.71810028551988,10.207075187593023,0.006547611992218196
2.56,2.7064721809999206,757.4914899936751,0.19123232133807472,0.01341784220357354,135.75381560586743,10.191389031871891,0.00654667625311553
2.565,2.7063336468210104,757.4906718512167,0.19128220413652874,0.013382209755583898,135.78944769986165,10.175722844692041,0.006545718266961619
2.57,2.706186309235738,757.4898460029659,0.19133197232966231,0.01334665965081152,135.82499656750264,10.16007662605347,0.006544738033756464
2.575,2.7060301841719956,757.4890124687556,0.1913816265538428,0.013311191431272308,135.86045221028323,10.144450247563144,0.006543735662001019
2.58,2.7058652975670543,757.4881712808815,0.19143116784534264,0.013275804351176609,135.89579834645207,10.128843500143496,0.0065427113283802185
2.585,2.705691669924508,757.4873224654752,0.19148059698777034,0.013240497843725663,135.9310761279582,10.113256234387865,0.006541665167843867
2.59,2.7055093142040163,757.48646603936,0.19152991443834916,0.013205271580226713,135.96627122127254,10.097688359333091,0.006540597259398827
2.595,2.7053182535106237,757.48560203237,0.19157912102920835,0.013170124961838892,136.0013695425317,10.082139710361398,0.006539507746624135
2.6,2.7051184760169082,757.4847304292819,0.19162821632977187,0.013135058298338428,136.03637999435753,10.066610372774049,0.00653839655534426
2.605,2.7049100341750982,757.4838512988546,0.19167720213512549,0.013100070294490427,136.07133565336932,10.0510999962801,0.006537263998085473
2.61,2.704692905849901,757.4829646120711,0.1917260776877275,0.013065161496895194,136.10622256094817,10.035608728705357,0.00653610994295899
2.615,2.7044671263191513,757.4820704158404,0.19177484412908194,0.013030331084392945,136.14101456465514,10.020136347364632,0.006534934589614528
2.62,2.7042327079829587,757.4811687266509,0.19182350186042585,0.012995578768347173,136.17570247194453,10.004682773984403,0.0065337380082286815
2.625,2.7039896511945414,757.4802595451645,0.19187205087293105,0.012960904554283953,136.21030184784232,9.989248011112002,0.0065325201979916595
2.63,2.703738002165852,757.4793429335241,0.19192049258862706,0.012926307416260016,136.24483568345968,9.973831784321883,0.006531281410273238
2.6350000000000002,2.703477738533913,757.4784188616574,0.1919688263193626,0.01289178785075181,136.2792928528936,9.958434226414584,0.00653002152343007
2.64,2.7032089172703127,757.4774874069898,0.19201705367131072,0.012857344699587324,136.31368583423176,9.94305502047992,0.00652874082381589
2.645,2.702931527538263,757.4765485547938,0.19206517433895498,0.012822978183066974,136.34801225396842,9.927694226798609,0.006527439256962238
2.65,2.702645574468044,757.475602312157,0.19211318846961029,0.012788688195528645,136.3822627985969,9.912351820139833,0.006526116849319124
2.6550000000000002,2.7023510899045626,757.4746487227319,0.19216109694906547,0.012754474099293287,136.41642487891923,9.89702763351019,0.006524773759679623
2.66,2.7020481086929427,757.4736878346447,0.19220890065050825,0.012720335264415732,136.45051003218975,9.881721493776814,0.006523410146412968
2.665,2.701736657209489,757.47271968445,0.19225660022819607,0.012686271219688237,136.48451190430765,9.866433274813982,0.006522026128389008
2.67,2.701416716733922,757.4717442462254,0.19230419521555284,0.012652282301236337,136.51843332205877,9.851163066933449,0.006520621620893786
2.6750000000000003,2.7010884112982056,757.470761692992,0.19235168857567697,0.01261836637332962,136.55227548881976,9.835910314313699,0.006519197169033562
2.68,2.700751711265612,757.4697719834073,0.19239907960055308,0.012584523946288648,136.5860381170507,9.820675149765105,0.006517752642558317
2.685,2.7004065797776704,757.4687750660551,0.19244636740963972,0.012550755654786576,136.61972084914515,9.805457738460666,0.006516287879479294
2.69,2.70005301683438,757.467770940935,0.19249355200293694,0.0125170614988234,136.65332368510312,9.790258080400376,0.0065148028797964936
2.695,2.6996910224357413,757.4667596080471,0.19254063338044472,0.012483441478399126,136.68684662492464,9.775076175584239,0.006513297643509916
2.7,2.6993206334553115,757.4657411190814,0.19258761234891572,0.012449895010804969,136.72031229716956,9.759911863089728,0.006511772320556246
2.705,2.6989418971334227,757.4647155403089,0.19263448994108928,0.012416421351081171,136.75373109588622,9.744764941919147,0.006510227102956811
2.71,2.6985548393242937,757.4636829081568,0.19268126671667565,0.012383020098311982,136.78705483526232,9.729635318065023,0.00650866209515519
2.715,2.6981595028377137,757.4626432830241,0.1927279435344278,0.012349690631445955,136.82032114701298,9.714522827486404,0.006507077459961303
2.72,2.69775587671327,757.4615966494836,0.1927745201655251,0.012316433116059733,136.85351810328953,9.699427513725833,0.006505473154277751
2.725,2.697344045915634,757.4605431277573,0.1928209982524852,0.012283246369734544,136.88661345069673,9.684349071825292,0.006503849490831709
2.73,2.696923966319246,757.459482655409,0.1928673769422828,0.012250131006547866,136.91962393971585,9.669287660161704,0.006502206307211419
2.735,2.696495648266792,757.4584152470981,0.1929136564277646,0.01221708688735123,136.9525517062727,9.654243243550487,0.006500543640742778
2.74,2.6960591914868868,757.457341044175,0.1929598385684412,0.01218411267041547,136.98541734587937,9.639215482726824,0.006498861851338123
2.745,2.6956145432125584,757.4562599718503,0.19300592238043504,0.012151209065657063,137.0182099613342,9.624204557197643,0.006497160748565806
2.75,2.695161718867906,757.4551720520265,0.19305190812691295,0.012118375883129395,137.05093327021348,9.60921041751483,0.006495440383728917
2.755,2.6947008298871995,757.4540774429408,0.19309779770917268,0.012085611750527926,137.08361413083668,9.594232706431297,0.006493701127476146
2.7600000000000002,2.694231816127906,757.4529760591906,0.19314359010105894,0.012052917408503372,137.11623804741726,9.579271616757973,0.006491942779763544
2.765,2.693754696204014,757.4518679272289,0.19318928561369803,0.01202029263288741,137.1488015826255,9.564327093310572,0.006490165402344444
2.77,2.6932695752847473,757.4507531965155,0.19323488600495645,0.011987736157126795,137.18128531551483,9.549398824297318,0.006488369344125766
2.775,2.6927763953890214,757.4496317846514,0.19328039030570082,0.011955248679487883,137.2136999530916,9.534486981612849,0.006486554412750839
2.7800000000000002,2.692275180555254,757.4485037258213,0.19332579888581553,0.011922829933363535,137.24604288824287,9.519591497857762,0.0064847206823134
2.785,2.6917660399815877,757.4473691753142,0.1933711134255562,0.011890478707650582,137.27830227776445,9.504712066860117,0.006482868489395432
2.79,2.691248912070585,757.4462280455332,0.19341633297710967,0.011858195685518623,137.31048480227383,9.489848861328042,0.006480997644134846
2.795,2.69072384895397,757.4450804106035,0.19346145828013667,0.01182598033342877,137.34259170805095,9.475001745957343,0.006479108296946846
2.8000000000000003,2.6901910171508536,757.4439265072958,0.19350649169726095,0.011793830947151512,137.3746269759621,9.46017028855946,0.006477200928287575
2.805,2.6896502877229955,757.442766152275,0.19355143139906758,0.011761748846297276,137.40658752356288,9.445354823784468,0.00647527516613265
2.81,2.6891016606703952,757.4415993455411,0.19359627738555657,0.01172973403086606,137.4384733508533,9.430555351632366,0.0064733310104820715
2.815,2.688545135993053,757.4404260870941,0.1936410296567279,0.011697786500857862,137.47028445783337,9.415771872103152,0.006471368461335838
2.82,2.6879809007723288,757.4392466424914,0.19368569077413503,0.011665904408304511,137.5020233774387,9.401003951451163,0.006469388057180813
2.825,2.6874089391145524,757.4380609891722,0.19373026052015882,0.011634087910201861,137.53368989448137,9.386251626525665,0.006467389752269344
2.83,2.6868291831840194,757.4368690308455,0.19377473796597997,0.011602337676623197,137.5652830905189,9.371515054602842,0.006465373351346088
2.835,2.68624163298073,757.4356707675112,0.19381912311159843,0.011570653707568518,137.59680296555132,9.356794235682695,0.006463338854411044
2.84,2.6856462966254986,757.4344662106892,0.19386341605736443,0.011539035930416289,137.6282538518187,9.342089151366295,0.006461286282595685
2.845,2.6850432686433248,757.4332554944685,0.19390761797133818,0.011507483499865134,137.65968614126228,9.327399587497187,0.006459215881867557
2.85,2.684432591634204,757.4320386792277,0.19395172937958327,0.011475996039568026,137.69103857027298,9.312725457736667,0.006457127764382055
2.855,2.6838143142979476,757.4308158338647,0.19399575084395967,0.011444573142817408,137.72233561032093,9.298066664309227,0.006455022052060686
2.86,2.683188438691529,757.4295869612819,0.1940396823863458,0.011413214793918738,137.75357543430195,9.283423203602574,0.006452898749751129
2.865,2.682555076474374,757.4283522192261,0.19408352524292857,0.011381920102539675,137.7847243547755,9.268794866510458,0.00645075812848136
2.87,2.681914168116085,757.4271115235899,0.194127278753265,0.011350689544444506,137.8157984715869,9.254181764886132,0.006448600043530997
2.875,2.6812657201166417,757.4258648835346,0.19417094298705356,0.011319523069281554,137.8467986417318,9.239583887298553,0.006446424510593045
2.88,2.6806098758328885,757.4246125011042,0.19421451948149243,0.011288419566546352,137.87774376621996,9.225000981636478,0.006444231875776183
2.8850000000000002,2.679946561706102,757.4233542726266,0.19425800744782032,0.011257379606056769,137.9086241466364,9.210433177262278,0.006442021961486429
2.89,2.679275787147094,757.4220902113412,0.19430140697969778,0.011226403120131241,137.93944122308417,9.195880458289357,0.006439794788840939
2.895,2.6785977163293655,757.4208205482133,0.19434471971105294,0.011195488928051332,137.97022011844513,9.18134254757287,0.0064375507262327165
2.9,2.6779122643844206,757.4195451638467,0.19438794479723656,0.011164637640182275,138.00094784559784,9.16681958838116,0.006435289583223233
2.9050000000000002,2.677219442356803,757.4182640737315,0.19443108234560322,0.01113384917908486,138.03162305220744,9.152311563828473,0.0064330113848471366
2.91,2.6765194085028607,757.4169774998217,0.19447413389442714,0.011103122435139022,138.06222636077993,9.137818231960216,0.006430716489823831
2.915,2.675812080387674,757.4156853265026,0.19451709864242914,0.011072457986340161,138.09276786495255,9.123339718809294,0.00642840471129822
2.92,2.6750974719394343,757.4143875732613,0.19455997671568223,0.011041855741712157,138.12324647724515,9.10887600396485,0.00642607607883833
2.9250000000000003,2.6743757514302353,757.4130844755273,0.19460276963732512,0.011011314602135827,138.15364905937244,9.094426840835043,0.006423730949667408
2.93,2.6736468305210415,757.4117759097056,0.19464547660774448,0.010980835144623837,138.1839825086365,9.079992358875005,0.006421369136251345
2.935,2.672910739514716,757.4104619180355,0.19468809788198335,0.010950417184975218,138.21424703144208,9.065572516831168,0.006418990699461298
2.94,2.6721677588790596,757.4091428914641,0.19473063582058908,0.01092005901832002,138.24444453816616,9.051166932881651,0.006416596202689565
2.945,2.67141769466799,757.4078185596478,0.19477308879122132,0.010889761823591602,138.2745737077654,9.036775871059824,0.006414185256345153
2.95,2.670660546881508,757.4064889225867,0.19481545679388004,0.010859525600789963,138.30463454023976,9.022399331365682,0.006411757860428063
2.955,2.6698963155196123,757.4051539802808,0.19485773982856525,0.010829350349915107,138.33462703558925,9.008037313799232,0.006409314014938294
2.96,2.6691250345495026,757.4038137798221,0.1948999381888287,0.010799235858612283,138.36455513053923,8.993689782580795,0.006406853796873461
2.965,2.6683467855395504,757.402468434345,0.19494205256013106,0.010769181631203443,138.39442583800871,8.97935664604634,0.006404377382473093
2.97,2.6675616565485263,757.4011180659464,0.19498408357980615,0.010739187207514489,138.42423685440144,8.965037787072761,0.0064018849221949
2.975,2.6667698253983665,757.3997629203162,0.19502603253820558,0.010709251654991028,138.45399269496565,8.95073300552589,0.006399376738490537
2.98,2.6659711547764715,757.3984028076728,0.19506789843673758,0.010679375695284531,138.48369028358738,8.936442458073998,0.006396852582732596
2.985,2.665165644682842,757.3970377280164,0.19510968127540215,0.010649559328394998,138.51332962026663,8.922166144717087,0.006394312454921078
2.99,2.664353295117477,757.3956676813468,0.1951513810541993,0.010619802554322426,138.5429107050034,8.907904065455153,0.006391756355055984
2.995,2.6635343300958882,757.3942929756829,0.19519299932908674,0.01059010424876725,138.5724260735506,8.893655998388626,0.006389184690413829
3.0,2.66270875934914,757.3929136244046,0.19523453616765415,0.010560464362890737,138.60187540166692,8.879421933878355,0.0063865974786864
3.005,2.661876483275111,757.3915294905603,0.1952759908780892,0.010530883396580695,138.63126200811743,8.86520197058567,0.006383994538789784
3.0100000000000002,2.6610375018738015,757.39014057415,0.19531736346039186,0.010501361349837122,138.66058589290213,8.850996108510568,0.006381375870723981
3.015,2.66019182158825,757.3887468839866,0.19535865395908936,0.010471898190351846,138.68984889419366,8.836804342231407,0.006378741487356717
3.02,2.6593395410405107,757.38734855497,0.19539986305574908,0.010442493423591282,138.71907914846102,8.822626588760302,0.0063760915856512
3.025,2.658480728874959,757.3859456812023,0.19544099117183011,0.010413146746803287,138.7482430904343,8.808462776980617,0.006373426268026824
3.0300000000000002,2.6576154693143343,757.3845383775849,0.19548203881745663,0.010383857790449225,138.77735402238693,8.794312832940003,0.0063707456709283265
3.035,2.6567437536320955,757.3831266322054,0.19552300593956295,0.010354626592934364,138.80641119298772,8.780176764453127,0.006368049780289817
3.04,2.6558657131600523,757.3817106233781,0.19556389330047058,0.010325452603630773,138.83539885951194,8.766054469454746,0.0063653388097471494
3.045,2.654981362238749,757.3802903705807,0.19560470098369676,0.010296335762200235,138.8643155967121,8.751945936688415,0.006362612782619771
3.0500000000000003,2.654090641987704,757.3788657938397,0.1956454286463302,0.01026727631638393,138.89316725647558,8.737851212371678,0.006359871603160951
3.055,2.6531935524069175,757.377436893155,0.19568607628837095,0.010238274266181858,138.92195383880244,8.723770296504537,0.006357115271370688
3.06,2.6522901537477046,757.3760037499745,0.19572664425489342,0.01020932935998989,138.95070873809303,8.709703152346973,0.006354343894521767
3.065,2.6513805215468516,757.3745664665119,0.19576713296502168,0.010180441295696074,138.9794102589486,8.695649724068716,0.006351557591864114
3.0700000000000003,2.6504647373835937,757.3731251528529,0.19580754284871693,0.01015160976222154,139.0080582169655,8.681609952839072,0.0063487564853058395
3.075,2.6495428049377328,757.37167981385,0.19584787392131353,0.010122834748534372,139.0366507153054,8.667583837759949,0.00634594058056368
3.08,2.648614896742616,757.3702306812978,0.19588812705841777,0.010094115621728149,139.06516906756244,8.653571271406813,0.006343110139663682
3.085,2.6476809073746734,757.3687776135508,0.19592830172459913,0.010065452768853045,139.0936240638302,8.639572319575779,0.006340265002498671
3.09,2.6467408368339056,757.3673206106093,0.1959683979198576,0.01003684618990906,139.12201570410863,8.625586982266844,0.006337405169068645
3.095,2.6457948220984715,757.365859855682,0.19600841630876237,0.01000829540320244,139.1503493475049,8.611615187141288,0.006334530850415056
3.1,2.6448429259114503,757.3643954326877,0.19604835719572042,0.00997980018809256,139.17862744876717,8.597656901064239,0.006331642143205798
3.105,2.6438850672203,757.3629272332188,0.19608822018749378,0.009951360829606619,139.20684683681137,8.58371216683987,0.006328738922563694
3.11,2.6429212482506035,757.36145526024,0.19612800529426477,0.009922977320364044,139.2350075828709,8.569780983333018,0.006325821191731816
3.115,2.6419517783635804,757.3599799258856,0.19616771393140606,0.0098946486344476,139.26311958855675,8.555863192752767,0.006322889401504951
3.12,2.640976483298063,757.358500998003,0.19620734530164735,0.009866375349749813,139.29117727635565,8.541958883981719,0.006319943297953318
3.125,2.6399953630540502,757.3570184765923,0.1962468994049887,0.009838157466270684,139.3191806462676,8.52806805701987,0.006316982881076919
3.13,2.639008552086462,757.355532539925,0.1962863768199981,0.009809994564283893,139.34713846029484,8.514190648129352,0.006314008338513514
3.1350000000000002,2.638016182648747,757.3540433633534,0.19632577811577048,0.009781886230935425,139.37505933697673,8.50032659461589,0.006311019854828621
3.14,2.637018134815692,757.352550787871,0.19636510277626004,0.009753832840594397,139.40293546116595,8.486475953329604,0.006308017262661319
3.145,2.6360144085872945,757.3510548134776,0.19640435080146681,0.009725834393260807,139.43076683286256,8.472638724270494,0.0063050005620116055
3.15,2.6350050793662123,757.3495555395992,0.19644352250542063,0.009697890662896653,139.45851565447842,8.45881489027005,0.006301969871999995
3.1550000000000002,2.633990243031001,757.34805309273,0.19648261827387822,0.009670001368643424,139.48620586551334,8.445004408008087,0.006298925319629586
3.16,2.632969981693294,757.3465475808457,0.19652163842502043,0.009642166280154171,139.51383127459923,8.431207243394168,0.0062958670104825715
3.165,2.631944323269138,757.3450390402858,0.19656058305515778,0.009614385327224789,139.5413959792544,8.41742339090147,0.006292794983013021
3.17,2.6309134373350282,757.3435276929041,0.1965994527856911,0.009586658058684316,139.56890259389436,8.403652799752495,0.00628970946428973
3.1750000000000003,2.629877200928762,757.3420133778314,0.19663824716603426,0.009558984801682895,139.5963492227712,8.38989550676669,0.006286610289662054
3.18,2.628835614050339,757.3404960950677,0.19667696619618721,0.009531365556220533,139.62373586588492,8.37615151194406,0.006283497459129992
3.185,2.6277887057338027,757.3389758824754,0.1967156099780906,0.009503800247938616,139.65106944870166,8.362420806564481,0.006280371010068403
3.19,2.6267365991359695,757.3374529006601,0.19675417894415667,0.00947628856142223,139.67837934771424,8.348703353638877,0.0062772311010142355
3.1950000000000003,2.625679324282339,757.3359271885327,0.19679267319436866,0.009448830425905446,139.70562898515882,8.334999148633216,0.006274077771796201
3.2,2.624616921776454,757.334398798858,0.19683109286647277,0.009421425741893167,139.7328076243451,8.321308182190064,0.00627091107516105
3.205,2.6235494634900234,757.3328678247361,0.19686943819175073,0.009394074339336742,139.7599533758642,8.307630438310424,0.006267731102324182
3.21,2.622477002606981,757.3313343348174,0.19690770933729146,0.009366776098307585,139.7870375000762,8.293965906686859,0.00626453791890763
3.215,2.6213995886665025,757.3297983931272,0.19694590646039925,0.009339530905203383,139.8140464221857,8.280314577271536,0.00626133158664732
3.22,2.62031718527078,757.3282599526095,0.1969840294449623,0.009312338843812674,139.84099128884438,8.266676457620573,0.0062581120602246436
3.225,2.6192299681071356,757.3267192394152,0.19702207881610947,0.009285199530907512,139.86789560190775,8.253051522710424,0.006254879561055222
3.23,2.618137859740719,757.3251761538672,0.19706005434238824,0.009258113135397057,139.89474900284435,8.23943978357031,0.006251633991549285
3.235,2.617040942340439,757.3236308014093,0.1970979562619791,0.009231079483747004,139.92155761624653,8.225841226934154,0.006248375449760973
3.24,2.615939307441265,757.3220832995034,0.19713578484021152,0.009204098382642653,139.94832826482101,8.212255838023738,0.006245104044921172
3.245,2.6148328950512028,757.3205335711649,0.19717353990318867,0.009177169958782413,139.97505647696758,8.198683626524705,0.006241819705439989
3.25,2.613721784746031,757.3189817181402,0.19721122166997432,0.009150294053847667,140.00171801155918,8.185124588025671,0.006238522531525035
3.255,2.6126060410477083,757.3174278228335,0.1972488303165458,0.009123470539114062,140.02832554923341,8.171578714260837,0.006235212598568069
3.2600000000000002,2.611485782118385,757.3158720356533,0.19728636615395448,0.009096699188385697,140.05487421035332,8.15804599312304,0.006231890042591033
3.265,2.61036098907918,757.3143143325602,0.19732382913230134,0.009069980037970595,140.081364336257,8.14452642659169,0.006228554841814465
3.27,2.609231742222434,757.3127548151241,0.1973612194437503,0.009043312947598399,140.10779754822047,8.131020013951876,0.006225207090802751
3.275,2.6080982486139503,757.3111937455352,0.19739853759154447,0.009016697550238815,140.1341744821172,8.117526750446059,0.006221847032627164
3.2800000000000002,2.6069603360504843,757.3096309057469,0.1974357831571691,0.008990134151127213,140.16049460913237,8.104046640030775,0.006218474465141037
3.285,2.6058180045320363,757.3080662957591,0.19747295614062418,0.008963622750263594,140.18675792926598,8.090579682706023,0.00621508938834437
3.29,2.604671254058606,757.3064999155719,0.1975100565419097,0.008937163347647957,140.21296444251803,8.077125878471804,0.006211691802237161
3.295,2.6035201904660403,757.3049318987586,0.19754708460947154,0.008910755760360227,140.23914818164354,8.063685222829424,0.006208281825174222
3.3000000000000003,2.6023649033386884,757.3033623582353,0.19758404055147302,0.008884399837502388,140.2652910309132,8.05025771458897,0.0062048595584872695
3.305,2.6012054699539973,757.3017913910427,0.19762092453865943,0.008858095455312291,140.29137579179763,8.036843355252493,0.006201425089088294
3.31,2.60004192668247,757.3002190427694,0.19765773664855418,0.008831842556261378,140.31742002677854,8.02344214521233,0.006197978457007086
3.315,2.5988743889084858,757.2986454575415,0.19769447712054966,0.008805640966872877,140.3433963951563,8.01005408909822,0.006194519788228526
3.3200000000000003,2.597702859639077,757.2970706391176,0.19773114596093067,0.008779490682580436,140.36930441970162,7.996679187016462,0.006191049086044556
3.325,2.5965272999426494,757.2954945388332,0.19776774308832887,0.008753391762503905,140.39515027903096,7.983317437590806,0.0061875663078349175
3.33,2.595347873794895,757.2939173607324,0.197804268816934,0.008727343975989772,140.4209462584748,7.9699688564490385,0.006184071636021261
3.335,2.594164595157836,757.292339122189,0.1978407231734983,0.008701347303398606,140.446693404091,7.956633444921819,0.006180565086136226
3.34,2.592977412251119,757.2907597587698,0.19787710605880673,0.008675401817566328,140.47238783640964,7.943311198074191,0.006177046600574579
3.345,2.59178650182743,757.2891794895623,0.19791341780157223,0.008649507277504407,140.49803710330136,7.930002130606003,0.006173516367448002
3.35,2.5905918909043444,757.2875983480556,0.19794965845204024,0.00862366364637649,140.5236423584977,7.916706244764205,0.00616997441551035
3.355,2.5893935173469598,757.286016257232,0.19798582789465638,0.008597871008898679,140.54920094865173,7.903423535381273,0.006166420678633628
3.36,2.588191689882767,757.2844335976565,0.19802192667265928,0.008572128967365792,140.57471072462192,7.890154031033793,0.006162855473541957
3.365,2.586986411650985,757.2828503731988,0.19805795479157265,0.008546437517733861,140.60017166455535,7.87689773201234,0.006159278803455867
3.37,2.585777548294308,757.281266418238,0.19809391201498067,0.008520796833083027,140.62558470375205,7.863654625880468,0.006155690530537942
3.375,2.584565099812736,757.2796817327744,0.19812979834288336,0.008495206913413288,140.65094984221207,7.850424712638175,0.006152090654788183
3.38,2.583349066206269,757.2780963168078,0.19816561377528072,0.008469667758724644,140.67626707993543,7.837207992285462,0.006148479176206589
3.3850000000000002,2.5821299909113624,757.2765108352079,0.1982013591181224,0.008444178775580386,140.70153770902485,7.824004577068033,0.006144856679665612
3.39,2.5809075483677844,757.2749248896667,0.19823703388858255,0.008418740319494744,140.72676095541144,7.810814399742081,0.006141222814781671
3.395,2.579681720706368,757.2733384583221,0.19827263806016013,0.008393352409980983,140.75193677660852,7.797637456616763,0.00613757756232311
3.4,2.5784525079271132,757.271751541174,0.1983081716328551,0.008368015047039103,140.7770651726161,7.78447374769208,0.006133920922289928
3.4050000000000002,2.5772199444019064,757.2701641801348,0.1983436346600854,0.008342728191815026,140.8021396148076,7.771323277724258,0.006130252928400889
3.41,2.575984205087887,757.2685765885136,0.19837902741261332,0.008317491647163814,140.827130408034,7.758186071241694,0.00612657375248282
3.415,2.5747453614329476,757.2669888529429,0.19841434998237187,0.008292305342820218,140.85208319342328,7.745062143465863,0.006122883467876848
3.42,2.5735035214086186,757.2654011039992,0.19844960251526023,0.008267169172590972,140.87697383113638,7.731951515854896,0.006119182180681608
3.4250000000000003,2.572258658307522,757.2638133093708,0.1984847849751602,0.008242083162850862,140.90180667606768,7.718854183118752,0.00611546986457328
3.43,2.5710109836080686,757.2622257235607,0.1985198976142434,0.008217047126667636,140.92659017338178,7.705770197619783,0.006111746730532055
3.435,2.5697604205831595,757.2606382542178,0.19855494034066665,0.00819206113209084,140.95132170595807,7.692699540469289,0.006108012702038026
3.44,2.568506945515071,757.2590508727948,0.1985899131260395,0.008167125200155815,140.97600046479755,7.679642205828432,0.0061042677554375155
3.4450000000000003,2.567250614813422,757.257463646966,0.19862481603703347,0.00814223928089783,141.00063985026924,7.666598206627099,0.006100511944845714
3.45,2.565991529609176,757.2558766980198,0.19865964919255677,0.008117403285587011,141.02525607218917,7.65356756645006,0.006096745367486244
3.455,2.5647297541941394,757.2542901027928,0.19869441266384685,0.008092617163761397,141.04980455879382,7.640550303128732,0.0060929680866142555
3.46,2.5634653864207606,757.252703977856,0.19872910655305756,0.008067880838061245,141.07431573220822,7.627546442362935,0.0060891801951468115
3.465,2.5621984117013628,757.2511183058201,0.1987637308447746,0.008043194320068192,141.09878668910426,7.614555980318487,0.006085381679171812
3.47,2.5609289186507604,757.2495331919016,0.1987982856273274,0.008018557545342716,141.12319444784848,7.601578942847518,0.006081572623485045
3.475,2.5596569383865484,757.2479486730659,0.1988327709319624,0.007993970491001133,141.14753269216166,7.588615338917582,0.006077753057850736
3.48,2.558382516397223,757.2463648030199,0.1988671867979037,0.007969433126401306,141.1718271500857,7.575665182538527,0.0060739230251051265
3.485,2.5571057298449578,757.2447816730877,0.19890153329600752,0.007944945397683688,141.1960980564408,7.562728496872124,0.006070082598362538
3.49,2.555826582443072,757.2431992874774,0.19893581042923783,0.007920507304031503,141.22031875174602,7.549805283559025,0.006066231780732088
3.495,2.5545451916521946,757.2416177847505,0.19897001830436145,0.007896118767813431,141.24445221819974,7.536895579148423,0.006062370682507734
3.5,2.553261524693934,757.2400371261334,0.19900415688887155,0.007871779812018406,141.26852053088632,7.52399937404569,0.006058499273018513
3.505,2.551975730087714,757.2384574861111,0.199038226299552,0.00784749034738627,141.2925557447292,7.511116718524803,0.006054617692444046
3.5100000000000002,2.550687746823768,757.2368787930076,0.1990722264884296,0.00782325041058388,141.3165446920004,7.498247591933891,0.006050725883200444
3.515,2.5493977575946234,757.2353012607564,0.19910615760642925,0.007799059887957788,141.34050463454872,7.485392051072023,0.006046824010264638
3.52,2.5481056949380774,757.233724810359,0.1991400195978195,0.00777491882147639,141.36442919815426,7.472550074965214,0.006042912012716199
3.525,2.5468116219995736,757.232149515499,0.19917381250506633,0.007750827180141153,141.38829716922976,7.459721687947123,0.006038989950878039
3.5300000000000002,2.5455156211727488,757.2305754722214,0.19920753638827426,0.007726784918539872,141.41211324782768,7.446906918469867,0.006035057899869341
3.535,2.5442178349779296,757.2290028460128,0.19924119135037544,0.007702791959584539,141.43587336833343,7.43410581464542,0.006031115986374931
3.54,2.5429182118838516,757.2274315770359,0.1992747773543528,0.007678848330934964,141.4595803988384,7.421318358942809,0.00602716416444855
3.545,2.5416169378384317,757.2258618799941,0.19930829450504442,0.0076549539526869805,141.4832345979742,7.408544624789839,0.006023202604561073
3.5500000000000003,2.5403141113365146,757.2242938686254,0.19934174285826484,0.007631108782322101,141.50683596134238,7.395784650980622,0.006019231396962949
3.555,2.5390095895295874,757.2227273779739,0.19937512233306534,0.007607312881505515,141.53038449532212,7.383038381251492,0.006015250410762635
3.56,2.5377033724176496,757.2211624080396,0.19940843292944593,0.007583566250237219,141.5538801999134,7.370305815602447,0.006011259645960129
3.565,2.5363954600007013,757.2195989588224,0.1994416746474066,0.007559868888517212,141.57732307511628,7.357586954033487,0.006007259102555433
3.5700000000000003,2.535086007347631,757.2180372087408,0.19947484757890202,0.0075362207245641775,141.60075275741858,7.344881855128938,0.0060032489165070205
3.575,2.5337750862929065,757.2164772402159,0.1995079517626621,0.007512621730793917,141.62413148507153,7.332190547016846,0.005999229152582866
3.58,2.5324627930896315,757.2149191633388,0.199540987246788,0.0074890718702169835,141.64746178292674,7.319513067823542,0.005995199895945605
3.585,2.531149149166685,757.2133630025686,0.19957395404145123,0.007465571134516727,141.67075323918183,7.306849426091553,0.005991161165278478
3.59,2.529834311950616,757.2118089369533,0.19960685221988245,0.0074421194688772795,141.69397698057188,7.294199686304563,0.005987113098092766
3.595,2.5285182560858916,757.2102569376385,0.19963968177021169,0.00741871688224131,141.71713652614275,7.281563838113981,0.005983055672223443
3.6,2.527200945449807,757.2087069635172,0.19967244267552828,0.00739536338734898,141.74023688929518,7.268941866776707,0.005978988856093149
3.605,2.5258825642597076,757.2071592231382,0.19970513499601503,0.007372058935841031,141.7632895172798,7.256333856387418,0.005974912815033025
3.61,2.524563134964312,757.2056137419155,0.19973775873900582,0.007348803521824406,141.78629580505816,7.243739817193886,0.00597082756919032
3.615,2.5232425939230034,757.2040704478025,0.1997703138837096,0.007325597162005524,141.80925179800758,7.2311597201443565,0.005966733061448934
3.62,2.5219211104117862,757.202529531558,0.199802800491771,0.007302439807759442,141.83216427652013,7.2185936384813685,0.00596262943774708
3.625,2.5205987658642517,757.20099108495,0.19983521859284528,0.007279331435694156,141.8550365024384,7.206041607439704,0.005958516768291238
3.63,2.5192754693795476,757.1994550055418,0.19986756815382953,0.00725627207192116,141.8778648347063,7.193503587688274,0.005954394974712902
3.6350000000000002,2.517951361255801,757.1979214505888,0.19989984922448178,0.0072332616772389155,141.90065355173223,7.1809796398025,0.005950264175257246
3.64,2.516626581571664,757.1963905771005,0.19993206185448226,0.007210300212507215,141.92340692523166,7.168469824263043,0.005946124487984462
3.645,2.5153010166771748,757.1948622576904,0.19996420600352394,0.00718738770948167,141.94612148943523,7.155974092000149,0.0059419758171088185
3.65,2.5139746961634963,757.1933365253421,0.19999628167631317,0.007164524164325682,141.96879195247237,7.143492457827133,0.005937818189208912
3.6550000000000002,2.5126477399110656,757.1918135136805,0.20002828889191646,0.007141709561496327,141.99139687578875,7.131024981756042,0.005933651711960619
3.66,2.5113202020075014,757.1902932827999,0.20006022766538537,0.007118943888219926,142.01395005034337,7.11857168852788,0.0059294764303090995
3.665,2.509992158305069,757.1887759169804,0.2000920980173088,0.007096227127092369,142.03646806809212,7.106132613009178,0.0059252924075613
3.67,2.508663653226575,757.1872614648908,0.20012389995961588,0.007073559270774298,142.0589088502268,7.09370777458206,0.005921099679868336
3.6750000000000003,2.507334758399283,757.1857500061651,0.20015563350952384,0.007050940304892708,142.08127858027643,7.081297206947295,0.005916898308238374
3.68,2.506005528139212,757.1842416005513,0.20018729867633453,0.007028370220871653,142.10358939710557,7.068900936156454,0.005912688338050903
3.685,2.504676009585101,757.1827362995276,0.2002188954650706,0.007005849012897129,142.12586259882988,7.056518985423988,0.005908469808330741
3.69,2.5033462667754205,757.1812341740417,0.20025042389080916,0.006983376668674032,142.14809778508794,7.0441513846531745,0.005904242773070389
3.6950000000000003,2.5020163421925563,757.1797352696292,0.20028188395074653,0.006960953189415011,142.17029109952358,7.0317981572219646,0.005900007268322135
3.7,2.5006862939008423,757.1782396503587,0.20031327565643678,0.006938578565083661,142.19245000479137,7.019459330656701,0.005895763342780214
3.705,2.4993561748430175,757.1767473740997,0.2003445990145422,0.006916252789610722,142.21457558386703,7.007134931286887,0.005891511040805412
3.71,2.498026036159117,757.1752584962333,0.20037585402920652,0.006893975859307414,142.23665908899835,6.994824985491254,0.005887250404864509
3.715,2.4966959302381047,757.1737730734627,0.2004070407035399,0.006871747770978477,142.25869572394288,6.982529520251511,0.005882981478852529
3.72,2.495365910834468,757.1722911637971,0.2004381590395393,0.006849568521316965,142.28069750200925,6.970248563528151,0.005878704307464588
3.725,2.494036029636071,757.1708128232747,0.20046920904117146,0.006827438106804172,142.30265443560484,6.9579821418165695,0.0058744189339811174
3.73,2.49270633865828,757.1693381082313,0.20050019071205644,0.006805356524008635,142.32455948363153,6.945730281859493,0.005870125401900959
3.735,2.4913768931094884,757.1678670772635,0.20053110405157853,0.0067833237723082624,142.3464092762523,6.933493013427624,0.005865823756403865
3.74,2.4900477442766973,757.1663997861916,0.200561949064324,0.00676133984763074,142.36819593491322,6.921270362572974,0.005861514040605244
3.745,2.488718944730482,757.1649362917448,0.20059272575317633,0.0067394047470331064,142.38991305688177,6.909062356564785,0.005857196298296219
3.75,2.4873905476095484,757.1634766506935,0.2006234341172653,0.0067175184692556044,142.41157329943096,6.896869023604868,0.005852870573410934
3.755,2.486062606137912,757.1620209198084,0.2006540741551673,0.006695681013307336,142.43319174261546,6.8846903920465605,0.005848536909900797
3.7600000000000002,2.484735173339355,757.1605691554415,0.20068464586742307,0.00667389237860942,142.45474933245646,6.872526490631627,0.005844195351403859
3.765,2.4834083021799858,757.1591214139485,0.20071514925262793,0.006652152564475489,142.47625530185093,6.860377347792567,0.005839845941606303
3.77,2.4820820453838315,757.1576777509612,0.2007455843062427,0.006630461571465877,142.4977380153563,6.848242992308327,0.005835488723820058
3.775,2.480756456040869,757.1562382230711,0.2007759510282777,0.006608819398603789,142.51919298101274,6.836123452636956,0.005831123741845652
3.7800000000000002,2.479431586890707,757.1548028858942,0.2008062494169178,0.00658722604652736,142.54061032738355,6.824018757665691,0.005826751038999141
3.785,2.478107490549122,757.153371794694,0.20083647947002622,0.006565681516463838,142.56197357069055,6.811928936449055,0.00582237065842322
3.79,2.476784220010648,757.1519450058111,0.20086664118644987,0.006544185807838625,142.58328645175027,6.799854017529903,0.005817982643790834
3.795,2.4754618277604363,757.1505225739203,0.20089673456214907,0.006522738922859832,142.60453996118704,6.787794030340369,0.005813587038024181
3.8000000000000003,2.474140366408061,757.1491045541244,0.20092675959394202,0.006501340863020737,142.62572679200807,6.775749004075713,0.0058091838842325135
3.805,2.472819888759638,757.1476910022026,0.20095671628000206,0.006479991628685447,142.64684232636336,6.763718967557029,0.005804773225820564
3.81,2.4715004473304782,757.1462819728455,0.20098660461386614,0.006458691221980056,142.6679117792897,6.751703950122315,0.005800355105724729
3.815,2.4701820945711943,757.1448775205082,0.20101642458978713,0.006437439645372708,142.68894438338992,6.739703981273361,0.005795929566789266
3.8200000000000003,2.4688648828901933,757.1434776995094,0.20104617620381554,0.006416236901458175,142.7099227988123,6.727719090651859,0.005791496651820543
3.825,2.467548864655718,757.1420825640022,0.20107585944809112,0.006395082992967647,142.73087986845843,6.715749307884094,0.00578705640357754
3.83,2.466234098815136,757.1406921750946,0.20110547431782586,0.0063739779227197455,142.75180265578064,6.703794666217309,0.005782608870176594
3.835,2.4649206426776233,757.1393065919053,0.20113502081075105,0.006352921693630205,142.7726433553229,6.691855198074198,0.005778154098222496
3.84,2.4636085394993836,757.1379258588411,0.20116449891708651,0.006331914308840512,142.79345673854647,6.67993092835106,0.00577369212318521
3.845,2.4622978850963237,757.1365500742331,0.20119390862931186,0.00631095577363967,142.81420557835034,6.668021911511103,0.005769223022776548
3.85,2.4609886555316134,757.1351792134941,0.20122324994912424,0.006290046086784901,142.83490014063153,6.656128133984362,0.005764746777604792
3.855,2.459680976338388,757.1338134049591,0.20125252285702802,0.00626918525780594,142.85557229191642,6.644249668282306,0.005760263490412584
3.86,2.4583748277338056,757.1324526283001,0.20128172735599129,0.006248373285652609,142.87620990899913,6.632386503227669,0.005755773145168464
3.865,2.457070398135892,757.1310970752648,0.20131086341614038,0.006227610188428711,142.8967975000985,6.620538749767078,0.0057512758974285864
3.87,2.4557675890076136,757.1297466455748,0.20133993105309833,0.0062068959566664965,142.91734316695613,6.608706349878741,0.005746771665841701
3.875,2.454466450868103,757.1284013903628,0.20136893026022626,0.0061862305941957395,142.937843948721,6.596889332924429,0.005742260491480628
3.88,2.453167183570517,757.1270615119099,0.20139786101126073,0.006165614116166992,142.95828813229755,6.5850878150589915,0.005737742536829018
3.8850000000000002,2.4518696746474467,757.1257268963824,0.2014267233209815,0.0061450465140542735,142.97868230923302,6.573301730916259,0.00573321771044916
3.89,2.4505740584664815,757.124397678749,0.20145551716811458,0.006124527800223297,142.99902644755176,6.561531159434541,0.005728686122295656
3.895,2.4492805764243144,757.1230741014859,0.2014842425144405,0.0061040579968895435,143.01932048980836,6.549776242429627,0.005724147969906294
3.9,2.4479890219748563,757.1217559571236,0.20151289939266098,0.0060836370850447935,143.0395644851548,6.538036858559769,0.005719603084261949
3.9050000000000002,2.4466993951181077,757.1204432456616,0.201541487802776,0.006063265064689047,143.05975843359113,6.526313007824964,0.005715051465362621
3.91,2.4454116958540686,757.1191359671002,0.20157000774478562,0.006042941935822305,143.0799023351173,6.514604690225215,0.005710493113208311
3.915,2.4441264630449213,757.117834657942,0.20159845913505334,0.006022667746969776,143.09999618742333,6.502912225331568,0.005705928467512499
3.92,2.442843368520689,757.1165389914538,0.20162684202451428,0.006002442468579347,143.12003999191606,6.491235418523531,0.005701357260487302
3.9250000000000003,2.441562406246527,757.1152489616275,0.20165515641410506,0.005982266100107571,143.1400337486213,6.479574266222152,0.005696779487208264
3.93,2.440283576222435,757.1139645684628,0.2016834023038257,0.005962138641554449,143.1599774575391,6.467928768427432,0.005692195147675387
3.935,2.439007219120798,757.1126861478185,0.20171157964117725,0.005942060123408036,143.17987119228206,6.45629912810053,0.005687604519831846
3.94,2.4377333667599754,757.1114137310632,0.20173968842125645,0.005922030548515877,143.19971495972553,6.444685364197758,0.005683007629637172
3.9450000000000003,2.436461862084939,757.110147163361,0.20176772866826606,0.005902049902822523,143.21950872593294,6.433087383151005,0.005678404348955435
3.95,2.435192705095689,757.1088864447122,0.20179570038220607,0.005882118186327979,143.23925249090433,6.421505184960272,0.005673794677786635
3.955,2.433925941019827,757.1076316193185,0.2018236035585051,0.005862235401260031,143.2589486929093,6.409938796546043,0.00566917865216617
3.96,2.432661760369938,757.1063828733712,0.20185143817790713,0.005842401557002809,143.27860760269024,6.3983883313056875,0.005664556423886233
3.9650000000000003,2.4314001637993483,757.1051402075091,0.20187920424034617,0.005822616653588493,143.29822925546867,6.386853789628079,0.005659927993467364
3.97,2.43014121962644,757.1039036875902,0.20190690172878084,0.005802880702593263,143.3177982806426,6.3753352104153445,0.005655293419818369
3.975,2.428884994560536,757.1026733781961,0.20193453062962377,0.005783193712847799,143.3373054078908,6.363832632184171,0.005650652759112704
3.98,2.427631550497091,757.1014493394928,0.20196209093493125,0.0057635556885506645,143.35675495012362,6.352346091972557,0.00564600606136659
3.985,2.4263809275913113,757.1002316089067,0.20198958264019218,0.0057439666298250746,143.37619061527346,6.340875618609316,0.005641353358318015
3.99,2.4251331917510885,757.0990202504717,0.2020170057342358,0.005724426543602483,143.39560686435138,6.3294212504675,0.0056366947044772025
3.995,2.4238883911621327,757.0978153098487,0.20204436021311303,0.005704935432578931,143.41498839982583,6.317983014469063,0.005632030139067885
4.0,2.4226465713345857,757.0966168299178,0.2020716460742767,0.005685493298864145,143.43431329611784,6.306560935230477,0.005627359699051368
4.005,2.421407788782283,757.0954248649969,0.20209886330941407,0.005666100146979153,143.45358688651916,6.295155046849857,0.005622683430693525
4.01,2.420172084914965,757.094239453047,0.20212601191446924,0.005646755980122971,143.47278857409222,6.283765376104058,0.005618001369013875
4.015,2.4189395122507626,757.0930606442462,0.20215309188329986,0.005627460801899321,143.49191355276767,6.272391953528721,0.005613313556867575
4.0200000000000005,2.417710119744826,757.0918884847562,0.2021801032096812,0.005608214615556644,143.51096622819955,6.261034808306045,0.005608620034572244
4.025,2.4164839548810746,757.0907230186995,0.2022070458855951,0.005589017423475357,143.5299918988927,6.249693968731865,0.005603920841383821
4.03,2.4152610656219204,757.0895642906682,0.2022339199072637,0.005569869228656734,143.54896749541774,6.23836946428368,0.005599216017264489
4.035,2.4140415003212237,757.0884123455455,0.20226072526742747,0.005550770033812714,143.56792161250007,6.2270613241545245,0.0055945056024188314
4.04,2.412825324982687,757.087267244567,0.20228746196190786,0.005531719842288736,143.58682370196922,6.215769588234139,0.005589789651626483
4.045,2.411612573980526,757.086129019454,0.20231412998866344,0.005512718655486824,143.6056624670034,6.204494277070511,0.005585068193451622
4.05,2.410403292385702,757.0849977116966,0.2023407293404171,0.005493766475614097,143.62447740105796,6.193235417743761,0.005580341265614451
4.055,2.4091975888394654,757.0838734209792,0.20236726001354094,0.0054748633056833475,143.6432219722722,6.1819930751108485,0.005575608958289396
4.0600000000000005,2.4079954174176432,757.0827561051465,0.20239372201006942,0.005456009144327293,143.66191094920276,6.170767221739393,0.005570871233332304
4.065,2.4067968908461492,757.0816458670402,0.20242011531882179,0.005437203995643521,143.6805764701241,6.159557925336638,0.005566128185579176
4.07,2.405602011173481,757.0805427085289,0.202446439939595,0.0054184478597064925,143.6992191190649,6.148365187132986,0.005561379816753406
4.075,2.4044108380992855,757.0794466836348,0.20247269586844538,0.005399740739344975,143.71781730934225,6.137189043714119,0.005556626178188042
4.08,2.403223429510165,757.078357844847,0.20249888310106906,0.005381082637141902,143.73635948345714,6.126029530377901,0.0055518673193881785
4.085,2.402039796010878,757.0772762015014,0.2025250016410708,0.005362473550267465,143.75484711219812,6.11488665262738,0.005547103247898136
4.09,2.400860048574266,757.0762018535845,0.20255105149023,0.005343913476132118,143.7732662311595,6.103760475931378,0.005542334055141098
4.095,2.3996841391934054,757.0751347578068,0.20257703264683158,0.005325402416354618,143.79162609087618,6.092650972045597,0.005537559701919762
4.1,2.3985121497581314,757.0740749874197,0.20260294510039226,0.00530694037526399,143.80995607801376,6.081558190349292,0.0055327802602532705
4.105,2.3973441628373124,757.0730226159372,0.2026287888567003,0.005288527348216095,143.82823746962967,6.070482179630424,0.005527995797992339
4.11,2.396180245666587,757.0719777029362,0.2026545639178607,0.00527016333200047,143.84647893119222,6.059422978987829,0.005523206371174272
4.115,2.395020405088,757.0709402541321,0.20268027028268643,0.005251848327523609,143.86467683298994,6.048380592850471,0.005518411986941457
4.12,2.3938648894415713,757.0699104875156,0.20270590795090038,0.005233582330355348,143.8828308586434,6.037355168511073,0.005513612860907928
4.125,2.3927135281869263,757.0688882533877,0.20273147692269283,0.005215365343537976,143.90094122541706,6.026346604820589,0.00550880884500694
4.13,2.3915663213240657,757.0678735517484,0.2027569771980638,0.005197197367071493,143.91900793331092,6.015354901779019,0.005503999939238494
4.135,2.390423268852989,757.0668663825979,0.20278240877701328,0.005179078400955898,143.93703098232498,6.004380059386363,0.00549918614360259
4.14,2.3892844801780058,757.065866841313,0.20280777167167408,0.005161008436382431,143.9549760674633,5.993422145003931,0.0054943675501334865
4.1450000000000005,2.3881500319685225,757.0648749944135,0.20283306588391994,0.005142987468992874,143.97287299754464,5.982481201798004,0.005489544225044504
4.15,2.3870200090356977,757.0638909149135,0.20285829142129522,0.005125015491924887,143.99072041409264,5.971557277922047,0.0054847162415034185
4.155,2.3858944167965546,757.0629146074433,0.20288344828506946,0.005107092504478098,144.00851269510594,5.960650376681427,0.005479883604094015
4.16,2.384773423518558,757.0619462152443,0.20290853649494786,0.005089218487954818,144.02627917600003,5.949760594431594,0.005475046458269133
4.165,2.38365696531035,757.0609856838864,0.20293355604344923,0.005071393449357818,144.04401050877465,5.938887894561408,0.005470204748826838
4.17,2.38254502433823,757.0600329981767,0.20295850692848538,0.005053617390641744,144.0617040841654,5.928032266851768,0.005465358460358872
4.175,2.381437756792691,757.0590882897257,0.20298338916648326,0.005035890297697339,144.07935097416492,5.917193802760542,0.005460507733702869
4.18,2.380335191737629,757.0581515830231,0.20300820276049963,0.005018212167899157,144.09694951745135,5.906372519306193,0.00545565259506587
4.1850000000000005,2.379237267253264,757.0572228258939,0.20303294770402222,0.005000583006840632,144.11450325342224,5.895568380231384,0.005450792988614543
4.19,2.378144088125924,757.0563021056603,0.2030576240184678,0.004983002797613875,144.13200749446327,5.88478144526717,0.005445929006185242
4.195,2.377055792065399,757.055389537081,0.2030822317319822,0.0049654715179985945,144.14945608012962,5.874011792911866,0.005441060768468945
4.2,2.375972273545676,757.0544850322174,0.20310677082299747,0.004947989185022035,144.16685373112546,5.863259363012783,0.005436188182981031
4.205,2.374893577449188,757.0535886279821,0.20313124130394875,0.00493055578920403,144.18419700560605,5.852524181115391,0.005431311288728579
4.21,2.3738199390381722,757.0527005178633,0.2031556432400179,0.004913171280851968,144.201467862302,5.841806381122523,0.0054264302901767215
4.215,2.372751219331886,757.0518205875583,0.2031799765926988,0.004895835689321669,144.21867695906067,5.831105883931324,0.00542154506653805
4.22,2.371687418330329,757.0509488370669,0.2032042413619915,0.004878549014613132,144.23582429588208,5.820422689541791,0.005416655617812564
4.225,2.370628614616695,757.0500853301597,0.20322843755661973,0.004861311247062214,144.2529466309118,5.809756840140926,0.005411762020235408
4.23,2.3695748784417554,757.0492301237323,0.20325256519569757,0.004844122372079699,144.2700383531704,5.799108375680306,0.005406864337748666
4.235,2.368526272414715,757.0483832682577,0.20327662430569468,0.004826982370972763,144.2870759345262,5.788477332666818,0.0054019626236636595
4.24,2.3674828427638746,757.0475448005515,0.2033006149021773,0.004809891230097321,144.3040914050581,5.777863734357619,0.005397056918770519
4.245,2.3664446280433657,757.046714750912,0.2033245370045213,0.004792848937815072,144.3210319420163,5.767267602797221,0.00539214725836657
4.25,2.3654116818018553,757.0458931620427,0.20334839063217974,0.004775855478526899,144.337912075386,5.756688966926717,0.005387233689751632
4.255,2.3643840475559665,757.0450800678424,0.20337217579880595,0.00475891083822236,144.3547965726432,5.746127850089605,0.005382316252845104
4.26,2.3633617614720066,757.0442754962523,0.20339589252503942,0.004742015005157828,144.3716186996776,5.735584271644999,0.00537739498179377
4.265,2.362344869997568,757.0434794831771,0.20341954082928168,0.004725167963594277,144.3884116646841,5.725058256407645,0.005372469919595736
4.2700000000000005,2.3613334387414273,757.042692078894,0.20344312074625012,0.00470836968935074,144.40514365015844,5.714549838969183,0.005367541127167003
4.275,2.3603274844604356,757.0419132962652,0.20346663228444278,0.004691620176345163,144.4218096450199,5.704059028186142,0.0053626086200599474
4.28,2.3593269941371355,757.0411431251871,0.2034900754369397,0.004674919429232788,144.4384189798953,5.693585817151103,0.005357672386596545
4.285,2.3583321122234584,757.0403816752355,0.20351345027328865,0.0046582673947725825,144.45499183639714,5.683130281893542,0.005352732565551348
4.29,2.3573427711970343,757.0396288951904,0.20353675676098035,0.004641664097851447,144.4715187808661,5.672692386874367,0.005347789092055811
4.295,2.356359052044623,757.0388848457427,0.20355999494744406,0.004625109502681572,144.48801022249495,5.662272174449612,0.005342842041128542
4.3,2.355381024595292,757.038149579222,0.20358316487357467,0.004608603578405696,144.50447513638304,5.651869681139843,0.005337891477452694
4.305,2.354408638296478,757.0374230577444,0.20360626650976646,0.0045921463473628495,144.52090702503168,5.641484880506096,0.005332937354201075
4.3100000000000005,2.353442050912144,757.0367053977212,0.20362929995135487,0.004575737739887353,144.53728582071835,5.631117851661685,0.005327979826435185
4.315,2.3524812077331667,757.0359965587838,0.20365226516527957,0.0045593777801377555,144.5536184824943,5.620768567171829,0.005323018840383057
4.32,2.3515261539165766,757.0352965736917,0.20367516218522969,0.004543066443808686,144.56989599790631,5.610437050149093,0.005318054438285595
4.325,2.350577000823395,757.0346055234302,0.2036979910920399,0.0045268036724922045,144.58609728802656,5.600123357426891,0.005313086725064015
4.33,2.349633685382095,757.0339233621318,0.20372075183992788,0.0045105894992688075,144.6022342913247,5.58982745681649,0.0053081156412941
4.335,2.348696329007203,757.0332501764776,0.20374344451518228,0.004494423859413876,144.61832680802286,5.579549406533565,0.005303141308843999
4.34,2.3477649291182843,757.0325859646257,0.20376606911596923,0.004478306754303005,144.6343744173048,5.569289205340851,0.005298163725123635
4.345,2.346839486395583,757.0319307267586,0.20378862564566586,0.004462238181430516,144.650378872024,5.5590468539380735,0.005293182889770172
4.3500000000000005,2.345920143730573,757.0312845632126,0.20381111422184917,0.004446218052754859,144.66637256748658,5.548822422907347,0.005288198940418498
4.355,2.345006830612113,757.0306474244759,0.20383353478649968,0.004430246411720968,144.68233951792425,5.538615877419265,0.005283211809151388
4.36,2.3440996348913066,757.0300193710168,0.20385588741712155,0.004414323202479922,144.6982624538294,5.52842725748284,0.005278221586243745
4.365,2.3431985985630552,757.0294004317408,0.2038781721507636,0.004398448398334619,144.71413311996966,5.518256582223325,0.0052732283148491065
4.37,2.3423036854795063,757.0287905817296,0.20390038895582036,0.004382622022049089,144.72995887206605,5.508103835203912,0.005268231957752888
4.375,2.341415058752595,757.0281899311682,0.20392253799209034,0.004366843957880159,144.74572158736112,5.497969092136633,0.005263232678694523
4.38,2.3405326454129343,757.0275984307646,0.2039446191880864,0.004351114257606434,144.76142937321066,5.487852319151126,0.005258230404423909
4.385,2.3396565550787805,757.0270161526562,0.20396663266148607,0.004335432835250609,144.77708608719607,5.477753566273597,0.0052532252451614565
4.39,2.338786896386891,757.0264431683345,0.20398857852891314,0.004319799605605202,144.79269555235894,5.46767288308233,0.005248217310140685
4.3950000000000005,2.3379235614046148,757.0258794067714,0.20401045667449969,0.004304214653325438,144.80825397043597,5.457610220320371,0.005243206490836049
4.4,2.3370665501319516,757.025324867967,0.20403226709824565,0.004288677978411323,144.82376134142714,5.447565577987723,0.005238192787247548
4.405,2.336215967908529,757.0247796190006,0.20405400992301967,0.004273189491239184,144.8392215410879,5.437538997974131,0.005233176311515047
4.41,2.3353719672564988,757.0242437569973,0.2040756853267241,0.004257749062042138,144.85464018115795,5.4275305409321195,0.005228157226006817
4.415,2.3345344150930667,757.0237171972109,0.2040972931541307,0.00424235680404793,144.87001236512884,5.41754015393949,0.005223135389048859
4.42,2.3337033114182337,757.0231999396414,0.20411883340523945,0.00422701271725656,144.88533809300066,5.407567836996245,0.005218110800641174
4.425,2.3328787467547754,757.0226920399476,0.204140306198343,0.0042117167158968365,144.90061521057217,5.397613629471549,0.005213083558344966
4.43,2.3320609093236717,757.0221936138587,0.20416171177940343,0.004196468621627587,144.91583923868487,5.387677613224396,0.005208053865015992
4.4350000000000005,2.3312496499684214,757.0217045696647,0.20418304995350706,0.004181268575776016,144.93101372686658,5.377759723385282,0.005203021559900361
4.44,2.330444968689024,757.0212249073654,0.2042043207206539,0.0041661165783421295,144.94613867511737,5.367859959954211,0.005197986642998075
4.445,2.3296469347919344,757.0207546678471,0.20422552418121262,0.0041510125565511246,144.9612145401826,5.357978347776906,0.005192949192528614
4.45,2.328855756845607,757.0202939741507,0.20424666063722913,0.0041359562913970286,144.9762426965761,5.348114961623224,0.005187909443882997
4.455,2.3280712814860745,757.0198427358022,0.20426772986660388,0.0041209479439186965,144.99122213359425,5.338269746513605,0.005182867223974165
4.46,2.327293508713337,757.0194009528013,0.20428873186933688,0.004105987514116127,145.00615285123703,5.328442702448048,0.005177822532802118
4.465,2.3265224504412214,757.0189686319756,0.20430966666362976,0.004091074988456641,145.02104135286874,5.318633834722036,0.005172775383083734
4.47,2.32575820896254,757.0185458318748,0.20433053440692459,0.00407621025046891,145.03593340646222,5.308843187862812,0.00516772588434487
4.4750000000000005,2.3250008332860657,757.018132579764,0.20435133518570087,0.004061393241167455,145.05076484011278,5.299070774524701,0.005162674092365001
4.48,2.324250372421801,757.0177289021759,0.20437206908338323,0.004046623898658003,145.06556466374295,5.2893166116533905,0.005157620062653358
4.485,2.3235068613778136,757.0173348171496,0.20439273616846265,0.004031902174755556,145.0803101777322,5.279580709711314,0.005152563836109352
4.49,2.3227703434916784,757.0169503473816,0.204413336522399,0.004017228011391307,145.09498776667044,5.269863082199778,0.005147505462886492
4.495,2.3220407843382542,757.0165754748429,0.20443387008048472,0.004002601454692129,145.1096082459393,5.260163718394038,0.00514244490314541
4.5,2.321318266915125,757.0162102413166,0.2044543370064822,0.003988022385824424,145.12418364782172,5.250482641591861,0.005137382257754741
4.505,2.320602810749989,757.0158546566335,0.20447473733892152,0.003973490776828983,145.13871680327736,5.2408198572747535,0.005132317550446893
4.51,2.3198943851470895,757.0155087053405,0.20449507101723696,0.003959006671655125,145.1532032622965,5.231175356826288,0.00512725074391669
4.515,2.319193108644587,757.015172444691,0.2045153382878978,0.00394456989103301,145.16767121611738,5.221549176387545,0.0051221819781611085
4.5200000000000005,2.318498962569519,757.0148458656658,0.20453553911207853,0.0039301804632024765,145.1821162238584,5.211941310265327,0.0051171112311268405
4.525,2.3178119269047825,757.0145289585972,0.20455567344815873,0.003915838418436169,145.1965335249689,5.202351752356623,0.0051120384791731146
4.53,2.3171321384691796,757.0142217861469,0.20457574160970063,0.003901543532304185,145.2108961995584,5.192780532243489,0.0051069638963725725
4.535,2.316459538714273,757.0139243215004,0.20459574346252257,0.003887295900846102,145.22521576737049,5.183227637266968,0.0051018874082348585
4.54,2.3157941370216615,757.0136365686309,0.20461567902986874,0.003873095507394114,145.23949106997674,5.173693069804154,0.005096809026431893
4.545,2.315136062944101,757.0133585836921,0.2046355486258037,0.003858942126854322,145.25370338161716,5.164176861296932,0.005091728913192542
4.55,2.314485250174559,757.0130903379437,0.2046553520895845,0.003844835874433141,145.26786228641498,5.154678995652876,0.005086646985485652
4.555,2.3138417302613066,757.0128318441647,0.20467508950279795,0.0038307766916136246,145.28196435499268,5.1451994804730745,0.005081563283326653
4.5600000000000005,2.313205605328191,757.0125831437216,0.2046947611295459,0.0038167643889725255,145.29599848622738,5.135738340362749,0.0050764779362481565
4.565,2.3125768170609566,757.0123442129935,0.2047143668190222,0.003802799074673377,145.3099710190276,5.126295561271947,0.00507139087028509
4.57,2.3119553783364446,757.0121150568551,0.20473390660670152,0.0037888807227222142,145.323890711698,5.116871144126399,0.0050663021033504315
4.575,2.311341341257853,757.0118956950084,0.2047533806363336,0.0037750092279106094,145.33779082122751,5.107465092955572,0.0050612117077936105
4.58,2.3107347383431764,757.0116861391795,0.20477278900284596,0.003761184523836749,145.3516379089967,5.0980774173226235,0.00505611972550563
4.585,2.3101355967064254,757.0114863985001,0.2047921317860728,0.0037474065518551176,145.36545502195816,5.088708120446884,0.005051026193198911
4.59,2.309543944886236,757.0112964826969,0.20481140906993375,0.003733675250827624,145.37925709838564,5.079357206592155,0.005045931149184923
4.595,2.3089598075309454,757.0111163994948,0.20483062093553722,0.0037199905645068664,145.39300755572043,5.070024679273765,0.005040834627755011
4.6000000000000005,2.3083832078999746,757.0109461559667,0.2048497674605578,0.0037063524388838815,145.40667407404098,5.0607105414305655,0.005035736661439783
4.605,2.3078141701631494,757.0107857592168,0.20486884872279515,0.0036927608168036033,145.42027983458368,5.051414795477254,0.005030637284367494
4.61,2.3072527154648705,757.0106352147549,0.2048878647944735,0.003679215645018015,145.43385018501394,5.04213744264059,0.005025536527287353
4.615,2.306698866659138,757.0104945287208,0.2049068157545473,0.0036657168667600984,145.44738657019093,5.032878484419298,0.0050204344233394866
4.62,2.306152644435708,757.0103637057507,0.20492570167941584,0.0036522644263904174,145.46090374301212,5.023637920827867,0.005015331003794868
4.625,2.3056140710704858,757.010242751651,0.20494452264772198,0.00363885826771189,145.47439698991388,5.0144157533637355,0.005010226301079876
4.63,2.3050831673436294,757.010131670536,0.2049632787433593,0.00362549833215812,145.48783693621579,5.005211982220184,0.005005120347047429
4.635,2.304559953964819,757.0100304662656,0.20498197004824967,0.0036121845605004764,145.50123194119647,4.99602660689972,0.005000013173741564
4.64,2.3040444515846725,757.0099391426048,0.2050005966466316,0.0035989168932065436,145.51456579141802,4.986859627048372,0.0049949048131958645
4.6450000000000005,2.3035366952389515,757.0098577053766,0.2050191586803479,0.003585695227020948,145.52786604172087,4.977711041622667,0.00498979532018378
4.65,2.303036687188688,757.0097861548081,0.20503765615914127,0.0035725195546437256,145.5411384125394,4.968580850465135,0.004984684698371181
4.655,2.3025444638540917,757.0097244955349,0.20505608924600469,0.0035593897615184725,145.55434102107247,4.959469050635182,0.004979573006813145
4.66,2.302060021684929,757.0096727269173,0.20507445792532292,0.003546305857971147,145.56748972263472,4.950375642263807,0.004974460239974514
4.665,2.301583398619786,757.0096308528331,0.205092762366412,0.0035332677205638127,145.58062184770725,4.941300621630874,0.004969346460394607
4.67,2.3011145976530902,757.0095988731297,0.20511100258805925,0.003520275337382786,145.59370939316705,4.932243987994832,0.004964231673537152
4.675,2.3006536471017944,757.009576789877,0.2051291787264633,0.003507328612391022,145.6067236626461,4.923205737772574,0.0049591159270292095
4.68,2.3002005614566525,757.009564603226,0.20514729085261127,0.003494427492458737,145.6197057998711,4.914185868300296,0.004953999246243505
4.6850000000000005,2.2997553551168766,757.0095623137208,0.20516533903648265,0.003481571926519508,145.63267247966868,4.905184377291023,0.004948881655958702
4.69,2.2993180568674663,757.0095699211397,0.20518332343367615,0.0034687618062015477,145.64556742252304,4.896201258853289,0.004943763207300285
4.695,2.298888667477275,757.0095874253599,0.205201244048392,0.003455997128096148,145.6583979158452,4.887236512718909,0.004938643901766848
4.7,2.298467223280243,757.0096148248233,0.20521910107452526,0.0034432777499031307,145.67122587137837,4.878290130257041,0.004933523805323821
4.705,2.2980537224881106,757.0096521191822,0.20523689450783678,0.0034306036765693305,145.68401677282668,4.8693621114565095,0.0049284029152537575
4.71,2.2976481952814805,757.0096993060132,0.2052546245249277,0.003417974784367113,145.696720699186,4.860452447978488,0.004923281287771859
4.715,2.2972506490931646,757.0097563838415,0.20527229116970686,0.003405391038954964,145.70939044053026,4.8515611369307186,0.004918158937733737
4.72,2.2968611025050856,757.0098233502856,0.20528989455132704,0.0033928523602368313,145.72206115133153,4.842688172330088,0.00491303590077415
4.7250000000000005,2.2964795739815442,757.0099002017057,0.20530743479476815,0.0033803586615034536,145.7346827930408,4.833833546162872,0.004907912214441268
4.73,2.2961060684485437,757.0099869372351,0.20532491193199395,0.0033679099202128505,145.74724917738214,4.82499725646594,0.004902787888573485
4.735,2.2957406188245355,757.0100835491312,0.20534232618112166,0.003355505980425983,145.75975669366554,4.816179291476354,0.004897662989207658
4.74,2.2953832176972284,757.0101900389245,0.2053596774944672,0.0033431468759732796,145.77221094124445,4.807379653276594,0.004892537501900327
4.745,2.2950338877295917,757.0103064002315,0.20537696603170874,0.003330832491559122,145.78463043823217,4.798598329443592,0.004887411475112794
4.75,2.294692648669882,757.0104326262741,0.2053941919387212,0.003318562723369792,145.79700469777637,4.789835310800305,0.004882284951292339
4.755,2.2943595426744765,757.010568700229,0.2054113555391516,0.0033063373391336707,145.80934629131914,4.781090574176631,0.004877158023919402
4.76,2.2940345454357107,757.010714631725,0.20542845664675835,0.0032941564724697143,145.8216487430383,4.7723641328464295,0.004872030639171604
4.765,2.2937176569535853,757.010870420762,0.2054454952615415,0.003282020123377924,145.83391205293387,4.763655986809699,0.004866902797048945
4.7700000000000005,2.293408904931234,757.0110360543257,0.20546247162112755,0.0032699281229086226,145.84611760381028,4.754966112676986,0.00486177456491473
4.775,2.29310830102012,757.0112115261888,0.20547938582210765,0.0032578804010700295,145.85828156994572,4.746294504690831,0.004856645969800981
4.78,2.292815868540995,757.0113968226087,0.20549623807137032,0.003245876809790491,145.87040551214724,4.737641146839445,0.0048515170684158395
4.785,2.292531623310781,757.011591933465,0.20551302851589384,0.0032339172445781375,145.88247797098518,4.729006026532861,0.004846387900394252
4.79,2.2922555531464606,757.0117968663468,0.20552975704415483,0.0032220017848854123,145.89450465625063,4.720389153040049,0.004841258435502431
4.795,2.2919876731682165,757.012011610406,0.20554642380836896,0.003210130320859917,145.9065039859337,4.711790509787156,0.004836128715091372
4.8,2.2917279996352145,757.0122361533384,0.2055630289730743,0.00319830273545174,145.91846487612628,4.703210082319707,0.004830998782612666
4.805,2.2914765551301697,757.0124704752131,0.2055795727805956,0.0031865188554304575,145.93038664156416,4.694647849023326,0.00482586870088222
4.8100000000000005,2.2912333396445694,757.0127145758894,0.20559605523168628,0.0031747786801119295,145.94227195287317,4.68610380961925,0.004820738470092269
4.815,2.2909983544338837,757.0129684536555,0.20561247634652108,0.003163082195476548,145.95411363381905,4.677577961078763,0.004815608095129764
4.82,2.2907716151030235,757.0132320924555,0.20562883631367662,0.003151429267156061,145.96590379105928,4.669070283028244,0.0048104776239176915
4.825,2.2905531369457033,757.0135054741096,0.20564513532611434,0.0031398197565222154,145.97765503723454,4.660580756875027,0.004805347104716346
4.83,2.2903429363830496,757.0137885775667,0.20566137360387207,0.0031282535067742047,145.98935872897616,4.652109359806521,0.004800216591615112
4.835,2.29014100300367,757.014081415998,0.20567755100873203,0.00311673061649988,146.00101863190832,4.643656106047731,0.004795086050546081
4.84,2.2899473448743275,757.0143839778027,0.20569366766045202,0.0031052509997608283,146.01264126747563,4.635220980841258,0.004789955510798314
4.845,2.2897619741170154,757.0146962451684,0.20570972374029614,0.0030938145267745175,146.0242311486154,4.626803962709213,0.004784825016438115
4.8500000000000005,2.2895848994481374,757.0150182039438,0.20572571938320436,0.003082421101952322,146.03577285141282,4.618405038673131,0.004779694599340186
4.855,2.289416146035235,757.0153498064867,0.20574165502201902,0.003071070415051282,146.04728378150304,4.610024159368695,0.004774564361203754
4.86,2.289255700026239,757.0156910786394,0.20575753042076994,0.003059762635088359,146.05875660263104,4.601661351490719,0.0047694342465270925
4.865,2.289103561403048,757.0160420204355,0.20577334557914878,0.003048497762284411,146.07019130521027,4.5933166150740865,0.004764304255237676
4.87,2.288959743192831,757.0164026036495,0.20578910075945228,0.0030372756103386475,146.08156832213893,4.584989914542098,0.004759174447556153
4.875,2.2888242517203823,757.0167728130456,0.20580479608810293,0.003026096087988654,146.0929047224085,4.576681236581857,0.004754044852498889
4.88,2.2886970980222077,757.0171526185175,0.20582043181302564,0.003014959018114482,146.10420061108218,4.568390552128083,0.004748915525674128
4.885,2.2885782868794995,757.0175420058986,0.2058360080500892,0.003003864318420824,146.11544735046243,4.5601178468569366,0.004743786492712571
4.89,2.2884678139532597,757.017940987563,0.2058515246977297,0.0029928120612011753,146.12664967122282,4.551863133039954,0.004738657731014517
4.8950000000000005,2.2883656872735565,757.018349536554,0.20586698197769626,0.0029818020868642285,146.13782977921855,4.543626379162159,0.004733529289700653
4.9,2.288271912200531,757.0187676327954,0.20588238004600476,0.002970834285188026,146.14896551803565,4.535407567168088,0.004728401202298823
4.905,2.288186498034121,757.0191952338411,0.20589771922069225,0.0029599084284206534,146.1600680647747,4.527206655953851,0.00472327353699982
4.91,2.2881094419123276,757.0196323527383,0.20591299940397817,0.002949024586579616,146.17113407198633,4.519023658150203,0.004718146272837996
4.915,2.288040745604239,757.0200789791852,0.20592822067500394,0.002938182703538321,146.1821565636977,4.510858562085216,0.004713019426309801
4.92,2.2879804139203257,757.0205350852804,0.20594338324304087,0.002927382630151539,146.1931302806015,4.502711338341707,0.004707893041270237
4.925,2.2879284509465023,757.0210006392682,0.2059584873297313,0.0029166242075120024,146.20406687406694,4.494581957884607,0.004702767163634718
4.93,2.2878848604576225,757.0214756061464,0.2059735331791027,0.0029059072618770865,146.2149572451032,4.486470387325092,0.004697641843176486
4.9350000000000005,2.2878496399002155,757.0219600086888,0.20598852063206888,0.0028952319066193884,146.22580540541864,4.478376648324117,0.004692517047357968
4.94,2.2878227906924864,757.0224538286207,0.20600344981770133,0.002884598049222776,146.23661814773104,4.470300721023362,0.0046873928022791896
4.945,2.2878043150276044,757.0229570356524,0.20601832094739791,0.0028740055384766532,146.24740079860706,4.462242573783335,0.004682269150511498
4.95,2.2877942140074414,757.0234696060352,0.2060331341774013,0.002863454263739822,146.25813676705266,4.454202186403064,0.0046771461228557925
4.955,2.2877924886114154,757.0239914699239,0.20604788995733453,0.0028529439030601047,146.26884390656684,4.446179493773355,0.004672023807540765
4.96,2.2877991381935425,757.0245226648627,0.20606258804475872,0.0028424746299136427,146.279514843665,4.438174530797145,0.004666902156951104
4.965,2.287814162721823,757.0250631883706,0.20607722845631934,0.0028320464324847507,146.2901483944809,4.430187294781803,0.004661781174266991
4.97,2.2878375616503677,757.0256129981207,0.20609181147596567,0.0028216591092149503,146.3007243639722,4.42221773979496,0.0046566609137377235
4.9750000000000005,2.287869334086674,757.0261720676478,0.20610633726204822,0.0028113125457770527,146.31126633231415,4.414265844416831,0.004651541405919368
4.98,2.2879094771021586,757.0267403471094,0.2061208061176081,0.0028010065264099052,146.32176454611587,4.406331563472092,0.004646422707614959
4.985,2.2879579906017287,757.0273178355832,0.2061352180482258,0.002790741047210193,146.33221756020924,4.398414896047069,0.0046413048198246775
4.99,2.288014874716028,757.0279045376734,0.2061495730266145,0.0027805161273353695,146.3426312784303,4.390515845549506,0.004636187737373756
4.995,2.288080126019348,757.0285004129522,0.20616387130187366,0.002770331588106497,146.35302241574047,4.38263437089479,0.004631071506381755
5.0,2.288153741024201,757.0291054281307,0.20617811306739084,0.0027601872926512638,146.36337005744988,4.374770443940151,0.004625956161894101
5.005,2.288235712922722,757.0297195276921,0.20619229864106423,0.0027500830133933194,146.37368732334025,4.366924014834845,0.004620841761464456
5.01,2.2883260449831515,757.0303427385797,0.2062064278683884,0.0027400188608695045,146.383969130091,4.359095107718144,0.004615728277113339
5.015,2.288424733645499,757.0309750354885,0.2062205008992846,0.002729994728592171,146.39420661669004,4.351283697289992,0.004610615735309405
5.0200000000000005,2.288531773519271,757.0316163815419,0.2062345179460173,0.002720010465109999,146.40439964673317,4.343489748831372,0.004605504173630928
5.025,2.2886471562505943,757.0322667271977,0.20624847927906267,0.0027100658769830302,146.4145563674292,4.335713219611896,0.0046003936394592975
5.03,2.2887708751546825,757.0329260349145,0.20626238510396774,0.002700160817986761,146.42466882204081,4.327954076356311,0.004595284168348294
5.035,2.2889029352462327,757.0335943333308,0.2062762352637276,0.0026902953999397477,146.4347407924897,4.320212344374067,0.004590175733050123
5.04,2.289043330659904,757.0342715920997,0.20629002992866496,0.0026804695008504427,146.4447811018234,4.312487993606905,0.004585068362693885
5.045,2.289192053612042,757.034957771801,0.20630376931601319,0.0026706829656239486,146.45479185982452,4.304780986984385,0.004579962094275518
5.05,2.2893490956337845,757.0356528328474,0.20631745363251391,0.0026609356475179326,146.46475919298592,4.297091291816179,0.0045748569625282355
5.055,2.289514439563818,757.0363566997462,0.20633108326894384,0.002651227266881774,146.4746990359564,4.289418842330333,0.004569753032845545
5.0600000000000005,2.2896880952612464,757.0370694162665,0.2063446579981491,0.002641557986136906,146.48460464191507,4.281763676556458,0.004564650267181285
5.065,2.2898700597746577,757.0377909702039,0.20635817788649413,0.002631927758190696,146.49447151742632,4.27412578245231,0.00455954867631747
5.07,2.2900603202592107,757.0385213086312,0.2063716432195211,0.0026223363801966826,146.50428440773297,4.266505108606061,0.004554448306702505
5.075,2.2902588675626503,757.0392603955569,0.20638505417197828,0.0026127837261378704,146.5140681619829,4.258901626975884,0.004549349187222908
5.08,2.2904656800278524,757.0400081505793,0.20639841114446547,0.0026032695112379557,146.52380488462015,4.251315268683626,0.004544251382065017
5.085,2.2906807676333627,757.0407646109038,0.2064117139516532,0.002593793867340338,146.53350108199993,4.243746065506028,0.004539154861478907
5.09,2.2909041243253654,757.0415297550398,0.20642496270341185,0.0025843567156368227,146.54316494315805,4.236193997031309,0.004534059642870789
5.095,2.291135735871502,757.0423035328965,0.20643815765222012,0.002574957875693262,146.55280302641984,4.228659017544212,0.0045289657661059515
5.1000000000000005,2.291375585902145,757.0430858897419,0.20645129905971502,0.0025655971616343185,146.5624017877866,4.221141082281121,0.0045238732719602125
5.105,2.2916236607190155,757.0438767808391,0.20646438713878268,0.0025562744210865036,146.57197111238287,4.2136401533294965,0.004518782193572589
5.11,2.2918799692897998,757.0446762356507,0.20647742174887107,0.002546989754522124,146.58150683697596,4.206156255571093,0.004513692509049947
5.115,2.2921444965905082,757.0454842066981,0.2064904031255184,0.0025377429946669694,146.59099610693687,4.198689344863439,0.004508604254077198
5.12,2.2924172297891676,757.0463006541728,0.20650333145615515,0.002528534007386762,146.60044743948353,4.191239387567957,0.004503517457291729
5.125,2.2926981440636744,757.0471255040425,0.20651620708155288,0.0025193625496040878,146.60986181067076,4.183806322505798,0.0044984321700086
5.13,2.292987232191184,757.0479587351191,0.20652903009936047,0.0025102285519336565,146.6192345853789,4.1763901319331485,0.004493348406780649
5.135,2.2932845033545504,757.0488003745949,0.2065418003841307,0.00250113210367699,146.62856872593383,4.168990838530687,0.004488266148812286
5.14,2.2935899392082315,757.0496503699337,0.20655451818575518,0.0024920730259412704,146.63787716182935,4.161608393863506,0.004483185432885258
5.1450000000000005,2.293903524995884,757.0505086794847,0.20656718369515248,0.0024830511829203148,146.647153687314,4.154242762866203,0.004478106286977361
5.15,2.2942252372649334,757.0513752390079,0.20657979719698558,0.00247406637195138,146.65639226845303,4.14689389377496,0.004473028752505473
5.155,2.2945550547567852,757.0522499912089,0.20659235894382377,0.002465118412335579,146.66560394128007,4.139561739369609,0.004467952866099463
5.16,2.2948929928599218,757.0531329777598,0.20660486875147988,0.0024562074357018125,146.67478337075656,4.132246333894371,0.004462878601019324
5.165,2.2952390385986923,757.0540241645195,0.20661732677870695,0.002447333329414622,146.68392033353885,4.124947646094105,0.004457805979563945
5.17,2.2955931698061964,757.0549234934778,0.20662973328742604,0.002438495906886144,146.69301179174303,4.117665625484647,0.004452735038764488
5.175,2.295955362595286,757.0558309038028,0.20664208853394078,0.0024296949845711755,146.70207233796242,4.110400224757934,0.004447665814988193
5.18,2.296325593654153,757.0567463370336,0.20665439276894257,0.0024209303844009078,146.71108952207166,4.103151396374358,0.0044425983431384325
5.1850000000000005,2.2967038774849238,757.0576698296785,0.20666664583601035,0.002412202217633947,146.72006834174167,4.095919169893756,0.004437532601360761
5.19,2.297090193399919,757.0586013308226,0.20667884796009875,0.0024035103230712054,146.72902391729448,4.088703500127935,0.004432468620563064
5.195,2.2974845209537014,757.0595407906454,0.20669099935365456,0.002394854549743145,146.73794705554064,4.081504346469281,0.004427406429813354
5.2,2.2978868240902983,757.0604881233883,0.20670310037144451,0.0023862346447159405,146.74683778141232,4.074321640840916,0.004422346077347098
5.205,2.2982970992143708,757.0614433206366,0.2067151510479597,0.002377650583221919,146.75569937861508,4.067155376429292,0.004417287567837535
5.21,2.298715353248994,757.062406398908,0.20672715131584007,0.002369102413484506,146.76452819304737,4.06000556609374,0.004412230892039922
5.215,2.299141557157234,757.0633772907252,0.2067391014666684,0.0023605899284647397,146.7733089340459,4.052872150882029,0.004407176088385205
5.22,2.2995756900418116,757.0643559481908,0.20675100169114713,0.0023521129911960904,146.78206027290966,4.045755094133577,0.004402123182483815
5.2250000000000005,2.3000177064460656,757.0653422692034,0.20676285240022135,0.002343671309282599,146.79077177419973,4.038654315028145,0.004397072228186643
5.23,2.3004676157329134,757.0663362748124,0.2067746535091665,0.0023352649430270957,146.79944523051563,4.0315698302179355,0.0043920232143810035
5.235,2.300925422129372,757.0673379746016,0.20678640498007908,0.0023268939193235826,146.80808301492903,4.024501646941892,0.0043869761360453745
5.24,2.301391091084338,757.0683472923292,0.2067981071307448,0.0023185580107469594,146.8167017107108,4.017449699239058,0.004381931033980976
5.245,2.301864601547995,757.069364182174,0.20680976013962638,0.0023102570910673633,146.82528296283687,4.010413952865081,0.004376887931069803
5.25,2.3023459090005205,757.0703885487329,0.20682136437753024,0.002301990895523704,146.8338348106754,4.003394333444553,0.0043718468745786365
5.255,2.3028350099912425,757.0714203846785,0.20683291987272603,0.002293759403853907,146.84235930111282,3.9963908352203306,0.004366807868099415
5.26,2.3033319167902917,757.0724597162736,0.20684442652323576,0.0022855626889077938,146.8508535531334,3.9894034786875086,0.0043617708986383955
5.265,2.3038365938175853,757.0735064686161,0.20685588463568258,0.002277400533143637,146.85929873772645,3.9824321996482883,0.004356736003900159
5.2700000000000005,2.304349017772682,757.0745605930865,0.20686729439253293,0.0022692728055542072,146.86771230819605,3.9754769616057932,0.004351703206885271
5.275,2.304869141317271,757.0756219923563,0.20687865616155138,0.002261179244245126,146.87608964634035,3.9685376899570666,0.0043466725529771166
5.28,2.305396962588945,757.0766906626742,0.2068899699570523,0.002253119839139971,146.8844284055331,3.961614381741334,0.004341644043889105
5.285,2.3059324871904456,757.0777666156736,0.20690123573629945,0.002245094620442661,146.89273341706013,3.9547070452664776,0.004336617674269338
5.29,2.3064756783437903,757.0788497769611,0.2069124537898889,0.002237103380173107,146.9010205941949,3.9478156187412967,0.004331593479141567
5.295,2.3070265099493397,757.0799400942648,0.20692362431056377,0.002229145982048252,146.90926950044593,3.9409400636030663,0.004326571481717463
5.3,2.307584918771947,757.0810374426094,0.2069347477568131,0.002221222098498682,146.91749461097717,3.934080284616426,0.00432155173692856
5.305,2.3081509344752167,757.0821418806573,0.2069458239132967,0.0022133318833189547,146.92569017355473,3.9272363264580914,0.004316534218969075
5.3100000000000005,2.308724544581565,757.0832533840495,0.20695685287378573,0.0022054752699385816,146.93385132038182,3.920408169045635,0.004311518938702805
5.315,2.3093057104074215,757.0843718773514,0.20696783492544626,0.002197652054197151,146.94196859721876,3.9135957511531854,0.00430650592950489
5.32,2.3098944000945756,757.085497299116,0.2069787702850027,0.0021898620807031866,146.95005919291953,3.906799027961071,0.004301495217006484
5.325,2.3104905520375425,757.0866295317312,0.20698965937427527,0.002182105049536878,146.95810971045762,3.9000179109311373,0.004296486849999793
5.33,2.31109419916568,757.0877686381318,0.20700050196757894,0.002174381121258793,146.96612554678015,3.8932524473978245,0.004291480802335931
5.335,2.311705326963606,757.0889145909027,0.20701129816701297,0.0021666902228145144,146.9741121079001,3.8865026150224145,0.004286477085565126
5.34,2.3123238936445563,757.090067311206,0.20702204826379628,0.002159032146112695,146.98207953500614,3.879768350520737,0.00428147573265036
5.345,2.3129498676156017,757.0912267400092,0.20703275246247513,0.0021514067463888667,146.99000887531724,3.8730496116762976,0.004276476766823585
5.3500000000000005,2.3135831780930176,757.092392746375,0.20704341121758402,0.002143813698826168,146.99791648521074,3.866346301225491,0.004271480239363265
5.355,2.3142238616092548,757.0935653979495,0.20705402429405578,0.0021362531713022773,147.0057958626377,3.859658469368826,0.004266486123736981
5.36,2.3148719055956657,757.09474467172,0.20706459177630168,0.002128725103928321,147.0136420229681,3.852986097554003,0.004261494429114766
5.365,2.3155272644545963,757.0959304842656,0.20707511396690195,0.0021212292817156353,147.0214428936385,3.8463291195210725,0.004256505188490109
5.37,2.3161899020394543,757.0971227700244,0.2070855910836939,0.0021137655483286564,147.02921880656822,3.8396874889372374,0.004251518426224654
5.375,2.316859754304438,757.0983214138549,0.20709602351834466,0.0021063336254237945,147.03695516903537,3.8330611213616157,0.004246534185002487
5.38,2.3175368538166716,757.0995264743605,0.20710641107162941,0.002098933654681644,147.04465756341298,3.8264500597164908,0.004241552443071361
5.385,2.318221177735877,757.1007379108373,0.20711675388711143,0.0020915655333385197,147.05233452553594,3.8198542719065043,0.004236573215736162
5.39,2.3189126826863236,757.1019556461321,0.2071270522323708,0.0020842290704901727,147.05999012552144,3.81327369888503,0.004231596531563664
5.3950000000000005,2.3196113199799595,757.1031795945366,0.2071373063902184,0.002076924065233585,147.0676124060482,3.806708279664975,0.004226622420771413
5.4,2.3203170449509347,757.1044096778288,0.207147516618841,0.0020696503330214855,147.07521176761506,3.800157957517961,0.004221650910842447
5.405,2.321029887283397,757.1056459480617,0.2071576827461584,0.002062407996726154,147.082783670753,3.7936227701477265,0.004216681983446743
5.41,2.3217498126034646,757.106888345521,0.20716780497981435,0.002055196908959636,147.0903172309034,3.78710267101708,0.004211715659889056
5.415,2.3224767797366237,757.1081367988593,0.20717788355864397,0.002048016899371291,147.09781532541555,3.7805976071174547,0.004206751965001471
5.42,2.323210731550857,757.1093912100283,0.207187918797316,0.0020408677433491488,147.1052849668517,3.7741075092041916,0.0042017909315587455
5.425,2.3239516325169163,757.1106515183286,0.2071979108924987,0.0020337493011758447,147.1127180817071,3.7676323337985016,0.004196832579775937
5.43,2.324699511348857,757.1119177728974,0.20720785968508978,0.002026661686022432,147.1201185544878,3.7611721160442753,0.004191876893241832
5.4350000000000005,2.3254543273512103,757.1131899046942,0.2072177654077082,0.002019604731458825,147.12749893868394,3.754726802846563,0.004186923895307628
5.44,2.3262160395025897,757.1144678443358,0.20722762828643676,0.0020125782766423706,147.1348542921147,3.7482963437016372,0.004181973608782013
5.445,2.3269845874588637,757.1157514906483,0.20723744863924634,0.0020055820952819283,147.14217911002976,3.741880667967098,0.004177026065750845
5.45,2.3277599346832294,757.1170407826191,0.2072472266577901,0.001998616050348735,147.14948201490796,3.735479732504211,0.00417208128548145
5.455,2.3285421112520717,757.11833577055,0.20725696218375755,0.0019916802548834004,147.1567586832587,3.729093572826762,0.004167139252042016
5.46,2.329331075358697,757.1196363851084,0.20726665544770284,0.0019847745453042695,147.16399583663198,3.722722136210379,0.004162199987695075
5.465,2.330126782691351,757.1209425529871,0.2072763066816967,0.001977898755909617,147.17119974542777,3.7163653700768906,0.0041572635152839115
5.47,2.3309291675721866,757.1222541664415,0.20728591621541664,0.0019710526515303688,147.1783750691982,3.710023200135313,0.0041523298672255455
5.4750000000000005,2.331738204494032,757.1235711837915,0.20729548417771643,0.001964236140702286,147.1855151432463,3.703695597262753,0.004147399056017368
5.48,2.3325539185886925,757.1248936461824,0.20730501044161245,0.0019574493137281767,147.19262341140373,3.6973825901379023,0.004142471069280999
5.485,2.333376252089406,757.1262214597415,0.20731449530835702,0.0019506919550185257,147.19971738338697,3.6910841087477144,0.004137545935578779
5.49,2.3342051684572613,757.127554565367,0.20732393895693768,0.001943963937889769,147.20678088156828,3.6848001128891927,0.0041326236720545416
5.495,2.335040585452302,757.1288928309449,0.2073333417849823,0.0019372649786760622,147.21382015276598,3.678530511601324,0.004127704316575831
5.5,2.3358825069124305,757.13023626267,0.20734270377372074,0.0019305950907046218,147.22083609712058,3.6722753091329623,0.004122787867349099
5.505,2.3367309445456086,757.1315848793885,0.20735202486763998,0.001923954313704748,147.2278254549202,3.6660345181296066,0.004117874319004182
5.51,2.3375858381865418,757.1329385852325,0.20736130537070938,0.0019173424319432362,147.23477193639818,3.6598080678894385,0.004112963699295025
5.515,2.338447144736169,757.1342973118113,0.2073705454811816,0.001910759303087878,147.2416956966058,3.6535959128332087,0.0041080560270085565
5.5200000000000005,2.3393147756395956,757.1356609196654,0.20737974561065062,0.0019042046344599306,147.24858529427772,3.6473979580509472,0.004103151340091551
5.525,2.3401887519761235,757.1370294420001,0.2073889056611345,0.0018976784957521347,147.2554430915344,3.6412142261354052,0.004098249629503599
5.53,2.3410690755044397,757.1384028816765,0.2073980256258405,0.0018911808916228096,147.2622725373552,3.635044718414211,0.004093350894504093
5.535,2.341955683520928,757.1397811406083,0.20740710580590252,0.001884711606681301,147.26908913605095,3.6288893637448454,0.0040884551620408455
5.54,2.3428485323467845,757.1411641507768,0.20741614639661485,0.001878270502861782,147.27587220884578,3.622748117464817,0.0040835624498621265
5.545,2.3437475235774405,757.1425517599828,0.20742514783527552,0.0018718572678198375,147.28263596388516,3.6166208772728567,0.004078672797344724
5.55,2.3446526915521777,757.1439440213563,0.20743410996915448,0.0018654720106026032,147.28937623272384,3.610507678870482,0.004073786190731733
5.555,2.3455640320269042,757.1453409284429,0.20744303281952406,0.0018591147162438128,147.2960893836844,3.604408517150262,0.004068902631741693
5.5600000000000005,2.3464814799966884,757.1467423813667,0.20745191668851456,0.0018527851702368826,147.30276069558496,3.598323320694344,0.004064022146449448
5.565,2.3474049911459294,757.1481483122906,0.20746076176299555,0.001846483238310124,147.30941143016656,3.592252045621948,0.004059144751671172
5.57,2.3483344592285693,757.1495585596613,0.20746956849937845,0.0018402085960330552,147.31602670306273,3.5861945846899803,0.004054270487204879
5.575,2.3492699341691115,757.1509731994198,0.2074783366832096,0.0018339613959107279,147.32261226936797,3.5801509882901716,0.004049399334328262
5.58,2.3502113952889787,757.1523922003031,0.20748706640646533,0.001827741572125366,147.32917346954318,3.574121234335282,0.004044531300818597
5.585,2.3511587784542467,757.1538154654075,0.2074957579515958,0.0018215489228952549,147.33572026712366,3.5681052552514125,0.004039666410616047
5.59,2.352112028619301,757.1552429120151,0.20750441154572608,0.0018153832872739258,147.34223572893717,3.5621029977443444,0.004034804683222511
5.595,2.3530710557439694,757.1566744054129,0.20751302755972084,0.0018092444003005028,147.34873327629413,3.556114373416518,0.004029946150243702
5.6000000000000005,2.3540359089310696,757.1581100191057,0.20752160579104761,0.001803132406574467,147.3552074455614,3.5501394304837373,0.004025090794410479
5.605,2.355006558877222,757.1595497094972,0.20753014636664244,0.0017970472160153044,147.36165122414627,3.544178138482136,0.0040202386260586795
5.61,2.355982941359063,757.1609933811079,0.20753864955897483,0.0017909886347810243,147.36805879150415,3.5382304320397506,0.004015389667583117
5.615,2.3569649931074115,757.1624409403881,0.20754711561706263,0.0017849564846796491,147.37444458671226,3.532296251536131,0.0040105439399617995
5.62,2.357952636665242,757.1638922732535,0.20755554485015826,0.0017789505459646709,147.3807969632717,3.52637552301916,0.004005701468692545
5.625,2.3589459185937183,757.1653474483317,0.20756393707237525,0.0017729709508368017,147.38712072899804,3.5204682909507277,0.004000862238410855
5.63,2.3599447997249334,757.1668064082194,0.20757229244594833,0.0017670175832122932,147.3934251250859,3.5145745157957426,0.003996026262067804
5.635,2.3609492179714273,757.1682690620295,0.20758061122241278,0.0017610902637592045,147.39971207693793,3.508694136676062,0.003991193559871636
5.64,2.361959101894471,757.1697353057846,0.2075888936755687,0.0017551887979484527,147.40597076467978,3.5028270878419003,0.0039863641540428246
5.6450000000000005,2.3629743855995295,757.1712050438655,0.20759714005784033,0.0017493130053591482,147.41221184755574,3.4969733080564227,0.003981538064937987
5.65,2.3639951137190582,757.1726783410895,0.20760535019789803,0.001743463008319092,147.41843058670818,3.491132838811241,0.003976715278727988
5.655,2.3650212405414646,757.174155131454,0.20761352428045698,0.0017376386757641702,147.4246163080802,3.4853056351477023,0.00397189580960535
5.66,2.3660527040602948,757.1756353255303,0.2076216625466822,0.0017318398357737508,147.43077049762127,3.479491638290939,0.003967079676448269
5.665,2.367089424628319,757.1771188090848,0.20762976529006988,0.001726066278781436,147.43690150335178,3.473690776755499,0.003962266902514108
5.67,2.3681313532835984,757.1786055120933,0.20763783269299607,0.0017203178752714242,147.44300092966074,3.467903006224281,0.003957457502012005
5.675,2.369178528552016,757.1800954897105,0.20764586461202134,0.0017145947272497616,147.4490726635985,3.4621283615756213,0.00395265146372162
5.68,2.3702308886554606,757.1815886539564,0.2076538612858955,0.0017088966638570998,147.45513080999717,3.4563667838235212,0.003947848805647812
5.6850000000000005,2.3712883789855055,757.1830849272255,0.20766182291669083,0.0017032235415659815,147.46116649959765,3.450618223606658,0.003943049543246246
5.69,2.3723509051930494,757.1845841761465,0.2076697498429321,0.0016975751191908122,147.46717909006244,3.444882597882193,0.00393825370243329
5.695,2.3734184450055773,757.1860863693142,0.2076776421441995,0.001691951339779501,147.4731733170397,3.4391598870012756,0.003933461289275108
5.7,2.37449102937784,757.187591550444,0.20768549970942232,0.0016863522826370252,147.47914609744902,3.4334501182966832,0.003928672295288646
5.705,2.375568583118096,757.1890996139168,0.20769332282268005,0.0016807777461788184,147.4850811348377,3.427753221708932,0.003923886741087373
5.71,2.376651056545222,757.1906104901084,0.20770111165661445,0.0016752276066074742,147.49099344778153,3.4220691543731165,0.003919104639757136
5.715,2.377738344875205,757.1921240329054,0.2077088665760614,0.0016697016041771777,147.49687865879577,3.4163978261206474,0.003914326018383241
5.72,2.3788304468629384,757.1936402406062,0.20771658758540107,0.001664199735858086,147.50273500246996,3.410739235888682,0.003909550877263779
5.7250000000000005,2.3799273811596344,757.1951591392336,0.20772427462025683,0.0016587220473580076,147.5085656650076,3.4050933995207435,0.0039047792115867513
5.73,2.3810290693559684,757.1966806200644,0.20773192796473178,0.001653268335356676,147.51438745297992,3.399460245909798,0.003900011041560623
5.735,2.382135457133958,757.1982046080087,0.20773954780248977,0.001647838469980553,147.5201810171768,3.393839729734177,0.0038952463805908897
5.74,2.3832464310169623,757.1997309469559,0.20774713451518717,0.0016424321786944662,147.52595741894524,3.3882317556348824,0.0038904852562377753
5.745,2.384362014523713,757.201259669268,0.20775468802367653,0.0016370495179970548,147.53171473797727,3.3826363433786253,0.0038857276627841117
5.75,2.3854822131257647,757.202790782537,0.20776220831124909,0.0016316904999669115,147.53744962421615,3.377053497144305,0.003880973598897968
5.755,2.3866069468870896,757.2043241773591,0.20776969566072684,0.0016263549238648772,147.54314650707605,3.371483146286608,0.0038762230839477553
5.76,2.387736160709614,757.2058597785051,0.20777715024900212,0.0016210426625658475,147.54882619981277,3.365925246081798,0.0038714761307237612
5.765,2.388869728079577,757.2073974141365,0.20778457249023005,0.0016157534216396418,147.55447514200478,3.360379692761008,0.003866732768152344
5.7700000000000005,2.3900076989985384,757.2089371521836,0.20779196222075366,0.0016104873174740228,147.56009789242887,3.3548465273410297,0.0038619929847909795
5.775,2.3911499731632064,757.2104788574321,0.2077993197753953,0.0016052441114604724,147.56569451373815,3.349325665250621,0.0038572568030608425
5.78,2.392296362384819,757.2120222761088,0.20780664578182084,0.001600023356336852,147.5712643800914,3.343816948002445,0.0038525242650714786
5.785,2.3934470303291384,757.2135676289174,0.20781393969415599,0.001594825441082278,147.57680803577605,3.338320513431249,0.003847795334200664
5.79,2.3946019769961646,757.2151149158583,0.2078212015124007,0.00158965036569675,147.5823254807921,3.3328363615370336,0.0038430700104483987
5.795,2.395761202385897,757.2166641369313,0.20782843123655495,0.001584498130180268,147.58781671513955,3.327364492319798,0.003838348293814683
5.8,2.396924594002587,757.2182151411665,0.20783562921780774,0.0015793684819457858,147.5933270328992,3.321904815508227,0.003833630208422983
5.805,2.398092070135442,757.2197678192425,0.20784279572068046,0.001574261234237189,147.59882230455867,3.316457264846721,0.003828915771761112
5.8100000000000005,2.3992635572700824,757.2213220733031,0.2078499309799255,0.0015691762203831668,147.60429037416048,3.3110217811262266,0.0038242049992088093
5.815,2.4004390267423337,757.2228778652667,0.2078570350830367,0.0015641133768836545,147.6097536283844,3.305598341612755,0.0038194978966484827
5.82,2.401618354140371,757.2244350307305,0.20786410842442232,0.0015590724238367692,147.6151890685919,3.3001868460879473,0.003814794489195213
5.825,2.4028015839562946,757.2259936285363,0.2078711508633667,0.0015540534612685742,147.6206017023911,3.2947873303519057,0.0038100947678380687
5.83,2.4039887056884295,757.2275536448932,0.20787816243118057,0.0015490564671829638,147.62598531804284,3.289399786469175,0.0038053987345944987
5.835,2.4051796286364833,757.2291149603465,0.20788514340554912,0.0015440812447377293,147.63131933405018,3.2840241437114037,0.003800706407305715
5.84,2.4063742858284702,757.2306774870771,0.20789209398908118,0.0015391276477311757,147.6366390714448,3.2786603495498747,0.0037960177989146003
5.845,2.4075726089248657,757.2322411357243,0.2078990143879541,0.0015341955301183515,147.64192705964112,3.2733083513356784,0.0037913329223960126
5.8500000000000005,2.4087745589169995,757.2338058557659,0.2079059047210796,0.001529284806814302,147.64718983979856,3.2679681182820204,0.003786651784877784
5.855,2.40997999175478,757.2353714598181,0.20791276542570697,0.0015243951660499555,147.65243017165164,3.2626395377801214,0.0037819744131599603
5.86,2.4111890124983177,757.2369380845456,0.20791959618293698,0.0015195268352079722,147.65764604244208,3.2573226919589877,0.0037773007876964536
5.865,2.4124016211476125,757.2385057299485,0.20792639699276966,0.0015146798142883521,147.66283745216992,3.252017580818619,0.003772630908487264
5.87,2.413617720984402,757.2400742707295,0.20793316813407098,0.001509853903130164,147.66803220803027,3.2467241315296365,0.0037679647929491104
5.875,2.4148372474216178,757.2416436233758,0.207939909796293,0.0015050489669490275,147.6732256191442,3.2414422951876896,0.003763302452655096
5.88,2.4160601424778276,757.2432137132024,0.20794662215530804,0.001500264882735734,147.67837172483158,3.2361720274056136,0.0037586438978914204
5.885,2.417286339996739,757.2447844552571,0.20795330539832563,0.0014955015145937359,147.6835190498485,3.230913278566242,0.0037539891400731767
5.89,2.418515776338287,757.2463557682062,0.20795995970766123,0.001490758734185174,147.68863603083213,3.225666001852446,0.003749338189919717
5.8950000000000005,2.4197484110824914,757.2479276003423,0.20796658519913552,0.0014860364596599072,147.693708918453,3.2204301674129536,0.0037446910542752207
5.9,2.420984239977457,757.2494999464483,0.20797318188552713,0.001481334681065989,147.69875427257102,3.2152057715631677,0.0037400477337382527
5.905,2.4222231382528556,757.2510726476671,0.20797975012639372,0.0014766531411310713,147.70379168543946,3.2099927202864738,0.0037354082490232907
5.91,2.4234651653936483,757.2526457797347,0.2079862897503141,0.0014719919625112037,147.70881181634053,3.2047910584058252,0.00373077259025459
5.915,2.4247101464498484,757.2542191208628,0.2079928012354882,0.0014673508035714302,147.7138304801187,3.1996006603556237,0.0037261407855259413
5.92,2.425958134351956,757.2557927381525,0.20799928443723828,0.0014627297676721989,147.71884289204877,3.194421564125297,0.003721512826337669
5.925,2.4272090963026782,757.2573665902804,0.20800573945372614,0.0014581287856566235,147.7238329707443,3.189253744492203,0.0037168887178990317
5.93,2.428462943935642,757.2589405658297,0.20801216653479343,0.001453547679919211,147.72879128578083,3.184097136242186,0.0037122684741220918
5.9350000000000005,2.4297195719093194,757.2605145325696,0.20801856595815316,0.0014489862520644342,147.733726730993,3.1789516659241057,0.00370765211099479
5.94,2.430978960221571,757.2620884654661,0.20802493777767886,0.0014444444639747157,147.73863371130616,3.173817319485766,0.003703039631521168
5.945,2.432241038125382,757.2636622765629,0.20803128218821137,0.0014399221765952206,147.7435154813814,3.168694045558985,0.003698431046018106
5.95,2.4335056274816016,757.2652357438865,0.2080375996766961,0.0014354190427896308,147.74837263264996,3.1635817159255137,0.0036938263807261085
5.955,2.434772874039168,757.2668090490498,0.20804388984472666,0.0014309353465760822,147.7532046812178,3.1584804354902722,0.0036892256141758594
5.96,2.4360427777980806,757.2683821920529,0.20805015269230304,0.0014264710879545752,147.7580116270849,3.153390204253261,0.00368462874636736
5.965,2.4373153166829584,757.2699551454945,0.20805638827623824,0.001422026225960848,147.76280275707134,3.1483110068394073,0.0036800357804490824
5.97,2.4385903554943194,757.2715277416146,0.20806259694630427,0.0014176005091520814,147.76762020619634,3.143242749062793,0.003675446735689273
5.9750000000000005,2.4398678206031925,757.2730998895162,0.20806877890333275,0.0014131937974939635,147.77240183112687,3.1381853796118757,0.0036708616224254364
5.98,2.4411476382818735,757.2746714983876,0.20807493433596483,0.0014088059549069035,147.77717958339727,3.133138847728877,0.003666280450780962
5.985,2.4424297428649524,757.2762424878815,0.20808106341401125,0.0014044368616727989,147.7819269024385,3.1281031086982534,0.0036617032294557665
5.99,2.443714074775284,757.2778127849599,0.20808716629135218,0.0014000864087168946,147.78663143219012,3.123078121812915,0.0036571299664280516
5.995,2.4450006850566606,757.2793824521992,0.20809324283614802,0.0013957546894909506,147.7913037589294,3.1180639219493935,0.0036525606548623493
6.0,2.4462893995517567,757.2809512771922,0.20809929350337547,0.001391441378791855,147.79596078173984,3.113060387604674,0.0036479953174582596
6.005,2.4475802384766108,757.2825192845946,0.20810531824022116,0.0013871465143689159,147.80060053898987,3.108067532882725,0.0036434339515808312
6.01,2.448873224077708,757.2840865015907,0.2081113169870722,0.0013828701388022666,147.80522141422648,3.1030853736352477,0.0036388765542914726
6.015000000000001,2.450168106057398,757.2856526243288,0.2081172903566856,0.0013786118133048443,147.80986261014098,3.098113744349023,0.0036343231571411942
6.0200000000000005,2.451465004197916,757.2872177982199,0.2081232380558209,0.0013743717478622208,147.81450536592618,3.09315272423192,0.003629773745030972
6.025,2.4527638582577094,757.288781950603,0.20812916023959557,0.0013701498322571286,147.81914222544623,3.088202271988927,0.003625228325324553
6.03,2.454064496248872,757.2903448740336,0.20813505735086568,0.0013659457518224209,147.82375190164657,3.0832622697239613,0.003620686919045224
6.035,2.455367015620873,757.2919066860511,0.20814092913870613,0.0013617596848505545,147.8283464559111,3.0783327842377117,0.0036161495142810534
6.04,2.456671289666023,757.2934672346078,0.2081467759121756,0.001357591411553481,147.83291482189594,3.0734137323187416,0.0036116161259855564
6.045,2.457977227599205,757.2950264107627,0.2081525978927124,0.0013534407744546942,147.83744907064803,3.0685050543466725,0.0036070867648728133
6.05,2.4592849044964864,757.2965843046063,0.20815839489719493,0.0013493079037816722,147.84195575913,3.06360679962544,0.00360256142208266
6.055,2.46059411782403,757.2981406745064,0.20816416740641314,0.0013451924573614216,147.8464226389567,3.0587188377433896,0.003598040120704407
6.0600000000000005,2.4619048854645094,757.299695541798,0.20816991537791585,0.0013410944654060166,147.8508507915962,3.053841180215182,0.003593522858699388
6.065,2.4632172454238,757.301248951832,0.2081756387216571,0.001337013991971247,147.85524308678401,3.0489738514696105,0.003589009631730523
6.07,2.464531102382706,757.3028007915066,0.20818133767685856,0.00133295086466809,147.85963596420342,3.044116786938098,0.0035845004503446843
6.075,2.465846383591594,757.30435097465,0.2081870124171852,0.0013289049602269452,147.86401829532625,3.03926993948905,0.003579995322488439
6.08,2.467163021064231,757.3058994209965,0.20819266309858891,0.0013248761676346056,147.86838649999095,3.0344332664335414,0.003575494255432151
6.085,2.4684809582037923,757.3074460639202,0.20819828984947922,0.0013208643939274121,147.8727688636276,3.0296067323889826,0.0035709972551222473
6.09,2.4698001355582133,757.3089908334998,0.20820389281060234,0.0013168695402881107,147.87713440594746,3.0247902994526035,0.003566504327787471
6.095,2.4711205031409973,757.3105336712896,0.20820947209969645,0.0013128915246763502,147.88144459356175,3.019983936117957,0.003562015478483098
6.1000000000000005,2.472442005455155,757.31207451231,0.20821502784328544,0.0013089302557856106,147.88572136518383,3.0151876073834862,0.003557530712848044
6.105,2.4737645928174006,757.3136132987001,0.20822056015343282,0.00130498565249751,147.88998906907145,3.0104012821073947,0.003553050035759791
6.11,2.4750882125928655,757.3151499692144,0.20822606915089897,0.0013010576285307337,147.89425114343854,3.0056249271965227,0.00354857345237435
6.115,2.4764128141012787,757.3166844650682,0.20823155495083734,0.0012971461011029133,147.89852104708925,3.0008585108866987,0.003544100967552771
6.12,2.4777383452487785,757.3182167257622,0.20823701767299876,0.0012932509854758408,147.9027855482488,2.9961020005640906,0.0035396325863342576
6.125,2.479064754099968,757.3197466914144,0.20824245743549236,0.0012893721982142167,147.90702868053606,2.9913553640154182,0.003535168313515982
6.13,2.480391988298153,757.3212743017575,0.20824787435598963,0.0012855096555199378,147.91124805661124,2.9866185689090705,0.003530708153887052
6.135,2.4817199956125426,757.3227994966318,0.2082532685524374,0.0012816632736862839,147.91543549098424,2.981891582941618,0.0035262521122435774
6.140000000000001,2.4830486986514346,757.3243221871409,0.2082586401945638,0.0012778329299963915,147.91962493507813,2.9771743586525785,0.0035218001955573653
6.1450000000000005,2.4843780678080094,757.3258423394874,0.20826398934957382,0.0012740185776279431,147.92379396410496,2.972466877897538,0.0035173524063969014
6.15,2.4857080239109886,757.3273598632586,0.20826931619140576,0.0012702200925341417,147.92794257944522,2.967769092534492,0.0035129087516423824
6.155,2.487038501117442,757.328874683348,0.20827462086235593,0.001266437372298192,147.93208974863597,2.9630809627551282,0.0035084692369720923
6.16,2.48836953883521,757.3303868447435,0.20827990327701745,0.0012626704783162393,147.93622559455244,2.9584025124150797,0.0035040338589694213
6.165,2.489700950577419,757.3318961355795,0.20828516384727255,0.001258919118650008,147.94031319753972,2.9537336281804745,0.003499602633290345
6.17,2.4910328150082175,757.3334026452254,0.20829040239938051,0.0012551834164453005,147.9443681310971,2.949074357857961,0.003495175553330839
6.175,2.492365020946826,757.334906247937,0.20829561917788733,0.0012514631965451798,147.94840538012673,2.9444246333316704,0.0034907526281036712
6.18,2.4936975131548973,757.3364068812402,0.20830081430429173,0.001247758371925792,147.95243238963167,2.939784420759348,0.003486333862086689
6.1850000000000005,2.4950303054050225,757.3379045608756,0.2083059877442977,0.0012440689671257645,147.9564476254006,2.9351537294639893,0.0034819192541113704
6.19,2.4963632179918256,757.3393990844876,0.20831113987145422,0.001240394714448611,147.96047705560818,2.930532454150321,0.003477508818462892
6.195,2.4976963346362,757.3408905463493,0.20831627051173277,0.0012367357386084022,147.96450858223696,2.92592064387316,0.003473102548486095
6.2,2.4990295021388027,757.3423787749682,0.2083213800000686,0.0012330918016809757,147.9685221677273,2.9213182061007354,0.003468700455761285
6.205,2.5003627207279897,757.3438637705999,0.20832646833596255,0.0012294629040209765,147.9725178419468,2.916725140970973,0.003464302540271201
6.21,2.5016959546809825,757.345345493595,0.20833153558910042,0.0012258489962763846,147.97648840315728,2.9121414286381664,0.0034599088046243665
6.215,2.5030290647304896,757.346823788776,0.20833658204609976,0.00122224987516429,147.98041026725784,2.907566988658931,0.003455519259153217
6.22,2.5043621250918253,757.3482987388367,0.20834160755422257,0.0012186656490138258,147.98429600217762,2.903001863901415,0.003451133898351614
6.2250000000000005,2.5056949397764616,757.3497701266641,0.2083466125297725,0.001215096019426143,147.9881747654866,2.898445937717874,0.0034467527359677472
6.23,2.507027573067545,757.3512380234702,0.20835159683620424,0.0012115410842744056,147.99203699366402,2.8938992483681214,0.003442375767492289
6.235,2.508359931765996,757.3527023265362,0.2083565606582161,0.0012080007109506283,147.99590026668258,2.8893617429832603,0.0034380029993461986
6.24,2.509691926255104,757.3541629370516,0.2083615041744354,0.001204474771223766,147.99978120082048,2.8848333705249267,0.0034336344377126804
6.245,2.5110235997117605,757.3556199027391,0.20836642730068503,0.0012009633258144006,148.00366591528373,2.88031415529246,0.003429270079542382
6.25,2.512354761707852,757.357073014941,0.20837133043762407,0.001197466090373982,148.00752396922599,2.875803985580382,0.0034249099371871992
6.255,2.5136854962090003,757.3585223656607,0.20837621340858958,0.0011939831902805453,148.0113687849542,2.8713029106430796,0.0034205540052008004
6.26,2.51501566274631,757.3599678017207,0.20838107649188142,0.0011905144283647217,148.0151722707128,2.8668108515713953,0.0034162022925682553
6.265000000000001,2.5163452286617423,757.3614092875082,0.20838591975220236,0.0011870597587860085,148.01892789536487,2.862327790019502,0.0034118548013785297
6.2700000000000005,2.517674190949092,757.3628468200395,0.20839074319825063,0.001183619174523872,148.02265225065537,2.8578537235357886,0.003407511531632373
6.275,2.519002396163613,757.3642802329812,0.20839554714328481,0.0011801924507472315,148.02637264656443,2.853388563348502,0.0034031724924987235
6.28,2.5203299199754547,757.3657096083593,0.20840033143282377,0.0011767796983298833,148.03007561537586,2.84893235323478,0.0033988376794559863
6.285,2.521656579547229,757.3671347489371,0.2084050964171511,0.0011733806653778669,148.03380204442067,2.8444849918241584,0.0033945071033098786
6.29,2.5229824061308053,757.3685556884276,0.20840984203639382,0.001169995394946694,148.0375449449447,2.8400464964435987,0.0033901807622134105
6.295,2.5243073438168584,757.3699723670544,0.20841456840643066,0.0011666238053045456,148.04128464214142,2.8356168348247195,0.0033858586591398615
6.3,2.5256312828320353,757.3713846671612,0.2084192757500429,0.0011632657385207067,148.04499989437087,2.831195944297822,0.0033815408001058723
6.305,2.5269542837573695,757.3727926536978,0.20842396394396373,0.0011599212819660275,148.0487027343719,2.8267838595068637,0.003377227181787445
6.3100000000000005,2.5282761326438674,757.374196098506,0.20842863340230902,0.0011565901412174788,148.05237124186493,2.8223804619646766,0.003372917815686594
6.315,2.5295969192838688,757.3755950973415,0.2084332839512783,0.0011532724398415823,148.05601461658108,2.8179858013991894,0.0033686126969760346
6.32,2.5309164473952706,757.3769894422828,0.20843791595958636,0.0011499679144119648,148.05963961956135,2.8135997710550082,0.0033643118357794973
6.325,2.532234663069807,757.378379076225,0.2084425295284995,0.0011466764925793958,148.06324810770462,2.8092223416120974,0.003360015234877432
6.33,2.5335516647420318,757.3797641034397,0.20844712447310904,0.0011433983064509656,148.06683669038048,2.8048535666077865,0.003355722889192835
6.335,2.5348674524119446,757.3811445239269,0.208451700793415,0.0011401333560266745,148.0704053675889,2.800493446042075,0.0033514347987257075
6.34,2.536181653977115,757.3825199467424,0.20845625920688252,0.0011368811287821448,148.0739647506338,2.796141774783678,0.003347150980990751
6.345,2.5374944454281265,757.3838905567881,0.20846079937417736,0.0011336418671223062,148.07750982076385,2.791798649852048,0.0033428714277041645
6.3500000000000005,2.5388058489432965,757.3852563773653,0.20846532125253664,0.0011304156015950076,148.08103994551647,2.787464083473569,0.003338596137822023
6.355,2.5401157725464363,757.3866173126015,0.20846982501611627,0.0011272022079444107,148.0845543996166,2.7831380249921236,0.0033343251154106866
6.36,2.541423922603122,757.3879730564228,0.20847431122091015,0.001124001289483149,148.08805086762015,2.7788203126878135,0.003330058373452021
6.365,2.5427305004448693,757.3893238186897,0.20847877948569904,0.0011208131182013645,148.09153093711987,2.774511057444478,0.0033257959030449616
6.37,2.5440355060716784,757.3906695994024,0.20848322981048292,0.0011176376940990574,148.09499460811574,2.770210259262117,0.0033215377041895086
6.375,2.545338708843743,757.3920101601835,0.20848766262466903,0.0011144747101651472,148.09845298682995,2.7659177937349306,0.0033172837863686758
6.38,2.5466400237189086,757.3933454131379,0.20849207808658946,0.0011113240531976502,148.10191016837982,2.7616336149916645,0.003313034153079066
6.385,2.547939579054991,757.3946754909297,0.20849647595726656,0.0011081858940572358,148.105359971827,2.7573577922677943,0.003308788799043105
6.390000000000001,2.549237374851991,757.3960003935586,0.2085008562367004,0.0011050602327439035,148.1088023971715,2.7530903255633197,0.0033045477242607917
6.3950000000000005,2.5505333102650227,757.3973200176379,0.20850521913881223,0.0011019469181657022,148.1122036572015,2.74883115420555,0.003300310931985823
6.4,2.551827267573437,757.3986342424171,0.2085095648624285,0.0010988458069194577,148.11559507928519,2.744580218320632,0.0032960784271000164
6.405,2.553119138817319,757.399942957892,0.2085138935903087,0.0010957567691198856,148.11896506017183,2.740337464193777,0.0032918502138839546
6.41,2.554408908222062,757.4012461483816,0.20851820535183715,0.0010926797833314696,148.12232310553952,2.7361028830450995,0.0032876262927294796
6.415,2.5556963875753134,757.4025436236054,0.20852250047900567,0.0010896146117013088,148.12568734400872,2.7318763769983603,0.003283406670142416
6.42,2.5569816977619877,757.4038355057768,0.2085267787585828,0.0010865614069974184,148.12904613194016,2.7276580089174502,0.003279191341944206
6.425,2.558264838782085,757.4051217948955,0.20853104019056848,0.001083520169219799,148.13239946933388,2.72344777880237,0.0032749803081348504
6.43,2.559545566284576,757.4064022459089,0.2085352852280691,0.0010804905765050392,148.13571347506203,2.719245554876564,0.0032707735759201885
6.4350000000000005,2.5608239194168756,757.4076768980767,0.20853951379849264,0.0010774726804187928,148.1389935772114,2.715051358251922,0.003266571144145774
6.44,2.56209995354867,757.4089458069277,0.20854372579916564,0.0010744665538949718,148.14224745321,2.710865218788872,0.003262373011178773
6.445,2.5633736451937184,757.4102089490082,0.20854792126991414,0.001071472167797483,148.14548986666946,2.7066871244017228,0.003258179177739394
6.45,2.564644861806877,757.4114661920565,0.20855210043864664,0.001068489357152896,148.14876836270955,2.7025170066706266,0.00325398964784283
6.455,2.565913517088279,757.412717450501,0.20855626346138498,0.0010655180131631898,148.15202857034927,2.698354820447022,0.0032498044238717517
6.46,2.5671795653185265,757.4139626791967,0.20856041041669157,0.0010625580789588242,148.1552868064371,2.69420054207233,0.0032456235070419254
6.465,2.5684428620103357,757.4152017361419,0.20856454155836948,0.0010596093750167596,148.15850752487069,2.690054096909108,0.0032414469009878146
6.47,2.5697034856835272,757.4164346985541,0.20856865674869984,0.0010566719989333361,148.16170615463486,2.685915525534162,0.0032372746037195974
6.4750000000000005,2.5709613777756406,757.4176615092155,0.20857275609219375,0.0010537458758580333,148.16488736806252,2.681784796979281,0.0032331066164937856
6.48,2.5722163927194694,757.4188820259013,0.2085768398486318,0.0010508308197368353,148.1680627790518,2.6776618342675795,0.0032289429424336613
6.485,2.5734686155695865,757.4200963317132,0.20858090786622482,0.0010479269392806609,148.1712256016297,2.673546682376468,0.0032247835797142984
6.49,2.5747180004392205,757.4213043820099,0.20858496022183048,0.0010450341788373063,148.1743921020653,2.6694393178296756,0.0032206285293796127
6.495,2.5759644464542037,757.4225060787805,0.20858899708733955,0.001042152415300496,148.1775699903246,2.665339688925261,0.0032164777936563435
6.5,2.57720788048098,757.4237013514565,0.20859301859175217,0.0010392815581917571,148.18072468138783,2.6612477580478453,0.0032123313739538754
6.505,2.5784482508770443,757.4248901503173,0.20859702482150658,0.0010364215447468078,148.1838780338302,2.6571634987920674,0.0032081892712695383
6.51,2.579685467681441,757.4260723894417,0.20860101593104494,0.0010335722658294459,148.1870055543894,2.653086865302429,0.003204051487133775
6.515000000000001,2.580919485409074,757.4272480253019,0.20860499199820143,0.0010307336661951568,148.19010004494555,2.6490178343719695,0.0031999180223447406
6.5200000000000005,2.5821503605082663,757.428417111917,0.20860895292638154,0.0010279058144039863,148.19317043857416,2.6449564348012014,0.0031957888759119027
6.525,2.5833779745747485,757.4295795368508,0.20861289892259227,0.0010250885622438502,148.19622435988518,2.640902604620172,0.003191664049395278
6.53,2.5846022320106488,757.4307352093238,0.20861683015396804,0.0010222817900504867,148.19926796487684,2.63685629379525,0.0031875435440544045
6.535,2.58582321655875,757.4318842088577,0.2086207464741007,0.0010194856026485978,148.20229586095599,2.6328175461553984,0.00318342735878594
6.54,2.5870408235575915,757.4330264368324,0.2086246480584895,0.0010166998744302327,148.20531354675768,2.6287863084984537,0.0031793154949869918
6.545,2.5882549058237028,757.4341617545601,0.20862853515393565,0.0010139244287552642,148.20832875491035,2.6247625060072033,0.0031752079546222872
6.55,2.589465570192771,757.4352902627098,0.20863240758129417,0.001011159393841008,148.21133587255088,2.6207461929890257,0.0031711047362656944
6.555,2.5906727351283414,757.4364118851446,0.20863626547388134,0.0010084046740891925,148.21434285631497,2.6167373284958773,0.003167005840911296
6.5600000000000005,2.591876208716239,757.4375264426591,0.20864010914548667,0.001005660044488032,148.21736843391403,2.6127358161474348,0.0031629112708988867
6.565,2.5930761143154046,757.4386340504433,0.20864393839441195,0.0010029256496710106,148.22040056751578,2.6087417178952186,0.0031588210247244907
6.57,2.5942724412637674,757.4397346986377,0.2086477532415848,0.0010002014750809891,148.223430881115,2.604755027885044,0.0031547351023783325
6.575,2.595465086198198,757.4408282916384,0.2086515538796256,0.000997487385478359,148.22640903664424,2.6007756906965303,0.0031506535040856896
6.58,2.5966539480338624,757.4419147361962,0.20865534046053827,0.0009947832705807051,148.22937133701822,2.596803657498636,0.0031465762311732397
6.585,2.5978389895777263,757.4429939983061,0.2086591130452807,0.0009920890872120753,148.23230989159785,2.592838909848932,0.003142503283901956
6.59,2.599020032935903,757.4440659161432,0.20866287193035532,0.0009894046231957974,148.23523198453063,2.5888813573766503,0.0031384346629439327
6.595,2.600197187302613,757.4451305891009,0.20866661693429664,0.0009867300083136418,148.23813471791576,2.5849310554042564,0.0031343703678421097
6.6000000000000005,2.6013704526778576,757.4461880171792,0.2086703480571046,0.000984065242565608,148.24101809175326,2.5809880039317497,0.003130310398596485
6.605,2.6025397503351684,757.4472381291681,0.20867406542456282,0.00098141023487639,148.2439078848387,2.5770521634172643,0.003126254755544557
6.61,2.603705013897706,757.448280865131,0.20867776914446337,0.0009787649079323246,148.24681050427026,2.5731235004940545,0.003122203438914541
6.615,2.604866181159662,757.4493161692914,0.20868145932449214,0.0009761291872658021,148.24967321847075,2.5692019837859026,0.0031181564487044356
6.62,2.6060232064215207,757.4503440008983,0.2086851360363595,0.000973503019591361,148.25253964656528,2.5652875901618915,0.0031141137849179466
6.625,2.607176033768105,757.4513643102754,0.20868879937170773,0.000970886339952132,148.25539858216177,2.561380291598468,0.003110075447536226
6.63,2.608324593266449,757.4523770354406,0.2086924494459917,0.0009682790674090058,148.2582167733574,2.557480053165889,0.0031060414365164644
6.635,2.609468914654817,757.4533822028483,0.2086960862102942,0.0009656812360802488,148.26101201451763,2.5535868896098126,0.0031020117518298254
6.640000000000001,2.6106088561543195,757.4543796876927,0.20869970989885278,0.0009630926773411866,148.2638107019388,2.549700728460706,0.00309798639284483
6.6450000000000005,2.611744477052283,757.4553695421637,0.2087033204137169,0.0009605134617051811,148.26660179754728,2.5458216000229754,0.0030939653598255432
6.65,2.6128756502830943,757.456351655247,0.20870691795601082,0.0009579434448068452,148.26939902789013,2.5419494412319152,0.0030899486524263663
6.655,2.6140023774840535,757.457326028373,0.208710502523143,0.0009553826285063943,148.27220221609437,2.5380842529001457,0.003085936270651753
6.66,2.6151246534641115,757.4582926571982,0.2087140741274677,0.0009528310046658107,148.27499649088907,2.534226031855037,0.0030819282142896687
6.665,2.6162423964992816,757.4592514709539,0.20871763290611958,0.0009502884760785531,148.27776470764198,2.5303747362798115,0.003077924482664263
6.67,2.617355519367674,757.4602023946993,0.20872117899427264,0.0009477549454919095,148.28052072903307,2.526530323187871,0.0030739250753365247
6.675,2.6184639897627036,757.4611454008045,0.20872471244370772,0.0009452303762827167,148.2832563134904,2.522692776585964,0.0030699299920747963
6.68,2.619567760548935,757.4620804495808,0.20872823333281684,0.0009427147122270061,148.28597547676907,2.51886207214004,0.003065939232183347
6.6850000000000005,2.620666668507983,757.4630074027341,0.20873174192884295,0.000940207762271573,148.28867894186692,2.5150381268263295,0.0030619527937289035
6.69,2.621760839864061,757.4639263672136,0.20873523802511493,0.0009377096741665646,148.2913661496568,2.511221004850896,0.0030579706782065553
6.695,2.6228502746171687,757.4648373430192,0.20873872162163276,0.0009352204479119807,148.29403710013872,2.5074107062137396,0.0030539928856163022
6.7,2.623934939073976,757.4657403018498,0.20874219277068815,0.0009327400455811559,148.29670360207234,2.503607214001248,0.0030500194156026423
6.705,2.6250147144103675,757.4666351438976,0.20874565165669468,0.0009302683334205411,148.29940730065627,2.49981046856527,0.003046050266911853
6.71,2.6260895596831624,757.4675218353422,0.20874909835225916,0.0009278052626220219,148.30208163461737,2.496020449371486,0.0030420854388008376
6.715,2.6271594402175324,757.4684003474354,0.2087525329133015,0.0009253507931877034,148.30472711165586,2.4922371389404145,0.0030381249307502725
6.72,2.6282242954939865,757.4692706302399,0.20875595543295689,0.0009229048559402264,148.30739958019515,2.488460506591317,0.0030341687418352684
6.7250000000000005,2.629284086431873,757.4701326519058,0.20875936597737366,0.0009204674062639376,148.31004150501468,2.484690532715656,0.0030302168713815525
6.73,2.630338781665169,757.4709863868385,0.20876276459671572,0.0009180384083206431,148.3126523621548,2.4809272014985324,0.0030262693188481656
6.735,2.631388324171504,757.4718317887149,0.2087661513785088,0.0009156177969934193,148.3152868626786,2.4771704841155144,0.003022326083199903
6.74,2.632432677377427,757.472668828172,0.20876952638447502,0.0009132055305324549,148.31789375208223,2.473420362063139,0.0030183871637070106
6.745,2.6334718097396683,757.4734974798523,0.20877288966513594,0.0009108015729325247,148.32047053363735,2.469676819377766,0.003014452559742697
6.75,2.634505664891495,757.4743176986603,0.20877624130708558,0.0009084058598778455,148.32306896558882,2.4659398274959123,0.0030105222701336818
6.755,2.635534208541878,757.475129457491,0.20877958136800737,0.0009060183522573747,148.3256430278531,2.462209369008407,0.003006596294106032
6.76,2.636557408548907,757.4759327308939,0.20878290989946208,0.0009036390134114132,148.3281882463414,2.458485427598543,0.003002674630939327
6.765000000000001,2.637575208915268,757.4767274747699,0.20878622698759572,0.000901267779493266,148.33075312822945,2.4547679748032096,0.002998757279321809
6.7700000000000005,2.6385875775392864,757.4775136641557,0.20878953268626138,0.0008989046139078151,148.33329634287972,2.4510569942686606,0.002994844238444094
6.775,2.6395944738172346,757.4782912674627,0.20879282706102698,0.0008965494701804889,148.33580898347932,2.4473524652487346,0.00299093550726398
6.78,2.6405958163046854,757.479060221715,0.20879611024129935,0.0008942022545898094,148.3383165350782,2.443654345912566,0.0029870310835619124
6.785,2.6415916461643794,757.4798205587784,0.20879938216147004,0.0008918630144547725,148.3408103283521,2.439962657380723,0.002983130968447136
6.79,2.6425817592451715,757.4805721227683,0.20880264314758598,0.0008895315163763809,148.34329522561447,2.4362772950441247,0.0029792351560996026
6.795,2.6435662482924767,757.4813149845025,0.20880589305152478,0.0008872078663872834,148.3457690179271,2.4325983064264456,0.0029753436491633473
6.8,2.644545125757419,757.4820491534888,0.2088091318534009,0.0008848920787224228,148.3482314087387,2.4289256979077654,0.002971456447993333
6.805,2.645518354688752,757.4827746018482,0.20881235961031425,0.0008825841119613544,148.35069504914992,2.425259450569254,0.0029675735515413654
6.8100000000000005,2.646485848024325,757.4834912638947,0.20881557645679996,0.0008802838685118873,148.35318974687138,2.4215995198355804,0.002963694957337757
6.815,2.647447552746845,757.4841991003276,0.2088187824840036,0.0008779912862806871,148.35564836308043,2.4179458784798236,0.002959820663523135
6.82,2.648403447324523,757.4848980953128,0.20882197772462102,0.0008757063407633493,148.3580951320663,2.4142985153164855,0.002955950669375739
6.825,2.6493534856272776,757.4855882148614,0.2088251622505099,0.0008734289792455425,148.36055860785618,2.410657406440659,0.0029520849733449153
6.83,2.650297580007395,757.4862693953036,0.20882833620511468,0.0008711591006770293,148.3630050511976,2.4070225062469803,0.002948223572238424
6.835,2.651235770882107,757.4869416660646,0.20883149952273478,0.0008688967515974041,148.36544434647706,2.4033938357513716,0.002944366467511198
6.84,2.65216790444916,757.487604916995,0.20883465245042782,0.0008666417554850686,148.36787195939397,2.3997713148071282,0.002940513653353081
6.845,2.653094014217231,757.4882591720929,0.20883779493436763,0.0008643941507985303,148.3702888778299,2.3961549608756973,0.0029366651310299224
6.8500000000000005,2.654014129311177,757.4889044522167,0.20884092692777012,0.0008621539709649089,148.37269596042543,2.392544789134108,0.0029328209016419664
6.855,2.6549282171753585,757.4895407343962,0.2088440484826759,0.0008599211792572674,148.37508231041633,2.3889407826098497,0.0029289809639626526
6.86,2.6558361964002506,757.490167961191,0.20884715972921947,0.0008576956838352186,148.3774206790557,2.385342898860991,0.0029251453149248064
6.865,2.656738018799011,757.4907860992262,0.2088502607428477,0.0008554774278790389,148.37977283132244,2.381751112574087,0.002921313952363963
6.87,2.657633663198461,757.4913951340161,0.20885335155890394,0.0008532663870515002,148.38211812112482,2.378165412523414,0.0029174868753653266
6.875,2.658523086635549,757.4919950361168,0.2088564322483238,0.0008510625118416257,148.38442957695477,2.3745857759615707,0.002913664082066867
6.88,2.659406203664002,757.4925857478781,0.2088595029481558,0.0008488657027616728,148.38673831052887,2.371012157374594,0.0029098455685022105
6.885,2.660283054587628,757.4931672965579,0.20886256359350747,0.0008466760066729809,148.3890349351749,2.3674445782105713,0.002906031336524202
6.890000000000001,2.6611535025158317,757.4937395915155,0.20886561440641782,0.0008444932645314285,148.3913231095468,2.363882965294218,0.002902221379552976
6.8950000000000005,2.662017557153122,757.4943026391767,0.208868655371146,0.0008423174876120413,148.39360257427367,2.3603273238131095,0.002898415698054995
6.9,2.6628752578951573,757.494856465627,0.2088716864237915,0.0008401487216860276,148.3958722764338,2.356777674826314,0.002894614293923875
6.905,2.6637265926740983,757.4954010630225,0.20887470758330798,0.0008379869529632464,148.3981371841393,2.3532340118670123,0.002890817166581684
6.91,2.6645714614280993,757.4959363663264,0.20887771900685137,0.0008358320671011963,148.400438491048,2.3496962813148436,0.0028870243112364335
6.915,2.6654098443235092,757.496462363171,0.20888072073168254,0.0008336840397583316,148.40272548489958,2.34616447240959,0.0028832357266904023
6.92,2.66624170511818,757.4969790305078,0.20888371281879856,0.0008315428282144641,148.40497787621268,2.3426385655713644,0.002879451410999856
6.925,2.667066995224643,757.4974863379479,0.20888669534375492,0.0008294083756741181,148.40725513343196,2.339118534219188,0.0028756713615297707
6.93,2.667885692688512,757.4979842721374,0.208889668345494,0.0008272806563240149,148.40951233626765,2.3356043663739756,0.002871895577026205
6.9350000000000005,2.6686977673224224,757.4984728145447,0.20889263187450177,0.0008251596346946853,148.41173502979274,2.332096045534138,0.0028681240557879967
6.94,2.6695031738022914,757.4989519377614,0.2088955860018849,0.0008230452573423671,148.4139789726817,2.3285935467274688,0.002864356795177893
6.945,2.6703018902358675,757.499421628903,0.20889853076653095,0.0008209374983008889,148.4162033564969,2.325096857800163,0.0028605937938637567
6.95,2.6710938880410944,757.4998818710188,0.20890146621648023,0.0008188363237205609,148.41839650484314,2.3216059629142825,0.002856835050126061
6.955,2.6718791233731034,757.5003326385015,0.20890439242132883,0.0008167416814793348,148.42060888171778,2.3181208376246487,0.00285308056124873
6.96,2.672657554036397,757.5007739073645,0.20890730945372962,0.0008146535215620031,148.42279697291414,2.314641458358553,0.0028493303245635763
6.965,2.6734291640936023,757.5012056684824,0.2089102173406929,0.0008125718250682588,148.42495129950117,2.311167816219488,0.0028455843390691135
6.97,2.6741939346276524,757.5016279115255,0.2089131161141305,0.0008104965681987317,148.42709275407458,2.3076999000936347,0.002841842603346521
6.9750000000000005,2.6749518090287614,757.5020406048794,0.2089160058697471,0.000808427681644888,148.42923885491214,2.304237677498246,0.002838105113472089
6.98,2.6757028038684774,757.502443758001,0.20891888657886887,0.0008063651862471854,148.4313827032342,2.3007811580771342,0.0028343718706401464
6.985,2.6764468252046862,757.5028373198348,0.20892175839573285,0.0008043089708313896,148.43354103978425,2.2973302888666396,0.0028306428686578748
6.99,2.677183913126501,757.5032213121682,0.20892462125451952,0.0008022590828402952,148.43570672057194,2.2938850924686176,0.0028269181101680143
6.995,2.677914025686201,757.5035957128201,0.20892747523178734,0.0008002154688786895,148.43784877868208,2.2904455440725338,0.0028231975918679686
7.0,2.6786371179657333,757.5039604983093,0.2089303204019717,0.000798178074961485,148.43998249462635,2.2870116178231448,0.002819481310591031
7.005,2.679353119791248,757.5043156331981,0.20893315688361525,0.0007961468167408355,148.44209643544403,2.2835832733411237,0.0028157692612677684
7.01,2.680062058079464,757.5046611310848,0.20893598463107363,0.0007941217266434752,148.44419612264153,2.280160526131187,0.002812061445851244
7.015000000000001,2.68076380258886,757.5049969291239,0.20893880387368122,0.0007921026404235999,148.44628253324922,2.276743298186197,0.002808357853632758
7.0200000000000005,2.6814583857359784,757.5053230429571,0.2089416145543577,0.0007900895989612701,148.4483554240886,2.2733316089217888,0.002804658487277659
7.025,2.682145835605082,757.5056394861361,0.20894441662365118,0.0007880826376731639,148.45041458448046,2.2699254751588103,0.002800963349095087
7.03,2.6828261521961694,757.505946258661,0.2089472100815617,0.0007860817565592813,148.45246001442476,2.266524896897261,0.0027972724390850426
7.035,2.683499256423087,757.506243323914,0.20894999506140624,0.0007840868583893623,148.45453066608354,2.2631298268452387,0.0027935857509292267
7.04,2.684165135612591,757.5065306761195,0.20895277158534017,0.0007820979273420988,148.45662560125706,2.2597402573840064,0.002789903283575492
7.045,2.6848237310393293,757.5068082894763,0.20895553976430054,0.0007801148875911948,148.45866544698956,2.256356152787723,0.002786225031733937
7.05,2.685475044148942,757.5070761649675,0.20895829959289072,0.000778137741048999,148.4606930882422,2.252977513712236,0.002782550995508074
7.055,2.6861190293524295,757.5073342832372,0.2089610511491348,0.0007761664294347532,148.46276148111318,2.2496043119534135,0.0027788811708034855
7.0600000000000005,2.686755668973936,757.5075826374919,0.2089637944688279,0.0007742009292905912,148.4648227648208,2.246236536279996,0.0027752155558538293
7.065,2.68738494216043,757.5078212193129,0.20896652959105058,0.0007722412134312988,148.4668593229674,2.242874173610014,0.002771554148676855
7.07,2.688006805178585,757.5080500120594,0.20896925659352103,0.0007702872262640042,148.46886969875735,2.239517196730061,0.0027678969452447546
7.075,2.6886212612137137,757.5082690170293,0.20897197547066934,0.0007683389715834994,148.47085816018233,2.236165607527446,0.002764243945807353
7.08,2.6892282755176407,757.5084782215297,0.20897468628631627,0.0007663964027103493,148.47284610833597,2.2328193835014782,0.0027605951467597647
7.085,2.6898278070874158,757.508677611471,0.2089773891160339,0.000764459465931309,148.47482447275826,2.2294784982925133,0.002756950543990784
7.09,2.6904198026431763,757.5088671692832,0.2089800840573694,0.0007625280908869629,148.47680412332983,2.2261429174212575,0.002753310132029292
7.095,2.6910042946520125,757.5090469057045,0.20898277105085658,0.0007606023204340271,148.47877921240757,2.2228126618899147,0.002749673914204578
7.1000000000000005,2.6915812722642607,757.5092168173883,0.20898545011818304,0.0007586821392453952,148.480745188862,2.219487724298138,0.002746041889235859
7.105,2.6921506931677235,757.5093768913296,0.20898812134333453,0.0007567674878158443,148.4826877508684,2.216168075851391,0.0027424140521662005
7.11,2.6927125295539036,757.5095271194527,0.20899078477552327,0.0007548583297444768,148.4846322697174,2.2128536982889697,0.002738790400120519
7.115,2.693266720961107,757.5096674857937,0.20899344053112598,0.0007529545825690648,148.48655892871912,2.209544550917841,0.0027351709262647675
7.12,2.6938132915849295,757.5097979967946,0.20899608856376192,0.0007510562792302973,148.48847394334715,2.206240650002859,0.0027315556333220832
7.125,2.6943522327612586,757.5099186504083,0.20899872889089,0.0007491634068943711,148.4903845440887,2.2029419893082745,0.00272794452013862
7.13,2.694883506509915,757.5100294375586,0.20900136158815524,0.0007472759108075616,148.49230325930282,2.199648542009516,0.0027243375819016842
7.135,2.695407078137507,757.5101303509308,0.20900398672368767,0.0007453937430538987,148.49421046759556,2.1963602840772682,0.002720734814505241
7.140000000000001,2.695922915686887,757.5102213843305,0.20900660435991947,0.0007435168583622903,148.49611822677883,2.1930771929996005,0.002717136213963638
7.1450000000000005,2.6964310370475992,757.5103025412866,0.20900921446188708,0.0007416452819902051,148.49802188728142,2.1897992813467795,0.0027135417824917865
7.15,2.6969314089033913,757.5103738161185,0.20901181710037225,0.000739778963992138,148.4999046579766,2.1865265245304935,0.0027099515154481936
7.155,2.6974240081362937,757.5104352053224,0.20901441232085274,0.0007379178710457078,148.50178291644738,2.18325890577642,0.00270636540981491
7.16,2.697908781781548,757.510486702604,0.20901700023288153,0.0007360619250501207,148.50364812755538,2.1799963859287095,0.002702783458332449
7.165,2.6983857437001544,757.5105283096169,0.2090195808078065,0.0007342111464386245,148.5055023672083,2.176738975231994,0.0026992056628994503
7.17,2.6988548938509602,757.5105600265189,0.20902215404621682,0.0007323655346470282,148.50734877723053,2.1734866734490055,0.0026956320234183748
7.175,2.6993161983810503,757.5105818504172,0.20902472002161115,0.0007305250363738303,148.5092016113512,2.1702394541611154,0.002692062534630979
7.18,2.6997696333212904,757.5105937799805,0.20902727878541214,0.0007286896156807721,148.51104086946836,2.1669972990322015,0.002688497193104497
7.1850000000000005,2.7002151541264237,757.5105958145325,0.20902983043352466,0.0007268592032659408,148.51287951227903,2.1637601730423794,0.0026849359919866827
7.19,2.7006527666868085,757.5105879541792,0.20903237495326793,0.0007250338082783432,148.51471614148727,2.1605280808159537,0.002681378932180675
7.195,2.701082479653242,757.5105701990756,0.20903491232601837,0.0007232134441545469,148.5165487035041,2.157301029144345,0.002677826015012853
7.2,2.7015042598264665,757.5105425499899,0.2090374426307991,0.0007213980551852129,148.51835709622924,2.154078990240754,0.002674277234620186
7.205,2.701918088353761,757.5105050078919,0.20903996590809443,0.0007195876115142873,148.52016006111825,2.1508619487424583,0.0026707325879835072
7.21,2.702323929115929,757.5104575761229,0.20904248224067767,0.0007177820540268072,148.5219532480529,2.147649874471307,0.002667192068957156
7.215,2.702721776280847,757.5104002553784,0.20904499164240387,0.0007159813729991325,148.52373213640217,2.144442762482461,0.0026636556765148945
7.22,2.703111637035467,757.5103330450552,0.2090474940968868,0.0007141855799213597,148.5255022973348,2.1412406186611816,0.0026601234118273282
7.2250000000000005,2.7034934840540212,757.5102559491963,0.20904998967043123,0.0007123946264184977,148.52728289056625,2.138043418593882,0.002656595269546632
7.23,2.703867297040887,757.5101689716321,0.20905247841254257,0.0007106084780546484,148.52905090635687,2.134851144447021,0.002653071245977494
7.235,2.7042330399366588,757.510072120931,0.20905496041105553,0.0007088270712381877,148.53082071402997,2.131663763541958,0.0026495513340980765
7.24,2.7045907290398388,757.5099653932592,0.20905743562626822,0.0007070504346690396,148.53258679044848,2.128481290630201,0.0026460355370740356
7.245,2.7049403507405665,757.5098487925482,0.2090599040946578,0.0007052785426360436,148.53433967277914,2.1253037126257928,0.0026425238519213984
7.25,2.705281883705283,757.5097223252964,0.20906236587182575,0.0007035113553200258,148.53607881957495,2.122131009089762,0.0026390162740586214
7.255,2.705615301415546,757.509586001574,0.20906482102659074,0.0007017488230356392,148.53781235130458,2.118963154191452,0.0026355127977665182
7.26,2.705940588595769,757.5094398276995,0.20906726960026947,0.0006999909165224437,148.53953253645253,2.115800132775007,0.0026320134196297206
7.265000000000001,2.7062577577916778,757.5092837986406,0.2090697115592992,0.0006982376596641226,148.541243115547,2.1126419572169843,0.002628518142425571
7.2700000000000005,2.7065667905177766,757.509117923098,0.20907214695602364,0.0006964890143872272,148.54295659250204,2.1094886079875237,0.0026250269614885788
7.275,2.706867670607852,757.5089422092234,0.209074575836417,0.0006947449480022556,148.544667256492,2.1063400680798647,0.0026215398728705284
7.28,2.7071603751253908,757.5087566705917,0.20907699826660228,0.0006930054133762372,148.54636943067692,2.1031963127694,0.0026180568708502228
7.285,2.7074448874476804,757.5085613178122,0.20907941429487745,0.000691270375442703,148.54807313688448,2.100057323730507,0.0026145779511101423
7.29,2.707721220491222,757.508356142847,0.2090818238838112,0.0006895398612516936,148.54977341544395,2.0969231151070957,0.002611103116968452
7.295,2.70798936157653,757.5081411547967,0.20908422707479887,0.0006878138416935761,148.55145796178485,2.09379367184683,0.0026076323646503276
7.3,2.708249293739246,757.5079163663132,0.20908662392129534,0.0006860922784183973,148.55312769246544,2.0906689738999904,0.0026041656892452957
7.305,2.708500998474108,757.5076817934304,0.20908901448143977,0.0006843751292470665,148.55479389954016,2.087548998878999,0.002600703085385137
7.3100000000000005,2.7087444622629584,757.5074374487768,0.20909139880065702,0.000682662362154863,148.55644479038685,2.084433729899406,0.0025972445489159278
7.315,2.7089796945333537,757.5071833237547,0.20909377684776717,0.0006809539992608994,148.55808541920328,2.081323178633739,0.002593790082694726
7.32,2.7092066806088284,757.5069194335109,0.2090961486743597,0.0006792500027574397,148.5597343562588,2.0782173253189193,0.0025903396815826845
7.325,2.7094254086009366,757.5066457912177,0.2090985143232761,0.0006775503426385974,148.56137608418695,2.0751161539670013,0.0025868933415891765
7.33,2.7096358578726965,757.506362423174,0.20910087387094997,0.0006758549638812178,148.56301595444853,2.072019635251795,0.0025834510552664273
7.335,2.709838030893927,757.506069326316,0.20910322730828299,0.0006741638729954937,148.56465420486217,2.0689277726436064,0.002580012823492356
7.34,2.71003192720095,757.5057665018057,0.20910557463868537,0.0006724770678002132,148.56628502484725,2.065840565025711,0.002576578645905787
7.345,2.710217533300685,757.5054539694966,0.20910791591858963,0.0006707945083748485,148.56789682581265,2.062757991266535,0.002573148516842231
7.3500000000000005,2.7103948389580568,757.5051317464374,0.20911025118959192,0.0006691161641038171,148.56950739296855,2.0596800348240416,0.002569722432024524
7.355,2.710563826562052,757.5047998653828,0.20911258053120105,0.000667441978607614,148.57110324938353,2.056606665406683,0.002566300383401533
7.36,2.7107245054221507,757.5044583092022,0.20911490390173237,0.0006657719815158177,148.57268988300245,2.053537898936413,0.0025628823751979403
7.365,2.710876871112698,757.5041070872097,0.20911722132293528,0.0006641061569601796,148.57427355603338,2.050473726958566,0.002559468405038904
7.37,2.7110209129435883,757.5037462223085,0.2091195328477892,0.0006624444665897882,148.57586277750212,2.047414128961608,0.0025560584672068526
7.375,2.711156623072988,757.5033757338098,0.20912183851777147,0.0006607868814978708,148.5774392781269,2.044359089143317,0.002552652557469164
7.38,2.7112839874644354,757.5029956610257,0.20912413841126834,0.0006591333447621469,148.57901950260634,2.041308576620118,0.0025492506672786645
7.385,2.7114030136948517,757.5026059830734,0.20912643248627205,0.0006574838867877657,148.5805968573976,2.0382626078928596,0.002545852801191426
7.390000000000001,2.711513698944973,757.5022067090699,0.2091287207615779,0.0006558384943976069,148.58216486492688,2.0352211758732826,0.0025424589571306864
7.3950000000000005,2.7116160349421907,757.5017978662764,0.2091310032919823,0.0006541971288232587,148.5837124166448,2.0321842596254824,0.002539069129013245
7.4,2.711710015710443,757.5013794780807,0.20913328011771093,0.0006525597603037469,148.5852601371416,2.029151842709436,0.0025356833122637174
7.405,2.711795633162511,757.5009515812161,0.2091355513034435,0.0006509263431991446,148.586792098336,2.026123900116309,0.002532301499688638
7.41,2.7118728915997043,757.5005141565548,0.20913781681547547,0.0006492969013921522,148.5883143859143,2.0231004449380983,0.002528923695043626
7.415,2.7119417877912526,757.5000672216136,0.20914007668349577,0.0006476714130769345,148.5898388079937,2.0200814653092505,0.002525549894734727
7.42,2.712002317100447,757.4996108032254,0.20914233095245122,0.0006460498460863471,148.59136439802327,2.017066943570861,0.0025221800935122576
7.425,2.7120544748835687,757.4991449377145,0.2091445796784968,0.0006444321605262348,148.5928833201318,2.014056857571287,0.002518814284859889
7.43,2.712098259451818,757.498669640441,0.20914682288434766,0.0006428183397837702,148.5944029806873,2.011051198117429,0.002515452466026557
7.4350000000000005,2.712133672348725,757.4981848986178,0.20914906055077404,0.0006412083978254671,148.59591927893226,2.008049972946292,0.002512094639305945
7.44,2.7121607107353767,757.4976907455502,0.20915129272946287,0.000639602298385557,148.597415104497,2.005053162109948,0.0025087407984488354
7.445,2.7121793732132504,757.4971872039752,0.2091535194509972,0.0006380000187210869,148.59890877637147,2.002060752837572,0.0025053909396184192
7.45,2.7121896582320364,757.4966743254437,0.2091557407852653,0.000636401509164594,148.60039101379428,1.9990727173444287,0.0025020450542419617
7.455,2.7121915660582494,757.4961521017515,0.20915795672113843,0.0006348067776474004,148.60186279599662,1.9960890600679249,0.0024987031436863633
7.46,2.7121850969111554,757.4956205292258,0.2091601672534797,0.0006332158276980519,148.6033275395451,1.993109782995564,0.002495365208529728
7.465,2.7121702507752743,757.4950796454118,0.2091623724316746,0.0006316286231668227,148.60480229055702,1.9901348660349898,0.0024920312422315976
7.47,2.7121470282370197,757.4945294779201,0.20916457229086088,0.0006300451398747276,148.60626476268615,1.9871642954320126,0.002488701240527859
7.4750000000000005,2.7121154319610747,757.4939700807261,0.20916676689412275,0.0006284653319982567,148.60772870230915,1.9841980452735422,0.0024853751951103035
7.48,2.7120754614765183,757.4934014440163,0.20916895622994328,0.0006268892078858953,148.6091919840893,1.9812361202810815,0.0024820531074909793
7.485,2.712027116741279,757.4928235645536,0.2091711402947574,0.0006253167702732096,148.61065061401888,1.978278522015846,0.0024787349781299245
7.49,2.7119704007273038,757.4922364832175,0.20917331913836826,0.0006237479843100494,148.61208618968928,1.97532523087941,0.0024754208004111413
7.495,2.7119053159975652,757.4916402285778,0.20917549279026434,0.0006221828277665587,148.61352312166198,1.9723762340780524,0.0024721105702329616
7.5,2.7118318697197035,757.4910348639597,0.2091776613184373,0.000620621252653751,148.6149452408044,1.9694315041710924,0.002468804278482578
7.505,2.711750059201731,757.4904203653532,0.20917982469712168,0.0006190632771977491,148.61635777118144,1.9664910515817062,0.002465501928617483
7.51,2.7116598860995125,757.4897967449594,0.20918198293888535,0.0006175088920789426,148.6177677826516,1.963554871010959,0.0024622035187741842
7.515000000000001,2.711561355990878,757.4891640440898,0.20918413608646677,0.0006159580662597771,148.61918467871973,1.960622944731714,0.0024589090428201385
7.5200000000000005,2.7114544752071397,757.4885223033015,0.20918628417999496,0.0006144107717345742,148.62059188140825,1.9576952564902228,0.0024556184952807744
7.525,2.7113392515979795,757.4878715692325,0.2091884272630718,0.0006128669767148438,148.6220016588751,1.9547717879047,0.002452331869830061
7.53,2.7112156806731935,757.4872118148608,0.2091905653102042,0.0006113266996879077,148.62340903572806,1.9518525496669605,0.0024490491701387716
7.535,2.711083768338692,757.486543072358,0.209192698353017,0.0006097899185471513,148.62480196018134,1.9489375290463644,0.002445770391620926
7.54,2.710943521626762,757.4858653787358,0.2091948264254402,0.0006082566087990271,148.6261846631524,1.9460267118098404,0.002442495529247667
7.545,2.710794952072543,757.48517878903,0.20919694957486626,0.0006067267362531983,148.62756252004374,1.9431200779199407,0.002439224575967167
7.55,2.7106380655101967,757.4844833300597,0.20919906782474648,0.0006052002844485926,148.62892804646052,1.940217617746709,0.002435957528344477
7.555,2.710472856775002,757.4837789776998,0.2092011811540202,0.0006036772682972538,148.63028510018063,1.9373193400149675,0.002432694389479069
7.5600000000000005,2.7102993358406287,757.4830657753066,0.20920328959941115,0.0006021576608217142,148.63164886645265,1.9344252289998858,0.0024294351535007414
7.565,2.7101175111204436,757.4823437582709,0.20920539319067613,0.0006006414411586881,148.6330093874809,1.9315352723845027,0.00242617981594283
7.57,2.7099273979769496,757.4816129871455,0.2092074919754446,0.0005991285752724643,148.63436497576546,1.9286494499850853,0.0024229283694439563
7.575,2.7097290024789054,757.4808734851943,0.20920958597131922,0.0005976190502436741,148.63572260093636,1.9257677541502756,0.002419680811178371
7.58,2.7095223185199164,757.4801252286856,0.20921167516000927,0.0005961128793495348,148.6370783001525,1.922890192744751,0.002416437144036478
7.585,2.7093073595585593,757.479368267215,0.20921375958176108,0.0005946100346139712,148.63841354528284,1.9200167492510474,0.002413197361635205
7.59,2.7090841357925854,757.4786026372693,0.2092158392625079,0.0005931104967492245,148.63974428769745,1.9171474121038874,0.00240996145966977
7.595,2.7088526677464735,757.4778284088429,0.20921791425240657,0.0005916142300268724,148.64106643297586,1.9142821598617468,0.002406729430029047
7.6000000000000005,2.7086129563025163,757.4770455847688,0.2092199845535617,0.0005901212330564266,148.64237740081782,1.9114209916916949,0.002403501272387815
7.605,2.7083649992751386,757.4762541573158,0.20922205016019002,0.0005886315097436471,148.64368245433172,1.9085639099412273,0.0024002769875945728
7.61,2.708108813352019,757.4754541806842,0.20922411110996,0.0005871450324011314,148.6449978127703,1.905710898021807,0.002397056569059276
7.615,2.7078444111903512,757.4746456947572,0.20922616743063785,0.0005856617821143231,148.64630204528217,1.9028619444149075,0.0023938400123773083
7.62,2.7075718214366007,757.4738287866019,0.2092282191778647,0.0005841817183789184,148.6476101993583,1.9000170245130854,0.0023906273078828535
7.625,2.7072910306699276,757.4730034153492,0.20923026632541022,0.0005827048602358299,148.64891637552952,1.8971761498841404,0.0023874184601150616
7.63,2.7070020465725118,757.4721696036304,0.20923230888853406,0.0005812311970727402,148.65021380037072,1.8943393140894191,0.002384213466428541
7.635,2.706704887697342,757.4713274058266,0.20923434690283477,0.0005797607037493314,148.6514951432366,1.8915065018274881,0.00238101232058466
7.640000000000001,2.7063995724213883,757.4704768740136,0.20923638039863618,0.0005782933578566653,148.6527761022251,1.888677699271839,0.002377815017082749
7.6450000000000005,2.7060861264781084,757.4696180796434,0.20923840941923216,0.0005768291290067651,148.65404354139886,1.885852887712978,0.002374621548324027
7.65,2.7057645350364927,757.4687509813971,0.20924043393964398,0.0005753680348297916,148.65530287823339,1.8830320780049525,0.0023714319187075486
7.655,2.70543480995689,757.4678756113781,0.20924245397858932,0.0005739100615217036,148.65656341002622,1.8802152616532573,0.002368246124623954
7.66,2.7050969716428104,757.4669920244976,0.2092444695681807,0.000572455185962916,148.6578285000851,1.8774024243673308,0.0023650641600720525
7.665,2.7047510425255923,757.4661002794072,0.20924648074150926,0.00057100338509093,148.659084550145,1.874593551720095,0.002361886019114879
7.67,2.704397047555701,757.4652004403044,0.20924848753272984,0.0005695546338901393,148.660344554896,1.8717886280913736,0.0023587116951968015
7.675,2.704034971253929,757.4642924672164,0.20925048992032858,0.0005681089479961649,148.66160303835343,1.8689876632435,0.0023555411924037722
7.68,2.7036648296829813,757.4633764006379,0.20925248792742018,0.0005666663114411361,148.662847662531,1.866190647203427,0.0023523745063585844
7.6850000000000005,2.703286644713966,757.4624522953159,0.2092544815831766,0.0005652267032700534,148.66408058530286,1.8633975668019176,0.0023492116313823556
7.69,2.7029004454717014,757.4615202222973,0.2092564709229202,0.0005637900978496064,148.66531011299307,1.8606084057835426,0.002346052560533735
7.695,2.7025062477310295,757.4605802196445,0.209258455966266,0.0005623564815555198,148.66652735827438,1.8578231555180122,0.002342897290069854
7.7,2.7021040387856425,757.459632256564,0.2092604366974567,0.0005609258654682272,148.6677364581177,1.8550418230233385,0.0023397458230219248
7.705,2.7016938460524695,757.4586763981356,0.20926241314831645,0.0005594982260083674,148.66895609302506,1.8522643933418972,0.0023365981526318
7.71,2.701275688063034,757.4577126877952,0.2092643853406705,0.000558073548374355,148.67016847843405,1.8494908569703188,0.0023334542747571654
7.715,2.7008496062312486,757.4567412207224,0.2092663533183788,0.0005566518008835102,148.67138107590193,1.8467211935450463,0.002330314180339995
7.72,2.700415596031617,757.4557619864784,0.20926831707655444,0.0005552329870276,148.67259390923613,1.8439554053096296,0.002327177870374962
7.7250000000000005,2.6999736557024234,757.4547749808264,0.20927027661354636,0.0005538171081936296,148.6738024439227,1.8411934931500684,0.0023240453452096884
7.73,2.699523815672114,757.4537802722955,0.20927223196226472,0.0005524041415591267,148.67499157191233,1.838435442352203,0.0023209165980004635
7.735,2.6990660969323765,757.4527779075484,0.20927418314174184,0.0005509940725613731,148.67618265953683,1.8356812434077159,0.0023177916244935762
7.74,2.6986005531102673,757.4517680036834,0.209276130203159,0.0005495868653525463,148.67735993404116,1.832930872912864,0.0023146704139207037
7.745,2.698127160024395,757.45075050785,0.2092780731234573,0.000548182536135478,148.6785293474345,1.8301843414447774,0.0023115529711436843
7.75,2.6976459259061607,757.4497254377235,0.20928001190997386,0.0005467810794567357,148.67969573154966,1.8274416454295113,0.002308439294438152
7.755,2.6971568838712763,757.448692864406,0.20928194659242544,0.0005453824735369403,148.68087174507482,1.8247027705803631,0.0023053293769586107
7.76,2.6966600592012684,757.4476528414705,0.20928387719359992,0.0005439867030383349,148.6820365966582,1.8219677067191564,0.0023022232140003473
7.765000000000001,2.6961555041962924,757.4466054781941,0.20928580375571626,0.0005425937370842666,148.68320667891624,1.8192364333552697,0.0022991207958340154
7.7700000000000005,2.69564319277713,757.4455507200175,0.20928772625753797,0.0005412035911224114,148.6843756101737,1.816508960738318,0.00229602212731892
7.775,2.6951231387638557,757.4444885954391,0.2092896447109063,0.000539816257040149,148.68553601326414,1.8137852834598005,0.0022929272057711204
7.78,2.6945953766727126,757.4434191754834,0.2092915591443075,0.0005384317148809339,148.68667984553954,1.8110653881870522,0.0022898360246284316
7.785,2.6940599400016527,757.4423425280729,0.20929346958177916,0.0005370499467358648,148.68782386128436,1.8083492628373958,0.002286748578091126
7.79,2.6935168686402378,757.4412587333844,0.20929537605352044,0.0005356709316549576,148.6889549030298,1.8056368932723683,0.0022836648592332214
7.795,2.692966139537787,757.4401677450116,0.20929727854214975,0.0005342946818000232,148.69007825294435,1.8029282876970887,0.002280584872064933
7.8,2.692407778622066,757.4390696144688,0.20929917706588988,0.0005329211836175755,148.69120650422062,1.800223436911587,0.002277508611888458
7.805000000000001,2.691841817690686,757.4379644046794,0.20930107164757875,0.0005315504210089433,148.69233560333615,1.7975223299441274,0.002274436073198019
7.8100000000000005,2.6912683029979987,757.4368522058767,0.2093029623184105,0.0005301823719775047,148.693460131399,1.7948249516993016,0.0022713672484514637
7.815,2.6906872533226647,757.4357330544694,0.20930484909028332,0.0005288170277248776,148.6945871343727,1.7921312961322386,0.0022683021345909584
7.82,2.690098650659879,757.4346069154473,0.20930673195149105,0.0005274543967603843,148.69571296124423,1.7894413690845619,0.002265240734559364
7.825,2.6895025360707274,757.4334738677213,0.20930861093014755,0.0005260944598572788,148.69682004957295,1.7867551572609257,0.0022621830413590573
7.83,2.688898936037852,757.4323339617966,0.20931048604160715,0.0005247372053399596,148.69792468662482,1.7840726525299295,0.0022591290508549005
7.835,2.6882879083791824,757.4311873067405,0.20931235732081374,0.0005233826085642124,148.69902142254745,1.7813938376706333,0.002256078754127542
7.84,2.6876694540820667,757.4300339043593,0.20931422476842065,0.0005220306691502109,148.70010836987487,1.778718712414695,0.002253032151030809
7.845,2.6870435633828946,757.4288737361948,0.20931608837835936,0.0005206813912539673,148.7011892543049,1.7760472796591693,0.002249989243046912
7.8500000000000005,2.686410280339586,757.4277068843098,0.20931794817551608,0.0005193347563527173,148.70228230066246,1.7733795263376853,0.002246950023082298
7.855,2.6857696366691934,757.4265334073665,0.2093198041788431,0.0005179907519514719,148.7033653409572,1.7707154435810046,0.0022439144865092006
7.86,2.6851216961094138,757.4253534219101,0.20932165642169706,0.0005166493537226302,148.70445151738073,1.768055014050369,0.0022408826240447946
7.865,2.6844664443058925,757.424166901682,0.20932350489653015,0.0005153105671529504,148.7055382585131,1.7653982416555936,0.002237854437780772
7.87,2.683803882496214,757.4229738487904,0.20932534960427948,0.0005139743918003286,148.70662068582982,1.7627451260573905,0.002234829927478878
7.875,2.683134056798801,757.4217743467046,0.20932719057035074,0.0005126408102909564,148.70768372539888,1.760095654740043,0.002231809086156595
7.88,2.682457001385429,757.420568456783,0.20932902781034,0.0005113098105521829,148.70874908468224,1.7574498189612464,0.002228791909109352
7.885,2.681772787255702,757.4193563053971,0.20933086135966006,0.0005099813681173596,148.70980114850448,1.7548076009309186,0.0022257783865178423
7.890000000000001,2.6810813804197147,757.4181378320111,0.2093326912014132,0.0005086554947254064,148.71084595103193,1.7521690091819349,0.00222276852308626
7.8950000000000005,2.680382800878189,757.4169130719093,0.20933451734474562,0.0005073321835428177,148.7118910955656,1.7495340386867306,0.0022197623159205706
7.9,2.6796770940445858,757.4156821050987,0.20933633981081626,0.0005060114192570036,148.71294307022472,1.7469026781720152,0.002216759758584825
7.905,2.678964306410401,757.4144450127205,0.20933815862128852,0.0005046931871414816,148.71398720814923,1.7442749167389893,0.00221376084498113
7.91,2.67824448895913,757.4132018832493,0.20933997379778146,0.0005033774713044721,148.71503558049267,1.741650742584573,0.002210765568391404
7.915,2.67751761063564,757.4119526627312,0.2093417853269219,0.0005020642814674837,148.71608315231416,1.7390301629238947,0.0022077739329135035
7.92,2.6767837050440964,757.4106974090485,0.20934359322411955,0.0005007536072342598,148.71711826915103,1.7364131699342085,0.0022047859339072986
7.925,2.67604281466865,757.409436195186,0.2093453975073028,0.000499445435773336,148.71814355362488,1.7337997539538645,0.002201801565731785
7.930000000000001,2.6752949971448317,757.4081691192359,0.2093471981992522,0.0004981397505971492,148.71916633520024,1.7311899025018604,0.002198820821154011
7.9350000000000005,2.6745402858173946,757.4068962377182,0.20934899531379023,0.0004968365422966854,148.72017796284243,1.7285836084324853,0.0021958436959793924
7.94,2.673778653621701,757.4056175046854,0.20935078883981123,0.0004955358185581902,148.7211825993246,1.725980877576187,0.0021928701936192296
7.945,2.673010146628394,757.4043329976928,0.20935257879456753,0.0004942375664690482,148.72219589167955,1.7233816999789766,0.002189900307987798
7.95,2.6722348038487405,757.4030427821906,0.20935436519364498,0.0004929417754796977,148.72320696903944,1.7207860675129574,0.0021869340342409614
7.955,2.671452693287278,757.40174697131,0.2093561480619375,0.000491648427961305,148.72421585357668,1.7181939665142576,0.002183971364186897
7.96,2.670663829639352,757.400445589394,0.2093579274044265,0.0004903575201656625,148.72522748295137,1.7156053940661848,0.002181012296057382
7.965,2.6698681937128845,757.3991386045415,0.20935970321435665,0.0004890690570498444,148.72623800662052,1.7130203540102122,0.002178056832157651
7.97,2.6690658414093766,757.3978261089009,0.20936147551304293,0.0004877830244017802,148.7272286577325,1.7104388351123887,0.0021751049654125804
7.9750000000000005,2.6682568111267386,757.3965081654525,0.20936324431231104,0.0004864994129234952,148.72822007933237,1.7078608300426066,0.002172156691375229
7.98,2.6674411835106935,757.3951849054981,0.20936500963965343,0.00048521820366774,148.72920153552894,1.7052863237372764,0.002169212000698875
7.985,2.666618942760859,757.3938563033037,0.2093667714897017,0.00048393940035256877,148.73017472051373,1.7027153191512574,0.0021662708952154266
7.99,2.6657900906839265,757.3925223616714,0.20936852986267931,0.00048266300259839034,148.73114469073383,1.7001478159394139,0.00216333337465167
7.995,2.664954684506012,757.3911831730336,0.20937028477635936,0.0004813889972420963,148.732125441776,1.697583803424883,0.0021603994321085767
8.0,2.6641127673322598,757.3898388066497,0.20937203624540762,0.0004801173748451642,148.73309657814502,1.6950232739769973,0.0021574690628130776
8.005,2.663264427995093,757.3884894043103,0.20937378429573122,0.00047884811645085664,148.7340732302509,1.6924662121239922,0.0021545422568625084
8.01,2.66240962285697,757.3871348963294,0.20937552891448086,0.00047758123139227473,148.7350494382639,1.689912625478689,0.0021516190191239472
8.015,2.661548374994906,757.3857753193098,0.20937727010897794,0.00047631671482484337,148.73601838765316,1.687362509998781,0.0021486993468983694
8.02,2.6606807415489753,757.3844107637989,0.20937900789661185,0.0004750545548566152,148.73697235846245,1.6848158557751625,0.0021457832336163893
8.025,2.6598067764402473,757.3830413146715,0.2093807422914865,0.00047379474082063567,148.7379275241991,1.6822726539348098,0.002142870673532529
8.03,2.6589265509282534,757.3816670836044,0.2093824733140978,0.00047253725888434536,148.73887068441047,1.6797328928760622,0.002139961658993127
8.035,2.6580400240328665,757.3802880063269,0.20938420095275875,0.0004712821170326357,148.739807221719,1.677196579288845,0.0021370561944031724
8.040000000000001,2.6571472309175284,757.3789041376135,0.20938592521637153,0.00047002930855830424,148.7407473599475,1.6746637074063369,0.002134154275795551
8.045,2.6562482265824987,757.3775155630273,0.20938764611959793,0.0004687788231139171,148.7416921973764,1.6721342683627425,0.00213125589714712
8.05,2.6553430763058454,757.3761223834377,0.2093893636797806,0.0004675306489898822,148.74263106204464,1.6696082521231277,0.0021283610517321265
8.055,2.6544318304290377,757.3747246763562,0.20939107790890868,0.00046628477729843837,148.74357438287626,1.6670856510123486,0.0021254697343313185
8.06,2.653514453495143,757.3733223871313,0.2093927887983171,0.00046504121433387234,148.74451752463082,1.6645664704563816,0.0021225819486243506
8.065,2.6525909960851615,757.371915593246,0.20939449636146196,0.0004637999513279821,148.74544600103602,1.6620507026764326,0.0021196976890996222
8.07,2.651661508019607,757.3705043708344,0.2093962006098595,0.0004625609798287927,148.74636825114442,1.6595383402307722,0.002116816950598029
8.075,2.6507260694726145,757.3690888416231,0.20939790156201643,0.00046132428678355723,148.74728613519312,1.6570293715652016,0.00211393972509853
8.08,2.6497846999275496,757.3676690351037,0.20939959922272747,0.0004600898690724982,148.74819436960738,1.6545237938983999,0.0021110660106483095
8.085,2.64883737631889,757.3662449162749,0.20940129358640397,0.0004588577304390077,148.74909679688216,1.6520216105444105,0.002108195809551101
8.09,2.647884165038797,757.3648165852007,0.20940298466687046,0.00045762786042414654,148.750011527943,1.6495228119127028,0.0021053291148133116
8.095,2.64692511163664,757.363384110307,0.20940467247534392,0.0004564002520748427,148.75091863803218,1.6470273917254203,0.002102465922016118
8.1,2.6459603128363702,757.3619476360061,0.20940635703158214,0.0004551748911135534,148.7518287722437,1.644535336893445,0.0020996062217486745
8.105,2.6449897495687775,757.3605071338187,0.20940803833165772,0.0004539517803597667,148.75274023237526,1.6420466499999764,0.0020967500158668054
8.11,2.6440134213817688,757.3590626029724,0.20940971637569797,0.00045273091993125794,148.75364857718301,1.639561331098138,0.00209389730435828
8.115,2.643031396561465,757.357614144808,0.20941139117868324,0.000451512300074008,148.75453893935878,1.6370793709303069,0.002091048080282355
8.120000000000001,2.6420437227191953,757.3561618297056,0.20941306274870283,0.00045029591418921887,148.75543259446874,1.6346007633472956,0.002088202339190559
8.125,2.6410505117679604,757.3547058222039,0.20941473110832098,0.00044908174727498765,148.75631385619806,1.6321254941082528,0.002085360070524734
8.13,2.64005171070002,757.3532460443445,0.20941639624691388,0.0004478698064514078,148.75718885748253,1.6296535699665775,0.0020825212792871003
8.135,2.6390473420928435,757.3517825291411,0.20941805816833714,0.0004466600887891311,148.7580633929096,1.6271849880302407,0.0020796859632395115
8.14,2.6380374742850417,757.3503153764743,0.20941971688468844,0.0004454525854546798,148.7589475138642,1.62471973961043,0.002076854115695098
8.145,2.6370221666671236,757.3488446727426,0.20942137240780548,0.0004442472890249708,148.75982330941974,1.622257817518132,0.002074025731268115
8.15,2.6360015094227984,757.3473705485931,0.2094230247526177,0.0004430441885195031,148.7607048518406,1.6197992109377637,0.0020712008016947787
8.155,2.634975453531996,757.3458929329724,0.2094246739108509,0.0004418432899281295,148.7615865093712,1.617343925759989,0.002068379331468678
8.16,2.6339440359213433,757.3444118791233,0.20942631988940125,0.0004406445889104156,148.76245896088372,1.6148919575226135,0.0020655613170329342
8.165000000000001,2.6329073218702135,757.3429274810693,0.20942796269949304,0.0004394480778383773,148.7633194665722,1.6124432984498736,0.0020627467522573344
8.17,2.63186538541245,757.3414398448604,0.20942960235243577,0.00043825374836460476,148.76417981200413,1.6099979401073368,0.00205993563059529
8.175,2.6308182869431835,757.3399490567716,0.20943123885857245,0.00043706159381776046,148.76502950189754,1.6075558756598813,0.0020571279466637953
8.18,2.6297659852541027,757.3384550578911,0.20943287221097856,0.00043587161877560037,148.76587309982,1.6051171097852623,0.002054323704137596
8.185,2.628708537661264,757.3369579297206,0.20943450241763426,0.0004346838171436866,148.7667245486766,1.602681635941494,0.0020515228976487115
8.19,2.6276460013509584,757.3354577534473,0.2094361294878065,0.0004334981828890963,148.76757614714816,1.6002494477719496,0.002048725522086471
8.195,2.6265784677989306,757.3339546582376,0.20943775343516036,0.0004323147067099272,148.76842571894193,1.5978205354345327,0.0020459315695346677
8.2,2.6255059618948158,757.3324486791447,0.2094393742629527,0.00043113338612449343,148.76927877959886,1.5953948962718323,0.0020431410378333793
8.205,2.6244284538712077,757.3309397741765,0.20944099196703622,0.0004299542241383036,148.77013184825137,1.5929725334793505,0.0020403539295645538
8.21,2.623346020629384,757.3294280512628,0.20944260655940206,0.0004287772133709314,148.77096685172867,1.590553438753532,0.0020375702377085003
8.215,2.622258711382307,757.3279135792645,0.20944421804569538,0.0004276023491352823,148.77180213336527,1.5881376070096889,0.0020347899581149285
8.22,2.621166633530538,757.3263965077736,0.2094458264408337,0.00042642962159136007,148.77262965294034,1.5857250273158638,0.002032013081686583
8.225,2.6200697761380924,757.3248768215436,0.2094474317433413,0.00042525903174886584,148.77344939998378,1.5833157007892793,0.0020292396093502894
8.23,2.618968131329191,757.3233545095384,0.20944903395183206,0.00042409058037688773,148.7742655566964,1.5809096282245114,0.002026469541729833
8.235,2.617861776448986,757.3218296788898,0.20945063307511388,0.0004229242607957874,148.7750942526073,1.5785068017275716,0.0020237028719610924
8.24,2.616750764305041,757.3203024025585,0.2094522291212753,0.0004217600684486924,148.77591380746884,1.5761072161478982,0.002020939595725333
8.245000000000001,2.615635221475583,757.3187728545137,0.2094538221046718,0.00042059799290732877,148.77673964832167,1.5737108593023719,0.0020181797025606435
8.25,2.6145150928663754,757.3172409590155,0.20945541201897738,0.000419438038719731,148.77756606637558,1.5713177364983941,0.0020154231970211612
8.255,2.6133903990565446,757.3157067442111,0.2094569988668968,0.00041828020429950216,148.7783877886534,1.568927845740691,0.002012670077311148
8.26,2.612261217388088,757.3141703158832,0.20945858265806785,0.00041712448364666986,148.77919369716312,1.5665411795798196,0.002009920336781851
8.265,2.61112761285437,757.3126317625641,0.20946016339867876,0.00041597087175765124,148.78000227492205,1.564157732037759,0.002007173970245012
8.27,2.609989689459364,757.3110912254418,0.20946174110108215,0.0004148193609203302,148.78079956167358,1.5617774936224091,0.0020044309693011903
8.275,2.608847391998871,757.3095486295449,0.20946331575882102,0.0004136699552440617,148.78159110887998,1.559400469379978,0.002001691338409425
8.28,2.6077007600248514,757.308004028328,0.2094648873754361,0.00041252265198703594,148.78238571083935,1.5570266556735046,0.001998955074212097
8.285,2.606549866646518,757.3064575205308,0.20946645595831648,0.00041137744605928265,148.78318687384953,1.554656045865876,0.001996222170642581
8.290000000000001,2.6053947927598995,757.3049092149186,0.20946802151651842,0.000410234331919165,148.78398242219922,1.5522886329125969,0.0019934926213659573
8.295,2.604235610017609,757.3033592075691,0.20946958405646315,0.0004090933048049446,148.7847831648563,1.5499244106071588,0.001990766420721934
8.3,2.6030722707397653,757.3018074345057,0.20947114357368601,0.0004079543679061546,148.7855844155616,1.5475633830897333,0.0019880435724779983
8.305,2.6019048338463877,757.3002539744324,0.20947270007453558,0.0004068175175872365,148.78637339696223,1.5452055452126616,0.001985324071738809
8.31,2.600733365288739,757.2986989153208,0.20947425356487573,0.0004056827497278878,148.78715546066599,1.5428508913417631,0.001982607913240779
8.315,2.5995579620790528,757.2971423859706,0.20947580405330601,0.0004045500584273398,148.78793509094209,1.5404994134555385,0.0019798950895191752
8.32,2.598378661203335,757.2955844353852,0.20947735154357738,0.000403419441495193,148.78870558574664,1.538151108512522,0.0019771855977137134
8.325,2.597195425605645,757.2940250144184,0.20947889603210382,0.0004022909011511415,148.78947051214544,1.5358059795718566,0.0019744794406909064
8.33,2.5960083368060767,757.2924642306838,0.20948043752457698,0.00040116443294225537,148.7902473616047,1.533464019861108,0.0019717766118195067
8.335,2.5948174496652596,757.2909021564609,0.20948197602674193,0.0004000400337756701,148.79102009687404,1.531125224996035,0.0019690771069375995
8.34,2.593622879113583,757.2893389425043,0.20948351154765205,0.0003989176974769781,148.79179437003535,1.5287895859329765,0.0019663809173372953
8.345,2.5924246221800438,757.2877745848917,0.20948504408696084,0.00039779742421729787,148.79257151490253,1.5264571029110523,0.001963688043244135
8.35,2.5912226643290586,757.2862090645187,0.20948657364368836,0.00039667921481765335,148.79334754228807,1.5241277770680035,0.001960998485726801
8.355,2.5900170898721813,757.2846424914351,0.20948810022525227,0.00039556306522103434,148.79410573231414,1.5218016017427638,0.0019583122380743183
8.36,2.58880795765668,757.2830749422525,0.20948962383479533,0.00039444897245654117,148.79486759204542,1.5194785724844764,0.00195562929595758
8.365,2.5875954006386963,757.2815065893145,0.20949114448298722,0.00039333693024284726,148.79561879499582,1.5171586793465608,0.0019529496494898953
8.370000000000001,2.5863793673750752,757.2799373659268,0.20949266216574106,0.00039222694101578024,148.79636414255245,1.5148419261799457,0.0019502733024966737
8.375,2.5851598752854956,757.2783672945433,0.2094941768838513,0.0003911190040698897,148.79710869835486,1.5125283116695247,0.0019476002535972886
8.38,2.583937008645314,757.2767964839034,0.20949568864218598,0.0003900131158388942,148.79786423884153,1.5102178294975495,0.0019449304962620322
8.385,2.582710835828353,757.2752250219519,0.20949719744668083,0.0003889092733039151,148.79861201478505,1.5079104747592467,0.0019422640255610892
8.39,2.5814814751772133,757.2736530603595,0.2094987033041333,0.0003878074715520789,148.79936624896519,1.5056062390157754,0.001939600832854297
8.395,2.5802488650586706,757.2720805201068,0.20950020621087206,0.0003867077131545397,148.80012127375966,1.5033051266674355,0.001936940922641616
8.4,2.5790130439607477,757.2705074503313,0.20950170616967964,0.0003856099967141264,148.8008692447611,1.501007134947141,0.0019342842919668408
8.405,2.577774092735056,757.2689339541898,0.2095032031857332,0.00038451431923241933,148.8016048826042,1.4987122581049346,0.001931630934738056
8.41,2.5765320949464,757.2673601378634,0.20950469726319354,0.0003834206775204588,148.80234194634997,1.4964204904355807,0.0019289808450237008
8.415000000000001,2.5752871362403016,757.2657861099158,0.20950618840779867,0.0003823290684788555,148.80306890924,1.4941318261126941,0.0019263340166796638
8.42,2.5740391629172716,757.2642118022417,0.20950767661608563,0.0003812394940672492,148.8037906262946,1.4918462687960954,0.0019236904535582192
8.425,2.5727882333672705,757.2626372885684,0.20950916189029217,0.00038015195247389567,148.8045188963271,1.4895638144771133,0.0019210501512528318
8.43,2.571534420811473,757.2610626612659,0.20951064423454033,0.000379066441313156,148.8052505677616,1.487284458226153,0.0019184131044241162
8.435,2.57027782578844,757.259488046622,0.2095121236545903,0.0003779829573057658,148.80597936016633,1.4850081934904484,0.001915779306025261
8.44,2.5690184962013323,757.2579135046803,0.20951360015239265,0.0003769014989595587,148.8067129132313,1.4827350171586429,0.00191314875267635
8.445,2.5677563895515214,757.2563389821239,0.20951507372599518,0.0003758220676180918,148.80744740504463,1.4804649319987209,0.001910521447375742
8.45,2.566491587238288,757.2547645806528,0.2095165443801408,0.000374744661154583,148.80816657468736,1.4781979326679904,0.001907897384080396
8.455,2.565224151276626,757.2531903776011,0.2095180121169347,0.0003736692777696815,148.8088839163998,1.4759340152317535,0.0019052765584528166
8.46,2.563954200680252,757.2516165207861,0.20951947694210196,0.00037259591419176773,148.8095961506435,1.4736731722680108,0.0019026589622440444
8.465,2.5626817403243316,757.2500430162304,0.20952093885600884,0.00037152457030134627,148.81030086871803,1.4714154034776776,0.0019000445951152178
8.47,2.5614067498131528,757.2484698385776,0.20952239785742005,0.00037045524668988743,148.8110018859311,1.4691607101279889,0.001897433458457113
8.475,2.5601293183986185,757.2468970981397,0.20952385394867173,0.0003693879414270054,148.81171634134583,1.4669090866147447,0.0018948255457539097
8.48,2.5588495097432364,757.2453248734477,0.20952530713394113,0.0003683226528852823,148.81242307392614,1.4646605291109003,0.0018922208526969708
8.485,2.5575674596950444,757.2437533313266,0.20952675741776178,0.0003672593779667088,148.813135556725,1.4624150295129312,0.0018896193699929648
8.49,2.5562831235014714,757.2421824168108,0.20952820479860143,0.0003661981176950819,148.81384987064433,1.460172590491518,0.0018870211007033068
8.495000000000001,2.554996512202844,757.2406121433612,0.2095296492770743,0.0003651388719275651,148.8145613749975,1.457933211377416,0.001884426044001475
8.5,2.553707715698716,757.2390426209198,0.20953109085706925,0.0003640816390679109,148.8152570818626,1.4556968867812186,0.0018818341934607357
8.505,2.552416802830038,757.2374739334184,0.20953252953988338,0.00036302641764608424,148.8159566301252,1.4534636127544134,0.0018792455445030985
8.51,2.551123905918102,757.2359062416455,0.20953396533106594,0.0003619732051695987,148.8166454950934,1.4512333817320404,0.0018766600882044078
8.515,2.549828958545935,757.2343394648724,0.20953539822792278,0.00036092200289869453,148.81732941737891,1.4490061975142625,0.0018740778290435923
8.52,2.548531997118324,757.2327736471586,0.2095368282309984,0.00035987281034434725,148.81801544806402,1.4467820579984858,0.0018714987644368995
8.525,2.5472331079828976,757.2312088929631,0.20953825534234147,0.0003588256262624971,148.8187104684025,1.4445609582454588,0.0018689228883540068
8.53,2.545932375560975,757.2296453040489,0.20953967956565464,0.00035778044921428554,148.81939957262915,1.4423428936194014,0.0018663501952431282
8.535,2.54462989761937,757.2280829979459,0.20954110090302144,0.0003567372777217765,148.82009492326026,1.4401278587567656,0.0018637806785978541
8.540000000000001,2.543325615564389,757.2265219041808,0.20954251935302692,0.00035569611268355245,148.82079146908788,1.4379158568759478,0.0018612143423168978
8.545,2.542019585322938,757.2249620897485,0.20954393491767648,0.00035465695355181044,148.8214784646841,1.4357068848736676,0.001858651182482742
8.55,2.5407118860477835,757.2234036493765,0.2095453475988942,0.0003536197994050958,148.82215697727588,1.4335009384352357,0.0018560911937117036
8.555,2.5394026190852363,757.2218467038505,0.20954675739884882,0.0003525846489206519,148.8228351441787,1.4312980122148964,0.0018535343693981152
8.56,2.5380918428553656,757.220291322662,0.20954816431956658,0.00035155150141753187,148.8235045133799,1.4290981031337588,0.0018509807057024068
8.565,2.536779510376313,757.2187374498851,0.20954956835958544,0.0003505203574586196,148.82416908358297,1.4269012136721984,0.0018484302057112673
8.57,2.535465701532538,757.2171851802059,0.2095509695193629,0.0003494912165289431,148.82484409150382,1.424707339566115,0.0018458828639001286
8.575000000000001,2.53415048345518,757.2156345930887,0.2095523678011648,0.0003484640779701532,148.82551834522698,1.4225164773442804,0.0018433386758599654
8.58,2.5328339763564562,757.214085830236,0.20955376320752866,0.000347438940661609,148.82619313770903,1.4203286208987056,0.001840797633808835
8.585,2.5315161944326934,757.2125389083345,0.2095551557385057,0.00034641580448963077,148.82687196735688,1.4181437695111074,0.0018382597368240263
8.59,2.5301971100580505,757.2109937948211,0.20955654539371768,0.000345394669723641,148.82755126794677,1.4159619245825261,0.0018357249866838713
8.595,2.528876816105359,757.2094505986562,0.2095579321756821,0.000344375536054057,148.8282134562749,1.4137830813365044,0.0018331933770388586
8.6,2.5275553778209057,757.2079093962096,0.2095593160843553,0.0003433584029436017,148.8288788706567,1.4116072365680719,0.0018306649037445775
8.605,2.5262329302858624,757.206370344963,0.20956069712287123,0.0003423432695832674,148.82953594990659,1.4094343836619947,0.0018281395581275501
8.61,2.524909440381529,757.2048334063011,0.20956207529048165,0.0003413301361730655,148.8301871971699,1.4072645242405515,0.0018256173423141396
8.615,2.52358491138566,757.2032985839589,0.20956345058682804,0.0003403190027881805,148.8308370320381,1.405097658132036,0.001823098256035377
8.620000000000001,2.5222594362729827,757.2017659858514,0.20956482301199117,0.0003393098693481105,148.8314995082034,1.402933780738624,0.0018205822930386884
8.625,2.5209330827120175,757.2002356903349,0.2095661925684712,0.00033830273547213606,148.8321544195702,1.4007728888672557,0.0018180694490873412
8.63,2.5196059943735563,757.1987078631117,0.20956755925724807,0.000337297600693307,148.83281665766296,1.3986149757287323,0.0018155597150491679
8.635,2.518278101304347,757.1971824234805,0.20956892307774397,0.00033629446524558604,148.8334803385812,1.3964600446300086,0.001813053095369876
8.64,2.51694943640222,757.19565940924,0.20957028403061145,0.00033529332919943607,148.83413927793336,1.3943080939931656,0.0018105495878473381
8.645,2.51562008975855,757.1941389238575,0.20957164211717266,0.00033429419265984013,148.83478500141626,1.3921591195352059,0.0018080491865309074
8.65,2.5142901442592005,757.1926210621747,0.20957299733740134,0.00033329705540864184,148.83543370629158,1.3900131174828023,0.0018055518862713
8.655,2.512959708244552,757.1911059478327,0.20957434969330022,0.0003323019173619547,148.83607270979317,1.3878700828872106,0.0018030576802464118
8.66,2.5116287197310245,757.1895935100642,0.20957569918385224,0.0003313087785772936,148.83670718443523,1.3857300185812627,0.0018005665723580056
8.665000000000001,2.5102972313412537,757.1880838086894,0.20957704580859945,0.00033031763929282544,148.8373469973414,1.383592922121346,0.0017980785591172849
8.67,2.5089653257929574,757.1865769376751,0.20957838956800873,0.0003293284997262818,148.83799296300447,1.381458789732293,0.0017955936351768634
8.675,2.5076331027594154,757.1850730097902,0.20957973046365636,0.0003283413598952151,148.8386354172006,1.379327617018588,0.0017931117943734238
8.68,2.5063006309637816,757.1835721026115,0.209581068495429,0.0003273562199043885,148.8392836905885,1.3771994009404533,0.001790633032416075
8.685,2.5049678594409737,757.1820741585668,0.20958240366321546,0.0003263730796877852,148.83993352495938,1.3750741437536789,0.0017881573524852177
8.69,2.5036348630821403,757.1805792619092,0.20958373596805324,0.00032539193974821156,148.84057091912752,1.3729518420846656,0.001785684749656968
8.695,2.5023017137500414,757.1790874933654,0.20958506540973806,0.00032441280032939704,148.84120438441107,1.3708324927946123,0.0017832152194091422
8.700000000000001,2.500968528634854,757.177598984027,0.2095863919888797,0.00032343566175276176,148.8418352107225,1.3687160908614924,0.0017807487545195638
8.705,2.499635333351256,757.1761137624875,0.209587715705925,0.0003224605241138386,148.8424586014672,1.3666026351863858,0.0017782853534005643
8.71,2.4983020935303535,757.17463179032,0.2095890365604462,0.0003214873873105514,148.84307798351693,1.3644921272433181,0.001775825018172845
8.715,2.496968903948316,757.1731531729963,0.2095903545511049,0.0003205162521650351,148.84371108886796,1.362384562883056,0.001773367742654685
8.72,2.4956358272599677,757.1716779801098,0.2095916696795028,0.00031954711888385816,148.8443391751249,1.3602799394992975,0.0017709135230361567
8.725,2.494302997835213,757.1702063602665,0.20959298194540657,0.00031857998814791596,148.84497152747352,1.3581782514831293,0.0017684623510591448
8.73,2.492970393530676,757.1687382889692,0.20959429134881793,0.0003176148598469812,148.8456071178043,1.3560794997589531,0.0017660142280841572
8.735,2.4916380094875015,757.1672737607819,0.20959559788991464,0.0003166517340295155,148.84624181274296,1.3539836845171553,0.0017635691543641866
8.74,2.4903059396192324,757.1658128790997,0.20959690156942012,0.0003156906116493838,148.84686048976138,1.3518908017641287,0.0017611271238371243
8.745000000000001,2.488974248632298,757.1643557149762,0.20959820238613036,0.00031473149300744233,148.8474840326139,1.3498008488929678,0.0017586881326145715
8.75,2.4876430884318204,757.1629024345386,0.20959950034119473,0.00031377437913703796,148.84809734922342,1.347713819728147,0.0017562521714163115
8.755,2.486312387609685,757.1614529596768,0.2096007954341463,0.0003128192695566553,148.84870638316875,1.3456297171726546,0.0017538192446038684
8.76,2.484982175340933,757.1600073221605,0.20960208766444688,0.00031186616461662523,148.84931660082054,1.3435485400122287,0.001751389350299163
8.765,2.4836525428771883,757.1585656213252,0.20960337703100612,0.0003109150653312527,148.8499378941902,1.3414702844816941,0.001748962482691891
8.77,2.4823235695896853,757.1571279432793,0.20960466353508614,0.0003099659722198681,148.85055305137507,1.3393949474627596,0.001746538637029832
8.775,2.480995372504521,757.1556944145628,0.20960594717564499,0.00030901888625357984,148.85117538879135,1.3373225243107323,0.001744117806201201
8.78,2.4796678872975093,757.1542649655923,0.2096072279531144,0.00030807380690538237,148.8517995228695,1.3352530175781911,0.0017416999941133782
8.785,2.478341161180083,757.1528396472203,0.2096085058677557,0.00030713073480762037,148.85241659582795,1.3331864253425132,0.0017392851977427427
8.790000000000001,2.4770152790539126,757.1514185508245,0.20960978091932583,0.00030618967094943463,148.85302370028057,1.3311227442059816,0.0017368734117661916
8.795,2.4756903358596403,757.1500017781411,0.20961105310692482,0.0003052506161190849,148.85363240253807,1.3290619705141402,0.0017344646305056928
8.8,2.474366410056104,757.1485894130523,0.20961232243104505,0.00030431357106969453,148.8542324478449,1.3270041012196183,0.0017320588492142704
8.805,2.4730434479942605,757.1471813981642,0.2096135888915132,0.0003033785352944692,148.85482832425,1.3249491384051446,0.001729656071135492
8.81,2.4717215186165142,757.1457778068896,0.20961485248682946,0.00030244550979832707,148.85543302537633,1.322897079317236,0.0017272562918745947
8.815,2.4704006960434817,757.1443787180651,0.20961611321704524,0.0003015144954323912,148.85604041864283,1.3208479210890618,0.0017248595068803496
8.82,2.469081092228167,757.1429842502162,0.20961737108204861,0.00030058549330746993,148.85664710210295,1.3188016594804572,0.0017224657094496749
8.825000000000001,2.4677627430451734,757.1415944412361,0.2096186260812786,0.00029965850381063965,148.85725906256596,1.3167582931238466,0.0017200748974190196
8.83,2.4664456085893716,757.1402092489227,0.2096198782151202,0.0002987335265213738,148.8578729348122,1.314717823538497,0.0017176870731918398
8.835,2.465129781935415,757.1388287712718,0.20962112748385908,0.0002978105628905489,148.8584711118382,1.3126802470688181,0.001715302230855439
8.84,2.463815323061894,757.1374530712753,0.20962237388612265,0.00029688961353114526,148.859070507861,1.3106455614926262,0.0017129203668413476
8.845,2.4625023615216306,757.1360822844271,0.20962361742175545,0.00029597067991185127,148.8596644450131,1.3086137619649905,0.0017105414733759499
8.85,2.4611908875159534,757.1347164004634,0.2096248580908381,0.0002950537619243809,148.86025238187682,1.3065848488515872,0.001708165551046225
8.855,2.459880888749617,757.1333554064773,0.20962609589309225,0.00029413885948099413,148.8608382866786,1.3045588225988263,0.0017057926005553867
8.86,2.4585724575343786,757.1319993985015,0.20962733082642165,0.0002932259740787725,148.86143820987766,1.302535679639528,0.0017034226160692397
8.865,2.4572656570000975,757.1306484420647,0.20962856289205822,0.0002923151063767737,148.86203103899376,1.3005154176884477,0.0017010555938678574
8.870000000000001,2.4559606353703547,757.1293026902403,0.20962979208812774,0.00029140625818659284,148.86263150297816,1.2984980312746572,0.001698691525066846
8.875,2.4546573296870795,757.1279620779961,0.20963101841536225,0.00029049942874104906,148.86323423224303,1.296483522721073,0.0016963304134389135
8.88,2.4533557615632344,757.1266266275405,0.20963224187383572,0.0002895946184226127,148.863834303157,1.2944718911961879,0.0016939722576079857
8.885,2.452056021424572,757.1252964318132,0.20963346246337095,0.0002886918287068111,148.86442031915198,1.292463133266688,0.001691617051905378
8.89,2.4507581831162324,757.1239715664133,0.2096346801823584,0.00028779106042325334,148.86501071262916,1.2904572462909272,0.0016892647919828393
8.895,2.4494623695073976,757.1226521566809,0.20963589503097985,0.00028689231514572426,148.8655916106433,1.2884542257840985,0.001686915470482824
8.9,2.4481685159643716,757.121338136657,0.20963710700925722,0.0002859955920504583,148.8661685485677,1.2864540741033175,0.0016845690912736687
8.905,2.4468766641757655,757.1200295486711,0.20963831611612965,0.0002851008918676611,148.866749574704,1.2844567896658914,0.0016822256517222275
8.91,2.4455868984928535,757.1187264783181,0.20963952235041242,0.00028420821594528985,148.86733941112598,1.2824623693274084,0.001679885146595381
8.915000000000001,2.444299307465066,757.1174290150389,0.2096407257125419,0.00028331756535060135,148.86792498813344,1.2804708099360944,0.0016775475706600322
8.92,2.4430139766136043,757.1161372449546,0.20964192620116504,0.00028242894121607485,148.86851745991117,1.2784821083950995,0.0016752129187946176
8.925,2.4417308510010014,757.1148511127043,0.20964312381697803,0.00028154234281933295,148.86911206445706,1.276496266690531,0.0016728811942863322
8.93,2.4404499919489187,757.1135706797825,0.20964431856006382,0.00028065777125246794,148.86969686816897,1.2745132825067431,0.0016705523932613346
8.935,2.4391714742648998,757.1122960211012,0.20964551042949367,0.0002797752276453254,148.87027561849115,1.2725331531128294,0.001668226511142234
8.94,2.437895401867044,757.1110272401796,0.20964669942424996,0.00027889471332080945,148.8708540159985,1.2705558748118275,0.0016659035417544827
8.945,2.43662181985926,757.1097643818432,0.20964788554452343,0.0002780162288879623,148.87142488343306,1.2685814459776124,0.001663583482393545
8.950000000000001,2.4353506862297873,757.1085074042946,0.2096490687903409,0.0002771397737851199,148.8719918857616,1.266609868120156,0.001661266335574799
8.955,2.43408208529932,757.10725639098,0.20965024915952016,0.00027626534952283427,148.87257160444145,1.2646411380631957,0.0016589520959673792
8.96,2.432816078101721,757.1060114021726,0.20965142665267059,0.00027539295690724773,148.87314971629013,1.262675253646061,0.0016566407599224082
8.965,2.431552785168737,757.1047725562736,0.20965260126872368,0.0002745225975369014,148.87373045650926,1.2607122105633661,0.001654332320226612
8.97,2.4302922077361777,757.1035398544667,0.2096537730075331,0.00027365427143141025,148.87431575503044,1.2587520087676547,0.0016520267768035477
8.975,2.4290343269498607,757.1023132782067,0.20965494186944955,0.0002727879783700209,148.8749018310829,1.256794648921064,0.001649724130759073
8.98,2.4277792313329587,757.1010929139424,0.20965610785462377,0.00027192371992649,148.87547170457577,1.2548401276894263,0.0016474243764895875
8.985,2.426526983343355,757.0998788224687,0.20965727096126702,0.00027106149685557867,148.87604659859142,1.2528884428996174,0.001645127510303258
8.99,2.425277716863854,757.0986711334048,0.20965843118949995,0.000270201310941744,148.87661291585601,1.250939589748127,0.0016428335241475706
8.995000000000001,2.4240313858046476,757.09746980212,0.2096595885393199,0.00026934316157146564,148.87717477050919,1.2489935698874952,0.0016405424207938792
9.0,2.422788002694636,757.0962748406363,0.20966074301021353,0.0002684870489982026,148.87773691638736,1.2470503828282615,0.0016382541994200484
9.005,2.4215476544849204,757.0950863326532,0.2096618946003752,0.0002676329747014445,148.87831201761136,1.2451100253064835,0.0016359688545393564
9.01,2.420310408384934,757.093904342614,0.20966304331088434,0.00026678093947191795,148.87888072809602,1.2431724949777436,0.0016336863821683624
9.015,2.4190763891132785,757.0927289895138,0.20966418914002227,0.00026593094493844606,148.87945752799266,1.2412377873476592,0.0016314067747756483
9.02,2.4178455333459707,757.0915602129085,0.209665332088547,0.00026508299027591664,148.88003667190497,1.2393059046947905,0.0016291300361829491
9.025,2.4166178765697106,757.0903980464847,0.2096664721565979,0.00026423707609372644,148.88061092940117,1.2373768456663579,0.0016268561641263125
9.03,2.415393500582213,757.0892425678286,0.20966760934390571,0.00026339320369221495,148.8811738106868,1.2354506072021425,0.0016245851534652713
9.035,2.414172485758014,757.0880938527471,0.20966874364914576,0.00026255137400412246,148.88173998994148,1.233527186461987,0.001622316999395934
9.040000000000001,2.412954921563984,757.0869519853331,0.20966987507273824,0.00026171158815653723,148.88229749550936,1.2316065801963727,0.0016200516964878554
9.045,2.4117407537386604,757.0858169145495,0.2096710036145874,0.0002608738454679635,148.88285130713106,1.229688790370874,0.001617789248031266
9.05,2.410530036099357,757.0846886907092,0.20967212927340606,0.00026003814682931746,148.88341255523648,1.2277738149128308,0.0016155296505758047
9.055,2.409322841342989,757.0835673816885,0.20967325204884416,0.0002592044932759153,148.88397947176577,1.2258616511207123,0.0016132728995872298
9.06,2.4081192639575444,757.0824530751572,0.20967437194115318,0.00025837288587897585,148.8845445632935,1.223952295593794,0.0016110189893553735
9.065,2.406919355261668,757.0813458185816,0.20967548894956503,0.0002575433252527679,148.88511607873963,1.2220457464457983,0.0016087679167449713
9.07,2.4057230726976986,757.080245572551,0.20967660307451336,0.00025671581088989296,148.88569003969567,1.220142005233856,0.0016065196843517452
9.075000000000001,2.404530490402526,757.0791524053126,0.20967771431650895,0.0002558903439582158,148.88625088330997,1.218241069063329,0.0016042742873922076
9.08,2.4033416688772427,757.0780663724033,0.20967882267451698,0.0002550669251725773,148.88681046599498,1.2163429357197495,0.001602031722145541
9.085,2.402156717059994,757.0769875731933,0.2096799281484457,0.0002542455557193893,148.88736705402337,1.2144476011937657,0.0015997919819458234
9.09,2.4009756459292535,757.0759160176518,0.20968103073850378,0.00025342623572135835,148.88791735892784,1.212555065072338,0.0015975550661152418
9.095,2.3997984322131143,757.0748516845417,0.20968213044445988,0.0002526089649381607,148.88846508062218,1.2106653282055424,0.0015953209760658199
9.1,2.3986251586460217,757.0737946487657,0.20968322726453745,0.0002517937445904204,148.88902789168753,1.2087783873087623,0.0015930897064206154
9.105,2.397455884278694,757.0727449636005,0.20968432120023095,0.0002509805752329391,148.88958479325717,1.2068942402452356,0.0015908612535877854
9.11,2.3962907286170547,757.0717027360957,0.20968541225058562,0.0002501694580705101,148.89014833257232,1.2050128825076933,0.0015886356101655367
9.115,2.395129659573852,757.0706679375027,0.20968650041583287,0.00024936039277972244,148.89071549363322,1.2031343153053218,0.001586412778140672
9.120000000000001,2.393972682021834,757.0696405720938,0.20968758569623183,0.00024855337946533696,148.89128172127832,1.2012585384094145,0.0015841927571532525
9.125,2.3928198773587948,757.0686207122957,0.20968866809244974,0.0002477484191960787,148.89183316412957,1.1993855485471718,0.0015819755418945444
9.13,2.391671305239121,757.0676084109101,0.2096897476031762,0.0002469455124500176,148.89239012299763,1.1975153435241572,0.0015797611287118013
9.135,2.390527087562441,757.0666037751853,0.2096908242296484,0.0002461446603073407,148.8929376502197,1.1956479186453446,0.0015775495099805542
9.14,2.3893871645569806,757.0656067525102,0.2096918979713634,0.0002453458622383069,148.89348163034086,1.1937832762084637,0.0015753406894369055
9.145,2.388251566168545,757.0646173690534,0.2096929688277823,0.0002445491186068701,148.89402870266835,1.1919214149722712,0.0015731346650984456
9.15,2.387120368984456,757.0636356916883,0.20969403679826865,0.00024375443026444668,148.89458676359155,1.1900623318214736,0.0015709314319596154
9.155,2.385993644397971,757.0626617823395,0.2096951018842597,0.00024296179769384165,148.89513994946387,1.1882060240427539,0.0015687309855833443
9.16,2.384871481577813,757.061695717956,0.20969616408517325,0.00024217122155883162,148.89570099919283,1.1863524881164593,0.0015665333203294949
9.165000000000001,2.3837538286848656,757.0607374537642,0.2096972234011943,0.00024138270147292052,148.89626468900013,1.1845017260817108,0.0015643384394732026
9.17,2.382640731585911,757.059787029095,0.20969827983307826,0.00024059623791934938,148.89682064390203,1.1826537359865372,0.0015621463399435715
9.175,2.3815322589060153,757.0588445026856,0.20969933338100247,0.0002398118314917562,148.89736882612655,1.1808085150142655,0.0015599570172546656
9.18,2.380428494171827,757.057909945443,0.2097003840448535,0.0002390294826406097,148.89791850529804,1.1789660598706106,0.0015577704661251053
9.185,2.3793294916834333,757.056983403287,0.20970143182562873,0.00023824919168022546,148.89846046843445,1.1771263683507833,0.0015555866830762634
9.19,2.378235210247501,757.0560648413352,0.209702476722772,0.00023747095837063143,148.89899894911136,1.1752894421179534,0.0015534056707420822
9.195,2.3771457141453505,757.0551543135841,0.20970351873542162,0.00023669478327078037,148.89954881861556,1.1734552783555803,0.001551227424765117
9.200000000000001,2.3760610605536368,757.0542518679199,0.2097045578646901,0.00023592066669213233,148.90010010212092,1.1716238747178496,0.0015490519414294787
9.205,2.3749813458110873,757.0533575843272,0.20970559411145992,0.00023514860900424327,148.90065271308058,1.1697952272447845,0.001546879214523899
9.21,2.373906587179839,757.0524714770685,0.20970662747557628,0.00023437861027394353,148.901211036153,1.1679693352094582,0.001544709242924853
9.215,2.372836759149386,757.0515935249788,0.2097076579570627,0.00023361067040674887,148.90177144348442,1.1661461996623796,0.001542542028274782
9.22,2.371771937705465,757.0507237905385,0.20970868555768973,0.00023284478990546334,148.90231594961804,1.1643258171644952,0.0015403775653497185
9.225,2.3707121741885344,757.0498623157257,0.20970971027663488,0.0002320809688662115,148.90286451016254,1.1625081856187676,0.0015382158508386763
9.23,2.3696575750529765,757.0490091868428,0.2097107321159519,0.00023131920749243611,148.90340653181542,1.1606933004575015,0.0015360568777412287
9.235,2.368608119213251,757.0481643867888,0.20971175107526352,0.00023055950574342,148.9039437125415,1.1588811625839075,0.0015339006474431734
9.24,2.3675638062122415,757.0473279151,0.20971276715421172,0.0002298018636486409,148.90448054832785,1.1570717719677188,0.0015317471599234126
9.245000000000001,2.3665247096724276,757.0464998308901,0.20971378035248672,0.00022904628150185362,148.90503179491284,1.1552651251804777,0.0015295964100631328
9.25,2.365490881322639,757.0456801754435,0.20971479067240506,0.00022829275926821785,148.90557648042133,1.153461220045351,0.0015274483944836127
9.255,2.364462435322591,757.0448690390134,0.20971579811465177,0.00022754129689664187,148.90613004809921,1.151660051472701,0.0015253031055457163
9.26,2.363439317087693,757.0440663784208,0.20971680267880716,0.00022679189440986768,148.9066864371338,1.1498616218908317,0.0015231605468993506
9.265,2.3624215511875164,757.0432722129224,0.2097178043656499,0.00022604455184977717,148.90723952683751,1.1480659301032214,0.0015210207167995992
9.27,2.361409207035312,757.0424865968575,0.20971880317685457,0.00022529926927930435,148.90778020263065,1.1462729727900411,0.0015188836103707717
9.275,2.3604023462967616,757.0417095780335,0.20971979911240538,0.00022455604649783572,148.90832546800644,1.1444827472214285,0.0015167492234936587
9.28,2.3594010534090004,757.0409412214666,0.20972079217492917,0.00022381488324541558,148.9088619674259,1.1426952494788163,0.0015146175504116637
9.285,2.3584052810186393,757.0401814906566,0.20972178236310934,0.00022307577966456337,148.9093950971062,1.1409104817510567,0.001512488594348723
9.290000000000001,2.357415067789727,757.039430415095,0.20972276967692838,0.00022233873571046416,148.90993476613735,1.139128442076962,0.0015103623525074975
9.295,2.3564304757037275,757.0386880419572,0.2097237541175158,0.00022160375121826968,148.9104822940412,1.1373491274227334,0.0015082388204980543
9.3,2.3554515768116047,757.0379544254557,0.2097247356873469,0.00022087082575412287,148.91102720895614,1.1355725344174399,0.0015061179933820005
9.305,2.3544784241226604,757.0372296052317,0.2097257143869773,0.0002201399590000115,148.91157950248768,1.1337986604910795,0.0015039998674700455
9.31,2.3535109796186995,757.036513552801,0.20972669021582216,0.00021941115117919962,148.9121347024195,1.1320275074751212,0.0015018844454022363
9.315,2.352549297499752,757.0358063083361,0.2097276631761507,0.0002186844020568172,148.91267850724037,1.1302590724973096,0.0014997717231757628
9.32,2.3515934297277608,757.0351079101657,0.20972863326868335,0.00021795971127625195,148.91321937817594,1.1284933529755472,0.0014976616970949453
9.325000000000001,2.350643458810563,757.0344184183868,0.20972960049565187,0.0002172370780905007,148.91375900280454,1.1267303448187804,0.0014955543613449918
9.33,2.349699405136356,757.0337378477609,0.209730564858033,0.00021651650230917829,148.9142920845264,1.1249700469876904,0.0014934497144728422
9.335,2.3487612436176097,757.0330661800439,0.20973152635484457,0.0002157979841611705,148.9148222547529,1.1232124607375884,0.0014913477582516688
9.34,2.347829041261334,757.0324034633309,0.209732484986639,0.00021508152312235007,148.91536776399045,1.1214575823495603,0.0014892484876219375
9.345,2.346902841703544,757.0317497287081,0.2097334407562247,0.00021436711867918183,148.91590936156308,1.1197054096473043,0.0014871518994842927
9.35,2.345982736744785,757.0311050407095,0.20973439366602004,0.00021365476968504603,148.91645641566822,1.1179559377964936,0.0014850579871756183
9.355,2.345068712895387,757.0304693898396,0.20973534371562946,0.0002129444763070795,148.91700813500003,1.1162091675047379,0.0014829667516736383
9.36,2.344160766592004,757.0298427735073,0.20973629090525314,0.00021223623859849386,148.91756008085736,1.1144650989058709,0.0014808781931907817
9.365,2.3432589619873574,757.0292252361792,0.20973723523819196,0.0002115300557972052,148.91809676085526,1.112723728280491,0.0014787923067794734
9.370000000000001,2.3423633426587487,757.0286168077539,0.20973817671454142,0.00021082592721750624,148.91863978073042,1.110985053362898,0.001476709089280497
9.375,2.3414740101156593,757.0280175569023,0.20973911533947612,0.00021012385118688667,148.91917335919175,1.1092490685097445,0.0014746285331237513
9.38,2.3405909168489463,757.02742745146,0.20974005111066804,0.00020942382848493146,148.91970365993674,1.1075157763562389,0.001472550641849216
9.385,2.3397140829144725,757.0268465048036,0.20974098402849328,0.00020872585879266788,148.92023653123405,1.1057851756712256,0.0014704754138639797
9.39,2.338843568429774,757.026274756969,0.20974191409467255,0.00020802994111837793,148.9207818743933,1.1040572628267347,0.0014684028444396204
9.395,2.3379794251259285,757.0257122419097,0.2097428413128166,0.00020733607441604827,148.92132197642,1.102332034944113,0.0014663329296993517
9.4,2.3371217282103585,757.0251590083907,0.2097437656853818,0.00020664425712147447,148.92187070851338,1.1006094876068138,0.0014642656638725238
9.405,2.3362704364136673,757.0246150296073,0.2097446872108807,0.0002059544900871556,148.9224225042484,1.098889623227889,0.0014622010501204592
9.41,2.335425581392471,757.0240803257968,0.20974560589149419,0.00020526677266177469,148.92296778647966,1.0971724397550633,0.0014601390858557859
9.415000000000001,2.334587216694197,757.023554931057,0.20974652172995734,0.00020458110368507402,148.92350430461434,1.095457933833119,0.0014580797667854432
9.42,2.333755402265369,757.0230388828252,0.20974743472855625,0.00020389748165828235,148.9240435185578,1.0937461018798336,0.0014560230882500714
9.425,2.332930186000502,757.0225322107253,0.20974834489060915,0.00020321590535492612,148.9245748641104,1.0920369409143893,0.0014539690464589418
9.43,2.332111534846073,757.0220348942552,0.20974925221403315,0.0002025363756129935,148.92510297078238,1.0903304529797553,0.0014519176440209852
9.435,2.3312994935306968,757.0215469606454,0.20975015670023436,0.00020185889128296873,148.92564191856593,1.0886266350060012,0.0014498688771660052
9.44,2.330494106511689,757.0210684367693,0.20975105835227567,0.00020118345113998476,148.92618405945424,1.0869254841246445,0.001447822742273649
9.445,2.329695442072861,757.0205993629955,0.2097519571744328,0.00020051005311847155,148.92672685881482,1.0852269959401355,0.0014457792338218203
9.450000000000001,2.3289035200094905,757.0201397509019,0.20975285316748846,0.0001998386966039579,148.92727619567216,1.0835311691387495,0.0014437383501881191
9.455,2.3281183178121867,757.0196895872339,0.20975374633035085,0.0001991693822828748,148.927828419867,1.0818380051899792,0.0014417000932035974
9.46,2.32733989180142,757.019248904466,0.20975463666790542,0.00019850210838815233,148.928365052428,1.0801474999889318,0.0014396644579588412
9.465,2.326568277735994,757.0188177228979,0.20975552418111873,0.00019783687369551658,148.92890498074803,1.0784596511918987,0.0014376314415135891
9.47,2.3258035512212634,757.0183960845085,0.2097564088758037,0.00019717367547530872,148.92943968682954,1.0767744535481985,0.0014356010374919675
9.475,2.3250457037914654,757.0179839845784,0.2097572907513713,0.00019651251403022524,148.92996934062717,1.0750919076412544,0.0014335732466055947
9.48,2.3242947310369098,757.0175814205606,0.209758169807213,0.00019585338950957708,148.9304984307833,1.073412013717332,0.0014315480691812225
9.485,2.323550686066604,757.0171884211599,0.20975904604599127,0.00019519629990824341,148.9310428735349,1.071734767675025,0.0014295255004320117
9.49,2.322813604240975,757.0168050051643,0.20975991947195932,0.00019454124379392372,148.93158068707683,1.0700601670662482,0.001427505537355263
9.495000000000001,2.3220835701983886,757.0164312162452,0.20976079009057105,0.00019388821755106036,148.93212798059255,1.0683882055850997,0.0014254881725182967
9.5,2.321360544736452,757.0160670341447,0.20976165789922097,0.00019323722284949655,148.93267847585653,1.0667188861452368,0.001423473409360096
9.505,2.3206445437329473,757.0157124668453,0.20976252289963213,0.0001925882589813618,148.93322646436152,1.065052207430488,0.0014214612463880967
9.51,2.31993561650563,757.0153675390573,0.2097633850966346,0.0001919413237294675,148.93376156352548,1.0633881654171435,0.0014194516790070747
9.515,2.3192338045653895,757.0150322709469,0.20976424449245656,0.0001912964150990622,148.93430202203584,1.0617267569773077,0.001417444703519243
9.52,2.3185391700669027,757.0147066920031,0.2097651010936695,0.0001906535299870405,148.93483364943918,1.0600679771446042,0.0014154403142308256
9.525,2.317851679359167,757.0143907862083,0.20976595489687772,0.0001900126700644994,148.9353621023998,1.0584118285952555,0.0014134385142178976
9.53,2.317171357677809,757.0140845651715,0.20976680590373925,0.00018937383401176674,148.93589692313478,1.056758309088111,0.0014114393010054443
9.535,2.3164982483076737,757.0137880486542,0.2097676541181356,0.00018873701953557985,148.9364407001751,1.0551074149007607,0.0014094426704229822
9.540000000000001,2.315832398854633,757.0135012575017,0.20976849954561072,0.00018810222395302246,148.9369815876952,1.0534591421129513,0.0014074486180009815
9.545,2.315173848610536,757.0132242085256,0.20976934218932658,0.00018746944498484094,148.9375304798371,1.0518134873438663,0.00140545713997026
9.55,2.3145225708546815,757.0129568902181,0.20977018204695602,0.00018683868416842248,148.93808263477135,1.050170452875374,0.0014034682388849682
9.555,2.313878600820796,757.0126993171551,0.20977101912327176,0.00018620993935653237,148.938624000844,1.048530035342941,0.001401481911126204
9.56,2.313241974021895,757.0124515037552,0.2097718534215307,0.0001855832083475236,148.93916193937662,1.0468922315468685,0.0013994981531607494
9.565,2.312612743864366,757.012213470579,0.20977268494748744,0.00018495848763872287,148.9396994152198,1.0452570366672798,0.0013975169596830413
9.57,2.311990926852888,757.011985223824,0.2097735137034866,0.00018433577611862685,148.9402302560104,1.0436244491644555,0.0013955383290260213
9.575000000000001,2.3113765049502772,757.0117667566113,0.2097743396872183,0.00018371507498229933,148.94075818147297,1.0419944706923043,0.0013935622629951863
9.58,2.3107695223251596,757.0115580848945,0.2097751629026231,0.00018309638111031016,148.9413018489121,1.0403670966997791,0.0013915887568214697
9.585,2.310170006765348,757.0113592183333,0.20977598335446837,0.00018247969249678673,148.94184231452266,1.0387423245974796,0.0013896178076632534
9.59,2.3095780166614257,757.0111701759769,0.20977680104956312,0.00018186500470064503,148.94238802908015,1.0371201485930304,0.0013876494093571685
9.595,2.30899354602993,757.0109909558468,0.20977761598715416,0.0001812523181722969,148.94293897350175,1.0355005692740202,0.0013856835625315578
9.6,2.3084165911693177,757.0108215566169,0.20977842816715528,0.00018064163316352722,148.9434905945029,1.033883586938082,0.0013837202675293075
9.605,2.307847192987531,757.0106619906621,0.20977923759633355,0.00018003294633356406,148.94402679014237,1.0322691970379134,0.0013817595196973036
9.61,2.3072853785042025,757.0105122656887,0.20978004427675082,0.00017942625544187222,148.94456980835224,1.0306573968642203,0.0013798013161281275
9.615,2.3067312120865067,757.0103723984499,0.20978084821892104,0.00017882155482726216,148.9451033875292,1.029048179431175,0.001377845649601278
9.620000000000001,2.306184664073672,757.0102423811882,0.20978164941809735,0.00017821884709132328,148.94563383520637,1.0274415479491354,0.001375892523439185
9.625,2.3056457465526865,757.0101222167638,0.20978244787571976,0.0001776181310967738,148.94616696854433,1.025837500948922,0.0013739419361791588
9.63,2.3051144966975445,757.0100119138715,0.2097832435967705,0.00017701940334071087,148.94671318291188,1.0242360339794556,0.001371993883359708
9.635,2.3045909455828455,757.009911478967,0.20978403658749997,0.00017642266081115902,148.94725412719535,1.022637143571622,0.0013700483613883806
9.64,2.304075139446006,757.0098209206691,0.20978482685443903,0.00017582789882721002,148.94780415596068,1.0210408242292761,0.0013681053647337708
9.645,2.303567053243227,757.009740234237,0.20978561439391827,0.0001752351199108949,148.94835755202772,1.0194470789133765,0.0013661648963829588
9.65,2.3030667057788303,757.0096694227116,0.2097863992099562,0.0001746443220228938,148.94890462626438,1.0178559051235891,0.0013642269539077493
9.655,2.3025741289368487,757.009608491021,0.2097871813083321,0.00017405550169928905,148.94944291321784,1.0162672987445525,0.001362291533257071
9.66,2.3020893575104755,757.0095574433125,0.2097879606944661,0.00017346865501291308,148.94998428756875,1.0146812554285225,0.001360358630080674
9.665000000000001,2.301612419899912,757.0095162824687,0.20978873737447504,0.00017288377864828797,148.950517791967,1.013097771454577,0.0013584282407311603
9.67,2.301143296751278,757.0094850064263,0.20978951134441862,0.00017230087484572507,148.95104818876194,1.0115168493363336,0.0013565003676815368
9.675,2.300682013836869,757.0094636170847,0.2097902826083893,0.00017171994038137078,148.95158983104048,1.0099384853026812,0.0013545750073577292
9.68,2.3002285964655593,757.0094521159484,0.20979105117201624,0.00017114097208417972,148.952134910161,1.0083626758431048,0.001352652156349427
9.685,2.299783082715598,757.009450503707,0.20979181704342675,0.00017056396494724734,148.95268079693028,1.0067894156002941,0.0013507318094698518
9.69,2.2993454838735223,757.0094587803429,0.20979258022458872,0.0001699889174418874,148.95323357849293,1.0052187029267974,0.0013488139651476377
9.695,2.298915787435795,757.0094769457172,0.20979334071315225,0.00016941583122960437,148.9537894515842,1.0036505396085669,0.0013468986251001052
9.700000000000001,2.2984940243805707,757.0095049989576,0.20979409851758996,0.0001688447018277395,148.95432964163484,1.0020849206222802,0.0013449857846785142
9.705,2.2980802142223675,757.0095429389187,0.20979485364090794,0.00016827552641224107,148.95487353282942,1.000521843074525,0.0013430754410899658
9.71,2.2976743971462303,757.0095907615136,0.20979560609344622,0.00016770829880756233,148.95541221831922,0.9989613005608091,0.001341167588323648
9.715,2.2972765685480887,757.0096484671772,0.2097963558740868,0.0001671430197147451,148.95594594758674,0.9974032938078095,0.0013392622270640238
9.72,2.296886726313682,757.0097160559344,0.20979710298206014,0.00016657968940133103,148.9564794158147,0.9958478230639791,0.0013373593575693044
9.725,2.2965048982106135,757.0097935235435,0.20979784742347998,0.00016601830320104173,148.95702857212208,0.9942948833206787,0.0013354589753016353
9.73,2.296131102588532,757.0098808665246,0.2097985892047975,0.0001654588580293377,148.95757115518316,0.9927444715461885,0.0013335610773958521
9.735,2.2957653816797485,757.0099780744719,0.20979932833660697,0.00016490134627990003,148.95812353730852,0.991196580112828,0.0013316656568781253
9.74,2.295407715849565,757.0100851521619,0.20980006481390684,0.00016434577147738177,148.95867936578477,0.989651212554422,0.001329772716983208
9.745000000000001,2.295058113336325,757.0102020971361,0.209800798639655,0.0001637921320030147,148.9592325628767,0.9881083671871224,0.0013278822562225452
9.75,2.294716598338868,757.0103289019921,0.2098015298219537,0.0001632404231031689,148.95977310346325,0.9865680391294528,0.0013259942702536095
9.755,2.2943831910547945,757.0104655592334,0.2098022583657125,0.00016269064072005888,148.96031915955894,0.9850302245032845,0.0013241087555272493
9.76,2.2940579202580635,757.010612056769,0.20980298428138078,0.00016214277875248776,148.96085643675852,0.9834949173767762,0.001322225706747707
9.765,2.293740770188719,757.0107684011084,0.20980370756342576,0.00016159684052006781,148.9613906331389,0.9819621209760752,0.0013203451268014414
9.77,2.293431753042202,757.0109345863565,0.20980442821543863,0.0001610528231963595,148.96193185311995,0.9804318324546164,0.0013184670132265093
9.775,2.293130888479111,757.0111106026478,0.20980514624428034,0.000160510722225509,148.96248184075088,0.9789040473382193,0.001316591362104273
9.78,2.292838197970138,757.0112964372172,0.20980586165873916,0.00015997053240774848,148.9630292883097,0.9773787607704316,0.0013147181691241397
9.785,2.2925536979434717,757.0114920794947,0.20980657446436038,0.00015943224958976543,148.96358492484632,0.9758559688246995,0.0013128474308614602
9.790000000000001,2.292277376912285,757.0116975367007,0.2098072846571076,0.00015889587664305208,148.96414403705762,0.9743356742137534,0.0013109791496900738
9.795,2.292009250612008,757.011912797541,0.20980799224472413,0.00015836140921019723,148.9646917527594,0.9728178726777649,0.0013091133220029
9.8,2.2917493336295003,757.0121378508769,0.20980869723270476,0.00015782884324855913,148.9652369235027,0.9713025604357616,0.0013072499445246296
9.805,2.291497647970984,757.0123726772266,0.20980939963080203,0.00015729817224504033,148.96578130046942,0.9697897315232765,0.0013053890121115564
9.81,2.291254199273735,757.012617271258,0.20981009944207177,0.0001567693944602449,148.96631922623544,0.9682793843370067,0.0013035305233986484
9.815,2.2910189809039023,757.0128716389434,0.2098107966632158,0.0001562425118765095,148.96685462303154,0.9667715206964843,0.0013016744799485538
9.82,2.29079200994125,757.0131357626748,0.20981149130153764,0.00015571751874341307,148.96740629337026,0.9652661351299678,0.0012998208772217414
9.825000000000001,2.2905732972080655,757.0134096302276,0.20981218336407237,0.00015519441139646566,148.96795402442353,0.9637632243868313,0.0012979697124202011
9.83,2.2903628639071023,757.0136932143142,0.20981287286190206,0.0001546731819834467,148.96850790393796,0.9622627814096153,0.00129612097961878
9.835,2.290160706826731,757.0139865190204,0.20981355979331853,0.00015415383168468084,148.96906698050722,0.9607648072587007,0.0012942746797092518
9.84,2.2899668253399112,757.0142895447501,0.20981424415850208,0.00015363636061758922,148.96962639486713,0.9592693020103336,0.0012924308127793133
9.845,2.2897812334813272,757.0146022708321,0.2098149259674673,0.00015312076288396785,148.97017065194444,0.9577762602117575,0.0012905893743841617
9.85,2.2896039404644566,757.0149246821993,0.2098156052244931,0.00015260703453970486,148.97072182032326,0.9562856784542343,0.0012887503616460575
9.855,2.2894349656598436,757.0152567427031,0.20981628194461113,0.00015209516635393918,148.9712636019482,0.9547975486151649,0.0012869137678934847
9.86,2.2892742999039855,757.0155984693056,0.2098169561208527,0.00015158516266690624,148.971802316487,0.9533118745125414,0.0012850795962658311
9.865,2.2891219471813273,757.0159498535849,0.20981762775596824,0.00015107702131131825,148.97234451732103,0.9518286541799755,0.001283247845193478
9.870000000000001,2.2889779182309193,757.0163108724159,0.2098182968580367,0.00015057073642051898,148.97289939385456,0.9503478823533461,0.0012814185104495668
9.875,2.2888422217746327,757.016681503985,0.20981896343598075,0.00015006630288472007,148.9734493881843,0.9488695546882081,0.0012795915884652861
9.88,2.2887148689708012,757.0170617172304,0.20981962749945768,0.0001495637135168837,148.97400851856094,0.947393664982231,0.0012777670742477217
9.885,2.288595853524671,757.0174515293801,0.20982028904293104,0.00014906297231589627,148.9745711618047,0.9459202166843971,0.0012759449705787265
9.89,2.2884851803347965,757.0178509248335,0.20982094807264842,0.0001485640756115192,148.97512660795311,0.9444492065337295,0.0012741252749020355
9.895,2.288382856607787,757.018259879597,0.2098216045967968,0.0001480670179164998,148.9756743360823,0.942980629757276,0.0012723079834328467
9.9,2.2882888897350693,757.0186783635472,0.20982225862417422,0.00014757179277956526,148.97622463133158,0.941514480940409,0.0012704930918358759
9.905,2.2882032845722926,757.0191063547885,0.20982291016244115,0.00014707839553956028,148.97676728651268,0.9400507561315685,0.0012686805969914132
9.91,2.2881260375106476,757.0195438690538,0.2098235592062768,0.00014658682955913236,148.97730687676287,0.9385894581789065,0.0012668705011546558
9.915000000000001,2.2880571533469864,757.0199908808546,0.2098242057627079,0.00014609708929543035,148.9778590509768,0.9371305822504461,0.0012650628006029734
9.92,2.287996635928283,757.0204473673887,0.20982484983949107,0.00014560917002781506,148.978413263921,0.9356741243841994,0.001263257492219908
9.925,2.2879444903429147,757.0209132885568,0.2098254914484109,0.0001451230637733753,148.97896932374502,0.9342200779540273,0.0012614545708252468
9.93,2.2879007174731214,757.0213886361322,0.20982613059149804,0.00014463876890873317,148.97953208014184,0.9327684416047222,0.0012596540353709115
9.935,2.2878653160016507,757.0218734206413,0.2098267672659792,0.00014415628751934884,148.98009747572138,0.93131921706632,0.0012578558872082773
9.94,2.2878382888411384,757.0223676084407,0.2098274014833028,0.00014367561276536607,148.9806467926028,0.9298723984802446,0.0012560601218977437
9.945,2.2878196374861446,757.0228711756635,0.20982803324849936,0.0001431967401442739,148.98120139003586,0.9284279821977973,0.0012542667365878957
9.950000000000001,2.287809363471338,757.0233840720144,0.20982866257621777,0.00014271966027050637,148.9817494463832,0.9269859605164544,0.001252475725386709
9.955,2.2878074664658428,757.0239063078798,0.2098292894634597,0.0001422443750836874,148.98229301139418,0.9255463350276417,0.001250687089512394
9.96,2.2878139463056546,757.0244378820504,0.2098299139102236,0.0001417708843246412,148.98283715611217,0.9241091054880988,0.001248900828800767
9.965,2.287828803018833,757.0249787579704,0.20983053592559406,0.00014129918104019347,148.98339657475378,0.9226742660591182,0.0012471169388870898
9.97,2.2878520360052352,757.0255289085068,0.20983115551819445,0.00014082926043287882,148.98394968953798,0.9212418129155876,0.0012453354168325674
9.975,2.2878836425183837,757.0260882746217,0.2098317727020116,0.00014036111210958608,148.9845125655053,0.9198117376405102,0.0012435562563084311
9.98,2.2879236238304586,757.026656884707,0.2098323874702002,0.00013989474107373536,148.98507896201707,0.9183840442844645,0.0012417794603634179
9.985,2.2879719788902078,757.0272347234347,0.20983299982734488,0.00013943014454618024,148.98564168934746,0.9169587305390358,0.0012400050273010284
9.99,2.2880287049611754,757.0278217528836,0.20983360978390642,0.00013896731575422497,148.9861928043958,0.9155357908336781,0.0012382329530049353
9.995000000000001,2.2880937984967686,757.0284179363609,0.20983421734757868,0.00013850624856920487,148.98674887913447,0.9141152203240536,0.0012364632338342553
10.0,2.288167254281623,757.0290232270496,0.20983482253075197,0.00013804693516354614,148.9872964061356,0.9126970127480603,0.0012346958651550824
