time_s,V_A,P_A,f_o,f_c,p_o,p_c,z
0,1,760,0.1368,0.05263,40,46,4.4219e-07
0.005,1.0178674264322627,759.9669458192396,0.13680023534154548,0.05262826967313917,40.672731088845296,43.3919181443903,7.060557843923907e-05
0.01,1.0354997429871924,759.9343628277011,0.13680877463943283,0.05262030477707694,41.36399250098619,41.072099907770266,0.00013672157791615657
0.015,1.052900303464164,759.9022447537054,0.13682521614236032,0.05260643917733127,42.07486378355664,39.00864853817059,0.00019922790653660393
0.02,1.0700724149521799,759.8705853982065,0.13684918295216358,0.052586982780178766,42.806480338880185,37.17318027516397,0.0002585138613318689
0.025,1.0870193384697824,759.8393786351494,0.1368803209792153,0.05256222384781785,43.560035243464455,35.54043800066267,0.00031492565215165773
0.03,1.103744289596158,759.8086184116813,0.13691829710916575,0.05253243104105015,44.3367805300462,34.087947361557084,0.0003687711489637398
0.035,1.1202504390935437,759.7782987482299,0.13696279755508353,0.052497855226143746,45.13802773584112,32.79571070102742,0.0004203241069554719
0.04,1.1365409135210742,759.7484137384661,0.1370135263726855,0.052458731077083535,45.9651474696109,31.645934635363396,0.00046982792693202894
0.045,1.1526187958401803,759.7189575491652,0.1370702041194021,0.05241527849982153,46.819567689234276,30.622787582656013,0.0005174990020246263
0.05,1.1684871260116674,759.6899244199786,0.13713256664060172,0.05236770390130726,47.702770308880304,29.71218394567544,0.0005635296962561954
0.055,1.1841489015845506,759.6613086631256,0.1372003639684804,0.05231620132283211,48.61628566944295,28.901592023087108,0.0006080909953778081
0.06,1.1996070782768131,759.633104663017,0.13727335932097628,0.05226095345449559,49.56168430716585,28.17986303674228,0.0006513348660594131
0.065,1.214864570548156,759.6053068758165,0.1373513281896422,0.05220213254527996,50.54056534360759,27.537078957279,0.000693396355451393
0.07,1.2299242521648805,759.5779098289489,0.13743405750674934,0.052139901221261026,51.554540697544,26.96441705864267,0.0007343954597034957
0.075,1.2447889567569879,759.5509081205593,0.1375213448830403,0.05207441322280289,52.60521419034876,26.45402936539928,0.0007744387868058537
0.08,1.2594614783676237,759.5242964189296,0.1376129979085243,0.05200581407016309,53.69415448959517,25.998935353451706,0.0008136210363995412
0.085,1.2739445719949563,759.4980694618572,0.13770883350954266,0.05193424166570775,54.822860724252166,25.592926449540936,0.0008520263166517563
0.09,1.288240954126606,759.4722220559971,0.13780867735604863,0.05185982683989365,55.99271953053354,25.230481030759517,0.0008897293161380089
0.095,1.3023533032667212,759.446749076172,0.1379123633136615,0.05178269384727073,57.20495227964149,24.90668877167179,0.000926796346651644
0.1,1.3162842604558047,759.4216454646514,0.13801973293559197,0.05170296081798576,58.46055133992946,24.617183310094113,0.0009632862711555438
0.105,1.33003642978339,759.3969062304014,0.13813063499000935,0.05162074016959616,59.76020448906838,24.35808231853799,0.0009992513294889034
0.11,1.343612378893673,759.372526448306,0.1382449250188533,0.05153613898342402,61.10420708370634,24.125934166125216,0.0010347378730907776
0.115,1.35701463948418,759.3485012583592,0.1383624649245014,0.051449259349173056,62.49236238601653,23.91767044764026,0.001069787018732948
0.12,1.3702457077975878,759.3248258648315,0.13848312258110979,0.05136019868109236,63.92387161079161,23.73056373387141,0.0011044352301841412
0.125,1.3833080451067765,759.301495535407,0.1386067714678709,0.05126905000857991,65.39721684141439,23.562189970162397,0.001138714835722142
0.13,1.3962040781932121,759.2785056002961,0.13873329032190082,0.05117590224377643,66.91004197324075,23.41039501148551,0.0011726544885621722
0.135,1.4089361998187562,759.2558514513242,0.13886256280899328,0.05108084042839271,68.45903919624321,23.273264839997566,0.0012062795764733163
0.14,1.4215067691909933,759.2335285410004,0.13899447721107178,0.05098394596173776,70.03985102370893,23.149099059676562,0.0012396125861827596
0.145,1.433918112422151,759.2115323815716,0.13912892612982783,0.05088529681166566,71.64700014991082,23.036387308308285,0.0012726734275364893
0.15,1.446172522981716,759.189858544071,0.1392658062067268,0.05078496770993506,73.27386095628985,22.933788265624948,0.001305479721852675
0.155,1.4582722621428357,759.1685026573703,0.1394050178602476,0.050683030333273905,74.91268664310402,22.84011097257894,0.001338047058403917
0.16,1.4702195594225789,759.1474604072495,0.13954646504181906,0.0505795534712666,76.55470409399979,22.75429820726227,0.001370389222542687
0.165,1.4820166130161445,759.1267275354982,0.139690055012334,0.050474603182032965,78.1902842244058,22.67541169164546,0.0014025183985881264
0.17,1.493665590225115,759.1062998390629,0.13983569814125588,0.05036824293655425,79.80918866185314,22.602618927496422,0.0014344453502580933
0.17500000000000002,1.5051686278798124,759.0861731692568,0.13998330773010756,0.05026053375241831,81.40088472429811,22.53518148254854,0.001466179581116476
0.18,1.5165278327558511,759.06634343104,0.14013279986150687,0.05015153431770999,82.95491102825316,22.4724445671538,0.001497729477240923
0.185,1.527745281984983,759.0468065823807,0.1402840932739191,0.05004130110575504,84.46126745357383,22.413827759651678,0.0015291024340674658
0.19,1.5388230234602887,759.0275586336951,0.14043710926105335,0.049929888481430755,85.91079750698069,22.358816753876567,0.0015603049691586466
0.195,1.549763076235801,759.0085956473631,0.14059177159349806,0.04981734879977165,87.29552988015526,22.306956016489796,0.0015913428224447576
0.2,1.5605674309206463,758.9899137373068,0.14074800645899968,0.04970373249761077,88.60894977568796,22.257842253866077,0.001622221045321547
0.20500000000000002,1.5712380500677623,758.971509068616,0.14090574241691517,0.049589088178994725,89.84617882074411,22.211118599570547,0.0016529440798316853
0.21,1.581776868557305,758.9533778572015,0.14106491036196142,0.04947346269508524,91.0040535032116,22.166469443009216,0.0016835158290256066
0.215,1.592185793974753,758.9355163694557,0.14122544349247998,0.04935690121920993,92.08110385653632,22.123615828794804,0.0017139397194737476
0.22,1.602466706983844,758.9179209219031,0.14138727727898454,0.049239447317652923,93.07744446561829,22.082311363933638,0.0017442187567978985
0.225,1.6126214616943944,758.9005878808257,0.14155034942964415,0.049121143016688434,93.99459717741958,22.04233857703394,0.0017743555749915327
0.23,1.6226518860250478,758.883513661852,0.14171459985040372,0.04900202886626954,94.83526852068184,22.00350567972477,0.0018043524802163423
0.23500000000000001,1.6325597820610735,758.8666947295052,0.14187997059851185,0.04888214400069468,95.60310490444421,21.965643686089926,0.0018342114896847325
0.24,1.6423469264072383,758.8501275967071,0.14204640582917125,0.048761526196497415,96.3024459937136,21.928603850661794,0.0018639343661725637
0.245,1.6520150705358339,758.8338088242424,0.14221385173577758,0.04864021192774191,96.93809230334158,21.892255389963626,0.0018935226486450582
0.25,1.6615659411299333,758.8177350201842,0.14238225648473396,0.048518236418859315,97.51509807212929,21.856483456341692,0.0019229776794269298
0.255,1.6710012404219388,758.8019028392913,0.14255157014612313,0.04839563369512889,98.03859571137353,21.821187336346632,0.001952300628299169
0.26,1.680322646527481,758.7863089823805,0.14272174462162898,0.0482724366308883,98.513654086518,21.78627884889579,0.0019814925138638257
0.265,1.689531813774744,758.7709501956832,0.1428927335710604,0.04814867699554813,98.94516984920575,21.751680921234637,0.002010554222479606
0.27,1.6986303730292647,758.7558232701913,0.14306449233869983,0.048024385497482815,99.33778898580805,21.717326323071344,0.0020394865250385292
0.275,1.7076199320142844,758.7409250409988,0.14323697788051035,0.04789959182587102,99.69585459373894,21.683156541466264,0.002068290091823387
0.28,1.7165020756267146,758.7262523866445,0.1434101486930294,0.04777432469056165,100.02337642473417,21.649120780926086,0.0020969655056599073
0.28500000000000003,1.7252783662487527,758.7118022284579,0.14358396474457188,0.04764861186004471,100.32401776888611,21.615175074902307,0.002125513273553384
0.29,1.7339503440552306,758.697571529913,0.14375838740918032,0.047522480197609136,100.60109559414035,21.58128149637481,0.002153933836979058
0.295,1.7425195273167604,758.683557295991,0.1439333794035982,0.04739595569577192,100.85759037488364,21.54740745658844,0.002182227580976397
0.3,1.7509874126987222,758.6697565725541,0.14410890472741283,0.047269063509062695,101.09616262303348,21.51352508218489,0.002210394842181214
0.305,1.7593554755561456,758.6561664457311,0.14428492860640904,0.04714182798524828,101.31917371235866,21.479610662071448,0.0022384359159144107
0.31,1.7676251702245482,758.642784041315,0.14446141743909877,0.04701427269507951,101.52870911607882,21.445644156299352,0.0022663510624332823
0.315,1.7757979303068026,758.6296065241736,0.1446383387463337,0.046886420460640926,101.7266026379185,21.411608760095476,0.002294140512439335
0.32,1.7838751689560757,758.6166310976716,0.14481566112387165,0.046758293382380405,101.91446060318528,21.377490516929086,0.0023218044719263854
0.325,1.7918582791548667,758.6038550031062,0.14499335419774304,0.046629912864892535,102.09368528661238,21.343277975185394,0.0023493431264432164
0.33,1.7997486339902506,758.5912755191533,0.14517138858225048,0.046501299641526,102.26549710033642,21.308961883602656,0.0023767566448370243
0.335,1.8075475869253368,758.5788899613261,0.1453497358404304,0.0463724737978815,102.43095525102112,21.27453492117574,0.002404045182536347
0.34,1.8152564720670115,758.566695681444,0.14552836844680703,0.04624345479426234,102.5909767166144,21.239991457692952,0.0024312088844258293
0.34500000000000003,1.8228766044300222,758.5546900671125,0.1457072597522737,0.04611426148713669,102.7463534925173,21.205327341505075,0.0024582478873591824
0.35000000000000003,1.830409280197445,758.5428705412128,0.14588638395094441,0.045984912149666594,102.89776812943914,21.170539711493316,0.002485162322351705
0.355,1.8378557769775783,758.5312345614016,0.14606571604882915,0.045855424491354886,103.04580763098971,21.13562683054478,0.0025119523164889757
0.36,1.8452173540573302,758.5197796196193,0.14624523183419474,0.045725815676858475,103.19097581042982,21.100587938135597,0.0025386179945843727
0.365,1.8524952526521294,758.5085032416076,0.1464249078494847,0.04559610234401328,103.33370422148222,21.065423119892333,0.0025651594806143283
0.37,1.8596906961524358,758.4974029864354,0.14660472136468253,0.0454663006211123,103.47436178695648,21.030133192233194,0.0025915768989570836
0.375,1.8668048903668535,758.4864764460324,0.14678465035201033,0.04533642614347678,103.61326324882376,20.994719600404757,0.0026178703754577573
0.38,1.8738390237619282,758.475721244731,0.14696467346186706,0.045206494069356895,103.75067656106432,20.95918432841267,0.002644040038340037
0.385,1.8807942676986722,758.4651350388153,0.1471447699999167,0.04507651909519649,103.88682933948796,20.92352981951436,0.002670086018982493
0.39,1.8876717766658586,758.4547155160777,0.14732491990524663,0.044946515470294116,104.02191447569614,20.887758906086436,0.0026960084525755133
0.395,1.8944726885101044,758.4444603953818,0.14750510372952186,0.04481649701089046,104.15609501290174,20.851874747813717,0.00272180747867304
0.4,1.9011981246628291,758.4343674262326,0.14768530261706944,0.04468647711371089,104.28950837298407,20.815880777261317,0.0027474832416517136
0.405,1.9078491903640997,758.424434388353,0.14786549828583187,0.04455646876898886,104.42227001471122,20.77978065199734,0.0027730358910885776
0.41000000000000003,1.914426974883427,758.4146590912669,0.14804567300913427,0.044426484572995875,104.55447659506366,20.743578212524618,0.002798465582067263
0.41500000000000004,1.9209325517375349,758.405039373888,0.14822580959821471,0.044296536740101186,104.68620869718124,20.707277445363626,0.0028237724754214292
0.42,1.9273669789051582,758.3955731041153,0.1484058913854717,0.04416663711438333,104.81753318147867,20.670882450700763,0.0028489567379232474
0.425,1.933731299038912,758.3862581784335,0.1485859022083869,0.044036797180814095,104.94850520942796,20.63439741408237,0.002874018542423821
0.43,1.9400265396742578,758.3770925215202,0.1487658263940843,0.04390702807603467,105.07916998373322,20.597826581691965,0.0028989580679516552
0.435,1.9462537134356241,758.3680740858583,0.14894564874448965,0.043777340598742526,105.20956424293439,20.561174238800383,0.002923775499774582
0.44,1.952413818239718,758.3592008513534,0.14912535452205847,0.04364774521970633,105.33971754385408,20.524444691023753,0.002948471029429926
0.445,1.9585078374960463,758.3504708249575,0.149304929436042,0.04351825209142523,105.4696533608188,20.487642248065512,0.002973044854727148
0.45,1.9645367403047072,758.3418820402973,0.14948435962926304,0.04338887105744844,105.59939002696304,20.450771209654583,0.0029974971797267005
0.455,1.9705014816514892,758.3334325573078,0.149663631665376,0.043259611661369504,105.72894153945194,20.413835853424246,0.0030218282146984125
0.46,1.9764030026003079,758.3251204618715,0.14984273251658742,0.04313048315550949,105.85831824766073,20.376840424504763,0.0030460381760623136
0.465,1.9822422304830094,758.316943865462,0.15002164955181435,0.043001494509302074,105.98752744069023,20.339789126628474,0.0030701272863144793
0.47000000000000003,1.9880200790865858,758.308900904793,0.1502003705252598,0.042872654417393304,106.116573848462,20.30268611456859,0.0030940957739401657
0.47500000000000003,1.993737448837852,758.3009897414713,0.15037888356538615,0.04274397130746774,106.24546006861803,20.26553548775313,0.003117943873316236
0.48,1.9993952269855884,758.2932085616563,0.15055717716426825,0.04261545334781224,106.37418692983324,20.228341284913313,0.0031416718246046393
0.485,2.0049942877802147,758.2855555757221,0.150735240167309,0.04248710845462849,106.50275380062641,20.1911074796417,0.0031652798736384884
0.49,2.0105354926510066,758.2780290179256,0.15091306176330163,0.042358944299103966,106.63115885153908,20.1538379767495,0.003188768271802098
0.495,2.0160196903809022,758.2706271460792,0.15109063147482385,0.042230968314251334,106.75939927741096,20.11653660932488,0.0032121372759061732
0.5,2.021447717278927,758.2633482412269,0.15126793914894923,0.042103187701525574,106.8874714855684,20.07920713640564,0.003235387148059198
0.505,2.0268203973502694,758.2561906073262,0.15144497494826312,0.041975609437227286,107.01537125489237,20.041853241189106,0.0032585181555359263
0.51,2.0321385424640424,758.249152570933,0.15162172934217014,0.041848240278700814,107.14309387005197,20.004478529711292,0.0032815305706437874
0.515,2.0374029525187622,758.2422324808924,0.1517981930984812,0.04172108677033524,107.27063423455675,19.967086529934942,0.003304424670587882
0.52,2.042614415605571,758.2354287080321,0.1519743572752692,0.04159415524937558,107.39798696577745,19.929680691193205,0.0033272007373351888
0.525,2.0477737081692484,758.2287396448611,0.15215021321298255,0.04146745185155159,107.52514647461378,19.892264383941736,0.0033498590574784935
0.53,2.0528815951670154,758.2221637052721,0.15232575252680625,0.041340982516531156,107.65210703211707,19.854840899777614,0.003372399922100496
0.535,2.0579388302251984,758.215699324248,0.15250096709926098,0.04121475299320469,107.77886282502641,19.81741345168825,0.003394823626638486
0.54,2.062946155793756,758.2093449575727,0.1526758490730316,0.04108876884480697,107.90540800190362,19.77998517449781,0.0034171304707499156
0.545,2.067904303298697,758.2030990815452,0.1528503908440152,0.04096303545388252,108.03173671129548,19.74255912548256,0.0034393207581791627
0.55,2.0728139932924368,758.1969601926986,0.15302458505458136,0.0408375580271002,108.15784313315082,19.705138285129852,0.003461394796625717
0.555,2.0776759356021093,758.1909268075218,0.15319842458703675,0.0407123415999224,108.28372150452982,19.667725558018525,0.003483352897614
0.56,2.082490829475857,758.184997462186,0.15337190255728583,0.04058739104113443,108.40936614049808,19.630323773801234,0.0035051953763649895
0.5650000000000001,2.087259363727145,758.1791707122744,0.15354501230868103,0.040462711057238705,108.53477145095627,19.592935688271478,0.0035269225516697824
0.5700000000000001,2.0919822168771134,758.1734451325159,0.15371774740605565,0.04033830619671902,108.65993195405228,19.55556398450028,0.0035485347457652233
0.5750000000000001,2.096660057294986,758.1678193165221,0.15389010162993225,0.04021418085417919,108.7848422867171,19.51821127402932,0.003570032284211684
0.58,2.1012935433365967,758.1622918765285,0.15406206897090113,0.04009033927436058,108.90949721279243,19.48088009810889,0.0035914154957730703
0.585,2.105883323481015,758.1568614431379,0.1542336436241622,0.03996678555604289,109.0338916291385,19.4435729289707,0.003612684712299113
0.59,2.1104300364653112,758.1515266650697,0.15440481998422476,0.03984352365583219,109.15802057005934,19.406292171126598,0.0036338402686099847
0.595,2.1149343114175285,758.14628620891,0.15457559263975984,0.03972055739183992,109.2818792103236,19.369040162685565,0.003654882502383268
0.6,2.1193967679878374,758.1411387588671,0.1547459563686,0.03959789044725667,109.40546286702302,19.331819176682394,0.0036758117540433024
0.605,2.1238180164778915,758.1360830165291,0.15491590613288064,0.03947552637382472,109.52876700046622,19.29463142241218,0.0036966283666528986
0.61,2.1281986579684573,758.131117700626,0.1550854370743189,0.03935346859521227,109.65178721428174,19.257479046765738,0.003717332685807442
0.615,2.132539284445301,758.1262415467934,0.15525454450962545,0.03923172041029279,109.77451925486966,19.220364135561546,0.003737925059531358
0.62,2.136840478923382,758.1214533073417,0.15542322392604427,0.03911028499633271,109.89695901032627,19.183288714870685,0.0037584058381769374
0.625,2.141102815569359,758.1167517510261,0.15559147097701634,0.038989165412090666,110.0191025089391,19.14625475233149,0.003778775374325493
0.63,2.1453268598224207,758.1121356628216,0.15575928147796328,0.03886836460083095,110.1409459173418,19.109264158451392,0.0037990340226908325
0.635,2.149513168513515,758.1076038437004,0.15592665140218676,0.038747885393254085,110.26248553839545,19.072318787893572,0.0038191821400250076
0.64,2.153662289982958,758.103155110412,0.15609357687688033,0.0386277305103472,110.38371780886065,19.035420440746673,0.0038392200850263227
0.645,2.1577747641964264,758.0987882952668,0.15626005417924935,0.038507902566156944,110.5046392969052,18.99857086377594,0.003859148218249557
0.65,2.1618511228594066,758.0945022459227,0.15642607973273623,0.03838840407048717,110.62524669949417,18.961771751654542,0.00387896690201837
0.655,2.165891889530095,758.0902958251747,0.1565916501033471,0.03826923743152406,110.74553683969094,18.925024748174042,0.0038986765003398505
0.66,2.16989757973076,758.0861679107469,0.15675676199607697,0.038150404958390886,110.86550666390346,18.88833144743325,0.003918277378821175
0.665,2.173868701057618,758.0821173950875,0.15692141225143,0.038031908863634535,110.98515323909353,18.851693395004737,0.003937769904588329
0.67,2.1778057532892126,758.0781431851675,0.15708559784203258,0.03791375126564603,111.10447374997409,18.815112089078692,0.003957154446206852
0.675,2.1817092284933373,758.074244202281,0.157249315869335,0.03779593419101728,111.22346549620453,18.77858898158366,0.0039764313736045664
0.68,2.1855796111325163,758.0704193818486,0.15741256356040065,0.03767845957683562,111.34212588960264,18.7421254792841,0.003995601057996258
0.685,2.189417378168058,758.0666676732245,0.1575753382647783,0.037561329272918546,111.4604524513775,18.705722944854585,0.00401466387181024
0.6900000000000001,2.1932229991627072,758.0629880395046,0.15773763745145641,0.0374445450439902,111.57844280939798,18.66938269793072,0.004033620188616794
0.6950000000000001,2.19699693638192,758.0593794573384,0.15789945870589606,0.03732810857180125,111.69609469549678,18.633106016136754,0.004052470383058412
0.7000000000000001,2.200739644893762,758.0558409167433,0.15806079972714038,0.0372120214571943,111.8134059428218,18.596894136090214,0.004071214830781832
0.705,2.204451572667472,758.0523714209211,0.1582216583249983,0.03709628522211606,111.93037448323207,18.56074825438356,0.004089853908371794
0.71,2.2081331606706986,758.0489699860776,0.15838203241730023,0.03698090131157811,112.04699834474788,18.52466952854331,0.004108387993286503
0.715,2.2117848429654234,758.0456356412445,0.1585419200272235,0.03686587109556774,112.16327564905049,18.48865907796677,0.004126817463794743
0.72,2.2154070468025804,758.0423674281034,0.1587013192806855,0.03675119587091036,112.27920460903984,18.452717984836834,0.004145142698914605
0.725,2.2190001927154324,758.0391644008122,0.15886022840380287,0.03663687686308478,112.3947835264437,18.416847295015103,0.004163364078353803
0.73,2.2225646946116795,758.0360256258351,0.1590186457204141,0.03652291522799296,112.51001078948647,18.381048018913773,0.00418148198245152
0.735,2.2261009598643207,758.0329501817735,0.15917656964966453,0.03640931205368539,112.62488487060975,18.34532113234666,0.004199496792121767
0.74,2.2296093894012907,758.0299371591996,0.1593339987036512,0.03629606836204335,112.73940432425269,18.309667577359747,0.004217408888798199
0.745,2.2330903777939173,758.0269856604932,0.1594909314851263,0.03618318511041961,112.85356778468292,18.27408826304177,0.0042352186543803735
0.75,2.2365443133441785,758.0240947996799,0.15964736668525742,0.03607066319323825,112.9673739638865,18.238584066315106,0.004252926471181399
0.755,2.2399715781707767,758.0212637022713,0.15980330308144267,0.0359585034435553,113.08082164950683,18.20315583270758,0.004270532721876949
0.76,2.2433725482940825,758.0184915051084,0.15995873953517972,0.03584670663458096,113.19390970284071,18.167804377105472,0.004288037789455602
0.765,2.246747593719914,758.0157773562063,0.16011367498998674,0.035735273481164564,113.30663705688174,18.13253048448825,0.004305442057170486
0.77,2.250097078522211,758.0131204146015,0.1602681084693739,0.035624204641243384,113.41900271441841,18.097334910645433,0.004322745908492177
0.775,2.2534213609245977,758.0105198502017,0.16042203907486413,0.03551350071725631,113.53100574617746,18.06221838287599,0.004339949727062844
0.78,2.256720793380846,758.0079748436362,0.1605754659840618,0.03540316225752325,113.64264528901978,18.027181600670772,0.0043570538966515885
0.785,2.2599957226542755,758.0054845861106,0.1607283884487676,0.03529318975759132,113.75392054417895,17.992225236378292,0.004374058801110964
0.79,2.2632464898960754,758.0030482792612,0.160880805793139,0.03518358366154875,113.86483077555013,17.957349935854364,0.004390964824334637
0.795,2.266473430722586,758.0006651350135,0.1610327174118943,0.03507434436330731,113.97537530801912,17.922556319095968,0.0044077723502161685
0.8,2.2696768752915615,757.998334375441,0.16118412276856003,0.034965472207854,114.08555352583957,17.88784498085973,0.004424481762608885
0.805,2.2728571483773856,757.9960552326273,0.16133502139375933,0.03485696749247326,114.19536487104769,17.853216491265457,0.004441093445286814
0.81,2.2760145694452936,757.9938269485292,0.16148541288354115,0.03474883046794003,114.30480884192323,17.818671396385067,0.004457607781906654
0.8150000000000001,2.2791494527246154,757.9916487748418,0.161635296897749,0.034641061339684635,114.41388499148538,17.784210218817293,0.00447402515597076
0.8200000000000001,2.2822621072810305,757.9895199728661,0.16178467315842776,0.03453366026893032,114.5225929260325,17.749833458248602,0.0044903459507911175
0.8250000000000001,2.285352837087858,757.987439813378,0.16193354144826805,0.03442662737380405,114.63093230371504,17.715541592000566,0.004506570549454274
0.8300000000000001,2.2884219410963977,757.9854075764991,0.16208190160908692,0.034319962730421205,114.73890283314996,17.681335075564174,0.004522699334787219
0.835,2.2914697133053408,757.9834225515693,0.1622297535403438,0.03421366637394522,114.84650427206604,17.647214343121313,0.004538732689324175
0.84,2.2944964428292374,757.9814840370216,0.16237709719769114,0.0341077382996223,114.95373642598895,17.61317980805382,0.004554670995274289
0.845,2.2975024139660785,757.9795913402577,0.1625239325915585,0.03400217846379233,115.06059914695496,17.57923186344045,0.004570514634490191
0.85,2.300487906263955,757.9777437775266,0.16267025978576913,0.033896986784876425,115.16709233226274,17.545370882541974,0.0045862639884374145
0.855,2.3034531945868464,757.9759406738042,0.16281607889618885,0.033792163144341504,115.2732159232517,17.51159721927486,0.0046019194381646394
0.86,2.3063985491795242,757.974181362674,0.16296139008940574,0.03368770738764278,115.37896990411672,17.477911208673707,0.004617481364274753
0.865,2.3093242357315984,757.972465186211,0.16310619358144002,0.03358361932514472,115.48435430074748,17.444313167342823,0.004632950146896704
0.87,2.3122305154407115,757.9707914948657,0.16325048963648334,0.03347989873302085,115.58936917960284,17.41080339389719,0.0046483261656581265
0.875,2.3151176450748943,757.9691596473506,0.1633942785656671,0.03337654535413302,115.69401464660771,17.37738216939307,0.004663609799658721
0.88,2.3179858770340886,757.967569010528,0.1635375607258584,0.03327355889889068,115.7982908460835,17.344049757748575,0.004678801427444377
0.885,2.320835459410864,757.9660189592995,0.16368033651848363,0.03317093904609061,115.90219795969969,17.31080640615444,0.004693901426982007
0.89,2.3236666360503286,757.9645088764968,0.16382260638837834,0.03306868544373769,116.00573620545727,17.27765234547523,0.004708910175635093
0.895,2.326479646609234,757.9630381527745,0.16396437082266335,0.032966797709847076,116.10890583669182,17.24458779064126,0.004723828050139907
0.9,2.32927472661431,757.9616061865039,0.16410563034964595,0.032865275433228265,116.21170714110708,17.211612941031465,0.004738655426582419
0.905,2.3320521075198264,757.9602123836685,0.1642463855377459,0.03276411817425158,116.31414043982683,17.17872798084745,0.004753392680375841
0.91,2.334812016764375,757.9588561577609,0.16438663699444536,0.03266332546559743,116.41620608647588,17.14593307947892,0.00476804018623882
0.915,2.337554677826933,757.9575369296816,0.1645263853652626,0.03256289681298875,116.51790446627791,17.113228391860762,0.004782598318174254
0.92,2.3402803102821683,757.9562541276383,0.16466563133274817,0.03246283169590712,116.6192359951815,17.080614058821947,0.0047970674494487164
0.925,2.342989129855005,757.9550071870476,0.16480437561550393,0.032363129568292855,116.72020111900146,17.048090207426505,0.004811447952572473
0.93,2.3456813484744816,757.9537955504373,0.16494261896722331,0.032263789859229564,116.82080031258737,17.01565695130671,0.004825740199280085
0.935,2.348357174326899,757.9526186673507,0.16508036217575356,0.03216481197361344,116.92103407900622,16.98331439098875,0.0048399445605115735
0.9400000000000001,2.351016811908259,757.9514759942518,0.16521760606217803,0.032066195292807735,117.02090294875111,16.951062614210993,0.004854061406394146
0.9450000000000001,2.353660462076019,757.9503669944319,0.1653543514799193,0.03196793917528271,117.12040747896297,16.918901696235118,0.0048680911062244595
0.9500000000000001,2.3562883221001694,757.9492911379176,0.16549059931386179,0.03187004295724154,117.21954825267743,16.886831700150204,0.004882034028451409
0.9550000000000001,2.358900585713627,757.9482479013806,0.16562635047949378,0.031772505953232257,117.3183258780835,16.85485267717004,0.004895890540659446
0.96,2.3614974431619675,757.9472367680473,0.1657616059220684,0.03167532745674628,117.41674098780655,16.822964666923728,0.004909661009552385
0.965,2.3640790812525165,757.9462572276119,0.16589636661578291,0.0315785067408038,117.51479423820216,16.791167697739848,0.004923345800937718
0.97,2.3666456834027803,757.9453087761482,0.16603063356297582,0.03148204305852635,117.61248630867318,16.75946178692426,0.004936945279711401
0.975,2.3691974296882523,757.9443909160248,0.16616440779334202,0.031385935643696725,117.709817900997,16.727846941031746,0.004950459809843116
0.98,2.3717344968895837,757.9435031558202,0.16629769036316475,0.03129018371130657,117.80678973867506,16.696323156131623,0.004963889754361995
0.985,2.3742570585391416,757.9426450102396,0.1664304823545643,0.031194786458092212,117.90340256629158,16.664890418067486,0.004977235475342784
0.99,2.376765284966953,757.941816000033,0.16656278487476328,0.031099743063058644,117.99965714889396,16.63354870271122,0.004990497333892462
0.995,2.379259343346051,757.9410156519137,0.16669459905536774,0.031005052687992075,118.09555427138146,16.602297976211418,0.005003675690137273
1.0,2.3817393977372183,757.940243498479,0.16682592605166394,0.030910714477961336,118.19109473791485,16.57113819523633,0.005016770903210186
1.0050000000000001,2.3842056091331596,757.9394990781313,0.16695676704193058,0.030816727561808394,118.28627937133353,16.540069307211507,0.005029783331238768
1.01,2.3866581355020857,757.9387819350006,0.16708712322676558,0.030723091052628142,118.3811090125928,16.50909125055222,0.0050427133313334475
1.0150000000000001,2.3890971318307312,757.9380916188678,0.16721699582842792,0.03062980404823781,118.47558452020817,16.478203954890823,0.00505556125957618
1.02,2.391522750166814,757.9374276850897,0.16734638609019317,0.030536865631636236,118.569706769719,16.44740734129915,0.005068327471009486
1.025,2.3939351396609316,757.9367896945242,0.16747529527572355,0.030444274871453045,118.66347665315843,16.4167013225061,0.005081012319625874
1.03,2.3963344466079244,757.9361772134574,0.1676037246684511,0.030352030822388226,118.75689507854196,16.38608580311044,0.005093616158357617
1.035,2.398720814487687,757.9355898135312,0.16773167557097463,0.030260132525642115,118.84996296936201,16.35556067978908,0.0051061393390668995
1.04,2.4010943840054546,757.935027071672,0.16785914930446916,0.030168579009336116,118.94268126410019,16.325125841500764,0.005118582212536298
1.045,2.403455293131564,757.9344885700208,0.1679861472081087,0.030077369288924294,119.035050915745,16.29478116968542,0.005130945128459615
1.05,2.4058036771407045,757.9339738958635,0.1681126706385009,0.02998650236759613,119.12707289132692,16.26452653845918,0.005143228435433046
1.055,2.4081396686506413,757.933482641563,0.16823872096913428,0.029895977236670528,119.21874817145802,16.23436181480521,0.005155432480946661
1.06,2.4104633976604575,757.9330144044922,0.16836429958983704,0.02980579287598131,119.31007774988876,16.20428685876047,0.005167557611376217
1.065,2.412774991588281,757.9325687869667,0.16848940790624792,0.02971594825425447,119.40106263306849,16.17430152359841,0.005179604171975278
1.07,2.415074575308533,757.9321453961808,0.16861404733929797,0.029626442329477184,119.49170383972276,16.14440565600781,0.005191572506867636
1.075,2.4173622711886917,757.9317438441418,0.16873821932470384,0.029537274049259002,119.5820024004339,16.114599096267764,0.005203462959040032
1.08,2.4196381991255773,757.9313637476072,0.16886192531247177,0.029448442351185062,119.67195935723775,16.084881678418924,0.005215275870335172
1.085,2.4219024765811716,757.931004728022,0.16898516676641226,0.02935994616316192,119.7615757632233,16.055253230431124,0.0052270115814450156
1.09,2.424155218617971,757.9306664114566,0.1691079451636652,0.02927178440375575,119.85085268214817,16.025713574367387,0.005238670431904356
1.095,2.426396537933883,757.9303484285465,0.16923026199423524,0.02918395598252335,119.93979118805622,15.996262526544493,0.005250252760084663
1.1,2.4286265448966766,757.9300504144317,0.169352118760537,0.02909645980033598,120.02839236491066,15.966899897690084,0.005261758903188194
1.105,2.430845347577976,757.929772008698,0.16947351697695018,0.029009294749696254,120.11665730622919,15.937625493096482,0.005273189197242364
1.11,2.4330530517868376,757.9295128553185,0.16959445816938418,0.028922459715048133,120.20458711473384,15.908439112771209,0.005284543977094369
1.115,2.4352497611028756,757.9292726025964,0.16971494387485214,0.028835953573080365,120.29218290200261,15.879340551584356,0.005295823576406058
1.12,2.437435576908951,757.9290509031078,0.16983497564105396,0.028749775193023207,120.37944578813543,15.850329599412785,0.005307028327649049
1.125,2.4396105984234793,757.9288474136465,0.16995455502596854,0.02866392343693894,120.4663769014214,15.821406041281339,0.005318158562100074
1.1300000000000001,2.441774922732284,757.9286617951684,0.17007368359745442,0.028578397160005996,120.55297737802029,15.792569657501028,0.005329214609836567
1.135,2.443928644820061,757.9284937127376,0.17019236293285947,0.02849319521079699,120.63924836164465,15.76382022380433,0.005340196799732471
1.1400000000000001,2.4460718576014417,757.9283428354728,0.1703105946186385,0.028408316431550742,120.72519100325583,15.735157511477597,0.005351105459454265
1.145,2.4482046519516416,757.9282088364945,0.17042838024997958,0.028323759658438454,120.81080646076057,15.706581287490732,0.00536194091545721
1.1500000000000001,2.450327116736718,757.9280913928731,0.17054572143043792,0.028239523721824034,120.89609589872096,15.678091314624073,0.00537270349298181
1.155,2.452439338843461,757.9279901855778,0.17066261977157815,0.028155607446518943,120.98106048806447,15.649687351592661,0.00538339351605047
1.16,2.4545414032088773,757.9279048994257,0.17077907689262373,0.028072009652031445,121.06570140580756,15.62136915316786,0.005394011307464363
1.165,2.4566333928493136,757.9278352230325,0.17089509442011447,0.027988729152810452,121.15001983477853,15.593136470296441,0.005404557188800492
1.17,2.458715388889203,757.9277808487632,0.17101067398757122,0.027905764758484032,121.23401696335382,15.564989050217147,0.005415031480408945
1.175,2.4607874705894375,757.9277414726835,0.17112581723516773,0.02782311527409288,121.3176939851934,15.536926636574824,0.005425434501410338
1.18,2.4628497153753868,757.9277167945124,0.1712405258094096,0.027740779500318658,121.40105209898917,15.508948969532167,0.0054357665696934425
1.185,2.464902198864556,757.9277065175755,0.1713548013628205,0.027658756233707286,121.48409250821229,15.48105578587908,0.00544602800191299
1.19,2.4669449948938973,757.927710348758,0.17146864555363472,0.027577044266887514,121.56681642087305,15.453246819139807,0.005456219113487656
1.195,2.468978175546763,757.9277279984593,0.17158206004549678,0.027495642388784623,121.64922504927975,15.425521799677743,0.005466340218598216
1.2,2.4710018111795256,757.9277591805484,0.17169504650716738,0.02741454938482949,121.73131960980947,15.397880454798106,0.005476391630185865
1.205,2.473015970447856,757.9278036123189,0.17180760661223585,0.027333764037163113,121.81310132267781,15.37032250884843,0.0054863736599507044
1.21,2.4750207203326666,757.927861014446,0.17191974203883859,0.027253285124836685,121.89457141172035,15.342847683316958,0.005496286618350387
1.215,2.477016126165729,757.9279311109423,0.17203145446938414,0.027173111424007204,121.97573110417265,15.315455696928963,0.005506130814598919
1.22,2.479002251654959,757.9280136291165,0.17214274559028375,0.027093241708128855,122.05658163046199,15.288146265741071,0.005515906556665619
1.225,2.480979158909395,757.928108299531,0.17225361709168827,0.02701367474814016,122.13712422399728,15.260919103233576,0.005525614151274217
1.23,2.4829469084638465,757.9282148559603,0.1723640706672304,0.026934409312646988,122.21736012097017,15.233773920400845,0.005535253903902107
1.235,2.4849055593032414,757.928333035351,0.172474108013773,0.026855444168101615,122.29729056015462,15.206710425839821,0.005544826118779742
1.24,2.486855168886659,757.9284625777811,0.17258373083116263,0.02677677807897772,122.3769167827175,15.179728325836662,0.005554331098890163
1.245,2.4887957931710565,757.928603226421,0.17269294082198866,0.02669840980794159,122.45624003202698,15.15282732445156,0.005563769145968665
1.25,2.490727486634721,757.9287547274942,0.1728017396913476,0.026620338116019486,122.53526155347198,15.126007123601793,0.0055731405605026025
1.2550000000000001,2.492650302300388,757.9289168302386,0.17291012914661286,0.026542561762761284,122.61398259427925,15.099267423143026,0.005582445641731317
1.26,2.494564291758084,757.9290892868695,0.17301811089720925,0.02646507950640056,122.69240440334134,15.0726079209489,0.00559168468764619
1.2650000000000001,2.4964695051877017,757.9292718525418,0.17312568665439287,0.026387890104010957,122.77052823104201,15.046028312988943,0.005600857994990832
1.27,2.49836599138126,757.9294642853129,0.17323285813103562,0.02631099231165916,122.84835532909223,15.01952829340486,0.00560996585926137
1.2750000000000001,2.5002537977649073,757.9296663461071,0.17333962704141467,0.02623438488455441,122.92588695036352,14.993107554585201,0.005619008574706881
1.28,2.5021329704206443,757.9298777986796,0.17344599510100658,0.02615806657719466,123.00312434873175,14.966765787238463,0.005627986434329911
1.285,2.504003554107764,757.9300984095813,0.17355196402628595,0.026082036143509478,123.08006877891813,14.940502680464649,0.005636899729887133
1.29,2.50586559228403,757.930327948124,0.17365753553452884,0.026006292336999595,123.15672149634031,14.914317921825305,0.0056457487518900935
1.295,2.5077191271265886,757.9305661863466,0.17376271134362034,0.025930833910873457,123.23308375696058,14.888211197412112,0.005654533789606079
1.3,2.5095641995526283,757.9308128989807,0.17386749317186653,0.025855659618180617,123.30915681714443,14.862182191913993,0.00566325513105908
1.305,2.5114008492397675,757.9310678634179,0.17397188273781097,0.025780768211942032,123.38494193351559,14.836230588682813,0.005671913063030862
1.31,2.5132291146461867,757.9313308596772,0.17407588176005495,0.02570615844527742,123.46044036282103,14.81035606979769,0.005680507871062131
1.315,2.5150490330305284,757.9316016703724,0.17417949195708224,0.025631829071529715,123.535653361793,14.784558316127939,0.005689039839453797
1.32,2.5168606404715295,757.9318800806801,0.17428271504708745,0.025557778844386692,123.6105821870206,14.758837007394678,0.005697509251268336
1.325,2.5186639718874155,757.932165878309,0.17438555274780862,0.025484006517999706,123.68522809481804,14.733191822231136,0.005705916388331239
1.33,2.5204590610550643,757.9324588534682,0.17448800677636353,0.025410510847099742,123.75959234110255,14.707622438241655,0.0057142615312325545
1.335,2.522245940628911,757.9327587988378,0.17459007884908978,0.025337290587110768,123.83367618126873,14.682128532059457,0.0057225449593285155
1.34,2.524024642159629,757.9330655095375,0.1746917706813886,0.025264344494260408,123.90748087007238,14.656709779403169,0.005730766950743257
1.345,2.5257951961125857,757.9333787830985,0.1747930839875724,0.025191671325688097,123.98100766151083,14.631365855132133,0.005738927782370609
1.35,2.5275576318860526,757.9336984194333,0.1748940204807155,0.02511926983955064,124.05425780871246,14.606096433300541,0.005747027729875982
1.355,2.529311977829208,757.9340242208074,0.17499458187250888,0.025047138795125327,124.12723256382263,14.580901187210406,0.005755067067698319
1.36,2.5310582612599064,757.9343559918109,0.1750947698731178,0.02497527695291057,124.19993317789866,14.555779789463402,0.0057630460690521355
1.365,2.532796508482225,757.9346935393305,0.17519458619104333,0.024903683074724185,124.2723609008012,14.530731912011577,0.0057709650059296295
1.37,2.53452674480381,757.9350366725224,0.1752940325329865,0.02483235592379933,124.34451698109449,14.505757226206969,0.005778824149102862
1.375,2.53624899455299,757.9353852027846,0.1753931106037164,0.02476129426487812,124.41640266594287,14.48085540285018,0.0057866237681260205
1.3800000000000001,2.537963281095674,757.9357389437305,0.17549182210594083,0.024690496864303014,124.48801920101594,14.456026112237863,0.005794364131337734
1.385,2.539669626852068,757.9360977111627,0.17559016874018035,0.024619962490106014,124.55936783039024,14.431269024209207,0.005802045505863476
1.3900000000000001,2.5413680533131693,757.9364613230468,0.17568815220464531,0.02454968991209565,124.63044979645916,14.40658380819138,0.005809668157618015
1.395,2.5430585810570534,757.936829599486,0.17578577419511587,0.024479677901941888,124.70126633983926,14.381970133244028,0.005817232351307945
1.4000000000000001,2.5447412297649623,757.9372023626959,0.17588303640482472,0.02440992523325897,124.77181869928502,14.357427668102757,0.005824738350434267
1.405,2.5464160182372013,757.9375794369794,0.17597994052434307,0.02434043068168617,124.84210811159953,14.332956081221703,0.005832186417295036
1.41,2.548082964408848,757.9379606487024,0.17607648824146907,0.024271193024966574,124.91213581155372,14.308555040815131,0.005839576812988068
1.415,2.5497420853652426,757.93834582627,0.17617268124111915,0.02420221104302393,124.98190303180142,14.28422421489816,0.005846909797413705
1.42,2.5513933973573133,757.9387348001022,0.1762685212052219,0.02413348351803754,125.05141100280285,14.259963271326557,0.0058541856292776305
1.425,2.553036915816705,757.9391274026107,0.17636400981261496,0.02406500923451529,125.12066095274403,14.235771877835667,0.005861404566093748
1.43,2.554672655370711,757.9395234681757,0.17645914873894392,0.023996786979364845,125.18965410746397,14.211649702078489,0.005868566864187106
1.435,2.5563006298570468,757.9399228331234,0.1765539396565643,0.023928815541963005,125.25839169037832,14.187596411662886,0.005875672778696877
1.44,2.557920852338427,757.9403253357035,0.17664838423444573,0.023861093714223302,125.32687492241052,14.163611674187983,0.005882722563579387
1.445,2.5595333351169662,757.9407308160668,0.17674248413807858,0.0237936202906619,125.39510502191924,14.13969515727975,0.005889716471611193
1.45,2.5611380897484026,757.9411391162434,0.1768362410293831,0.02372639406846169,125.46308320463325,14.115846528625772,0.005896654754392207
1.455,2.562735127056154,757.941550080122,0.17692965656662077,0.023659413847534852,125.53081068358243,14.092065456009271,0.005903537662348868
1.46,2.5643244571452004,757.941963553428,0.17702273240430802,0.02359267843058367,125.59828866903659,14.06835160734232,0.005910365444737356
1.465,2.5659060894157926,757.9423793837025,0.1771154701931322,0.023526186623159782,125.66551836843976,14.044704650698343,0.005917138349646853
1.47,2.567480032577003,757.9427974202823,0.17720787157986975,0.023459937233721875,125.73250098635236,14.021124254343858,0.005923856624002838
1.475,2.5690462946601045,757.9432175142798,0.17729993820730655,0.02339392907369179,125.79923772438904,13.997610086769507,0.005930520513570439
1.48,2.5706048830317854,757.9436395185621,0.17739167171416026,0.023328160957509177,125.86572978116422,13.974161816720356,0.005937130262957801
1.485,2.5721558044072133,757.9440632877323,0.17748307373500502,0.023262631702684607,125.93197835223302,13.950779113225527,0.005943686115619517
1.49,2.5736990648629323,757.9444886781097,0.17757414590019785,0.023197340129851286,125.99798463004,13.927461645627156,0.005950188313860073
1.495,2.5752346698496047,757.9449155477104,0.17766488983580736,0.02313228506281529,126.06374980386342,13.904209083608636,0.005956637098837353
1.5,2.576762624204607,757.945343756229,0.17775530716354418,0.023067465328604445,126.12927505976667,13.881021097222252,0.005963032710566155
1.5050000000000001,2.578282932164464,757.9457731650201,0.1778453995006935,0.023002879757515814,126.19456158054578,13.85789735691615,0.005969375387921758
1.51,2.5797955973771196,757.9462036370793,0.17793516846004928,0.0229385271831619,126.25961054568363,13.834837533560684,0.005975665368643514
1.5150000000000001,2.581300622914095,757.946635037026,0.17802461564985056,0.022874406442515437,126.32442313130042,13.811841298474148,0.005981902889338474
1.52,2.582798011282473,757.9470672310849,0.17811374267371927,0.022810516375952963,126.38900051011066,13.788908323447885,0.005988088185485042
1.5250000000000001,2.5842877644367364,757.9475000870693,0.1782025511306002,0.02274685582729711,126.45334385137635,13.766038280770823,0.005994221491436662
1.53,2.5857698837904914,757.947933474363,0.1782910426147024,0.022683423643857663,126.51745432086662,13.743230843253425,0.006000303040425531
1.5350000000000001,2.5872443702280155,757.9483672639041,0.17837921871544235,0.022620218676471397,126.58133308081358,13.720485684251043,0.006006333064566341
1.54,2.588711224115666,757.9488013281674,0.17846708101738878,0.022557239779540727,126.64498128987466,13.69780247768675,0.006012311794860044
1.545,2.5901704453131877,757.9492355411489,0.17855463110020942,0.02249448581107119,126.7084001030908,13.675180898073593,0.006018239461197652
1.55,2.591622033184859,757.9496697783486,0.17864187053861882,0.022431955632707785,126.77159067185134,13.652620620536318,0.006024116292364048
1.555,2.5930659866105032,757.9501039167549,0.17872880090232823,0.02236964810977023,126.83455414385459,13.63012132083257,0.006029942516041831
1.56,2.5945023039963666,757.9505378348288,0.1788154237559967,0.022307562111287017,126.8972916630752,13.607682675373562,0.006035718358815183
1.565,2.5959309832858763,757.9509714124882,0.178901740659184,0.022245696510028543,126.95980436972687,13.58530436124426,0.006041444046173752
1.57,2.597352021970265,757.9514045310926,0.1789877531663046,0.02218405018253903,127.0220934002321,13.56298605622303,0.006047119802516568
1.575,2.598765417099064,757.9518370734281,0.1790734628265836,0.02212262200916755,127.08415988718718,13.540727438800849,0.006052745851155958
1.58,2.600171165290464,757.9522689236923,0.1791588711840135,0.022061410874097947,127.14600495933396,13.518528188199978,0.006058322414321511
1.585,2.601569262741571,757.9526999674794,0.17924397977731304,0.02200041566537781,127.20762974152719,13.49638798439222,0.006063849713164029
1.59,2.602959705238528,757.9531300917664,0.17932879013988678,0.021939635274946443,127.26903535470812,13.47430650811668,0.006069327967759528
1.595,2.6043424881665134,757.9535591848982,0.17941330379978646,0.021879068598661924,127.33022291587406,13.452283440897085,0.006074757397113224
1.6,2.6057176065196135,757.9539871365736,0.17949752227967333,0.02181871453632716,127.39119353805391,13.430318465058665,0.006080138219163566
1.605,2.607085054910595,757.9544138378318,0.1795814470967822,0.021758571991715145,127.4519483302797,13.408411263744593,0.00608547065078626
1.61,2.608444827580554,757.9548391810386,0.17966507976288615,0.021698639872593194,127.51248839756414,13.386561520932,0.006090754907798326
1.615,2.6097969184084393,757.9552630598724,0.17974842178426317,0.021638917090746366,127.5728148408737,13.364768921447578,0.006095991204962157
1.62,2.6111413209204666,757.9556853693118,0.17983147466166324,0.02157940256200009,127.63292875710843,13.343033150982766,0.0061011797559896
1.625,2.612478028299427,757.9561060056218,0.17991423989027738,0.021520095206241808,127.69283123907675,13.32135389610854,0.0061063207735460425
1.6300000000000001,2.613807033393878,757.9565248663413,0.17999671895970726,0.021460993947441838,127.75252337547661,13.299730844289803,0.006111414469254522
1.635,2.6151283287272262,757.9569418502701,0.18007891335393625,0.021402097713673518,127.81200625087249,13.278163683899392,0.006116461053699833
1.6400000000000001,2.6164419065067004,757.957356857457,0.18016082455130147,0.02134340543713248,127.87128094567798,13.25665210423171,0.0061214607364326575
1.645,2.617747758632222,757.9577697891863,0.180242454024467,0.021284916054155157,127.93034853613464,13.235195795515985,0.006126413725973699
1.6500000000000001,2.619045876705159,757.9581805479669,0.18032380324039804,0.021226628505236513,127.98921009429607,13.213794448929152,0.006131320229817832
1.655,2.6203362520369895,757.9585890375196,0.1804048736603363,0.02116854173504709,128.04786668800824,13.192447756608404,0.00613618045443825
1.6600000000000001,2.621618875657847,757.9589951627651,0.1804856667397763,0.02111065469244925,128.10631938089534,13.171155411663365,0.006140994605290635
1.665,2.622893738324978,757.959398829813,0.18056618392844262,0.021052966330512787,128.16456923234148,13.149917108187948,0.006145762886817329
1.67,2.6241608305310886,757.9597999459498,0.18064642667026817,0.02099547560652975,128.22261729747808,13.128732541271846,0.006150485502451511
1.675,2.6254201425125925,757.9601984196279,0.18072639640337365,0.02093818148202867,128.28046462716688,13.107601407011726,0.0061551626546213845
1.68,2.626671664257771,757.9605941604539,0.1808060945600475,0.020881082922788043,128.33811226798895,13.08652340252207,0.006159794544754372
1.685,2.6279153855148194,757.9609870791784,0.1808855225667273,0.02082417889884918,128.3955612622291,13.06549822594572,0.0061643813732813095
1.69,2.6291512957998027,757.9613770876846,0.18096468184398148,0.020767468384528483,128.45281264786604,13.044525576464105,0.0061689233396406565
1.695,2.6303793844045282,757.9617640989776,0.18104357380649255,0.02071095035842897,128.50986745855832,13.023605154307155,0.006173420642282698
1.7,2.631599640404304,757.9621480271741,0.18112219986304068,0.020654623803451247,128.56672672363553,13.002736660762938,0.006177873478673767
1.705,2.6328120526656265,757.9625287874919,0.18120056141648855,0.020598487706803906,128.62339146808577,12.98191979818698,0.0061822820453004525
1.71,2.6340166098537545,757.9629062962398,0.18127865986376648,0.020542541060013297,128.67986271254807,12.961154270011317,0.00618664653767383
1.715,2.6352133004402107,757.9632804708073,0.1813564965958591,0.02048678285893273,128.73614147330113,12.940439780753255,0.0061909671503336755
1.72,2.636402112710185,757.9636512296545,0.18143407299779207,0.020431212103751078,128.79222876225663,12.919776036023864,0.006195244076852702
1.725,2.6375830347698455,757.9640184923029,0.18151139044862027,0.020375827799000896,128.8481255869493,12.899162742536186,0.006199477509840783
1.73,2.638756054553579,757.9643821793252,0.18158845032141618,0.02032062895356595,128.9038329505315,12.8785996081132,0.006203667640949184
1.735,2.639921159831124,757.9647422123359,0.18166525398325936,0.020265614580688193,128.95935185176424,12.858086341695508,0.006207814660874794
1.74,2.641078338214621,757.9650985139818,0.18174180279522642,0.020210783697974348,129.01468328501292,12.83762265334878,0.00621191875936436
1.745,2.6422275771655968,757.9654510079331,0.181818098112382,0.020156135327401816,129.06982824023962,12.817208254270943,0.006215980125218719
1.75,2.643368864001849,757.9657996188739,0.1818941412837702,0.020101668495324153,129.12478770299936,12.796842856799136,0.006219998946297035
1.7550000000000001,2.644502185904253,757.9661442724932,0.1819699336524068,0.020047382232476128,129.1795626544337,12.776526174416407,0.006223975409521024
1.76,2.6456275299234857,757.9664848954764,0.18204547655527203,0.0199932755739782,129.23415407126825,12.756257921758191,0.006227909700879199
1.7650000000000001,2.6467448829866744,757.9668214154958,0.18212077132330431,0.019939347559340622,129.28856292580696,12.73603781461856,0.006231802005431089
1.77,2.6478542319039464,757.967153761203,0.1821958192813942,0.019885597232467026,129.3427901859305,12.715865569956232,0.0062356525073114805
1.7750000000000001,2.648955563374928,757.9674818622195,0.18227062174837924,0.019832023641657585,129.39683681509158,12.695740905900385,0.006239461389734638
1.78,2.6500488639951554,757.9678056491288,0.18234518003703948,0.019778625839611753,129.45070377231443,12.67566354175622,0.006243228834998535
1.7850000000000001,2.6511341202624004,757.9681250534676,0.18241949545409333,0.019725402883430557,129.50439201219078,12.655633198010355,0.006246955024489078
1.79,2.652211318582912,757.9684400077184,0.18249356930019422,0.019672353834618506,129.5579024848802,12.635649596335975,0.006250640138684327
1.795,2.653280445277608,757.9687504453009,0.1825674028699278,0.019619477759085045,129.61123613610715,12.6157124595978,0.0062542843571587155
1.8,2.6543414865881916,757.9690563005643,0.18264099745180953,0.019566773727145634,129.6643939071619,12.595821511856842,0.0062578878585872666
1.805,2.6553944286831594,757.9693575087791,0.18271435432828323,0.019514240813522474,129.7173767348983,12.575976478374983,0.0062614508207498015
1.81,2.6564392576637736,757.96965400613,0.18278747477571955,0.0194618780973448,129.77018555173595,12.55617708561934,0.006264973420535151
1.815,2.657475959569947,757.9699457297078,0.18286036006441558,0.01940968466214884,129.82282128565845,12.53642306126647,0.006268455833945357
1.82,2.658504520386047,757.9702326175021,0.18293301145859453,0.019357659595877375,129.87528486021628,12.516714134206365,0.006271898236099876
1.825,2.6595249260466516,757.9705146083937,0.1830054302164062,0.01930580199087899,129.9275771945258,12.497050034546287,0.006275300801239767
1.83,2.660537162442228,757.9707916421478,0.18307761758992766,0.01925411094390694,129.97969920327293,12.477430493614424,0.006278663702731888
1.835,2.6615412154247293,757.971063659406,0.18314957482516483,0.019202585556117688,130.03165179671294,12.457855243963362,0.0062819871130730745
1.84,2.6625370708131335,757.9713306016799,0.18322130316205398,0.019151224933069116,130.08343588067453,12.438324019373411,0.0062852712038943236
1.845,2.663524714398917,757.9715924113439,0.1832928038344642,0.019100028184718433,130.13505235656052,12.418836554855744,0.006288516145964964
1.85,2.66450413195146,757.9718490316279,0.18336407807019986,0.019048994425419727,130.1865021213526,12.399392586655384,0.006291722109196825
1.855,2.665475309223386,757.9721004066113,0.183435127091004,0.018998122773921235,130.23778606761232,12.379991852254044,0.006294889262648394
1.86,2.6664382319558206,757.9723464812153,0.1835059521125617,0.018947412353362315,130.28890508348707,12.360634090372786,0.006298017774528978
1.865,2.6673928858836145,757.9725872011969,0.18357655434450407,0.01889686229127012,130.33986005271115,12.341319040974565,0.006301107812202842
1.87,2.66833925674049,757.9728225131425,0.1836469349904126,0.018846471719555946,130.39065185461246,12.322046445266585,0.006304159542193359
1.875,2.6692773302641166,757.9730523644608,0.18371709524782406,0.01879623977451139,130.44128136411447,12.302816045702547,0.006307173130187137
1.8800000000000001,2.670207092201121,757.9732767033768,0.18378703630823554,0.018746165596804136,130.49174945174286,12.283627585984727,0.006310148741038152
1.885,2.671128528312055,757.9734954789255,0.18385675935710996,0.01869624833147354,130.5420569836286,12.264480811065926,0.006313086538771858
1.8900000000000001,2.672041624376297,757.9737086409459,0.18392626557388206,0.018646487127925944,130.59220482151488,12.245375467151296,0.006315986686589309
1.895,2.6729463661968844,757.9739161400745,0.1839955561319646,0.0185968811399297,130.64219382276062,12.226311301700013,0.006318849346871254
1.9000000000000001,2.673842739605263,757.9741179277394,0.18406463219875502,0.018547429525609983,130.69202484034824,12.207288063426827,0.006321674681182236
1.905,2.6747307304660377,757.9743139561543,0.18413349493564232,0.01849813144744337,130.74169872288743,12.188305502303496,0.006324462850274679
1.9100000000000001,2.6756103246816165,757.974504178313,0.18420214549801442,0.018448986072252142,130.79121631462334,12.169363369560076,0.006327214014092966
1.915,2.67648150819681,757.9746885479831,0.18427058503526575,0.01839999257119838,130.84057845544098,12.150461417686104,0.006329928331777508
1.92,2.6773442670033756,757.9748670197002,0.18433881469080515,0.018351150119777872,130.8897859808737,12.131599400431663,0.006332605961668808
1.925,2.678198587144501,757.975039548763,0.18440683560206417,0.01830245789781372,130.9388397221083,12.112777072808314,0.00633524706131151
1.93,2.679044454719234,757.9752060912267,0.18447464890050555,0.01825391508944982,130.98774050599368,12.093994191089934,0.006337851787458444
1.935,2.67988185588686,757.9753666038986,0.1845422557116321,0.018205520883144078,131.03648915504664,12.075250512813431,0.006340420296074661
1.94,2.6807107768712046,757.9755210443315,0.18460965715499583,0.018157274471661433,131.0850864874606,12.056545796779355,0.006342952742341454
1.945,2.681531203964913,757.9756693708192,0.18467685434420733,0.018109175052066714,131.13353331711198,12.037879803052396,0.006345449280660376
1.95,2.68234312353366,757.975811542391,0.18474384838694546,0.018061221825717275,131.1818304535694,12.019252292961783,0.006347910064657245
1.955,2.6831465220202997,757.9759475188063,0.18481064038496728,0.018013413998255453,131.2299787021004,12.000663029101586,0.006350335247186137
1.96,2.6839413859489656,757.9760772605492,0.18487723143411822,0.017965750779600845,131.27797886368094,11.982111775330907,0.006352724980333375
1.965,2.6847277019291282,757.9762007288243,0.18494362262434264,0.017918231383942412,131.3258317350024,11.963598296773988,0.0063550794154215015
1.97,2.6855054566595933,757.9763178855505,0.18500981503969438,0.017870855029730386,131.37353810848165,11.945122359820203,0.006357398703013245
1.975,2.686274636932447,757.9764286933572,0.18507580975834786,0.017823620939668054,131.42109877226838,11.926683732123985,0.006359682992915475
1.98,2.6870352296369515,757.9765331155781,0.18514160785260902,0.01777652834070336,131.46851451025515,11.908282182604633,0.006361932434183145
1.985,2.6877872217633945,757.9766311162477,0.18520721038892698,0.017729576464020316,131.51578610208531,11.88991748144606,0.006364147175123228
1.99,2.6885306004068816,757.9767226600954,0.18527261842790546,0.017682764545030313,131.56291432316357,11.871589400096425,0.006366327363298638
1.995,2.6892653527710886,757.9768077125415,0.18533783302431467,0.017636091823363235,131.60989994466377,11.853297711267704,0.006368473145532146
2.0,2.689991466171952,757.9768862396919,0.1854028552271033,0.01758955754285847,131.65674373354005,11.835042188935162,0.006370584667910275
2.005,2.6907089280413246,757.9769582083343,0.18546768607941094,0.017543160951555718,131.703446452535,11.816822608336752,0.006372662075787198
2.0100000000000002,2.6914177259305765,757.9770235859328,0.1855323266185802,0.017496901301685776,131.7500088601906,11.798638745972442,0.00637470551378861
2.015,2.692117847514144,757.977082340624,0.1855967778761696,0.017450777849661054,131.79643171085704,11.78049037960345,0.0063767151258156025
2.02,2.6928092805930444,757.977134441212,0.18566104087796623,0.017404789856066027,131.842715754704,11.762377288251413,0.0063786910550485175
2.025,2.6934920130983286,757.9771798571646,0.1857251166439988,0.017358936585647584,131.88886173772954,11.744299252197475,0.006380633443950791
2.0300000000000002,2.6941660330945,757.9772185586087,0.18578900618855082,0.0173132173073052,131.9348704017716,11.726256052981318,0.0063825424342727945
2.035,2.69483132878288,757.9772505163256,0.1858527105201739,0.017267631294081043,131.98074248451718,11.708247473400114,0.006384418167055648
2.04,2.69548788850493,757.9772757017475,0.1859162306417012,0.017222177823149935,132.02647871951407,11.6902732975074,0.006386260782635039
2.045,2.6961357007455335,757.9772940869528,0.18597956755026115,0.017176856175809205,132.07207983618022,11.672333310611902,0.006388070420645015
2.05,2.696774754136224,757.9773056446619,0.18604272223729132,0.017131665637468426,132.1175465598158,11.65442729927629,0.006389847220021781
2.055,2.697405037458382,757.9773103482333,0.18610569568855218,0.01708660549763907,132.1628796116127,11.636555051315854,0.006391591319007462
2.06,2.6980265396463676,757.97730817166,0.1861684888841414,0.017041675049924064,132.2080797086668,11.618716355797151,0.00639330285515388
2.065,2.6986392497906317,757.9772990895642,0.18623110279850805,0.016996873592007203,132.25314756398754,11.600911003036556,0.006394981965326296
2.07,2.6992431571407813,757.9772830771948,0.18629353840046695,0.016952200425642525,132.2980838865105,11.583138784598772,0.006396628785707157
2.075,2.699838251108588,757.9772601104224,0.18635579665321314,0.016907654856643563,132.3428893811073,11.565399493295288,0.006398243451799818
2.08,2.700424521270956,757.9772301657362,0.18641787851433667,0.016863236194872518,132.38756474859798,11.54769292318277,0.006399826098432262
2.085,2.701001957372868,757.9771932202395,0.18647978493583722,0.016818943754229328,132.43211068576156,11.5300188695614,0.006401376859760804
2.09,2.7015705493302686,757.9771492516464,0.18654151686413906,0.016774776852640675,132.47652788534816,11.512377128973164,0.006402895869273776
2.095,2.702130287232922,757.9770982382779,0.18660307524010608,0.0167307348120489,132.52081703608957,11.494767499200087,0.006404383259795215
2.1,2.70268116134721,757.9770401590579,0.18666446099905679,0.016686816958400897,132.56497882271216,11.477189779262426,0.006405839163488523
2.105,2.70322316211891,757.9769749935101,0.1867256750707797,0.0166430226216368,132.6090139259475,11.459643769416788,0.0064072637118601245
2.11,2.7037562801759263,757.9769027217538,0.18678671837954844,0.01659935113567874,132.6529230225447,11.442129271154236,0.006408657035763106
2.115,2.7042805063309774,757.9768233245009,0.18684759184413743,0.01655580183841945,132.69670678528175,11.424646087198324,0.006410019265400849
2.12,2.7047958315842355,757.9767367830515,0.18690829637783726,0.016512374071710828,132.74036588297793,11.407194021503091,0.006411350530330642
2.125,2.7053022471259554,757.9766430792913,0.18696883288847024,0.016469067181352433,132.78390098050514,11.389772879251016,0.00641265095946729
2.13,2.705799744339034,757.9765421956876,0.18702920227840633,0.016425880517079938,132.8273127388006,11.37238246685092,0.006413920681086703
2.1350000000000002,2.7062883148015455,757.9764341152858,0.18708940544457867,0.016382813432553472,132.87060181487809,11.35502259193585,0.006415159822829475
2.14,2.7067679502892594,757.9763188217063,0.1871494432784997,0.01633986528534598,132.9137688618409,11.337693063360884,0.006416368511704453
2.145,2.707238642778078,757.9761962991408,0.1872093166662769,0.016297035436931447,132.95681452889326,11.32039369120093,0.006417546874092289
2.15,2.7077003844464484,757.9760665323495,0.18726902648862903,0.016254323252673147,132.9997394613531,11.303124286748478,0.006418695035748979
2.1550000000000002,2.70815316767777,757.9759295066568,0.187328573620902,0.016211728101811786,133.04254430066368,11.285884662511293,0.006419813121809398
2.16,2.708596985062735,757.9757852079491,0.18738795893308532,0.01616924935745361,133.08522968440678,11.268674632210118,0.006420901256790809
2.165,2.7090318294016353,757.9756336226709,0.18744718328982815,0.01612688639655847,133.12779624631395,11.251494010776284,0.006421959564596366
2.17,2.709457693706645,757.9754747378216,0.18750624755045564,0.016084638599927863,133.17024461628003,11.234342614349329,0.006422988168518611
2.1750000000000003,2.709874571204058,757.9753085409527,0.1875651525689854,0.016042505352192895,133.21257542037426,11.217220260274566,0.0064239871912429415
2.18,2.7102824553364786,757.9751350201642,0.1876238991941438,0.01600048604180225,133.25478928085423,11.200126767100622,0.0064249567548510834
2.185,2.710681339765005,757.9749541641019,0.18768248826938258,0.01595858006101004,133.29688681617694,11.183061954576948,0.0064258969808245366
2.19,2.711071218371366,757.9747659619536,0.18774092063289533,0.015916786805863746,133.3388686410125,11.166025643651288,0.006426807990048017
2.195,2.7114520852600124,757.974570403447,0.18779919711763401,0.015875105676191985,133.38073536625566,11.149017656467128,0.00642768990281288
2.2,2.711823934760173,757.974367478846,0.18785731855132584,0.01583353607559233,133.4224875990393,11.13203781636112,0.006428542838820535
2.205,2.712186761427895,757.9741571789476,0.18791528575648972,0.015792077411419084,133.46412594274625,11.115085947860464,0.0064293669171858435
2.21,2.712540560048052,757.9739394950793,0.18797309955045308,0.015750729094771012,133.50565099702257,11.098161876680269,0.006430162256440509
2.215,2.7128853256362904,757.9737144190959,0.18803076074536873,0.01570949054047904,133.54706335778948,11.081265429720897,0.006430928974536447
2.22,2.7132210534409587,757.9734819433768,0.1880882701482315,0.015668361167093976,133.58836361725704,11.064396435065262,0.006431667188849149
2.225,2.713547738945013,757.9732420608225,0.18814562856089534,0.015627340396874148,133.62955236393563,11.047554721976132,0.00643237701618103
2.23,2.713865377867873,757.9729947648523,0.1882028367800899,0.01558642765577301,133.67063018264986,11.03074012089337,0.006433058572764764
2.235,2.7141739661672584,757.9727400494013,0.1882598955974378,0.015545622373426805,133.71159765455025,11.013952463431188,0.006433711974266603
2.24,2.7144735000409885,757.9724779089175,0.18831680579947127,0.015504923983142143,133.7524553571269,10.997191582375352,0.006434337335789693
2.245,2.7147639759287467,757.9722083383588,0.1883735681676493,0.015464331921883595,133.79320386422148,10.980457311680391,0.006434934771877363
2.25,2.71504539051381,757.9719313331904,0.1884301834783747,0.015423845630261187,133.83384374604054,10.963749486466746,0.006435504396516413
2.255,2.7153177407247604,757.9716468893819,0.18848665250301097,0.015383464552518024,133.8743755691677,10.947067943017942,0.006436046323140383
2.2600000000000002,2.715581023737157,757.9713550034047,0.18854297600789957,0.015343188136517763,133.9147998965774,10.930412518777706,0.006436560664632811
2.265,2.715835236975171,757.9710556722292,0.18859915475437675,0.015303015833732166,133.95511728764657,10.913783052347098,0.006437047533330472
2.27,2.7160803781131966,757.970748893322,0.18865518949879087,0.015262947099228588,133.99532829816846,10.897179383481587,0.0064375070410266225
2.275,2.7163164450774295,757.9704346646431,0.18871108099251938,0.015222981391657451,134.03543348036465,10.880601353088135,0.006437939298974205
2.2800000000000002,2.7165434360474268,757.9701129846436,0.18876682998198607,0.015183118173239765,134.07543338289847,10.864048803222259,0.0064383444178890605
2.285,2.716761349457612,757.9697838522626,0.1888224372086781,0.01514335690975458,134.11532855088728,10.847521577085072,0.006438722507953121
2.29,2.7169701839987654,757.9694472669248,0.18887790340916333,0.015103697070526426,134.15511952591595,10.831019519020302,0.006439073678817588
2.295,2.7171699386194867,757.969103228538,0.18893322931510728,0.015064138128412808,134.19480684604886,10.814542474511315,0.006439398039606101
2.3000000000000003,2.717360612527623,757.9687517374899,0.1889884156532905,0.015024679559791667,134.23439104584367,10.798090290178104,0.006439695698917888
2.305,2.717542205191668,757.9683927946465,0.18904346314562567,0.014985320844548808,134.2738726563634,10.781662813774272,0.0064399667648309105
2.31,2.7177147163421327,757.9680264013485,0.18909837250917488,0.01494606146606536,134.31325220518963,10.765259894183997,0.006440211344904989
2.315,2.717878145972888,757.9676525594094,0.1891531444561667,0.014906900911205221,134.35253021643524,10.748881381418991,0.0064404295461849195
2.32,2.7180324943424745,757.9672712711127,0.1892077796940136,0.014867838670302471,134.39170721075723,10.732527126615434,0.006440621475203576
2.325,2.7181777619753924,757.9668825392095,0.18926227892532896,0.014828874237148851,134.43078370536927,10.71619698203091,0.006440787237984999
2.33,2.7183139496633477,757.9664863669158,0.1893166428479444,0.014790007108981209,134.46976021405513,10.69989080104132,0.0064409269400474735
2.335,2.718441058466488,757.9660827579102,0.18937087215492698,0.01475123678646893,134.50863724718087,10.68360843813779,0.006441040686406592
2.34,2.7185590897146046,757.9656717163314,0.1894249675345965,0.014712562773701362,134.54741531170828,10.667349748923552,0.0064411285815783054
2.345,2.7186680450083,757.9652532467755,0.18947892967054258,0.014673984578175302,134.58609491120674,10.65111459011085,0.006441190729581963
2.35,2.718767926220128,757.964827354294,0.18953275924164187,0.01463550171078244,134.62467654586706,10.634902819517796,0.006441227233943335
2.355,2.7188587354957168,757.9643940443908,0.18958645692207543,0.014597113685796819,134.66316071251333,10.618714296065237,0.006441238197697629
2.36,2.718940475254859,757.9639533230203,0.1896400233813458,0.014558820020862267,134.70154790461655,10.602548879773611,0.006441223723392488
2.365,2.7190131481925763,757.9635051965845,0.1896934592842943,0.014520620236979889,134.73983861230647,10.586406431759789,0.006441183913090976
2.37,2.719076757280143,757.9630496719311,0.18974676529111803,0.01448251385849558,134.7780333223852,10.570286814233924,0.006441118868374557
2.375,2.719131305766107,757.9625867563507,0.1897999420573873,0.014444500413087454,134.8161325183392,10.554189890496257,0.0064410286903460534
2.38,2.7191767971772745,757.9621164575746,0.18985299023406266,0.01440657943175334,134.85413668035267,10.538115524933957,0.006440913479632596
2.3850000000000002,2.7192132353196525,757.9616387837723,0.18990591046751215,0.014368750448798298,134.89204628531962,10.522063583017918,0.0064407733363885614
2.39,2.7192406242794047,757.9611537435496,0.18995870339952844,0.014331013001822143,134.92986180685708,10.506033931299578,0.006440608360298497
2.395,2.7192589684237327,757.9606613459456,0.1900113696673459,0.01429336663170692,134.9675837153175,10.49002643740771,0.00644041865058003
2.4,2.719268272401756,757.9601616004309,0.1900639099036578,0.014255810882604468,135.00521247780142,10.474040970045218,0.006440204305986766
2.4050000000000002,2.719268541145377,757.9596545169047,0.19011632473663345,0.014218345301923951,135.04274855817008,10.458077398985916,0.006439965424811179
2.41,2.719259779870098,757.9591401056933,0.19016861478993538,0.014180969440319399,135.08019241705833,10.442135595071315,0.0064397021048874835
2.415,2.7192419940758286,757.9586183775472,0.19022078068273623,0.01414368285167727,135.11754451188673,10.4262154302074,0.006439414443594492
2.42,2.719215189547664,757.9580893436387,0.19027282302973603,0.014106485093104042,135.15480529687486,10.410316777361384,0.006439102537858469
2.4250000000000003,2.7191793723566318,757.9575530155602,0.19032474244117914,0.01406937572491377,135.19197522305322,10.39443951055849,0.006438766484155968
2.43,2.7191345488604286,757.9570094053213,0.1903765395228714,0.01403235431061574,135.22905473827618,10.378583504878698,0.0064384063785166475
2.435,2.7190807257041136,757.9564585253471,0.19042821487619707,0.013995420416902027,135.26604428723425,10.362748636453501,0.0064380223165260925
2.44,2.719017909820788,757.9559003884757,0.19047976909813596,0.01395857361363514,135.30294431146692,10.346934782462663,0.006437614393328605
2.445,2.7189461084322537,757.9553350079556,0.1905312027812803,0.01392181347383568,135.33975524937483,10.331141821130952,0.0064371827036299985
2.45,2.718865329049637,757.954762397444,0.1905825165138518,0.013885139573669979,135.37647753623258,10.315369631724893,0.0064367273417003665
2.455,2.7187755794739985,757.9541825710044,0.19063371087971862,0.013848551492437798,135.4131116042009,10.299618094549507,0.006436248401376847
2.46,2.718676867796914,757.9535955431041,0.19068478645841225,0.013812048812559973,135.44965788233935,10.283887090945036,0.0064357459760663715
2.465,2.718569202401035,757.9530013286126,0.19073574382514452,0.01377563111956615,135.48611679661852,10.268176503283685,0.006435220158748405
2.47,2.718452591960612,757.9523999427984,0.19078658355082442,0.01373929800208251,135.52248876993252,10.252486214966344,0.00643467104197767
2.475,2.718327045442014,757.9517914013278,0.19083730620207504,0.013703049051819485,135.55877422211128,10.236816110419326,0.006434098717886857
2.48,2.718192572104225,757.9511757202622,0.19088791234125033,0.013666883863559517,135.59497356993313,10.221166075091073,0.0064335032781893285
2.485,2.718049181499295,757.9505529160559,0.19093840252645217,0.013630802035144822,135.63108722713713,10.20553599544889,0.006432884814181809
2.49,2.71789688347278,757.9499230055543,0.19098877731154687,0.013594803167465195,135.66711560443497,10.189925758975662,0.006432243416747058
2.495,2.71773568816417,757.949286005991,0.19103903724618226,0.0135588868644458,135.70305910952356,10.17433525416657,0.006431579176356537
2.5,2.717565606007282,757.9486419349862,0.19108918287580426,0.013523052733034991,135.73891814709742,10.158764370525805,0.006430892183073062
2.505,2.7173866477306277,757.9479908105445,0.19113921474167378,0.013487300383192145,135.7746931188609,10.14321299856328,0.0064301825265534445
2.5100000000000002,2.7171988243577747,757.9473326510525,0.19118913338088328,0.013451629427875538,135.81038442354003,10.127681029791347,0.006429450296051119
2.515,2.7170021472076664,757.9466674752769,0.19123893932637362,0.013416039483030218,135.84599245689515,10.112168356721504,0.006428695580418761
2.52,2.716796627894931,757.9459953023618,0.1912886331069507,0.013380530167575864,135.88151761173287,10.096674872861097,0.006427918468110886
2.525,2.716582278330166,757.9453161518273,0.19133821524730218,0.013345101103394735,135.91696027791824,10.08120047271004,0.006427119047186454
2.5300000000000002,2.7163591107201954,757.9446300435671,0.19138768626801392,0.013309751915319594,135.95232084238705,10.065745051757517,0.006426297405311437
2.535,2.716127137568317,757.9439369978459,0.19143704668558675,0.013274482231121657,135.98759968915778,10.050308506478682,0.006425453629761399
2.54,2.715886371674521,757.9432370352978,0.1914862970124531,0.013239291681498547,136.02279719934364,10.03489073433137,0.006424587807424044
2.545,2.715636826135686,757.9425301769239,0.19153543775699336,0.013204179900062292,136.0579137511648,10.019491633752796,0.00642370002480177
2.5500000000000003,2.7153785143457494,757.9418164440904,0.19158446942355264,0.013169146523327327,136.09294971996033,10.004111104156262,0.006422790368014196
2.555,2.7151114499958697,757.9410958585262,0.19163339251245715,0.013134191190698523,136.12790547820023,9.988749045927861,0.006421858922800686
2.56,2.714835647074555,757.940368442321,0.19168220752003076,0.013099313544459217,136.16278139549746,9.973405360423175,0.006420905774522861
2.565,2.7145511198677754,757.939634217923,0.19173091493861136,0.013064513229759293,136.19757783861965,9.958079949963976,0.006419931008167094
2.57,2.7142578829590613,757.9388932081368,0.19177951525656742,0.013029789894603249,136.23229517150156,9.94277271783493,0.006418934708347001
2.575,2.7139559512295692,757.9381454361218,0.1918280089583143,0.0129951431898383,136.26693375525647,9.927483568280298,0.006417916959305911
2.58,2.713645339858124,757.9373909253889,0.1918763965243308,0.012960572769142517,136.3014939481885,9.91221240650064,0.006416877844919335
2.585,2.713326064321262,757.9366296997997,0.19192467843117528,0.012926078289012936,136.33597610580406,9.896959138649503,0.006415817448697414
2.59,2.712998140393229,757.9358617835637,0.1919728551515022,0.012891659408753735,136.37038058082422,9.88172367183014,0.0064147358537873615
2.595,2.7126615841459736,757.9350872012362,0.19202092715407837,0.01285731579046441,136.40470772319597,9.8665059140922,0.006413633142975893
2.6,2.7123164119491237,757.9343059777166,0.19206889490379922,0.012823047099027967,136.43895788010448,9.851305774428424,0.006412509398691639
2.605,2.7119626404699204,757.9335181382455,0.1921167588617051,0.012788853002099141,136.47313139598452,9.83612316277136,0.006411364703007559
2.61,2.711600286673157,757.9327237084037,0.19216451948499752,0.012754733170092632,136.50722861253254,9.820957989990047,0.006410199137643332
2.615,2.711229367821083,757.9319227141093,0.1922121772270553,0.01272068727617135,136.54124986871813,9.805810167886735,0.006409012783967734
2.62,2.710849901473292,757.9311151816156,0.19225973253745088,0.012686714996234702,136.5751955007959,9.790679609193568,0.006407805723001021
2.625,2.7104619054865937,757.9303011375097,0.19230718586196632,0.012652816008906878,136.60906584231722,9.775566227569293,0.0064065780354172815
2.63,2.710065398014866,757.9294806087095,0.19235453764260962,0.012618989995525154,136.64286122414154,9.760469937595968,0.006405329801546791
2.6350000000000002,2.7096603975088804,757.9286536224624,0.19240178831763075,0.012585236640128235,136.6765819744484,9.745390654775647,0.006404061101378344
2.64,2.7092469227161153,757.9278202063427,0.19244893832153767,0.012551555629444587,136.71022841874878,9.730328295527107,0.006402772014561588
2.645,2.708824992680548,757.9269803882498,0.19249598808511262,0.012517946652880809,136.7438008798969,9.715282777182523,0.006401462620409333
2.65,2.708394626742429,757.9261341964059,0.19254293803542785,0.012484409402510041,136.77729967810163,9.70025401798419,0.0064001329978998584
2.6550000000000002,2.7079558445380374,757.9252816593539,0.19258978859586195,0.012450943573060346,136.81072513093818,9.685241937081216,0.006398783225679208
2.66,2.707508665999407,757.9244228059557,0.19263654018611562,0.012417548861903117,136.84407755335945,9.67024645452623,0.006397413382063469
2.665,2.7070531113540506,757.9235576653897,0.19268319322222785,0.012384224969041534,136.8773572577077,9.655267491272085,0.006396023545041045
2.67,2.7065892011246637,757.9226862671488,0.1927297481165916,0.012350971597099041,136.91056455372583,9.640304969168557,0.006394613792274916
2.6750000000000003,2.706116956128795,757.9218086410385,0.19277620527797001,0.012317788451307788,136.94369974856906,9.625358810959057,0.006393184201104887
2.68,2.7056363974785054,757.9209248171746,0.19282256511151208,0.012284675239497148,136.97676314681615,9.610428940277323,0.0063917348485498255
2.685,2.7051475465800148,757.9200348259812,0.19286882801876873,0.012251631672082207,137.00975505048103,9.595515281644136,0.006390265811309888
2.69,2.7046504251333334,757.9191386981887,0.1929149943977085,0.012218657462052316,137.04267575902398,9.58061776046402,0.006388777165768739
2.695,2.7041450551318564,757.9182364648316,0.19296106464273355,0.01218575232495963,137.07552556936318,9.565736303021946,0.006387268987995754
2.7,2.7036314588619605,757.9173281572463,0.19300703914469527,0.01215291597890764,137.10830477588593,9.550870836480037,0.0063857413537482125
2.705,2.7031096589025685,757.9164138070696,0.19305291829091029,0.012120148144539794,137.14101367045987,9.536021288874274,0.006384194338473485
2.71,2.702579678124709,757.9154934462357,0.1930987024651761,0.012087448545028086,137.17365254244461,9.521187589111202,0.006382628017311201
2.715,2.7020415396910513,757.9145671069749,0.19314439204778683,0.012054816906061652,137.20622167870283,9.506369666964629,0.006381042465095414
2.72,2.7014952670554058,757.9136348218112,0.19318998741554902,0.012022252955835405,137.23872136361138,9.491567453072339,0.006379437756356756
2.725,2.700940883962242,757.9126966235601,0.1932354889417973,0.011989756425038684,137.27115187907287,9.476780878932795,0.006377813965324566
2.73,2.7003784144461815,757.9117525453269,0.19328089699641007,0.011957327046843921,137.30351350452653,9.462009876901837,0.006376171165929034
2.735,2.6998078828314416,757.910802620504,0.19332621194582517,0.01192496455689531,137.3358065169598,9.447254380189397,0.006374509431803308
2.74,2.699229313731288,757.9098468827696,0.19337143415305552,0.011892668693297494,137.36803119091908,9.432514322856198,0.006372828836285611
2.745,2.698642732047474,757.9088853660847,0.19341656397770476,0.011860439196604289,137.40018779852127,9.417789639810458,0.006371129452421332
2.75,2.6980481629696507,757.9079181046922,0.19346160177598287,0.011828275809807392,137.43227660946462,9.403080266804597,0.006369411352965117
2.755,2.697445631974764,757.9069451331134,0.1935065479007217,0.011796178278325124,137.46429789104025,9.388386140431939,0.006367674610382945
2.7600000000000002,2.6968351648264375,757.905966486147,0.1935514027013906,0.01176414634999119,137.4962519081427,9.373707198123414,0.00636591929685419
2.765,2.696216787574335,757.9049821988667,0.19359616652411188,0.011732179775043447,137.52813892328155,9.359043378144268,0.006364145484273681
2.77,2.6955905265535094,757.903992306619,0.1936408397116765,0.011700278306112663,137.55995919659205,9.344394619590755,0.006362353244253745
2.775,2.6949564083837303,757.9029968450209,0.1936854226035594,0.011668441698211332,137.59171298584664,9.329760862386847,0.0063605426481262405
2.7800000000000002,2.6943144599688074,757.9019958499583,0.19372991553593513,0.011636669708722491,137.6234005464655,9.315142047280931,0.006358713766944582
2.785,2.6936647084958802,757.9009893575837,0.19377431884169324,0.01160496209738854,137.65502213152783,9.300538115842519,0.006356866671485756
2.79,2.693007181434705,757.8999774043141,0.1938186328504538,0.01157331862630004,137.68657799178285,9.285949010458928,0.006355001432252317
2.795,2.6923419065369214,757.8989600268285,0.19386285788858285,0.011541739059884605,137.71806837566078,9.271374674332003,0.00635311811947439
2.8000000000000003,2.691668911835296,757.8979372620666,0.19390699427920774,0.011510223164895755,137.74949352928374,9.256815051474796,0.006351216803111642
2.805,2.690988225642969,757.8969091472262,0.1939510423422326,0.011478770710401806,137.7808536964766,9.242270086708274,0.006349297552855264
2.81,2.6902998765526607,757.895875719761,0.19399500239435377,0.011447381467774699,137.81214911877825,9.227739725658015,0.006347360438129926
2.815,2.68960389343588,757.8948370173788,0.19403887474907516,0.011416055210678953,137.8433800354522,9.213223914750895,0.006345405528095731
2.82,2.688900305442118,757.8937930780392,0.19408265971672356,0.01138479171506057,137.87454668349758,9.19872260121179,0.006343432891650158
2.825,2.6881891419980115,757.8927439399516,0.19412635760446403,0.011353590759135944,137.90564929766003,9.18423573306026,0.006341442597429986
2.83,2.6874704328065007,757.8916896415732,0.19416996871631526,0.011322452123380795,137.93668811044262,9.169763259107256,0.006339434713813224
2.835,2.6867442078459756,757.8906302216064,0.19421349335316485,0.011291375590519126,137.9676633521166,9.155305128951793,0.006337409308921017
2.84,2.686010497369393,757.8895657189976,0.1942569318127846,0.011260360945512152,137.99857525073236,9.140861292977645,0.006335366450619544
2.845,2.68526933190339,757.8884961729339,0.19430028438984595,0.011229407975547294,138.0294240321301,9.126431702350029,0.006333306206521912
2.85,2.684520742247396,757.8874216228418,0.19434355137593504,0.011198516470027144,138.0602099199509,9.112016309012295,0.006331228643990037
2.855,2.683764759472691,757.8863421083852,0.19438673305956816,0.011167686220558446,138.09093313564722,9.097615065682607,0.00632913383013651
2.86,2.6830014149214865,757.8852576694626,0.1944298297262069,0.011136917020941108,138.12159389849387,9.083227925850625,0.0063270218318264605
2.865,2.682230740205971,757.8841683462056,0.19447284165827347,0.01110620866715719,138.15219242559886,9.068854843774178,0.006324892715679405
2.87,2.6814527672073454,757.8830741789765,0.19451576913516588,0.01107556095735993,138.1827289319138,9.054495774475953,0.006322746548071087
2.875,2.680667528074847,757.881975208366,0.1945586124332732,0.011044973691862765,138.21320363024515,9.040150673740158,0.006320583395135312
2.88,2.6798750552247634,757.8808714751918,0.1946013718259907,0.011014446673128344,138.24361673126447,9.0258194981092,0.006318403322765755
2.8850000000000002,2.6790753813394192,757.8797630204955,0.19464404758373519,0.010983979705757593,138.27396844351955,9.011502204880356,0.006316206396617787
2.89,2.6782685393661536,757.8786498855409,0.19468663997396005,0.010953572596478769,138.30425897344486,8.997198752102447,0.006313992682110262
2.895,2.6774545625162913,757.8775321118122,0.19472914926117058,0.010923225154136497,138.33448852537234,8.982909098572494,0.006311762244427315
2.9,2.6766334842640895,757.8764097410116,0.194771575706939,0.010892937189680823,138.3646573015421,8.96863320383238,0.006309515148520138
2.9050000000000002,2.675805338345681,757.8752828150568,0.1948139195699198,0.010862708516156313,138.39476550211302,8.954371028165525,0.0063072514591087534
2.91,2.674970158757983,757.8741513760797,0.19485618110586472,0.010832538948691127,138.42481332517366,8.940122532593527,0.006304971240683775
2.915,2.674127979757623,757.8730154664233,0.19489836056763793,0.010802428304486088,138.45480096675254,8.925887678872826,0.006302674557508158
2.92,2.6732788358598247,757.8718751286403,0.19494045820523137,0.010772376402803785,138.48472862082915,8.911666429491353,0.006300361473618936
2.9250000000000003,2.672422761837291,757.8707304054907,0.19498247426577958,0.010742383064957664,138.51459647934433,8.89745874766518,0.006298032052828961
2.93,2.671559792719079,757.8695813399396,0.19502440899357507,0.01071244811430114,138.5444047322111,8.883264597335165,0.006295686358728619
2.935,2.6706899637894472,757.868427975155,0.19506626263008325,0.010682571376216688,138.5741535673251,8.869083943163593,0.006293324454687543
2.94,2.669813310586697,757.867270354506,0.19510803541395777,0.010652752678104995,138.6038431705753,8.85491675053082,0.006290946403856316
2.945,2.6689298689020036,757.8661085215601,0.19514972758105534,0.010622991849374042,138.63347372585477,8.840762985531901,0.006288552269168163
2.95,2.6680396747782336,757.8649425200817,0.1951913393644511,0.01059328872142824,138.66304541507083,8.826622614973227,0.0062861421133406335
2.955,2.6671427645087413,757.8637723940294,0.19523287099445355,0.010563643127657563,138.69255841815604,8.812495606369152,0.006283715998877278
2.96,2.666239174636165,757.8625981875542,0.19527432269861972,0.01053405490342668,138.72201291307863,8.798381927938621,0.006281273988069305
2.965,2.665328941951193,757.861419944997,0.1953156947017702,0.010504523886064094,138.75140907585316,8.784281548601781,0.006278816142997241
2.97,2.6644121034913404,757.8602377108868,0.1953569872260043,0.010475049914851273,138.78074708055092,8.770194437976608,0.006276342525532572
2.975,2.6634886965396922,757.8590515299385,0.19539820049071505,0.010445632831011813,138.81002709931076,8.75612056637552,0.0062738531973393795
2.98,2.6625587586236312,757.8578614470503,0.1954393347126043,0.010416272477700574,138.83924930234926,8.742059904801975,0.006271348219875965
2.985,2.661622327513578,757.8566675073021,0.19548039010569782,0.010386968699992834,138.8684138579716,8.728012424947089,0.006268827654396464
2.99,2.6606794412217036,757.855469755953,0.19552136688136038,0.010357721344873434,138.897520932582,8.713978099186221,0.006266291561952456
2.995,2.6597301380006213,757.8542682384393,0.19556226524831075,0.010328530261225948,138.92657069069438,8.699956900575588,0.00626374000339456
3.0,2.658774456342084,757.8530630003723,0.19560308541263685,0.01029939529982184,138.9555632949425,8.685948802848834,0.006261173039374019
3.005,2.6578124349756553,757.851854087536,0.1956438275778107,0.010270316313309623,138.9844989060911,8.671953780413642,0.0062585907303442795
3.0100000000000002,2.6568441128673723,757.8506415458851,0.19568449194470366,0.010241293156204007,139.01337768304577,8.657971808348286,0.00625599313656256
3.015,2.6558695292184056,757.8494254215425,0.19572507871160133,0.010212325684875088,139.042199782864,8.64400286239824,0.006253380318091412
3.02,2.654888723463682,757.8482057607977,0.19576558807421865,0.0101834137575375,139.07096536076534,8.630046918972726,0.006250752334800264
3.025,2.6539017352705305,757.8469826101041,0.19580602022571503,0.010154557234239567,139.09967457014207,8.616103955141286,0.006248109246366966
3.0300000000000002,2.6529086045372967,757.8457560160772,0.19584637535670935,0.010125755976852507,139.1283275625697,8.602173948630359,0.006245451112279318
3.035,2.651909371391942,757.844526025492,0.195886653655295,0.010097009849059585,139.15692448781746,8.588256877819823,0.0062427779918365935
3.04,2.6509040761906375,757.8432926852811,0.19592685530705506,0.010068318716345247,139.1854654938588,8.574352721739547,0.006240089944151049
3.045,2.649892759516349,757.8420560425326,0.19596698049507721,0.010039682445984324,139.21395072688185,8.560461460065948,0.006237387028149427
3.0500000000000003,2.648875462177406,757.8408161444878,0.1960070293999689,0.010011100907031199,139.24238033129996,8.546583073118521,0.00623466930257445
3.055,2.647852225206061,757.8395730385388,0.19604700219987237,0.009982573970308963,139.27075444976225,8.532717541856378,0.006231936825986304
3.06,2.646823089857039,757.8383267722267,0.19608689907047977,0.009954101508398594,139.29907322316387,8.518864847874788,0.006229189656764114
3.065,2.6457880976060744,757.8370773932389,0.19612672018504815,0.009925683395628118,139.32733679065694,8.505024973401683,0.006226427853107409
3.0700000000000003,2.644747290148433,757.8358249494077,0.1961664657144146,0.009897319508061754,139.3555452896604,8.491197901294191,0.006223651473037576
3.075,2.643700709397431,757.8345694887072,0.1962061358270113,0.009869009723489107,139.38369885587107,8.477383615035146,0.006220860574399311
3.08,2.6426483974829424,757.8333110592519,0.19624573068888063,0.009840753921414327,139.41179762327377,8.463582098729583,0.006218055214862052
3.085,2.641590396749888,757.8320497092938,0.1962852504636902,0.009812551983045259,139.43984172415222,8.449793337101259,0.006215235451921411
3.09,2.6405267497567135,757.8307854872207,0.19632469531274793,0.0097844037912826,139.46783128909888,8.436017315489124,0.006212401342900594
3.095,2.6394574992738695,757.829518441554,0.19636406539501727,0.009756309230709078,139.4957664470262,8.422254019843834,0.006209552944951805
3.1,2.638382688282277,757.828248620946,0.1964033608671321,0.00972826818757858,139.52364732517623,8.408503436724214,0.006206690315057654
3.105,2.6373023599717698,757.8269760741784,0.19644258188341196,0.00970028054980532,139.55147404913217,8.394765553293741,0.0062038135100325464
3.11,2.6362165577395364,757.8257008501595,0.19648172859587718,0.009672346206952984,139.57924674282768,8.381040357317016,0.006200922586524061
3.115,2.635125325188555,757.8244229979222,0.19652080115426387,0.009644465050223873,139.60696552855833,8.367327837156212,0.006198017601014331
3.12,2.634028706126014,757.8231425666221,0.1965597997060391,0.009616636972448077,139.63463052699146,8.35362798176756,0.006195098609821403
3.125,2.6329267445617197,757.8218596055348,0.196598724396416,0.009588861868072573,139.66224185717735,8.339940780697765,0.006192165669100594
3.13,2.631819484706504,757.8205741640539,0.19663757536836896,0.00956113963315039,139.68979963655872,8.32626622408047,0.006189218834845838
3.1350000000000002,2.6307069709706075,757.8192862916891,0.19667635276264864,0.009533470165329736,139.71730398098217,8.312604302632684,0.006186258162891021
3.14,2.629589247962064,757.8179960380633,0.19671505671779715,0.009505853363843129,139.744755004708,8.298955007651214,0.006183283708911313
3.145,2.6284663604850738,757.8167034529109,0.19675368737016333,0.009478289129496515,139.77215282042118,8.285318331009083,0.006180295528424482
3.15,2.627338353538363,757.8154085860758,0.19679224485391764,0.009450777364658415,139.7994975392415,8.271694265151952,0.006177293676792207
3.1550000000000002,2.626205272313536,757.8141114875085,0.19683072930106754,0.00942331797324902,139.82678927073428,8.258082803094517,0.006174278209221378
3.16,2.625067162193424,757.8128122072643,0.19686914084147256,0.009395910860729325,139.85402812292074,8.244483938416925,0.006171249180765389
3.165,2.6239240687504126,757.8115107955011,0.19690747960285943,0.009368555934090217,139.88121420228867,8.230897665261155,0.0061682066463254175
3.17,2.6227760377447695,757.8102073024772,0.19694574571083737,0.009341253101841605,139.90834761380268,8.21732397832741,0.006165150660651702
3.1750000000000003,2.621623115122958,757.808901778549,0.19698393928891325,0.009314002274001497,139.93542846091498,8.203762872870493,0.006162081278344807
3.18,2.620465347015946,757.8075942741685,0.19702206045850668,0.009286803362085129,139.96245684557556,8.190214344696184,0.006158998553856876
3.185,2.6193027797374984,757.8062848398818,0.19706010933896523,0.009259656279094032,139.9894328682431,8.1766783901576,0.006155902541492878
3.19,2.618135459782479,757.8049735263261,0.19709808604757986,0.00923256093950511,140.01635662789516,8.163155006151548,0.0061527932954118505
3.1950000000000003,2.616963433825117,757.803660384228,0.1971359906995998,0.009205517259259749,140.04322822203886,8.149644190114884,0.006149670869628122
3.2,2.6157867487172792,757.8023454644012,0.19717382340824807,0.009178525155752877,140.07004774672137,8.13614594002085,0.006146535318012541
3.205,2.614605451486739,757.801028817744,0.19721158428473648,0.009151584547822037,140.0968152965404,8.122660254375402,0.006143386694293675
3.21,2.6134195893354284,757.7997104952376,0.19724927343828108,0.00912469535573646,140.12353096465478,8.109187132213547,0.0061402250520590255
3.215,2.6122292096376825,757.7983905479431,0.1972868909761172,0.009097857501186118,140.150194842795,8.095726573095654,0.006137050444756211
3.22,2.6110343599384755,757.797069027,0.19732443700351496,0.009071070907270778,140.1768070212737,8.082278577103766,0.006133862925694158
3.225,2.6098350879516516,757.7957459836238,0.19736191162379427,0.009044335498489063,140.20336758899623,8.068843144837908,0.006130662548044275
3.23,2.608631441558152,757.7944214691036,0.1973993149383403,0.009017651200727478,140.22987663347112,8.055420277412374,0.00612744936484162
3.235,2.6074234688042246,757.7930955347998,0.19743664704661865,0.008991017941249457,140.25633424082102,8.04200997645202,0.006124223428986054
3.24,2.6062112178996153,757.7917682321423,0.19747390804619083,0.0089644356486844,140.28274049579255,8.02861224408854,0.006120984793243397
3.245,2.6049947372157822,757.790439612628,0.1975110980327293,0.008937904253016696,140.30909548176757,8.015227082956741,0.006117733510246564
3.25,2.6037740752840848,757.7891097278185,0.19754821710003298,0.008911423685574727,140.33539928077317,8.001854496190806,0.006114469632496698
3.255,2.6025492807939608,757.7877786293382,0.19758526534004248,0.008884993879019904,140.36165197349277,7.98849448742054,0.006111193212364292
3.2600000000000002,2.601320402591093,757.7864463688716,0.1976222428428555,0.008858614767335666,140.38785363927613,7.97514706076763,0.006107904302090301
3.265,2.6000874896755852,757.7851129981614,0.19765914969674214,0.008832286285816488,140.41400435615057,7.961812220841878,0.006104602953787253
3.27,2.598850591200128,757.7837785690065,0.1976959859881602,0.008806008371056868,140.44010420083092,7.948489972737434,0.0061012892194403385
3.275,2.5976097564681413,757.7824431332591,0.19773275180177066,0.008779780960940326,140.46615324873048,7.935180322029015,0.006097963150908503
3.2800000000000002,2.596365034931911,757.7811067428233,0.19776944722045292,0.008753603994628368,140.49215157397157,7.921883274768124,0.006094624799925522
3.285,2.595116476190745,757.7797694496522,0.19780607232532027,0.008727477412549494,140.51809924939613,7.908598837479256,0.006091274218101076
3.29,2.5938641299890897,757.7784313057459,0.19784262719573525,0.00870140115638815,140.54399634657614,7.895327017156094,0.006087911456921806
3.295,2.5926080462146612,757.7770923631496,0.19787911190932503,0.008675375169073707,140.56984293582454,7.8820678212577,0.006084536567752369
3.3000000000000003,2.591348274896562,757.7757526739508,0.19791552654199687,0.008649399394769396,140.59563908620558,7.868821257704699,0.006081149601836484
3.305,2.5900848662033926,757.7744122902776,0.19795187116795349,0.00862347377886129,140.62138486554545,7.855587334875454,0.006077750610297965
3.31,2.5888178704413387,757.7730712642962,0.19798814585970848,0.008597598267947235,140.6470803404431,7.842366061602229,0.006074339644141745
3.315,2.5875473380522838,757.7717296482086,0.19802435068810179,0.008571772809825807,140.67272557628084,7.829157447167344,0.006070916754254897
3.3200000000000003,2.586273319611904,757.770387494251,0.1980604857223152,0.008545997353485218,140.6983206372347,7.815961501299331,0.006067481991407646
3.325,2.5849958658277443,757.7690448546907,0.19809655102988763,0.008520271849092279,140.7238655862855,7.802778234169068,0.00606403540625436
3.33,2.5837150275372847,757.7677017818244,0.19813254667673078,0.0084945962479813,140.749360485229,7.789607656385923,0.006060577049334551
3.335,2.5824308557060287,757.7663583279759,0.1981684727271445,0.008468970502643029,140.7748053946869,7.776449778993865,0.006057106971073857
3.34,2.5811434014255625,757.765014545494,0.19820432924383227,0.008443394566713539,140.80020037411742,7.763304613467591,0.0060536252217850105
3.345,2.5798527159116182,757.76367048675,0.1982401162879168,0.008417868394963151,140.82554548182597,7.750172171708625,0.0060501318516688095
3.35,2.578558850502113,757.7623262041359,0.19827583391895529,0.008392391943285352,140.85084077497567,7.737052466041434,0.006046626910815075
3.355,2.577261856655207,757.7609817500617,0.1983114821949552,0.00836696516868566,140.87608630959832,7.723945509209502,0.0060431104492035944
3.36,2.575961785947354,757.7596371769536,0.19834706117238965,0.008341588029270522,140.90128214060476,7.710851314371427,0.006039582516705071
3.365,2.574658690071322,757.7582925372515,0.19838257090621292,0.008316260484236204,140.92642832179575,7.6977698950969895,0.006036043163082044
3.37,2.5733526208342283,757.7569478834071,0.198418011449876,0.008290982493857683,140.9515249058724,7.684701265363231,0.00603249243798982
3.375,2.572043630155561,757.7556032678815,0.1984533828553422,0.008265754019477493,140.97657194444736,7.6716454395505,0.006028930390977385
3.38,2.5707317700652093,757.7542587431429,0.19848868517310256,0.008240575023494623,141.0015694880549,7.6586024324385145,0.006025357071488308
3.3850000000000002,2.569417092701467,757.7529143616647,0.19852391845219153,0.008215445469353364,141.0265175861621,7.645572259202401,0.00602177252886164
3.39,2.568099650309045,757.751570175923,0.19855908274020248,0.008190365321532188,141.05141628717917,7.632554935408738,0.006018176812332803
3.395,2.566779495237079,757.7502262383946,0.19859417808330326,0.008165334545532584,141.0762656384706,7.619550477011573,0.00601456997103447
3.4,2.565456679937115,757.7488826015546,0.1986292045262518,0.008140353107867917,141.10106568636536,7.606558900348453,0.006010952053997433
3.4050000000000002,2.56413125696112,757.7475393178745,0.19866416211241167,0.008115420976052275,141.12581647616798,7.593580222136434,0.006007323110151474
3.41,2.5628032789594575,757.7461964398199,0.19869905088376769,0.008090538118589324,141.15051805216913,7.580614459468088,0.006003683188326211
3.415,2.5614727986788735,757.7448540198479,0.19873387088094152,0.008065704504961128,141.1751704576565,7.567661629807496,0.0060000323372519475
3.42,2.560139868960494,757.7435121104058,0.19876862214320729,0.008040920105617,141.19977373492512,7.554721750986243,0.005996370605560515
3.4250000000000003,2.5588045427377772,757.742170763928,0.1988033047085071,0.00801618489196232,141.2243279252887,7.541794841199395,0.005992698041786091
3.43,2.5574668730344916,757.7408300328343,0.19883791861346678,0.007991498836347394,141.2488330690897,7.528880919001482,0.005989014694366032
3.435,2.556126912962688,757.7394899695275,0.1988724638934114,0.007966861912056238,141.27328920571074,7.515980003302459,0.005985320611641676
3.44,2.554784715720644,757.7381506263918,0.19890694058238095,0.007942274093295431,141.29769637358467,7.5030921133636665,0.005981615841859152
3.4450000000000003,2.5534403345908396,757.7368120557894,0.19894134871314595,0.007917735355182923,141.32205461020587,7.490217268793788,0.005977900433170172
3.45,2.552093822937908,757.7354743100598,0.19897568831722304,0.007893245673736865,141.3463639521406,7.477355489544792,0.005974174433632821
3.455,2.5507452342065786,757.7341374415164,0.1990099594248907,0.007868805025864406,141.37062443503797,7.46450679590787,0.005970437891212334
3.46,2.5493946219196246,757.7328015024452,0.19904416206520478,0.007844413389350522,141.39483609364063,7.4516712085093735,0.005966690853781864
3.465,2.5480420396758015,757.7314665451021,0.19907829626601428,0.007820070742846822,141.41899896179558,7.4388487483067305,0.005962933369123247
3.47,2.546687541147797,757.7301326217109,0.19911236205397687,0.007795777065860362,141.44311307246468,7.426039436584371,0.005959165484927752
3.475,2.545331180080155,757.7287997844612,0.19914635945457457,0.007771532338742459,141.46717845773594,7.413243294949633,0.005955387248796832
3.48,2.5439730102872002,757.7274680855063,0.19918028849212943,0.0077473365426774755,141.49119514883353,7.400460345328671,0.005951598708242852
3.485,2.542613085650973,757.7261375769606,0.19921414918981922,0.007723189659671651,141.51516317612916,7.387690609962348,0.005947799910689824
3.49,2.5412514601191627,757.7248083108981,0.19924794156969294,0.007699091672541906,141.5390825691525,7.374934111402132,0.005943990903474125
3.495,2.5398881877030126,757.7234803393497,0.19928166565268662,0.007675042564904648,141.5629533566023,7.362190872505977,0.005940171733845208
3.5,2.538523322475242,757.7221537143016,0.19931532145863887,0.007651042321164569,141.58677556635652,7.349460916434206,0.005936342448966304
3.505,2.537156918567961,757.7208284876925,0.1993489090063066,0.007627090926503468,141.6105492254837,7.336744266645381,0.00593250309591512
3.5100000000000002,2.5357890301705845,757.719504711412,0.19938242831338066,0.007603188366869044,141.63427436025341,7.324040946892166,0.005928653721684524
3.515,2.534419711527735,757.7181824372981,0.1994158793965014,0.007579334628963725,141.6579509961472,7.311350981217195,0.005924794373183224
3.52,2.5330490169371522,757.7168617171352,0.1994492622712745,0.007555529700233459,141.6815791578691,7.298674393948917,0.005920925097236436
3.525,2.531677000747592,757.7155426026522,0.1994825769522865,0.007531773568856537,141.70515886935658,7.286011209697456,0.005917045940586551
3.5300000000000002,2.5303037173567304,757.7142251455202,0.19951582345312044,0.00750806622373242,141.72869015379123,7.273361453350441,0.005913156949893781
3.535,2.528929221209061,757.71290939735,0.19954900178637147,0.007484407654470547,141.7521730336098,7.260725150068859,0.005909258171736812
3.54,2.5275535667937823,757.7115954096905,0.19958211196366268,0.007460797851379136,141.7756075305142,7.248102325282874,0.005905349652613438
3.545,2.526176808642702,757.7102832340264,0.19961515399566052,0.007437236805454026,141.7989936654832,7.235493004687658,0.005901431438941188
3.5500000000000003,2.524799001328114,757.7089729217762,0.19964812789209055,0.0074137245083675226,141.82233145878232,7.22289721423922,0.005897503577057949
3.555,2.5234201994606935,757.7076645242897,0.19968103366175297,0.007390260952457207,141.84562092997533,7.210314980150216,0.005893566113222582
3.56,2.5220404576873916,757.7063580928464,0.1997138713125384,0.007366846130714764,141.86886209793428,7.1977463288857635,0.005889619093615519
3.565,2.520659830689309,757.705053678653,0.1997466408514433,0.0073434800367748335,141.89205498085093,7.185191287159246,0.005885662564339364
3.5700000000000003,2.5192783731795725,757.7037513328418,0.19977934228458583,0.007320162664903868,141.91519959624685,7.172649881928123,0.005881696571419482
3.575,2.5178961399012256,757.7024511064677,0.19981197561722108,0.007296894009988972,141.93829596098468,7.160122140389727,0.005877721160804578
3.58,2.5165131856251057,757.7011530505074,0.19984454085375714,0.007273674067526752,141.96134409127842,7.147608089977052,0.005873736378367267
3.585,2.515129565147716,757.6998572158559,0.19987703799777018,0.007250502833612189,141.98434400270455,7.135107758354551,0.005869742269904642
3.59,2.513745333289108,757.6985636533257,0.1999094670520205,0.00722738030492751,142.00729571021222,7.122621173413923,0.005865738881138823
3.595,2.512360544890752,757.6972724136436,0.19994182801846772,0.007204306478731059,142.0301992281348,7.1101483632698885,0.005861726257717513
3.6,2.510975254813399,757.6959835474498,0.1999741208982866,0.007181281352846198,142.05305457019946,7.097689356255982,0.0058577044452145345
3.605,2.5095895179349705,757.6946971052946,0.20000634569188233,0.007158304925650182,142.07586174953903,7.085244180920314,0.005853673489130359
3.61,2.5082033891484143,757.6934131376372,0.2000385023989064,0.007135377196063063,142.09862077870162,7.072812866021355,0.00584963343489263
3.615,2.5068169233595863,757.6921316948434,0.20007059101827177,0.007112498163536611,142.12133166966208,7.060395440523697,0.005845584327856685
3.62,2.5054301754851,757.6908528271836,0.2001026115481687,0.007089667828043232,142.14399443383232,7.047991933593833,0.005841526213306058
3.625,2.50404320045021,757.6895765848303,0.20013456398607993,0.007066886190064893,142.16660908207223,7.035602374595907,0.0058374591364529806
3.63,2.502656053186672,757.688303017857,0.20016644832879646,0.007044153250582071,142.18917562469986,7.023226793087485,0.005833383142438872
3.6350000000000002,2.5012687886306053,757.6870321762352,0.20019826457243278,0.007021469011062697,142.21169407150268,7.010865218815311,0.005829298276334824
3.64,2.4998814617203675,757.6857641098327,0.2002300127124425,0.0069988334734511284,142.2341644317476,6.998517681711068,0.005825204583142083
3.645,2.4984941273944115,757.6844988684118,0.20026169274363365,0.0069762466401571185,142.256586714192,6.986184211887132,0.005821102107792506
3.65,2.497106840589142,757.6832365016271,0.20029330466018422,0.006953708514044804,142.2789609270942,6.973864839632324,0.005816990895149031
3.6550000000000002,2.4957196562367874,757.6819770590234,0.2003248484556574,0.006931219098421706,142.30128707822436,6.961559595407669,0.005812870990006123
3.66,2.49433262926327,757.680720590034,0.20035632412301718,0.006908778397027762,142.32356517487437,6.949268509842139,0.005808742437090223
3.665,2.492945814586057,757.679467143978,0.20038773165464346,0.00688638641402433,142.34579522386926,6.93699161372841,0.005804605281060184
3.67,2.491559267112026,757.6782167700591,0.20041907104234763,0.006864043153983244,142.36797723157707,6.924728938018606,0.005800459566507693
3.6750000000000003,2.4901730417353276,757.6769695173631,0.20045034227738773,0.006841748621875871,142.3901112039201,6.912480513820049,0.005796305337957704
3.68,2.4887871933352548,757.6757254348563,0.20048154535048385,0.006819502823062188,142.41219714638456,6.900246372391015,0.005792142639868841
3.685,2.487401776774101,757.674484571383,0.2005126802518333,0.006797305763279869,142.4342350640321,6.888026545136468,0.005787971516633808
3.69,2.486016846895017,757.6732469756638,0.20054374697112606,0.006775157448633389,142.45622496150938,6.87582106360382,0.0057837920125797864
3.6950000000000003,2.484632458519887,757.6720126962938,0.20057474549755974,0.006753057885583153,142.47816684305937,6.863629959478673,0.0057796041719688235
3.7,2.483248666447184,757.6707817817403,0.20060567581985503,0.006731007080934649,142.50006071253114,6.85145326458057,0.00577540803899822
3.705,2.481865525449834,757.669554280341,0.2006365379262707,0.006709005041827591,142.52190657339094,6.839291010858741,0.005771203657800896
3.71,2.4804830902730948,757.6683302403022,0.20066733180461896,0.006687051775725112,142.54370442873204,6.827143230387858,0.005766991072445766
3.715,2.479101415632409,757.6671097096964,0.20069805744228034,0.006665147290402954,142.56545428128587,6.815009955363782,0.005762770326938096
3.72,2.4777205562112656,757.6658927364608,0.20072871482621898,0.006643291593938703,142.58715613343156,6.802891218099317,0.00575854146521985
3.725,2.476340566659081,757.6646793683951,0.20075930394299762,0.006621484694701025,142.6088099872073,6.7907870510199695,0.005754304531170046
3.73,2.4749615015890623,757.6634696531596,0.20078982477879267,0.006599726601338912,142.6304158443198,6.778697486659693,0.005750059568605081
3.735,2.4735834155760767,757.6622636382734,0.2008202773194092,0.006578017322770984,142.6519737061553,6.7666225576566585,0.0057458066212790655
3.74,2.472206363154523,757.6610613711126,0.200850661550296,0.006556356868174798,142.6734835737894,6.754562296749004,0.005741545732884145
3.745,2.470830398816204,757.6598628989077,0.20088097745656028,0.0065347452469761745,142.69494544799815,6.742516736770609,0.005737276947050813
3.75,2.469455577008198,757.6586682687426,0.20091122502298298,0.006513182468838549,142.71635932926716,6.730485910646851,0.00573300030734822
3.755,2.468081952130736,757.6574775275521,0.20094140423403326,0.00649166854365236,142.73772521780316,6.7184698513903784,0.005728715857284471
3.7600000000000002,2.4667095785350766,757.6562907221202,0.20097151507388364,0.006470203481524438,142.75904311354313,6.706468592096884,0.005724423640306916
3.765,2.465338510521389,757.6551078990781,0.20100155752642457,0.006448787292767458,142.78031301616528,6.694482165940879,0.005720123699802437
3.77,2.463968802336621,757.6539291049025,0.20103153157527945,0.006427419987889379,142.8015349250988,6.6825106061714745,0.0057158160790977235
3.775,2.4626005081723914,757.6527543859138,0.2010614372038191,0.006406101577582931,142.8227088395345,6.6705539461081615,0.005711500821459543
3.7800000000000002,2.4612336821628698,757.6515837882736,0.20109127439517674,0.006384832072715141,142.8438347584343,6.658612219136606,0.005707177970095004
3.785,2.459868378382665,757.6504173579837,0.2011210431322623,0.00636361148431687,142.8649126805421,6.6466854587044395,0.005702847568151811
3.79,2.458504650844704,757.6492551408836,0.20115074339777744,0.006342439823572354,142.8859426043931,6.634773698317052,0.005698509658718509
3.795,2.4571425534981244,757.6480971826492,0.2011803751742298,0.006321317101808838,142.90692452832468,6.622876971533404,0.005694164284824728
3.8000000000000003,2.4557821402261806,757.6469435287903,0.20120993844394766,0.006300243330486192,142.92785845048573,6.610995311961825,0.0056898114894414166
3.805,2.4544234648441186,757.6457942246493,0.20123943318909446,0.006279218521186575,142.94874436884703,6.599128753255842,0.005685451315481065
3.81,2.4530665810970778,757.6446493153992,0.20126885939168318,0.0062582426856041306,142.96958228121107,6.587277329109988,0.005681083805797928
3.815,2.451711542657994,757.6435088460416,0.20129821703359077,0.006237315835534707,142.99037218522247,6.575441073255633,0.005676709003188235
3.8200000000000003,2.4503584031254966,757.6423728614054,0.20132750609657252,0.00621643798286561,143.01111407837703,6.563620019456818,0.0056723269503903915
3.825,2.4490072160218146,757.6412414061443,0.20135672656227632,0.00619560913956541,143.03180795803263,6.551814201506096,0.005667937690085184
3.83,2.4476580347906847,757.6401145247356,0.20138587841225697,0.006174829317673762,143.05245382141808,6.540023653220381,0.005663541264895966
3.835,2.446310912795256,757.638992261478,0.20141496162799033,0.006154098529291269,143.073051665644,6.528248408436798,0.00565913771738884
3.84,2.444965903316012,757.6378746604902,0.20144397619088758,0.006133416786569373,143.09360148771148,6.516488501008551,0.005654727090072841
3.845,2.443623059548676,757.6367617657086,0.20147292208230919,0.006112784101700296,143.11410328452308,6.504743964800791,0.005650309425400098
3.85,2.442282434602136,757.6356536208862,0.2015017992835791,0.006092200486907019,143.13455705289135,6.493014833686502,0.005645884765766006
3.855,2.440944081496367,757.6345502695901,0.20153060777599868,0.006071665954433277,143.1549627895494,6.481301141542378,0.005641453153509373
3.86,2.4396080531603457,757.6334517552006,0.20155934754086063,0.006051180516533617,143.17532049115994,6.469602922244729,0.005637014630912577
3.865,2.4382744024299856,757.6323581209085,0.20158801855946298,0.00603074418546348,143.19563015432578,6.4579202096653825,0.005632569240201699
3.87,2.436943182046084,757.6312694097143,0.20161662081312284,0.006010356973469347,143.21589177559824,6.446253037667606,0.005628117023546671
3.875,2.4356144446522356,757.6301856644257,0.2016451542831902,0.005990018892778886,143.23610535148762,6.434601440102023,0.005623658023061393
3.88,2.4342882427927766,757.6291069276564,0.20167361895106165,0.005969729955591169,143.2562708784723,6.4229654508025575,0.005619192280803861
3.8850000000000002,2.432964628910732,757.6280332418241,0.20170201479819413,0.00594949017406693,143.27638835300831,6.411345103582373,0.005614719838776283
3.89,2.431643655345759,757.6269646491492,0.2017303418061184,0.005929299560318859,143.2964577715387,6.399740432229838,0.005610240738925184
3.895,2.4303253743321007,757.6259011916521,0.2017585999564527,0.005909158126401937,143.316479130503,6.388151470504487,0.00560575502314151
3.9,2.4290098379965346,757.6248429111531,0.20178678923091617,0.0058890658843038304,143.3364524263465,6.3765782521330046,0.005601262733260726
3.9050000000000002,2.427697098356338,757.6237898492692,0.20181490961134224,0.005869022845935308,143.35637765552983,6.365020810805214,0.0055967639110629
3.91,2.426387207317242,757.6227420474132,0.20184296107969205,0.005849029023120727,143.37625481453753,6.353479180170087,0.00559225859827279
3.915,2.4250802166713976,757.6216995467922,0.20187094361806776,0.0058290844275885505,143.39608389988817,6.341953393831747,0.005587746836559916
3.92,2.4237761780953666,757.6206623884053,0.20189885720872566,0.005809189070961903,143.41586490814277,6.3304434853455085,0.005583228667538632
3.9250000000000003,2.4224751431480716,757.6196306130425,0.20192670183408945,0.0057893429647492035,143.4355978359146,6.318949488213914,0.005578704132768187
3.93,2.4211771632687853,757.618604261283,0.2019544774767633,0.005769546120334829,143.4552826798775,6.307471435882793,0.005574173273752788
3.935,2.4198822897751167,757.6175833734932,0.20198218411954474,0.005749798548969826,143.4749194367756,6.296009361737321,0.00556963613194164
3.94,2.4185905738609925,757.6165679898254,0.20200982174543788,0.0057301002617626716,143.4945081034319,6.284563299098111,0.005565092748728998
3.9450000000000003,2.4173020665946576,757.6155581502163,0.202037390337666,0.005710451269670091,143.5140486767575,6.273133281217305,0.005560543165454202
3.95,2.4160168189166744,757.614553894385,0.20206488987968452,0.0056908515834879405,143.53354115376027,6.261719341274689,0.00555598742340171
3.955,2.414734881637922,757.6135552618318,0.2020923203551937,0.005671301213842097,143.5529855315538,6.2503215123738105,0.00555142556380112
3.96,2.4134563054375984,757.6125622918365,0.20211968174815134,0.00565180017117946,143.57238180736618,6.23893982753813,0.005546857627827195
3.9650000000000003,2.4121811408612426,757.6115750234567,0.20214697404278523,0.005632348465758958,143.5917299785488,6.227574319707165,0.005542283656599872
3.97,2.410909438318751,757.6105934955261,0.20217419722360586,0.005612946107642639,143.611030042585,6.216225021732679,0.0055377036911842675
3.975,2.409641248082397,757.6096177466537,0.20220135127541866,0.005593593106686799,143.63028199709856,6.204891966374852,0.005533117772590684
3.98,2.4083766202848627,757.6086478152214,0.2022284361833365,0.005574289472533182,143.64948583986268,6.193575186298498,0.005528525941774601
3.985,2.40711560491727,757.6076837393827,0.20225545193279182,0.005555035214600226,143.66864156880823,6.182274714069279,0.005523928239636667
3.99,2.4058582518272225,757.6067255570614,0.20228239850954902,0.0055358303420743596,143.68774918203218,6.1709905821499484,0.005519324707022679
3.995,2.4046046107168464,757.60577330595,0.20230927589971634,0.005516674863901381,143.70680867780638,6.159722822896606,0.0055147153847235645
4.0,2.4033547311408427,757.6048270235082,0.20233608408975806,0.005497568788777865,143.72582005458554,6.148471468554971,0.005510100313475349
4.005,2.402108662504546,757.6038867469609,0.20236282306650644,0.00547851212514265,143.7447833110157,6.137236551256671,0.005505479533959127
4.01,2.4008664540619793,757.602952513298,0.20238949281717347,0.005459504881168388,143.76369844594262,6.126018103015561,0.005500853086801013
4.015,2.3996281549139242,757.6020243592711,0.20241609332936275,0.00544054706475314,143.78256545841998,6.114816155724041,0.00549622101257211
4.0200000000000005,2.3983938140060017,757.6011023213938,0.20244262459108117,0.005421638683512021,143.80138434771732,6.103630741149412,0.005491583351788442
4.025,2.397163480126743,757.600186435939,0.20246908659075047,0.005402779744768961,143.82015511332807,6.092461890930244,0.005486940144910912
4.03,2.3959372019056735,757.5992767389382,0.2024954793172188,0.005383970255548469,143.83887775497794,6.0813096365727555,0.00548229143234523
4.035,2.3947150278114124,757.5983732661795,0.20252180275977213,0.005365210222567493,143.8575522726331,6.070174009447224,0.00547763725444185
4.04,2.393497006149757,757.5974760532066,0.20254805690814562,0.005346499652227335,143.876178666507,6.059055040784418,0.005472977651495893
4.045,2.3922831850618,757.5965851353171,0.20257424175253477,0.0053278385506056345,143.89475693706953,6.047952761672037,0.005468312663747074
4.05,2.3910736125220353,757.5957005475615,0.20260035728360673,0.0053092269234484065,143.9132870850538,6.036867203051184,0.005463642331379612
4.055,2.389868336336473,757.594822324741,0.20262640349251126,0.005290664776162163,143.93176911146455,6.025798395712856,0.005458966694522143
4.0600000000000005,2.3886674041407634,757.5939505014072,0.2026523803708917,0.005272152113806083,143.95020301758538,6.014746370294453,0.005454285793247628
4.065,2.38747086339833,757.5930851118599,0.2026782879108959,0.0052536889410842785,143.96858880498667,6.003711157276315,0.00544959966757325
4.07,2.386278761398496,757.5922261901457,0.20270412610518695,0.005235275262338087,143.98692647553264,5.992692786978272,0.005444908357460309
4.075,2.385091145254632,757.5913737700573,0.2027298949469539,0.005216911081538467,144.0052160313898,5.981691289556227,0.005440211902814113
4.08,2.38390806190232,757.5905278851317,0.20275559442992228,0.0051985964022784525,144.0234574750329,5.9707066949987535,0.005435510343483865
4.085,2.3827295580974943,757.5896885686489,0.2027812245483647,0.0051803312277656725,144.04165080925372,5.95973903312372,0.005430803719262536
4.09,2.3815556804146034,757.5888558536304,0.20280678529711116,0.00516211556081494,144.0597960371673,5.948788333574938,0.0054260920698867504
4.095,2.3803864752447903,757.5880297728386,0.20283227667155937,0.005143949403840923,144.07789316221962,5.93785462581883,0.005421375435036644
4.1,2.3792219887940664,757.5872103587743,0.2028576986676849,0.005125832758850886,144.09594218819453,5.92693793914113,0.005416653854335739
4.105,2.3780622670814964,757.5863976436767,0.2028830512820513,0.00510776562743749,144.11394311922132,5.916038302643591,0.005411927367350796
4.11,2.3769073559373926,757.5855916595212,0.2029083345118201,0.005089748010771689,144.13189595978085,5.90515574524075,0.00540719601359168
4.115,2.3757573010015114,757.5847924380186,0.20293354835476063,0.005071779909595669,144.14980071471342,5.8942902956566705,0.005402459832511201
4.12,2.374612147721263,757.5840000106134,0.20295869280925988,0.005053861324215889,144.1676573892247,5.883441982421755,0.005397718863504961
4.125,2.373471941349927,757.5832144084831,0.2029837678743321,0.00503599225449619,144.1854659888934,5.872610833869555,0.005392973145911204
4.13,2.3723367269448676,757.5824356625363,0.20300877354962837,0.005018172699850964,144.20322651967732,5.861796878133621,0.005388222719010642
4.135,2.371206549365773,757.5816638034125,0.20303370983544616,0.00500040265923842,144.22093898792022,5.851000143144371,0.005383467622026295
4.14,2.370081453272882,757.5808988614796,0.20305857673273855,0.004982682131153923,144.2386034003585,5.840220656625989,0.005378707894123317
4.1450000000000005,2.3689614831252412,757.5801408668335,0.20308337424312353,0.004965011113623395,144.2562197641276,5.829458446093345,0.005373943574408817
4.15,2.3678466831789486,757.579389849297,0.20310810236889315,0.004947389604196814,144.27378808676832,5.818713538848959,0.005369174701931682
4.155,2.3667370974854203,757.5786458384177,0.2031327611130225,0.004929817599941769,144.29130837623345,5.807985961979959,0.005364401315682389
4.16,2.365632769889654,757.5779088634681,0.2031573504791787,0.004912295097437111,144.3087806408936,5.797275742355104,0.005359623454592815
4.165,2.3645337440285084,757.5771789534435,0.20318187047172964,0.004894822092766677,144.32620488954387,5.786582906621805,0.0053548411575360475
4.17,2.3634400633289916,757.5764561370612,0.20320632109575265,0.004877398581513108,144.34358113140956,5.775907481203199,0.005350054463326183
4.175,2.3623517710065514,757.5757404427592,0.20323070235704313,0.00486002455875172,144.36090937615268,5.765249492295228,0.005345263410718126
4.18,2.361268910063372,757.5750318986952,0.20325501426212303,0.004842700019044471,144.37818963387733,5.7546089658637625,0.0053404680384073824
4.1850000000000005,2.360191523286695,757.5743305327455,0.20327925681824913,0.004825424956434009,144.39542191513604,5.7439859276417415,0.0053356683850298535
4.19,2.359119653247121,757.5736363725038,0.20330343003342133,0.004808199364437824,144.41260623093527,5.733380403126367,0.005330864489161619
4.195,2.3580533422969516,757.5729494452801,0.20332753391639075,0.00479102323604243,144.4297425927417,5.722792417576288,0.005326056389318718
4.2,2.3569926325685193,757.5722697780997,0.20335156847666777,0.0047738965636976655,144.44683101248702,5.712221996008846,0.005321244123956932
4.205,2.3559375659725275,757.571597397702,0.20337553372452982,0.004756819339311086,144.46387150257422,5.70166916319734,0.005316427731471555
4.21,2.354888184196411,757.5709323305397,0.2033994296710293,0.004739791554242412,144.4808640758826,5.691133943668322,0.005311607250197169
4.215,2.353844528702688,757.5702746027773,0.20342325632800107,0.004722813199298083,144.49780874577388,5.6806163616989185,0.005306782718407409
4.22,2.352806640727336,757.5696242402905,0.20344701370807008,0.004705884264725888,144.51470552609646,5.670116441314192,0.005301954174314729
4.225,2.351774561278167,757.568981268665,0.2034707018246588,0.004689004740209679,144.53155443119167,5.659634206284523,0.005297121656070157
4.23,2.350748331133217,757.5683457131954,0.2034943206919944,0.004672174614864163,144.5483554758983,5.649169680123033,0.005292285201763059
4.235,2.3497279908391393,757.5677175988842,0.2035178703251161,0.004655393877229813,144.565108675558,5.638722886083034,0.0052874448494208935
4.24,2.3487135807096187,757.567096950441,0.203541350739882,0.004638662515267812,144.58181404602018,5.628293847155501,0.005282600637008949
4.245,2.347705140823775,757.5664837922815,0.20356476195297624,0.00462198051635513,144.598471603647,5.617882586066592,0.0052777526024301085
4.25,2.3467027110245953,757.5658781485262,0.20358810398191565,0.0046053478672796674,144.61508136531796,5.607489125275196,0.005272900783524578
4.255,2.3457063309173685,757.5652800429997,0.20361137684505648,0.004588764554235486,144.6316433484351,5.597113486970501,0.005268045218069639
4.26,2.3447160398681124,757.5646894992298,0.20363458056160097,0.004572230562818138,144.64815757092705,5.586755693069609,0.005263185943779375
4.265,2.3437318770020408,757.5641065404465,0.2036577151516038,0.004555745878020066,144.6646240512543,5.576415765215179,0.005258322998304418
4.2700000000000005,2.342753881202025,757.5635311895811,0.20368078063597841,0.004539310484226102,144.68104280841305,5.566093724773096,0.005253456419231667
4.275,2.341782091107056,757.5629634692651,0.20370377703650314,0.004522924365209063,144.69741386194028,5.555789592830188,0.00524858624408403
4.28,2.3408165451107306,757.5624034018296,0.20372670437582732,0.004506587504125417,144.71373723191732,5.5455033901919615,0.005243712510320137
4.285,2.3398572813597416,757.5618510093042,0.20374956267747724,0.0044902998835110505,144.73001293897482,5.535235137380372,0.005238835255334071
4.29,2.3389043377523686,757.5613063134161,0.20377235196586196,0.004474061485277123,144.74624100429634,5.524984854631642,0.005233954516455084
4.295,2.337957751936994,757.5607693355896,0.20379507226627896,0.004457872290706014,144.76242144962282,5.514752561894098,0.005229070330947319
4.3,2.3370175613106308,757.5602400969449,0.20381772360491976,0.004441732280447345,144.77855429725625,5.504538278826047,0.005224182736009516
4.305,2.3360838030174396,757.559718618297,0.20384030600887526,0.004425641434514115,144.79463957006382,5.494342024793685,0.005219291768774736
4.3100000000000005,2.3351565139472643,757.5592049201557,0.20386281950614116,0.004409599732278913,144.81067729148148,5.484163818869045,0.00521439746631006
4.315,2.3342357307341906,757.558699022724,0.20388526412562308,0.004393607152470232,144.82666748551802,5.474003679827979,0.005209499865616304
4.32,2.3333214897551025,757.5582009458979,0.20390763989714164,0.0043776636731688405,144.8426101767582,5.463861626148165,0.005204599003627718
4.325,2.3324138271282497,757.5577107092648,0.20392994685143734,0.004361769271804291,144.85850539036667,5.453737676007158,0.005199694917211691
4.33,2.331512778711826,757.5572283321038,0.2039521850201754,0.004345923925151496,144.87435315209135,5.4436318472804786,0.005194787643168454
4.335,2.330618380102564,757.556753833384,0.2039743544359504,0.004330127609327395,144.89015348826672,5.433544157539727,0.005189877218230771
4.34,2.329730666634321,757.5562872317644,0.2039964551322909,0.004314380299787717,144.9059064258171,5.423474624050741,0.005184963679063643
4.345,2.3288496733767023,757.5558285455925,0.2040184871436637,0.0042986819713238325,144.9216119922601,5.413423263771783,0.005180047062263995
4.3500000000000005,2.3279754351336788,757.5553777929043,0.20404045050547825,0.004283032598059696,144.93727021570922,5.403390093351764,0.005175127404360374
4.355,2.3271079864422153,757.5549349914231,0.20406234525409078,0.0042674321534489,144.95288112487717,5.393375129128513,0.005170204741812632
4.36,2.326247361570912,757.5545001585591,0.2040841714268083,0.004251880610271783,144.9684447490789,5.383378387127067,0.00516527911101162
4.365,2.3253935945186552,757.5540733114082,0.20410592906189245,0.004236377940632665,144.9839611182343,5.373399883058004,0.0051603505482788695
4.37,2.3245467190132807,757.5536544667519,0.20412761819856337,0.004220924115957161,144.99943026287073,5.363439632315816,0.00515541908986628
4.375,2.323706768510249,757.5532436410565,0.20414923887700323,0.004205519106989583,145.01485221412605,5.353497649977312,0.005150484771955801
4.38,2.322873776191322,757.5528408504721,0.20417079113835981,0.004190162883790445,145.03022700375098,5.343573950800061,0.0051455476306591095
4.385,2.322047774963259,757.5524461108323,0.20419227502474982,0.004174855415734056,145.04555466411162,5.333668549220871,0.005140607702017297
4.39,2.321228797456534,757.5520594376536,0.2042136905792622,0.004159596671506191,145.0608352281918,5.3237814593543,0.005135665022000536
4.3950000000000005,2.320416876024043,757.5516808461346,0.20423503784596114,0.0041443866191018825,145.07606872959542,5.3139126949912106,0.005130719626507769
4.4,2.3196120427398155,757.5513103511553,0.20425631686988918,0.004129225225823293,145.09125520254858,5.304062269597363,0.005125771551366373
4.405,2.318814329397778,757.5509479672769,0.20427752769706997,0.004114112458277657,145.10639468190175,5.294230196312027,0.0051208208323318405
4.41,2.318023767510485,757.550593708741,0.20429867037451108,0.00409904828237536,145.1214872031319,5.284416487946654,0.005115867505087445
4.415,2.3172403883078907,757.5502475894688,0.20431974495020647,0.00408403266332807,145.13653280234416,5.274621156983576,0.0051109116052439185
4.42,2.316464222736109,757.549909623061,0.2043407514731391,0.004069065565646982,145.15153151627405,5.264844215574735,0.005105953168339117
4.425,2.315695301456207,757.549579822797,0.20436168999328308,0.004054146953141151,145.1664833822887,5.25508567554046,0.005100992229837692
4.43,2.3149336548429864,757.5492582016344,0.20438256056160614,0.004039276788915914,145.18138843838918,5.245345548368279,0.005096028825130756
4.4350000000000005,2.3141793129837946,757.5489447722085,0.20440336323007147,0.004024455035371407,145.19624672321154,5.23562384521176,0.005091062989535551
4.44,2.313432305677346,757.5486395468317,0.2044240980516397,0.004009681654201184,145.21105827602855,5.2259205768894015,0.005086094758295115
4.445,2.312692662432538,757.5483425374933,0.20444476508027076,0.0039949566063908985,145.22582313675105,5.216235753883553,0.005081124166577944
4.45,2.311960412467296,757.5480537558589,0.2044653643709257,0.003980279852217118,145.24054134592916,5.206569386339369,0.005076151249477658
4.455,2.311235584707422,757.5477732132695,0.2044858959795679,0.003965651351246195,145.25521294475368,5.196921484063812,0.005071176042012666
4.46,2.310518207785455,757.5475009207416,0.20450635996316488,0.003951071062333245,145.26983797505707,5.18729205652468,0.0050661985791258255
4.465,2.309808310039546,757.5472368889671,0.20452675637968937,0.0039365389436212175,145.2844164793146,5.177681112849687,0.005061218895684108
4.47,2.3091059195123425,757.5469811283115,0.2045470852881205,0.003922054952540054,145.29894850064525,5.168088661825559,0.005056237026478258
4.4750000000000005,2.3084110639498863,757.546733648815,0.20456734674844493,0.003907619045805932,145.31343408281242,5.158514711897187,0.005051253006222454
4.48,2.307723770800513,757.5464944601912,0.2045875408216577,0.00389323117942063,145.32787327022504,5.148959271166816,0.005046266869553976
4.485,2.3070440672137766,757.5462635718271,0.20460766756976304,0.0038788913086709315,145.34226610793806,5.139422347393253,0.005041278651032854
4.49,2.306371980039391,757.5460409927825,0.204627727055775,0.0038645993881281536,145.356612641653,5.129903947991134,0.0050362883851415375
4.495,2.3057075358261616,757.5458267317898,0.2046477193437181,0.0038503553716477644,145.3709129177184,5.120404080030212,0.00503129610628455
4.5,2.3050507608209374,757.5456207972537,0.20466764449862745,0.0038361592123690915,145.3851669831306,5.110922750234702,0.005026301848788152
4.505,2.3044016809675827,757.5454231972506,0.2046875025865495,0.003822010862715106,145.39937488553377,5.1014599649826415,0.005021305646899999
4.51,2.3037603219059646,757.5452339395283,0.20470729367454166,0.0038079102743923004,145.41353667322022,5.092015730305296,0.005016307534788802
4.515,2.3031267089709306,757.5450530315064,0.2047270178306728,0.003793857398390665,145.42765239513045,5.082590051886611,0.005011307546543982
4.5200000000000005,2.3025008671913154,757.544880480275,0.2047466751240228,0.003779852184983747,145.44172210085344,5.0731829350626905,0.005006305716175337
4.525,2.3018828212889515,757.5447162925949,0.20476626562468261,0.0037658945837288037,145.45574584062663,5.063794384821319,0.005001302077612695
4.53,2.3012725956777147,757.5445604748974,0.2047857894037537,0.0037519845434670217,145.4697236653356,5.054424405801513,0.004996296664705579
4.535,2.300670214462547,757.544413033284,0.20480524653334767,0.003738122012323858,145.483655626514,5.045073002293113,0.004991289511222859
4.54,2.300075701438497,757.544273973526,0.20482463708658566,0.0037243069377094385,145.49754177634347,5.035740178236423,0.0049862806508524215
4.545,2.299489080089802,757.5441433010643,0.20484396113759773,0.0037105392663190654,145.51138216765293,5.026425937221869,0.004981270117200825
4.55,2.2989103735889636,757.5440210210096,0.20486321876152183,0.003696818944133797,145.52517685391845,5.017130282489705,0.004976257943792959
4.555,2.298339604795833,757.5439071381415,0.20488241003450303,0.003683145916421116,145.5389258892625,5.007853216929759,0.00497124416407171
4.5600000000000005,2.2977767962566946,757.543801656909,0.20490153503369232,0.003669520127735696,145.55262932845355,4.998594743081202,0.004966228811397618
4.565,2.2972219702033967,757.5437045814294,0.2049205938372455,0.003655941521920244,145.56628722690527,4.98935486313237,0.004961211919048546
4.57,2.296675148552478,757.5436159154896,0.20493958652432182,0.0036424100421064043,145.57989964067573,4.980133578920609,0.004956193520219333
4.575,2.296136352904297,757.5435356625442,0.20495851317508257,0.003628925630715796,145.59346662646655,4.970930891932165,0.0049511736480214695
4.58,2.2956056045421764,757.5434638257169,0.20497737387068946,0.0036154882294610986,145.60698824162205,4.961746803302106,0.004946152335482749
4.585,2.295082924431578,757.5434004077994,0.2049961686933031,0.003602097779347232,145.62046454412805,4.952581313814284,0.004941129615546945
4.59,2.2945683332192686,757.5433454112517,0.20501489772608103,0.0035887542206726212,145.63389559261108,4.9434344239013255,0.004936105521073468
4.595,2.29406185123251,757.543298838202,0.20503356105317597,0.0035754574930305398,145.6472814463368,4.934306133644669,0.004931080084837038
4.6000000000000005,2.293563498478263,757.5432606904462,0.20505215875973368,0.003562207535310532,145.66062216520908,4.9251964427746255,0.004926053339527346
4.605,2.293073294642392,757.5432309694487,0.20507069093189098,0.0035490042856999335,145.67391780976848,4.916105350670491,0.004921025317748734
4.61,2.292591259088896,757.5432096763412,0.2050891576567733,0.003535847681685448,145.68716844119083,4.907032856360675,0.004915996052019852
4.615,2.2921174108591433,757.5431968119237,0.20510755902249253,0.003522737660054825,145.7003741212858,4.897978958522881,0.0049109655747733355
4.62,2.291651768671123,757.5431923766638,0.20512589511814436,0.003509674156898608,145.7135349124953,4.88894365548431,0.004905933918355476
4.625,2.291194350918709,757.543196370697,0.20514416603380586,0.003496657107611964,145.72665087789173,4.879926945221911,0.004900901115025898
4.63,2.2907451756709345,757.5432087938266,0.20516237186053268,0.0034836864468965915,145.73972208117635,4.870928825362657,0.004895867196957226
4.635,2.2903042606712765,757.5432296455236,0.20518051269035625,0.0034707621087627103,145.75274858667746,4.861949293183858,0.0048908321962347675
4.64,2.2898716233369742,757.5432589249269,0.20519858861628096,0.0034578840265311202,145.76573045934856,4.852988345613509,0.0048857961448561865
4.6450000000000005,2.289447280758329,757.5432966308433,0.20521659973228099,0.003445052132835342,145.77866776476608,4.844045979230677,0.0048807590747311815
4.65,2.289031249698024,757.5433427617475,0.2052345461332973,0.0034322663596238496,145.79156056912782,4.835122190265917,0.00487572101768117
4.655,2.2886235465904816,757.5433973157819,0.20525242791523438,0.003419526638162341,145.80440893925058,4.826216974601717,0.004870682005438965
4.66,2.2882241875412106,757.5434602907575,0.2052702451749568,0.003406832899036122,145.81721294256786,4.817330327772988,0.00486564206964846
4.665,2.2878331883261662,757.5435316841529,0.2052879980102859,0.0033941850721525436,145.82997264712768,4.808462244967585,0.004860601241864313
4.67,2.2874505643911442,757.5436114931151,0.20530568651999623,0.0033815830867435217,145.84268812159038,4.799612721026854,0.0048555595535516366
4.675,2.2870763308511584,757.5436997144595,0.20532331080381175,0.0033690268713681246,145.8553594352263,4.790781750446221,0.00485051703608568
4.68,2.286710502489849,757.54379634467,0.20534087096240222,0.003356516353915236,145.8679866579129,4.7819693273758075,0.004845473720751525
4.6850000000000005,2.286353093758907,757.5439013798989,0.20535836709737934,0.003344051461606286,145.88056986013248,4.773175445621085,0.00484042963874377
4.69,2.286004118777493,757.5440148159673,0.20537579931129266,0.0033316321209980707,145.89310911296963,4.764400098643558,0.004835384821166235
4.695,2.2856635913316943,757.5441366483656,0.20539316770762567,0.003319258257985611,145.90560448810834,4.755643279561477,0.004830339299031644
4.7,2.285331524873979,757.5442668722526,0.20541047239079163,0.0033069297978051003,145.91805605782943,4.74690498115059,0.004825293103261332
4.705,2.2850079325226647,757.544405482457,0.20542771346612923,0.003294646665036925,145.93046389500742,4.738185195844922,0.00482024626468494
4.71,2.2846928270614026,757.5445524734768,0.20544489103989827,0.0032824087836087474,145.9428280731083,4.729483915737587,0.004815198814040116
4.715,2.284386220938672,757.5447078394794,0.20546200521927527,0.003270216076798652,145.9551486661858,4.720801132581635,0.0048101507819722205
4.72,2.2840881262673003,757.5448715743028,0.20547905611234896,0.003258068467238363,145.9674257488789,4.712136837790919,0.004805102199034032
4.7250000000000005,2.283798554823975,757.5450436714544,0.2054960438281155,0.0032459658769165268,145.97965939640838,4.703491022441005,0.00480005309568545
4.73,2.2835175180487863,757.5452241241126,0.20551296847647393,0.003233908227182064,145.991849684574,4.694863677270115,0.004795003502293216
4.735,2.283245027044775,757.5454129251262,0.20552983016822127,0.0032218954387475737,146.00399668975103,4.686254792680081,0.00478995344913061
4.74,2.2829810925774963,757.5456100670152,0.20554662901504764,0.0032099274316928147,146.01610048888713,4.677664358737348,0.004784902966377178
4.745,2.282725725074597,757.5458155419708,0.20556336512953124,0.0031980041254682464,146.02816115949892,4.669092365174007,0.0047798520841184425
4.75,2.2824789346254053,757.5460293418557,0.20558003862513333,0.0031861254388986238,146.0401787796687,4.66053880138884,0.004774800832345624
4.755,2.282240730980535,757.5462514582047,0.205596649616193,0.0031742912901866647,146.05215342804064,4.652003656448414,0.004769749240955361
4.76,2.2820111235514964,757.5464818822245,0.20561319821792207,0.0031625015969167724,146.06408518381798,4.643486919088197,0.004764697339749434
4.765,2.2817901214103316,757.5467206047948,0.20562968454639952,0.0031507562760588123,146.07597412675847,4.634988577713695,0.0047596451584344945
4.7700000000000005,2.2815777332892617,757.546967616468,0.20564610871856626,0.003139055243971961,146.0878203371718,4.626508620401631,0.004754592726621789
4.775,2.2813739675803375,757.5472229074699,0.20566247085221956,0.003127398416408608,146.09962389591496,4.618047034901142,0.004749540073826898
4.78,2.2811788323351045,757.5474864677,0.20567877106600757,0.003115785708518293,146.11138488438925,4.60960380863501,0.004744487229469462
4.785,2.2809923352642913,757.5477582867319,0.20569500947942349,0.0031042170348517368,146.1231033845355,4.601178928700919,0.004739434222872924
4.79,2.28081448373752,757.5480383538136,0.20571118621279996,0.0030926923093649067,146.13477947883158,4.592772381872732,0.004734381083264267
4.795,2.2806452847829948,757.5483266578682,0.20572730138730325,0.003081211445423135,146.14641325028722,4.58438415460181,0.004729327839773756
4.8,2.2804847450872416,757.5486231874942,0.20574335512492736,0.003069774355805298,146.1580047824409,4.5760142330183475,0.004724274521434683
4.805,2.280332870994835,757.5489279309656,0.20575934754848796,0.0030583809527080477,146.1695541593552,4.567662602932737,0.0047192211571831155
4.8100000000000005,2.280189668508155,757.5492408762333,0.20577527878161653,0.0030470311477500834,146.18106146561325,4.559329249836954,0.004714167775857646
4.815,2.2800551432871505,757.5495620109243,0.2057911489487541,0.0030357248519764985,146.19252678631398,4.551014158905982,0.004709114406199148
4.82,2.2799293006491124,757.5498913223432,0.20580695817514522,0.003024461975863158,146.2039502070688,4.542717314999245,0.0047040610768505275
4.825,2.279812145568473,757.5502287974724,0.2058227065868315,0.00301324242932113,146.21533181399676,4.534438702662079,0.004699007816356487
4.83,2.2797036826766046,757.5505744229723,0.20583839431064554,0.0030020661217011646,146.22667169372053,4.5261783061272265,0.004693954653163283
4.835,2.2796039162616366,757.5509281851823,0.2058540214742044,0.0029909329617982265,146.23796993336157,4.517936109316349,0.004688901615618497
4.84,2.2795128502683,757.5512900701211,0.20586958820590315,0.002979842857856071,146.24922662053677,4.5097120958415635,0.004683848731970799
4.845,2.2794304882977627,757.5516600634872,0.2058850946349084,0.0029687957175718632,146.26044184335314,4.501506249007016,0.004678796030369719
4.8500000000000005,2.27935683360748,757.5520381506597,0.20590054089115178,0.002957791448100845,146.27161569040385,4.493318551810463,0.004673743538865423
4.855,2.279291889111084,757.5524243166983,0.20591592710532314,0.002946829956061049,146.2827482507634,4.48514898694489,0.00466869128540849
4.86,2.2792356573782584,757.552818546345,0.205931253408864,0.0029359111475380497,146.2938396139835,4.476997536800134,0.004663639297849693
4.865,2.279188140634642,757.5532208240232,0.20594651993396074,0.00292503492808976,146.30488987008775,4.46886418346455,0.004658587603939778
4.87,2.2791493407617476,757.5536311338399,0.20596172681353775,0.002914201202751266,146.31589910956816,4.460748908726686,0.004653536231329259
4.875,2.279119259296879,757.5540494595849,0.20597687418125057,0.002903409876039707,146.32686742337935,4.452651694076985,0.0046484852075682
4.88,2.279097897433077,757.5544757847325,0.20599196217147908,0.0028926608519592,146.33779490293466,4.4445725207095075,0.004643434560106015
4.885,2.2790852560190653,757.5549100924417,0.20600699091932032,0.002881954034005788,146.34868164010092,4.436511369523675,0.004638384316291256
4.89,2.279081335559238,757.5553523655565,0.20602196056058153,0.002871289325172433,146.359527727194,4.428468221126033,0.004633334503371424
4.8950000000000005,2.2790861362136217,757.5558025866075,0.20603687123177317,0.002860666627954049,146.3703332569735,4.420443055832037,0.00462828514849276
4.9,2.279099657797872,757.5562607378117,0.20605172307010153,0.002850085844352578,146.38109832263873,4.412435853667862,0.004623236278700065
4.905,2.279121899783289,757.5567268010739,0.2060665162134619,0.002839546875882076,146.39182301782287,4.404446594372219,0.004618187920936495
4.91,2.2791528612968337,757.5572007579866,0.2060812508004309,0.0028290496235738615,146.4025074365891,4.3964752573982055,0.004613140102043385
4.915,2.2791925411211658,757.5576825898316,0.20609592697025966,0.0028185939879816807,146.41315167342447,4.388521821915167,0.004608092848760061
4.92,2.279240937694696,757.5581722775803,0.20611054486286606,0.0028081798691869026,146.423755823236,4.380586266810578,0.004603046187723662
4.925,2.279298049111645,757.5586698018943,0.20612510461882766,0.002797807166803762,146.43431998134494,4.372668570691949,0.0045980001454689595
4.93,2.2793638731221137,757.5591751431265,0.20613960637937412,0.002787475779984617,146.44484424348224,4.3647687118887335,0.00459295474842819
4.9350000000000005,2.2794384071321803,757.5596882813217,0.20615405028637984,0.002777185607425241,146.45532870578288,4.356886668454274,0.00458791002293088
4.94,2.2795216482040095,757.5602091962172,0.2061684364823564,0.002766936547370152,146.46577346478145,4.349022418167759,0.004582865995203685
4.945,2.279613593055962,757.5607378672443,0.206182765110445,0.00275672849761795,146.4761786174066,4.341175938536176,0.004577822691370222
4.95,2.279714238062716,757.5612742735279,0.20619703631440897,0.0027465613555266995,146.48654426097596,4.333347206796317,0.004572780137450913
4.955,2.2798235792554236,757.5618183938889,0.2062112502386261,0.002736435018019331,146.49687049319098,4.325536199916774,0.004567738359362827
4.96,2.2799416123218683,757.5623702068435,0.20622540702808104,0.0027263493815890645,146.50715741213176,4.317742894599958,0.004562697382919533
4.965,2.2800683326066338,757.562929690605,0.20623950682835754,0.0027163043423048604,146.51740511625175,4.309967267284134,0.004557657233830946
4.97,2.2802037351112823,757.5634968230843,0.20625354978563076,0.002706299795816898,146.52761370437264,4.302209294145472,0.004552617937703184
4.9750000000000005,2.280347814494559,757.5640715818909,0.20626753604665965,0.0026963356373620674,146.53778327567903,4.294468951100109,0.004547579520038429
4.98,2.280500565072607,757.5646539443336,0.20628146575877898,0.0026864117617694866,146.54791392971302,4.286746213806237,0.004542542006234789
4.985,2.28066198081919,757.5652438874217,0.20629533906989167,0.002676528063466035,146.55800576636895,4.279041057666181,0.0045375054215861564
4.99,2.2808320553659214,757.5658413878658,0.2063091561284609,0.0026666844364819212,146.56805888588815,4.271353457828518,0.004532469791282091
4.995,2.2810107820025225,757.5664464220783,0.2063229170835023,0.0026568807744562517,146.57807338885362,4.2636833891901915,0.004527435140407681
5.0,2.281198153677103,757.567058966175,0.20633662208457607,0.0026471169706426207,146.5880493761846,4.256030826398646,0.004522401493943427
5.005,2.2813941629964254,757.5676789959755,0.20635027128177896,0.002637392917914725,146.5979869491309,4.248395743853973,0.00451736887676512
5.01,2.2815988022261866,757.5683064870045,0.2063638648257365,0.0026277085087719927,146.6078862092682,4.240778115711064,0.004512337313643727
5.015,2.2818120632913415,757.5689414144927,0.20637740286759493,0.002618063635345219,146.61774725849182,4.233177915881789,0.004507306829245279
5.0200000000000005,2.282033937776425,757.5695837533774,0.20639088555901333,0.0026084581894022215,146.62757019901207,4.225595118037167,0.00450227744813076
5.025,2.2822644169258743,757.5702334783042,0.20640431305215556,0.0025988920623535145,146.6373551333481,4.218029695609572,0.004497249194756007
5.03,2.282503491644377,757.5708905636272,0.20641768549968226,0.002589365145257984,146.64710216432303,4.210481621794919,0.004492222093471607
5.035,2.282751152497235,757.5715549834108,0.20643100305474288,0.002579877328828583,146.6568113950581,4.202950869554892,0.004487196168522797
5.04,2.2830073897107317,757.57222671143,0.2064442658709676,0.002570428503438029,146.66648292896735,4.195437411619154,0.004482171444049375
5.045,2.2832721931725284,757.5729057211718,0.20645747410245927,0.0025610185591245257,146.67611686975206,4.187941220487596,0.004477147944085608
5.05,2.283545552432048,757.5735919858363,0.2064706279037854,0.0025516473855974778,146.6857133213954,4.180462268432562,0.004472125692560149
5.055,2.283827456700901,757.5742854783376,0.20648372742997,0.0025423148722432225,146.6952723881568,4.173000527501114,0.004467104713295951
5.0600000000000005,2.284117894853316,757.5749861713051,0.20649677283648563,0.0025330209081307693,146.70479417456653,4.165555969517285,0.004462085030010189
5.065,2.284416855426573,757.5756940370841,0.20650976427924514,0.002523765382017547,146.7142787854201,4.15812856608435,0.0044570666663141904
5.07,2.284724326621446,757.5764090477373,0.20652270191459368,0.0025145481823551368,146.72372632577293,4.150718288587098,0.004452049645713357
5.075,2.285040296302684,757.5771311750459,0.2065355858993006,0.002505369197295042,146.7331369009343,4.143325108194123,0.004447033991607104
5.08,2.28536475199949,757.5778603905105,0.20654841639055124,0.0024962283146944373,146.74251061646277,4.135948995860104,0.004442019727288793
5.085,2.28569768090601,757.5785966653523,0.20656119354593894,0.002487125422121932,146.75184757815944,4.128589922328111,0.004437006875945673
5.09,2.2860390698818365,757.5793399705143,0.2065739175234568,0.002478060406863336,146.7611478920637,4.1212478581319045,0.0044319954606588255
5.095,2.286388905452535,757.5800902766624,0.2065865884814896,0.0024690331559274175,146.77041166444656,4.113922773598251,0.0044269855044031135
5.1000000000000005,2.286747173810166,757.5808475541864,0.2065992065788058,0.002460043556051671,146.77963900180603,4.106614638849231,0.004421977030047129
5.105,2.2871138608138417,757.5816117732016,0.2066117719745491,0.0024510914937080864,146.78883001086103,4.099323423804569,0.0044169700603531575
5.11,2.2874889519902784,757.5823829035496,0.20662428482823073,0.002442176855108906,146.79798479854603,4.092049098183953,0.0044119646179771235
5.115,2.287872432534366,757.5831609147995,0.20663674529972093,0.002433299526212388,146.80710347200517,4.084791631509365,0.004406960725468568
5.12,2.2882642873097674,757.5839457762489,0.20664915354924118,0.0024244593927285688,146.81618613858768,4.0775509931074225,0.004401958405270603
5.125,2.2886645008495026,757.5847374569261,0.2066615097373558,0.002415656340125017,146.82523290584135,4.070327152111716,0.004396957679719892
5.13,2.28907305735656,757.58553592559,0.20667381402496413,0.0024068902536325838,146.83424388150758,4.063120077465148,0.004391958571046619
5.135,2.2894899407045264,757.5863411507321,0.20668606657329208,0.002398161018251154,146.84321917351545,4.055929737922283,0.004386961101374467
5.14,2.2899151344382216,757.5871531005777,0.20669826754388437,0.0023894685187553846,146.85215888997692,4.048756102051699,0.004381965292720599
5.1450000000000005,2.2903486217743465,757.5879717430869,0.20671041709859628,0.002380812639700442,146.86106313918037,4.041599138238335,0.0043769711669956485
5.15,2.290790385602156,757.588797045956,0.2067225153995856,0.0023721932654277313,146.86993202958595,4.034458814685853,0.004371978746003703
5.155,2.2912404084841254,757.5896289766188,0.20673456260930456,0.002363610280070612,146.87876566981964,4.027335099418987,0.0043669880514423
5.16,2.2916986726566355,757.5904675022479,0.20674655889049184,0.002355063567560113,146.887564168668,4.020227960285905,0.004361999104902421
5.165,2.2921651600306836,757.5913125897557,0.20675850440616442,0.0023465530116306378,146.89632763507248,4.0131373649605715,0.004357011927868499
5.17,2.2926398521925964,757.5921642057963,0.2067703993196097,0.002338078495825648,146.90505617812425,4.006063280945103,0.004352026541718412
5.175,2.293122730404752,757.5930223167661,0.20678224379437735,0.002329639903503355,146.91374990705827,3.9990056755721346,0.0043470429677235
5.18,2.2936137756063317,757.5938868888056,0.20679403799427146,0.002321237117842388,146.92240893124864,3.9919645160071804,0.004342061227048573
5.1850000000000005,2.2941129684140606,757.5947578878008,0.20680578208334244,0.002312870021847448,146.93103336020232,3.9849397692509956,0.004337081340751924
5.19,2.294620289122976,757.5956352793839,0.20681747622587912,0.0023045384983549624,146.93962330355453,3.9779314021419423,0.004332103329785353
5.195,2.2951357177072103,757.5965190289356,0.20682912058640082,0.002296242430038706,146.94817887106254,3.9709393813583462,0.004327127214994186
5.2,2.2956592338207775,757.5974091015858,0.20684071532964945,0.0022879816994154293,146.95670017260105,3.963963673420861,0.004322153017117301
5.205,2.2961908167983784,757.5983054622147,0.20685226062058149,0.0022797561888504556,146.9651873181562,3.957004244694826,0.00431718075678716
5.21,2.2967304456562214,757.5992080754553,0.20686375662436032,0.002271565780563273,146.9736404178209,3.9500610613926286,0.004312210454529842
5.215,2.297278099092847,757.6001169056937,0.20687520350634814,0.002263410356633104,146.9820595817886,3.9431340895760565,0.004307242130765077
5.22,2.2978337554899637,757.6010319170709,0.2068866014320983,0.002255289799004465,146.9904449203491,3.936223295158656,0.004302275805806292
5.2250000000000005,2.2983973929133117,757.6019530734844,0.2068979505673475,0.0022472039894926993,146.9987965438821,3.9293286439080832,0.004297311499860649
5.23,2.2989689891135217,757.6028803385894,0.20690925107800787,0.002239152809789503,147.00711456285288,3.9224501014484576,0.004292349233029102
5.235,2.2995485215270017,757.6038136758002,0.20692050313015936,0.0022311361414684215,147.0153990878062,3.9155876332627035,0.0042873890253064375
5.24,2.3001359672768187,757.6047530482917,0.20693170689004187,0.002223153865990336,147.02365022936212,3.9087412046948975,0.004282430896581338
5.245,2.3007313031736016,757.6056984190011,0.20694286252404773,0.002215205864708927,147.03186809820946,3.9019107809526106,0.004277474866636435
5.25,2.30133450571648,757.6066497506287,0.20695397019871387,0.002207292018876115,147.04005280510188,3.895096327109242,0.004272520955148376
5.255,2.3019455510939877,757.6076070056401,0.2069650300807143,0.0021994122096474873,147.04820446085174,3.8882978081063566,0.004267569181687885
5.26,2.3025644151850027,757.6085701462673,0.2069760423368523,0.0021915663180876914,147.05632317632566,3.88151518875601,0.004262619565719836
5.265,2.303191073559712,757.6095391345103,0.20698700713405313,0.002183754225175821,147.06440906243873,3.8747484337430755,0.004257672126603322
5.2700000000000005,2.303825501480572,757.6105139321384,0.20699792463935623,0.0021759758118107663,147.07246223015005,3.8679975076275612,0.004252726883591733
5.275,2.304467673903285,757.611494500692,0.20700879501990785,0.0021682309588165567,147.08048279045695,3.861262374846931,0.004247783855832837
5.28,2.3051175654777882,757.6124808014838,0.20701961844295344,0.0021605195469476604,147.08847085439083,3.8545429997184053,0.004242843062368857
5.285,2.3057751505492576,757.6134727956007,0.20703039507583035,0.002152841456894277,147.0964265330112,3.8478393464412726,0.0042379045221365656
5.29,2.306440403159114,757.6144704439051,0.20704112508596026,0.0021451965692875965,147.1043499374014,3.8411513790991823,0.0042329682539673655
5.295,2.307113297046055,757.6154737070362,0.20705180864084194,0.002137584764705035,147.11224117866269,3.8344790616624413,0.004228034276587392
5.3,2.3077938056470892,757.6164825454122,0.20706244590804376,0.002130005923675448,147.12010036791065,3.827822357990297,0.0042231026086176
5.305,2.308481902098587,757.617496919231,0.20707303705519656,0.002122459926684316,147.127927616269,3.8211812318332172,0.004218173268573873
5.3100000000000005,2.3091775592373396,757.6185167884726,0.2070835822499862,0.0021149466541788937,147.13572303486555,3.814555646835164,0.004213246274867115
5.315,2.309880749601634,757.6195421129001,0.2070940816601464,0.002107465986573354,147.14348673482638,3.807945566535861,0.004208321645803371
5.32,2.310591445432332,757.6205728520617,0.20710453545345162,0.002100017804253886,147.1512188272723,3.8013509543730466,0.004203399399583923
5.325,2.311309618673972,757.621608965292,0.20711494379770978,0.0020926019875837725,147.15891942331288,3.7947717736847304,0.004198479554305413
5.33,2.3120352409758786,757.6226504117136,0.2071253068607552,0.0020852184169084316,147.16658863404223,3.7882079877114334,0.004193562127959951
5.335,2.3127682836932757,757.6236971502389,0.20713562481044157,0.002077866972560444,147.1742265705338,3.7816595595984257,0.004188647138435243
5.34,2.313508717888419,757.6247491395715,0.20714589781463477,0.002070547534864541,147.18183334383633,3.7751264523979526,0.004183734603514702
5.345,2.314256514331744,757.625806338208,0.20715612604120612,0.0020632599841425648,147.18940906496854,3.768608629071456,0.004178824540877587
5.3500000000000005,2.315011643503013,757.6268687044395,0.20716630965802516,0.002056004200718394,147.196953844915,3.7621060524917804,0.004173916968099121
5.355,2.3157740755924845,757.6279361963535,0.20717644883295294,0.002048780064922852,147.2044677946205,3.755618685445382,0.00416901190265063
5.36,2.3165437805020925,757.6290087718352,0.20718654373383508,0.0020415874570985744,147.21195102498677,3.749146490634515,0.004164109361899674
5.365,2.317320727846632,757.6300863885693,0.2071965945284949,0.002034426257604845,147.21940364686694,3.7426894306794196,0.004159209363110187
5.37,2.3181048869549583,757.6311690040418,0.20720660138472674,0.0020272963468224016,147.2268257710615,3.736247468120495,0.004154311923442619
5.375,2.318896226871197,757.6322565755414,0.2072165644702892,0.0020201976051582122,147.23421750831324,3.7298205654204635,0.004149417059954075
5.38,2.319694716355976,757.6333490601615,0.2072264839528984,0.002013129913050226,147.24157896930348,3.72340868496653,0.004144524789598473
5.385,2.320500323887649,757.6344464148018,0.20723636000022136,0.0020060931509720734,147.24891026464704,3.7170117890725245,0.004139635129226681
5.39,2.321313017663539,757.6355485961694,0.2072461927798695,0.0019990871994377494,147.25621150488823,3.710629839981036,0.00413474809558668
5.3950000000000005,2.322132765601202,757.6366555607817,0.20725598245939195,0.0019921119390062564,147.26348280049615,3.7042627998655395,0.004129863705323718
5.4,2.3229595353396846,757.637767264967,0.2072657292062691,0.0019851672502862183,147.2707242618607,3.697910630832515,0.0041249819749804685
5.405,2.323793294240811,757.638883664867,0.20727543318790623,0.0019782530139404527,147.27793599928765,3.6915732949235425,0.004120102920997191
5.41,2.3246340093904667,757.6400047164376,0.20728509457162694,0.0019713691106905224,147.28511812299524,3.685250754117405,0.004115226559711899
5.415,2.3254816475998945,757.6411303754519,0.207294713524667,0.0019645154213212383,147.2922707431093,3.678942970332164,0.004110352907360524
5.42,2.3263361754070204,757.6422605975008,0.2073042902141678,0.0019576918266851397,147.29939396965923,3.6726499054272352,0.004105481980077088
5.425,2.327197559077761,757.6433953379955,0.2073138248071703,0.0019508982077069308,147.3064879125738,3.6663715212054466,0.0041006137938938815
5.43,2.328065764607351,757.6445345521685,0.20732331747060873,0.001944134445387882,147.3135526816772,3.660107779415088,0.004095748364741631
5.4350000000000005,2.328940757721696,757.6456781950764,0.2073327683713044,0.0019374004208102054,147.32058838668445,3.6538586417519476,0.004090885708449683
5.44,2.3298225038787272,757.6468262216007,0.20734217767595967,0.0019306960151413914,147.3275951371981,3.647624069861341,0.004086025840746187
5.445,2.3307109682697607,757.6479785864501,0.2073515455511518,0.0019240211096384998,147.33457304270357,3.64140402534012,0.004081168777258277
5.45,2.3316061158208696,757.6491352441622,0.207360872163327,0.0019173755856524248,147.3415222125655,3.6351984697386763,0.004076314533512259
5.455,2.3325079111942744,757.650296149105,0.20737015767879446,0.0019107593246321228,147.3484427560235,3.6290073645629337,0.004071463124933801
5.46,2.333416318789734,757.6514612554791,0.20737940226372048,0.0019041722081287998,147.35533478218872,3.6228306712763216,0.004066614566848125
5.465,2.3343313027459556,757.6526305173196,0.2073886060841225,0.0018976141178000657,147.3621984000394,3.616668351301744,0.004061768874480205
5.47,2.3352528269420048,757.653803888497,0.2073977693058634,0.0018910849354140508,147.36903371841757,3.610520366023528,0.004056926062954959
5.4750000000000005,2.3361808549987337,757.6549813227202,0.20740689209464575,0.0018845845428534832,147.3758408460248,3.604386676789366,0.004052086147297451
5.48,2.3371153502802238,757.6561627735377,0.20741597461600603,0.0018781128221197355,147.38261989141876,3.5982672449122477,0.004047249142433101
5.485,2.338056275895219,757.6573481943394,0.20742501703530905,0.0018716696553368235,147.38937096300947,3.592162031672364,0.004042415063187876
5.49,2.3390035946986045,757.6585375383584,0.20743401951774237,0.0018652549247553762,147.39609416905543,3.5860709983190167,0.0040375839242885085
5.495,2.339957269292856,757.6597307586733,0.20744298222831067,0.0018588685127565667,147.40278961765995,3.579994106072506,0.004032755740362703
5.5,2.340917262029509,757.6609278082094,0.20745190533183036,0.0018525103018560026,147.4094574167679,3.573931316126001,0.004027930525939349
5.505,2.341883535010658,757.6621286397414,0.20746078899292408,0.0018461801747075809,147.41609767416185,3.567882589647408,0.004023108295448733
5.51,2.3428560500904623,757.6633332058941,0.2074696333760154,0.0018398780141073033,147.4227104974586,3.561847887781214,0.00401828906322276
5.515,2.343834768876634,757.6645414591454,0.20747843864532334,0.0018336037029970552,147.42929599410564,3.5558271716503262,0.004013472843495169
5.5200000000000005,2.3448196527319594,757.6657533518274,0.20748720496485726,0.0018273571244683414,147.43585427137793,3.549820402357888,0.004008659650401756
5.525,2.345810662775826,757.6669688361288,0.20749593249841156,0.001821138161765996,147.4423854363741,3.5438275409890947,0.004003849497980603
5.53,2.3468077598857575,757.6681878640962,0.20750462140956055,0.0018149466982918363,147.4488895960136,3.5378485486129816,0.003999042400172295
5.535,2.3478109046989597,757.6694103876367,0.20751327186165328,0.0018087826176082925,147.45536685703271,3.531883386284205,0.003994238370820155
5.54,2.348820057613872,757.6706363585192,0.20752188401780855,0.0018026458034419923,147.46181732598194,3.525932015044812,0.003989437423670472
5.545,2.34983517879173,757.6718657283765,0.20753045804090983,0.0017965361396873067,147.46824110922228,3.5199943959259894,0.003984639572372737
5.55,2.3508562281581464,757.6730984487073,0.20753899409360044,0.0017904535104098615,147.47463831292225,3.5140704899498054,0.003979844830479874
5.555,2.351883165404685,757.6743344708779,0.2075474923382785,0.0017843977998500055,147.48100904305457,3.5081602581309315,0.003975053211448479
5.5600000000000005,2.352915949990452,757.6755737461244,0.2075559529370922,0.0017783688924262375,147.4873534053933,3.502263661478353,0.003970264728639058
5.565,2.3539545411437004,757.6768162255546,0.207564376051935,0.001772366672738606,147.49367150551006,3.4963806609970707,0.003965479395316274
5.57,2.35499889786344,757.6780618601493,0.20757276184444087,0.0017663910255720575,147.499963448772,3.490511217689773,0.003960697224649181
5.575,2.3560489789210544,757.6793106007653,0.20758111047597969,0.0017604418358997504,147.50622934033802,3.48465529255851,0.003955918229711476
5.58,2.357104742861929,757.6805623981363,0.2075894221076524,0.0017545189888863344,147.51246928515616,3.4788128466063455,0.003951142423481743
5.585,2.358166148007087,757.6818172028755,0.20759769690028687,0.0017486223698911828,147.51868338796024,3.4729838408389937,0.0039463698188437046
5.59,2.359233152454838,757.6830749654773,0.20760593501443286,0.0017427518644715907,147.5248717532676,3.4671682362664464,0.003941600428586471
5.595,2.3603057140824286,757.6843356363192,0.20761413661035807,0.0017369073583859353,147.53103448537567,3.4613659939045793,0.003936834265404795
5.6000000000000005,2.3613837905477078,757.6855991656641,0.20762230184804334,0.0017310887375967927,147.53717168835965,3.4555770747767482,0.003932071341899322
5.605,2.362467339290798,757.6868655036618,0.20763043088717856,0.0017252958882740235,147.5432834660693,3.449801439915373,0.003927311670576856
5.61,2.3635563175357737,757.688134600351,0.2076385238871582,0.0017195286967978077,147.54936992212654,3.444039050363495,0.00392255526385061
5.615,2.36465068229235,757.6894064056618,0.2076465810070773,0.001713787049761651,147.55543115992242,3.438289867176336,0.003917802134040468
5.62,2.36575039035759,757.690680869417,0.20765460240572706,0.0017080708339753518,147.5614672826149,3.4325538514228313,0.003913052293373248
5.625,2.366855398317599,757.6919579413344,0.2076625882415908,0.0017023799364679236,147.56747839312587,3.426830964187152,0.003908305753982966
5.63,2.3679656625492393,757.693237571029,0.20767053867283997,0.001696714244490476,147.57346459413887,3.42112116657021,0.0039035625279111026
5.635,2.369081139221855,757.6945197080146,0.20767845385733,0.00169107364551907,147.57942598809598,3.4154244196911527,0.0038988226271068653
5.64,2.3702017842990064,757.6958043017057,0.2076863339525964,0.001685458027257526,147.5853626771963,3.4097406846888387,0.003894086063427463
5.6450000000000005,2.371327553540201,757.6970913014201,0.2076941791158509,0.0016798672776401915,147.59127476339256,3.4040699227233,0.0038893528486383722
5.65,2.372458402502648,757.6983806563801,0.2077019895039775,0.0016743012848346747,147.59716234838925,3.3984120949771914,0.003884622994413613
5.655,2.3735942865430104,757.6996723157154,0.20770976527352877,0.0016687599372445356,147.6030255336402,3.3927671626572207,0.0038798965123360185
5.66,2.3747351608191583,757.700966228464,0.207717506580722,0.0016632431235119433,147.6088644203459,3.3871350869955683,0.0038751734138975113
5.665,2.3758809802919516,757.7022623435755,0.20772521358143559,0.0016577507325202918,147.61467910945143,3.38151582925129,0.003870453710499381
5.67,2.377031699727015,757.703560609912,0.20773288643120535,0.0016522826533967795,147.62046970164448,3.375909350711704,0.0038657374134525614
5.675,2.37818727369652,757.7048609762505,0.20774052528522105,0.0016468387755149475,147.62623629735253,3.3703156126937666,0.0038610245339779103
5.68,2.379347656580986,757.7061633912854,0.20774813029832268,0.0016414189884971842,147.63197899674128,3.3647345765454277,0.0038563150832064902
5.6850000000000005,2.3805128025710753,757.7074678036295,0.20775570162499715,0.0016360231822171874,147.63769789971212,3.3591662036469763,0.0038516090721798495
5.69,2.381682665669397,757.7087741618169,0.20776323941937477,0.0016306512468023933,147.64339310590023,3.3536104554123694,0.0038469065118503093
5.695,2.382857199692333,757.7100824143049,0.20777074383522595,0.0016253030726363633,147.64906471467225,3.3480672932905446,0.0038422074130812457
5.7,2.384036358271857,757.7113925094757,0.20777821502595784,0.0016199785503611345,147.65471282512476,3.3425366787667192,0.0038375117866473753
5.705,2.3852200948573694,757.7127043956384,0.20778565314461103,0.0016146775708795363,147.6603375360815,3.337018573363676,0.0038328196432350454
5.71,2.386408362717522,757.7140180210315,0.20779305834385642,0.0016094000253574659,147.6659389460924,3.3315129386430318,0.0038281309934425217
5.715,2.3876011149420737,757.7153333338247,0.20780043077599203,0.0016041458052261277,147.67151715343095,3.3260197362064914,0.0038234458477802782
5.72,2.3887983044437506,757.7166502821206,0.20780777059293984,0.0015989148021842347,147.67707225609257,3.320538927697088,0.003818764216671289
5.7250000000000005,2.3899998839600904,757.7179688139573,0.20781507794624282,0.0015937069082001731,147.68260435179278,3.3150704748004087,0.0038140861104513195
5.73,2.391205806055311,757.7192888773102,0.2078223529870619,0.001588522015514136,147.6881135379654,3.3096143392458064,0.003809411539369223
5.735,2.3924160231221876,757.720610420094,0.20782959586617292,0.0015833600166402077,147.69359991176077,3.3041704828075917,0.003804740513587231
5.74,2.393630487383928,757.7219333901647,0.2078368067339639,0.0015782208043684238,147.6990635700441,3.298738867306217,0.0038000730431812534
5.745,2.3948491508960625,757.723257735322,0.20784398574043209,0.0015731042717667904,147.70450460939355,3.2933194546094424,0.003795409138141173
5.75,2.3960719655483365,757.7245834033109,0.20785113303518116,0.0015680103121832648,147.70992312609906,3.2879122066334867,0.0037907488083711435
5.755,2.3972988830666044,757.725910341824,0.2078582487674185,0.0015629388192477044,147.71531921616022,3.282517085344166,0.0037860920636898906
5.76,2.398529855014747,757.7272384985037,0.2078653330859525,0.001557889686873777,147.72069297528517,3.2771340527580146,0.0037814389138310085
5.765,2.399764832796576,757.7285678209437,0.20787238613918993,0.0015528628092608355,147.72604449888848,3.271763070943396,0.003776789368443265
5.7700000000000005,2.4010037676577456,757.7298982566919,0.20787940807513328,0.0015478580808957604,147.7313738820904,3.266404102021594,0.003772143437090899
5.775,2.40224661068769,757.7312297532518,0.2078863990413783,0.0015428753965547643,147.73668121971468,3.2610571081678956,0.0037675011292539287
5.78,2.4034933128215483,757.7325622580847,0.2078933591851114,0.001537914651305158,147.74196660628763,3.255722051612651,0.003762862454328451
5.785,2.404743824842103,757.7338957186123,0.20790028865310733,0.0015329757405070888,147.74723013603656,3.250398894642329,0.0037582274216269463
5.79,2.4059980973817234,757.7352300822176,0.20790718759172672,0.001528058559815238,147.75247190288843,3.2450875996005504,0.0037535960403785873
5.795,2.4072560809243173,757.7365652962485,0.2079140561469136,0.0015231630051804877,147.75769200046847,3.239788128889113,0.0037489683197295424
5.8,2.4085177258072736,757.7379013080184,0.20792089446419335,0.0015182889728515528,147.762890522099,3.2345004449689974,0.0037443442687432834
5.805,2.4097829822234362,757.7392380648095,0.20792770268867022,0.001513436359376577,147.76806756079813,3.229224510361362,0.0037397238964008953
5.8100000000000005,2.4110518002230683,757.7405755138739,0.20793448096502534,0.0015086050616046928,147.77322320927865,3.223960287648522,0.00373510721160138
5.815,2.412324129715821,757.7419136024363,0.2079412294375143,0.0015037949766875576,147.77835755994664,3.2187077394749175,0.003730494223161974
5.82,2.41359992047271,757.7432522776959,0.20794794824996532,0.0014990060020808414,147.78347070490062,3.213466828548064,0.00372588493981845
5.825,2.414879122128106,757.7445914868285,0.20795463754577692,0.0014942380355456933,147.7885627359298,3.208237517639488,0.0037212793702254324
5.83,2.4161616841817097,757.7459311769885,0.20796129746791614,0.001489490975150173,147.79363374451407,3.203019769585657,0.0037166775229567064
5.835,2.4174475560005577,757.7472712953111,0.20796792815891635,0.0014847647192706428,147.79868382182198,3.197813547288885,0.0037120794065055333
5.84,2.41873668682102,757.748611788914,0.20797452976087555,0.0014800591665931325,147.80371305871043,3.19261881371823,0.00370748502928496
5.845,2.420029025750799,757.7499526049003,0.20798110241545428,0.001475374216114671,147.8087215457229,3.1874355319103795,0.003702894399628132
5.8500000000000005,2.4213245217709414,757.7512936903596,0.20798764626387398,0.001470709767144584,147.81370937308947,3.182263664970516,0.003698307525788611
5.855,2.42262312373785,757.752634992371,0.207994161446915,0.0014660657193057629,147.81867663072504,3.1771031760731794,0.0036937244159406866
5.86,2.4239247803853115,757.7539764580044,0.20800064810491503,0.0014614419725358992,147.8236234082291,3.1719540284631025,0.0036891450781796897
5.865,2.4252294403265138,757.7553180343233,0.20800710637776731,0.0014568384270886876,147.8285497948845,3.166816185456044,0.0036845695205223114
5.87,2.4265370520560663,757.756659668386,0.20801353640491904,0.001452254983534996,147.83345587965684,3.161689610439604,0.0036799977509069165
5.875,2.4278475639520476,757.7580013072487,0.20801993832536964,0.0014476915427640098,147.83834175119335,3.1565742668740255,0.0036754297771938596
5.88,2.429160924278037,757.7593428979669,0.20802631227766938,0.00144314800598434,147.84320749782276,3.151470118292984,0.003670865607165804
5.885,2.430477081185157,757.7606843875978,0.20803265839991764,0.0014386242747251026,147.84805320755387,3.1463771283043664,0.0036663052485280366
5.89,2.4317959827141253,757.7620257232021,0.2080389768297616,0.001434120250836969,147.8528789680755,3.1412952605910296,0.003661748708908787
5.8950000000000005,2.4331175767972986,757.7633668518464,0.20804526770439474,0.001429635836493182,147.8576848667554,3.1362244789115543,0.003657195995859544
5.9,2.434441811260734,757.7647077206049,0.20805153116055541,0.001425170934190551,147.86247099063974,3.1311647471009842,0.0036526471168553763
5.905,2.435768633826242,757.7660482765621,0.20805776733452552,0.001420725446750403,147.86723742645268,3.126116029071545,0.0036481020792952473
5.91,2.4370979921134612,757.7673884668142,0.20806397636212925,0.0014162992773195167,147.8719842605955,3.121078288813361,0.003643560890502338
5.915,2.438429833641916,757.7687282384717,0.2080701583787317,0.0014118923293710236,147.8767115791464,3.1160514903951535,0.003639023557724363
5.92,2.439764105833094,757.7700675386611,0.2080763135192377,0.0014075045067052758,147.88141946785973,3.111035597964926,0.003634490088133892
5.925,2.4411007560125206,757.7714063145276,0.2080824419180906,0.0014031357134506911,147.8861080121655,3.1060305757506397,0.0036299604888286674
5.93,2.442439731411834,757.772744513236,0.2080885437092713,0.0013987858540645702,147.8907772971693,3.101036388060877,0.0036254347668319272
5.9350000000000005,2.4437809791708722,757.7740820819744,0.20809461902629675,0.001394454833333877,147.89542740765137,3.096052999285488,0.003620912929092721
5.94,2.4451244463397677,757.7754189679547,0.20810066800221927,0.0013901425563760022,147.90005842806679,3.091080373896231,0.0036163949824862367
5.945,2.4464700798810295,757.7767551184158,0.2081066907696253,0.0013858489286394887,147.90467044254436,3.0861184764473957,0.003611880933814113
5.95,2.4478178266716313,757.7780904806252,0.2081126874606345,0.0013815738559047365,147.90926353488703,3.0811672715764153,0.0036073707898047645
5.955,2.4491676335051182,757.7794250018811,0.20811865820689873,0.0013773172442846785,147.91383778857121,3.076226724004472,0.003602864557113704
5.96,2.4505194470937064,757.7807586295146,0.2081246031396012,0.0013730790002254292,147.91839328674655,3.0712967985370816,0.0035983622423238584
5.965,2.451873214070387,757.7820913108916,0.20813052238945556,0.001368859030506906,147.9229301122355,3.0663774600646745,0.0035938638519458933
5.97,2.453228880991025,757.7834229934151,0.20813641608670502,0.0013646572422434243,147.9274483475334,3.0614686735631604,0.0035893693924185337
5.9750000000000005,2.4545863943364794,757.7847536245272,0.2081422843611216,0.0013604735428842663,147.9319480748083,3.0565704040944794,0.003584878870108882
5.98,2.455945700514709,757.786083151711,0.20814812734200538,0.0013563078402142274,147.93642937590045,3.051682616807153,0.0035803922913127447
5.985,2.4573067458628937,757.7874115224929,0.2081539451581837,0.0013521600423541278,147.94089233232236,3.046805276936806,0.003575909662254948
5.99,2.45866947664955,757.7887386844445,0.20815973793801051,0.0013480300577613097,147.9453370252588,3.0419383498066903,0.0035714309890896596
5.995,2.460033839076655,757.7900645851848,0.20816550580936574,0.0013439177952301,147.94976353556638,3.037081800828194,0.003566956277900713
6.0,2.461399779281763,757.7913891723823,0.20817124889965455,0.001339823163892255,147.95417194377384,3.032235595501339,0.0035624855347019257
6.005,2.462767243340134,757.7927123937568,0.2081769673358069,0.0013357460732173773,147.95856233008178,3.0273996994152665,0.003558018765437421
6.01,2.4641361772668784,757.7940341970816,0.2081826612442769,0.0013316864330133048,147.9629347743628,3.022574078248711,0.003553555975981949
6.015000000000001,2.4655065270190746,757.7953545301858,0.20818833075104232,0.0013276441534264816,147.967289356161,3.0177586977704665,0.0035490971721412056
6.0200000000000005,2.466878238497887,757.7966733409561,0.20819397598160408,0.0013236191449423047,147.97162615469298,3.0129535238398417,0.003544642359652158
6.025,2.468251257550724,757.7979905773387,0.20819959706098584,0.0013196113183854402,147.97594524884707,3.0081585224070984,0.0035401915441833584
6.03,2.4696255299733805,757.7993061873418,0.2082051941137335,0.0013156205849201234,147.98024671718366,3.003373659513887,0.0035357447313352688
6.035,2.471001001512162,757.8006201190374,0.20821076726391494,0.0013116468560504322,147.9845306379354,2.998598901293667,0.003531301926640581
6.04,2.4723776178660293,757.801932320563,0.2082163166351195,0.0013076900436205373,147.98879708900725,2.99383421397212,0.003526863135564535
6.045,2.4737553246887485,757.8032427401245,0.20822184235045782,0.0013037500598149314,147.99304614797634,2.9890795638675485,0.0035224283635052413
6.05,2.4751340675910276,757.8045513259974,0.2082273445325614,0.0012998268171586372,147.99727789209277,2.984334917391267,0.0035179976157939962
6.055,2.4765137921426743,757.8058580265294,0.2082328233035825,0.0012959202285173894,148.0014923982793,2.979600241047983,0.0035135708976956064
6.0600000000000005,2.477894443874736,757.8071627901422,0.20823827878519374,0.001292030207097794,148.0056897431318,2.974875501436166,0.0035091482144087036
6.065,2.479275968281654,757.8084655653334,0.20824371109858805,0.001288156666447475,148.00987000291917,2.970160665248412,0.0035047295710660693
6.07,2.480658310823419,757.8097663006788,0.20824912036447837,0.001284299520455187,148.0140332535841,2.9654556992717884,0.003500314972734946
6.075,2.4820414169277143,757.8110649448344,0.20825450670309767,0.0012804586833509157,148.01817957074286,2.9607605703881785,0.0034959044244173613
6.08,2.483425231992084,757.8123614465379,0.20825987023419862,0.001276634069705957,148.02230902968594,2.956075245574611,0.0034914979310504426
6.085,2.484809701386078,757.813655754612,0.20826521107705376,0.0012728255944329686,148.02642170537825,2.9513996919035836,0.0034870954975067376
6.09,2.486194770453409,757.8149478179647,0.20827052935045523,0.0012690331727860096,148.0305176724594,2.9467338765433713,0.0034826971285945294
6.095,2.487580384514114,757.816237585593,0.2082758251727149,0.0012652567203605555,148.03459700524425,2.942077766758332,0.003478302829058156
6.1000000000000005,2.4889664888667133,757.8175250065833,0.2082810986616643,0.0012614961530934897,148.03865977772298,2.9374313299091974,0.0034739126035783236
6.105,2.4903530287903672,757.8188100301151,0.20828634993465467,0.0012577513872630874,148.0427060635618,2.9327945334533605,0.003469526456772428
6.11,2.491739949547039,757.8200926054612,0.20829157910855703,0.001254022339488964,148.04673593610315,2.928167344945147,0.0034651443931948654
6.115,2.4931271963836563,757.8213726819916,0.20829678629976225,0.001250308926732018,148.05074946836623,2.923549732036081,0.003460766417337351
6.12,2.494514714534267,757.8226502091737,0.20830197162418115,0.0012466110662943493,148.05474673304752,2.918941662475145,0.0034563925336292332
6.125,2.4959024492222066,757.8239251365757,0.20830713519724472,0.0012429286758191566,148.05872780252125,2.9143431041090255,0.0034520227464378095
6.13,2.4972903456622637,757.8251974138675,0.20831227713390416,0.0012392616732906218,148.06269274883977,2.9097540248823512,0.003447657060068639
6.135,2.4986783490628364,757.8264669908237,0.20831739754863118,0.001235609977033772,148.06664164373407,2.9051743928379277,0.003443295478765858
6.140000000000001,2.500066404628097,757.8277338173249,0.20832249655541818,0.0012319735057143217,148.0705745586146,2.9006041761169534,0.0034389380067124916
6.1450000000000005,2.5014544575601527,757.8289978433597,0.20832757426777848,0.0012283521783385076,148.0744915645712,2.8960433429592416,0.003434584648030771
6.15,2.5028424530612217,757.830259019027,0.2083326307987466,0.001224745914252893,148.0783927323744,2.891491861703417,0.00343023540678244
6.155,2.5042303363357847,757.8315172945379,0.20833766626087852,0.001221154633144163,148.08227813247558,2.8869497007871163,0.00342589028696907
6.16,2.505618052592745,757.8327726202173,0.2083426807662521,0.0012175782550389006,148.08614783500764,2.882416828747178,0.0034215492925323727
6.165,2.507005547047603,757.8340249465064,0.20834767442646726,0.0012140167003033449,148.09000190978566,2.8778932142198217,0.0034172124273545088
6.17,2.508392764924608,757.835274223964,0.20835264735264647,0.0012104698896431372,148.0938404263074,2.87337882594082,0.0034128796952584
6.175,2.509779651458927,757.8365204032694,0.20835759965543507,0.001206937744103045,148.09766345375417,2.868873632745665,0.003408551100008038
6.18,2.51116615189881,757.8377634352233,0.20836253144500175,0.0012034201850666705,148.10147106099123,2.8643776035697224,0.003404226645308794
6.1850000000000005,2.5125522115077468,757.8390032707506,0.20836744283103886,0.0011999171342561492,148.10526331656882,2.8598907074483826,0.0033999063348077283
6.19,2.513937775566624,757.8402398609015,0.20837233392276294,0.0011964285137318286,148.1090402887225,2.855412913517204,0.0033955901720938977
6.195,2.5153227893758907,757.8414731568545,0.20837720482891522,0.0011929542458919288,148.1128020453739,2.8509441910120406,0.0033912781606986638
6.2,2.516707198257722,757.8427031099172,0.20838205565776208,0.0011894942534721956,148.11654865413175,2.846484509269175,0.0033869703040959984
6.205,2.5180909475581683,757.8439296715292,0.20838688651709553,0.0011860484595455315,148.12028018229248,2.842033837725434,0.0033826666057027925
6.21,2.519473982649319,757.8451527932631,0.2083916975142338,0.0011826167875216163,148.12399669684066,2.837592145918302,0.0033783670688791604
6.215,2.5208562489314574,757.8463724268272,0.2083964887560219,0.0011791991611465118,148.12769826445023,2.833159403486024,0.0033740716969287445
6.22,2.5222376918352136,757.847588524067,0.20840126034883213,0.0011757955045022506,148.13138495148496,2.828735580167704,0.0033697804930990227
6.2250000000000005,2.5236182568237226,757.8488010369672,0.2084060123985648,0.001172405742006414,148.13505682399932,2.824320645803394,0.003365493460581608
6.23,2.524997889394777,757.8500099176536,0.20841074501064868,0.0011690297984116975,148.13871394773935,2.819914570334182,0.003361210602512557
6.235,2.526376535082974,757.8512151183949,0.2084154582900418,0.0011656675988054549,148.14235638814372,2.8155173238022626,0.0033569319219726675
6.24,2.527754139461877,757.8524165916047,0.20842015234123198,0.0011623190686092385,148.1459842103439,2.811128876351012,0.003352657421987784
6.245,2.5291306481461513,757.8536142898434,0.2084248272682376,0.0011589841335783208,148.14959747916572,2.806749198225046,0.0033483871055290967
6.25,2.5305060067937193,757.85480816582,0.20842948317460822,0.0011556627198012035,148.15319625912971,2.802378259770284,0.0033441209755134434
6.255,2.5318801611079036,757.8559981723939,0.2084341201634253,0.001152354753699117,148.15678061445215,2.798016031433993,0.0033398590348036102
6.26,2.533253056839567,757.857184262577,0.20843873833730298,0.0011490601620255027,148.16035060904608,2.7936624837648325,0.003335601286208628
6.265000000000001,2.534624639789258,757.8583663895351,0.20844333779838875,0.0011457788718654868,148.16390630652216,2.7893175874128957,0.0033313477324840727
6.2700000000000005,2.535994855809351,757.8595445065905,0.20844791864836426,0.0011425108106353438,148.16744777018928,2.7849813131297374,0.0033270983763323656
6.275,2.537363650806187,757.860718567223,0.2084524809884461,0.0011392559060819406,148.17097506305603,2.780653631768399,0.003322853220403065
6.28,2.5387309707421957,757.8618885250721,0.20845702491938656,0.0011360140862821764,148.17448824783094,2.77633451428343,0.003318612267293166
6.285,2.540096761638041,757.8630543339394,0.20846155054147444,0.001132785279642409,148.17798738692406,2.7720239317308986,0.0033143755195473956
6.29,2.5414609695747545,757.8642159477893,0.20846605795453596,0.0011295694148978663,148.18147254244744,2.7677218552684004,0.0033101429796585074
6.295,2.542823540695854,757.8653733207517,0.20847054725793546,0.0011263664211120527,148.1849437762163,2.7634282561550605,0.003305914650067575
6.3,2.544184421209478,757.8665264071235,0.20847501855057635,0.0011231762276761423,148.18840114975,2.759143105751528,0.0033016905331642856
6.305,2.545543557390504,757.8676751613704,0.20847947193090202,0.0011199987643083589,148.19184472427318,2.7548663755199656,0.003297470631287235
6.3100000000000005,2.5469008955826697,757.8688195381286,0.20848390749689663,0.0011168339610533491,148.19527456071626,2.750598037024035,0.0032932549467242136
6.315,2.5482563822006963,757.869959492207,0.20848832534608605,0.0011136817482815448,148.19869071971686,2.7463380619288786,0.0032890434817125047
6.32,2.549609963732397,757.8710949785884,0.2084927255755388,0.0011105420566885113,148.20209326162066,2.742086422001087,0.0032848362384391688
6.325,2.5509615867407938,757.8722259524319,0.2084971082818669,0.0011074148172942927,148.20548224648255,2.7378430891086727,0.0032806332190413352
6.33,2.5523111978662287,757.873352369074,0.208501473561227,0.0011042999614427416,148.2088577340674,2.7336080352210304,0.003276434425606491
6.335,2.553658743828467,757.8744741840311,0.20850582150932107,0.0011011974208008433,148.2122197838513,2.729381232408897,0.0032722398601727674
6.34,2.5550041714288008,757.8755913530006,0.20851015222139757,0.0010981071273580285,148.21556845502263,2.7251626528443023,0.003268049524729229
6.345,2.5563474275521547,757.876703831863,0.20851446579225236,0.0010950290134254781,148.21890380648287,2.720952268800518,0.003263863421216158
6.3500000000000005,2.557688459169171,757.8778115766836,0.20851876231622973,0.0010919630116354175,148.22222589684787,2.7167500526520003,0.003259681551525339
6.355,2.559027213338313,757.8789145437142,0.20852304188722334,0.001088909054940406,148.22553478444885,2.7125559768743317,0.0032555039175003464
6.36,2.560363637207954,757.8800126893949,0.2085273045986773,0.0010858670766126111,148.22883052733354,2.7083700140441467,0.0032513305209368256
6.365,2.5616976780184584,757.8811059703557,0.20853155054358719,0.0010828370102430804,148.2321131832671,2.7041921368390667,0.0032471613635827756
6.37,2.5630292831042754,757.8821943434183,0.20853577981450105,0.0010798187897410054,148.23538280973332,2.7000223180376217,0.003242996447138832
6.375,2.564358399896009,757.8832777655978,0.20853999250352054,0.001076812349332972,148.23863946393573,2.695860530519171,0.0032388357732585494
6.38,2.5656849759224927,757.8843561941043,0.20854418870230193,0.0010738176235622083,148.24188320279873,2.691706747263816,0.003234679343548677
6.385,2.5670089588128664,757.8854295863448,0.20854836850205713,0.0010708345472878217,148.24511408296843,2.6875609413523143,0.0032305271595694436
6.390000000000001,2.5683302962986385,757.8864978999247,0.20855253199355492,0.0010678630556840317,148.24833216081413,2.6834230859659813,0.003226379222834832
6.3950000000000005,2.569648936215752,757.8875610926495,0.20855667926712187,0.001064903084239393,148.25153749242932,2.679293154386599,0.0032222355348128606
6.4,2.5709648265066485,757.8886191225267,0.20856081041264363,0.0010619545687560088,148.25473013363273,2.675171119996306,0.003218096096925855
6.405,2.5722779152223154,757.889671947767,0.20856492551956587,0.0010590174453487444,148.2579101399694,2.671056956277497,0.0032139609105507278
6.41,2.573588150524343,757.8907195267864,0.2085690246768956,0.0010560916504444274,148.261077566712,2.66695063681271,0.0032098299770192524
6.415,2.574895480686972,757.8917618182074,0.20857310797320203,0.0010531771207810462,148.26423246886185,2.662852135284515,0.0032057032976183374
6.42,2.576199854099122,757.8927987808614,0.20857717549661806,0.0010502737934069363,148.26737490115016,2.6587614254753915,0.0032015808735902985
6.425,2.5775012192664395,757.8938303737893,0.2085812273348411,0.0010473816056799663,148.2705049180391,2.6546784812676094,0.0031974627061331336
6.43,2.5787995248133413,757.8948565562441,0.20858526357513454,0.0010445004952667146,148.27362257372292,2.650603276643104,0.003193348796400791
6.4350000000000005,2.580094719485025,757.8958772876917,0.20858928430432863,0.0010416304001416396,148.27672792212937,2.646535785683343,0.0031892391455034413
6.44,2.581386752149498,757.8968925278131,0.20859328960882187,0.001038771258586247,148.27982101692052,2.6424759825692,0.0031851337545077494
6.445,2.5826755717995984,757.8979022365056,0.2085972795745821,0.0010359230091882465,148.28290191149415,2.6384238415808103,0.0031810326244371377
6.45,2.5839611275550096,757.8989063738846,0.20860125428714776,0.001033085590840709,148.28597065898484,2.634379337097437,0.00317693575627206
6.455,2.585243368664268,757.8999049002853,0.208605213831629,0.0010302589427412148,148.2890273122651,2.630342443597325,0.003172843150950263
6.46,2.5865222445067606,757.9008977762637,0.20860915829270898,0.001027443004390994,148.2920719239467,2.6263131356575524,0.003168754809367056
6.465,2.5877977045947285,757.9018849625991,0.20861308775464502,0.0010246377155940685,148.295104546382,2.622291387953884,0.0031646707323755756
6.47,2.5890696985752646,757.9028664202945,0.2086170023012699,0.0010218430164563852,148.2981252316646,2.618277175260616,0.003160590920787047
6.4750000000000005,2.590338176232293,757.9038421105791,0.20862090201599295,0.0010190588473849435,148.301134031631,2.6142704724504204,0.003156515375371049
6.48,2.5916030874885587,757.9048119949097,0.2086247869818015,0.0010162851490869206,148.30413099786168,2.610271254494186,0.0031524440968557785
6.485,2.5928643824076003,757.9057760349715,0.20862865728126195,0.0010135218625687897,148.30711618168223,2.6062794964608527,0.0031483770859283083
6.49,2.594122011195721,757.9067341926803,0.2086325129965211,0.0010107689291354361,148.31008963416465,2.6022951735172493,0.0031443143432348486
6.495,2.5953759242039602,757.9076864301842,0.20863635420930732,0.0010080262903892688,148.31305140612855,2.5983182609279236,0.0031402558693810058
6.5,2.596626071930039,757.9086327098643,0.20864018100093198,0.0010052938882293254,148.31600154814225,2.5943487340549707,0.003136201664932044
6.505,2.5978724050203312,757.9095729943366,0.20864399345229054,0.0010025716648503773,148.31894011052412,2.5903865683578595,0.0031321517304131385
6.51,2.5991148742718044,757.9105072464539,0.2086477916438639,0.0009998595627420273,148.32186714334364,2.586431739393256,0.003128106066309635
6.515000000000001,2.600353430633961,757.9114354293065,0.2086515756557197,0.0009971575246878052,148.3247826964228,2.5824842228148426,0.0031240646730673048
6.5200000000000005,2.601588025210782,757.9123575062241,0.20865534556751364,0.0009944654937642623,148.32768681933726,2.578543994373138,0.0031200275510926
6.525,2.602818609262646,757.9132734407774,0.20865910145849056,0.000991783413340056,148.33057956141747,2.574611029915309,0.003115994700752905
6.53,2.604045134208267,757.914183196779,0.20866284340748603,0.0009891112270750363,148.33346097174996,2.570685305384987,0.003111966122376792
6.535,2.6052675516266017,757.9150867382856,0.20866657149292742,0.0009864488789193284,148.33633109917858,2.5667667968220766,0.0031079418162542716
6.54,2.606485813258759,757.9159840295983,0.2086702857928353,0.0009837963131124102,148.3391899923058,2.562855480362562,0.0031039217826370437
6.545,2.607699871009911,757.9168750352655,0.20867398638482476,0.0009811534741821892,148.34203769949377,2.558951332238314,0.0030999060217387483
6.55,2.6089096769511984,757.9177597200829,0.20867767334610665,0.0009785203069440764,148.34487426886557,2.5550543287768948,0.0030958945337352137
6.555,2.6101151833216107,757.9186380490958,0.20868134675348893,0.0009758967565000556,148.34769974830672,2.5511644464013563,0.003091887318764705
6.5600000000000005,2.611316342529877,757.9195099875998,0.20868500668337805,0.0009732827682377493,148.3505141854659,2.5472816616300396,0.00308788437692817
6.565,2.6125131071563463,757.9203755011431,0.20868865321178015,0.0009706782878294876,148.35331762775655,2.5434059510763736,0.003083885708289489
6.57,2.613705429954851,757.921234555527,0.2086922864143025,0.0009680832612313693,148.35611012235807,2.5395372914486667,0.003079891312875714
6.575,2.614893263854583,757.9220871168076,0.20869590636615476,0.0009654976346823226,148.35889171621702,2.5356756595499013,0.0030759011906773192
6.58,2.616076561961947,757.9229331512971,0.20869951314215032,0.0009629213547031636,148.36166245604826,2.531821032277523,0.00307191534164844
6.585,2.6172552775624123,757.9237726255652,0.20870310681670767,0.0009603543680956526,148.3644223883362,2.527973386623231,0.0030679337657071168
6.59,2.618429364122358,757.9246055064405,0.20870668746385165,0.0009577966219415501,148.36717155933624,2.5241326996727644,0.003063956462735536
6.595,2.6195987752909073,757.9254317610113,0.20871025515721495,0.0009552480636016685,148.36991001507565,2.5202989486056864,0.003059983432580272
6.6000000000000005,2.620763464901762,757.9262513566276,0.20871380997003924,0.0009527086407149223,148.37263780135515,2.516472110695166,0.0030560146750525236
6.605,2.6219233869750265,757.9270642609022,0.20871735197517677,0.0009501783011973806,148.3753549637499,2.512652163307766,0.0030520501899283558
6.61,2.6230784957190036,757.9278704417114,0.2087208812450914,0.000947656993241311,148.37806154761088,2.5088390839032133,0.0030480899769489344
6.615,2.6242287455320223,757.9286698671973,0.20872439785186028,0.0009451446653142291,148.38075759806597,2.5050328500341843,0.0030441340358207647
6.62,2.6253740910042453,757.9294625057681,0.20872790186717494,0.0009426412661579427,148.38344316002136,2.501233439346078,0.003040182366215926
6.625,2.6265144869194423,757.9302483261,0.20873139336234284,0.0009401467447875962,148.38611827816254,2.4974408295767927,0.003036234967772305
6.63,2.627649888256781,757.9310272971379,0.2087348724082885,0.0009376610504907131,148.38878299695585,2.4936549985564986,0.0030322918400938334
6.635,2.6287802501926074,757.9317993880974,0.20873833907555514,0.0009351841328262379,148.39143736064946,2.48987592420741,0.0030283529827507165
6.640000000000001,2.629905528102212,757.932564568465,0.20874179343430577,0.0009327159416235783,148.3940814132746,2.4861035845435553,0.003024418395279666
6.6450000000000005,2.631025677561592,757.9333228080003,0.20874523555432473,0.0009302564269816451,148.396715198647,2.4823379576705484,0.003020488077184133
6.65,2.6321406543492123,757.9340740767365,0.2087486655050189,0.0009278055392678898,148.39933876036778,2.4785790217853534,0.0030165620279345353
6.655,2.6332504144477453,757.934818344982,0.20875208335541923,0.0009253632291173453,148.40195214182518,2.4748267551760534,0.003012640246968487
6.66,2.6343549140458022,757.9355555833213,0.20875548917418194,0.0009229294474316629,148.40455538619514,2.4710811362216156,0.003008722733691026
6.665,2.635454109539672,757.9362857626164,0.20875888302959,0.0009205041453781506,148.40714853644295,2.4673421433916554,0.003004809487474842
6.67,2.636547957535043,757.9370088540078,0.20876226498955444,0.0009180872743888114,148.40973163532433,2.4636097552461984,0.0030009005076605012
6.675,2.6376364148487084,757.9377248289156,0.20876563512161572,0.0009156787861593792,148.41230472538683,2.459883950435444,0.002996995793556673
6.68,2.638719438510281,757.9384336590409,0.20876899349294506,0.0009132786326483552,148.4148678489708,2.456164707699525,0.002993095344440352
6.6850000000000005,2.639796985763878,757.9391353163667,0.20877234017034588,0.0009108867660760457,148.41742104821063,2.4524520058682677,0.002989199159557082
6.69,2.640869014069823,757.9398297731587,0.20877567522025506,0.0009085031389235988,148.41996436503607,2.448745823860952,0.0029853072381211803
6.695,2.641935481106313,757.9405170019675,0.20877899870874445,0.0009061277039320396,148.42249784117357,2.445046140686066,0.002981419579315954
6.7,2.6429963447710945,757.9411969756281,0.20878231070152206,0.0009037604141013085,148.42502151814705,2.441352935441065,0.0029775361822939254
6.705,2.644051563183124,757.9418696672625,0.2087856112639336,0.0009014012226892976,148.42753543727954,2.4376661873121277,0.0029736570461770468
6.71,2.645101094684224,757.9425350502796,0.20878890046096366,0.0008990500832108873,148.43003963969412,2.433985875573911,0.0029697821700569228
6.715,2.6461448978407263,757.9431930983772,0.20879217835723723,0.0008967069494369835,148.43253416631543,2.4303119795893027,0.002965911552995025
6.72,2.6471829314451054,757.943843785542,0.20879544501702096,0.0008943717753935582,148.43501905787025,2.4266444788091777,0.0029620451940229092
6.7250000000000005,2.6482151545176116,757.9444870860517,0.2087987005042246,0.0008920445153606846,148.43749435488957,2.422983352772149,0.0029581830921424314
6.73,2.649241526307878,757.9451229744756,0.2088019448824023,0.0008897251238715773,148.4399600977089,2.4193285811043204,0.0029543252463259625
6.735,2.6502620062965403,757.9457514256751,0.208805178214754,0.0008874135557116308,148.44241632647007,2.4156801435190367,0.0029504716555166003
6.74,2.6512765541968295,757.9463724148054,0.20880840056412672,0.0008851097659174611,148.44486308112215,2.412038019816636,0.002946622318628383
6.745,2.65228512995617,757.9469859173164,0.2088116119930161,0.000882813709775946,148.4473004014228,2.408402189884197,0.0029427772345465017
6.75,2.6532876937577483,757.9475919089531,0.20881481256356754,0.000880525342823266,148.44972832693924,2.404772633695293,0.00293893640212751
6.755,2.6542842060220946,757.9481903657573,0.2088180023375777,0.0008782446208439471,148.45214689704954,2.4011493313097367,0.002935099820199535
6.76,2.6552746274086476,757.9487812640683,0.20882118137649577,0.0008759714998699055,148.45455615094386,2.3975322628733307,0.0029312674875624847
6.765000000000001,2.656258918817297,757.9493645805234,0.20882434974142491,0.0008737059361794901,148.45695612762546,2.3939214086176133,0.002927439402988257
6.7700000000000005,2.6572370413899393,757.9499402920593,0.2088275074931235,0.0008714478862965297,148.459346865912,2.3903167488596093,0.0029236155652209474
6.775,2.6582089565120044,757.950508375913,0.20883065469200662,0.0008691973069893778,148.4617284044368,2.3867182640015745,0.002919795972977053
6.78,2.659174625813976,757.9510688096227,0.20883379139814723,0.0008669541552699615,148.46410078164965,2.3831259345307423,0.0029159806249456793
6.785,2.660134011172913,757.9516215710283,0.20883691767127768,0.0008647183883928305,148.46646403581818,2.37953974101907,0.0029121695197887433
6.79,2.6610870747139574,757.952166638273,0.20884003357079095,0.0008624899638542064,148.46881820502915,2.3759596641229868,0.002908362656141178
6.795,2.662033778811823,757.9527039898032,0.20884313915574207,0.0008602688393910353,148.47116332718937,2.372385684583137,0.002904560032611134
6.8,2.662974086092283,757.9532336043704,0.20884623448484937,0.0008580549729800404,148.47349944002696,2.3688177832241255,0.002900761647780181
6.805,2.663907959433646,757.9537554610314,0.20884931961649597,0.0008558483228367758,148.4758265810927,2.3652559409542633,0.0028969675002035087
6.8100000000000005,2.6648353619682195,757.954269539149,0.20885239460873087,0.0008536488474146832,148.47814478776056,2.3617001387653125,0.002893177588410125
6.815,2.6657562570837703,757.9547758183934,0.20885545951927056,0.0008514565054041497,148.48045409722945,2.3581503577322316,0.002889391910903058
6.82,2.6666706084249627,757.9552742787428,0.2088585144055002,0.0008492712557315644,148.48275454652403,2.3546065790129167,0.00288561046615955
6.825,2.6675783798948047,757.9557649004837,0.20886155932447498,0.0008470930575583805,148.48504617249594,2.3510687838479485,0.002881833252631255
6.83,2.6684795356560547,757.9562476642126,0.20886459433292143,0.0008449218702801795,148.4873290118249,2.3475369535603363,0.0028780602687444377
6.835,2.6693740401326522,757.9567225508358,0.20886761948723878,0.0008427576535257327,148.48960310102,2.3440110695552607,0.0028742915129001644
6.84,2.6702618580111217,757.9571895415709,0.2088706348435003,0.0008406003671560674,148.49186847642045,2.3404911133198185,0.0028705269834745006
6.845,2.6711429542419562,757.957648617947,0.20887364045745455,0.0008384499712635351,148.49412517419694,2.3369770664227656,0.002866766678818702
6.8500000000000005,2.6720172940410185,757.958099761806,0.20887663638452678,0.0008363064261708807,148.49637323035276,2.3334689105142608,0.0028630105972594065
6.855,2.672884842890896,757.958542955303,0.2088796226798202,0.0008341696924303146,148.49861268072468,2.3299666273256117,0.0028592587370988294
6.86,2.67374556654227,757.9589781809066,0.20888259939811726,0.0008320397308225856,148.5008435609844,2.326470198669015,0.002855511096614949
6.865,2.674599431015268,757.9594054214006,0.20888556659388108,0.0008299165023560555,148.5030659066394,2.3229796064373023,0.002851767674061698
6.87,2.67544640260081,757.9598246598837,0.20888852432125665,0.0008277999682657776,148.50527975303405,2.319494832603684,0.0028480284676691532
6.875,2.6762864478619335,757.9602358797708,0.20889147263407218,0.000825690090012576,148.50748513535063,2.316015859221492,0.002844293475643724
6.88,2.6771195336351132,757.9606390647934,0.20889441158584035,0.0008235868292821257,148.50968208861062,2.3125426684239243,0.0028405626961683357
6.885,2.677945627031574,757.9610341990003,0.2088973412297597,0.0008214901479840378,148.51187064767578,2.3090752424237904,0.00283683612740262
6.890000000000001,2.678764695438586,757.9614212667582,0.20890026161871586,0.0008194000082509454,148.51405084724882,2.3056135635132526,0.0028331137674830957
6.8950000000000005,2.679576706520755,757.9618002527521,0.20890317280528287,0.0008173163724375914,148.51622272187498,2.302157614063575,0.002829395614523359
6.9,2.680381628221297,757.9621711419868,0.20890607484172444,0.0008152392031199183,148.5183863059426,2.2987073765248622,0.00282568166661426
6.905,2.6811794287633015,757.9625339197862,0.2089089677799953,0.0008131684630941616,148.5205416336848,2.2952628334258076,0.0028219719218240892
6.91,2.681970076650995,757.9628885717949,0.20891185167174237,0.0008111041153759433,148.52268873917976,2.291823967373438,0.00281826637819876
6.915,2.6827535406709755,757.9632350839782,0.2089147265683062,0.0008090461231993704,148.5248276563524,2.2883907610528578,0.002814565033761986
6.92,2.683529789893446,757.9635734426232,0.20891759252072212,0.000806994450016135,148.52695841897508,2.284963197226996,0.0028108678865154646
6.925,2.6842987936734333,757.9639036343386,0.20892044957972158,0.0008049490594946152,148.52908106066886,2.28154125873635,0.002807174934439054
6.93,2.6850605216520114,757.964225646056,0.20892329779573335,0.0008029099155189797,148.53119561490436,2.278124928498732,0.00280348617549095
6.9350000000000005,2.6858149437574825,757.9645394650298,0.2089261372188849,0.0008008769821882948,148.53330211500287,2.2747141895090164,0.0027998016076078666
6.94,2.6865620302065776,757.9648450788383,0.20892896789900353,0.0007988502238156352,148.53540059413723,2.271309024838886,0.0027961212287052127
6.945,2.687301751505622,757.9651424753835,0.20893178988561778,0.0007968296049271932,148.53749108533302,2.267909417636577,0.0027924450366772625
6.95,2.688034078451707,757.9654316428921,0.2089346032279585,0.0007948150902613956,148.53957362146951,2.264515351126627,0.0027887730293973366
6.955,2.6887589821338373,757.965712569916,0.20893740797496033,0.0007928066447680207,148.54164823528086,2.2611268086096254,0.0027851052047179713
6.96,2.689476433934077,757.9659852453325,0.20894020417526274,0.000790804233607315,148.54371495935663,2.2577437734619568,0.002781441560471095
6.965,2.6901864055286766,757.9662496583446,0.2089429918772114,0.0007888078221491183,148.54577382614318,2.254366229135552,0.0027777820944681966
6.97,2.690888868889193,757.966505798482,0.2089457711288594,0.0007868173759719883,148.54782486794457,2.250994159157636,0.0027741268045005023
6.9750000000000005,2.6915837962835942,757.966753655601,0.20894854197796844,0.0007848328608623266,148.54986811692356,2.247627547130478,0.0027704756883391397
6.98,2.6922711602773557,757.966993219885,0.20895130447201013,0.0007828542428135115,148.5519036051024,2.2442663767311393,0.002766828743735315
6.985,2.692950933734544,757.9672244818452,0.2089540586581672,0.0007808814880250289,148.55393136436433,2.2409106317112255,0.0027631859684204736
6.99,2.693623089818883,757.9674474323206,0.2089568045833347,0.0007789145629016071,148.55595142645367,2.2375602958966336,0.002759547360106475
6.995,2.6942876019948216,757.9676620624784,0.20895954229412128,0.0007769534340523578,148.55796382297774,2.2342153531873064,0.002755912916485756
7.0,2.6949444440285717,757.9678683638149,0.20896227183685034,0.0007749980682899145,148.55996858540706,2.2308757875569816,0.002752282635231499
7.005,2.6955935899891528,757.9680663281549,0.2089649932575613,0.0007730484326295787,148.56196574507683,2.2275415830529455,0.0027486565139977965
7.01,2.6962350142494103,757.9682559476529,0.20896770660201078,0.0007711044942884652,148.56395533318752,2.224212723795782,0.0027450345504198177
7.015000000000001,2.6968686914870306,757.9684372147929,0.2089704119156738,0.0007691662206846513,148.56593738080602,2.220889193979129,0.0027414167421139692
7.0200000000000005,2.697494596685538,757.9686101223889,0.2089731092437451,0.0007672335794363323,148.56791191886643,2.217570977869431,0.0027378030866780623
7.025,2.698112705135287,757.9687746635852,0.20897579863114013,0.0007653065383609724,148.56987897817132,2.214258059805692,0.0027341935816914712
7.03,2.6987229924344267,757.9689308318565,0.20897848012249642,0.0007633850654744648,148.57183858939203,2.210950424199231,0.0027305882247152975
7.035,2.699325434489871,757.9690786210083,0.20898115376217474,0.0007614691289902918,148.5737907830704,2.2076480555334346,0.0027269870132925296
7.04,2.699920007518261,757.9692180251773,0.20898381959426024,0.0007595586973186899,148.57573558961883,2.204350938363517,0.0027233899449482023
7.045,2.7005066880468918,757.9693490388312,0.20898647766256362,0.0007576537390658152,148.57767303932198,2.201059057316272,0.002719797017189557
7.05,2.7010854529146293,757.9694716567694,0.2089891280106224,0.0007557542230329133,148.57960316233687,2.1977723970898326,0.0027162082275061995
7.055,2.7016562792728434,757.969585874123,0.20899177068170202,0.0007538601182154917,148.58152598869475,2.194490942453425,0.0027126235733702583
7.0600000000000005,2.7022191445863024,757.9696916863548,0.20899440571879707,0.0007519713938024952,148.58344154830095,2.1912146782471305,0.002709043052236538
7.065,2.7027740266340623,757.96978908926,0.2089970331646324,0.0007500880191754853,148.58534987093668,2.1879435893816424,0.0027054666615426814
7.07,2.7033209035103454,757.9698780789655,0.20899965306166426,0.0007482099639078193,148.5872509862591,2.184677660838024,0.0027018943987093193
7.075,2.7038597536254056,757.9699586519313,0.20900226545208164,0.0007463371977638363,148.58914492380296,2.18141687766747,0.002698326261140226
7.08,2.7043905557063743,757.9700308049495,0.20900487037780716,0.0007444696906980431,148.5910317129808,2.1781612249910647,0.002694762246222474
7.085,2.7049132887981067,757.9700945351449,0.20900746788049845,0.0007426074128543058,148.5929113830845,2.1749106879995463,0.0026912023513265882
7.09,2.7054279322640116,757.9701498399753,0.20901005800154915,0.0007407503345650413,148.59478396328532,2.171665251953067,0.0026876465738066937
7.095,2.705934465786863,757.9701967172313,0.20901264078209014,0.0007388984263504155,148.5966494826355,2.1684249021809543,0.002684094911000672
7.1000000000000005,2.706432869369594,757.9702351650363,0.20901521626299066,0.0007370516589175391,148.59850797006865,2.1651896240814748,0.0026805473602303067
7.105,2.706923123336093,757.9702651818473,0.20901778448485936,0.000735210003159674,148.60035945440083,2.161959403121599,0.002677003918801439
7.11,2.707405208331993,757.9702867664537,0.2090203454880456,0.0007333734301554342,148.6022039643311,2.1587342248367656,0.0026734645840041107
7.115,2.7078791053254183,757.9702999179788,0.2090228993126404,0.0007315419111679968,148.60404152844282,2.1555140748306427,0.0026699293531127163
7.12,2.7083447956077364,757.9703046358785,0.2090254459984777,0.0007297154176443114,148.60587217520398,2.1522989387749,0.00266639822338615
7.125,2.708802260794301,757.9703009199425,0.20902798558513538,0.0007278939212143155,148.60769593296834,2.1490888024089694,0.0026628711920679508
7.13,2.7092514828251884,757.9702887702935,0.20903051811193643,0.0007260773936901504,148.60951282997613,2.1458836515398154,0.0026593482563864504
7.135,2.7096924439658925,757.9702681873873,0.20903304361795005,0.0007242658070653816,148.6113228943547,2.1426834720417016,0.002655829413554919
7.140000000000001,2.710125126808035,757.9702391720133,0.2090355621419928,0.0007224591335142231,148.6131261541197,2.1394882498559595,0.0026523146607717045
7.1450000000000005,2.7105495142700478,757.9702017252938,0.20903807372262953,0.0007206573453907631,148.6149226371756,2.1362979709907597,0.0026488039952203865
7.15,2.710965589597854,757.9701558486846,0.2090405783981747,0.0007188604152281912,148.6167123713164,2.133112621520877,0.002645297414069908
7.155,2.711373336365525,757.9701015439744,0.20904307620669332,0.0007170683157380339,148.61849538422683,2.1299321875874657,0.002641794914474726
7.16,2.711772738475925,757.9700388132848,0.20904556718600215,0.0007152810198093858,148.6202717034825,2.1267566553978297,0.002638296493574948
7.165,2.712163780161355,757.9699676590707,0.20904805137367066,0.000713498500508151,148.62204135655125,2.123586011225194,0.0026348021484964767
7.17,2.712546445984169,757.9698880841198,0.20905052880702224,0.0007117207310762845,148.62380437079355,2.120420241408477,0.0026313118763511474
7.175,2.712920720837386,757.9698000915525,0.20905299952313514,0.0007099476849310346,148.62556077346366,2.117259332352065,0.0026278256742368685
7.18,2.7132865899452874,757.969703684822,0.20905546355884366,0.0007081793356641909,148.62731059170974,2.114103270525588,0.002624343539237761
7.1850000000000005,2.713644038863994,757.9695988677137,0.2090579209507392,0.0007064156570413342,148.62905385257525,2.1109520424636914,0.002620865468424295
7.19,2.7139930534820507,757.9694856443457,0.20906037173517122,0.0007046566230010916,148.63079058299923,2.1078056347658145,0.002617391458853428
7.195,2.7143336200209682,757.9693640191682,0.20906281594824844,0.0007029022076543907,148.63252080981755,2.104664034095966,0.0026139215075687413
7.2,2.7146657250357706,757.9692339969635,0.2090652536258398,0.0007011523852837191,148.63424455976295,2.101527227182501,0.002610455611600575
7.205,2.7149893554155295,757.9690955828456,0.20906768480357554,0.000699407130342387,148.6359618594663,2.0983952008179,0.0026069937679661656
7.21,2.715304498383882,757.9689487822603,0.2090701095168483,0.0006976664174537946,148.63767273545713,2.0952679418585465,0.0026035359736697765
7.215,2.7156111414995303,757.9687936009848,0.20907252780081398,0.000695930221410698,148.63937721416454,2.092145437224508,0.002600082225702836
7.22,2.7159092726567424,757.9686300451275,0.20907493969039306,0.0006941985171744798,148.64107532191747,2.0890276738993148,0.002596632521044068
7.2250000000000005,2.7161988800858174,757.9684581211278,0.2090773452202714,0.0006924712798744249,148.64276708494572,2.0859146389297405,0.0025931868566596242
7.23,2.7164799523535614,757.968277835756,0.2090797444249014,0.0006907484848069984,148.6444525293808,2.082806319425588,0.002589745229503218
7.235,2.7167524783637282,757.9680891961125,0.20908213733850292,0.0006890301074351241,148.6461316812562,2.0797027025594668,0.002586307636516254
7.24,2.7170164473574707,757.9678922096281,0.20908452399506441,0.0006873161233874683,148.6478045665084,2.0766037755665794,0.002582874074627957
7.245,2.717271848913754,757.9676868840636,0.20908690442834388,0.0006856065084577257,148.6494712109774,2.073509525744504,0.0025794445407555035
7.25,2.717518672949769,757.9674732275091,0.20908927867186985,0.0006839012386039093,148.6511316404075,2.07041994045298,0.002576019031804152
7.255,2.7177569097213343,757.9672512483843,0.2090916467589425,0.0006822002899476417,148.65278588044794,2.0673350071136944,0.0025725975446673683
7.26,2.7179865498232774,757.9670209554376,0.2090940087226346,0.0006805036387734496,148.65443395665335,2.064254713210066,0.0025691800762269548
7.265000000000001,2.7182075841898055,757.9667823577462,0.2090963645957924,0.0006788112615280616,148.65607589448481,2.0611790462870347,0.0025657666233531765
7.2700000000000005,2.718420004094871,757.9665354647153,0.20909871441103686,0.0006771231348197112,148.65771171931007,2.0581079939508484,0.002562357182904891
7.275,2.7186238011525092,757.9662802860782,0.20910105820076447,0.0006754392354174378,148.65934145640466,2.055041543868851,0.002558951751729668
7.28,2.7188189673171674,757.9660168318956,0.20910339599714825,0.0006737595402503934,148.66096513095206,2.0519796837692725,0.002555550326663919
7.285,2.719005494884029,757.9657451125552,0.20910572783213885,0.0006720840264071531,148.66258276804453,2.04892240144102,0.002552152904533021
7.29,2.7191833764893105,757.9654651387716,0.2091080537374654,0.0006704126711350278,148.66419439268384,2.0458696847334665,0.0025487594821514384
7.295,2.719352605110554,757.9651769215855,0.2091103737446366,0.0006687454518393778,148.665800029782,2.042821521556245,0.002545370056322848
7.3,2.719513174066916,757.9648804723635,0.20911268788494153,0.0006670823460829321,148.6673997041613,2.039777899879038,0.002541984623840259
7.305,2.719665077019419,757.9645758027975,0.2091149961894508,0.0006654233315851095,148.6689934405558,2.036738807731374,0.0025386031814861386
7.3100000000000005,2.7198083079711974,757.9642629249046,0.2091172986890175,0.0006637683862213398,148.6705812636109,2.033704233202418,0.0025352257260325296
7.315,2.719942861267744,757.963941851026,0.2091195954142779,0.0006621174880223935,148.6721631978849,2.03067416444077,0.002531852254241173
7.32,2.720068731597133,757.9636125938271,0.20912188639565285,0.0006604706151737094,148.67373926784896,2.027648589654258,0.002528482762863627
7.325,2.720185913990227,757.9632751662965,0.2091241716633483,0.0006588277460147272,148.67530949788818,2.024627497109732,0.002525117248641386
7.33,2.720294403820872,757.9629295817463,0.20912645124735652,0.000657188859038222,148.67687391230157,2.0216108751328665,0.0025217557083059994
7.335,2.7203941968060863,757.9625758538103,0.20912872517745695,0.0006555539328896426,148.67843253530324,2.018598712107954,0.00251839813857919
7.34,2.720485289006213,757.9622139964449,0.2091309934832172,0.0006539229463664514,148.67998539102254,2.015590996477703,0.0025150445361729716
7.345,2.720567676825097,757.9618440239273,0.2091332561939939,0.0006522958784174676,148.6815325035051,2.01258771674304,0.002511694897789765
7.3500000000000005,2.720641357010212,757.9614659508558,0.20913551333893365,0.0006506727081422131,148.6830738967127,2.0095888614629076,0.002508349220122513
7.355,2.720706326652796,757.9610797921488,0.20913776494697406,0.000649053414790262,148.6846095945245,2.0065944192540663,0.002505007499854801
7.36,2.720762583187967,757.9606855630443,0.20914001104684452,0.0006474379777605906,148.6861396207371,2.0036043787908935,0.0025016697336609638
7.365,2.720810124394813,757.9602832790994,0.20914225166706724,0.0006458263766009326,148.6876639990656,2.000618728805188,0.002498335918206208
7.37,2.720848948396501,757.9598729561895,0.2091444868359581,0.0006442185910071347,148.6891827531435,1.9976374580859706,0.0024950060501467194
7.375,2.720879053660331,757.9594546105079,0.20914671658162762,0.000642614600822517,148.69069590652393,1.9946605554792904,0.00249168012612978
7.38,2.7209004389978038,757.959028258565,0.2091489409319818,0.0006410143860372338,148.6922034826794,1.991688009888026,0.0024883581427938783
7.385,2.720913103564672,757.9585939171876,0.20915115991472313,0.0006394179267876398,148.6937055050032,1.9887198102716923,0.0024850400967688234
7.390000000000001,2.72091704686096,757.9581516035184,0.2091533735573514,0.0006378252033556558,148.6952019968091,1.9857559456462452,0.002481725984675853
7.3950000000000005,2.7209122687309923,757.9577013350153,0.2091555818871646,0.0006362361961681404,148.69669298133255,1.9827964050838893,0.002478415803127749
7.4,2.720898769363415,757.9572431294505,0.20915778493125994,0.0006346508857962604,148.69817848173057,1.9798411777128837,0.0024751095487289417
7.405,2.7208765492911633,757.9567770049101,0.20915998271653455,0.0006330692529548668,148.69965852108282,1.9768902527173493,0.002471807218075623
7.41,2.720845609391453,757.9563029797933,0.20916217526968656,0.0006314912785018727,148.70113312239167,1.973943619337079,0.0024685088077558556
7.415,2.720805950885743,757.9558210728114,0.20916436261721583,0.0006299169434376328,148.7026023085829,1.9710012668673453,0.0024652143143496794
7.42,2.7207575753396873,757.9553313029876,0.20916654478542496,0.0006283462289043268,148.70406610250612,1.9680631846587107,0.002461923734429221
7.425,2.7207004846630745,757.9548336896554,0.20916872180042007,0.0006267791161853435,148.70552452693545,1.9651293621168382,0.0024586370645587985
7.43,2.7206346811097504,757.954328252459,0.20917089368811176,0.000625215586704669,148.7069776045696,1.9621997887023024,0.0024553543012950318
7.4350000000000005,2.720560167277533,757.9538150113516,0.20917306047421588,0.000623655622026277,148.70842535803283,1.9592744539304017,0.0024520754411869444
7.44,2.720476946108102,757.9532939865946,0.2091752221842545,0.0006220992038535212,148.7098678098749,1.9563533473709707,0.0024488004807760736
7.445,2.7203850208868907,757.9527651987577,0.2091773788435567,0.0006205463140285298,148.711304982572,1.9534364586481923,0.0024455294165965707
7.45,2.7202843952429543,757.952228668717,0.20917953047725948,0.0006189969345316034,148.71273689852674,1.9505237774404132,0.0024422622451753077
7.455,2.72017507314882,757.951684417655,0.20918167711030863,0.0006174510474806151,148.71416358006925,1.9476152934799573,0.0024389989630319827
7.46,2.7200570589203474,757.9511324670591,0.2091838187674595,0.0006159086351304118,148.7155850494569,1.9447109965529417,0.0024357395666792184
7.465,2.719930357216542,757.9505728387214,0.20918595547327795,0.0006143696798722195,148.71700132887526,1.941810876499092,0.00243248405262267
7.47,2.7197949730393693,757.9500055547375,0.2091880872521411,0.0006128341642330504,148.71841244043813,1.9389149232115583,0.0024292324173611243
7.4750000000000005,2.719650911733573,757.9494306375052,0.20919021412823832,0.0006113020708751112,148.71981840618866,1.936023126636733,0.0024259846573866013
7.48,2.719498178986445,757.9488481097246,0.2091923361255719,0.0006097733825952158,148.72121924809892,1.933135476774069,0.0024227407691844566
7.485,2.719336780827612,757.9482579943965,0.20919445326795796,0.0006082480823241973,148.7226149880709,1.930251963675896,0.0024195007492334815
7.49,2.7191667236288057,757.9476603148215,0.2091965655790274,0.000606726153126327,148.72400564793654,1.927372577447242,0.0024162645940060006
7.495,2.718988014103596,757.9470550945994,0.20919867308222653,0.0006052075781987307,148.72539124945882,1.9244973082456516,0.002413032299967975
7.5,2.7188006593071323,757.9464423576279,0.20920077580081806,0.0006036923408708091,148.72677181433127,1.9216261462810051,0.0024098038635790983
7.505,2.7186046666358603,757.9458221281022,0.20920287375788177,0.0006021804246036613,148.72814736417888,1.9187590818153413,0.0024065792812928964
7.51,2.718400043827242,757.9451944305134,0.20920496697631552,0.0006006718129895106,148.72951792055855,1.915896105162678,0.0024033585495568236
7.515000000000001,2.7181867989594415,757.944559289648,0.20920705547883592,0.0005991664897511302,148.73088350495934,1.9130372066888335,0.002400141664812361
7.5200000000000005,2.717964940450999,757.9439167305867,0.2092091392879792,0.0005976644387412746,148.73224413880277,1.9101823768112507,0.0023969286234951158
7.525,2.717734477060519,757.9432667787033,0.20921121842610207,0.0005961656439421086,148.73359984344359,1.907331605998818,0.0023937194220349112
7.53,2.7174954178862953,757.9426094596643,0.20921329291538246,0.0005946700894646422,148.73495064016956,1.9044848847716946,0.002390514056855887
7.535,2.717247772365974,757.9419447994268,0.2092153627778203,0.0005931777595481664,148.73629655020233,1.9016422037011345,0.0023873125243765937
7.54,2.716991550276184,757.9412728242387,0.20921742803523846,0.0005916886385596916,148.7376375946976,1.898803553409311,0.0023841148210100864
7.545,2.71672676173214,757.9405935606368,0.2092194887092834,0.0005902027109933863,148.73897379474553,1.8959689245691427,0.002380920943164018
7.55,2.7164534171872394,757.939907035446,0.20922154482142605,0.0005887199614700196,148.740305171371,1.8931383079041186,0.002377730887240737
7.555,2.716171527432657,757.9392132757786,0.20922359639296262,0.0005872403747364054,148.7416317455343,1.8903116941881253,0.0023745446496373735
7.5600000000000005,2.7158811035969226,757.9385123090324,0.20922564344501535,0.0005857639356648467,148.7429535381309,1.8874890742452735,0.0023713622267459386
7.565,2.7155821571454752,757.9378041628904,0.2092276859985333,0.0005842906292525863,148.7442705699925,1.884670438949727,0.002368183614953413
7.57,2.715274699880209,757.9370888653195,0.2092297240742932,0.0005828204406212546,148.74558286188662,1.8818557792255282,0.002365008810641838
7.575,2.714958743939015,757.9363664445692,0.20923175769290006,0.0005813533550163223,148.7468904345178,1.8790450860464283,0.002361837810188409
7.58,2.714634301795291,757.9356369291705,0.20923378687478827,0.0005798893578065534,148.74819330852702,1.8762383504357172,0.002358670609965563
7.585,2.7143013862574588,757.9349003479351,0.20923581164022204,0.0005784284344834617,148.74949150449282,1.873435563466051,0.002355507206341071
7.59,2.713960010468456,757.9341567299538,0.20923783200929635,0.0005769705706607676,148.75078504293108,1.870636716259284,0.002352347595678127
7.595,2.713610187905213,757.9334061045956,0.20923984800193773,0.000575515752073858,148.75207394429555,1.8678417999862986,0.0023491917743354357
7.6000000000000005,2.713251932378131,757.9326485015068,0.20924185963790498,0.0005740639645792474,148.75335822897821,1.8650508058668356,0.0023460397386673017
7.605,2.712885258030524,757.9318839506092,0.20924386693678995,0.0005726151941540414,148.75463791730974,1.862263725169328,0.0023428914850237197
7.61,2.7125101793380715,757.9311124820994,0.20924586991801838,0.0005711694268953998,148.75591302955934,1.8594805492107298,0.0023397470097504583
7.615,2.7121267111082434,757.9303341264474,0.20924786860085048,0.000569726649020005,148.75718358593537,1.856701269356351,0.002336606309189149
7.62,2.711734868479704,757.9295489143957,0.20924986300438192,0.0005682868468635295,148.75844960658569,1.85392587701969,0.002333469379677372
7.625,2.7113346669217337,757.9287568769574,0.20925185314754438,0.0005668500068801065,148.75971111159797,1.8511543636622665,0.0023303362175487443
7.63,2.7109261222336025,757.9279580454161,0.20925383904910647,0.0005654161156418015,148.76096812099968,1.8483867207934561,0.0023272068191330032
7.635,2.7105092505439545,757.9271524513231,0.20925582072767437,0.0005639851598380854,148.76222065475866,1.8456229399703232,0.0023240811807560906
7.640000000000001,2.7100840683101732,757.9263401264977,0.2092577982016927,0.0005625571262753099,148.7634687327834,1.8428630127974572,0.0023209592987402396
7.6450000000000005,2.7096505923177236,757.9255211030251,0.2092597714894451,0.0005611320018761846,148.76471237492316,1.8401069309268088,0.0023178411694040595
7.65,2.709208839679501,757.9246954132552,0.20926174060905517,0.0005597097736792549,148.76595160096835,1.8373546860575205,0.0023147267890626156
7.655,2.7087588278351435,757.9238630898016,0.209263705578487,0.0005582904288383825,148.76718643065087,1.8346062699357681,0.0023116161540275163
7.66,2.708300574550348,757.9230241655398,0.20926566641554617,0.0005568739546222265,148.76841688364425,1.8318616743545943,0.002308509260606993
7.665,2.7078340979161712,757.9221786736067,0.20926762313788022,0.000555460338413727,148.7696429795638,1.8291208911537458,0.0023054061051059837
7.67,2.707359416348311,757.9213266473985,0.20926957576297964,0.0005540495677095899,148.7708647379673,1.8263839122195105,0.0023023066838262153
7.675,2.7068765485863895,757.9204681205697,0.20927152430817833,0.0005526416301197724,148.77208217835502,1.8236507294845552,0.0022992109930662836
7.68,2.7063855136931916,757.9196031270319,0.20927346879065464,0.0005512365133669722,148.77329532016967,1.8209213349277642,0.0022961190291217346
7.6850000000000005,2.7058863310539363,757.9187317009522,0.20927540922743185,0.000549834205286115,148.77450418279713,1.8181957205740749,0.0022930307882851448
7.69,2.7053790203754993,757.9178538767522,0.209277345635379,0.000548434693823846,148.77570878556642,1.8154738784943203,0.0022899462668462024
7.695,2.704863601685635,757.9169696891062,0.20927927803121166,0.0005470379670380219,148.77690914775,1.812755800805065,0.0022868654610917836
7.7,2.704340095332195,757.9160791729399,0.20928120643149256,0.0005456440130972045,148.77810528856403,1.8100414796684445,0.0022837883673060356
7.705,2.703808521982314,757.9151823634296,0.2092831308526324,0.0005442528202801553,148.77929722716877,1.8073309072920067,0.0022807149817704515
7.71,2.7032689026215966,757.9142792959999,0.2092850513108905,0.0005428643769753322,148.7804849826684,1.8046240759285501,0.0022776453007639507
7.715,2.702721258553288,757.913370006323,0.20928696782237555,0.0005414786716803872,148.78166857411165,1.801920977875965,0.002274579320562956
7.72,2.7021656113974437,757.9124545303172,0.20928888040304636,0.0005400956930016642,148.78284802049168,1.7992216054770744,0.00227151703744147
7.7250000000000005,2.7016019830900615,757.9115329041449,0.20929078906871248,0.0005387154296537005,148.78402334074684,1.7965259511194724,0.0022684584476711516
7.73,2.7010303958822206,757.9106051642121,0.20929269383503504,0.0005373378704587281,148.78519455376022,1.7938340072353702,0.002265403547521396
7.735,2.7004508723392058,757.9096713471661,0.20929459471752734,0.000535963004346176,148.78636167836024,1.7911457663014323,0.002262352333259404
7.74,2.699863435339612,757.9087314898944,0.2092964917315557,0.0005345908203521745,148.7875247333208,1.7884612208386208,0.0022593048011502635
7.745,2.6992681080744467,757.9077856295235,0.20929838489233996,0.0005332213076190607,148.78868373736165,1.785780363412038,0.0022562609474570208
7.75,2.6986649140462102,757.906833803417,0.20930027421495442,0.0005318544553948845,148.78983870914823,1.783103186630767,0.0022532207684407557
7.755,2.6980538770679696,757.9058760491744,0.20930215971432833,0.0005304902530329161,148.79098966729217,1.7804296831477153,0.0022501842603606568
7.76,2.697435021262418,757.9049124046293,0.20930404140524683,0.0005291286899911558,148.7921366303513,1.7777598456594574,0.002247151419474094
7.765000000000001,2.6968083710609236,757.9039429078483,0.20930591930235137,0.0005277697558318426,148.79327961683015,1.775093666906077,0.002244122242036692
7.7700000000000005,2.696173951202561,757.9029675971293,0.2093077934201407,0.0005264134402209665,148.79441864517972,1.7724311396710126,0.002241096724302404
7.775,2.6955317867331376,757.9019865109999,0.20930966377297125,0.0005250597329277792,148.79555373379793,1.769772256780898,0.0022380748625235817
7.78,2.694881903004209,757.9009996882161,0.2093115303750582,0.0005237086238243082,148.7966849010297,1.767117011105407,0.0022350566529510487
7.785,2.694224325672069,757.9000071677604,0.2093133932404758,0.0005223601028848713,148.79781216516736,1.764465395557099,0.0022320420918341723
7.79,2.6935590806967467,757.8990089888407,0.20931525238315835,0.0005210141601855911,148.79893554445044,1.7618174030912606,0.0022290311754209332
7.795,2.692886194340974,757.8980051908885,0.20931710781690072,0.0005196707859039114,148.80005505706615,1.7591730267057515,0.0022260238999579985
7.8,2.6922056931691505,757.8969958135573,0.20931895955535912,0.0005183299703181149,148.80117072114948,1.7565322594408486,0.002223020261690788
7.805000000000001,2.6915176040462914,757.8959808967211,0.20932080761205177,0.0005169917038068412,148.80228255478332,1.75389509437909,0.002220020256863547
7.8100000000000005,2.690821954136982,757.8949604804728,0.20932265200035957,0.0005156559768486062,148.8033905759987,1.751261524645122,0.0022170238817194165
7.815,2.690118770904291,757.8939346051229,0.20932449273352682,0.0005143227800213217,148.8044948027748,1.7486315434055415,0.002214031132500497
7.82,2.6894080821086823,757.8929033111973,0.20932632982466187,0.0005129921040018164,148.80559525303937,1.7460051438687416,0.0022110420054479232
7.825,2.6886899158069317,757.8918666394362,0.2093281632867378,0.0005116639395653578,148.8066919446685,1.7433823192847584,0.0022080564968019276
7.83,2.687964300351014,757.8908246307925,0.2093299931325932,0.000510338277585176,148.80778489548726,1.7407630629451154,0.0022050746028019095
7.835,2.687231264386983,757.8897773264296,0.20933181937493264,0.0005090151090319859,148.80887412326965,1.7381473681826698,0.002202096319686503
7.84,2.686490836853843,757.8887247677203,0.2093336420263276,0.0005076944249735125,148.80995964573836,1.7355352283714571,0.002199121643693643
7.845,2.6857430469824033,757.8876669962452,0.20933546109921689,0.0005063762165740152,148.81104148056565,1.7329266369265375,0.002196150571060632
7.8500000000000005,2.6849879242941257,757.8866040537911,0.20933727660590765,0.0005050604750938145,148.81211964537283,1.730321587303842,0.002193183098024204
7.855,2.6842254985999614,757.8855359823484,0.20933908855857566,0.0005037471918888188,148.8131941577309,1.7277200730000193,0.002190219220820594
7.86,2.6834557999991686,757.884462824111,0.20934089696926633,0.0005024363584100516,148.8142650351602,1.7251220875522797,0.002187258935685601
7.865,2.6826788588781265,757.8833846214732,0.20934270184989512,0.0005011279662031799,148.8153322951311,1.7225276245382435,0.0021843022388546504
7.87,2.681894705909141,757.8823014170289,0.20934450321224843,0.0004998220069080426,148.81639595506365,1.7199366775757856,0.002181349126562862
7.875,2.6811033720492268,757.8812132535696,0.20934630106798408,0.000498518472258181,148.817456032328,1.7173492403228836,0.0021783995950451127
7.88,2.6803048885388874,757.8801201740828,0.20934809542863217,0.0004972173540803677,148.81851254424444,1.7147653064774628,0.002175453640536099
7.885,2.679499286900883,757.87902222175,0.20934988630559556,0.0004959186442941389,148.81956550808346,1.712184869777244,0.0021725112592704014
7.890000000000001,2.6786865989389845,757.8779194399457,0.20935167371015068,0.0004946223349113249,148.820614941066,1.7096079239995885,0.002169572447482546
7.8950000000000005,2.6778668567367223,757.8768118722346,0.2093534576534481,0.000493328418035583,148.82166086036352,1.7070344629613468,0.002166637201407068
7.9,2.67704009265611,757.8756995623711,0.2093552381465133,0.0004920368858619298,148.82270328309812,1.704464480518703,0.0021637055172785725
7.905,2.6762063393363786,757.8745825542964,0.20935701520024722,0.0004907477306762748,148.8237422263426,1.7018979705670234,0.002160777391331797
7.91,2.675365629692677,757.8734608921378,0.20935878882542705,0.0004894609448549533,148.8247777071207,1.6993349270407012,0.00215785281980167
7.915,2.6745179969147803,757.8723346202062,0.20936055903270673,0.00048817652086426117,148.82580974240696,1.6967753439130056,0.0021549317989233764
7.92,2.6736634744657772,757.8712037829947,0.2093623258326178,0.0004868944512599905,148.82683834912714,1.694219215195926,0.002152014324932413
7.925,2.672802096080745,757.8700684251767,0.20936408923556987,0.0004856147286869642,148.8278635441584,1.6916665349400213,0.00214910039406465
7.930000000000001,2.67193389576543,757.8689285916042,0.2093658492518515,0.00048433734587857144,148.8288853443288,1.6891172972342638,0.002146190002556392
7.9350000000000005,2.67105890779489,757.8677843273061,0.20936760589163064,0.000483062295656305,148.82990376641808,1.6865714962058893,0.002143283146644436
7.94,2.670177166712152,757.8666356774863,0.20936935916495544,0.0004817895709292967,148.83091882715735,1.68402912602024,0.002140379822566129
7.945,2.669288707326843,757.8654826875219,0.20937110908175485,0.0004805191646938555,148.83193054322945,1.681490180880614,0.002137480026559428
7.95,2.668393564713814,757.8643254029614,0.2093728556518393,0.0004792510700330043,148.83293893126884,1.6789546550281105,0.0021345837548629575
7.955,2.6674917742117596,757.863163869523,0.2093745988849013,0.0004779852801160181,148.8339440078617,1.6764225427414772,0.002131691003716066
7.96,2.6665833714218223,757.8619981330927,0.20937633879051618,0.0004767217881979626,148.83494578954623,1.673893838336956,0.0021288017693588835
7.965,2.6656683922061846,757.8608282397225,0.2093780753781427,0.000475460587619232,148.83594429281268,1.6713685361681299,0.002125916048032381
7.97,2.6647468726866586,757.8596542356289,0.20937980865712374,0.0004742016718050887,148.8369395341033,1.6688466306257694,0.0021230338359784218
7.9750000000000005,2.663818849243254,757.8584761671901,0.20938153863668688,0.0004729450342652022,148.83793152981235,1.6663281161376784,0.002120155129439821
7.98,2.6628843585127457,757.8572940809455,0.20938326532594514,0.00047169066859318844,148.83892029628657,1.6638129871685419,0.002117279924660402
7.985,2.6619434373872264,757.8561080235927,0.20938498873389758,0.0004704385684661491,148.8399058498249,1.6613012382197703,0.002114408217885048
7.99,2.6609961230126458,757.8549180419864,0.20938670886942998,0.00046918872764421316,148.8408882066787,1.6587928638293457,0.0021115400053597594
7.995,2.6600424527873527,757.8537241831361,0.20938842574131547,0.00046794113997007577,148.84186738305206,1.6562878585716696,0.002108675283331708
8.0,2.6590824643606097,757.8525264942048,0.20939013935821527,0.00046669579936853956,148.84284339510134,1.6537862170574067,0.0021058140480492895
8.005,2.6581161956311172,757.8513250225061,0.2093918497286791,0.0004654526998460552,148.84381625893565,1.651287933933331,0.002102956295762179
8.01,2.657143684745503,757.8501198155036,0.20939355686114625,0.00046421183549026163,148.84478599061688,1.6487930038821743,0.0021001020227213855
8.015,2.656164970096825,757.8489109208081,0.2093952607639457,0.00046297320046952676,148.84575260615966,1.6463014216224652,0.0020972512251792993
8.02,2.6551800903230647,757.8476983861759,0.20939696144529732,0.000461736789032492,148.84671612153153,1.6438131819083834,0.002094403899389752
8.025,2.6541890843055866,757.8464822595073,0.20939865891331205,0.0004605025955076091,148.8476765526531,1.641328279529596,0.0020915600416080613
8.03,2.6531919911676076,757.8452625888444,0.2094003531759929,0.00045927061430268545,148.8486339153978,1.6388467093111108,0.002088719648091089
8.035,2.652188850272654,757.8440394223691,0.20940204424123532,0.0004580408399044222,148.84958822559227,1.6363684661131133,0.0020858827150972876
8.040000000000001,2.6511797012230076,757.8428128084012,0.2094037321168281,0.0004568132668779596,148.85053949901624,1.6338935448308176,0.0020830492388867546
8.045,2.6501645838581447,757.8415827953967,0.20940541681045385,0.00045558788986641664,148.85148775140266,1.6314219403943095,0.002080219215721283
8.05,2.649143538253154,757.840349431946,0.20940709832968976,0.0004543647035904323,148.85243299843782,1.6289536477683875,0.002077392641864407
8.055,2.6481166047171665,757.8391127667716,0.20940877668200805,0.00045314370284771013,148.85337525576125,1.6264886619524133,0.00207456951358146
8.06,2.6470838237917538,757.8378728487262,0.20941045187477694,0.00045192488251255704,148.85431453896598,1.6240269779801488,0.002071749827139615
8.065,2.646045236249333,757.8366297267911,0.20941212391526098,0.0004507082375354286,148.8552508635986,1.6215685909196074,0.0020689335788079415
8.07,2.645000883091563,757.835383450074,0.20941379281062192,0.0004494937629424672,148.85618424515894,1.6191134958728903,0.0020661207648574485
8.075,2.6439508055477203,757.8341340678071,0.2094154585679192,0.0004482814538350484,148.85711469910066,1.6166616879760378,0.0020633113815611386
8.08,2.6428950450730584,757.8328816293451,0.20941712119411082,0.00044707130538931855,148.85804224083094,1.6142131623988643,0.0020605054251940486
8.085,2.641833643347187,757.8316261841635,0.20941878069605363,0.00044586331285574073,148.85896688571074,1.6117679143448083,0.0020577028920333047
8.09,2.64076664227243,757.8303677818564,0.2094204370805044,0.00044465747155863415,148.8598886490547,1.6093259390507733,0.0020549037783581664
8.095,2.639694083972162,757.8291064721342,0.20942209035412007,0.0004434537768957155,148.86080754613113,1.606887231786967,0.0020521080804500706
8.1,2.6386160107891414,757.8278423048228,0.20942374052345875,0.0004422522243376442,148.8617235921624,1.6044517878567495,0.0020493157945926845
8.105,2.637532465283844,757.82657532986,0.20942538759498003,0.00044105280942755915,148.86263680232474,1.6020196025964692,0.0020465269170719456
8.11,2.636443490232793,757.8253055972951,0.209427031575046,0.0004398555277806259,148.86354719174824,1.5995906713753125,0.0020437414441761125
8.115,2.635349128626855,757.8240331572857,0.2094286724699215,0.00043866037508357304,148.86445477551706,1.597164989595137,0.002040959372195805
8.120000000000001,2.6342494236695484,757.8227580600966,0.2094303102857751,0.000437467347094237,148.86535956866933,1.5947425526903196,0.0020381806974240557
8.125,2.6331444187753386,757.8214803560969,0.20943194502867954,0.0004362764396411023,148.86626158619737,1.592323356127596,0.0020354054161563495
8.13,2.6320341575679223,757.8202000957591,0.20943357670461252,0.000435087648622841,148.86716084304763,1.589907395405898,0.002032633524690669
8.135,2.6309186838785044,757.8189173296561,0.20943520531945717,0.000433900970007857,148.86805735412048,1.5874946660562008,0.0020298650193275414
8.14,2.6297980417440754,757.81763210846,0.20943683087900292,0.00043271639983382364,148.8689511342708,1.585085163641356,0.0020270998963700763
8.145,2.6286722754056693,757.8163444829393,0.20943845338894593,0.0004315339342072273,148.86984219830768,1.5826788837559396,0.002024338152124017
8.15,2.627541429306603,757.8150545039575,0.2094400728548899,0.00043035356930290453,148.87073056099447,1.5802758220260842,0.0020215797828977743
8.155,2.62640554809074,757.8137622224712,0.20944168928234666,0.00042917530136358595,148.8716162370489,1.5778759741093256,0.0020188247850024786
8.16,2.6252646766007235,757.8124676895272,0.20944330267673678,0.00042799912669943255,148.87249924114303,1.575479335694436,0.002016073154752012
8.165000000000001,2.624118859876203,757.8111709562617,0.20944491304339025,0.0004268250416875787,148.8733795879034,1.5730859025012687,0.0020133248884630587
8.17,2.6229681431520575,757.809872073897,0.20944652038754716,0.00042565304277167093,148.87425729191102,1.570695670280593,0.0020105799824551435
8.175,2.62181257185661,757.8085710937406,0.20944812471435828,0.0004244831264614054,148.87513236770135,1.5683086348139317,0.0020078384330506683
8.18,2.6206521916098313,757.8072680671825,0.2094497260288858,0.0004233152893320701,148.8760048297644,1.5659247919134047,0.0020051002365749616
8.185,2.6194870482215418,757.8059630456931,0.20945132433610394,0.0004221495280240803,148.8768746925448,1.5635441374215602,0.00200236538935631
8.19,2.6183171876896054,757.8046560808222,0.20945291964089946,0.0004209858392425217,148.87774197044175,1.5611666672112183,0.001999633887726006
8.195,2.6171426561981113,757.803347224195,0.20945451194807255,0.0004198242197566838,148.87860667780905,1.5587923771853027,0.0019969057280183806
8.2,2.615963500115544,757.8020365275123,0.2094561012623373,0.00041866466639960245,148.87946882895525,1.5564212632766832,0.001994180906570849
8.205,2.6147797659929615,757.8007240425467,0.20945768758832248,0.00041750717606759373,148.8803284381436,1.554053321448006,0.0019914594197239436
8.21,2.6135915005621575,757.7994098211416,0.20945927093057198,0.0004163517457197949,148.88118551959212,1.5516885476915354,0.0019887412638213576
8.215,2.6123987507338096,757.7980939152085,0.2094608512935458,0.00041519837237770016,148.8820400874736,1.5493269380289885,0.0019860264352099814
8.22,2.611201563595637,757.7967763767256,0.2094624286816203,0.00041404705312469606,148.8828921559156,1.5469684885113664,0.001983314930239937
8.225,2.6099999864105374,757.7954572577349,0.2094640030990892,0.00041289778510560153,148.88374173900056,1.5446131952187963,0.0019806067452646224
8.23,2.6087940666147125,757.7941366103411,0.20946557455016396,0.00041175056552620064,148.88458885076574,1.5422610542603603,0.0019779018766407416
8.235,2.607583851815809,757.7928144867086,0.20946714303897465,0.00041060539165278185,148.88543350520342,1.5399120617739361,0.001975200320728348
8.24,2.6063693897910287,757.7914909390603,0.2094687085695704,0.00040946226081167074,148.8862757162607,1.5375662139260238,0.001972502073890874
8.245000000000001,2.6051507284852495,757.7901660196746,0.20947027114592023,0.0004083211703887678,148.88711549783977,1.535223506911587,0.001969807132495173
8.25,2.603927916009128,757.7888397808846,0.2094718307719136,0.00040718211782908223,148.88795286379775,1.532883936953882,0.0019671154929115538
8.255,2.602701000637203,757.7875122750744,0.20947338745136104,0.00040604510063626555,148.88878782794671,1.530547500304291,0.001964427151513811
8.26,2.601470030805989,757.7861835546786,0.20947494118799492,0.00040491011637214903,148.88962040405391,1.5282141932421585,0.0019617421046792686
8.265,2.600235055112066,757.7848536721791,0.20947649198547,0.0004037771626562737,148.89045060584166,1.525884012074618,0.001959060348788806
8.27,2.5989961223101523,757.7835226801039,0.20947803984736402,0.0004026462371654279,148.89127844698731,1.523556953136431,0.001956381880226899
8.275,2.597753281311184,757.7821906310242,0.20947958477717857,0.0004015173376331766,148.89210394112345,1.5212330127898113,0.001953706695381648
8.28,2.596506581180397,757.7808575775526,0.20948112677833952,0.00040039046184939844,148.89292710183778,1.518912187424264,0.0019510347906448193
8.285,2.5952560711353736,757.7795235723415,0.20948266585419784,0.00039926560765981455,148.89374794267326,1.5165944734564094,0.0019483661624118689
8.290000000000001,2.594001800544104,757.7781886680806,0.2094842020080301,0.0003981427729655227,148.89456647712805,1.514279867329819,0.001945700807081983
8.295,2.5927438189230396,757.7768529174945,0.20948573524303932,0.000397021955722529,148.89538271865544,1.5119683655148441,0.0019430387210581078
8.3,2.591482175935135,757.7755163733412,0.2094872655623553,0.00039590315394127815,148.89619668066425,1.509659964508442,0.0019403799007469793
8.305,2.590216921387889,757.7741790884099,0.20948879296903575,0.00039478636568618657,148.89700837651833,1.507354660834013,0.001937724342559161
8.31,2.5889481052313825,757.7728411155185,0.20949031746606642,0.00039367158907517054,148.89781781953715,1.5050524510412213,0.0019350720429090675
8.315,2.5876757775563015,757.771502507512,0.2094918390563622,0.0003925588222791793,148.89862502299533,1.5027533317058321,0.0019324229982150044
8.32,2.5863999885919577,757.7701633172601,0.2094933577427675,0.00039144806352172187,148.89943000012306,1.5004572994295318,0.0019297772048991909
8.325,2.585120788704314,757.7688235976552,0.209494873528057,0.00039033931107839966,148.90023276410568,1.498164350839763,0.0019271346593877972
8.33,2.5838382283939834,757.7674834016107,0.20949638641493626,0.0003892325632764328,148.90103332808434,1.4958744825895465,0.0019244953581109684
8.335,2.5825523582942465,757.7661427820577,0.2094978964060425,0.00038812781849419147,148.90183170515522,1.4935876913573127,0.0019218592975028595
8.34,2.581263229169049,757.7648017919448,0.20949940350394508,0.00038702507516072296,148.9026279083704,1.4913039738467275,0.001919226474001663
8.345,2.579970891910991,757.7634604842341,0.2095009077111463,0.0003859243317552789,148.90342195073728,1.4890233267865156,0.0019165968840496343
8.35,2.5786753975393375,757.7621189119004,0.20950240903008197,0.0003848255868068457,148.904213845219,1.4867457469302927,0.0019139705240931275
8.355,2.5773767971979833,757.7607771279283,0.20950390746312214,0.00038372883889366846,148.90500360473393,1.4844712310563846,0.0019113473905826165
8.36,2.5760751421534405,757.7594351853111,0.20950540301257162,0.000382634086642781,148.90579124215634,1.4821997759676582,0.0019087274799727293
8.365,2.57477048379282,757.7580931370471,0.20950689568067088,0.00038154132872953,148.90657677031612,1.4799313784913408,0.0019061107887222697
8.370000000000001,2.573462873621791,757.7567510361395,0.20950838546959638,0.0003804505638771023,148.90736020199873,1.4776660354788516,0.00190349731329425
8.375,2.5721523632625596,757.7554089355923,0.2095098723814616,0.0003793617908560512,148.90814154994524,1.4754037438056207,0.0019008870501559154
8.38,2.5708390044518246,757.7540668884101,0.20951135641831733,0.00037827500848382033,148.90892082685266,1.4731445003709127,0.0018982799957787688
8.385,2.5695228490387403,757.7527249475943,0.20951283758215267,0.0003771902156242714,148.90969804537355,1.4708883020976558,0.0018956761466386017
8.39,2.5682039489828625,757.7513831661423,0.20951431587489536,0.0003761074111872052,148.9104732181163,1.468635145932256,0.0018930754992155146
8.395,2.5668823563521035,757.7500415970446,0.20951579129841275,0.00037502659412789053,148.91124635764518,1.4663850288444293,0.001890478049993949
8.4,2.5655581233206717,757.7487002932832,0.20951726385451216,0.00037394776344658353,148.91201747648026,1.4641379478270156,0.0018878837954627054
8.405,2.5642313021670167,757.747359307829,0.20951873354494188,0.0003728709181880554,148.91278658709732,1.4618938998958075,0.0018852927321149752
8.41,2.562901945271759,757.7460186936405,0.2095202003713915,0.00037179605744111353,148.9135537019281,1.4596528820893668,0.0018827048564483589
8.415000000000001,2.5615701051156314,757.7446785036607,0.20952166433549274,0.0003707231803381256,148.9143188333604,1.457414891468849,0.0018801201649648956
8.42,2.5602358342773957,757.7433387908158,0.2095231254388201,0.00036965228605454257,148.91508199373774,1.4551799251178228,0.0018775386541710847
8.425,2.5588991854317698,757.7419996080125,0.2095245836828915,0.0003685833738084194,148.9158431953598,1.452947980142089,0.0018749603205779066
8.43,2.5575602113473628,757.740661008137,0.20952603906916892,0.00036751644285993906,148.9166024504822,1.4507190536695047,0.0018723851607008524
8.435,2.5562189648845743,757.7393230440512,0.20952749159905915,0.00036645149251093243,148.91735977131634,1.4484931428497976,0.001869813171059939
8.44,2.554875498993512,757.7379857685921,0.20952894127391425,0.0003653885221044029,148.91811517003018,1.446270244854391,0.001867244348179739
8.445,2.5535298667119024,757.736649234569,0.20953038809503252,0.00036432753102404403,148.9188686587472,1.4440503568762173,0.0018646786885893965
8.45,2.552182121163001,757.7353134947617,0.20953183206365883,0.00036326851869376354,148.91962024954753,1.4418334761295422,0.0018621161888226544
8.455,2.5508323155534884,757.7339786019181,0.20953327318098555,0.00036221148457720126,148.92036995446705,1.4396195998497767,0.00185955684541787
8.46,2.5494805031713743,757.7326446087526,0.209534711448153,0.00036115642817725213,148.92111778549815,1.4374087252933014,0.0018570006549180425
8.465,2.548126737383891,757.7313115679433,0.2095361468662503,0.0003601033490355849,148.92186375458905,1.4352008497372803,0.0018544476138708293
8.47,2.5467710716353897,757.7299795321306,0.20953757943631587,0.000359052246732162,148.92260787364452,1.432995970479477,0.0018518977188285665
8.475,2.5454135594452265,757.7286485539149,0.20953900915933824,0.00035800312088476104,148.9233501545256,1.4307940848380756,0.0018493509663482924
8.48,2.544054254405654,757.7273186858544,0.20954043603625652,0.00035695597114849056,148.9240906090495,1.4285951901514924,0.0018468073529917628
8.485,2.5426932101797086,757.7259899804629,0.2095418600679613,0.0003559107972153135,148.9248292489897,1.4263992837781976,0.0018442668753254755
8.49,2.5413304804990737,757.7246624902085,0.20954328125529512,0.00035486759881356316,148.9255660860763,1.4242063630965247,0.0018417295299206834
8.495000000000001,2.5399661191619782,757.7233362675103,0.2095446995990532,0.0003538263757074643,148.92630113199561,1.4220164255044916,0.0018391953133534184
8.5,2.538600180031069,757.7220113647373,0.2095461150999841,0.0003527871276966507,148.9270343983906,1.4198294684196142,0.0018366642222045087
8.505,2.537232717031275,757.720687834206,0.20954752775879046,0.00035174985461568307,148.9277658968603,1.4176454892787176,0.0018341362530595925
8.51,2.5358637841476948,757.7193657281783,0.2095489375761294,0.0003507145563335689,148.92849563896078,1.415464485537757,0.0018316114025091436
8.515,2.5344934354234496,757.7180450988594,0.2095503445526136,0.00034968123275327885,148.92922363620423,1.4132864546716257,0.0018290896671484798
8.52,2.5331217249575535,757.7167259983961,0.20955174868881155,0.00034864988381126736,148.9299499000597,1.4111113941739741,0.0018265710435777887
8.525,2.5317487069027806,757.715408478874,0.2095531499852485,0.00034762050947698776,148.9306744419526,1.408939301557019,0.001824055528402137
8.53,2.5303744354635294,757.7140925923164,0.20955454844240687,0.00034659310975241296,148.9313972732652,1.406770174351361,0.0018215431182314929
8.535,2.5289989648936797,757.7127783906814,0.20955594406072722,0.0003455676846715504,148.93211840533633,1.4046040101057924,0.0018190338096807362
8.540000000000001,2.5276223494944463,757.7114659258602,0.20955733684060865,0.00034454423429996226,148.9328378494617,1.4024408063871154,0.0018165275993696798
8.545,2.52624464361224,757.7101552496752,0.20955872678240955,0.0003435227587342821,148.9335556168935,1.400280560779952,0.0018140244839230824
8.55,2.5248659016365287,757.7088464138777,0.20956011388644827,0.0003425032581017311,148.93427171884102,1.3981232708865532,0.001811524459970661
8.555,2.523486177997679,757.7075394701459,0.20956149815300382,0.0003414857325596388,148.93498616647037,1.3959689343266173,0.0018090275241471115
8.56,2.5221055271648134,757.706234470083,0.2095628795823164,0.00034047018229495674,148.93569897090444,1.3938175487370947,0.001806533673092116
8.565,2.520724003643663,757.704931465215,0.2095642581745882,0.0003394566075237799,148.93641014322273,1.391669111772005,0.0018040429034503651
8.57,2.5193416619743987,757.7036305069888,0.209565633929984,0.0003384450084908607,148.93711969446224,1.3895236211022426,0.001801555211871562
8.575000000000001,2.5179585567294986,757.70233164677,0.20956700684863186,0.00033743538546912957,148.93782763561657,1.3873810744153927,0.0017990705950104448
8.58,2.5165747425115845,757.701034935841,0.20956837693062363,0.00033642773875921123,148.93853397763664,1.3852414694155384,0.0017965890495267951
8.585,2.5151902739512613,757.6997404253989,0.2095697441760159,0.00033542206868894184,148.93923873143018,1.3831048038230707,0.0017941105720854487
8.59,2.5138052057049802,757.6984481665538,0.20957110858483033,0.0003344183756128882,148.93994190786233,1.3809710753745017,0.0017916351593563141
8.595,2.5124195924528605,757.697158210326,0.2095724701570546,0.00033341665991186404,148.940643517755,1.3788402818222703,0.0017891628080143776
8.6,2.5110334888965316,757.695870607645,0.2095738288926428,0.0003324169219924504,148.94134357188767,1.376712420934557,0.0017866935147397216
8.605,2.5096469497569798,757.6945854093466,0.20957518479151638,0.00033141916228651095,148.9420420809968,1.3745874904950866,0.0017842272762175293
8.61,2.508260029772395,757.6933026661713,0.20957653785356448,0.00033042338125071306,148.94273905577634,1.3724654883029443,0.001781764089138103
8.615,2.5068727836959996,757.6920224287627,0.20957788807864486,0.00032942957936604386,148.94343450687737,1.3703464121723787,0.0017793039501968677
8.620000000000001,2.5054852662938862,757.6907447476644,0.2095792354665844,0.00032843775713733097,148.94412844490859,1.368230259932615,0.0017768468560943867
8.625,2.5040975323428643,757.6894696733192,0.20958058001717986,0.0003274479150927607,148.9448208804358,1.3661170294276614,0.0017743928035363703
8.63,2.502709636628284,757.6881972560662,0.20958192173019838,0.000326460053783396,148.94551182398254,1.3640067185161164,0.0017719417892336827
8.635,2.5013216339418896,757.6869275461395,0.20958326060537832,0.0003254741737826985,148.9462012860297,1.3618993250709814,0.0017694938099023568
8.64,2.4999335790796424,757.6856605936658,0.20958459664242976,0.00032449027568604537,148.94688927701577,1.3597948469794623,0.001767048862263597
8.645,2.4985455268395715,757.6843964486624,0.20958592984103527,0.00032350836011025213,148.94757580733673,1.3576932821427845,0.0017646069430437943
8.65,2.4971575320195916,757.6831351610354,0.20958726020085044,0.00032252842769309013,148.94826088734646,1.3555946284759937,0.001762168048974529
8.655,2.4957696494153554,757.6818767805777,0.20958858772150468,0.00032155047909280995,148.94894452735622,1.3534988839077697,0.0017597321767925842
8.66,2.4943819338180893,757.6806213569671,0.2095899124026017,0.0003205745149876602,148.94962673763519,1.3514060463802289,0.001757299323239948
8.665000000000001,2.4929944400124255,757.6793689397641,0.2095912342437203,0.00031960053607541097,148.95030752841038,1.349316113848736,0.001754869485063826
8.67,2.4916072227742374,757.6781195784104,0.20959255324441498,0.0003186285430728743,148.9509869098664,1.3472290842817078,0.0017524426590166463
8.675,2.4902203368684805,757.6768733222261,0.20959386940421654,0.0003176585367154263,148.951664892146,1.3451449556604207,0.001750018841856064
8.68,2.488833837047031,757.6756302204088,0.20959518272263272,0.0003166905177565316,148.9523414853497,1.343063725978821,0.0017475980303449734
8.685,2.4874477780465187,757.674390322031,0.209596493199149,0.0003157244869672644,148.95301669953594,1.3409853932433264,0.0017451802212515074
8.69,2.486062214586179,757.6731536760382,0.209597800833229,0.00031476044513583447,148.95369054472135,1.3389099554726394,0.00174276541134905
8.695,2.4846772013656824,757.6719203312471,0.20959910562431533,0.00031379839306710925,148.95436303088053,1.3368374106975474,0.0017403535974162352
8.700000000000001,2.483292793062969,757.6706903363439,0.20960040757183013,0.0003128383315821404,148.95503416794634,1.3347677569607348,0.0017379447762369588
8.705,2.481909044332099,757.6694637398818,0.20960170667517578,0.0003118802615176888,148.95570396580953,1.332700992316588,0.0017355389446003797
8.71,2.4805260098011037,757.6682405902798,0.2096030029337354,0.00031092418372574915,148.95637243431935,1.3306371148309986,0.001733136099300922
8.715,2.4791437440698165,757.6670209358198,0.20960429634687372,0.00030997009907307945,148.95703958328315,1.3285761225811763,0.0017307362371382865
8.72,2.4777623017077115,757.6658048246461,0.20960558691393746,0.0003090180084407251,148.95770542246674,1.3265180136554497,0.0017283393549174467
8.725,2.476381737251761,757.6645923047621,0.2096068746342562,0.00030806791272355004,148.95836996159423,1.324462786153078,0.0017259454494486595
8.73,2.475002105204283,757.6633834240292,0.20960815950714282,0.00030711981282976244,148.95903321034817,1.322410438184052,0.0017235545175474617
8.735,2.473623460030786,757.6621782301648,0.20960944153189426,0.0003061737096804472,148.95969517836963,1.3203609678689068,0.00172116655603468
8.74,2.472245856157812,757.6609767707403,0.20961072070779213,0.00030522960420909315,148.9603558752582,1.318314373338522,0.001718781561736427
8.745000000000001,2.470869347970799,757.659779093179,0.20961199703410333,0.00030428749736112666,148.96101531057198,1.3162706527339345,0.0017163995314841095
8.75,2.469493989811928,757.658585244755,0.2096132705100806,0.0003033473900934422,148.9616734938278,1.3142298042061415,0.0017140204621144274
8.755,2.4681198359779746,757.6573952725904,0.2096145411349634,0.0003024092833739342,148.96233043450113,1.3121918259159062,0.0017116443504693742
8.76,2.4667469407181786,757.6562092236541,0.20961580890797812,0.0003014731781810329,148.96298614202624,1.3101567160335699,0.0017092711933962433
8.765,2.465375358232086,757.6550271447594,0.20961707382833922,0.000300539075503236,148.96364062579613,1.3081244727388515,0.001706900987747623
8.77,2.4640051426674234,757.6538490825629,0.20961833589524936,0.0002996069763386469,148.96429389516283,1.3060950942206622,0.0017045337303814034
8.775,2.462636348117952,757.6526750835619,0.2096195951079004,0.0002986768816945083,148.9649459594369,1.304068578676906,0.0017021694181607715
8.78,2.461269028621329,757.6515051940931,0.2096208514654738,0.0002977487925867421,148.96559682788833,1.3020449243142913,0.0016998080479542171
8.785,2.4599032381569783,757.6503394603303,0.20962210496714132,0.0002968227100394851,148.96624650974573,1.3000241293481352,0.001697449616635526
8.790000000000001,2.4585390306439665,757.6491779282832,0.20962335561206563,0.0002958986350846306,148.96689501419706,1.2980061920021733,0.0016950941210837865
8.795,2.4571764599388635,757.6480206437948,0.20962460339940098,0.000294976568761368,148.96754235038924,1.2959911105083666,0.001692741558183385
8.8,2.455815579833624,757.6468676525404,0.20962584832829365,0.0002940565121157235,148.96818852742845,1.293978883106707,0.0016903919248240035
8.805,2.4544564440534593,757.6457190000252,0.20962709039788277,0.00029313846620010486,148.9688335543802,1.29196950804503,0.001688045217900624
8.81,2.4530991062547174,757.6445747315829,0.2096283296073008,0.00029222243207284237,148.96947744026923,1.2899629835788164,0.0016857014343135198
8.815,2.4517436200227656,757.6434348923734,0.20962956595567414,0.000291308410797737,148.9701201940793,1.2879593079710072,0.0016833605709682608
8.82,2.450390038869873,757.6422995273817,0.20963079944212384,0.00029039640344360367,148.97076182475413,1.2859584794918062,0.0016810226247757042
8.825000000000001,2.449038416233102,757.6411686814157,0.2096320300657661,0.00028948641108382127,148.97140234119638,1.2839604964184932,0.0016786875926519985
8.83,2.4476888054721955,757.6400423991043,0.20963325782571288,0.0002885784347958803,148.9720417522686,1.2819653570352316,0.0016763554715185781
8.835,2.4463412598674696,757.6389207248961,0.20963448272107257,0.000287672475660932,148.9726800667928,1.279973059632874,0.0016740262583021573
8.84,2.444995832617713,757.6378037030574,0.20963570475095056,0.00028676853476334257,148.97331729355065,1.2779836025087785,0.0016716999499347333
8.845,2.44365257683808,757.6366913776702,0.20963692391444977,0.0002858666131902424,148.9739534412833,1.2759969839666117,0.0016693765433535763
8.85,2.4423115455580087,757.6355837926311,0.20963814021067134,0.0002849667120310839,148.97458851869197,1.2740132023161634,0.0016670560355012307
8.855,2.440972791719112,757.6344809916487,0.20963935363871522,0.0002840688323771937,148.97522253443736,1.2720322558731536,0.0016647384233255064
8.86,2.4396363681730935,757.633383018243,0.20964056419768062,0.0002831729753213332,148.97585549714026,1.2700541429590462,0.001662423703779479
8.865,2.438302327679659,757.6322899157423,0.20964177188666683,0.000282279141957254,148.9764874153812,1.2680788619008558,0.00166011187382148
8.870000000000001,2.436970722904441,757.6312017272828,0.20964297670477358,0.0002813873333792603,148.97711829770077,1.2661064110309637,0.0016578029304150962
8.875,2.4356416064169126,757.6301184958062,0.2096441786511018,0.0002804975506817699,148.97774815259953,1.2641367886869264,0.001655496870529163
8.88,2.4343150306883095,757.629040264058,0.20964537772475403,0.000279609794958877,148.97837698853823,1.2621699932112866,0.001653193691137756
8.885,2.432991048089567,757.627967074586,0.20964657392483518,0.0002787240673039185,148.9790048139374,1.26020602295139,0.00165089338922019
8.89,2.431669710889242,757.6268989697388,0.20964776725045295,0.0002778403688090386,148.9796316371782,1.2582448762591922,0.0016485959617610077
8.895,2.43035107125146,757.6258359916637,0.20964895770071854,0.0002769587005647595,148.98025746660184,1.2562865514910773,0.0016463014057499785
8.9,2.429035181233852,757.6247781823054,0.2096501452747471,0.00027607906365954864,148.98088231050986,1.254331047007666,0.0016440097181820864
8.905,2.427722092785499,757.6237255834039,0.20965132997165836,0.0002752014591793933,148.981506177164,1.2523783611736357,0.0016417208960575287
8.91,2.4264118577448786,757.6226782364936,0.20965251179057717,0.0002743258882073716,148.98212907478666,1.2504284923575284,0.0016394349363817024
8.915000000000001,2.4251045278378256,757.6216361829008,0.20965369073063414,0.0002734523518232303,148.9827510115604,1.248481438931571,0.0016371518361652025
8.92,2.4238001546754777,757.6205994637429,0.2096548667909661,0.00027258085110296054,148.9833719956286,1.2465371992714878,0.0016348715924238116
8.925,2.4224987897522468,757.6195681199259,0.20965603997071666,0.00027171138711837636,148.98399203509499,1.244595771756315,0.0016325942021784897
8.93,2.4212004844437893,757.6185421921439,0.2096572102690369,0.00027084396093669783,148.98461113802412,1.2426571547682217,0.0016303196624553708
8.935,2.41990529000497,757.6175217208761,0.20965837768508572,0.00026997857362013185,148.98522931244105,1.2407213466923204,0.0016280479702857485
8.94,2.418613257567843,757.6165067463864,0.20965954221803051,0.00026911522622545894,148.9858465663317,1.2387883459164915,0.0016257791227060738
8.945,2.4173244381396324,757.6154973087214,0.20966070386704777,0.0002682539198036185,148.98646290764256,1.2368581508311935,0.0016235131167579382
8.950000000000001,2.4160388826007155,757.6144934477087,0.20966186263132344,0.0002673946553992993,148.98707834428134,1.2349307598292885,0.0016212499494880715
8.955,2.414756641702622,757.6134952029553,0.20966301851005364,0.00026653743405052996,148.9876928841162,1.2330061713058569,0.0016189896179483285
8.96,2.4134777660660194,757.6125026138463,0.20966417150244507,0.00026568225678827163,148.98830653497666,1.2310843836580163,0.0016167321191956775
8.965,2.4122023061787234,757.6115157195434,0.20966532160771567,0.00026482912463601517,148.98891930465285,1.2291653952847463,0.0016144774502921953
8.97,2.4109303123937025,757.6105345589829,0.20966646882509501,0.00026397803860937573,148.98953120089638,1.227249204586704,0.0016122256083050501
8.975,2.4096618349270855,757.6095591708744,0.20966761315382496,0.0002631289997156957,148.99014223141955,1.2253358099660496,0.001609976590306498
8.98,2.4083969238561895,757.6085895936995,0.20966875459316003,0.000262282008953644,148.9907524038962,1.2234252098262648,0.0016077303933738653
8.985,2.4071356291175348,757.6076258657101,0.20966989314236814,0.00026143706731282285,148.99136172596081,1.2215174025719797,0.001605487014589543
8.99,2.4058780005048694,757.606668024927,0.2096710288007309,0.00026059417577337156,148.9919702052098,1.219612386608791,0.0016032464510409698
8.995000000000001,2.4046240876672154,757.6057161091378,0.20967216156754429,0.00025975333530557795,148.9925778492004,1.2177101603430909,0.0016010086998206258
9.0,2.4033739401068983,757.6047701558965,0.209673291442119,0.0002589145468694888,148.99318466545148,1.21581072218189,0.0015987737580260182
9.005,2.4021276071776003,757.6038302025211,0.20967441842378118,0.00025807781141452227,148.993790661443,1.21391407053264,0.0015965416227596667
9.01,2.400885138082404,757.6028962860925,0.2096755425118727,0.0002572431298790865,148.99439584461683,1.2120202038030665,0.0015943122911290962
9.015,2.399646581871855,757.601968443453,0.20967666370575183,0.0002564105031901955,148.99500022237586,1.2101291204009872,0.0015920857602468184
9.02,2.39841198744203,757.6010467112048,0.20967778200479356,0.0002555799322630927,148.99560380208493,1.2082408187341485,0.001589862027230325
9.025,2.397181403532596,757.6001311257089,0.2096788974083903,0.00025475141800087225,148.9962065910701,1.2063552972100466,0.0015876410892020681
9.03,2.3959548787248965,757.5992217230832,0.20968000991595218,0.0002539249612941076,148.9968085966194,1.2044725542357624,0.0015854229432894537
9.035,2.3947324614400234,757.5983185392012,0.20968111952690768,0.00025310056302047787,148.9974098259823,1.2025925882177864,0.0015832075866248204
9.040000000000001,2.393514199936917,757.5974216096905,0.20968222624070398,0.0002522782240444014,148.99801028637023,1.2007153975618539,0.001580995016345433
9.045,2.392300142310451,757.5965309699319,0.2096833300568076,0.00025145794521666884,148.99860998495623,1.198840980672775,0.0015787852295934646
9.05,2.3910903364895355,757.5956466550574,0.20968443097470466,0.0002506397273740791,148.99920892887522,1.1969693359542652,0.0015765782235159802
9.055,2.3898848302352294,757.5947686999491,0.2096855289939016,0.0002498235713390808,148.9998071252239,1.195100461808783,0.0015743739952649286
9.06,2.388683671138849,757.5938971392379,0.2096866241139254,0.00024900947791941207,149.0004045810611,1.1932343566373593,0.0015721725419971203
9.065,2.3874869066200968,757.593032007302,0.20968771633432426,0.000248197447907748,149.00100130340724,1.191371018839438,0.001569973860874219
9.07,2.3862945839251792,757.5921733382654,0.20968880565466785,0.00024738748208134637,149.0015972992451,1.1895104468127051,0.0015677779490627206
9.075000000000001,2.385106750124952,757.591321165997,0.20968989207454797,0.0002465795812016999,149.0021925755192,1.1876526389529325,0.0015655848037339428
9.08,2.3839234521130543,757.5904755241088,0.20969097559357883,0.00024577374601418903,149.00278713913636,1.1857975936538125,0.0015633944220640077
9.085,2.3827447366040606,757.5896364459549,0.2096920562113976,0.0002449699772477377,149.00338099696526,1.1839453093067955,0.0015612068012338229
9.09,2.381570650131637,757.5888039646301,0.20969313392766484,0.00024416827561447445,149.00397415583706,1.1820957843009332,0.001559021938429071
9.095,2.3804012390466984,757.5879781129684,0.20969420874206485,0.00024336864180939273,149.00456662254473,1.1802490170227151,0.0015568398308401885
9.1,2.3792365495155927,757.5871589235419,0.20969528065430618,0.00024257107651001823,149.00515840384378,1.1784050058559148,0.001554660475662353
9.105,2.3780766275182628,757.5863464286598,0.20969634966412212,0.00024177558037607517,149.00574950645176,1.1765637491814285,0.0015524838700954632
9.11,2.376921518846439,757.5855406603664,0.209697415771271,0.00024098215404915968,149.0063399370487,1.1747252453771222,0.0015503100113441256
9.115,2.3757712691018296,757.5847416504405,0.20969847897553662,0.00024019079815241207,149.0069297022768,1.172889492817673,0.0015481388966176331
9.120000000000001,2.3746259236943197,757.583949430394,0.2096995392767288,0.00023940151329019678,149.00751880874074,1.1710564898744182,0.0015459705231299524
9.125,2.3734855278401823,757.5831640314702,0.20970059667468363,0.00023861430004778165,149.00810726300742,1.169226234915201,0.0015438048880997042
9.13,2.372350126560286,757.5823854846434,0.209701651169264,0.00023782915899102114,149.00869507160635,1.1673987263042163,0.0015416419887501432
9.135,2.3712197646783286,757.5816138206169,0.2097027027603599,0.0002370460906660454,149.00928224102935,1.165573962401863,0.0015394818223091462
9.14,2.370094486819053,757.5808490698223,0.20970375144788891,0.00023626509559894813,149.0098687777309,1.1637519415645914,0.001537324386009187
9.145,2.3689743374064984,757.580091262418,0.20970479723179652,0.00023548617429548248,149.01045468812777,1.1619326621447572,0.0015351696770873246
9.15,2.3678593606622425,757.5793404282882,0.20970584011205656,0.00023470932724075556,149.01103997859954,1.1601161224904692,0.0015330176927851797
9.155,2.3667496006036544,757.5785965970417,0.2097068800886716,0.00023393455489893064,149.0116246554881,1.158302320945449,0.0015308684303489207
9.16,2.3656451010421558,757.5778597980106,0.20970791716167328,0.00023316185771292834,149.01220872509816,1.1564912558488794,0.0015287218870292394
9.165000000000001,2.364545905581491,757.5771300602494,0.20970895133112272,0.00023239123610413522,149.01279219369678,1.1546829255352642,0.0015265780600813377
9.17,2.3634520576160147,757.5764074125335,0.20970998259711085,0.00023162269047211328,149.01337506751398,1.1528773283342844,0.001524436946764906
9.175,2.36236360032897,757.5756918833584,0.2097110109597589,0.00023085622119431272,149.01395735274227,1.1510744625706535,0.001522298544344101
9.18,2.361280576690779,757.5749835009385,0.20971203641921854,0.00023009182862578979,149.01453905553694,1.1492743265639818,0.0015201628500875327
9.185,2.360203029457351,757.5742822932059,0.2097130589756725,0.00022932951309892577,149.0151201820157,1.1474769186286313,0.0015180298612682375
9.19,2.3591310011684086,757.5735882878092,0.20971407862933464,0.0002285692749231536,149.01570073825934,1.1456822370735826,0.0015158995751636652
9.195,2.3580645341457873,757.5729015121128,0.20971509538045058,0.00022781111438468187,149.01628073031134,1.143890280202293,0.0015137719890556526
9.200000000000001,2.357003670491776,757.5722219931954,0.20971610922929781,0.00022705503174622803,149.01686016417787,1.1421010463125651,0.0015116471002304093
9.205,2.3559484520874507,757.5715497578492,0.20971712017618618,0.00022630102724675218,149.01743904582796,1.1403145336964104,0.0015095249059784938
9.21,2.354898920591023,757.5708848325787,0.2097181282214581,0.00022554910110119333,149.01801738119343,1.1385307406399137,0.001507405403594792
9.215,2.353855117436196,757.5702272435999,0.20971913336548903,0.0002247992535002136,149.01859517616865,1.1367496654231053,0.0015052885903785013
9.22,2.352817083830526,757.5695770168389,0.20972013560868766,0.0002240514846099413,149.01917243661123,1.1349713063198266,0.0015031744636331043
9.225,2.351784860753801,757.5689341779313,0.20972113495149627,0.00022330579457172125,149.01974916834132,1.1331956615976044,0.0015010630206663531
9.23,2.350758488956414,757.5682987522207,0.20972213139439108,0.00022256218350186533,149.0203253771422,1.1314227295175185,0.0014989542587902427
9.235,2.349738008957761,757.5676707647581,0.2097231249378825,0.00022182065149141075,149.02090106875963,1.1296525083340796,0.0014968481753209958
9.24,2.348723461044642,757.5670502403009,0.20972411558251547,0.00022108119860587717,149.0214762489027,1.1278849962950988,0.0014947447675790356
9.245000000000001,2.347714885269667,757.5664372033117,0.20972510332886976,0.00022034382488503242,149.0220509232429,1.126120191641568,0.0014926440328889687
9.25,2.3467123214496786,757.5658316779575,0.2097260881775602,0.00021960853034265913,149.02262509741507,1.1243580926075358,0.0014905459685795623
9.255,2.3457158091641745,757.5652336881086,0.20972707012923708,0.00021887531496632436,149.02319877701652,1.1225986974199833,0.0014884505719837194
9.26,2.344725387753751,757.5646432573379,0.20972804918458632,0.0002181441787171562,149.02377196760787,1.12084200429871,0.0014863578404384627
9.265,2.343741096318546,757.5640604089199,0.2097290253443298,0.0002174151215296202,149.02434467471224,1.1190880114562087,0.0014842677712849064
9.27,2.3427629737166953,757.5634851658297,0.20972999860922562,0.00021668814331130383,149.024916903816,1.1173367170975537,0.0014821803618682396
9.275,2.341791058562801,757.5629175507419,0.20973096898006835,0.00021596324394270025,149.02548866036815,1.1155881194202808,0.0014800956095376984
9.28,2.340825389226405,757.5623575860303,0.20973193645768934,0.00021524042327700032,149.02605994978083,1.1138422166142774,0.0014780135116465496
9.285,2.3398660038304735,757.5618052937665,0.20973290104295692,0.00021451968113988433,149.02663077742884,1.1120990068616645,0.0014759340655520615
9.290000000000001,2.3389129402498976,757.561260695719,0.20973386273677663,0.00021380101732932147,149.02720114865008,1.1103584883366897,0.0014738572686154878
9.295,2.3379662361099873,757.5607238133531,0.2097348215400916,0.00021308443161537018,149.02777106874512,1.1086206592056156,0.001471783118202041
9.3,2.3370259287850033,757.5601946678289,0.20973577745388264,0.00021236992373998328,149.02834054297767,1.106885517626609,0.0014697116116808683
9.305,2.336092055396671,757.5596732800013,0.20973673047916852,0.00021165749341681852,149.0289095765741,1.1051530617496383,0.0014676427464250339
9.31,2.3351646528127,757.5591596704191,0.2097376806170062,0.00021094714033104993,149.02947817472386,1.1034232897163636,0.001465576519811489
9.315,2.3342437576453525,757.558653859324,0.20973862786849112,0.00021023886413918687,149.03004634257906,1.1016961996600363,0.0014635129292210553
9.32,2.3333294062499914,757.5581558666495,0.20973957223475725,0.00020953266446889314,149.03061408525494,1.0999717897053922,0.001461451972038396
9.325000000000001,2.3324216347236386,757.5576657120209,0.20974051371697752,0.0002088285409188136,149.0311814078291,1.0982500579685552,0.0014593936456519974
9.33,2.3315204789035593,757.5571834147541,0.20974145231636387,0.00020812649305840256,149.03174831534244,1.0965310025569348,0.0014573379474541416
9.335,2.3306259743658373,757.5567089938546,0.20974238803416748,0.00020742652042775577,149.0323148127985,1.0948146215691263,0.0014552848748408836
9.34,2.3297381564239776,757.5562424680171,0.20974332087167896,0.00020672862253744918,149.03288090516358,1.09310091309482,0.0014532344252120302
9.345,2.3288570601275116,757.5557838556247,0.20974425083022866,0.0002060327988683779,149.03344659736686,1.0913898752146987,0.0014511865959711118
9.35,2.3279827202606054,757.5553331747481,0.2097451779111867,0.00020533904887160286,149.03401189430022,1.0896815060003515,0.0014491413845253642
9.355,2.3271151713406963,757.5548904431449,0.20974610211596315,0.00020464737196819804,149.03457680081817,1.0879758035141764,0.0014470987882856977
9.36,2.3262544476171274,757.5544556782593,0.20974702344600837,0.00020395776754910514,149.03514132173822,1.0862727658092937,0.0014450588046666809
9.365,2.325400583069793,757.5540288972204,0.20974794190281304,0.00020327023497498874,149.03570546184028,1.0845723909294531,0.0014430214310865088
9.370000000000001,2.324553611407802,757.5536101168428,0.20974885748790828,0.00020258477357609886,149.0362692258672,1.0828746769089508,0.0014409866649669847
9.375,2.32371356606814,757.5531993536251,0.20974977020286598,0.00020190138265213534,149.03683261852422,1.0811796217725416,0.0014389545037334936
9.38,2.3228804802143572,757.5527966237494,0.2097506800492988,0.0002012200614721162,149.0373956444795,1.0794872235353536,0.001436924944814976
9.385,2.3220543867352497,757.5524019430808,0.20975158702886043,0.00020054080927425235,149.03795830836341,1.077797480202809,0.0014348979856439077
9.39,2.321235318243575,757.5520153271668,0.20975249114324557,0.0001998636252658232,149.03852061476937,1.0761103897705395,0.0014328736236562708
9.395,2.3204233070747566,757.5516367912367,0.20975339239419025,0.0001991885086230593,149.039082568253,1.0744259502243103,0.0014308518562915341
9.4,2.3196183852855947,757.5512663502006,0.20975429078347188,0.00019851545849102604,149.0396441733326,1.0727441595399392,0.0014288326809926222
9.405,2.318820584653021,757.5509040186496,0.20975518631290932,0.00019784447398351476,149.0402054344888,1.0710650156832242,0.0014268160952058983
9.41,2.318029936672836,757.5505498108544,0.20975607898436313,0.0001971755541829345,149.0407663561649,1.069388516609864,0.0014248020963811322
9.415000000000001,2.3172464725584603,757.5502037407651,0.20975696879973552,0.00019650869814021084,149.04132694276635,1.0677146602653904,0.0014227906819714814
9.42,2.316470223239718,757.549865822011,0.2097578557609706,0.00019584390487468702,149.04188719866124,1.0660434445850944,0.0014207818494334642
9.425,2.315701219361602,757.5495360678995,0.20975873987005444,0.00019518117337402895,149.04244712817965,1.0643748674939544,0.0014187755962269315
9.43,2.3149394912830625,757.5492144914158,0.20975962112901514,0.00019452050259413585,149.0430067356144,1.0627089269065735,0.001416771919815049
9.435,2.314185069075813,757.5489011052225,0.2097604995399229,0.00019386189145905293,149.04356602522014,1.0610456207271077,0.001414770817664265
9.44,2.3134379825231526,757.548595921659,0.2097613751048902,0.00019320533886089096,149.04412500121416,1.0593849468492058,0.001412772287244291
9.445,2.3126982611187814,757.5482989527408,0.2097622478260718,0.00019255084365974595,149.04468366777547,1.0577269031559415,0.001410776326028072
9.450000000000001,2.3119659340656242,757.5480102101596,0.2097631177056649,0.00019189840468362716,149.04524202904565,1.0560714875197563,0.0014087829314917664
9.455,2.3112410302746924,757.5477297052824,0.20976398474590902,0.00019124802072838606,149.04580008912814,1.0544186978023982,0.0014067921011147175
9.46,2.3105235783639486,757.5474574491511,0.2097648489490863,0.00019059969055764997,149.04635785208848,1.0527685318548603,0.001404803832379428
9.465,2.3098136066571664,757.5471934524821,0.20976571031752148,0.00018995341290276163,149.04691532195426,1.0511209875173304,0.0014028181227715387
9.47,2.3091111431828057,757.546937725666,0.2097665688535818,0.00018930918646271964,149.04747250271487,1.0494760626191297,0.0014008349697797976
9.475,2.3084162156729193,757.546690278767,0.20976742455967734,0.00018866700990412638,149.04802939832172,1.0478337549786654,0.0013988543708960415
9.48,2.3077288515620533,757.5464511215226,0.20976827743826076,0.00018802688186113668,149.04858601268813,1.0461940624033736,0.001396876323615164
9.485,2.3070490779861657,757.5462202633436,0.20976912749182758,0.00018738880093541386,149.04914234968905,1.0445569826896748,0.0013949008254350967
9.49,2.3063769217815473,757.5459977133127,0.20976997472291609,0.0001867527656960858,149.0496984131614,1.0429225136229197,0.001392927873856778
9.495000000000001,2.3057124094837733,757.5457834801853,0.20977081913410733,0.0001861187746797092,149.05025420690345,1.0412906529773485,0.001390957466384133
9.5,2.305055567326648,757.5455775723887,0.20977166072802528,0.00018548682639023544,149.05080973467548,1.039661398516042,0.0013889896005240458
9.505,2.304406421241173,757.5453799980213,0.2097724995073367,0.0001848569192989798,149.05136500019918,1.0380347479908782,0.0013870242737863327
9.51,2.3037649968545213,757.5451907648533,0.20977333547475127,0.00018422905184459746,149.05192000715786,1.0364106991424942,0.0013850614836837217
9.515,2.303131319489026,757.5450098803252,0.20977416863302148,0.0001836032224330599,149.0524747591961,1.0347892497002413,0.0013831012277318211
9.52,2.3025054141611836,757.5448373515488,0.20977499898494278,0.00018297942943763925,149.05302925992018,1.0331703973821513,0.0013811435034491008
9.525,2.301887305580666,757.5446731853058,0.20977582653335342,0.0001823576711988922,149.0535835128974,1.0315541398948953,0.001379188308356861
9.53,2.301277018149334,757.5445173880481,0.20977665128113454,0.00018173794602465243,149.05413752165663,1.0299404749337535,0.0013772356399792127
9.535,2.3006745759602882,757.5443699658975,0.2097774732312101,0.00018112025219002255,149.0546912896879,1.0283294001825765,0.001375285495843047
9.540000000000001,2.3000800027969133,757.5442309246454,0.2097782923865469,0.00018050458793737379,149.0552448204423,1.026720913313758,0.001373337873478014
9.545,2.2994933221319345,757.5441002697524,0.20977910875015457,0.0001798909514763472,149.05579811733216,1.0251150119882029,0.0013713927704164968
9.55,2.298914557126501,757.5439780063487,0.20977992232508544,0.00017927934098385843,149.0563511837308,1.0235116938552973,0.001369450184193584
9.555,2.2983437306292607,757.5438641392329,0.2097807331144346,0.0001786697546041093,149.05690402297245,1.021910956552885,0.001367510112347048
9.56,2.2977808651754654,757.543758672873,0.20978154112133984,0.00017806219044859967,149.05745663835228,1.0203127977072386,0.0013655725524173165
9.565,2.2972259829860824,757.543661611405,0.20978234634898157,0.00017745664659614646,149.05800903312632,1.0187172149330403,0.001363637501947452
9.57,2.296679105966901,757.5435729586338,0.20978314880058285,0.00017685312109290226,149.0585612105115,1.0171242058333547,0.00136170495848312
9.575000000000001,2.2961402557076855,757.5434927180326,0.2097839484794092,0.0001762516119523828,149.05911317368495,1.015533767999613,0.0013597749195725713
9.58,2.295609453481324,757.5434208927425,0.20978474538876865,0.00017565211715549499,149.05966492578497,1.013945899011593,0.001357847382766613
9.585,2.2950867202429754,757.5433574855728,0.20978553953201165,0.00017505463465056857,149.06021646991033,1.0123605964373998,0.0013559223456185824
9.59,2.2945720766292523,757.5433024990008,0.20978633091253096,0.00017445916235339352,149.06076780912025,1.0107778578334548,0.0013539998056843264
9.595,2.294065542957398,757.5432559351716,0.2097871195337616,0.00017386569814725893,149.06131894643391,1.0091976807444762,0.0013520797605221715
9.6,2.2935671392244963,757.5432177958982,0.20978790539918085,0.00017327423988299848,149.0618698848315,1.0076200627034733,0.0013501622076929041
9.605,2.2930768851066756,757.543188082661,0.20978868851230795,0.000172684785379036,149.06242062725315,1.006045001231729,0.0013482471447597416
9.61,2.292594799958322,757.5431667966084,0.20978946887670424,0.000172097332421438,149.06297117659935,1.004472493838798,0.0013463345692883105
9.615,2.292120902811327,757.5431539385562,0.20979024649597294,0.00017151187876396717,149.06352153573025,1.0029025380224927,0.0013444244788466191
9.620000000000001,2.2916552123743403,757.5431495089879,0.2097910213737591,0.0001709284221281421,149.06407170746658,1.001335131268882,0.0013425168710050359
9.625,2.291197747032022,757.5431535080544,0.20979179351374944,0.00017034696020329867,149.06462169458877,0.9997702710522861,0.0013406117433362632
9.63,2.290748524844317,757.5431659355744,0.20979256291967227,0.00016976749064665493,149.06517149983722,0.998207954835271,0.0013387090934153117
9.635,2.290307563545746,757.543186791034,0.2097933295952974,0.00016919001108338185,149.0657211259121,0.9966481800686522,0.0013368089188194787
9.64,2.289874880544706,757.5432160735869,0.209794093544436,0.00016861451910667419,149.06627057547328,0.9950909441914901,0.001334911217128321
9.645,2.2894504929227826,757.5432537820545,0.20979485477094048,0.0001680410122778284,149.06681985114017,0.9935362446310972,0.0013330159859236336
9.65,2.2890344174340655,757.543299914926,0.20979561327870436,0.00016746948812632075,149.06736895549201,0.9919840788030365,0.0013311232227894213
9.655,2.288626670504502,757.5433544703582,0.2097963690716621,0.00016689994414989222,149.06791789106728,0.9904344441111318,0.0013292329253118797
9.66,2.2882272682312403,757.5434174461756,0.20979712215378904,0.00016633237781463292,149.06846666036412,0.9888873379474695,0.0013273450910793654
9.665000000000001,2.287836226381995,757.5434888398709,0.20979787252910118,0.00016576678655507414,149.06901526583962,0.9873427576924108,0.001325459717682377
9.67,2.2874535603944297,757.5435686486045,0.20979862020165513,0.00016520316777428093,149.0695637099105,0.9858007007145995,0.0013235768027135292
9.675,2.2870792853755413,757.5436568692053,0.20979936517554784,0.00016464151884394812,149.07011199495238,0.9842611643709722,0.001321696343767527
9.68,2.2867134161010654,757.5437534981701,0.20980010745491653,0.00016408183710450196,149.0706601233001,0.9827241460067744,0.0013198183384411457
9.685,2.2863559670148934,757.5438585316645,0.2098008470439385,0.00016352411986520168,149.0712080972474,0.9811896429555703,0.0013179427843332029
9.69,2.2860069522285014,757.5439719655221,0.20980158394683102,0.00016296836440424803,149.07175591904712,0.9796576525392636,0.0013160696790445398
9.695,2.285666385520396,757.5440937952459,0.20980231816785103,0.0001624145679688914,149.0723035909105,0.9781281720681098,0.0013141990201779921
9.700000000000001,2.285334280335564,757.5442240160071,0.2098030497112951,0.00016186272777554618,149.072851115008,0.9766011988407384,0.001312330805338372
9.705,2.285010649784943,757.5443626226466,0.20980377858149923,0.00016131284100990678,149.0733984934684,0.975076730144172,0.0013104650321324413
9.71,2.2846955066449186,757.5445096096743,0.20980450478283863,0.0001607649048270661,149.0739457283793,0.9735547632538463,0.001308601698168888
9.715,2.284388863356802,757.5446649712696,0.20980522831972753,0.00016021891635163992,149.07449282178663,0.9720352954336366,0.001306740801058307
9.72,2.2840907320263413,757.5448287012817,0.20980594919661907,0.00015967487267789057,149.07503977569482,0.9705183239358781,0.0013048823384131708
9.725,2.28380112442325,757.54500079323,0.20980666741800502,0.00015913277086985743,149.0755865920664,0.9690038460013961,0.0013030263078478133
9.73,2.2835200519807404,757.5451812403037,0.2098073829884156,0.00015859260796148716,149.07613327282243,0.9674918588595289,0.0013011727069784007
9.735,2.28324752579507,757.545370035363,0.2098080959124194,0.00015805438095676996,149.07667981984193,0.9659823597281615,0.0012993215334229143
9.74,2.2829835566251044,757.5455671709387,0.20980880619462292,0.0001575180868298756,149.07722623496213,0.96447534581375,0.0012974727848011232
9.745000000000001,2.2827281548918954,757.5457726392327,0.20980951383967064,0.00015698372252529564,149.07777251997797,0.9629708143113582,0.0012956264587345645
9.75,2.2824813306782623,757.5459864321184,0.20981021885224468,0.00015645128495798619,149.07831867664254,0.9614687624046885,0.001293782552846521
9.755,2.2822430937284026,757.5462085411408,0.20981092123706452,0.0001559207710135138,149.07886470666665,0.959969187266114,0.001291941064761996
9.76,2.2820134534475014,757.5464389575171,0.20981162099888695,0.0001553921775482062,149.07941061171883,0.9584720860567186,0.001290101992107695
9.765,2.281792418901362,757.546677672137,0.20981231814250567,0.00015486550138930268,149.07995639342525,0.9569774559263292,0.0012882653325119995
9.77,2.2815799988160497,757.5469246755628,0.20981301267275124,0.0001543407393351102,149.08050205336966,0.9554852940135581,0.0012864310836049498
9.775,2.2813762015775487,757.54717995803,0.20981370459449064,0.0001538178881551597,149.08104759309307,0.9539955974458385,0.0012845992430182173
9.78,2.281181035231421,757.5474435094478,0.2098143939126273,0.00015329694459036782,149.08159301409427,0.9525083633394694,0.0012827698083850891
9.785,2.2809945074824935,757.5477153193992,0.20981508063210058,0.0001527779053531982,149.08213831782894,0.9510235887996538,0.0012809427773404405
9.790000000000001,2.2808166256945683,757.5479953771418,0.20981576475788583,0.00015226076712782807,149.08268350571032,0.9495412709205454,0.0012791181475207173
9.795,2.2806473968901133,757.5482836716076,0.20981644629499382,0.0001517455265703161,149.08322857910838,0.9480614067852924,0.0012772959165639145
9.8,2.28048682774999,757.5485801914041,0.20981712524847082,0.00015123218030877229,149.08377353935052,0.9465839934660809,0.0012754760821095507
9.805,2.280334924613193,757.5488849248145,0.20981780162339808,0.0001507207249435324,149.08431838772088,0.9451090280241864,0.0012736586417986535
9.81,2.280191693476597,757.549197859798,0.2098184754248918,0.00015021115704733223,149.0848631254606,0.943636507510018,0.001271843593273732
9.815,2.2800571399947196,757.5495189839905,0.20981914665810267,0.00014970347316548707,149.08540775376747,0.9421664289631719,0.0012700309341787614
9.82,2.2799312694795044,757.549848284705,0.2098198153282158,0.00014919766981607058,149.08595227379624,0.940698789412478,0.001268220662159158
9.825000000000001,2.279814086900102,757.5501857489321,0.20982048144045032,0.0001486937434900989,149.08649668665794,0.9392335858760557,0.001266412774861762
9.83,2.27970559688268,757.5505313633406,0.20982114500005922,0.00014819169065171552,149.08704099342046,0.9377708153613656,0.001264607269934815
9.835,2.2796058037102407,757.5508851142778,0.20982180601232894,0.00014769150773837799,149.087585195108,0.9363104748652622,0.001262804145027939
9.84,2.2795147113224443,757.5512469877704,0.2098224644825793,0.00014719319116104855,149.0881292927012,0.9348525613740527,0.0012610033977921195
9.845,2.279432323315461,757.5516169695246,0.20982312041616302,0.00014669673730438503,149.08867328713703,0.9333970718635498,0.0012592050258796808
9.85,2.2793586429418298,757.5519950449271,0.20982377381846568,0.0001462021425269362,149.08921717930872,0.9319440032991335,0.0012574090269442712
9.855,2.279293673110328,757.5523811990456,0.20982442469490514,0.00014570940316133645,149.08976097006544,0.9304933526358057,0.0012556153986408379
9.86,2.279237416385848,757.552775416629,0.20982507305093157,0.00014521851551450575,149.09030466021272,0.9290451168182542,0.0012538241386256131
9.865,2.279189874989308,757.5531776821083,0.20982571889202695,0.0001447294758678483,149.09084825051193,0.9275992927809099,0.0012520352445560886
9.870000000000001,2.2791510507975623,757.5535879795975,0.2098263622237049,0.0001442422804774563,149.0913917416805,0.9261558774480116,0.0012502487140910014
9.875,2.279120945343322,757.5540062928936,0.20982700305151034,0.0001437569255743139,149.0919351343915,0.924714867733669,0.0012484645448903125
9.88,2.279099559815102,757.5544326054778,0.20982764138101917,0.0001432734073645024,149.09247842927397,0.9232762605419232,0.0012466827346151862
9.885,2.2790868950571688,757.5548669005158,0.2098282772178381,0.00014279172202941024,149.09302162691245,0.9218400527668175,0.0012449032809279752
9.89,2.279082951569502,757.5553091608584,0.20982891056760422,0.0001423118657259415,149.0935647278474,0.9204062412924581,0.001243126181492197
9.895,2.2790877295077836,757.5557593690429,0.20982954143598476,0.00014183383458672922,149.09410773257463,0.9189748229930861,0.0012413514339725208
9.9,2.279101228683388,757.5562175072927,0.20983016982867683,0.00014135762472034725,149.09465064154554,0.917545794733141,0.001239579036034743
9.905,2.279123448563391,757.5566835575188,0.20983079575140703,0.00014088323221152755,149.09519345516674,0.9161191533673338,0.0012378089853457759
9.91,2.279154388270591,757.5571575013203,0.20983141920993126,0.0001404106531213756,149.09573617380045,0.9146948957407135,0.0012360412795736216
9.915000000000001,2.2791940465835365,757.557639319985,0.20983204021003427,0.0001399398834875904,149.09627879776394,0.9132730186887408,0.0012342759163873616
9.92,2.2792424219365914,757.5581289944903,0.20983265875752946,0.00013947091932468448,149.09682132733,0.9118535190373591,0.001232512893457135
9.925,2.2792995124199824,757.5586265055039,0.2098332748582586,0.00013900375662420528,149.09736376272625,0.9104363936030654,0.0012307522084541195
9.93,2.279365315779871,757.5591318333843,0.20983388851809137,0.00013853839135495943,149.09790610413575,0.9090216391929872,0.001228993859050519
9.935,2.2794398294184552,757.5596449581824,0.20983449974292523,0.00013807481946323687,149.098448351696,0.9076092526049532,0.0012272378429195403
9.94,2.279523050394062,757.560165859641,0.20983510853868498,0.00013761303687303872,149.09899050550013,0.9061992306275729,0.0012254841577353818
9.945,2.279614975421266,757.5606945171968,0.20983571491132244,0.00013715303948630346,149.09953256559575,0.9047915700403082,0.0012237328011732108
9.950000000000001,2.279715600871031,757.5612309099805,0.20983631886681622,0.00013669482318313752,149.10007453198548,0.9033862676135542,0.0012219837709091515
9.955,2.2798249227708323,757.561775016818,0.20983692041117133,0.0001362383838220453,149.10061640462678,0.9019833201087154,0.001220237064620266
9.96,2.279942936804834,757.5623268162309,0.2098375195504189,0.00013578371724016068,149.1011581834317,0.9005827242782828,0.001218492679984537
9.965,2.280069638314042,757.5628862864377,0.20983811629061583,0.0001353308192534814,149.10169986826693,0.8991844768659165,0.0012167506146808546
9.97,2.280205022296501,757.5634534053544,0.20983871063784448,0.00013487968565710167,149.102241458954,0.8977885746065223,0.0012150108663889956
9.975,2.2803490834074833,757.5640281505954,0.20983930259821232,0.00013443031222544954,149.10278295526868,0.8963950142263356,0.0012132734327896131
9.98,2.2805018159597017,757.5646104994746,0.20983989217785162,0.00013398269471252226,149.10332435694164,0.8950037924430001,0.0012115383115642146
9.985,2.2806632139235408,757.565200429006,0.20984047938291917,0.00013353682885212497,149.10386566365767,0.8936149059656532,0.0012098055003951522
9.99,2.280833270927282,757.5657979159049,0.2098410642195959,0.00013309271035810883,149.1044068750562,0.8922283514950053,0.001208074996965602
9.995000000000001,2.2810119802573667,757.5664029365885,0.20984164669408645,0.0001326503349246116,149.10494799073098,0.8908441257234267,0.0012063467989595527
10.0,2.2811993348586572,757.5670154671768,0.20984222681261913,0.0001322096982262981,149.10548901023012,0.8894622253350308,0.001204620904061789
