time_s,V_A,P_A,f_o,f_c,p_o,p_c,z
0,1,760,0.1368,0.05263,40,46,4.4219e-07
0.005,1.0160918290590213,759.9669229050651,0.13679981748125938,0.052628568680249704,40.67272987968964,43.391922812196626,7.060558029363779e-05
0.01,1.0319939693703248,759.9342719838417,0.13680715436436172,0.05262146349099803,41.363982697822586,41.07213534404734,0.00013672160634732922
0.015,1.0477088772152947,759.9020421662628,0.13682168041403645,0.052608966305538005,42.07483021015167,39.00876209874775,0.00019922804454531822
0.02,1.0632389779560012,759.8702284316661,0.13684308385995178,0.05259133986611447,42.80639948000566,37.17343601938673,0.00025851427975961825
0.025,1.0785866664153392,759.8388258095256,0.13687107001320192,0.052568829568042756,43.55987457430024,35.54091284384346,0.00031492663258196423
0.03,1.093754307252491,759.8078293800328,0.13690536001444314,0.05254166504052147,44.33649771198035,34.08872783226061,0.0003687731010014964
0.035,1.1087442353337293,759.7772342745405,0.13694568969874651,0.052510061550419686,45.13756966698156,32.79689021576476,0.0004203275808027521
0.04,1.1235587560986204,759.7470356758884,0.1369918085641291,0.05247422125161994,45.96444917744144,31.647611220009367,0.00046983362198370387
0.045,1.1382001459217226,759.7172288186221,0.1370434788323693,0.052434334299339566,46.81855105242031,30.625061972638875,0.0005175077722004642
0.05,1.1526706524697705,759.6878089891177,0.137100474592155,0.052390579846135696,47.70134259566179,29.7151580148344,0.0005635425525662617
0.055,1.1669724950544809,759.6587715256265,0.1371625810157575,0.05234312693407433,48.614337881300585,28.905367489216783,0.0006081091062667658
0.06,1.181107864980951,759.6301118182412,0.1372295936415203,0.05229213529553915,49.55908931941004,28.18454040713306,0.0006513595558840235
0.065,1.195078925891793,759.6018253087994,0.1373013177152715,0.05223775607355507,50.53717583936129,27.542756675288484,0.0006934291014939833
0.07,1.208887814106958,759.5739074907291,0.13737756758458997,0.05218013247102223,51.55018689930911,26.971190824762857,0.0007344378879675448
0.075,1.2225366389593966,759.5463539088389,0.13745816614043876,0.05211940033709715,52.59970140464585,26.4619916034761,0.0007744926668914848
0.08,1.236027483126566,759.5191601590636,0.13754294430128786,0.05205568869786468,53.68726049621648,26.008174801392094,0.0008136882756482822
0.085,1.2493624029578059,759.492321888165,0.1376317405353074,0.0519891202375595,54.81433306354315,25.603527854685215,0.0008521089537483437
0.09,1.262543428797691,759.4658347933923,0.13772440041660902,0.051919811735830795,55.98227277101984,25.242524933482958,0.0008898295143188593
0.095,1.2755725653053795,759.4396946221079,0.13782077621189065,0.05184787446585199,57.192265385373354,24.9202513624465,0.0009269163866544494
0.1,1.2884517917700378,759.4138971713745,0.137920726494131,0.05177341455751438,58.44526530286623,24.63233634784523,0.0009634285440151852
0.105,1.301183062422283,759.3884382875116,0.13802411578030205,0.05169653332940562,59.74192044442358,24.374893100772642,0.0009994183292547048
0.11,1.3137683067418906,759.3633138656153,0.13813081419025772,0.05161732759289539,61.08248518852614,24.14446554023619,0.0010349321895599015
0.115,1.3262094297616132,759.3385198490502,0.13824069712431886,0.05153588993118902,62.4667218012587,23.93798085675952,0.0010700113302450993
0.12,1.3385083123672592,759.3140522289044,0.13835364495728764,0.05145230895592909,63.89379198404907,23.752707290762142,0.0011046922965252048
0.125,1.3506668115941214,759.2899070434174,0.13846954274696677,0.05136666954360934,65.3621417286766,23.58621655251633,0.0011390074911898297
0.13,1.362686760919625,759.2660803773754,0.13858827995567474,0.05127905305376864,66.8693846377576,23.43635037556632,0.0011729856352011227
0.135,1.3745699705525096,759.2425683614795,0.1387097501836176,0.051189537530754045,68.41219118422325,23.3011907466516,0.0012066521775299904
0.14,1.3863182277182902,759.2193671716913,0.13883385091360922,0.0510981978905429,69.98619378422009,23.179033411152826,0.0012400296597727303
0.145,1.3979332969413072,759.1964730285583,0.13896048326713095,0.05100510609399341,71.58591976562889,23.06836429161783,0.0012731380405561691
0.15,1.4094169203232312,759.173882196531,0.13908955177244164,0.05091033130764975,73.20476573645433,22.967838500875043,0.0013059949841327234
0.155,1.4207708178181249,759.1515909832794,0.13922096414604776,0.05081394005309727,74.83502694121486,22.87626166403098,0.0013386161171129768
0.16,1.43199668750417,759.1295957390223,0.139354631089396,0.050715996345719785,76.4679932822013,22.792573295259814,0.0013710152568463005
0.165,1.4430962058519465,759.1078928558846,0.1394904661030564,0.05061656182356754,78.09411933804118,22.71583200445344,0.0014032046145572843
0.17,1.454071027989482,759.0864787672978,0.139628385320712,0.050515695866993005,79.70326893986916,22.645202331581086,0.0014351949760300884
0.17500000000000002,1.464922787963942,759.0653499474543,0.13976830736504858,0.05041345570961397,81.28502617357051,22.5799430306919,0.0014669958623004882
0.18,1.4756530990002907,759.0445029108316,0.1399101532269188,0.050309896541184264,82.82905532390812,22.51939664301217,0.0014986156725723182
0.185,1.4862635537563795,759.0239342117889,0.1400538461682258,0.05020507160286876,84.32548397008463,22.46298021951215,0.0015300618112873013
0.19,1.496755724575316,759.0036404442403,0.14019931164753568,0.050099032275574495,85.76527797907828,22.41017706366088,0.0015613408011318642
0.195,1.5071311637344373,758.9836182413972,0.14034647726624594,0.04999182816187266,87.14057604656682,22.36052938465422,0.0015924583834968267
0.2,1.5173914036913125,758.9638642755692,0.14049527273179305,0.049883507162177744,88.44495516084721,22.31363175965248,0.0016234196077899688
0.20500000000000002,1.527537957326694,758.9443752580084,0.14064562983355142,0.049774115545810176,89.67360643793937,22.26912531644465,0.0016542289108245351
0.21,1.5375723181844747,758.9251479387773,0.14079748242663412,0.04966369801756754,90.82341159288218,22.226692557250704,0.0016848901873781808
0.215,1.5474959607086824,758.9061791066214,0.14095076641888904,0.04955229778038575,91.8929217812293,22.18605275314965,0.0017154068528958198
0.22,1.557310340477556,758.8874655888278,0.14110541975692478,0.049439956594608626,92.88225059404834,22.14695784638004,0.0017457818992027447
0.225,1.5670168944347316,758.8690042510585,0.1412613824078742,0.049326714834303155,93.79290011287003,22.109188804664434,0.0017760179439991284
0.23,1.576617041117582,758.8507919971423,0.14141859633465234,0.049212611540972534,94.62754246008957,22.07255237785294,0.001806117274822206
0.23500000000000001,1.586112180882743,758.8328257688258,0.14157700546352833,0.04909768447493538,95.38977937531811,22.036878212642012,0.0018360818880870224
0.24,1.5955036961288314,758.8151025454769,0.1417365556437838,0.04898197016456371,96.08389976874821,22.002016286028592,0.0018659135237489538
0.245,1.6047929515164503,758.7976193437457,0.14189719459997316,0.048865503953519525,96.71465097855064,21.967834622376525,0.001895613696072788
0.25,1.6139812941856966,758.7803732171867,0.1420588718778135,0.048748320046093405,97.28703462441867,21.934217262785364,0.0019251837209402932
0.255,1.6230700539701282,758.7633612558482,0.14222153878515806,0.04863045155064075,97.80613329192873,21.90106245980657,0.001954624740069581
0.26,1.6320605436097047,758.7465805858322,0.142385148329259,0.048511930521318,98.27697034340454,21.868281070877018,0.0019839377425105186
0.265,1.6409540589592149,758.7300283688409,0.1425496551520891,0.048392787997940334,98.70440215050579,21.83579513110072,0.0020131235836876498
0.27,1.6497518791956167,758.7137018017031,0.14271501546467114,0.04827305404421007,99.09304004719155,21.803536583314017,0.0020421830022906047
0.275,1.6584552670221426,758.6975981158993,0.14288118698172572,0.04815275778422497,99.44719811986407,21.77144614954616,0.0020711166352335763
0.28,1.6670654688698692,758.6817145770801,0.14304812885745308,0.0480319274373577,99.77086248998533,21.739472327815204,0.002099925030904218
0.28500000000000003,1.6755837150972568,758.666048484587,0.14321580162308642,0.047910590351584736,100.06767776995028,21.70757050028047,0.002128608660893868
0.29,1.6840112201865254,758.6505971709778,0.14338416712680005,0.04778877303526098,100.34094666084813,21.675702140931715,0.002157167930373039
0.295,1.6923491829384965,758.6353580015572,0.14355318847615964,0.047666501187487394,100.59363921690861,21.64383411123972,0.0021856031872695947
0.3,1.7005987866640775,758.6203283739168,0.14372282998344843,0.04754379972704029,100.82840879310349,21.61193803468383,0.002213914730376493
0.305,1.7087611993743352,758.6055057174817,0.14389305711379277,0.04742069282002594,101.047612333724,21.57998974085364,0.0022421028165148568
0.31,1.716837573967377,758.5908874930689,0.14406383643622178,0.047297203906236325,101.25333310248689,21.547968771942536,0.0022701676668528815
0.315,1.7248290484136461,758.576471192453,0.1442351355774757,0.047173355724348,101.44740447349035,21.515857944334904,0.0022981094724791136
0.32,1.7327367459384055,758.5622543379442,0.14440692317854872,0.04704917033596714,101.63143372920189,21.483642959482413,0.0023259283993109824
0.325,1.740561775202321,758.548234481973,0.1445791688537691,0.046924669148623754,101.80682515722316,21.45131205842638,0.002353624592415044
0.33,1.7483052304796687,758.5344092066865,0.14475184315230336,0.04679987293774925,101.97480195661936,21.418855715233715,0.0023811981798042624
0.335,1.755968191834351,758.5207761235513,0.14492491752191872,0.046674801867700726,102.13642666187864,21.386266365000374,0.0024086492757716604
0.34,1.763551725293848,758.5073328729674,0.14509836427484146,0.04654947551188781,102.29261992946127,21.35353816258146,0.0024359779838128
0.34500000000000003,1.7710568830208868,758.4940771238879,0.14527215655557446,0.04642391287204192,102.4441776297923,21.32066676866559,0.002463184399183521
0.35000000000000003,1.778484703483303,758.4810065734468,0.14544626831050264,0.046298132396691304,102.5917862644954,21.28764916011577,0.0024902686111346085
0.355,1.7858362116211337,758.4681189465961,0.14562067425920533,0.04617215199884752,102.73603676590602,21.254483461960607,0.002517230704859903
0.36,1.793112419012798,758.4554119957457,0.14579534986724524,0.0460459890730146,102.8774367852988,21.22116879848874,0.0025440707631910467
0.365,1.8003143240379003,758.442883500415,0.1459702713204548,0.045919660511462845,103.01642156576679,21.187705161499466,0.002570788868067457
0.37,1.807442912039154,758.4305312668847,0.14614541550047497,0.04579318271989811,103.15336353444529,21.15409329363024,0.0025973851018077625
0.375,1.8144991554815975,758.4183531278604,0.1463207599615492,0.04566657163248887,103.28858072491299,21.12033458519635,0.0026238595482054846
0.38,1.8214840141103372,758.4063469421369,0.1464962829084165,0.045539842726327884,103.42234415420542,21.086430982966807,0.0026502122934693676
0.385,1.8283984351061373,758.3945105942707,0.14667196317526032,0.04541301103533119,103.55488426374532,21.05238490957868,0.0026764434270265154
0.39,1.8352433532388963,758.3828419942568,0.14684778020563524,0.04528609116360358,103.68639653006768,21.01819919239021,0.0027025530422045245
0.395,1.8420196910196225,758.3713390772102,0.14702371403327555,0.045159097298316145,103.81704634335807,20.98387700069948,0.002728541236806686
0.4,1.8487283588502015,758.3599998030529,0.1471997452637609,0.04503204322209468,103.94697323981913,20.94942179040986,0.002754408113593177
0.405,1.8553702551718065,758.3488221562036,0.14737585505694295,0.044904942324969374,104.07629456882854,20.914837255286933,0.0027801537806791594
0.41000000000000003,1.8619462666110154,758.3378041452735,0.14755202511012813,0.044777807615875194,104.20510866400595,20.880127284083056,0.0028057783518601995
0.41500000000000004,1.8684572681248497,758.3269438027646,0.14772823764191623,0.044650651733761045,104.33349758318064,20.84529592284932,0.002831281946873283
0.42,1.874904123141426,758.316239184778,0.14790447537679738,0.044523486958223904,104.46152946943683,20.81034734187829,0.002856664691603108
0.425,1.8812876837047994,758.3056883707136,0.1480807215301001,0.04439632521994816,104.58926059147436,20.77528580668267,0.00288192671823588
0.43,1.8876087906101464,758.2952894629889,0.1482569597938526,0.04426917811054181,104.71673709228074,20.74011565265903,0.0029070681653744824
0.435,1.8938682735435146,758.2850405867514,0.14843317432291464,0.044142056892220186,104.84399649842432,20.70484126291119,0.0029320891781125912
0.44,1.9000669512174557,758.274939889597,0.14860934972172604,0.04401497250708459,104.97106901427229,20.66946704893613,0.0029569899080774016
0.445,1.9062056315064906,758.26498554129,0.1487854710314787,0.04388793558612795,105.0979786332621,20.6339974338269,0.0029817705134430215
0.45,1.9122851115760622,758.2551757334979,0.14896152371793941,0.04376095645780188,105.22474408865835,20.598436837694774,0.00300643115892222
0.455,1.9183061780162127,758.245508679514,0.14913749365945503,0.043634045156474094,105.35137967075704,20.562789665062265,0.003030972015733018
0.46,1.9242696069716556,758.2359826139906,0.14931336713545657,0.04350721143054831,105.47789592493355,20.527060294004315,0.003055393261548147
0.465,1.9301761642667747,758.2265957926796,0.1494891308154875,0.043380464750225146,105.60430024750933,20.49125306681238,0.003079695080430986
0.47000000000000003,1.9360266055344946,758.217346492168,0.14966477174840329,0.04325381431515384,105.73059739621443,20.455372282034457,0.003103877662754744
0.47500000000000003,1.9418216763387617,758.208233009625,0.14984027735210995,0.0431272690617098,105.85678992448278,20.419422187693726,0.0031279412051132822
0.48,1.9475621123037374,758.1992536625361,0.15001563540335044,0.043000837670247524,105.98287855294464,20.383406975611628,0.00315188591021735
0.485,1.9532486392210346,758.1904067884815,0.15019083402854333,0.04287452857161007,106.10886248296279,20.347330776528366,0.0031757119867953263
0.49,1.9588819731873888,758.1816907448534,0.15036586169380342,0.042748349954228534,106.23473966737757,20.31119765624944,0.003199419649467908
0.495,1.9644628207133479,758.173103908632,0.15054070719624138,0.04262230977031451,106.36050703697794,20.27501161233286,0.0032230091186342333
0.5,1.9699918788370683,758.1646446761506,0.1507153596553004,0.04249641574203035,106.48616069374125,20.238776571441466,0.0032464806203495924
0.505,1.9754698352594042,758.1563114628183,0.15088980850362296,0.042370675367998406,106.61169607576856,20.202496387432323,0.0032698343861864957
0.51,1.9808973684224167,758.1481027029579,0.1510640434800045,0.04224509592832425,106.73710809373512,20.166174839486853,0.0032930706531254517
0.515,1.986275147674572,758.1400168494667,0.15123805461971665,0.042119684491499436,106.8623912500979,20.12981563138733,0.0033161896633929584
0.52,1.9916038333208268,758.1320523737126,0.15141183224876356,0.04199444791849951,106.98753973527333,20.093422390210783,0.0033391916643635265
0.525,1.9968840767784226,758.1242077652136,0.15158536697491787,0.04186939286918204,107.1125475120463,20.056998666248315,0.0033620769083999216
0.53,2.0021165206840976,758.1164815314182,0.15175864968053107,0.041744525807419545,107.23740838445738,20.02054793281161,0.0033848456527207603
0.535,2.007301798970162,758.1088721975483,0.15193167151645098,0.04161985300544357,107.3621160555678,19.98407358600636,0.003407498159283949
0.54,2.0124405369918152,758.1013783063371,0.15210442389452034,0.04149538054920199,107.48666417622886,19.947578945179817,0.0034300346946419375
0.545,2.0175333516409233,758.093998417796,0.15227689848068013,0.0413711143432857,107.61104638515812,19.911067253443715,0.003452455529805133
0.55,2.022580851440122,758.0867311090202,0.15244908718882147,0.04124706011532152,107.73525634205865,19.87454167818363,0.0034747609401162578
0.555,2.027583636625815,758.0795749740191,0.15262098217508077,0.041123223420048906,107.85928775522135,19.838005311607084,0.003496951205130207
0.56,2.032542299283342,758.072528623438,0.15279257583077313,0.04099960964436916,107.98313440361468,19.8014611718886,0.003519026608468886
0.5650000000000001,2.0374574234390255,758.0655906843689,0.1529638607767354,0.04087622401138844,108.1067901549651,19.76491220402653,0.0035409874376993726
0.5700000000000001,2.042329585129247,758.0587598002087,0.1531348298584147,0.04075307158392921,108.23024898078752,19.72836128058074,0.0035628339842233756
0.5750000000000001,2.0471593525307763,758.0520346303914,0.1533054761393715,0.040630157269172865,108.35350496753578,19.691811203040455,0.0035845665431389444
0.58,2.0519472860576986,758.04541385019,0.15347579289586463,0.04050748582253051,108.47655232558112,19.65526470294963,0.0036061854131202416
0.585,2.0566939384316596,758.0388961505706,0.15364577361226078,0.04038506185092518,108.59938539658174,19.61872444284637,0.00362769089631044
0.59,2.0613998547877324,758.0324802379765,0.15381541197558635,0.04026288981668608,108.72199865847247,19.582193017566023,0.003649083298199876
0.595,2.066065572780419,758.0261648341102,0.1539847018702072,0.040140974041351335,108.84438672889083,19.54567295557664,0.0036703629275065164
0.6,2.070691622666401,758.0199486757635,0.15415363737323473,0.04001931870895247,108.96654436778013,19.50916672013389,0.0036915300960683965
0.605,2.075278527375746,758.0138305146714,0.1543222127503068,0.03989792786903124,109.08846647921077,19.47267671036121,0.0037125851187417044
0.61,2.0798268026324394,758.0078091172653,0.15449042245021227,0.03977680544048126,109.21014811133729,19.436205262774248,0.003733528313280847
0.615,2.084336957037457,758.0018832645026,0.15465826110058525,0.039655955214626365,109.33158445636921,19.39975465248566,0.0037543600002360876
0.62,2.0888094921289713,757.9960517517427,0.1548257235042356,0.03953538085784498,109.45277085042723,19.363327094226925,0.0037750805028609244
0.625,2.0932449024959605,757.9903133885153,0.154992804634248,0.03941508591507244,109.57370277181717,19.32692474382877,0.003795690147001017
0.63,2.0976436758651182,757.9846669983415,0.15515949962984402,0.039295073812759235,109.69437583944787,19.29054969946962,0.00381618926099563
0.635,2.102006293166942,757.9791114185987,0.15532580379281719,0.03917534786141999,109.81478581135269,19.254204002750132,0.0038365781755879966
0.64,2.1063332286222263,757.9736455003437,0.15549171258355046,0.03905591125848032,109.93492858252792,19.217889639936104,0.003856857223829835
0.645,2.110624949840811,757.9682681081101,0.15565722161683654,0.03893676709126401,110.05480018231748,19.181608543291116,0.003877026740984012
0.65,2.1148819178947527,757.96297811976,0.15582232665837834,0.038817918339494814,110.17439677215896,19.145362592189432,0.0038970870644378227
0.655,2.119104587379349,757.9577744263573,0.15598702362161998,0.038699367877562535,110.2937146434336,19.109153614128363,0.003917038533621054
0.66,2.1232934065202813,757.95265593195,0.15615130856360512,0.03858111847748245,110.41275021430238,19.072983386095878,0.003936881489911637
0.665,2.1274488172486503,757.947621553416,0.15631517768164457,0.03846317281127723,110.53150002712329,19.03685363566626,0.003956616276553468
0.67,2.1315712552541197,757.9426702203557,0.15647862731051598,0.03834553345297964,110.64996074623488,19.00076604191855,0.003976243238581553
0.675,2.135661150083268,757.9378008748898,0.15664165391873275,0.03822820288129838,110.76812915482648,18.96472223669242,0.003995762722735899
0.68,2.1397189252172595,757.933012471502,0.15680425410534027,0.03811118348190792,110.88600215220535,18.928723805666312,0.00401517507738337
0.685,2.143744998135123,757.9283039769088,0.1569664245970757,0.037994477549478975,111.00357675133047,18.892772289313722,0.004034480652444806
0.6900000000000001,2.147739780382798,757.9236743699194,0.15712816224545162,0.03787808728976281,111.1208500762299,18.856869183892776,0.004053679799321725
0.6950000000000001,2.1517036776651617,757.9191226412478,0.15728946402342314,0.037762014821972736,111.2378193590129,18.821015942588637,0.004072772870819306
0.7000000000000001,2.1556370899110067,757.9146477933805,0.15745032702267978,0.037646262180719606,111.35448193741054,18.785213976438857,0.004091760221077754
0.705,2.159540411325404,757.9102488404698,0.15761074845123088,0.03753083131773822,111.47083525255098,18.749464655158835,0.004110642205507263
0.71,2.163414030482777,757.9059248081444,0.15777072563021965,0.03741572410416327,111.5868768460346,18.71376930824447,0.004129419180715666
0.715,2.167258330399242,757.9016747333619,0.15793025599121918,0.03730094233246143,111.70260435742776,18.678129225906428,0.004148091504442617
0.72,2.171073688579576,757.897497664314,0.1580893370740674,0.03718648771797944,111.81801552222166,18.642545659815724,0.004166659535499761
0.725,2.1748604770981066,757.8933926602608,0.15824796652407802,0.037072361900936456,111.93310816923484,18.607019824073014,0.004185123633705578
0.73,2.1786190626641577,757.8893587913993,0.15840614208960416,0.036958566448165295,112.04788021832454,18.57155289605457,0.0042034841598247346
0.735,2.1823498066882148,757.885395138728,0.15856386161963024,0.0368451028548329,112.16232967812262,18.536146017249592,0.0042217414755086205
0.74,2.1860530653473074,757.8815007939144,0.15872112306142186,0.0367319725461196,112.2764546438232,18.500800294078296,0.004239895943237334
0.745,2.189729189649606,757.8776748591642,0.15887792445823168,0.0366191768788584,112.39025329502168,18.46551679869124,0.004257947926263089
0.75,2.193378525498246,757.8739164470919,0.1590342639470594,0.036506717143135185,112.50372389360484,18.430296569750183,0.004275897788555008
0.755,2.197001413754386,757.8702246805927,0.1591901397564652,0.03639459456385119,112.61686478169159,18.39514061319086,0.00429374589474527
0.76,2.2005981902995178,757.8665986927166,0.15934555020443428,0.03628281030224853,112.72967437962343,18.36004990296808,0.004311492610076589
0.765,2.204169186097024,757.8630376265435,0.15950049369629155,0.03617136545739998,112.84215118400414,18.325025381783487,0.004329138300350967
0.77,2.2077147272515365,757.8595406350637,0.15965496872269044,0.03606026106764588,112.95429376580927,18.29006796178736,0.004346683331879853
0.775,2.211235135071573,757.8561068810509,0.1598089738575796,0.0359494981120466,113.06610076848283,18.255178525288734,0.004364128071435154
0.78,2.2147307261300857,757.8527355369395,0.1599625077562412,0.035839077511783786,113.1775709061025,18.22035792544015,0.00438147288620166
0.785,2.218201812317464,757.8494257847184,0.16011556915348893,0.035729000131447926,113.28870296168887,18.185606986865682,0.0043987181437311
0.79,2.221648700903033,757.8461768158065,0.16026815686175278,0.03561926678040617,113.39949578542333,18.150926506329505,0.004415864211896614
0.795,2.2250716945923372,757.842987830937,0.1604202697692675,0.03550987821409636,113.50994829296185,18.116317253367743,0.004432911458848667
0.8,2.228471091583741,757.8398580400437,0.16057190683830233,0.035400835135291575,113.62005946379072,18.08177997090557,0.004449860252972049
0.805,2.2318471856243596,757.8367866621483,0.16072306710343098,0.035292138195335644,113.7298283396233,18.04731537586002,0.00446671096284395
0.81,2.2352002660653234,757.8337729252488,0.16087374966984114,0.0351837879953507,113.83925402283666,18.01292415972882,0.004483463957193086
0.8150000000000001,2.238530617916383,757.8308160662107,0.16102395371168193,0.035075785087417294,113.94833567494705,17.978606989165584,0.00450011960485983
0.8200000000000001,2.241838521899868,757.8279153306571,0.16117367847044903,0.034968129975727874,114.05707251512344,17.944364506541742,0.00451667827475735
0.8250000000000001,2.245124254504006,757.8250699728632,0.16132292325340575,0.034860823117714254,114.16546381873763,17.910197330495475,0.004533140335833716
0.8300000000000001,2.248388088035606,757.8222792556493,0.16147168743203977,0.03475386492514985,114.2735089159505,17.87610605646808,0.004549506157034957
0.835,2.2516302906700743,757.8195424502816,0.16161997044058443,0.03464725576520562,114.38120719035861,17.842091257217,0.004565776107268984
0.84,2.2548511265082913,757.8168588363573,0.16176777177446255,0.03454099596156121,114.48855807758068,17.808153483357152,0.004581950555370621
0.845,2.258050855623003,757.8142277017123,0.1619150909889107,0.034435085795387434,114.59556106400228,17.77429326383712,0.004598029870067296
0.85,2.261229734108445,757.8116483423219,0.1620619276975765,0.03432952550634789,114.70221568550271,17.74051110642513,0.004614014419945616
0.855,2.2643880141317028,757.8091200621982,0.16220828157111375,0.03422431529360208,114.80852152618488,17.70680749819617,0.004629904573418898
0.86,2.267525943981764,757.8066421732918,0.16235415233583325,0.03411945531676865,114.91447821715731,17.673182905998903,0.004645700698695478
0.865,2.2706437681179823,757.8042139953955,0.16249953977238374,0.03401494569686726,115.020085435346,17.63963777691205,0.0046614031637478475
0.87,2.2737417272179803,757.8018348560483,0.16264444371446116,0.03391078651723994,115.12534290233498,17.606172538690466,0.004677012336282555
0.875,2.276820058224975,757.7995040904419,0.16278886404754667,0.033806977824452196,115.23025038323487,17.57278760020117,0.004692528583710896
0.88,2.2798789943945517,757.7972210413267,0.1629328007076718,0.03370351962917453,115.33480768557898,17.539483351849633,0.004707952273120349
0.885,2.2829187653408876,757.7949850589207,0.16307625368021053,0.03360041190704478,115.4390146582457,17.506260165996487,0.004723283771246743
0.89,2.2859395970824243,757.7927955008182,0.16321922299869743,0.033497654599511664,115.54287119040686,17.47311839736496,0.0047385234444471515
0.895,2.288941712087008,757.7906517319005,0.16336170874367165,0.03339524761466015,115.64637721050138,17.440058383439254,0.004753671658673487
0.9,2.2919253293141413,757.7885531242521,0.16350371104157546,0.03329319082799767,115.74953268525812,17.40708044484302,0.004768728779446442
0.905,2.294890664266176,757.7864990570588,0.1636452300635562,0.03319148408330892,115.852337618642,17.374184885753795,0.004783695171831435
0.91,2.297837929024035,757.7844889165378,0.16378626602448393,0.03309012719335738,115.95479205098303,17.341371994238425,0.004798571200413142
0.915,2.300767332292887,757.7825220958468,0.16392681918185711,0.03298911994066635,116.05689605801525,17.308642042630023,0.004813357229272071
0.92,2.303679079442921,757.7805979950039,0.1640668898347864,0.03288846207824412,116.15864974998387,17.275995287876416,0.004828053621961089
0.925,2.3065733725569917,757.7787160207929,0.16420647832291016,0.03278815333035775,116.26005327069964,17.24343197191404,0.0048426607414839016
0.93,2.3094504104719,757.7768755866822,0.16434558502540736,0.03268819339323746,116.36110679667571,17.210952322007063,0.004857178950273188
0.935,2.31231038881472,757.775076112753,0.16448421036008223,0.03258858193573008,116.46181053632779,17.178556551059327,0.004871608610168482
0.9400000000000001,2.3151535000346732,757.7733170256386,0.1646223547825114,0.03248931859990819,116.56216472922732,17.14624485790358,0.004885950082393425
0.9450000000000001,2.3179799334654065,757.7715977583985,0.1647600187848522,0.03239040300191911,116.66216964507917,17.114017427717503,0.004900203727540145
0.9500000000000001,2.320789875348152,757.7699177504754,0.16489720289512455,0.032291834732498303,116.7618255830917,17.08187443226377,0.004914369905546264
0.9550000000000001,2.323583508875726,757.7682764476082,0.16503390767626083,0.032193613357647005,116.86113287115808,17.04981603021693,0.00492844897567675
0.96,2.3263610142316513,757.7666733017552,0.16517013372522735,0.03209573841925891,116.96009186509917,17.017842367464045,0.00494244129650544
0.965,2.3291225686283923,757.7651077710195,0.1653058816721694,0.03199820943573028,117.058702947928,16.98595357739704,0.004956347225896992
0.97,2.331868346345145,757.7635793195747,0.16544115217957378,0.03190102590255715,117.15696652913111,16.954149781198865,0.004970167120989334
0.975,2.3345985187651914,757.7620874175924,0.1655759459414494,0.03180418729292017,117.2548830439663,16.922431088123506,0.004983901338176601
0.98,2.3373132544128117,757.76063154117,0.16571026368252423,0.03170769305825716,117.35245295277646,16.890797595770124,0.00499755023309255
0.985,2.3400127189874746,757.7592111722641,0.1658441061574833,0.03161154262880703,117.44967674033829,16.85924939034231,0.00501111416059376
0.99,2.3426970753968264,757.7578257986273,0.16597747415022793,0.031515735414138143,117.54655491523067,16.827786546899357,0.005024593474742891
0.995,2.345366483805442,757.756474913711,0.16611036847298813,0.03142027080378078,117.64308800908532,16.796409129664685,0.005037988528797425
1.0,2.348021101658193,757.7551580166223,0.1662427899657064,0.0313251481676672,117.73927657606013,16.765117192230917,0.005051299675191353
1.0050000000000001,2.350661083719456,757.7538746120468,0.16637473949526943,0.031230366856679345,117.83512119219058,16.733910777823667,0.005064527265522097
1.01,2.3532865821075246,757.7526242101823,0.16650621795480056,0.031135926203153474,117.93062245479203,16.702789919542685,0.005077671650536599
1.0150000000000001,2.3558977463286266,757.7514063266725,0.16663722626296673,0.031041825521374286,118.0257809818757,16.671754640598014,0.005090733180117823
1.02,2.3584947233105433,757.7502204825429,0.16676776536329987,0.030948064108058965,118.1205974115776,16.64080495454119,0.0051037122032716355
1.025,2.361077657435847,757.7490662041358,0.16689783622353194,0.03085464124283113,118.21507240160047,16.609940865491655,0.005116609068114106
1.03,2.3636466905747473,757.7479430230474,0.167027439834944,0.030761556188685087,118.30920662866795,16.57916236835848,0.005129424121859174
1.035,2.3662019621125903,757.7468504760755,0.16715657721177266,0.030668808192409355,118.40300078802692,16.548469449039978,0.005142157710804732
1.04,2.368743608988455,757.7457881051444,0.16728524939052486,0.030576396485074642,118.4964555928769,16.517862084659978,0.005154810180323413
1.045,2.371271765727224,757.744755457243,0.16741345742936445,0.03048432028247124,118.58957177385905,16.48734024377689,0.005167381874851605
1.05,2.373786564467136,757.7437520843731,0.16754120240754625,0.030392578785512644,118.68235007858448,16.4569038865744,0.005179873137877033
1.055,2.3762881349929468,757.742777543485,0.16766848542480964,0.030301171180667726,118.77479127113106,16.426552965068865,0.005192284311929067
1.06,2.3787766047665664,757.741831396419,0.16779530760080366,0.03021009664037046,118.86689613156709,16.396287423304948,0.00520461573856854
1.065,2.381252098957344,757.7409132098479,0.167921670074524,0.030119354323421266,118.95866545548525,16.36610719754719,0.00521686775837789
1.07,2.3837147404720103,757.7400225552194,0.16804757400376122,0.030028943375380156,119.05010005354703,16.33601221646769,0.0052290407109516325
1.075,2.3861646499842677,757.7391590087001,0.16817302056456063,0.02993886292895183,119.1412007510372,16.306002401329955,0.0052411349348871405
1.08,2.3886019459640524,757.7383221511197,0.16829801095069272,0.02984911210436289,119.2319683874281,16.276077666169005,0.005253150767775741
1.085,2.391026744698837,757.7375115679322,0.1684225463731922,0.029759690009690944,119.32240381599945,16.24623791794393,0.005265088546190339
1.09,2.3934391603382448,757.7367268491278,0.16854662805972584,0.02967059574131399,119.41250790332221,16.216483056761884,0.005276948605684799
1.095,2.3958393049100586,757.7359675892052,0.16867025725418983,0.029581828384197987,119.50228152892726,16.186812976008255,0.005288731280780058
1.1,2.39822728835204,757.7352333871108,0.16879343521619186,0.029493387012265712,119.59172558488231,16.15722756252512,0.005300436904958207
1.105,2.400603218539712,757.734523846186,0.16891616322057226,0.029405270688737876,119.68084097540113,16.127726696774264,0.005312065810655127
1.11,2.4029672013136643,757.7338385741156,0.16903844255693629,0.02931747846646628,119.7696286164623,16.098310252996423,0.0053236183292533
1.115,2.4053193405065376,757.7331771828772,0.16916027452919585,0.029230009388260286,119.85808943543647,16.068978099367303,0.005335094791074901
1.12,2.407659737969711,757.732539288691,0.1692816604551206,0.02914286248720655,119.94622437072155,16.039730098150407,0.005346495525375136
1.125,2.4099884935996756,757.7319245119702,0.16940260166589807,0.029056036786982327,120.03403437138606,16.010566105846888,0.005357820860335846
1.1300000000000001,2.4123057053624084,757.7313324772759,0.16952309950571376,0.028969531302154627,120.12152039682881,15.981485973337472,0.005369071123058344
1.135,2.414611469317495,757.7307628132723,0.1696431553313381,0.02888334503847459,120.20868341644483,15.952489546022083,0.005380246639556409
1.1400000000000001,2.416905879655109,757.7302151526544,0.16976277051164013,0.028797476993222788,120.2955244092337,15.923576663992932,0.005391347734757425
1.145,2.419189028694933,757.7296891321578,0.1698819464273466,0.028711926155382886,120.38204436360311,15.894747162099558,0.0054023747324812195
1.1500000000000001,2.421461006952186,757.7291843924232,0.17000068447038863,0.02862669150610361,120.4682442768463,15.866000870198347,0.005413327955459507
1.155,2.423721903142098,757.7287005779945,0.17011898604364692,0.028541772018881584,120.5541251549361,15.83733761322707,0.0054242077253194845
1.16,2.4259718041697766,757.7282373373477,0.17023685256076507,0.028457166659697188,120.6396880123724,15.808757211244837,0.005435014362556591
1.165,2.4282107952005103,757.7277943227472,0.17035428544550202,0.028372874387471745,120.72493387166581,15.780259479683675,0.005445748186558985
1.17,2.430438959683818,757.7273711902002,0.17047128613137322,0.028288894154322907,120.8098637630509,15.751844229472093,0.005456409515603968
1.175,2.4326563793605165,757.7269675994487,0.17058785606139076,0.028205224905750836,120.89447872427804,15.72351126711302,0.0054669986668435715
1.18,2.4348631342612577,757.7265832139819,0.170703996687836,0.028121865580802333,120.97877980043027,15.69526039474335,0.005477515956283146
1.185,2.437059302769801,757.726217700905,0.1708197094716987,0.02803881511246648,121.06276804347789,15.667091410353798,0.005487961698804765
1.19,2.4392449616472103,757.7258707308939,0.17093499588234126,0.02795607242791338,121.14644451201168,15.639004107905631,0.005498336208165359
1.195,2.441420186032323,757.7255419782032,0.17104985739728487,0.027873636448648296,121.22981027107248,15.610998277388402,0.005508639796978241
1.2,2.443585049450306,757.7252311206546,0.1711642955019427,0.027791506090702606,121.31286639193875,15.583073704900208,0.005518872776699259
1.205,2.445739623867633,757.724937839525,0.17127831168914384,0.02770968026496972,121.39561395174968,15.555230172835195,0.0055290354576476046
1.21,2.447883979716943,757.7246618194986,0.17139190745881747,0.027628157877429355,121.47805403325557,15.527467459995037,0.005539128149006046
1.215,2.450018185891033,757.7244027486897,0.17150508431781583,0.027546937829275888,121.56018772467814,15.499785341628959,0.005549151158797801
1.22,2.45214230976223,757.7241603186083,0.17161784377961536,0.027466019017131253,121.64201611947365,15.472183589533914,0.005559104793881813
1.225,2.4542564172277896,757.723934224067,0.1717301873639208,0.027385400333324206,121.72354031602107,15.444661972209591,0.005568989359969237
1.23,2.4563605727360405,757.7237241631316,0.17184211659636656,0.027305080666102086,121.80476141738701,15.417220254966132,0.0055788051616263105
1.235,2.4584548392739642,757.7235298371575,0.1719536330083687,0.027225058899739234,121.8856805312102,15.389858199948767,0.0055885525022459324
1.24,2.4605392783981324,757.72335095073,0.17206473813680193,0.02714533391476573,121.96629876944642,15.362575566256664,0.005598231684053756
1.245,2.4626139502692572,757.723187211595,0.1721754335236779,0.027065904588194665,122.04661724811653,15.335372110065755,0.005607843008118411
1.25,2.464678913680299,757.7230383306044,0.17228572071586198,0.026986769793722554,122.12663708708433,15.308247584734069,0.005617386774357702
1.2550000000000001,2.46673422603769,757.7229040217678,0.17239560126494602,0.026907928401823763,122.20635940995865,15.281201740813172,0.0056268632815041995
1.26,2.4687799434044897,757.7227840021649,0.17250507672691123,0.026829379279987565,122.28578534382773,15.254234326183912,0.005636272827123977
1.2650000000000001,2.470816120522881,757.7226779919023,0.17261414866187244,0.02675112129289977,122.36491601906036,15.227345086148027,0.0056456157076184114
1.27,2.4728428108444707,757.7225857140542,0.17272281863381075,0.02667315330263134,122.44375256909669,15.20053376353131,0.005654892218234109
1.2750000000000001,2.474860066507583,757.7225068947242,0.17283108821045237,0.026595474168728876,122.52229613035651,15.173800098688332,0.005664102653024
1.28,2.4768679383884327,757.7224412629379,0.17293895896294254,0.02651808274844288,122.60054784198236,15.147143829644156,0.005673247304876199
1.285,2.4788664761151975,757.7223885506187,0.1730464324656316,0.0264409778968802,122.67850884567474,15.120564692164956,0.005682326465509478
1.29,2.4808557280978305,757.7223484925299,0.17315351029583217,0.026364158467175134,122.75618028550264,15.094062419853904,0.005691340425484627
1.295,2.482835741507046,757.7223208263331,0.17326019403368723,0.026287623310587573,122.83356330780411,15.067636744160042,0.005700289474166065
1.3,2.484806562323752,757.7223052924829,0.17336648526188356,0.02621137127670281,122.91065906096111,15.041287394507416,0.005709173899752145
1.305,2.4867682353538894,757.7223016342032,0.17347238556545125,0.02613540121357441,122.98746869524557,15.015014098362766,0.005717993989272478
1.31,2.4887208042533193,757.7223095974373,0.1735778965315534,0.026059711967872493,123.06399336265612,14.988816581317002,0.005726750028596296
1.315,2.4906643115097418,757.7223289309023,0.17368301974934175,0.02598430238499036,123.1402342168097,14.962694567100026,0.005735442302395915
1.32,2.4925987984903877,757.7223593859868,0.17378775680970834,0.025909171309217258,123.21619241274648,14.93664777769792,0.005744071094178405
1.325,2.4945243054570705,757.7224007167251,0.17389210930509935,0.025834317583870697,123.29186910678763,14.91067593341673,0.0057526366862842805
1.33,2.496440871586599,757.7224526797588,0.17399607882933046,0.02575974005142687,123.36726545639291,14.884778752951933,0.005761139359892762
1.335,2.498348534955948,757.7225150343842,0.17409966697743282,0.025685437553633967,123.4423826200449,14.858955953408927,0.005769579394987728
1.34,2.500247332588002,757.7225875424526,0.17420287534544066,0.025611408931659137,123.51722175708258,14.833207250408607,0.0057779570703904125
1.345,2.5021373004664818,757.7226699683454,0.17430570553022012,0.02553765302621012,123.59178402757101,14.807532358146881,0.005786272663759135
1.35,2.504018473552259,757.7227620789449,0.17440815912930419,0.025464168677652155,123.6660705921747,14.78193098945406,0.0057945264515913255
1.355,2.5058908857739883,757.7228636436694,0.17451023774073135,0.025390954726125705,123.7400826120368,14.75640285582308,0.00580271870919491
1.36,2.5077545700549013,757.7229744344189,0.17461194296286883,0.02531801001167055,123.81382124864068,14.730947667483562,0.005810849710701589
1.365,2.509609558390013,757.723094225395,0.17471327639425652,0.025245333374327845,123.88728766368816,14.70556513353074,0.005818919729142864
1.37,2.5114558817295136,757.7232227934027,0.17481423963344683,0.02517292365427167,123.96048301898848,14.680254961826686,0.005826929036292006
1.375,2.513293570126465,757.7233599174943,0.174914834278857,0.025100779691895655,124.03340847633065,14.65501685920926,0.005834877902826019
1.3800000000000001,2.5151226526856125,757.7235053791084,0.17501506192861901,0.025028900327928243,124.10606519738083,14.629850531468481,0.00584276659824718
1.385,2.516943157556371,757.7236589621009,0.17511492418040528,0.024957284403559616,124.17845434354595,14.604755683379208,0.005850595390855463
1.3900000000000001,2.518755112039717,757.7238204524855,0.1752144226313504,0.024885930760483586,124.2505770759084,14.579732018845847,0.005858364547868535
1.395,2.520558542486259,757.7239896387055,0.17531355887782293,0.02481483824107641,124.32243455506566,14.55477924083691,0.0058660743352733314
1.4000000000000001,2.5223534743842158,757.7241663114224,0.17541233451534022,0.024744005688446282,124.39402794105347,14.529897051507945,0.005873725017922589
1.405,2.5241399323909444,757.7243502634448,0.17551075113847595,0.02467343194649585,124.46535839327908,14.505085152261055,0.005881316859562172
1.41,2.52591794024709,757.7245412899653,0.17560881034058562,0.02460311586013225,124.53642707032098,14.480343243708422,0.005888850122696636
1.415,2.5276875209143914,757.7247391882137,0.17570651371385687,0.024533056275211965,124.60723512995314,14.45567102582202,0.005896325068760719
1.42,2.529448696501721,757.7249437576634,0.17580386284905322,0.024463252038736085,124.67778372896501,14.43106819790744,0.005903741958000908
1.425,2.5312014882959697,757.7251547999638,0.1759008593354062,0.024393701998924086,124.74807402307205,14.406534458664584,0.005911101049500222
1.43,2.5329459168345534,757.7253721187598,0.17599750476062767,0.024324405005194963,124.81810716692324,14.382069506270053,0.005918402601266527
1.435,2.5346820018129765,757.7255955199528,0.17609380071055813,0.024255359908434082,124.88788431384707,14.357673038350816,0.005925646870080768
1.44,2.53640976218613,757.7258248114424,0.17618974876924795,0.024186565560920657,124.95740661589967,14.333344752083226,0.005932834111627836
1.445,2.538129216164527,757.7260598031481,0.17628535051882413,0.02411802081642457,125.02667522377145,14.30908434421992,0.005939964580476283
1.45,2.5398403811669144,757.7263003071546,0.17638060753919846,0.024049724530423765,125.09569128657026,14.284891511101485,0.0059470385299873205
1.455,2.5415432739329717,757.726546137415,0.17647552140825867,0.02398167555995084,125.16445595195498,14.260765948743627,0.005954056212471917
1.46,2.5432379104458107,757.7267971099783,0.17657009370148952,0.02391387276387737,125.23297036586412,14.236707352834292,0.005961017879053254
1.465,2.5449243059815676,757.7270530428679,0.17666432599197823,0.023846315002903382,125.30123567251039,14.212715418789408,0.005967923779726439
1.47,2.5466024751583105,757.7273137559558,0.17675821985046294,0.023779001139515647,125.36925301441761,14.188789841798805,0.005974774163422367
1.475,2.548272431856294,757.7275790712042,0.17685177684488224,0.023711930038324183,125.43702353209247,14.164930316836424,0.005981569277858729
1.48,2.549934189323409,757.7278488123801,0.17694499854064222,0.02364510056585493,125.50454836421159,14.141136538721053,0.00598830936969729
1.485,2.5515877601402224,757.7281228051683,0.17703788650034524,0.023578511590750667,125.5718286474289,14.117408202137893,0.005994994684469449
1.49,2.553233156216738,757.7284008771982,0.17713044228361788,0.02351216198389572,125.63886551624378,14.093745001673147,0.006001625466551427
1.495,2.554870388868497,757.7286828578352,0.1772226674473286,0.02344605061824852,125.70566010315906,14.070146631852472,0.0060082019592805624
1.5,2.5564994687466585,757.7289685784016,0.1773145635451105,0.023380176369195985,125.77221353833576,14.046612787168225,0.006014724404814268
1.5050000000000001,2.5581204059010156,757.7292578720063,0.1774061321275231,0.02331453811442819,125.83852694970346,14.023143162114764,0.006021193044223974
1.51,2.55973320980305,757.7295505734901,0.17749737474205352,0.0232491347339344,125.90460146296482,13.999737451214711,0.006027608117522219
1.5150000000000001,2.5613378892879095,757.7298465196167,0.1775882929326414,0.023183965110354428,125.9704382012472,13.976395349058775,0.00603396986353559
1.52,2.5629344526513402,757.7301455487944,0.1776788882400937,0.023119028128665713,126.03603828540118,13.95311655032314,0.0060402785200696215
1.5250000000000001,2.5645229075998137,757.730447501244,0.17776916220165612,0.02305432267650005,126.10140283369256,13.929900749808493,0.006046534323796868
1.53,2.5661032612734958,757.7307522189454,0.17785911635099963,0.022989847644150133,126.16653296178612,13.906747642468394,0.006052737510281851
1.5350000000000001,2.567675520297376,757.7310595454923,0.17794875221842524,0.022925601924414892,126.23142978289694,13.883656923421764,0.006058888314066088
1.54,2.569239690719352,757.7313693263047,0.17803807133029964,0.02286158441301573,126.29609440737994,13.860628288007744,0.006064986968524902
1.545,2.570795778081187,757.7316814084212,0.17812707520939985,0.022797794008338042,126.36052794297561,13.837661431788952,0.0060710337059929715
1.55,2.572343787417101,757.7319956405177,0.1782157653747813,0.02273422961152666,126.42473149471847,13.814756050579033,0.006077028757745857
1.555,2.5738837232232994,757.7323118730255,0.17830414334138867,0.022670890126771655,126.48870616464983,13.791911840493755,0.006082972353915023
1.56,2.57541558953582,757.7326299578928,0.17839221062052796,0.02260777446095637,126.552453052161,13.76912849793399,0.006088864723637536
1.565,2.576939389879525,757.7329497487696,0.17847996871931648,0.02254488152406226,126.61597325359583,13.746405719649438,0.006094706094926842
1.57,2.578455127303303,757.7332711009103,0.1785674191408196,0.022482210229065217,126.67926786234472,13.72374320274717,0.006100496694730375
1.575,2.5799628044141967,757.7335938710731,0.17865456338422359,0.022419759491806187,126.74233796897401,13.701140644691733,0.006106236748990643
1.58,2.5814624233256653,757.7339179177169,0.17874140294421398,0.02235752823144768,126.80518466077262,13.678597743383067,0.006111926482505657
1.585,2.5829539857296338,757.7342431007701,0.17882793931149774,0.022295515370086564,126.86780902212912,13.65611419712185,0.006117566119078237
1.59,2.5844374928745313,757.7345692817244,0.17891417397246184,0.022233719833004092,126.93021213428767,13.633689704659508,0.006123155881446537
1.595,2.585912945565023,757.7348963236569,0.17900010840900832,0.022172140548785295,126.9923950752232,13.611323965233032,0.006128695991261887
1.6,2.5873803442136545,757.7352240910619,0.1790857440989519,0.022110776449024473,127.05435891993298,13.589016678535183,0.00613418666919882
1.605,2.588839688796453,757.7355524500314,0.17917108251539868,0.02204962646878075,127.11610473998579,13.566767544800067,0.006139628134823416
1.61,2.590290978896065,757.7358812681176,0.17925612512705963,0.02198868954634562,127.17763360374586,13.544576264781798,0.006145020606682491
1.615,2.591734213718101,757.7362104142892,0.17934087339831034,0.02192796462319751,127.23894657642066,13.522442539759213,0.006150364302329626
1.62,2.5931693920526886,757.7365397590986,0.17942532878856848,0.02186745064445758,127.3000447196063,13.500366071627688,0.00615565943819961
1.625,2.594596512354456,757.7368691743944,0.17950949275313094,0.021807146558273285,127.36092909189317,13.478346562805074,0.006160906229807965
1.6300000000000001,2.596015572668865,757.7371985336293,0.1795933667420839,0.021747051316617007,127.4216007480824,13.456383716386114,0.006166104891524369
1.635,2.5974265707256685,757.7375277115118,0.1796769522013699,0.02168716387450155,127.48206073994952,13.434477236013297,0.006171255636817437
1.6400000000000001,2.5988295038687785,757.7378565843079,0.17976025057169268,0.02162748319078209,127.54231011546162,13.412626826036053,0.006176358678031269
1.645,2.600224369131446,757.7381850295579,0.17984326328940112,0.021568008227506544,127.60234991940655,13.390832191401223,0.006181414226585615
1.6500000000000001,2.6016111631906185,757.7385129262852,0.17992599178568175,0.021508737950506125,127.66218119282019,13.36909303777673,0.006186422492817653
1.655,2.6029898824167916,757.738840154811,0.18000843748713477,0.021449671328971937,127.72180497339097,13.347409071480783,0.006191383686113072
1.6600000000000001,2.604360522852174,757.7391665968682,0.18009060181528366,0.02139080733581299,127.7812222951183,13.325779999563116,0.006196298014816331
1.665,2.6057230802377798,757.7394921355086,0.18017248618683845,0.021332144947461905,127.84043418848954,13.304205529776512,0.006201165686294804
1.67,2.6070775500124013,757.7398166551287,0.1802540920135184,0.02127368314400382,127.89944168036605,13.282685370613466,0.006205986906913751
1.675,2.6084239273203407,757.7401400414608,0.18033542070201555,0.021215420909201584,127.95824579394248,13.261219231320794,0.006210761882038877
1.68,2.6097622070274498,757.7404621815216,0.18041647365410818,0.021157357230411736,128.01684754884408,13.239806821892497,0.0062154908160691035
1.685,2.611092383713548,757.7407829636737,0.18049725226635555,0.021099491098806586,128.07524796089086,13.21844785312516,0.006220173912385976
1.69,2.6124144517012384,757.7411022775127,0.18057775793046232,0.021041821509106644,128.13344804237684,13.197142036571043,0.006224811373434286
1.695,2.6137284050363805,757.7414200139882,0.18065799203272845,0.020984347459981612,128.19144880165737,13.175889084632544,0.006229403400625169
1.7,2.6150342375307267,757.7417360652169,0.18073795595472986,0.020927067953552023,128.2492512436564,13.154688710463075,0.006233950194474657
1.705,2.6163319427236686,757.7420503247054,0.1808176510723376,0.020869981996104545,128.30685636914345,13.133540628132485,0.006238451954427772
1.71,2.6176215139459633,757.7423626870442,0.180897078756917,0.02081308859721551,128.36426517561452,13.11244455244092,0.006242908879090503
1.715,2.618902944260848,757.742673048251,0.18097624037381715,0.02075638677085239,128.42147865618773,13.0914001991738,0.006247321165959195
1.72,2.6201762265450363,757.7429813053566,0.18105513728406708,0.02069987553413515,128.47849780084164,13.070407284829477,0.0062516890117391465
1.725,2.621441353416441,757.7432873568373,0.1811337708424395,0.020643553908747884,128.53532359500534,13.049465526949191,0.006256012612001014
1.73,2.6226983173240237,757.7435911021321,0.1812121423995005,0.020587420919442916,128.59195702105015,13.0285746437802,0.006260292161557622
1.735,2.623947110470107,757.7438924421273,0.181290253299396,0.02053147559565405,128.6483990566814,13.007734354657588,0.006264527854076061
1.74,2.625187724902047,757.744191278638,0.1813681048821127,0.02047571696984726,128.70465067658074,12.9869443796256,0.006268719882485868
1.745,2.626420152435285,757.7444875149135,0.1814456984811226,0.020420144079236802,128.76071285069787,12.96620443984918,0.0062728684385718395
1.75,2.6276443847415303,757.7447810551128,0.181523035425727,0.020364755964076203,128.81658654594997,12.945514257215002,0.006276973713390359
1.7550000000000001,2.628860413277088,757.7450718048033,0.18160011703868,0.020309551669388946,128.87227272450124,12.924873554752043,0.00628103589686436
1.76,2.6300682293637547,757.7453596704552,0.18167694463850156,0.020254530243282626,128.92777234543718,12.904282056232212,0.0062850551781881234
1.7650000000000001,2.6312678241255445,757.7456445599117,0.18175351953718616,0.020199690738617066,128.98308636310847,12.883739486581044,0.006289031745442328
1.77,2.6324591885598108,757.7459263819217,0.18182984304238684,0.020145032211413137,129.03821572870928,12.863245571495824,0.006292965785971091
1.7750000000000001,2.6336423134842795,757.7462050465637,0.18190591645529886,0.020090553722392754,129.09316138875033,12.842800037829678,0.006296857486031638
1.78,2.6348171895970327,757.7464804648318,0.18198174107263276,0.02003625433554201,129.14792428648212,12.82240261324276,0.006300707031130711
1.7850000000000001,2.6359838074347275,757.7467525490017,0.18205731818474666,0.019982133119469603,129.2025053605502,12.802053026545478,0.006304514605720102
1.79,2.6371421574210117,757.7470212122801,0.18213264907734297,0.019928189146171605,129.25690554621636,12.781751007395703,0.006308280393482792
1.795,2.6382922298359626,757.7472863691028,0.18220773502990603,0.01987442149216735,129.31112577423687,12.76149628658962,0.006312004577082386
1.8,2.6394340148532693,757.7475479348558,0.18228257731707442,0.019820829237500556,129.36516697184706,12.741288595815027,0.006315687338392506
1.805,2.6405675025202395,757.7478058261007,0.18235717720742303,0.019767411466624453,129.41903006189037,12.721127667881305,0.0063193288583050745
1.81,2.641692682784681,757.7480599603697,0.1824315359644807,0.01971416726766107,129.47271596354508,12.701013236535776,0.00632292931689952
1.815,2.6428095454843152,757.7483102563168,0.18250565484587775,0.019661095733020405,129.52622559171886,12.680945036627497,0.006326488893311847
1.82,2.643918080364727,757.748556633587,0.18257953510399696,0.019608195958926558,129.57955985750934,12.660922803990307,0.006330007765843193
1.825,2.645018277076649,757.7487990128958,0.18265317798548952,0.019555467045768965,129.6327196678658,12.64094627553857,0.006333486111888699
1.83,2.6461101251866554,757.7490373159677,0.18272658473156528,0.019502908097890785,129.68570592578843,12.62101518921708,0.006336924107987809
1.835,2.64719361418055,757.7492714655497,0.1827997565778617,0.019450518223683544,129.7385195302457,12.601129284030398,0.006340321929809166
1.84,2.6482687334686323,757.7495013854126,0.18287269475439819,0.019398296535619787,129.79116137613033,12.581288300056173,0.00634367975214779
1.845,2.6493354723933487,757.7497270003066,0.18294540048576402,0.019346242150115874,129.84363235440756,12.561491978413411,0.006346997748959519
1.85,2.650393820230964,757.7499482360158,0.1830178749907795,0.019294354187777547,129.8959333518593,12.541740061332007,0.006350276093312861
1.855,2.651443766201679,757.7501650192669,0.18309011948295098,0.019242631773069018,129.94806525142485,12.522032292069094,0.006353514957463886
1.86,2.652485299469237,757.7503772778292,0.1831621351698696,0.019191074034748852,130.0000289317563,12.502368415029752,0.006356714512768534
1.865,2.653518409152933,757.7505849403644,0.1832339232540153,0.01913968010528583,130.05182526781044,12.482748175614427,0.006359874929809259
1.87,2.6545430843246236,757.7507879366103,0.18330548493166532,0.019088449121650673,130.1034551300513,12.463171320436388,0.0063629963782345705
1.875,2.655559314022963,757.7509861971339,0.1833768213942742,0.019037380224313928,130.15491938545617,12.443637597054735,0.00636607902697035
1.8800000000000001,2.6565670872489395,757.7511796536079,0.1834479338268201,0.01898647255844554,130.20621889631457,12.424146754303914,0.0063691230439772385
1.885,2.6575663929801068,757.7513682384837,0.1835188234096878,0.018935725272548023,130.25735452159503,12.404698541925375,0.006372128596534265
1.8900000000000001,2.6585572201670775,757.751551885334,0.18358949131659336,0.018885137519961657,130.30832711544195,12.385292710982643,0.00637509585093632
1.895,2.659539557745591,757.7517305284745,0.18365993871680794,0.018834708457250764,130.35913752878605,12.365929013422706,0.006378024972824967
1.9000000000000001,2.660513394635704,757.7519041033443,0.1837301667728216,0.018784437245897737,130.4097866076555,12.346607202545503,0.0063809161268505955
1.905,2.6614787197503977,757.7520725461027,0.18380017664275608,0.018734323050552837,130.46027519491994,12.32732703252476,0.006383769477027473
1.9100000000000001,2.6624355219983653,757.7522357940236,0.18386996947791068,0.01868436504081315,130.51060412851942,12.308088258903702,0.0063865851863819075
1.915,2.6633837902886377,757.7523937850892,0.18393954642522958,0.018634562389433316,130.56077424324513,12.288890638102012,0.006389363417311793
1.92,2.6643235135371546,757.752546458378,0.18400890862485528,0.01858491427409869,130.61078636897608,12.269733927912696,0.006392104331238948
1.925,2.6652546806675135,757.7526937536736,0.18407805721253426,0.018535419875681105,130.66064133241318,12.250617887018642,0.006394808088956541
1.93,2.6661772806209743,757.7528356118304,0.18414699331728474,0.018486078379928834,130.71033995540054,12.231542275468833,0.006397474850300705
1.935,2.667091302353914,757.752971974412,0.1842157180636429,0.018436888975838246,130.75988305654255,12.21250685422465,0.006400104774472226
1.94,2.6679967348504845,757.7531027840213,0.1842842325695337,0.018387850857196356,130.8092714496734,12.193511385597038,0.006402698019739574
1.945,2.6688935671177187,757.7532279839807,0.1843525379482781,0.018338963221125958,130.85850594530004,12.174555632839217,0.0064052547437241664
1.95,2.669781788199774,757.7533475186152,0.18442063530673697,0.018290225269429965,130.90758734927059,12.155639360529916,0.006407775103144083
1.955,2.670661387171856,757.753461332984,0.18448852574701857,0.018241636207354136,130.95651646399918,12.136762334225622,0.006410259254055028
1.96,2.6715323531548187,757.7535693731098,0.18455621036494718,0.018193195244695818,131.0052940873701,12.117924320778586,0.006412707351641227
1.965,2.672394675309177,757.7536715857663,0.18462369025142794,0.018144901594815056,131.05392101371444,12.09912508805809,0.006415119550406941
1.97,2.6732483428487877,757.7537679186504,0.18469096649127403,0.018096754475483614,131.10239803297367,12.080364405195608,0.0064174960040183715
1.975,2.6740933450362077,757.7538583202283,0.18475804016420458,0.018048753108162008,131.15072593141085,12.061642042380862,0.006419836865443193
1.98,2.6749296711942456,757.7539427398491,0.18482491234404505,0.018000896718577936,131.1989054910441,12.042957771030288,0.00642214228684472
1.985,2.6757573107038146,757.7540211276483,0.1848915840993523,0.01795318453627355,131.24693749008833,12.024311363659836,0.006424412419669457
1.99,2.6765762530123065,757.7540934346064,0.18495805649298558,0.01790561579491557,131.29482270265623,12.005702593976698,0.006426647414592305
1.995,2.67738648763486,757.7541596125061,0.1850243305823702,0.017858189732104027,131.34256189893958,11.987131236827043,0.006428847421554547
2.0,2.67818800415879,757.7542196139389,0.18509040741941823,0.017810905589429393,131.39015584516198,11.968597068214716,0.006431012589756496
2.005,2.6789807922488764,757.7542733923116,0.185156288050461,0.01776376261252103,131.43760530352162,11.950099865318295,0.006433143067650678
2.0100000000000002,2.679764841647436,757.7543209018082,0.18522197351648037,0.017716760050879517,131.48491103236782,11.931639406444328,0.006435239002976012
2.015,2.6805401421838275,757.7543620974373,0.1852874648527576,0.01766989715813034,131.53207378593953,11.913215471104238,0.00643730054271321
2.02,2.681306683770214,757.7543969349568,0.1853527630893589,0.017623173191672257,131.57909431472484,11.894827839913518,0.006439327833152394
2.025,2.682064456415608,757.7544253709586,0.18541786925053216,0.017576587413113465,131.62597336501818,11.876476294722329,0.006441321019815463
2.0300000000000002,2.6828134502147925,757.7544473627441,0.1854827843555415,0.017530139087667488,131.67271167953032,11.858160618439982,0.00644328024756895
2.035,2.683553655372278,757.754462868479,0.1855475094175592,0.017483827484954362,131.71930999658386,11.83988059527348,0.006445205660480967
2.04,2.684285062179203,757.7544718469884,0.1856120454450834,0.01743765187797504,131.76576905114047,11.82163601042694,0.006447097402009139
2.045,2.6850076610491143,757.7544742579871,0.18567639344028425,0.017391611544307,131.81208957360636,11.803426650457451,0.006448955614787653
2.05,2.6857214424837443,757.7544700618112,0.1857405544008894,0.017345705764740548,131.85827229119354,11.785252302873284,0.006450780440874383
2.055,2.686426397118652,757.754459219699,0.18580452931814578,0.01729993382475234,131.904317926451,11.767112756573312,0.006452572021489743
2.06,2.687122515680181,757.7544416934846,0.1858683191790099,0.01725429501292136,131.95022719884307,11.749007801378319,0.0064543304973012925
2.065,2.687809789038491,757.7544174459067,0.18593192496388106,0.017208788622567455,131.9960008231185,11.730937228520945,0.00645605600813504
2.07,2.6884882081582653,757.754386440283,0.18599534764895023,0.017163413950053035,132.0416395110005,11.712900830141296,0.006457748693278296
2.075,2.6891577641565028,757.7543486408302,0.1860585882038419,0.017118170296487413,132.08714396949225,11.694898399798078,0.006459408691181257
2.08,2.689818448249643,757.7543040123363,0.18612164759399333,0.017073056966006733,132.13251490258685,11.676929731955989,0.006461036139761651
2.085,2.6904702518134362,757.754252520474,0.18618452677832348,0.017028073267458435,132.17775300959417,11.658994622492465,0.006462631176111714
2.09,2.6911131663291656,757.7541941314869,0.18624722671153388,0.016983218512738263,132.2228589867926,11.64109286820053,0.006464193936790835
2.095,2.691747183442953,757.7541288124838,0.18630974834190436,0.016938492018382767,132.2678335258488,11.6232242672694,0.006465724557550414
2.1,2.6923722949136635,757.7540565311496,0.1863720926134246,0.016893893104028893,132.31267731534598,11.605388618822674,0.0064672231736033
2.105,2.692988492669142,757.7539772560092,0.18643426046379835,0.016849421093855673,132.3573910393552,11.587585723354819,0.0064686899193764765
2.11,2.6935957687582084,757.7538909561739,0.18649625282633314,0.01680507531521865,132.4019753787885,11.569815382320755,0.006470124928748579
2.115,2.6941941154015443,757.7537976015666,0.1865580706282165,0.016760855099895052,132.4464310101665,11.552077398514111,0.006471528334837913
2.12,2.694783524949915,757.7536971627093,0.18661971479210934,0.016716759782932303,132.49075860675782,11.53437157572044,0.006472900270201733
2.125,2.695363989927735,757.7535896109056,0.18668118623473948,0.01667278870366396,132.53495883757566,11.51669771902691,0.0064742408666647495
2.13,2.6959355029993066,757.7534749180728,0.1867424858681624,0.016628941204798582,132.57903236827724,11.499055634547567,0.006475550255476141
2.1350000000000002,2.6964980570034855,757.7533530568784,0.18680361459869946,0.016585216633186524,132.6229798604087,11.48144512965798,0.00647682856718147
2.14,2.6970516449292927,757.7532240006194,0.18686457332784723,0.01654161433916287,132.66680197205156,11.463866012797151,0.006478075931735605
2.145,2.69759625994056,757.7530877233112,0.18692536295157078,0.01649813367705761,132.71049935732324,11.446318093624406,0.006479292478418788
2.15,2.6981318953617843,757.7529441996143,0.18698598436085956,0.01645477400479391,132.75407266676908,11.428801182898791,0.006480478335905779
2.1550000000000002,2.6986585446921634,757.7527934048773,0.18704643844136928,0.016411534684146557,132.7975225471135,11.411315092559255,0.00648163363222473
2.16,2.6991762016019902,757.7526353151079,0.18710672607363932,0.01636841508058468,132.84084964140882,11.393859635678618,0.006482758494784905
2.165,2.6996848599360894,757.7524699069737,0.18716684813305964,0.01632541456329536,132.88405458902014,11.376434626471845,0.006483853050375023
2.17,2.700184513720422,757.7522971578131,0.18722680548978166,0.016282532505247943,132.92713802555346,11.359039880317944,0.006484917425153851
2.1750000000000003,2.7006751571555934,757.7521170455994,0.18728659900897027,0.016239768283011616,132.97010058304568,11.341675213704812,0.006485951744682782
2.18,2.7011567846327025,757.7519295489849,0.18734622955045405,0.016197121277007818,133.01294288970567,11.32434044430912,0.006486956133885268
2.185,2.701629390718025,757.7517346472354,0.187405697969215,0.016154590871156567,133.05566557027436,11.30703539088811,0.00648793071710749
2.19,2.7020929701781284,757.7515323203045,0.18746500511479428,0.016112176453305017,133.09826924559107,11.289759873414111,0.006488875618049022
2.195,2.702547517951254,757.7513225487266,0.18752415183212195,0.016069877414628522,133.1407545331965,11.272513712890058,0.006489790959863267
2.2,2.702993029191421,757.7511053137513,0.18758313896043782,0.0160276931504092,133.1831220465529,11.255296731592818,0.006490676865031375
2.205,2.7034294992179215,757.7508805971678,0.18764196733466837,0.015985623059041963,133.22537239603733,11.238108752765639,0.006491533455526422
2.21,2.703856923579788,757.7506483815014,0.18770063778385004,0.015943666543172214,133.26750618780721,11.220949600973572,0.006492360852629672
2.215,2.704275297987541,757.7504086497879,0.18775915113292108,0.01590182300840266,133.30952402508896,11.20381910170212,0.0064931591771422775
2.22,2.7046846183925726,757.7501613858096,0.18781750820080864,0.015860091864673236,133.35142650680473,11.18671708178884,0.0064939285491634234
2.225,2.705084880906487,757.7499065738394,0.18787570980248294,0.015818472524778922,133.3932142290468,11.169643368962154,0.00649466908833127
2.23,2.7054760818901933,757.7496441988989,0.18793375674685214,0.015776964405888324,133.4348877835686,11.152597792317128,0.006495380913580035
2.235,2.7058582178658948,757.7493742464878,0.1879916498389441,0.015735566927969437,133.47644775934867,11.135580181824485,0.006496064143394322
2.24,2.706231285611008,757.7490967028501,0.18804938987773398,0.01569427951535655,133.51789474103532,11.118590368822499,0.006496718895559812
2.245,2.7065952820675,757.7488115547028,0.18810697765833792,0.015653101595167782,133.5592293105172,11.101628185522356,0.006497345287417471
2.25,2.706950204436137,757.7485187894955,0.18816441396988054,0.015612032598842977,133.60045204539833,11.084693465491918,0.006497943435620224
2.255,2.7072960500874492,757.7482183951518,0.18822169959760177,0.015571071960623937,133.64156352050503,11.06778604317976,0.006498513456375772
2.2600000000000002,2.707632816652267,757.7479103603117,0.18827883532085402,0.015530219118998729,133.6825643064549,11.050905754370431,0.00649905546521943
2.265,2.7079605019381066,757.7475946740946,0.18833582191504142,0.015489473515302967,133.7234549710427,11.034052435745618,0.006499569577236451
2.27,2.708279104012466,757.7472713263159,0.1883926601498188,0.015448834595018389,133.7642360779549,11.017225925294364,0.006500055906859065
2.275,2.708588621127883,757.7469403072795,0.18844935079079964,0.015408301806541154,133.8049081879888,11.000426061926012,0.006500514568061314
2.2800000000000002,2.7088890517950333,757.7466016079622,0.18850589459801204,0.015367874602294856,133.84547185795216,10.983652685822598,0.006500945674186276
2.285,2.7091803947191133,757.746255219841,0.1885622923273282,0.015327552437699699,133.88592764168223,10.966905638114532,0.006501349338108418
2.29,2.7094626488604097,757.7459011350406,0.1886185447292168,0.015287334772071998,133.92627608915785,10.950184761166057,0.006501725672095026
2.295,2.7097358133840075,757.745539346199,0.18867465254986301,0.015247221067816284,133.96651774729662,10.933489898320913,0.006502074787932992
2.3000000000000003,2.7099998877061764,757.7451698465762,0.1887306165302394,0.015207210791095119,134.00665315929564,10.916820894115453,0.006502396796826627
2.305,2.7102548714587034,757.744792629959,0.18878643740690246,0.015167303411254584,134.04668286519637,10.900177594097931,0.006502691809487608
2.31,2.7105007645201633,757.7444076907304,0.1888421159113886,0.015127498401259612,134.0866074014587,10.883559844967431,0.006502959936069543
2.315,2.710737566995437,757.7440150238137,0.18889765277068826,0.015087795237352023,134.12642730129434,10.866967494466794,0.006503201286221598
2.32,2.710965279231694,757.7436146247035,0.18895304870695812,0.015048193399257795,134.1661430944679,10.850400391449147,0.006503415969058437
2.325,2.711183901812868,757.7432064894463,0.18900830443768904,0.015008692370065793,134.2057553074108,10.833858385840966,0.006503604093179729
2.33,2.7113934355609874,757.7427906146376,0.189063420675711,0.014969291636224229,134.24526446323185,10.817341328641419,0.006503765766672463
2.335,2.7115938815445673,757.742366997434,0.18911839812908593,0.01492999068761749,134.28467108163403,10.800849071948628,0.006503901097100124
2.34,2.7117852410667456,757.7419356355216,0.1891732375013666,0.014890789017379632,134.32397567910746,10.784381468900479,0.0065040101915328115
2.345,2.7119675156859775,757.7414965271546,0.18922793949125535,0.014851686122139988,134.3631787686779,10.767938373754935,0.006504093156510871
2.35,2.7121407071919412,757.7410496710974,0.18928250479308922,0.01481268150167348,134.40228086026212,10.751519641778428,0.006504150098099498
2.355,2.7123048176398292,757.740595066693,0.18933693409624938,0.014773774659326075,134.4412824602379,10.735125129383983,0.00650418112182548
2.36,2.7124598493078325,757.7401327137658,0.1893912280859785,0.014734965101425558,134.48018407203637,10.718754693942463,0.006504186332767407
2.365,2.712605804755901,757.7396626127414,0.18944538744234923,0.014696252338024702,134.51898619539836,10.702408194023043,0.0065041658354452305
2.37,2.7127426867562328,757.7391847644947,0.18949941284156144,0.014657635881966466,134.55768932730743,10.68608548909294,0.0065041197339615695
2.375,2.712870498376623,757.7386991705177,0.18955330495447947,0.014619115249937621,134.5962939609405,10.669786439858223,0.006504048131845597
2.38,2.712989242890039,757.7382058327283,0.18960706444828582,0.01458068996127734,134.63480058685334,10.65351090788034,0.006503951132231708
2.3850000000000002,2.713098923875139,757.7377047536702,0.18966069198473248,0.01454235953923664,134.67320969172877,10.637258755983838,0.006503828837673731
2.39,2.713199545112059,757.7371959362963,0.18971418822201455,0.014504123509628786,134.71152175971753,10.621029847821196,0.006503681350346017
2.395,2.713291110693284,757.7366793841876,0.18976755381286362,0.014465981402202288,134.7497372710754,10.60482404831786,0.006503508771841872
2.4,2.7133736249121463,757.7361551013246,0.1898207894065215,0.014427932749219243,134.78785670357385,10.588641223213067,0.006503311203384191
2.4050000000000002,2.7134470923778804,757.7356230923109,0.1898738956467872,0.014389977086861854,134.82588053110558,10.572481239516403,0.006503088745620007
2.41,2.713511517902668,757.7350833621467,0.18992687317398776,0.014352113953812796,134.8638092250917,10.55634396504856,0.0065028414988297185
2.415,2.7135669066153802,757.7345359164449,0.18997972262307333,0.014314342892627058,134.90164325312284,10.540229268887328,0.0065025695627277755
2.42,2.713613263852317,757.7339807612161,0.19003244462549881,0.014276663448376654,134.93938308030144,10.52413702092852,0.00650227303666141
2.4250000000000003,2.7136505952648613,757.7334179030701,0.19008503980744537,0.014239075169931286,134.9770291679743,10.508067092303005,0.006501952019425633
2.43,2.7136789067183047,757.7328473490192,0.19013750879154231,0.014201577608718237,135.01458197495975,10.492019354974397,0.006501606609444191
2.435,2.7136982043894067,757.7322691066572,0.1901898521952779,0.014164170319866633,135.05204195641616,10.475993682112303,0.00650123690460527
2.44,2.7137084946769314,757.7316831839888,0.19024207063250634,0.014126852861122148,135.08940956491494,10.45998994773984,0.006500843002419141
2.445,2.713709784285883,757.7310895895803,0.1902941647120952,0.014089624793820742,135.1266852494789,10.44400802705181,0.006500424999879277
2.45,2.7137020801525735,757.7304883324186,0.19034613503917783,0.014052485681986924,135.16386945647233,10.428047796121588,0.006499982993592794
2.455,2.7136853895131314,757.7298794220317,0.1903979822140698,0.014015435093113562,135.20096262883246,10.412109132156392,0.006499517079670076
2.46,2.713659719845089,757.7292628683788,0.1904497068332414,0.013978472597461817,135.23796520675904,10.396191913269682,0.0064990273538256945
2.465,2.7136250789185987,757.728638681938,0.19050130948852134,0.013941597768634118,135.27487762715117,10.380296018669082,0.006498513911298103
2.47,2.713581474755673,757.7280068736306,0.1905527907677782,0.013904810183083557,135.31170032408886,10.364421328497047,0.006497976846920214
2.475,2.7135289156634155,757.7273674548751,0.1906041512544154,0.013868109420477323,135.3484337284781,10.348567723950348,0.006497416255069253
2.48,2.713467410211168,757.7267204375437,0.19065539152776478,0.013831495063413256,135.3850782683265,10.332735087188475,0.006496832229707622
2.485,2.7133969672459495,757.7260658339854,0.19070651216286252,0.013794966697580947,135.42163436858942,10.316923301386817,0.006496224864361589
2.49,2.713317595886862,757.7254036570124,0.19075751373057184,0.01375852391167343,135.45810245125156,10.301132250709067,0.0064955942521344335
2.495,2.713229305523842,757.7247339198946,0.19080839679761663,0.013722166297362759,135.4944829353578,10.285361820299432,0.006494940485711314
2.5,2.7131321058277713,757.7240566363728,0.19085916192646288,0.0136858934493853,135.5307762369219,10.26961189631214,0.006494263657348005
2.505,2.713026006734552,757.723371820629,0.1909098096755738,0.013649704965357959,135.56698276911587,10.253882365851123,0.006493563858898011
2.5100000000000002,2.712911018468969,757.722679487322,0.19096034059908484,0.013613600446011917,135.60310294203106,10.2381731170485,0.006492841181780648
2.515,2.71278715151442,757.7219796515344,0.19101075524727024,0.013577579494856875,135.63913716301855,10.222484038953997,0.006492095717029142
2.52,2.712654416653577,757.7212723288355,0.19106105416597133,0.013541641718592231,135.6750858362743,10.206815021672153,0.006491327555234301
2.525,2.7125128249162684,757.7205575351937,0.19111123789738027,0.013505786726543095,135.7109493634051,10.191165956176095,0.006490536786623833
2.5300000000000002,2.712362387647302,757.7198352870822,0.19116130697907457,0.013470014131354829,135.74672814273427,10.175536734538705,0.0064897235009673225
2.535,2.7122031164255573,757.7191056013465,0.19121126194521376,0.013434323548131925,135.78242257016035,10.159927249647726,0.0064888877876959255
2.54,2.7120350231575814,757.7183684953498,0.19126110332520743,0.013398714595396186,135.81803303820323,10.144337395524591,0.006488029735771716
2.545,2.7118581199751084,757.7176239868081,0.19131083164521276,0.013363186894009374,135.85355993707537,10.128767066967423,0.0064871494338363
2.5500000000000003,2.711672419346048,757.7168720939613,0.19136044742656347,0.01332774006830311,135.8890036535595,10.113216159927289,0.006486246970057424
2.555,2.7114779339584127,757.7161128353893,0.1914099511874482,0.013292373744871579,135.92436457220708,10.097684571107528,0.006485322432294484
2.56,2.7112746768411378,757.7153462301953,0.19145934344121293,0.013257087553792441,135.9596430741271,10.082172198370762,0.006484375907933573
2.565,2.7110626612415474,757.7145722978161,0.19150862469811544,0.013221881127364778,135.99483953823747,10.06667894031945,0.006483407484059536
2.57,2.710841900749303,757.7137910582062,0.19155779546359822,0.01318675410135129,136.0299543400341,10.051204696710526,0.006482417247289
2.575,2.7106124091736943,757.7130025316509,0.19160685624002946,0.013151706113725839,136.06498785283156,10.035749368038584,0.00648140528394022
2.58,2.7103742006648543,757.7122067389445,0.1916558075250286,0.01311673680587787,136.09994044657057,10.020312855938439,0.006480371679872068
2.585,2.7101272895963033,757.7114037012127,0.19170464981311916,0.013081845821423395,136.13481248899498,10.004895062788952,0.00647931652064446
2.59,2.709871690678444,757.7105934400777,0.19175338359417432,0.013047032807322919,136.1696043445455,9.989495892087193,0.006478239891369766
2.595,2.709607418850894,757.7097759774977,0.19180200935492114,0.013012297412799531,136.20431637543018,9.974115248087555,0.006477141876858089
2.6,2.7093344893841875,757.7089513359116,0.19185052757755988,0.012977639290331713,136.23894894064262,9.958753036134524,0.0064760225614861056
2.605,2.7090529177855203,757.708119538101,0.19189893874107264,0.012943058094712193,136.2735023968922,9.94340916234846,0.006474882029322883
2.61,2.708762719885473,757.7072806073114,0.1919472433200566,0.012908553483886805,136.30797709777568,9.928083533907184,0.006473720364019799
2.615,2.708463911759909,757.7064345671383,0.19199544178580363,0.012874125118178172,136.34237339454327,9.912776058786637,0.006472537648913901
2.62,2.7081565097994402,757.7055814416234,0.1920435346053743,0.01283977266095132,136.37669163544257,9.897486645984653,0.00647133396694125
2.625,2.7078405306492908,757.704721255167,0.19209152224242806,0.012805495778016813,136.4109321663064,9.882215205321572,0.006470109400716114
2.63,2.707515991260159,757.703854032597,0.1921394051565522,0.012771294138113037,136.4450953300786,9.866961647602642,0.0064688640324688275
2.6350000000000002,2.7071829088469315,757.7029797991084,0.19218718380383457,0.01273716741249437,136.4791814672183,9.851725884480636,0.006467597944100334
2.64,2.706841300920519,757.7020985803058,0.1922348586364491,0.01270311527522906,136.5131909154088,9.836507828556353,0.006466311217144454
2.645,2.7064911852653823,757.7012104021695,0.19228243010297588,0.012669137402969087,136.54712400978121,9.821307393302279,0.006465003932798455
2.65,2.706132579952844,757.7003152910713,0.1923298986482325,0.012635233475071265,136.58098108279924,9.806124493103578,0.006463676171908494
2.6550000000000002,2.705765503336462,757.6994132737658,0.19237726471335773,0.012601403173536961,136.61476246431366,9.790959043238988,0.006462328014977994
2.66,2.705389974048245,757.6985043773835,0.19242452873586682,0.012567646182972413,136.64846848160738,9.775810959867547,0.006460959542173954
2.665,2.705006011009985,757.6975886294431,0.1924716911495267,0.012533962190678224,136.68209945930042,9.760680160060074,0.006459570833315946
2.67,2.7046136334147244,757.6966660578247,0.1925187523846012,0.012500350886472996,136.71565571953153,9.74556656173964,0.006458161967899985
2.6750000000000003,2.704212860751993,757.695736690801,0.19256571286754767,0.012466811962911394,136.74913758173471,9.730470083756598,0.006456733025071073
2.68,2.7038037127740466,757.694800556991,0.19261257302145565,0.012433345114968767,136.7825453629593,9.715390645781877,0.006455284083664708
2.685,2.703386209539767,757.6938576854144,0.19265933326550622,0.012399950040429573,136.8158793774775,9.700328168439865,0.006453815222157878
2.69,2.702960371357388,757.6929081054159,0.19270599401570707,0.012366626439359032,136.849139937315,9.685282573129278,0.006452326518737361
2.695,2.7025262188559087,757.6919518467547,0.19275255568400557,0.012333374014740554,136.88232735161287,9.670253782240767,0.006450818051219461
2.7,2.7020837728997753,757.6909889394927,0.19279901867937393,0.012300192471695611,136.91544192740622,9.655241718892006,0.0064492898971497455
2.705,2.701633054684971,757.690019414116,0.1928453834066156,0.01226708151834164,136.94848396876912,9.640246307220517,0.0064477421336954065
2.71,2.7011740856333337,757.6890433013973,0.1928916502677002,0.01223404086483254,136.98145377776942,9.625267472057391,0.0064461748377670205
2.715,2.700706887504785,757.6880606325367,0.19293781966037343,0.012201070224357449,137.0143516534757,9.610305139268432,0.006444588085893798
2.72,2.7002314822793525,757.6870714390109,0.19298389197963833,0.012168169312076454,137.04717789301435,9.595359235391765,0.006442981954357809
2.725,2.699747892277938,757.6860757527222,0.19302986761626578,0.012135337846190636,137.07993279050737,9.580429688003688,0.006441356519060987
2.73,2.699256140039179,757.6850736058436,0.19307574695833157,0.012102575546837696,137.11261663816785,9.565516425342155,0.006439711855663635
2.735,2.698756248442091,757.6840650309681,0.19312153038971105,0.012069882137173351,137.1452297252275,9.550619376676934,0.006438048039450704
2.74,2.6982482405839594,757.6830500609569,0.19316721829159525,0.012037257342282073,137.17777233901646,9.535738471937801,0.0064363651454676955
2.745,2.697732139899142,757.6820287290828,0.19321281104104,0.012004700890219341,137.21024476393023,9.520873642071741,0.006434663248392484
2.75,2.6972079700432334,757.6810010688872,0.19325830901239716,0.011972212510983352,137.24264728244836,9.506024818691552,0.006432942422662965
2.755,2.6966757550032563,757.6799671143115,0.19330371257597584,0.011939791937476772,137.27498017418182,9.491191934405903,0.0064312027423594565
2.7600000000000002,2.696135518992402,757.6789268995685,0.19334902209933733,0.01190743890457635,137.30724371679406,9.476374922501066,0.006429444281319645
2.765,2.6955872865477732,757.677880459258,0.19339423794611355,0.011875153149981658,137.339438185161,9.461573717232579,0.006427667113035446
2.77,2.6950310824390744,757.6768278282557,0.19343936047712676,0.011842934413410751,137.37156385216645,9.446788253549888,0.006425871310751938
2.775,2.694466931750998,757.6757690418092,0.19348439004939835,0.011810782437311988,137.40362098799855,9.432018467341281,0.006424056947381439
2.7800000000000002,2.6938948598083075,757.6747041354478,0.19352932701706568,0.011778696966205496,137.4356098608,9.41726429520835,0.006422224095584187
2.785,2.6933148922408927,757.6736331450571,0.19357417173060326,0.011746677747242444,137.46753073611615,9.402525674658701,0.006420372827701376
2.79,2.6927270549267566,757.6725561068107,0.19361892453752055,0.011714724529703848,137.49938387738888,9.38780254393433,0.006418503215816346
2.795,2.692131374038684,757.6714730572227,0.19366358578180604,0.011682837065399753,137.53116954556387,9.373094842149376,0.006416615331707308
2.8000000000000003,2.6915278760057397,757.6703840331008,0.1937081558044008,0.011651015108329025,137.5628879994244,9.358402509173818,0.006414709246888805
2.805,2.6909165875413925,757.6692890715782,0.19375263494286535,0.01161925841491864,137.59453949535745,9.343725485716194,0.006412785032583895
2.81,2.690297535623236,757.6681882100875,0.19379702353163458,0.011587566743840459,137.62612428753155,9.329063713261368,0.0064108427597465685
2.815,2.689670747503302,757.6670814863712,0.19384132190189635,0.011555939856098346,137.6576426278143,9.314417134100742,0.006408882499052264
2.82,2.689036250704828,757.6659689384766,0.19388553038164386,0.011524377514990575,137.68909476580498,9.299785691320322,0.00640690432090279
2.825,2.688394073016376,757.6648506047468,0.19392964929574527,0.011492879486059706,137.72048094888905,9.28516932878345,0.006404908295433216
2.83,2.6877442425035984,757.6637265238331,0.1939736789658189,0.011461445537182164,137.7518014221437,9.270567991162904,0.006402894492501661
2.835,2.687086787489635,757.6625967346711,0.1940176197104636,0.011430075438402791,137.7830564285079,9.255981623883613,0.0064008629817098005
2.84,2.686421736579897,757.6614612765059,0.19406147184498143,0.011398768962133867,137.81424620857814,9.241410173192765,0.006398813832379776
2.845,2.68574911862751,757.6603201888537,0.19410523568178167,0.011367525882865019,137.84537100090282,9.22685358605917,0.006396747113589247
2.85,2.6850689627771653,757.6591735115471,0.19414891152988162,0.01133634597752154,137.87643104162012,9.21231181029879,0.006394662894129747
2.855,2.684381298407176,757.6580212846712,0.19419249969558147,0.011305229024979817,137.9074265649445,9.19778479440635,0.006392561242564267
2.86,2.6836861551991857,757.6568635486366,0.1942360004816655,0.011274174806640783,137.9383578025923,9.183272487755877,0.006390442227160742
2.865,2.6829835630548877,757.6557003440894,0.19427941418836894,0.011243183105735693,137.96922498447492,9.168774840359097,0.006388305915973717
2.87,2.6822735521876298,757.6545317120064,0.19432274111232722,0.011212253708080516,138.00002833794613,9.154291803129242,0.006386152376757169
2.875,2.681556153021323,757.6533576935868,0.19436598154774587,0.011181386401235819,138.030768088639,9.139823327588303,0.006383981677062636
2.88,2.6808313962958934,757.6521783303618,0.1944091357851924,0.011150580975374247,138.06144445960183,9.125369366170583,0.006381793884139409
2.8850000000000002,2.680099312955946,757.6509936640766,0.19445220411288108,0.011119837222357983,138.092057672216,9.110929871900833,0.006379589065041656
2.89,2.6793599342629757,757.649803736805,0.19449518681538935,0.011089154936660217,138.12260794527919,9.096504798717001,0.006377367286522906
2.895,2.6786132916803993,757.6486085908298,0.1945380841749813,0.011058533914414987,138.15309549594983,9.082094101138345,0.006375128615145787
2.9,2.677859416986394,757.6474082687567,0.19458089647031943,0.011027973954341998,138.18352053882774,9.06769773458971,0.006372873117176647
2.9050000000000002,2.677098342160949,757.6462028133977,0.19462362397776165,0.01099747485681537,138.21388328687914,9.05331565507588,0.006370600858692578
2.91,2.676330099494153,757.6449922678795,0.19466626697012748,0.010967036424749388,138.24418395055665,9.038947819492515,0.0063683119054810085
2.915,2.675554721479978,757.6437766755345,0.19470882571791542,0.01093665846272453,138.27442273866677,9.02459418532023,0.006366006323139664
2.92,2.6747722409157686,757.6425560799995,0.19475130048817144,0.010906340777799697,138.30459985756357,9.010254710910067,0.006363684176984998
2.9250000000000003,2.673982690806549,757.6413305251191,0.19479369154558387,0.010876083178726126,138.33471551192844,8.995929355208077,0.006361345532141693
2.93,2.673186104452373,757.64010005503,0.19483599915149186,0.010845885476659298,138.36476990406356,8.981618078005862,0.0063589904534628715
2.935,2.6723825153660483,757.6388647140787,0.19487822356482554,0.0108157474844838,138.39476323456128,8.967320839703861,0.006356619005606638
2.94,2.671571957345899,757.6376245468922,0.19492036504128116,0.010785669017405507,138.4246957017169,8.953037601520018,0.006354231252970138
2.945,2.670754464408919,757.6363795983099,0.19496242383408505,0.01075564989240317,138.45456750207165,8.938768325297433,0.006351827259751495
2.95,2.6699300708473652,757.6351299134385,0.1950044001933523,0.01072568992868866,138.48437882995702,8.924512973666761,0.006349407089898956
2.955,2.6690988111784946,757.6338755376013,0.1950462943666621,0.010695788947294038,138.51412987790266,8.910271509901415,0.006346970807157378
2.96,2.6682607201842625,757.6326165163749,0.19508810659860762,0.010665946771394489,138.5438208363176,8.896043898031682,0.00634451847503292
2.965,2.6674158328779516,757.631352895556,0.1951298371311799,0.010636163226032868,138.5734518937611,8.88183010274831,0.006342050156824
2.97,2.6665641845270702,757.6300847211818,0.1951714862035072,0.01060643813830664,138.6030232367595,8.867630089468678,0.0063395659156012425
2.975,2.6657058106363816,757.6288120395128,0.1952130540520535,0.010576771337225397,138.6325350499443,8.853443824287314,0.0063370658142235525
2.98,2.6648407469548943,757.6275348970372,0.19525454091053698,0.010547162653769418,138.66198751599723,8.839271273996662,0.00633454991533233
2.985,2.663969029474005,757.6262533404688,0.19529594700995798,0.01051761192086945,138.69138081566618,8.825112406080867,0.006332018281353981
2.99,2.66309069442025,757.6249674167381,0.19533727257867717,0.010488118973350629,138.72071512782503,8.810967188695917,0.006329470974506758
2.995,2.6622057782665283,757.6236771730013,0.19537851784229657,0.010458683648017861,138.74999062938352,8.796835590700873,0.006326908056791658
3.0,2.661314317713007,757.622382656622,0.1954196830238701,0.010429305783504613,138.77920749544276,8.782717581604208,0.006324329590009642
3.005,2.660416349709636,757.6210839151897,0.19546076834365786,0.01039998522044933,138.80836589911377,8.768613131627413,0.006321735635742619
3.0100000000000002,2.659511911423487,757.6197809964893,0.19550177401948837,0.010370721801235301,138.8374660117815,8.754522211612537,0.006319126255382426
3.015,2.658601040279183,757.6184739485359,0.1955427002663117,0.01034151537031143,138.86650800278025,8.740444793137208,0.006316501510096229
3.02,2.6576837739047496,757.6171628195248,0.19558354729680255,0.010312365773759415,138.8954920398287,8.726380848360604,0.006313861460874053
3.025,2.6567601501945726,757.6158476578863,0.19562431532066032,0.010283272859795944,138.92441828852557,8.712330350203207,0.0063112061684747305
3.0300000000000002,2.6558302072340583,757.6145285122184,0.19566500454544952,0.010254236478169637,138.9532869129534,8.698293272131924,0.006308535693491562
3.035,2.6548939833805316,757.613205431355,0.19570561517569846,0.010225256480807752,138.98209807503093,8.68426958839157,0.006305850096282939
3.04,2.653951517173553,757.6118784642879,0.19574614741390026,0.010196332721097887,139.01085193523102,8.670259273748623,0.006303149437050085
3.045,2.6530028474266993,757.6105476602436,0.19578660145948906,0.010167465054622554,139.03954865184627,8.656262303754323,0.006300433775758544
3.0500000000000003,2.65204801313013,757.6092130685993,0.19582697750992803,0.010138653338378505,139.0681883817682,8.642278654465853,0.006297703172222252
3.055,2.651087053547119,757.6078747389629,0.19586727575963148,0.010109897431550068,139.09677127971506,8.62830830272359,0.006294957686021216
3.06,2.6501200081145457,757.6065327210886,0.1959074964010766,0.010081197194711474,139.12529749902725,8.614351225865883,0.006292197376587018
3.065,2.649146916538958,757.6051870649549,0.19594763962372977,0.01005255249059721,139.1537671908987,8.60040740200552,0.006289422303121149
3.0700000000000003,2.648167818699759,757.6038378206833,0.19598770561512868,0.010023963183325543,139.18218050515068,8.586476809751797,0.006286632524677894
3.075,2.647182754740466,757.6024850386126,0.19602769455986122,0.009995429139131191,139.21053758950106,8.57255942847377,0.006283828100086991
3.08,2.6461917649785085,757.601128769223,0.1960676066405745,0.009966950225641308,139.23883859028564,8.558655238040838,0.006281009088030603
3.085,2.6451948899881885,757.5997690632025,0.196107442037045,0.009938526312542547,139.26708365179283,8.544764219062692,0.0062781755469732145
3.09,2.6441921705201614,757.5984059713808,0.19614720092708043,0.009910157270934148,139.29527291690815,8.530886352657346,0.00627532753523015
3.095,2.6431836475734385,757.5970395447848,0.196186883485711,0.009881842973908017,139.32340652653573,8.51702162066004,0.006272465110906892
3.1,2.6421693623268157,757.5956698345841,0.19622648988595834,0.009853583295997087,139.35148462014755,8.503170005425316,0.006269588331957308
3.105,2.6411493561980453,757.5942968921347,0.1962660202981691,0.009825378113653332,139.37950733530695,8.489331489999358,0.006266697256133899
3.11,2.6401236707886975,757.592920768936,0.19630547489063452,0.009797227304803466,139.40747480811066,8.475506057960551,0.0062637919410345405
3.115,2.6390923479293913,757.5915415166634,0.19634485382907862,0.009769130749215805,139.4353871728234,8.4616936935519,0.0062608724440645375
3.12,2.6380554296388383,757.5901591871359,0.19638415727711964,0.009741088328169478,139.46324456220623,8.447894381562392,0.0062579388224713265
3.125,2.6370129581547426,757.5887738323385,0.19642338539591797,0.009713099924706784,139.49104710726598,8.434108107418181,0.006254991133318587
3.13,2.6359649759070614,757.5873855044002,0.19646253834447844,0.009685165423416495,139.5187949374692,8.420334857105054,0.006252029433508931
3.1350000000000002,2.634911525534885,757.5859942556057,0.19650161627945495,0.009657284710573859,139.54648818060417,8.406574617219071,0.006249053779769773
3.14,2.633852649873278,757.5846001383835,0.1965406193553002,0.009629457674033197,139.57412696288526,8.392827374928503,0.0062460642286645855
3.145,2.632788391957092,757.5832032053085,0.19657954772421707,0.009601684203262899,139.60171140892035,8.379093117986478,0.006243060836589678
3.15,2.6317187950201153,757.5818035090988,0.19661840153616944,0.00957396418933747,139.6292416417153,8.365371834728924,0.006240043659775111
3.1550000000000002,2.6306439024874053,757.5804011026098,0.1966571809389627,0.009546297524879819,139.6567177827345,8.351663514053582,0.00623701275429106
3.16,2.6295637579848745,757.5789960388388,0.19669588607813684,0.009518684104138067,139.6841399518201,8.337968145448725,0.006233968176039958
3.165,2.6284784053222827,757.577588370912,0.19673451709715217,0.009491123822852115,139.71150826732878,8.324285718944628,0.006230909980770629
3.17,2.6273878885117554,757.5761781520965,0.1967730741371807,0.009463616578403432,139.73882284597764,8.310616225168827,0.006227838224062931
3.1750000000000003,2.626292251739576,757.5747654357782,0.19681155733741962,0.0094361622695901,139.76608380307258,8.296959655264256,0.006224752961351229
3.18,2.6251915393999528,757.5733502754848,0.19684996683470793,0.009408760796901835,139.79329125222904,8.283316000990121,0.006221654247896242
3.185,2.6240857960488952,757.5719327248521,0.1968883027640452,0.009381412062147898,139.8204453057473,8.269685254586387,0.006218542138823474
3.19,2.6229750664558082,757.5705128376578,0.1969265652580028,0.00935411596887933,139.84754607418648,8.256067408928354,0.006215416689080097
3.1950000000000003,2.6218593955413336,757.5690906677788,0.1969647544474279,0.009326872421884083,139.87459366687187,8.24246245734262,0.006212277953486808
3.2,2.6207388284421707,757.5676662692318,0.19700287046070053,0.009299681327719795,139.90158819135905,8.228870393802117,0.006209125986683536
3.205,2.619613410438592,757.5662396961258,0.19704091342455868,0.009272542594122059,139.9285297540278,8.215291212710179,0.006205960843190007
3.21,2.6184831870268286,757.5648110027055,0.19707888346326513,0.009245456130601962,139.95541845948145,8.201724909119413,0.00620278257734497
3.215,2.617348203841503,757.5633802433027,0.19711678069949426,0.00921842184781005,139.98225441118507,8.188171478499356,0.006199591243371115
3.22,2.616208506730741,757.5619474723802,0.1971546052534635,0.009191439658159264,140.0090377108396,8.17463091696485,0.006196386895311838
3.225,2.6150641416779603,757.5605127444828,0.1971923572438314,0.009164509475180806,140.03576845902793,8.161103221040493,0.0061931695870968235
3.23,2.613915154875675,757.5590761142807,0.19723003678683995,0.009137631214139354,140.06244675459686,8.147588387886392,0.0061899393724797105
3.235,2.612761592650281,757.5576376365227,0.19726764399718183,0.00911080479141094,140.089072695281,8.134086415070461,0.0061866963051012925
3.24,2.6116035015312833,757.5561973660757,0.19730517898719144,0.009084030125063255,140.11564637712,8.12059730078157,0.006183440438430826
3.245,2.6104409281819927,757.5547553578829,0.19734264186764755,0.009057307134279886,140.14216789503564,8.107121043618642,0.006180171825824406
3.25,2.6092739194616166,757.5533116669978,0.1973800327470431,0.009030635739884151,140.16863734230583,8.093657642783242,0.0061768905204720725
3.255,2.608102522364076,757.5518663485486,0.19741735173229688,0.009004015863828515,140.19505481107646,8.080207097892426,0.006173596575449484
3.2600000000000002,2.6069267840710904,757.5504194577651,0.19745459892812464,0.008977447429645805,140.22142039190805,8.066769409144808,0.006170290043672421
3.265,2.6057467519006585,757.5489710499502,0.197491774437641,0.008950930362017362,140.24773417420855,8.053344577162186,0.006166970977940425
3.27,2.604562473349913,757.5475211805007,0.19752887836184715,0.00892446458714061,140.2739962458642,8.039932603124962,0.006163639430899788
3.275,2.603373996054182,757.5460699048839,0.19756591080011118,0.008898050032384492,140.30020669358447,8.02653348864577,0.006160295455078307
3.2800000000000002,2.6021813678189933,757.5446172786533,0.1976028718497807,0.00887168662656725,140.32636560262316,8.013147235871905,0.0061569391028573625
3.285,2.6009846365900513,757.5431633574316,0.19763976160653646,0.008845374299702956,140.35247305703183,7.999773847392456,0.006153570426497429
3.29,2.5997838504743327,757.541708196919,0.19767658016413223,0.008819112983187969,140.37852913947276,7.9864133263070745,0.0061501894781193734
3.295,2.5985790577207726,757.5402518528825,0.19771332761462213,0.008792902609637885,140.40453393138122,7.973065676166434,0.006146796309720802
3.3000000000000003,2.597370306730913,757.5387943811601,0.19775000404822426,0.008766743112985465,140.43048751286778,7.959730901008329,0.006143390973166299
3.305,2.5961576460495976,757.5373358376532,0.19778660955342858,0.008740634428403175,140.45638996279422,7.946409005329729,0.006139973520195094
3.31,2.594941124366102,757.5358762783272,0.1978231442169743,0.008714576492319397,140.4822413587583,7.933099994092654,0.006136544002419544
3.315,2.5937207905136868,757.5344157592082,0.1978596081238509,0.008688569242417803,140.50804177709202,7.919803872724652,0.00613310247132502
3.3200000000000003,2.5924966934625724,757.5329543363792,0.19789600135737453,0.008662612617582487,140.5337912929183,7.906520647098327,0.006129648978275553
3.325,2.5912688823267946,757.5314920659808,0.19793232399909913,0.008636706557961739,140.55948998008412,7.8932503235557006,0.006126183574507191
3.33,2.59003740635076,757.5300290042044,0.19796857612897234,0.008610851004856259,140.58513791127473,7.879992908866583,0.006122706311139384
3.335,2.588802314922222,757.5285652072946,0.19800475782516974,0.008585045900838044,140.61073515789099,7.866748410273411,0.006119217239162745
3.34,2.587563657550863,757.5271007315407,0.19804086916435143,0.008559291189566377,140.63628179023664,7.85351683542275,0.006115716409457734
3.345,2.5863214838924096,757.5256356332825,0.1980769102213545,0.008533586816008396,140.6617778772931,7.840298192447941,0.006112203872772092
3.35,2.585075843714401,757.5241699688975,0.1981128810696134,0.008507932726137618,140.68722348702497,7.827092489856879,0.006108679679751426
3.355,2.583826786932372,757.5227037948097,0.1981487817806962,0.00848232886726656,140.712618686042,7.813899736656384,0.006105143880905232
3.36,2.5825743635653398,757.5212371674755,0.1981846124248599,0.00845677518764848,140.7379635400023,7.800719942203865,0.006101596526647338
3.365,2.581318623780344,757.5197701433935,0.1982203730704744,0.008431271636890551,140.7632581131928,7.787553116361784,0.006098037667253651
3.37,2.5800596178406416,757.518302779089,0.19825606378467756,0.008405818165483971,140.78850246900487,7.774399269322496,0.0060944673529099574
3.375,2.578797396157187,757.516835131125,0.19829168463270253,0.008380414725286594,140.81369666944454,7.761258411788737,0.006090885633662472
3.38,2.577532009231187,757.5153672560862,0.19832723567861318,0.008355061268995252,140.83884077566688,7.748130554776712,0.00608729255947164
3.3850000000000002,2.5762635077081333,757.5138992105896,0.19836271698459007,0.008329757750658154,140.8639348474556,7.73501570980791,0.006083688180159482
3.39,2.5749919423206955,757.5124310512703,0.1983981286116701,0.008304504125144167,140.88897894376097,7.721913888710803,0.0060800725454638535
3.395,2.573717363941123,757.510962834789,0.19843347061904443,0.008279300348646625,140.9139731221876,7.70882510380967,0.006076445704986472
3.4,2.5724398235259565,757.5094946178214,0.19846874306478357,0.008254146378163048,140.9389174395224,7.695749367729962,0.006072807708246278
3.4050000000000002,2.5711593721665795,757.5080264570623,0.1985039460051498,0.008229042171988502,140.96381195123243,7.682686693583425,0.00606915860462832
3.41,2.569876061035766,757.5065584092179,0.19853907949530797,0.00820398768920575,140.98865671198263,7.669637094777152,0.006065498443436238
3.415,2.568589941436368,757.5050905310076,0.19857414358865222,0.008178982890168147,141.01345177514398,7.6566005851949726,0.0060618272738419765
3.42,2.5673010647497083,757.503622879158,0.19860913833750232,0.008154027736000252,141.038197193301,7.643577179010206,0.006058145144937409
3.4250000000000003,2.5660094824823996,757.5021555104034,0.1986440637924451,0.008129122189070243,141.06289301777,7.630566890863324,0.006054452105684882
3.43,2.5647152462165854,757.5006884814813,0.19867892000301599,0.008104266212500991,141.08753929909662,7.617569735678411,0.006050748204967983
3.435,2.5634184076548876,757.499221849131,0.19871370701705524,0.008079459770632002,141.11213608658423,7.6045857288370735,0.006047033491542888
3.44,2.5621190185725053,757.4977556700911,0.19874842488137479,0.00805470282854094,141.13668342878097,7.591614885998628,0.006043308014088306
3.4450000000000003,2.5608171308602774,757.496290001096,0.19878307364112915,0.008029995352495104,141.16118137301876,7.5786572232702545,0.006039571821157613
3.45,2.559512796478651,757.4948248988757,0.19881765334046758,0.008005337309483421,141.18562996589003,7.56571275703092,0.0060358249612279796
3.455,2.55820606749885,757.4933604201501,0.1988521640219198,0.00798072866765743,141.21002925279674,7.552781504097754,0.006032067482653285
3.46,2.5568969960587253,757.4918966216312,0.19888660572703323,0.00795616939587375,141.2343792784172,7.539863481553726,0.006028299433712436
3.465,2.5555856344020196,757.4904335600145,0.19892097849577367,0.007931659464124576,141.25868008626514,7.5269587069102375,0.006024520862563047
3.47,2.554272034836103,757.4889712919838,0.19895528236714777,0.007907198843090638,141.28293171914626,7.51406719793856,0.006020731817288976
3.475,2.5529562497693306,757.4875098742009,0.19898951737861817,0.007882787504561197,141.30713421872773,7.501188972828629,0.006016932345854738
3.48,2.5516383316706786,757.4860493633121,0.19902368356671177,0.007858425420997487,141.33128762598432,7.488324050024268,0.006013122496152284
3.485,2.550318333105174,757.4845898159352,0.1990577809664492,0.007834112565942212,141.35539198077828,7.475472448378151,0.006009302315956139
3.49,2.548996306695446,757.4831312886697,0.1990918096119384,0.007809848913593492,141.37944732229514,7.4626341869908375,0.006005471852969419
3.495,2.5476723051552246,757.4816738380803,0.19912576953581895,0.0077856344392038595,141.40345368863385,7.449809285361902,0.0060016311547796955
3.5,2.5463463812528064,757.480217520709,0.19915966076984096,0.0077614691186646935,141.42741111723242,7.436997763232776,0.005997780268904267
3.505,2.5450185878426193,757.4787623930579,0.199193483344324,0.00773735292889471,141.45131964446827,7.424199640734038,0.005993919242746721
3.5100000000000002,2.5436889778306133,757.4773085116028,0.19922723728872122,0.007713285847434909,141.47517930607347,7.41141493823207,0.005990048123641483
3.515,2.542357604203882,757.4758559327734,0.19926092263109324,0.007689267852826566,141.49899013674556,7.39864367647251,0.005986166958811064
3.52,2.5410245199979835,757.4744047129692,0.19929453939865743,0.007665298924216666,141.52275217055248,7.38588587643073,0.0059822757954099024
3.525,2.5396897783246133,757.472954908538,0.19932808761727638,0.007641379041725397,141.54646544055353,7.373141559451423,0.00597837468048227
3.5300000000000002,2.5383534323408647,757.4715065757939,0.19936156731199267,0.007617508186062094,141.57012997919423,7.3604107471029385,0.005974463661005432
3.535,2.5370155352749486,757.4700597709932,0.19939497850653196,0.007593686338882237,141.59374581793736,7.347693461312985,0.005970542783848201
3.54,2.5356761403973933,757.4686145503549,0.19942832122382295,0.007569913482413885,141.6173129876477,7.334989724226824,0.005966612095813423
3.545,2.534335301044807,757.4671709700343,0.19946159548551548,0.007546189599804181,141.64083151823326,7.322299558339089,0.005962671643597158
3.5500000000000003,2.532993070593029,757.4657290861459,0.19949480131248545,0.0075225146747562935,141.66430143901957,7.309622986355847,0.005958721473830519
3.555,2.5316495024789263,757.4642889547345,0.1995279387243677,0.007498888691865432,141.68772277840168,7.296960031322527,0.0059547616330394675
3.56,2.530304650175503,757.4628506318006,0.19956100774004645,0.007475311636266276,141.7110955642077,7.284310716489851,0.005950792167686001
3.565,2.5289585672117214,757.4614141732693,0.1995940083772025,0.007451783493958511,141.7344198233612,7.271675065437862,0.005946813124128564
3.5700000000000003,2.5276113071495763,757.4599796350177,0.19962694065278933,0.007428304251464757,141.7576955822346,7.259053101945751,0.005942824548662598
3.575,2.5262629236019434,757.4585470728416,0.19965980458259472,0.007404873896145625,141.7809228663216,7.246444850111963,0.0059388264874815485
3.58,2.5249134702116196,757.4571165424852,0.19969260018170218,0.00738149241586813,141.8041017005806,7.233850334227924,0.005934818986716797
3.585,2.5235630006671887,757.4556880996059,0.19972532746406746,0.0073581597993102755,141.8272321091171,7.221269578894225,0.0059308020923992425
3.59,2.5222115686840376,757.4542617998057,0.19975798644296502,0.007334876035639961,141.85031411551697,7.208702608898264,0.005926775850498637
3.595,2.5208592280182365,757.4528376985941,0.19979057713057938,0.007311641114809105,141.87334774253924,7.19614944932649,0.005922740306885724
3.6,2.5195060324495344,757.4514158514216,0.19982309953843685,0.00728845502724302,141.89633301243884,7.183610125445968,0.005918695507370994
3.605,2.518152035793249,757.4499963136404,0.19985555367701147,0.007265317764124096,141.9192699466698,7.17108466281269,0.00591464149766736
3.61,2.5167972918852466,757.4485791405408,0.19988793955614217,0.007242229317091635,141.9421585661977,7.15857308715705,0.005910578323428352
3.615,2.5154418545918373,757.4471643873081,0.19992025718465323,0.0072191896785151095,141.96499889121304,7.146075424488224,0.00590650603021132
3.62,2.5140857777967436,757.4457521090627,0.19995250657075692,0.007196198841204445,141.98779094143362,7.133591700983583,0.005902424663515076
3.625,2.5127291154090017,757.4443423608144,0.1999846877216884,0.007173256798672861,142.01053473582795,7.121121943089106,0.005898334268743603
3.63,2.511371921351915,757.4429351975043,0.20001680064409394,0.007150363544857593,142.03323029290738,7.108666177412739,0.0058942348912431695
3.6350000000000002,2.5100142495689632,757.4415306739575,0.20004884534368017,0.007127519074372343,142.05587763045983,7.096224430820862,0.005890126576266536
3.64,2.5086561540147483,757.4401288449269,0.20008082182558776,0.007104723382238421,142.07847676583177,7.083796730335587,0.00588600936900954
3.645,2.5072976886589013,757.4387297650435,0.20011273009405536,0.007081976464126812,142.10102771567182,7.071383103227263,0.005881883314575792
3.65,2.5059389074790235,757.4373334888629,0.20014457015277853,0.007059278316099726,142.12353049620273,7.058983576915726,0.005877748458012752
3.6550000000000002,2.5045798644625963,757.435940070813,0.20017634200458828,0.007036628934842316,142.14598512297533,7.046598179058844,0.005873604844276893
3.66,2.503220613601916,757.434549565243,0.20020804565179537,0.007014028317414613,142.1683916111299,7.034226937457728,0.005869452518269289
3.665,2.5018612088940033,757.4331620263689,0.20023968109588336,0.006991476461472908,142.1907499751606,7.021869880141296,0.005865291524801226
3.67,2.5005017043375366,757.4317775083241,0.20027124833783844,0.006968973365032046,142.21306022916653,7.009527035275456,0.005861121908629317
3.6750000000000003,2.499142153930757,757.4303960651038,0.2003027473778569,0.006946519026676519,142.23532238662625,6.997198431243697,0.0058569437144215504
3.68,2.497782611670407,757.4290177506168,0.2003341782156604,0.0069241134453330985,142.25753646063882,6.984884096560238,0.005852756986791947
3.685,2.496423131547628,757.4276426186283,0.2003655408502179,0.0069017566204716396,142.27970246370828,6.9725840599466515,0.005848561770267027
3.69,2.4950637675489,757.4262707228139,0.20039683528004654,0.006879448551888038,142.30182040797465,6.960298350248968,0.005844358109320019
3.6950000000000003,2.4937045736499366,757.4249021166997,0.20042806150294776,0.006857189239894785,142.32389030500843,6.948026996510339,0.00584014604833774
3.7,2.492345603818629,757.4235368537192,0.20045921951629386,0.006834978685114226,142.34591216603144,6.935770027892108,0.005835925631654375
3.705,2.4909869120069366,757.4221749871506,0.2004903093167785,0.006812816888658888,142.3678860017216,6.9235274737424986,0.005831696903518742
3.71,2.4896285521558306,757.4208165701763,0.20052133090068883,0.006790703851934994,142.38981182242333,6.91129936352166,0.005827459908127664
3.715,2.4882705781851837,757.419461655818,0.2005522842636701,0.0067686395768126245,142.4116896379626,6.8990857268663826,0.005823214689593606
3.72,2.486913044000721,757.4181102969984,0.20058316940098375,0.006746624065439456,142.4335194578473,6.886886593519113,0.005818961291977649
3.725,2.485556003481898,757.4167625464737,0.20061398630728605,0.006724657320400776,142.455301291092,6.874701993388703,0.0058146997592574915
3.73,2.4841995104908623,757.4154184568979,0.20064473497687185,0.006702739344543427,142.47703514640864,6.862531956483394,0.005810430135360034
3.735,2.482843618858326,757.4140780807534,0.20067541540346756,0.006680870141125697,142.49872103204092,6.850376512967597,0.005806152464129733
3.74,2.4814883823945317,757.4127414704167,0.20070602758046058,0.006659049713651443,142.52035895594517,6.83823569309885,0.005801866789360811
3.745,2.4801338548731255,757.4114086780877,0.2007365715007063,0.006637278066009914,142.54194892563473,6.826109527280635,0.0057975731547659495
3.75,2.478780090044122,757.4100797558569,0.2007670471567434,0.006615555202319995,142.5634909483506,6.8139980460033005,0.005793271604008134
3.755,2.4774271416157783,757.4087547556331,0.20079745454061507,0.006593881127060004,142.58498503091596,6.801901279892916,0.0057889621806696745
3.7600000000000002,2.476075063269565,757.4074337292124,0.20082779364406983,0.00657225584492203,142.60643117989665,6.789819259656167,0.0057846449282837045
3.765,2.4747239086400383,757.4061167282034,0.200858064458397,0.006550679360931746,142.62782940146573,6.777752016125254,0.0057803198903035105
3.77,2.473373731331811,757.4048038040994,0.20088826697461343,0.006529151680312801,142.64917970155392,6.765699580206742,0.005775987110133699
3.775,2.4720245848974334,757.4034950082008,0.20091840118331278,0.0065076728085966835,142.670482085724,6.753661982922512,0.005771646631099817
3.7800000000000002,2.470676522856358,757.4021903916895,0.20094846707483824,0.006486242751497135,142.6917365593116,6.741639255362581,0.005767298496479213
3.785,2.4693295986708295,757.4008900055492,0.2009784646391457,0.006464861515010119,142.7129431273078,6.729631428722095,0.00576294274947093
3.79,2.467983865766849,757.3995939006417,0.20100839386596261,0.0064435291052982084,142.73410179449525,6.717638534258109,0.005758579433226259
3.795,2.4666393775080677,757.3983021276258,0.2010382547446648,0.006422245528780687,142.75521256533253,6.705660603322643,0.0057542085908189105
3.8000000000000003,2.4652961872187524,757.3970147370353,0.2010680472644214,0.006401010792027885,142.77627544408617,6.693697667323412,0.005749830265275275
3.805,2.463954348155686,757.3957317791954,0.2010977714140855,0.006379824901841485,142.79729043472324,6.681749757752952,0.00574544449954484
3.81,2.462613913533129,757.3944533043034,0.20112742718232526,0.00635868786515872,142.81825754103352,6.669816906153291,0.00574105133653019
3.815,2.461274936492735,757.393179362343,0.20115701455752816,0.006337599689122947,142.8391767665317,6.657899144141155,0.00573665081905765
3.8200000000000003,2.4599374701305012,757.3919100031667,0.2011865335279182,0.006316560380997674,142.86004811456985,6.645996503376577,0.00573224298990703
3.825,2.458601567464705,757.3906452764088,0.201215984081474,0.006295569948227457,142.88087158824925,6.634109015584195,0.005727827891782496
3.83,2.457267281464838,757.3893852315684,0.20124536620603212,0.006274628398361677,142.90164719052322,6.622236712525778,0.005723405567342066
3.835,2.455934665017569,757.3881299179221,0.20127467988921863,0.006253735739105835,142.92237492411823,6.610379626017633,0.005718976059168689
3.84,2.4546037709576605,757.3868793846083,0.2013039251185389,0.006232891978255043,142.9430547916276,6.598537787907047,0.0057145394097995105
3.845,2.4532746520319564,757.3856336805374,0.20133310188132256,0.006212097123735748,142.96368679544156,6.586711230085805,0.005710095661697157
3.85,2.451947360932282,757.3843928544787,0.20136221016479977,0.006191351183548893,142.98427093783175,6.574899984470542,0.0057056448572787724
3.855,2.4506219502574638,757.3831569549689,0.2013912499560593,0.006170654165802145,143.00480722089048,6.563104083012386,0.0057011870388874895
3.86,2.4492984725482003,757.3819260304002,0.20142022124211167,0.006150006078662634,143.0252956466059,6.5513235576812,0.0056967222488212635
3.865,2.4479769802471227,757.3807001289274,0.20144912400986023,0.006129406930379779,143.04573621681047,6.5395584404713745,0.0056922505293045145
3.87,2.4466575257356373,757.3794792985582,0.20147795824615095,0.0061088567292475505,143.0661289332468,6.527808763389946,0.005687771922516768
3.875,2.4453401612920267,757.3782635870575,0.20150672393775662,0.006088355483617938,143.08647379752517,6.51607455845855,0.005683286470564454
3.88,2.4440249391302573,757.3770530420401,0.2015354210714135,0.006067903201872673,143.1067708111804,6.504355857705401,0.005678794215509372
3.8850000000000002,2.442711911356132,757.3758477108735,0.20156404963381838,0.0060474998924274215,143.1270199756382,6.492652693163427,0.0056742951993406345
3.89,2.441401130008056,757.3746476407722,0.20159260961165207,0.006027145563712906,143.14722129226288,6.480965096866095,0.005669789464002965
3.895,2.440092647011244,757.3734528786985,0.2016211009915895,0.006006840224169884,143.16737476233274,6.469293100841746,0.005665277051368776
3.9,2.438786514220444,757.3722634714586,0.20164952376031,0.005986583882239596,143.18748038707886,6.457636737113246,0.005660758003266313
3.9050000000000002,2.4374827833722006,757.3710794656018,0.2016778779045203,0.005966376546349619,143.20753816766907,6.445996037688541,0.005656232361451849
3.91,2.4361815061295307,757.3699009075192,0.20170616341095168,0.005946218224913558,143.22754810523793,6.4343710345641245,0.005651700167637698
3.915,2.4348827340322567,757.3687278433391,0.2017343802663958,0.0059261089263078675,143.24751020087953,6.422761759711822,0.00564716146346451
3.92,2.433586518543619,757.3675603190293,0.2017625284576891,0.005906048658880688,143.26742445566845,6.411168245086053,0.005642616290529153
3.9250000000000003,2.43229291099869,757.3663983802904,0.2017906079717609,0.005886037430919735,143.28729087066125,6.399590522606885,0.005638064690357117
3.93,2.431001962652921,757.3652420726594,0.2018186187956052,0.005866075250670213,143.30710944690892,6.388028624171063,0.0056335067044302675
3.935,2.429713724628637,757.3640914414015,0.2018465609163413,0.005846162126293827,143.32688018546656,6.376482581631341,0.0056289423741593386
3.94,2.4284282479655115,757.3629465316153,0.2018744343211728,0.005826298065895706,143.34660308739717,6.364952426811268,0.005624371740911584
3.9450000000000003,2.4271455835651583,757.3618073881236,0.20190223899746076,0.005806483077474639,143.36627815379018,6.353438191480832,0.0056197948459833415
3.95,2.425865782243521,757.3606740555794,0.2019299749326701,0.005786717168958914,143.3859053857563,6.341939907374967,0.005615211730627593
3.955,2.4245888946735645,757.3595465783554,0.2019576421144547,0.005767000348147861,143.4054847844546,6.330457606165535,0.005610622436026585
3.96,2.4233149714395825,757.358425000652,0.20198524053059172,0.005747332622756522,143.42501635107863,6.318991319483536,0.005606027003319317
3.9650000000000003,2.4220440629779927,757.3573093663848,0.20201277016907881,0.0057277140003486075,143.44450008689202,6.307541078887452,0.0056014254735742034
3.97,2.4207762196335505,757.3561997192942,0.20204023101805585,0.005708144488389906,143.46393599320623,6.296106915889135,0.005596817887816502
3.975,2.4195114915982603,757.3550961028312,0.20206762306591428,0.005688624094172734,143.48332407142402,6.284688861918539,0.005592204287001005
3.98,2.418249928969486,757.3539985602695,0.20209494630120672,0.005669152824877996,143.50266432300913,6.273286948353269,0.005587584712039416
3.985,2.4169915816869905,757.3529071345887,0.20212220071276804,0.005649730687491248,143.52195674953774,6.26190120647972,0.005582959203773067
3.99,2.415736499592933,757.3518218685883,0.202149386289613,0.0056303576888732994,143.54120135266,6.250531667526255,0.005578327803000249
3.995,2.414484732367042,757.3507428047699,0.20217650302106888,0.005611033835667986,143.56039813415953,6.2391783626208,0.0055736905504489495
4.0,2.4132363295884924,757.3496699854519,0.20220355089666134,0.00559175913438122,143.57954709590646,6.227841322827611,0.005569047486804144
4.005,2.4119913406692266,757.3486034526507,0.20223052990625856,0.005572533591280577,143.59864823992527,6.216520579101348,0.005564398652680535
4.01,2.410749814917698,757.3475432481966,0.20225744003994534,0.005553357212482699,143.61770156833956,6.205216162327421,0.005559744088649832
4.015,2.4095118014703476,757.3464894136144,0.20228428128817855,0.005534230003844803,143.63670708344765,6.193928103272563,0.005555083835213477
4.0200000000000005,2.408277349357211,757.3454419902399,0.20231105364164975,0.0055151519710603236,143.6556647876596,6.182656432628721,0.005550417932829911
4.025,2.4070465074315583,757.3444010190985,0.20233775709145171,0.0054961231195424605,143.67457468358018,6.171401180960176,0.005545746421887288
4.03,2.405819324437349,757.3433665410254,0.20236439162892966,0.005477143454527958,143.6934367739383,6.160162378750933,0.0055410693427307405
4.035,2.404595848937052,757.3423385965406,0.20239095724585887,0.005458212980952785,143.71225106167762,6.148940056348424,0.0055363867356350615
4.04,2.403376129380939,757.341317225971,0.20241745393428456,0.005439331703563969,143.7310175498779,6.137734244014378,0.005531698640831984
4.045,2.402160214033091,757.340302469325,0.20244388168671043,0.005420499626787516,143.7497362418534,6.126544971865127,0.005527005098482823
4.05,2.4009481510425252,757.3392943664151,0.20247024049592743,0.005401716754848174,143.7684071410665,6.115372269925929,0.0055223061487057815
4.055,2.3997399883673953,757.3382929567313,0.20249653035521284,0.005382983091629726,143.78703025123335,6.104216168067919,0.005517601831548538
4.0600000000000005,2.3985357738479385,757.3372982795653,0.20252275125814834,0.005364298640802557,143.80560557623002,6.093076696065833,0.005512892187015585
4.065,2.3973355551288886,757.3363103738822,0.2025489031988294,0.005345663405676456,143.82413312020557,6.081953883531664,0.005508177255040762
4.07,2.396139379734227,757.3353292784466,0.2025749861716727,0.00532707738933586,143.84261288748053,6.070847759975741,0.005503457075514634
4.075,2.3949472949878183,757.3343550316927,0.20260100017163585,0.005308540594485273,143.86104488266716,6.059758354737109,0.005498731688256953
4.08,2.393759348089961,757.3333876718515,0.20262694519401406,0.0052900530235921025,143.87942911056072,6.048685697047963,0.005494001133044093
4.085,2.392575586036255,757.3324272368202,0.20265282123467027,0.005271614678724801,143.89776557626675,6.037629815960778,0.005489265449581432
4.09,2.391396055695937,757.33147376429,0.20267862828982117,0.0052532255617031625,143.91605428508493,6.02659074041604,0.005484524677530853
4.095,2.3902208037289916,757.3305272916145,0.20270436635627737,0.005234885673929334,143.93429524264346,6.01556849916619,0.005479778856483031
4.1,2.3890498766662644,757.3295878559398,0.2027300354312192,0.005216595016545441,143.95248845477582,6.00456312084661,0.005475028025985008
4.105,2.387883320824831,757.3286554940698,0.20275563551244677,0.005198353590257594,143.97063392766185,5.9935746338964115,0.005470272225512389
4.11,2.3867211823898695,757.3277302425987,0.20278116659814538,0.00518016139550073,143.98873166769755,5.982603066632649,0.005465511494496999
4.115,2.3855635073283006,757.3268121377755,0.2028066286871455,0.005162018432255734,144.00678168164285,5.971648447167991,0.00546074587229896
4.12,2.38441034147241,757.3259012156367,0.2028320217786782,0.005143924700221357,144.02478397648454,5.960710803488109,0.00545597539823445
4.125,2.383261730431774,757.3249975118699,0.2028573458726445,0.005125880198624618,144.04273855959065,5.949790163366296,0.005451200111547665
4.13,2.382117719678616,757.3241010619486,0.2028826009693611,0.005107884926399652,144.06064543856652,5.938886554443977,0.005446420051438678
4.135,2.3809783544580325,757.3232119009933,0.20290778706983886,0.005089938881991519,144.07850462141565,5.92800000414232,0.0054416352570352735
4.14,2.3798436798750693,757.3223300639083,0.2029329041755193,0.005072042063541863,144.09631611638912,5.917130539745827,0.005436845767420917
4.1450000000000005,2.3787137408032617,757.3214555852418,0.20295795228856184,0.005054194468686256,144.11407993215278,5.906278188310976,0.005432051621606456
4.15,2.3775885819734217,757.3205884993232,0.20298293141157098,0.005036396094746549,144.1317960776302,5.895442976752863,0.005427252858558217
4.155,2.3764682478805,757.3197288401226,0.20300784154789253,0.00501864693852188,144.14946456217592,5.884624931750913,0.005422449517169556
4.16,2.375352782874071,757.3188766413892,0.20303268270133154,0.005000946996487565,144.1670853954121,5.873824079838522,0.005417641636289081
4.165,2.3742422310635374,757.3180319365094,0.20305745487645713,0.004983296264579943,144.18465858740777,5.863040447305899,0.005412829254692061
4.17,2.373136636410297,757.3171947586469,0.20308215807831154,0.004965694738401656,144.20218414850922,5.852274060292645,0.005408012411108783
4.175,2.372036042631298,757.316365140599,0.2031067923127235,0.004948142413000465,144.21966208952523,5.841524944687792,0.005403191144195797
4.18,2.3709404932928755,757.3155431149386,0.20313135758600823,0.004930639283080791,144.23709242155127,5.830793126225268,0.005398365492564428
4.1850000000000005,2.3698500317126805,757.3147287138686,0.20315585390528929,0.004913185342776637,144.2544751561605,5.820078630381166,0.005393535494751845
4.19,2.3687647010551647,757.3139219693654,0.20318028127818993,0.00489578058586926,144.27181030522203,5.809381482472068,0.005388701189249734
4.195,2.3676845442318974,757.3131229130329,0.20320463971316305,0.004878425005554343,144.28909788109746,5.798701707549588,0.0053838626144751866
4.2,2.3666096039986892,757.3123315762459,0.20322892921917407,0.004861118594665631,144.30633789645339,5.788039330501496,0.00537901980879954
4.205,2.365539922854306,757.3115479900038,0.20325314980603876,0.0048438613454365375,144.32353036446335,5.777394375943599,0.005374172810519081
4.21,2.364475543139219,757.310772185075,0.20327730148409803,0.004826653249729587,144.3406752986147,5.766766868323612,0.005369321657884058
4.215,2.363416506932736,757.3100041918497,0.20330138426456323,0.00480949429879259,144.3577727129159,5.756156831810432,0.005364466389069193
4.22,2.362362856153357,757.3092440404845,0.20332539815918316,0.0047923844834937635,144.37482262169772,5.7455642904006945,0.005359607042202873
4.225,2.3613146324543393,757.308491760755,0.2033493431805966,0.004775323794072617,144.39182503982573,5.734989267805501,0.005354743655337465
4.23,2.360271877325644,757.3077473822023,0.2033732193419917,0.0047583122203806,144.40877998249618,5.724431787559613,0.005349876266478695
4.235,2.3592346319879525,757.3070109339825,0.20339702665746567,0.00474134975162687,144.4256874654536,5.713891872905686,0.005345004913555755
4.24,2.3582029374961886,757.3062824450157,0.20342076514167656,0.004724436376624296,144.44254750478115,5.70336954690604,0.005340129634450874
4.245,2.357176834631996,757.305561943834,0.20344443481021005,0.004707572083530262,144.45936011712328,5.692864832324454,0.005335250466969222
4.25,2.356156364008828,757.3048494587323,0.2034680356792238,0.0046907568600978895,144.476125319471,5.6823777517404785,0.005330367448868673
4.255,2.355141565962902,757.3041450176141,0.20349156776582106,0.00467399069341203,144.49284312938912,5.671908327428833,0.005325480617829496
4.26,2.3541324806598345,757.3034486481439,0.20351503108768798,0.004657273570145548,144.50951356479666,5.6614565814761955,0.0053205900114843266
4.265,2.3531291479840966,757.3027603775926,0.2035384256634735,0.004640605476290658,144.52613664419871,5.651022535658281,0.005315695667387626
4.2700000000000005,2.352131607647172,757.30208023299,0.20356175151242,0.004623986397420108,144.54271238646191,5.64060621155904,0.0053107976230458735
4.275,2.3511398990755334,757.3014082409696,0.20358500865474952,0.004607416318414046,144.55924081105067,5.630207630445479,0.0053058959158867975
4.28,2.3501540615203096,757.3007444279225,0.20360819711128755,0.004590895223725918,144.57572193779825,5.619826813389214,0.005300990583289783
4.285,2.3491741339437913,757.3000888198407,0.20363131690385552,0.004574423097105024,144.59215578714705,5.609463781139078,0.005296081662554865
4.29,2.3482001551305993,757.2994414424716,0.2036543680548881,0.004557999921867001,144.60854237991512,5.599118554244986,0.0052911691909333725
4.295,2.347232163572738,757.2988023211619,0.20367735058783135,0.004541625680612207,144.62488173754087,5.588791152928395,0.005286253205596668
4.3,2.346270197582238,757.298171481012,0.20370026452675416,0.004525300355500632,144.6411738818448,5.578481597208405,0.00528133374366703
4.305,2.3453142951747807,757.2975489467182,0.2037231098967518,0.004509023927966276,144.65741883527838,5.568189906770141,0.00527641084218615
4.3100000000000005,2.3443644941838,757.2969347427297,0.2037458867235513,0.004492796378996324,144.67361662068177,5.557916101093028,0.005271484538146246
4.315,2.3434208321426953,757.2963288930893,0.2037685950339205,0.004476617688841699,144.68976726153616,5.547660199317159,0.005266554868458312
4.32,2.3424833464003716,757.2957314215907,0.20379123485526782,0.004460487837300311,144.70587078171752,5.537422220373687,0.005261621869983471
4.325,2.3415520740020583,757.2951423516193,0.20381380621605624,0.00444440680342395,144.72192720575273,5.527202182849227,0.005256685579500969
4.33,2.340627051806275,757.2945617063098,0.20383630914539752,0.00442837456580548,144.73793655856937,5.517000105118314,0.005251746033739779
4.335,2.339708316364272,757.293989508386,0.20385874367347134,0.004412391102282218,144.75389886575525,5.506816005205913,0.005246803269346333
4.34,2.3387959040384043,757.2934257803197,0.20388110983111407,0.004396456390226891,144.76981415330454,5.496649900921859,0.005241857322916383
4.345,2.337889850880211,757.2928705441699,0.2039034076502425,0.004380570406247694,144.7856824478806,5.486501809721547,0.005236908230962455
4.3500000000000005,2.336990192750176,757.2923238217421,0.20392563716343778,0.00436473312648283,144.8015037765585,5.476371748842304,0.005231956029945982
4.355,2.3360969651944727,757.2917856344267,0.20394779840437344,0.004348944526297426,144.8172781670911,5.46625973516231,0.005227000756244483
4.36,2.3352102035660924,757.2912560033593,0.20396989140739452,0.004333204580581479,144.83300564764812,5.456165785338832,0.0052220424461839575
4.365,2.334329942900266,757.2907349492584,0.2039919162079499,0.004317513263443786,144.84868624708514,5.446089915665452,0.005217081136005793
4.37,2.3334562180369445,757.2902224925863,0.2040138728421668,0.004301870548513162,144.86431999467948,5.436032142212106,0.005212116861899422
4.375,2.332589063494921,757.289718653386,0.20403576134728693,0.004286276408629542,144.87990692040208,5.425992480680672,0.005207149659968958
4.38,2.3317285135956416,757.2892234514434,0.2040575817612368,0.004270730816148277,144.8954470546501,5.415970946546749,0.005202179566266126
4.385,2.330874602336047,757.2887369061232,0.2040793341230677,0.0042552337426286025,144.91094042852174,5.405967554913677,0.005197206616756608
4.39,2.3300273635136923,757.2882590365314,0.2041010184725216,0.004239785159140845,144.92638707354575,5.395982320655991,0.005192230847353253
4.3950000000000005,2.3291868305983305,757.287789861351,0.20412263485047485,0.004224385035952408,144.9417870219587,5.3860152582719305,0.005187252293882138
4.4,2.3283530368583256,757.2873293990054,0.20414418329850023,0.004209033342837744,144.95714030643194,5.376066382028514,0.005182270992116064
4.405,2.3275260152309913,757.286877667493,0.2041656638593137,0.004193730048762017,144.97244696035094,5.366135705812611,0.00517728697774032
4.41,2.3267057984502797,757.2864346845513,0.204187076576333,0.004178475122193643,144.98770701753983,5.356223243277537,0.00517230028638646
4.415,2.325892418915898,757.2860004674911,0.2042084214941274,0.004163268530785846,145.00292051254291,5.346329007692787,0.005167310953597784
4.42,2.3250859088222473,757.2855750333619,0.20422969865797272,0.004148110241691583,145.01808748034668,5.336453012092089,0.005162319014863402
4.425,2.324286300026345,757.2851583987838,0.20425090811430408,0.004133000221243142,145.03320795666338,5.326595269121839,0.0051573245055834115
4.43,2.323493624177992,757.2847505801147,0.20427204991026773,0.0041179384352693004,145.0482819776507,5.3167557911905625,0.005152327461103259
4.4350000000000005,2.322707912586515,757.2843515932824,0.20429312409417621,0.004102924848773128,145.0633095801974,5.306934590316119,0.00514732791667862
4.44,2.321929196352147,757.2839614539506,0.20431413071505733,0.004087959426251219,145.07829080164063,5.297131678276504,0.005142325907510051
4.445,2.3211575062316108,757.2835801773516,0.20433506982311161,0.004073042131369864,145.0932256800533,5.287347066455883,0.005137321468707573
4.45,2.3203928727706913,757.2832077784527,0.20435594146925873,0.004058172927286168,145.10811425395957,5.27758076599667,0.005132314635325613
4.455,2.3196353261686813,757.2828442717882,0.20437674570559677,0.00404335177632279,145.12295656262364,5.267832787644471,0.005127305442327293
4.46,2.318884896412121,757.2824896716268,0.20439748258494642,0.0040285786402907645,145.13775264576347,5.258103141901354,0.00512229392461967
4.465,2.3181416131381347,757.2821439918021,0.2044181521613119,0.004013853480162973,145.15250254384097,5.248391838869781,0.005117280117017715
4.47,2.3174055057693126,757.2818072458819,0.20443875448942314,0.0039991762563985084,145.1672062977741,5.238698888406998,0.005112264054279859
4.4750000000000005,2.316676603375956,757.2814794469974,0.2044592896251982,0.003984546928615036,145.18186394922813,5.22902429996802,0.005107245771071666
4.48,2.31595493481209,757.2811606080131,0.20447975762528334,0.003969965455914545,145.19647554032642,5.219368082761087,0.00510222530200168
4.485,2.31524052857663,757.2808507413557,0.204500158547517,0.003955431796554759,145.21104111394266,5.209730245589753,0.005097202681584792
4.49,2.3145334129505057,757.2805498591841,0.20452049245046813,0.003940945908276098,145.22556071341052,5.2001107970093425,0.0050921779442783905
4.495,2.3138336158567734,757.2802579732185,0.20454075939390112,0.003926507747972328,145.24003438281642,5.190509745168227,0.005087151124445424
4.5,2.313141164998827,757.2799750949104,0.20456095943831282,0.003912117272018544,145.25446216670827,5.180927097965201,0.005082122256390856
4.505,2.3124560877194833,757.2797012352717,0.20458109264539817,0.003897774435941233,145.268844110389,5.171362862890013,0.005077091374324416
4.51,2.3117784111402506,757.2794364050447,0.20460115907758614,0.003883479194747114,145.28318025962423,5.1618170471815965,0.005072058512397363
4.515,2.311108162019413,757.2791806145312,0.20462115879850595,0.0038692315025927776,145.29747066093637,5.1522896576679305,0.005067023704664932
4.5200000000000005,2.3104453668923384,757.2789338737624,0.20464109187252189,0.0038550313131142104,145.31171536131137,5.1427807009250435,0.005061986985123395
4.525,2.309790051928576,757.2786961923282,0.2046609583652,0.0038408785790961845,145.32591440849347,5.133290183116281,0.005056948387672212
4.53,2.3091422430731874,757.2784675795474,0.20468075834284233,0.0038267732528022994,145.34006785069116,5.123818110152019,0.005051907946151391
4.535,2.308501965902879,757.2782480442964,0.2047004918729535,0.0038127152856442686,145.354175736872,5.114364487528385,0.005046865694303325
4.54,2.3078692457683347,757.2780375951803,0.2047201590237744,0.003798704628512337,145.36823811646838,5.104929320487633,0.005041821665810475
4.545,2.307244107649404,757.2778362403603,0.20473975986474907,0.003784741231444624,145.3822550396723,5.095512613856391,0.005036775894256886
4.55,2.306626576298409,757.2776439877263,0.20475929446605762,0.0037708250439577357,145.39622655714075,5.086114372206606,0.0050317284131661845
4.555,2.3060166760944227,757.2774608447231,0.2047787628990831,0.0037569560147163368,145.41015272029043,5.076734599693401,0.005026679255962787
4.5600000000000005,2.3054144311875233,757.2772868185242,0.20479816523594438,0.0037431340918637913,145.42403358100296,5.067373300216524,0.005021628456010197
4.565,2.3048198653521776,757.2771219158572,0.20481750154996228,0.003729359222692138,145.4378691919194,5.058030477257877,0.005016576046571917
4.57,2.304233002132428,757.2769661431773,0.2048367719151929,0.0037156313539725766,145.45165960614545,5.048706134043399,0.005011522060850052
4.575,2.303653864694403,757.276819506494,0.20485597640689263,0.0037019504316260004,145.46540487754558,5.039400273380327,0.0050064665319459025
4.58,2.303082475972414,757.2766820115435,0.2048751151010522,0.0036883164010531977,145.47910506044826,5.030112897819469,0.005001409492898892
4.585,2.3025188585206156,757.2765536636159,0.20489418807486068,0.0036747292068060817,145.49276020993966,5.020844009492256,0.004996350976646844
4.59,2.3019630346599858,757.2764344677277,0.20491319540623992,0.003661188792917439,145.50637038156918,5.011593610273315,0.00499129101606522
4.595,2.3014150263291655,757.2763244284484,0.20493213717430755,0.0036476951025730246,145.5199356316424,5.0023617016173985,0.004986229643927091
4.6000000000000005,2.300874855232296,757.2762235500744,0.20495101345891226,0.003634248078440693,145.53345601692715,4.993148284722193,0.004981166892942679
4.605,2.300342542689059,757.2761318364539,0.20496982434109529,0.003620847662343524,145.54693159494542,4.9839533603651915,0.004976102795719036
4.61,2.299818109783355,757.276049291162,0.20498856990262687,0.003607493795588166,145.56036242368035,4.974776929066655,0.004971037384799876
4.615,2.2993015772125593,757.2759759173254,0.205007250226466,0.003594186418639139,145.57374856186678,4.965618990926501,0.004965970692624955
4.62,2.298792965437019,757.275911717797,0.20502586539629825,0.0035809254714462553,145.58709006869924,4.956479545787368,0.004960902751570221
4.625,2.298292294528556,757.2758566949816,0.20504441549699365,0.003567710893120247,145.60038700412142,4.947358593071567,0.004955833593906877
4.63,2.2977995843207526,757.2758108510097,0.205062900614146,0.0035545426222590966,145.61363942853475,4.938256131944185,0.0049507632518418394
4.635,2.2973148542567268,757.2757741875636,0.20508132083452874,0.003541420596625145,145.62684740308683,4.929172161150172,0.004945691757476509
4.64,2.2968381235401827,757.2757467060508,0.20509967624563588,0.0035283447534701804,145.64001098938112,4.920106679177412,0.004940619142847521
4.6450000000000005,2.296369410982482,757.275728407431,0.20511796693613574,0.0035153150292141764,145.65313024976376,4.911059684094009,0.004935545439885225
4.65,2.2959087351544376,757.2757192923887,0.20513619299541377,0.0035023313597689924,145.66620524703447,4.902031173711266,0.004930470680454733
4.655,2.2954561142327026,757.2757193611604,0.2051543545140237,0.003489393680218874,145.6792360447319,4.893021145421232,0.004925394896314105
4.66,2.2950115661522834,757.275728613708,0.20517245158323272,0.0034765019251426165,145.69222270684588,4.884029596359515,0.0049203181191556965
4.665,2.2945751084522716,757.2757470495445,0.20519048429546977,0.00346365602829599,145.7051652981009,4.875056523243167,0.004915240380564049
4.67,2.2941467584290525,757.2757746679086,0.20520845274387314,0.0034508559229322056,145.71806388367008,4.866101922533263,0.0049101617120575385
4.675,2.2937265329814043,757.2758114675906,0.20522635702273595,0.003438101541486405,145.73091852945666,4.857165790273179,0.004905082145045968
4.68,2.293314448764377,757.2758574471063,0.2052441972270562,0.003425392815894289,145.74372930180957,4.8482481222508795,0.004900001710872521
4.6850000000000005,2.292910522033783,757.2759126045228,0.20526197345297922,0.003412729677278805,145.756496267803,4.839348913837652,0.004894920440771055
4.69,2.292514768800724,757.2759769376332,0.20527968579735048,0.003400112056266807,145.76921949495366,4.8304681601500405,0.0048898383659083545
4.695,2.292127204675496,757.2760504437823,0.20529733435815478,0.00338753988267807,145.7818990514984,4.821605855889092,0.004884755517341143
4.7,2.2917478450227406,757.2761331200405,0.2053149192340721,0.0033750130858398284,145.7945350061133,4.8127619955018694,0.00487967192605861
4.705,2.2913767048047884,757.2762249630305,0.20533244052491315,0.0033625315942782726,145.80712742818886,4.803936573021286,0.004874587622939159
4.71,2.291013798737409,757.2763259691009,0.20534989833117848,0.0033500953360308264,145.8196763875514,4.795129582227129,0.004869502638793211
4.715,2.290659141132621,757.2764361341524,0.20536729275449048,0.0033377042383402433,145.83218195473566,4.786341016486538,0.004864417004319678
4.72,2.290312746055015,757.2765554538124,0.2053846238971557,0.003325358227964493,145.84464420070856,4.777570868914479,0.004859330750149047
4.7250000000000005,2.2899746271640513,757.2766839232607,0.20540189186259297,0.0033130572308735884,145.85706319713918,4.768819132214925,0.00485424390679958
4.73,2.2896447978709364,757.2768215374036,0.20541909675489953,0.0033008011725569534,145.86943901612477,4.760085798840734,0.004849156504720685
4.735,2.289323271180431,757.276968290701,0.20543623867927482,0.0032885899777230997,145.88177173045824,4.751370860835573,0.004844068574248831
4.74,2.2890100598482515,757.2771241773391,0.20545331774159056,0.003276423570604337,145.89406141335655,4.742674309993135,0.004838980145651204
4.745,2.288705176222421,757.2772891910582,0.2054703340488103,0.0032643018746594406,145.90630813872536,4.733996137699888,0.00483389124908136
4.75,2.2884086324011683,757.2774633253256,0.20548728770856323,0.003252224812875572,145.91851198089014,4.725336335093559,0.004828801914623142
4.755,2.2881204400738406,757.2776465731632,0.20550417882955974,0.003240192307474052,145.9306730148578,4.716694892906758,0.004823712172246078
4.76,2.2878406106792823,757.2778389273203,0.20552100752116897,0.0032282042802093684,145.9427913160506,4.70807180162468,0.004818622051849568
4.765,2.2875691552463344,757.2780403801013,0.20553777389382996,0.0032162606520781713,145.9548669605647,4.69946705132966,0.004813531583218018
4.7700000000000005,2.2873060845526636,757.2782509235385,0.20555447805863367,0.0032043613436152484,145.9669000249069,4.690880631858031,0.004808440796065297
4.775,2.2870514089648757,757.2784705492205,0.20557112012772896,0.0031925062746058636,145.97889058625015,4.6823125326456685,0.0048033497199896115
4.78,2.2868051385977703,757.2786992484638,0.20558770021390957,0.0031806953643785697,145.99083872217312,4.673762742883945,0.004798258384518229
4.785,2.2865672831540955,757.2789370121418,0.2056042184310149,0.003168928531520997,146.00274451091252,4.665231251366317,0.004793166819062098
4.79,2.2863378520842006,757.279183830857,0.2056206748935217,0.0031572056941694053,146.01460803110578,4.656718046643324,0.004788075052960834
4.795,2.286116854425455,757.2794396947696,0.20563706971693996,0.003145526769728024,146.02642936204,4.6482231168702715,0.00478298311543709
4.8,2.285904298962278,757.279704593769,0.205653403017409,0.003133891675155224,146.03820858339776,4.639746449961224,0.004777891035641788
4.805,2.285700194065246,757.2799785173033,0.20566967491208868,0.0031223003266865187,146.04994577550258,4.631288033437823,0.004772798842608269
4.8100000000000005,2.2855045478514726,757.280261454551,0.2056858855187601,0.003110752640117244,146.06164101906813,4.622847854582224,0.004767706565297751
4.815,2.285317368023432,757.2805533942501,0.2057020349562115,0.003099248530529333,146.07329439544014,4.614425900287112,0.004762614232553256
4.82,2.285138662029664,757.280854324869,0.20571812334384426,0.0030877879125703824,146.08490598634893,4.606022157207521,0.004757521873145311
4.825,2.284968436903335,757.2811642344375,0.2057341508020531,0.0030763707001842974,146.09647587414767,4.597636611612092,0.004752429515725632
4.83,2.284806699423245,757.2814831107165,0.20575011745183736,0.0030649968068866607,146.1080041415684,4.589269249533735,0.004747337188873079
4.835,2.2846534559521543,757.2818109410288,0.2057660234151758,0.003053666145499331,146.11949087195654,4.58092005662217,0.004742244921047109
4.84,2.2845087125980648,757.2821477124297,0.20578186881464308,0.0030423786284220094,146.13093614903065,4.572589018293382,0.004737152740633961
4.845,2.2843724750523373,757.2824934115374,0.2057976537737788,0.003031134167370895,146.14234005711293,4.564276119583498,0.004732060675899892
4.8500000000000005,2.284244748751221,757.2828480247033,0.20581337841670952,0.0030199326736463387,146.15370268089262,4.555981345296978,0.004726968755037589
4.855,2.284125538713791,757.2832115378433,0.20582904286851209,0.0030087740578756583,146.16502410565275,4.547704679861883,0.004721877006119192
4.86,2.2840148497036963,757.2835839366068,0.20584464725484125,0.0029976582302767805,146.17630441703736,4.539446107476742,0.0047167854571429305
4.865,2.283912686066942,757.2839652062095,0.20586019170228684,0.0029865851004052873,146.187543701274,4.531205611967263,0.004711694135985931
4.87,2.2838190518938366,757.2843553316017,0.20587567633800732,0.0029755545774139756,146.19874204494494,4.522983176931836,0.004706603070451076
4.875,2.2837339508566403,757.2847542973007,0.2058911012900809,0.002964566569804217,146.20989953520564,4.51477878559972,0.004701512288219609
4.88,2.2836573863716856,757.2851620875599,0.20590646668714485,0.0029536209856813314,146.22101625955986,4.506592420975141,0.004696421816898205
4.885,2.2835893614369174,757.2855786862012,0.20592177265874048,0.0029427177325103498,146.23209230607395,4.498424065696992,0.004691331683971375
4.89,2.283529878794161,757.2860040767833,0.20593701933495862,0.0029318567173671163,146.24312776315608,4.490273702181492,0.004686241916848744
4.8950000000000005,2.2834789407665848,757.2864382424353,0.20595220684677798,0.0029210378466985264,146.2541227197662,4.482141312483432,0.004681152542817266
4.9,2.283436549421084,757.2868811660236,0.205967335325717,0.0029102610265692858,146.26507726519932,4.474026878437357,0.004676063589088703
4.905,2.283402706405692,757.287332829987,0.2059824049041658,0.0028995261624266888,146.2759914892914,4.465930381520396,0.004670975082751653
4.91,2.283377413112058,757.2877932165027,0.20599741571504412,0.002888833159342946,146.28686548220665,4.457851802991913,0.00466588705081922
4.915,2.283360670512828,757.2882623073216,0.20601236789212687,0.0028781819217845936,146.29769933463896,4.449791123757983,0.004660799520180867
4.92,2.2833524793241975,757.2887400839348,0.20602726156970835,0.0028675723538503077,146.3084931376037,4.441748324509457,0.00465571251765028
4.925,2.2833528398432796,757.2892265274086,0.20604209688292133,0.0028570043590450036,146.31924698263452,4.433723385588122,0.004650626069917035
4.93,2.28336175211071,757.28972161855,0.20605687396740754,0.0028464778405130685,146.32996096157956,4.425716287123145,0.004645540203594655
4.9350000000000005,2.2833792157480337,757.2902253377438,0.2060715929596302,0.002835992700817215,146.34063516679373,4.417727008898946,0.004640454945172106
4.94,2.283405230120328,757.2907376651164,0.206086253996551,0.0028255488421670694,146.35126969093935,4.409755530489993,0.004635370321062031
4.945,2.283439794173638,757.2912585803738,0.20610085721593582,0.0028151461662028307,146.36186462717382,4.401801831130412,0.004630286357552089
4.95,2.2834829065975923,757.2917880629651,0.20611540275603846,0.0028047845742191434,146.37242006895477,4.393865889847102,0.004625203080853349
4.955,2.283534565662912,757.2923260919207,0.2061298907558993,0.002794463966953637,146.38293611022308,4.385947685331115,0.004620120517051488
4.96,2.283594769383991,757.2928726460156,0.20614432135503596,0.002784184244806014,146.39341284521257,4.3780471960690575,0.004615038692155342
4.965,2.2836635153565066,757.293427703608,0.206158694693735,0.002773945307631514,146.40385036862833,4.370164400216275,0.004609957632047956
4.97,2.2837408009199405,757.2939912428019,0.20617301091274923,0.002763747054955167,146.41424877546106,4.362299275726488,0.004604877362535297
4.9750000000000005,2.2838266229953152,757.2945632412867,0.20618727015358257,0.002753589385770231,146.42460816116062,4.3544518002268315,0.004599797909297155
4.98,2.2839209782476293,757.295143676499,0.20620147255819424,0.0027434721987475577,146.434928621455,4.346621951145693,0.004594719297936017
4.985,2.2840238629237426,757.2957325254631,0.20621561826927637,0.002733395392039044,146.44521025251913,4.338809705589621,0.004589641553927828
4.99,2.284135273014705,757.2963297649515,0.20622970742996538,0.0027233588634820536,146.45545315079855,4.3310150404693415,0.004584564702671008
4.995,2.2842552040938147,757.2969353713266,0.2062437401841124,0.002713362510407944,146.46565741317343,4.323237932378569,0.004579488769437091
5.0,2.284383651478813,757.297549320701,0.20625771667600157,0.0027034062298414855,146.4758231367869,4.315478357718163,0.004574413779419874
5.005,2.284520610070145,757.2981715887792,0.2062716370506133,0.002693489918314495,146.48595041920433,4.307736292576874,0.004569339757685939
5.01,2.2846660745129896,757.298802151017,0.20628550145334978,0.00268361347206022,146.49603935824632,4.300011712853611,0.004564266729223933
5.015,2.2848200390357487,757.299440982465,0.20629931003029098,0.0026737767868321104,146.50609005214315,4.292304594140139,0.004559194718894974
5.0200000000000005,2.284982497611894,757.3000880579262,0.20631306292792717,0.0026639797580931225,146.51610259937274,4.284614911841437,0.004554123751482058
5.025,2.285153443798703,757.300743351801,0.20632676029340768,0.0026542222808396726,146.52607709880994,4.276942641060379,0.004549053851640358
5.03,2.285332870898898,757.301406838244,0.2063404022742808,0.0026445042497858125,146.53601364956938,4.269287756716144,0.0045439850439467425
5.035,2.2855207717996575,757.3020784910091,0.20635398901873506,0.002634825559192391,146.5459123511501,4.261650233430902,0.004538917352849981
5.04,2.2857171391340176,757.3027582836063,0.2063675206753463,0.0026251861030460815,146.555773303283,4.25403004564626,0.004533850802720374
5.045,2.285921965120189,757.3034461891476,0.20638099739331178,0.0026155857748937695,146.5655966060705,4.246427167511973,0.00452878541779986
5.05,2.286135241722693,757.3041421805026,0.2063944193222045,0.0026060244680163945,146.57538235983913,4.238841573000403,0.004523721222251755
5.055,2.2863569604920038,757.3048462301454,0.20640778661219977,0.002596502075268596,146.58513066527402,4.231273235797264,0.004518658240110764
5.0600000000000005,2.286587112725405,757.3055583103092,0.20642109941383704,0.002587018489247336,146.59484162327655,4.223722129414083,0.0045135964953328285
5.065,2.2868256893069785,757.3062783928347,0.206434357878239,0.002577573602136832,146.60451533509374,4.216188227081002,0.004508536011745056
5.07,2.287072680868147,757.3070064493235,0.2064475621568807,0.002568167305871922,146.61415190218088,4.208671501857206,0.004503476813095654
5.075,2.2873280776280467,757.3077424509871,0.20646071240180128,0.0025587994919883026,146.62375142632595,4.201171926525803,0.004498418923003787
5.08,2.2875918695537263,757.3084863687995,0.20647380876538055,0.002549470051780633,146.63331400951733,4.19368947370221,0.004493362365009594
5.085,2.2878640462009256,757.3092381733483,0.20648685140054313,0.002540178876158073,146.64283975406298,4.186224115731122,0.004488307162523984
5.09,2.288144596873911,757.3099978349842,0.20649984046054248,0.0025309258557971075,146.6523287624632,4.1787758247928295,0.004483253338878731
5.095,2.2884335104666813,757.3107653236747,0.20651277609915764,0.002521710881002408,146.66178113752494,4.171344572802301,0.004478200917276202
5.1000000000000005,2.2887307756224136,757.311540609153,0.20652565847048468,0.002512533841854351,146.67119698223948,4.163930331513411,0.004473149920839527
5.105,2.289036380575126,757.312323660771,0.20653848772912586,0.002503394628075217,146.68057639989152,4.15653307242015,0.00446810037256228
5.11,2.289350313308708,757.3131144476486,0.2065512640299887,0.002494293129171389,146.68991949394226,4.149152766858753,0.004463052295358703
5.115,2.2896725613990583,757.3139129385273,0.2065639875284675,0.0024852292343048817,146.6992263681331,4.141789385911036,0.004458005712013347
5.12,2.290003112172681,757.3147191019185,0.20657665838024994,0.0024762028324302283,146.708497126374,4.134442900504416,0.004452960645231352
5.125,2.290341952549325,757.3155329059585,0.20658927674149125,0.0024672138121713395,146.71773187284194,4.127113281317399,0.004447917117588045
5.13,2.2906890692001154,757.3163543185549,0.20660184276862806,0.0024582620619530583,146.72693071187433,4.119800498877467,0.00444287515157928
5.135,2.291044448390722,757.3171833072435,0.20661435661854508,0.0024493474698833602,146.73609374806276,4.112504523468718,0.004437834769570993
5.14,2.2914080761390014,757.3180198393335,0.20662681844839673,0.00244046992387957,146.74522108615102,4.105225325227619,0.0044327959938495875
5.1450000000000005,2.2917799380587183,757.3188638817653,0.2066392284157661,0.002431629311555893,146.75431283112397,4.0979628740528105,0.0044277588465714696
5.15,2.2921600195166727,757.3197154012548,0.20665158667849395,0.0024228255203443023,146.7633690881107,4.090717139698711,0.004422723349813469
5.155,2.292548305477002,757.3205743641524,0.20666389339483057,0.0024140584373873912,146.77238996246822,4.083488091687487,0.004417689525522347
5.16,2.292944780657768,757.3214407365856,0.20667614872327197,0.0024053279496539237,146.78137555968993,4.0762756994005,0.004412657395565255
5.165,2.293349429375857,757.3223144843201,0.20668835282270429,0.002396633943837013,146.79032598548386,4.069079931992462,0.004407626981679234
5.17,2.29376223570301,757.3231955729007,0.20670050585224767,0.0023879763064643352,146.79924134568645,4.061900758480707,0.0044025983055216815
5.175,2.2941831833113473,757.3240839675134,0.20671260797139296,0.0023793549238016174,146.8081217463359,4.0547381476615305,0.0043975713886198605
5.18,2.2946122556288073,757.3249796331258,0.2067246593398533,0.002370769681957527,146.81696729359066,4.047592068197291,0.00439254625242138
5.1850000000000005,2.295049435685326,757.3258825343498,0.20673666011769315,0.002362220466792449,146.82577809379794,4.040462488534932,0.004387522918243694
5.19,2.295494706267663,757.3267926355813,0.20674861046518764,0.0023537071640180713,146.83455425341734,4.033349376990908,0.004382501407324609
5.195,2.2959480497662548,757.3277099008637,0.20676051054294392,0.002345229659111429,146.84329587908422,4.02625270167189,0.004377481740771782
5.2,2.296409448329403,757.3286342940265,0.20677236051176795,0.0023367878374091883,146.85200307753834,4.019172430557508,0.0043724639396132215
5.205,2.2968788837108316,757.3295657785508,0.20678416053277873,0.002328381584026953,146.8606759556823,4.012108531423254,0.004367448024746816
5.21,2.2973563374232087,757.3305043177048,0.2067959107672823,0.0023200107839482604,146.86931462051527,4.00506097192103,0.004362434016990829
5.215,2.297841790586428,757.331449874413,0.20680761137687867,0.0023116753219491193,146.8779191791863,3.9980297195042427,0.004357421937033439
5.22,2.298335224080449,757.332402411389,0.20681926252334326,0.0023033750826817433,146.88648973893322,3.991014741506164,0.00435241180548323
5.2250000000000005,2.2988366183943234,757.3333618910056,0.20683086436872639,0.002295109950604292,146.89502640713093,3.984016005067214,0.0043474036428187614
5.23,2.299345953778324,757.3343282754279,0.20684241707524217,0.002286879810059368,146.9035292912352,3.9770334772111355,0.004342397469439041
5.235,2.299863210093745,757.3353015264834,0.20685392080536083,0.0022786845452089284,146.91199849882622,3.970067124774458,0.004337393305613126
5.24,2.300388366964296,757.3362816057939,0.20686537572170477,0.0022705240401075626,146.92043413755724,3.9631169144804828,0.004332391171530567
5.245,2.3009214036266985,757.337268474648,0.20687678198713363,0.0022623981786425613,146.92883631519328,3.9561828128709373,0.004327391087251066
5.25,2.3014622990813214,757.3382620941305,0.20688813976464784,0.0022543068446019936,146.93720513956467,3.9492647863777672,0.0043223930727548775
5.255,2.3020110319435942,757.3392624249966,0.20689944921746636,0.0022462499216198933,146.94554071860082,3.942362801256972,0.004317397147892516
5.26,2.3025675805938652,757.3402694278004,0.20691071050893747,0.0022382272932391723,146.95384316028898,3.935476823658212,0.004312403332435123
5.265,2.3031319230296545,757.3412830627701,0.2069219238026094,0.0022302388428618912,146.96211257270286,3.928606819560817,0.004307411646024228
5.2700000000000005,2.303704037014708,757.3423032899353,0.20693308926214843,0.002222284453807032,146.97034906396635,3.9217527548412083,0.004302422108222065
5.275,2.3042838999321122,757.3433300690034,0.20694420705140226,0.002214364009265825,146.97855274227746,3.914914595211087,0.004297434738461409
5.28,2.3048714889325264,757.3443633594856,0.2069552773343253,0.0022064773923544108,146.9867237158767,3.908092306282669,0.0042924495560958285
5.285,2.3054667807881812,757.345403120575,0.20696630027503524,0.002198624486074175,146.99486209306662,3.9012858535090285,0.004287466580349589
5.29,2.3060697520402584,757.3464493112707,0.20697727603774524,0.002190805173359351,147.00296798218451,3.894495202247177,0.00428248583036786
5.295,2.306680378853805,757.347501890258,0.20698820478681343,0.0021830193370423155,147.01104149161756,3.8877203177005497,0.004277507325166684
5.3,2.307298637164234,757.3485608160303,0.2069990866866824,0.0021752668598961655,147.0190827297804,3.88096116497992,0.00427253108368312
5.305,2.307924502533176,757.3496260467715,0.20700992190192175,0.002167547624604937,147.0270918051253,3.8742177090480334,0.004267557124725295
5.3100000000000005,2.3085579502940794,757.3506975404763,0.20702071059717436,0.0021598615138011894,147.03506882612464,3.8674899147783566,0.0042625854670224755
5.315,2.3091989554090193,757.3517752548332,0.20703145293719233,0.0021522084100411127,147.0430139012765,3.860777746901857,0.004257616129175208
5.32,2.309847492613379,757.3528591473448,0.2070421490867902,0.0021445881958371553,147.05092713909173,3.854081170063594,0.004252649129705312
5.325,2.3105035362736355,757.3539491752115,0.20705279921087388,0.0021370007536379632,147.05880864809495,3.847400148771618,0.004247684487006112
5.33,2.3111670605310985,757.3550452954499,0.20706340347440103,0.0021294459658561127,147.06665853681645,3.8407346474514346,0.0042427222193923515
5.335,2.3118380391607,757.3561474647792,0.20707396204240297,0.002121923714852829,147.07447691378846,3.834084630397003,0.004237762345050519
5.34,2.312516445713763,757.3572556397369,0.2070844750799522,0.002114433882960858,147.08226388754173,3.827450061823076,0.004232804882088677
5.345,2.313202253377817,757.3583697765673,0.20709494275217752,0.0021069763524739246,147.09001956659742,3.8208309058182968,0.004227849848486893
5.3500000000000005,2.3138954351183787,757.3594898313362,0.20710536522423814,0.0020995510056647866,147.09774405946797,3.8142271263954197,0.004222897262146968
5.355,2.314595963539813,757.36061575982,0.20711574266133256,0.002092157724779386,147.10543747464493,3.8076386874464934,0.004217947140842986
5.36,2.315303811026102,757.3617475176192,0.20712607522867912,0.002084796392050131,147.11309992060404,3.801065552790974,0.004212999502270937
5.365,2.3160189496027748,757.3628850600493,0.2071363630915184,0.0020774668896946765,147.1207315057888,3.7945076861329765,0.004208054363999379
5.37,2.3167413510766433,757.3640283422527,0.20714660641510052,0.002070169099924503,147.12833233862005,3.787965051107301,0.004203111743518962
5.375,2.317470986898821,757.3651773190912,0.207156805364681,0.002062902904948267,147.1359025274751,3.781437611238736,0.00419817165819321
5.38,2.3182078283034047,757.366331945256,0.20716696010551466,0.0020556681869757206,147.14344218070192,3.7749253299860066,0.004193234125307926
5.385,2.3189518461716037,757.3674921751622,0.2071770708028451,0.0020484648282255804,147.15095140659378,3.768428170703115,0.0041882991620221105
5.39,2.3197030111693446,757.3686579630566,0.207187137621905,0.0020412927109248395,147.1584303134079,3.7619460966812275,0.004183366785417243
5.3950000000000005,2.3204612936125346,757.3698292629152,0.2071971607278995,0.002034151717321104,147.1658790093359,3.755479071112035,0.004178437012448335
5.4,2.3212266636035634,757.3710060285481,0.20720714028601286,0.0020270417296773505,147.1732976025267,3.7490270571275968,0.004173509859993086
5.405,2.321999090897726,757.3721882134986,0.20721707646138546,0.002019962630288665,147.18068620105294,3.7425900177656986,0.004168585344803079
5.41,2.3227785450386027,757.3733757711474,0.207226969419127,0.002012914301472504,147.1880449129379,3.7361679160076675,0.004163663483552801
5.415,2.3235649952256523,757.3745686546129,0.2072368193242873,0.0020058966255897823,147.19537384611806,3.7297607147457184,0.0041587442927909874
5.42,2.3243584104484563,757.3757668168535,0.20724662634187577,0.0019989094850306932,147.20267310847407,3.7233683768187533,0.004153827788989506
5.425,2.3251587593555065,757.37697021057,0.2072563906368261,0.001991952762240083,147.20994280778933,3.7169908649816747,0.004148913988494852
5.43,2.3259660103872846,757.3781787883061,0.20726611237402204,0.001985026339698888,147.2171830517851,3.7106281419391878,0.004144002907576883
5.4350000000000005,2.3267801316462684,757.3793925023523,0.20727579171825602,0.0019781300999537304,147.2243939480751,3.704280170317061,0.004139094562380482
5.44,2.3276010910288254,757.3806113048449,0.20728542883426102,0.001971263925594044,147.2315756042046,3.6979469126939564,0.004134188968974141
5.445,2.3284288560964588,757.381835147672,0.20729502388666343,0.001964427699285821,147.2387281276013,3.6916283315746092,0.004129286143301779
5.45,2.3292633942064955,757.38306398257,0.20730457704002087,0.001957621303744479,147.2458516256183,3.6853243894197014,0.004124386101231174
5.455,2.3301046723845875,757.3842977610316,0.2073140884587692,0.0019508446217727103,147.25294620548104,3.679035048620953,0.004119488858505957
5.46,2.3309526574541772,757.3855364344013,0.20732355830726631,0.0019440975362291489,147.26001197433456,3.672760271529053,0.004114594430793876
5.465,2.3318073159102775,757.3867799537843,0.2073329867497336,0.0019373799300702503,147.26704903918633,3.6665000204306346,0.004109702833638967
5.47,2.3326686140476873,757.3880282701406,0.2073423739503053,0.0019306916863148253,147.27405750695746,3.660254257574293,0.004104814082509648
5.4750000000000005,2.333536517836072,757.3892813341954,0.20735172007296454,0.0019240326880898852,147.28103748442194,3.6540229451494177,0.004099928192751071
5.48,2.334410993046912,757.390539096532,0.20736102528159844,0.0019174028185911117,147.2879890782615,3.647806045310319,0.004095045179633054
5.485,2.335292005129901,757.3918015075037,0.20737028973992863,0.001910801961132592,147.29491239500146,3.6416035201568975,0.004090165058302605
5.49,2.336179519338609,757.3930685173245,0.20737951361157192,0.00190422999910329,147.30180754106902,3.6354153317568922,0.0040852878438316755
5.495,2.337073500608217,757.3943400759838,0.20738869705996543,0.001897686816020615,147.30867462272576,3.629241442128375,0.004080413551169885
5.5,2.337973913679872,757.3956161333342,0.20739784024843302,0.0018911722954829521,147.31551374612965,3.623081813260144,0.0040755421951920905
5.505,2.3388807229797814,757.3968966390086,0.20740694334010482,0.0018846863212269955,147.32232501726384,3.6169364070960075,0.0040706737906512965
5.51,2.3397938927422417,757.3981815425063,0.20741600649798927,0.0018782287770764087,147.32910854200233,3.6108051855533496,0.0040658083522260476
5.515,2.340713386890104,757.3994707931122,0.20742502988488742,0.0018717995470028512,147.33586442603547,3.604688110509186,0.004060945894473529
5.5200000000000005,2.3416391691564638,757.40076433998,0.2074340136634704,0.0018653985150708379,147.34259277493913,3.59858514381692,0.004056086431876776
5.525,2.3425712029665164,757.4020621320539,0.20744295799618848,0.0018590255655023913,147.34929369409681,3.5924962472941493,0.004051229978797974
5.53,2.3435094515578836,757.4033641181504,0.2074518630453538,0.001852680582618165,147.35596728877218,3.586421382737631,0.004046376549525467
5.535,2.3444538778638853,757.4046702468813,0.20746072897304457,0.001846363450905649,147.362613664028,3.5803605119128123,0.004041526158227272
5.54,2.3454044446324764,757.405980466734,0.20746955594119285,0.0018400740549566344,147.3692329248021,3.5743135965670407,0.004036678818997884
5.545,2.346361114310953,757.4072947259958,0.2074783441114839,0.0018338122795388996,147.37582517582314,3.5682805984207855,0.0040318345458120065
5.55,2.3473238491634896,757.4086129728329,0.2074870936454489,0.0018275780095300808,147.38239052168964,3.5622614791791154,0.004026993352571146
5.555,2.348292611157292,757.4099351552163,0.20749580470435972,0.0018213711299927703,147.38892906678288,3.556256200524591,0.004022155253057556
5.5600000000000005,2.349267362078715,757.4112612209992,0.20750447744932637,0.0018151915261048637,147.39544091534913,3.55026472412703,0.0040173202609806325
5.565,2.3502480634208798,757.4125911178448,0.20751311204118716,0.0018090390832380034,147.40192617140926,3.5442870116380503,0.004012488389931071
5.57,2.3512346764983567,757.4139247933014,0.20752170864061104,0.0018029136868844679,147.4083849388445,3.5383230246991433,0.00400765965342705
5.575,2.3522271623362685,757.4152621947322,0.20753026740798308,0.0017968152227388831,147.41481732130293,3.532372724937839,0.004002834064868608
5.58,2.3532254817835105,757.4166032693892,0.2075387885035117,0.0017907435766217371,147.42122342228808,3.526436073974123,0.003998011637583619
5.585,2.354229595403362,757.4179479643441,0.20754727208710957,0.0017846986345642856,147.42760334506286,3.520513033418191,0.003993192384782387
5.59,2.3552394635852276,757.4192962265603,0.20755571831850542,0.0017786802827287555,147.43395719274108,3.514603564875233,0.0039883763196034054
5.595,2.3562550464367726,757.4206480028266,0.2075641273571206,0.0017726884074963783,147.44028506818856,3.5087076299447535,0.0039835634550681835
5.6000000000000005,2.35727630389417,757.4220032398266,0.20757249936218564,0.0017667228953843516,147.44658707411742,3.5028251902237497,0.003978753804126779
5.605,2.358303195615769,757.4233618840743,0.20758083449261217,0.001760783633136933,147.45286331298462,3.4969562073075746,0.0039739473796128605
5.61,2.3593356810908395,757.4247238819817,0.2075891329071141,0.001754870507639227,147.4591138870892,3.491100642791525,0.003969144194289007
5.615,2.360373719534789,757.4260891797962,0.2075973947640755,0.0017489834060112634,147.46533889846788,3.4852584582732242,0.003964344260802013
5.62,2.3614172699963816,757.4274577236669,0.2076056202216759,0.001743122215518693,147.47153844899526,3.4794296153526556,0.0039595475917279565
5.625,2.362466291254526,757.4288294595835,0.20761380943775412,0.0017372868236697708,147.47771264027682,3.473614075636029,0.003954754199527743
5.63,2.363520741923947,757.4302043334402,0.20762196256993792,0.001731477118123031,147.48386157375174,3.4678118007342866,0.003949964096591934
5.635,2.3645805803535644,757.4315822909774,0.20763007977550374,0.0017256929867871084,147.48998535058357,3.46202275226843,0.003945177295196546
5.64,2.3656457647306035,757.4329632778432,0.2076381612115106,0.0017199343177254603,147.4960840717654,3.456246891866521,0.003940393807547632
5.6450000000000005,2.3667162529805745,757.4343472395374,0.20764620703465583,0.0017142009992589548,147.50215783800837,3.450484181170443,0.0039356136457373275
5.65,2.367792002869804,757.4357341214701,0.20765421740141318,0.0017084929198677165,147.5082067498492,3.4447345818314314,0.003930836821788196
5.655,2.368872971907038,757.4371238689089,0.20766219246788456,0.0017028099682964049,147.51423090753642,3.4389980555182333,0.003926063347609517
5.66,2.3699591174443793,757.4385164270352,0.20767013238994225,0.0016971520334532512,147.52023041114043,3.4332745639111892,0.003921293235041395
5.665,2.371050396580519,757.439911740893,0.20767803732307694,0.0016915190045179663,147.5262053604373,3.4275640687117783,0.003916526495811297
5.67,2.3721467662600695,757.4413097554432,0.20768590742254367,0.0016859107708380367,147.53215585502136,3.4218665316352723,0.0039117631415779095
5.675,2.3732481831784455,757.4427104155147,0.2076937428432064,0.0016803272220391864,147.5380819941867,3.416181914421635,0.003907003183887939
5.68,2.3743546038795698,757.4441136658569,0.20770154373968772,0.0016747682479190057,147.54398387704222,3.4105101788267813,0.003902246634219712
5.6850000000000005,2.37546598466242,757.4455194510924,0.2077093102662098,0.0016692337385598966,147.5498616023908,3.4048512866347993,0.0038974935039402378
5.69,2.376582281677092,757.4469277157676,0.20771704257674783,0.00166372358422011,147.55571526884668,3.399205199647846,0.003892743804348556
5.695,2.377703450833028,757.4483384043074,0.2077247408248676,0.001658237675449097,147.5615449747127,3.3935718796996612,0.0038879975466330533
5.7,2.378829447893425,757.449751461064,0.20773240516388244,0.0016527759029760232,147.56735081809967,3.387951288644124,0.0038832547419145606
5.705,2.3799602283851526,757.4511668302738,0.20774003574668753,0.0016473381578274674,147.57313289680172,3.3823433883700407,0.0038785154012039337
5.71,2.381095747691494,757.4525844561031,0.20774763272592026,0.001641924331213478,147.57889130841784,3.3767481407883824,0.0038737795354448867
5.715,2.382235960963772,757.4540042826084,0.20775519625379146,0.0016365343146475433,147.58462615022506,3.3711655078483203,0.003869047155471843
5.72,2.3833808232124025,757.4554262537794,0.2077627264822489,0.001631167999830268,147.5903375193022,3.3655954515231747,0.003864318272052503
5.7250000000000005,2.384530289220245,757.4568503135011,0.20777022356280558,0.001625825278771542,147.59602551240138,3.360037933827665,0.003859592895845969
5.73,2.3856843136319537,757.4582764055957,0.20777768764670654,0.0016205060436719106,147.60169022607337,3.354492916802605,0.0038548710374450438
5.735,2.3868428508690656,757.4597044737856,0.20778511888475396,0.00161521018704687,147.6073317565375,3.3489603625333344,0.0038501527073346265
5.74,2.3880058552176373,757.4611344617338,0.20779251742747726,0.0016099376016059947,147.61295019980898,3.343440233133184,0.003845437915933747
5.745,2.389173280745081,757.4625663130093,0.20779988342495526,0.0016046881803793037,147.6185456515669,3.337932490763074,0.0038407266735542324
5.75,2.390345081386077,757.4639999711252,0.2078072170269893,0.001599461816594211,147.6241182072836,3.3324370976137687,0.003836018990442472
5.755,2.391521210861168,757.4654353795057,0.20781451838292267,0.0015942584038038863,147.62966796209088,3.3269540159266113,0.003831314876738363
5.76,2.39270162276093,757.4668724815224,0.20782178764181664,0.0015890778357621033,147.6351950109111,3.3214832079746013,0.0038266143425167982
5.765,2.393886270466346,757.468311220464,0.2078290249522672,0.001583920006553529,147.64069944832198,3.3160246360842365,0.003821917397746891
5.7700000000000005,2.3950751072312206,757.4697515395698,0.2078362304625839,0.001578784810466535,147.64618136868918,3.3105782626154396,0.0038172240523331913
5.775,2.3962680861043375,757.4711933820014,0.20784340432060405,0.0015736721421253507,147.65164086602977,3.3051440499844826,0.00381253431607519
5.78,2.3974651600101113,757.472636690875,0.20785054667387426,0.0015685818963609049,147.6570780341463,3.2997219606427883,0.003807848198708253
5.785,2.398666281672545,757.4740814092343,0.20785765766946213,0.0015635139683447708,147.6624929664889,3.294311957100906,0.003803165709863412
5.79,2.399871403694098,757.4755274800808,0.20786473745414058,0.0015584682534581131,147.66788575629093,3.2889140019062233,0.0037984868591080198
5.795,2.4010804784814557,757.4769748463497,0.20787178617419694,0.0015534446474273597,147.6732564964295,3.2835280576679624,0.0037938116559058242
5.8,2.402293458322609,757.4784234509368,0.20787880397561986,0.001548443046191315,147.67860527956296,3.2781540870338266,0.003789140109657342
5.805,2.4035102953144447,757.4798732366775,0.20788579100390622,0.0015434633460384933,147.68393219798978,3.272792052715996,0.0037844722296602185
5.8100000000000005,2.4047309414380185,757.481324146371,0.2078927474042504,0.0015385054434724687,147.6892373437876,3.267441917466729,0.003779808025149317
5.815,2.405955348487984,757.4827761227618,0.20789967332134898,0.0015335692353508064,147.69452080867097,3.262103644105337,0.0037751475052573715
5.82,2.4071834681460462,757.4842291085619,0.20790656889959241,0.0015286546187487093,147.69978268413143,3.256777195492766,0.003770490679054784
5.825,2.408415251912238,757.4856830464336,0.20791343428286752,0.0015237614910994842,147.7050230612944,3.251462534559517,0.0037658375555105687
5.83,2.4096506511765448,757.4871378790107,0.2079202696147515,0.0015188897500565549,147.71024203106043,3.246159624279247,0.003761188143531867
5.835,2.410889617152038,757.4885935488826,0.20792707503831234,0.001514039293635398,147.7154396839609,3.240868427697601,0.003756542451925176
5.84,2.412132100944662,757.4900499986136,0.20793385069630507,0.0015092100200739854,147.72061611030057,3.235588907904856,0.003751900489435579
5.845,2.413378053488232,757.4915071707295,0.2079405967309702,0.0015044018279761272,147.7257714000122,3.2303210280656476,0.003747262264708265
5.8500000000000005,2.4146274256123705,757.4929650077341,0.20794731328423202,0.0014996146161704068,147.73090564280025,3.2250647513906756,0.003742627786327468
5.855,2.415880167979387,757.4944234520984,0.20795400049749516,0.001494848283854874,147.73601892799462,3.219820041167305,0.003737997062778285
5.86,2.4171362311503475,757.4958824462752,0.207960658511845,0.0014901027304545307,147.74111134469524,3.2145868607303556,0.003733370102485317
5.865,2.4183955655238467,757.4973419326897,0.20796728746784235,0.0014853778557673096,147.74618298162497,3.2093651734935476,0.003728746913774783
5.87,2.419658121400205,757.4988018537522,0.20797388750572585,0.0014806735598201825,147.7512339272753,3.204154942919412,0.0037241275049128744
5.875,2.4209238489221336,757.5002621518515,0.20798045876520485,0.0014759897430163603,147.75626426975833,3.198956132551549,0.003719511884068158
5.88,2.4221926981370547,757.5017227693648,0.20798700138566376,0.0014713263059900812,147.76127409695334,3.1937687059836852,0.0037149000593496386
5.885,2.423464618939672,757.5031836486534,0.2079935155059533,0.0014666831497549772,147.76626349635805,3.1885926268927207,0.0037102920387694603
5.89,2.424739561132398,757.5046447320702,0.20800000126459645,0.001462060175557602,147.77123255523614,3.183427859006956,0.003705687830280671
5.8950000000000005,2.426017474369843,757.5061059619584,0.20800645879957835,0.0014574572850269037,147.7761813604677,3.178274366139905,0.0037010874417402234
5.9,2.427298308217337,757.5075672806557,0.20801288824855385,0.0014528743800265554,147.78110999869756,3.17313211215772,0.0036964908809464458
5.905,2.428582012097345,757.5090286304958,0.20801928974863595,0.0014483113628054752,147.78601855618518,3.168001061013742,0.003691898155602336
5.91,2.4298685353460825,757.5104899538109,0.20802566343660492,0.001443768135849013,147.79090711895358,3.1628811767151435,0.0036873092733527364
5.915,2.431157827161857,757.511951192934,0.2080320094486953,0.0014392446020304686,147.7957757726388,3.157772423358206,0.003682724241747931
5.92,2.432449836659768,757.5134122902008,0.20803832792080673,0.0014347406644611926,147.8006246026393,3.152674765094194,0.0036781430682805197
5.925,2.4337445128219914,757.5148731879531,0.20804461898828952,0.0014302562266430413,147.80545369396503,3.1475881661653355,0.003673565760349315
5.93,2.4350418045505453,757.5163338285387,0.2080508827861568,0.001425791192317452,147.81026313138764,3.142512590869962,0.003668992325295918
5.9350000000000005,2.4363416606195294,757.5177941543174,0.20805711944886904,0.0014213454656187793,147.8150529992887,3.1374480035991557,0.003664422770368916
5.94,2.4376440297259534,757.5192541076582,0.20806332911054753,0.001416918950922403,147.81982338181066,3.1323943688011866,0.0036598571027601588
5.945,2.4389488604439284,757.5207136309482,0.2080695119047576,0.0014125115529988897,147.82457436270462,3.1273516510188046,0.003655295329569257
5.95,2.440256101273558,757.5221726665868,0.20807566796472352,0.0014081231768611857,147.8293060254819,3.1223198148529887,0.003650737457839558
5.955,2.4415657005970886,757.5236311569969,0.20808179742311064,0.0014037537279195569,147.8340184532613,3.1172988250008684,0.0036461834945229464
5.96,2.442877606725847,757.5250890446176,0.20808790041224148,0.0013994031118279193,147.8387117289212,3.1122886462188113,0.0036416334465155186
5.965,2.444191767858368,757.5265462719171,0.20809397706387672,0.0013950712346395035,147.84338593494647,3.107289243360945,0.0036370873206226857
5.97,2.4455081321253673,757.5280027813828,0.20810002750943254,0.0013907580026523763,147.848041153581,3.102300581341604,0.0036325451235945474
5.9750000000000005,2.4468266475498455,757.5294585155374,0.20810605187976075,0.0013864633225657778,147.85267746667435,3.0973226251744346,0.0036280068620912938
5.98,2.4481472620900977,757.5309134169257,0.20811205030536703,0.0013821871013248934,147.85729495583462,3.0923553399342296,0.0036234725427182844
5.985,2.449469923601802,757.5323674281337,0.20811802291619022,0.001377929246277805,147.8618937022748,3.0873986907965825,0.003618942171991746
5.99,2.450794579879051,757.5338204917733,0.20812396984182174,0.001373689665019564,147.86647378696617,3.0824526429991317,0.0036144157563735477
5.995,2.452121178618433,757.5352725505024,0.20812989121128375,0.0013694682655497168,147.8710352904842,3.0775171618817567,0.003609893302237212
6.0,2.453449667458085,757.5367235470089,0.20813578715324965,0.0013652649561157247,147.87557829316233,3.0725922128472454,0.003605374815902377
6.005,2.454779993943764,757.538173424032,0.2081416577958217,0.0013610796453710128,147.88010287493785,3.067677761402005,0.003600860303601115
6.01,2.45611210556592,757.5396221243444,0.20814750326675197,0.0013569122422177882,147.88460911550564,3.0627737731161853,0.0035963497715120925
6.015000000000001,2.457445949727765,757.5410695907758,0.2081533236932195,0.0013527626559655644,147.8890970941642,3.0578802136648764,0.003591843225727187
6.0200000000000005,2.4587814737803524,757.5425157661927,0.2081591192020522,0.0013486307961734325,147.89356688996952,3.0529970487877103,0.0035873406722853524
6.025,2.4601186249926545,757.5439605935242,0.20816488991950313,0.0013445165728090069,147.89801858158094,3.0481242443305296,0.0035828421171395317
6.03,2.461457350584644,757.5454040157393,0.2081706359714731,0.0013404198960901956,147.9024522474151,3.0432617662044783,0.0035783475661902192
6.035,2.4627975976993817,757.5468459758761,0.20817635748328658,0.0013363406766445324,147.9068679654921,3.0384095804281315,0.003573857025252681
6.04,2.4641393134340945,757.5482864170152,0.208182054579915,0.001332278825350487,147.91126581358927,3.033567653086094,0.003569370500090213
6.045,2.4654824448142776,757.5497252823119,0.208187727385752,0.0013282342534971362,147.91564586908737,3.028735950371566,0.0035648879963816596
6.05,2.4668269388227673,757.5511625149679,0.20819337602483728,0.001324206872625066,147.92000820912455,3.023914438544476,0.0035604095197543733
6.055,2.4681727423758595,757.5525980582647,0.20819900062063157,0.0013201965946863332,147.9243529104425,3.019103083974456,0.0035559350757520362
6.0600000000000005,2.469519802350372,757.5540318555339,0.20820460129624105,0.0013162033318850062,147.9286800495405,3.0143018530985377,0.003551464669867312
6.065,2.470868065561784,757.5554638501922,0.20821017817419174,0.0013122269968373775,147.93298970252158,3.0095107124645155,0.0035469983075099762
6.07,2.472217478789284,757.55689398571,0.20821573137665456,0.0013082675024121831,147.93728194524655,3.0047296286882155,0.00354253599403926
6.075,2.4735679887559345,757.5583222056481,0.20822126102521937,0.001304324761891023,147.94155685318043,2.9999585684972367,0.003538077734732284
6.08,2.4749195421516994,757.5597484536246,0.20822676724112038,0.0013003986888083085,147.94581450154624,2.995197498687818,0.003533623534816101
6.085,2.476272085615639,757.5611726733536,0.20823225014501,0.0012964891971118456,147.95005496517172,2.990446386168928,0.00352917339943643
6.09,2.477625565756909,757.5625948086093,0.20823770985718462,0.0012925962010025519,147.95427831864293,2.9857051979187514,0.0035247273336893987
6.095,2.478979929138994,757.5640148032682,0.20824314649735814,0.0012887196150951664,147.9584846361513,2.9809739010291145,0.0035202853425905754
6.1000000000000005,2.4803351222986763,757.5654326012699,0.2082485601848881,0.0012848593542577743,147.96267399164697,2.976252462661603,0.0035158474311064113
6.105,2.4816910917323005,757.5668481466614,0.20825395103854924,0.0012810153337726058,147.96684645868612,2.971540850092309,0.0035114136041235746
6.11,2.4830477839127183,757.568261383557,0.20825931917675952,0.0012771874691754085,147.9710021105841,2.9668390306676016,0.0035069838664800895
6.115,2.4844051452775875,757.5696722561833,0.2082646647173539,0.0012733756764162958,147.97514102026315,2.96214697184917,0.003502558222934969
6.12,2.4857631222442795,757.5710807088373,0.20826998777781036,0.0012695798716990108,147.97926326040525,2.95746464116947,0.0034981366781990557
6.125,2.4871216612002214,757.5724866859343,0.2082752884750237,0.001265799971641783,147.98336890330012,2.952792006277048,0.0034937192369049533
6.13,2.488480708515769,757.5738901319634,0.20828056692553168,0.0012620358931165238,147.98745802099776,2.9481290348916773,0.0034893059036375674
6.135,2.4898402105365856,757.5752909915368,0.20828582324528888,0.001258287553409655,147.991530685157,2.9434756948499468,0.003484896682904334
6.140000000000001,2.49120011359448,757.5766892093444,0.2082910575498928,0.0012545548700612732,147.9955869671975,2.9388319540601042,0.0034804915791654613
6.1450000000000005,2.4925603640018257,757.5780847302044,0.20829626995435785,0.0012508377610259182,147.99962693814896,2.934197780547897,0.003476090596804458
6.15,2.4939209080603573,757.579477499016,0.20830146057334148,0.0012471361445117372,148.00365066880263,2.929573142411135,0.0034716937401580742
6.155,2.4952816920576364,757.5808674608122,0.20830662952091822,0.00124344993914116,148.00765822956083,2.924958007865764,0.003467301013487125
6.16,2.4966426622738065,757.58225456071,0.20831177691080596,0.0012397790637901052,148.01164969058826,2.920352345200176,0.003462912421006136
6.165,2.4980037649800995,757.583638743966,0.20831690285613988,0.0012361234377485219,148.01562512166203,2.9157561228214903,0.003458527966854465
6.17,2.4993649464435492,757.5850199559239,0.20832200746969878,0.0012324829805596738,148.0195845923224,2.9111693092096296,0.003454147655125645
6.175,2.5007261529275415,757.5863981420723,0.2083270908636793,0.001228857612180517,148.0235281717234,2.906591872963797,0.003449771489838804
6.18,2.502087330694489,757.5877732479901,0.2083321531499219,0.0012252472528210953,148.02745592878304,2.902023782756326,0.0034453994749677115
6.1850000000000005,2.5034484260084184,757.5891452194066,0.20833719443968557,0.0012216518231047207,148.03136793203458,2.897465007379345,0.00344103161441249
6.19,2.504809385135603,757.5905140021447,0.20834221484387358,0.0012180712439075162,148.03526424977622,2.8929155156984185,0.003436667912028372
6.195,2.506170154349197,757.5918795421828,0.2083472144728083,0.001214505436518366,148.03914494992287,2.8883752766993775,0.003432308371597698
6.2,2.5075306799278234,757.5932417855963,0.20835219343645686,0.0012109543224786347,148.04301010015533,2.883844259441768,0.0034279529968583807
6.205,2.508890908162247,757.5946006786215,0.20835715184420642,0.001207417823741865,148.0468597677728,2.879322433105839,0.003423601791476197
6.21,2.5102507853519223,757.5959561675945,0.20836208980508936,0.001203895862513701,148.0506940198413,2.87480976694581,0.0034192547590729577
6.215,2.5116102578137074,757.597308199018,0.20836700742755898,0.0012003883614113001,148.05451292304699,2.8703062303370017,0.0034149119031990907
6.22,2.5129692718763694,757.5986567194974,0.20837190481971452,0.0011968952433034968,148.05831654384383,2.865811792728937,0.003410573227361515
6.2250000000000005,2.5143277738913365,757.6000016758102,0.20837678208907714,0.001193416431469898,148.06210494830776,2.861326423692598,0.0034062387349965187
6.23,2.515685710225163,757.6013430148397,0.20838163934281453,0.0011899518494413186,148.0658782022836,2.856850092873385,0.003401908429497342
6.235,2.5170430272723214,757.6026806836463,0.20838647668751753,0.0011865014211585303,148.06963637124,2.852382770038477,0.003397582314187337
6.24,2.518399671445623,757.6040146293998,0.2083912942294242,0.0011830650708129962,148.07337952041553,2.8479244250296576,0.0033932603923472627
6.245,2.519755589191047,757.6053447994518,0.20839609207419707,0.001179642723005252,148.07710771467453,2.8434750278107814,0.003388942667188738
6.25,2.5211107269761257,757.6066711412668,0.20840087032714658,0.0011762343025859664,148.08082101865256,2.8390345484204746,0.003384629141881244
6.255,2.5224650313068038,757.6079936024963,0.20840562909300903,0.001172839734813925,148.0845194966128,2.8346029570196847,0.003380319819525859
6.26,2.5238184487137865,757.6093121309076,0.20841036847616948,0.0011694589451974446,148.08820321259094,2.8301802238442795,0.0033760147031819785
6.265000000000001,2.5251709257714317,757.61062667446,0.20841508858044028,0.0011660918596519368,148.09187223025222,2.8257663192526667,0.003371713795841332
6.2700000000000005,2.526522409082061,757.6119371812323,0.20841978950928353,0.001162738404341705,148.0955266130357,2.821361213678302,0.0033674171004544197
6.275,2.527872845296882,757.6132435995,0.20842447136559,0.001159398505837058,148.09916642401214,2.816964877677366,0.003363124619904809
6.28,2.529222181098268,757.6145458776609,0.20842913425190127,0.001156072090956514,148.10279172602736,2.8125772818811923,0.0033588363570352837
6.285,2.530570363222699,757.6158439643153,0.20843377827018927,0.001152759086923448,148.10640258156104,2.8081983970439977,0.0033545523146224316
6.29,2.5319173384410183,757.6171378081884,0.20843840352207763,0.0011494594212087246,148.1099990528693,2.8038281939952348,0.003350272495402501
6.295,2.533263053583392,757.618427358213,0.2084430101086221,0.0011461730216868534,148.11358120184434,2.799466643687365,0.0033459969020462723
6.3,2.5346074555175386,757.6197125634498,0.2084475981305312,0.001142899816479077,148.117149090156,2.7951137171481544,0.003341725537184632
6.305,2.5359504911757056,757.6209933731723,0.20845216768794733,0.0011396397341090127,148.12070277911263,2.790769385528468,0.0033374584033837233
6.3100000000000005,2.537292107530877,757.6222697367849,0.2084567188806669,0.0011363927033462185,148.12424232980163,2.7864336200545257,0.0033331955031702365
6.315,2.538632251625763,757.6235416039095,0.20846125180792197,0.0011331586533613002,148.12776780295113,2.782106392075712,0.003328936839006844
6.32,2.5399708705469872,757.6248089243026,0.20846576656859966,0.0011299375135699775,148.13127925906983,2.777787673016798,0.0033246824133172028
6.325,2.541307911456086,757.6260716479424,0.20847026326102494,0.0011267292137876334,148.13477675830947,2.77347743442575,0.003320432228461667
6.33,2.5426433215616777,757.6273297249447,0.20847474198317897,0.0011235336840739068,148.13826036060388,2.7691756479259375,0.00331618628676202
6.335,2.5439770481524673,757.6285831056526,0.20847920283248264,0.0011203508548866636,148.14173012553232,2.7648822852639325,0.0033119445904774523
6.34,2.545309038567406,757.6298317405492,0.2084836459060145,0.0011171806569271335,148.1451861124576,2.760597318261707,0.0033077071418290195
6.345,2.5466392402306925,757.6310755803501,0.2084880713002948,0.0011140230212932864,148.14862838039048,2.7563207188644157,0.003303473942975895
6.3500000000000005,2.5479676006199257,757.6323145759134,0.20849247911150282,0.001110877879325532,148.1520569881268,2.7520524590925923,0.0032992449960395523
6.355,2.5492940673030997,757.6335486783349,0.20849686943526166,0.001107745162759485,148.1554719941128,2.7477925110899077,0.00329502030308029
6.36,2.550618587904756,757.634777838856,0.20850124236685477,0.0011046248035722476,148.15887345658135,2.743540847075377,0.0032907998661211363
6.365,2.5519411101449645,757.6360020089601,0.20850559800101182,0.0011015167341345401,148.16226143341834,2.7392974393910783,0.003286583687124646
6.37,2.5532615818034805,757.6372211402795,0.20850993643212404,0.001098420887057592,148.16563598229786,2.7350622604543844,0.0032823717680165346
6.375,2.554579950760705,757.6384351846931,0.2085142577540312,0.0010953371953446197,148.1689971605495,2.7308352828056335,0.003278164110662744
6.38,2.555896164959853,757.6396440942315,0.20851856206023617,0.00109226559223834,148.1723450252928,2.726616479060393,0.0032739607168928006
6.385,2.5572101724498877,757.6408478211766,0.20852284944369265,0.001089206011371783,148.17567963330538,2.722405821957074,0.003269761588477154
6.390000000000001,2.558521921345705,757.6420463179655,0.20852711999701884,0.0010861583866164438,148.17900104115634,2.7182032843092356,0.003265566727150262
6.3950000000000005,2.5598313598730327,757.6432395372907,0.2085313738122863,0.0010831226522324158,148.18230930507562,2.7140088390531374,0.003261376134588197
6.4,2.561138436326641,757.6444274320022,0.2085356109812326,0.001080098742717196,148.1856044810863,2.709822459200092,0.003257189812431462
6.405,2.562443099117201,757.6456099552111,0.20853983159505107,0.0010770865929551215,148.18888662487495,2.705644117883943,0.0032530077622628575
6.41,2.5637452967275207,757.6467870601884,0.20854403574460262,0.0010740861380668506,148.19215579192294,2.701473788313481,0.003248829985630037
6.415,2.5650449777613593,757.6479587004706,0.20854822352020644,0.001071097313558086,148.19541203737793,2.697311443819838,0.0032446564840236353
6.42,2.5663420908977,757.6491248297573,0.20855239501185086,0.0010681200551697423,148.198655416184,2.69315705780897,0.003240487258899554
6.425,2.567636584941507,757.6502854020176,0.20855655030898512,0.001065154299025947,148.2018859829543,2.689010603808964,0.0032363223116573555
6.43,2.5689284087760424,757.6514403713869,0.20856068950072917,0.0010621999814849088,148.20510379210015,2.684872055422598,0.003232161643662285
6.4350000000000005,2.5702175114155597,757.6525896922748,0.20856481267566654,0.0010592570392861803,148.20830889770465,2.6807413863745486,0.0032280052562239196
6.44,2.5715038419556713,757.6537333192593,0.20856891992205306,0.0010563254094022466,148.21150135365085,2.6766185704640377,0.003223853150617933
6.445,2.572787349627972,757.6548712071974,0.20857301132761086,0.0010534050291850325,148.21468121349642,2.6725035816119336,0.003219705328065001
6.45,2.574067983748464,757.6560033111174,0.20857708697973598,0.0010504958362182227,148.21784853060063,2.6683963938134907,0.003215561789752304
6.455,2.5753456937741,757.6571295863305,0.20858114696529348,0.0010475977684630097,148.22100335800033,2.6642969811853403,0.00321142253681269
6.46,2.5766204292492745,757.6582499883227,0.20858519137082415,0.0010447107641111527,148.22414574853565,2.660205317918329,0.003207287570345918
6.465,2.5778921398642805,757.6593644728666,0.20858922028234045,0.0010418347617299549,148.22727575472712,2.656121378324392,0.0032031568913980773
6.47,2.579160775399875,757.6604729959125,0.2085932337855323,0.0010389697001160763,148.23039342890047,2.6520451367894986,0.003199030500982571
6.4750000000000005,2.580426285787633,757.6615755137017,0.2085972319655641,0.0010361155184397258,148.23349882306465,2.6479765678203973,0.0031949084000597885
6.48,2.581688621052603,757.6626719826554,0.2086012149072795,0.0010332721560992442,148.2365919890355,2.6439156459976823,0.0031907905895578364
6.485,2.5829477313755516,757.6637623594909,0.20860518269499947,0.0010304395528644974,148.2396729783151,2.639862346022401,0.00318667707035246
6.49,2.584203567033711,757.6648466011072,0.20860913541272594,0.0010276176487322391,148.24274184221417,2.6358166426692424,0.003182567843287517
6.495,2.585456078464905,757.6659246647042,0.2086130731439411,0.0010248063840687014,148.24579863173264,2.63177851083301,0.003178462909155155
6.5,2.5867052162064006,757.6669965076659,0.20861699597180985,0.0010220056994657428,148.24884339768084,2.627747925481935,0.003174362268716029
6.505,2.5879509309609077,757.6680620876809,0.20862090397898037,0.0010192155358826286,148.25187619056126,2.6237248617040074,0.0031702659226797276
6.51,2.5891931735335376,757.6691213626254,0.2086247972477852,0.001016435834502976,148.25489706068862,2.6197092946604235,0.0031661738717247397
6.515000000000001,2.5904318948996705,757.6701742906839,0.20862867586004324,0.001013666536875711,148.2579060580728,2.6157011996317623,0.0031620861164791264
6.5200000000000005,2.5916670461400333,757.6712208302307,0.20863253989725958,0.0010109075847728253,148.26090323253766,2.6117005519715817,0.0031580026575402406
6.525,2.5928985785104155,757.6722609399528,0.2086363894404286,0.0010081589203294991,148.26388863360518,2.6077073271524354,0.0031539234954556425
6.53,2.5941264433748854,757.6732945787296,0.2086402245702327,0.0010054204859026759,148.26686231061336,2.6037215007196113,0.003149848630742569
6.535,2.5953505922773403,757.674321705757,0.20864404536684664,0.00100269222421035,148.26982431260103,2.5997430483369945,0.0031457780638690968
6.54,2.596570976872868,757.675342280426,0.2086478519101351,0.0009999740781909637,148.27277468842502,2.595771945740957,0.003141711795273363
6.545,2.5977875490011275,757.6763562624479,0.2086516442794581,0.0009972659911418513,148.27571348664605,2.5918081687860512,0.0031376498253449705
6.55,2.599000260615861,757.6773636117315,0.2086554225538675,0.0009945679065794693,148.2786407556445,2.5878516933990587,0.003133592154443965
6.555,2.6002090638600923,757.6783642885101,0.20865918681191348,0.000991879768376989,148.28155654350775,2.5839024956245153,0.0031295387828824783
6.5600000000000005,2.6014139109938066,757.6793582532167,0.2086629371318401,0.0009892015206253667,148.2844608981448,2.5799605515789192,0.003125489710943464
6.565,2.6026147544709497,757.6803454666128,0.20866667359139277,0.0009865331077700812,148.28735386717457,2.5760258374960845,0.0031214449388625807
6.57,2.603811546865287,757.681325889662,0.20867039626801265,0.000983874474473047,148.2902354980394,2.5720983296815128,0.003117404466846683
6.575,2.605004240949197,757.68229948366,0.20867410523864544,0.0009812255657484913,148.29310583789464,2.56817800455757,0.003113368295055941
6.58,2.6061927896177144,757.6832662101071,0.20867780057993449,0.0009785863268257228,148.29596493372094,2.5642648386180302,0.003109336423622097
6.585,2.607377145969106,757.6842260308397,0.20868148236803083,0.0009759567032841359,148.29881283221494,2.5603588084730666,0.0031053088526308147
6.59,2.6085572632271163,757.6851789079006,0.20868515067878501,0.0009733366409168429,148.30164957990044,2.5564598908039757,0.0031012855821397015
6.595,2.6097330948233086,757.6861248036728,0.20868880558755856,0.0009707260858648034,148.30447522302035,2.552568062407978,0.0030972666121608897
6.6000000000000005,2.61090459431752,757.6870636807482,0.20869244716941443,0.000968124984481321,148.3072898076465,2.548683300153121,0.0030932519426788204
6.605,2.6120717154819637,757.6879955020622,0.2086960754989296,0.000965533283465298,148.31009337957295,2.5448055810228944,0.0030892415736330603
6.61,2.6132344122199074,757.6889202307611,0.20869969065038457,0.000962950929726599,148.31288598442453,2.540934882071316,0.00308523550493585
6.615,2.614392638651513,757.689837830339,0.20870329269757704,0.0009603778705184252,148.31566766755125,2.537071180467346,0.0030812337364551474
6.62,2.615546349030755,757.6907482645029,0.20870688171401017,0.0009578140533035544,148.31843847413586,2.5332144534501704,0.003077236268031947
6.625,2.616695497832991,757.6916514973105,0.20871045777270755,0.0009552594258858277,148.32119844908937,2.529364678373413,0.003073243099463549
6.63,2.617840039670128,757.6925474930357,0.20871402094640018,0.0009527139362772706,148.3239476371572,2.525521832660611,0.0030692542305206525
6.635,2.618979929379906,757.693436216306,0.20871757130734275,0.0009501775328286907,148.32668608281628,2.5216858938492255,0.0030652696609308433
6.640000000000001,2.6201151219393317,757.6943176319669,0.2087211089274993,0.0009476501640976809,148.32941383037974,2.5178568395463152,0.0030612893903954625
6.6450000000000005,2.621245572555662,757.6951917052215,0.20872463387836082,0.0009451317789783283,148.3321309238952,2.5140346474723416,0.0030573134185733204
6.65,2.6223712365781116,757.6960584014931,0.2087281462311297,0.0009426223265701009,148.33483740724841,2.5102192954170404,0.0030533417450973347
6.655,2.6234920695905255,757.6969176865658,0.2087316460565384,0.0009401217563066636,148.33753332406266,2.506410761283018,0.003049374369558466
6.66,2.624608027321379,757.6977695264455,0.20873513342503286,0.0009376300178256564,148.34021871780124,2.5026090230418325,0.0030454112915221333
6.665,2.6257190657381204,757.6986138875031,0.20873860840659236,0.0009351470610966126,148.3428936316679,2.498814058777372,0.003041452510512371
6.67,2.6268251409554764,757.6994507363329,0.20874207107091156,0.0009326728362916298,148.34555810870833,2.495025846642145,0.0030374980260280183
6.675,2.6279262093314504,757.7002800398973,0.20874552148722184,0.00093020729391239,148.34821219171172,2.4912443649004463,0.0030335478375270943
6.68,2.629022227373952,757.7011017653845,0.20874895972447194,0.0009277503846617263,148.35085592331106,2.4874695918848544,0.0030296019444427703
6.6850000000000005,2.630113151838432,757.7019158803537,0.20875238585115055,0.0009253020595697424,148.3534893458858,2.483701506039182,0.003025660346167957
6.69,2.6311989396328483,757.7027223525922,0.2087557999354657,0.0009228622698662781,148.3561125016611,2.4799400858751888,0.003021723042071061
6.695,2.632279547916929,757.7035211502614,0.2087592020451687,0.0009204309671061269,148.3587254326116,2.476185310015307,0.003017790031480784
6.7,2.633354934005487,757.7043122417525,0.2087625922477323,0.0009180081030423982,148.3613281805594,2.472437157149571,0.0030138613137016606
6.705,2.6344250554692916,757.7050955958341,0.20876597061017568,0.0009155936297508379,148.36392078707922,2.4686956060781275,0.0030099368879990744
6.71,2.63548987003675,757.7058711815064,0.20876933719924143,0.0009131874995040873,148.36650329359503,2.464960635668377,0.0030060167536145803
6.715,2.6365493356963743,757.7066389681501,0.208772692081222,0.0009107896648951027,148.36907574128634,2.4612322248972616,0.003002100909751126
6.72,2.6376034105968413,757.7073989253795,0.2087760353221352,0.0009084000787123151,148.3716381711838,2.457510352808626,0.0029981893555881653
6.7250000000000005,2.6386520531510405,757.7081510231923,0.208779366987552,0.0009060186940621479,148.37419062407665,2.4537949985552823,0.0029942820902670872
6.73,2.6396952219345264,757.7088952318213,0.20878268714277068,0.0009036454642450788,148.37673314060703,2.4500861413565937,0.0029903791129061194
6.735,2.6407328757911324,757.7096315218861,0.208785995852646,0.0009012803428772545,148.37926576117866,2.4463837605403085,0.002986480422585962
6.74,2.6417649737298334,757.7103598642432,0.20878929318176212,0.0008989232837674535,148.38178852605,2.4426878355003687,0.0029825860183644785
6.745,2.642791475031905,757.7110802301384,0.20879257919426294,0.0008965742410378022,148.38430147524397,2.4389983457385185,0.0029786958992625416
6.75,2.6438123391462165,757.7117925910563,0.20879585395402367,0.000894233169001637,148.38680464864015,2.4353152708223367,0.002974810064278512
6.755,2.644827525797915,757.7124969188737,0.20879911752448263,0.0008919000222833219,148.38929808588549,2.4316385904266147,0.0029709285123742874
6.76,2.645836994882168,757.7131931857082,0.20880236996881146,0.0008895747556970099,148.39178182648544,2.427968284291618,0.002967051242489577
6.765000000000001,2.6468407065743556,757.7138813640715,0.20880561134974823,0.0008872573243655613,148.39425590971567,2.4243043322642315,0.0029631782535281498
6.7700000000000005,2.6478386212222746,757.7145614267185,0.2088088417297663,0.0008849476836002082,148.39672037471217,2.4206467142564505,0.0029593095443719076
6.775,2.6488306994578257,757.7152333468009,0.2088120611709087,0.0008826457890185719,148.3991752603842,2.416995410286294,0.0029554451138673306
6.78,2.6498169020876987,757.7158970977147,0.2088152697349558,0.000880351596425227,148.401620605503,2.4133504004365243,0.0029515849608393475
6.785,2.6507971902065326,757.7165526532557,0.20881846748326094,0.0008780650619288254,148.40405644861596,2.4097116648953287,0.002947729084077982
6.79,2.6517715250860983,757.7171999874657,0.20882165447691678,0.0008757861418235556,148.4064828281344,2.4060791839152715,0.002943877482352019
6.795,2.652739868289916,757.7178390747888,0.20882483077659225,0.0008735147927053731,148.40889978224848,2.4024529378537376,0.00294003015439585
6.8,2.6537021815609534,757.7184698899163,0.20882799644269756,0.0008712509713543577,148.41130734901418,2.39883290713212,0.0029361870989229382
6.805,2.654658426937683,757.7190924079445,0.20883115153522247,0.0008689946348500497,148.41370556626921,2.395219072276029,0.0029323483146128596
6.8100000000000005,2.65560856664031,757.7197066042187,0.2088342961139001,0.0008667457404547031,148.4160944717187,2.391611413874711,0.0029285138001245692
6.815,2.6565525631882525,757.7203124544916,0.20883743023804618,0.000864504245727733,148.41847410285263,2.388009912621023,0.0029246835540836388
6.82,2.657490379284921,757.7209099347659,0.20884055396672202,0.0008622701084098597,148.42084449702998,2.3844145492710855,0.002920857575095323
6.825,2.658421977936598,757.7214990214544,0.20884366735857474,0.0008600432865366682,148.42320569139736,2.380825304684019,0.002917035861731989
6.83,2.6593473223357873,757.7220796912214,0.20884677047199884,0.0008578237383236471,148.42555772297223,2.377242159781837,0.002913218412545992
6.835,2.6602663759814784,757.7226519211437,0.2088498633649781,0.0008556114222788585,148.4279006285625,2.373665095588941,0.0029094052260572904
6.84,2.6611791025610807,757.7232156885505,0.20885294609524566,0.0008534062970888688,148.43023444484862,2.37009409319225,0.002905596300766132
6.845,2.662085466072055,757.7237709711861,0.20885601872012705,0.0008512083217305351,148.43255920830433,2.36652913378046,0.0029017916351408556
6.8500000000000005,2.6629854307024514,757.7243177470488,0.2088590812966991,0.0008490174553578221,148.43487495527754,2.3629701986044087,0.002897991227630386
6.855,2.6638789609538858,757.7248559945536,0.20886213388163447,0.00084683365741271,148.43718172191228,2.359417269016099,0.0028941950766522236
6.86,2.6647660215207036,757.7253856923714,0.20886517653135897,0.0008446568875128949,148.43947954422853,2.355870326429297,0.002890403180604749
6.865,2.6656465774142837,757.7259068195917,0.2088682093018974,0.0008424871055618192,148.4417684580451,2.352329352358319,0.0028866155378553964
6.87,2.666520593840842,757.7264193555607,0.20887123224902976,0.000840324271637255,148.4440484990583,2.348794328378872,0.0028828321467527737
6.875,2.667388036327043,757.7269232800459,0.20887424542813818,0.00083816834610046,148.4463197027662,2.3452652361665938,0.0028790530056150166
6.88,2.668248870596468,757.7274185730726,0.2088772488943621,0.0008360192894856396,148.44858210454603,2.3417420574581382,0.002875278112741724
6.885,2.669103062696512,757.727905215089,0.20888024270244615,0.0008338770626082324,148.4508357395794,2.338224774089475,0.0028715074664024923
6.890000000000001,2.6699505788735367,757.728383186803,0.20888322690689418,0.000831741626455248,148.45308064292877,2.3347133679572094,0.0028677410648486673
6.8950000000000005,2.670791385701027,757.7288524693466,0.20888620156181853,0.0008296129422926866,148.45531684946366,2.3312078210566503,0.00286397890630206
6.9,2.6716254499534524,757.7293130441129,0.20888916672109267,0.0008274909715567475,148.45754439393627,2.3277081154433628,0.0028602209889665143
6.905,2.67245273873567,757.7297648929214,0.20889212243820166,0.0008253756759603856,148.4597633109083,2.324214233270999,0.0028564673110167997
6.91,2.6732732193555027,757.730207997853,0.20889506876639372,0.0008232670173853905,148.46197363482585,2.3207261567530924,0.0028527178706099997
6.915,2.674086859454374,757.7306423414173,0.20889800575853182,0.0008211649579880819,148.46417539994724,2.3172438682006455,0.002848972665874582
6.92,2.6748936268786228,757.7310679063862,0.20890093346724395,0.0008190694600922555,148.46636864041668,2.313767349984166,0.002845231694921607
6.925,2.6756934898113487,757.7314846759623,0.20890385194477598,0.0008169804862940218,148.46855339019334,2.3102965845710144,0.00284149495583397
6.93,2.676486416642487,757.7318926336114,0.2089067612431408,0.0008148979993556134,148.47072968312386,2.3068315544876796,0.0028377624466774387
6.9350000000000005,2.677272376101834,757.7322917632312,0.20890966141397235,0.0008128219623093736,148.47289755287238,2.303372242356889,0.002834034165490062
6.94,2.678051337127912,757.732682048984,0.2089125525086733,0.0008107523383524215,148.47505703299223,2.2999186308601223,0.0028303101102930338
6.945,2.678823269002157,757.7330634754657,0.20891543457827058,0.000808689090949792,148.47720815685673,2.2964707027744815,0.0028265902790802766
6.95,2.679588141216581,757.7334360275374,0.20891830767356193,0.0008066321837299551,148.47935095772993,2.293028440935446,0.0028228746698291266
6.955,2.680345923609108,757.7337996904956,0.20892117184497222,0.0008045815805871144,148.48148546869857,2.289591828273504,0.0028191632804900877
6.96,2.6810965862300598,757.7341544499028,0.20892402714269906,0.0008025372455775744,148.4836117227415,2.2861608477771456,0.0028154561089973485
6.965,2.6818400994786114,757.7345002917582,0.20892687361657042,0.0008004991430212012,148.4857297526629,2.282735482529258,0.0028117531532587006
6.97,2.6825764339681246,757.7348372023281,0.2089297113161887,0.0007984672373986358,148.48783959116062,2.2793157156703545,0.0028080544111658843
6.9750000000000005,2.6833055606636984,757.7351651683166,0.20893254029078986,0.0007964414934519192,148.48994127076028,2.275901530434734,0.0028043598805846757
6.98,2.6840274507463744,757.7354841766961,0.20893536058938614,0.0007944218760825491,148.4920348238828,2.2724929101139493,0.0028006695593650647
6.985,2.684742075751762,757.7357942148777,0.20893817226062628,0.0007924083504512738,148.49412028277925,2.2690898380927287,0.0027969834453315024
6.99,2.6854494074331328,757.7360952705418,0.2089409753529373,0.0007904008818769853,148.49619767959751,2.2656922978126794,0.002793301536292914
6.995,2.686149417901103,757.7363873318089,0.20894376991438574,0.0007883994359356904,148.49826704631818,2.2623002728079777,0.0027896238300331106
7.0,2.6868420794856336,757.7366703870691,0.20894655599281822,0.0007864039783602345,148.50032841482005,2.258913746669306,0.0027859503243206347
7.005,2.687527364876751,757.7369444251539,0.20894933363572396,0.0007844144751384532,148.50238181681706,2.2555327030793095,0.0027822810168993354
7.01,2.688205246985476,757.7372094351653,0.208952102890374,0.0007824308924137233,148.50442728392295,2.2521571257767685,0.0027786159054980484
7.015000000000001,2.688875699085557,757.7374654066475,0.20895486380368503,0.0007804531965822997,148.50646484758892,2.2487869985918203,0.00277495498782133
7.0200000000000005,2.6895386946733533,757.7377123294164,0.2089576164223575,0.0007784813541946893,148.5084945391674,2.2454223054103695,0.0027712982615589786
7.025,2.690194207610556,757.7379501937305,0.2089603607927403,0.0007765153320521774,148.51051638985066,2.2420630302090734,0.0027676457243769226
7.03,2.6908422119830466,757.7381789901208,0.20896309696096804,0.000774555097109019,148.51253043073376,2.238709157019988,0.002763997373926583
7.035,2.691482682244587,757.7383987095621,0.20896582497282673,0.0007726006165681614,148.51453669275386,2.235360669965322,0.0027603532078359205
7.04,2.6921155930746754,757.738609343302,0.2089685448738898,0.0007706518577842475,148.51653520675234,2.2320175532223137,0.002756713223718634
7.045,2.6927409195231764,757.7388108830328,0.20897125670938516,0.0007687087883585395,148.51852600341502,2.228679791057757,0.0027530774191653657
7.05,2.6933586368672016,757.73900332072,0.20897396052432982,0.0007667713760427287,148.52050911333336,2.2253473677931104,0.0027494457917527433
7.055,2.6939687207566605,757.7391866487752,0.20897665636339827,0.0007648395888330653,148.52248456694554,2.222020267838789,0.0027458183390347366
7.0600000000000005,2.6945711470701834,757.7393608598829,0.20897934427105594,0.000762913394874971,148.52445239459678,2.2186984756595094,0.002742195058551543
7.065,2.6951658920615693,757.7395259471749,0.20898202429142854,0.00076099276255638,148.5264126264813,2.215381975808352,0.0027385759478211007
7.07,2.6957529322147735,757.7396819040563,0.20898469646843454,0.0007590776604131477,148.5283652927017,2.2120707528923345,0.002734961004347813
7.075,2.696332244391236,757.73982872438,0.20898736084565556,0.0007571680572216081,148.5303104232119,2.208764791606246,0.0027313502256142153
7.08,2.6969038056839527,757.7399664022729,0.2089900174664678,0.0007552639219047761,148.5322480478755,2.205464076698452,0.00272774360908955
7.085,2.6974675935656562,757.74009493231,0.20899266637391345,0.0007533652236241247,148.5341781964096,2.202168593004502,0.0027241411522215767
7.09,2.698023585742,757.7402143093407,0.20899530761083102,0.0007514719316865753,148.5361008984424,2.1988783254131605,0.002720542852444999
7.095,2.698571760300567,757.7403245286629,0.20899794121972787,0.000749584015635501,148.53801618345778,2.19559325889979,0.002716948707173421
7.1000000000000005,2.69911209556319,757.7404255858496,0.2090005672429094,0.0007477014451584981,148.53992408085202,2.1923133784926114,0.002713358713807625
7.105,2.6996445702357637,757.7405174769227,0.20900318572235277,0.0007458241901776239,148.54182461987915,2.1890386693058588,0.0027097728697276745
7.11,2.70016916325972,757.740600198179,0.20900579669983485,0.0007439522207579422,148.54371782970705,2.185769116506268,0.0027061911723010425
7.115,2.7006858539626273,757.740673746365,0.20900840021680706,0.0007420855071969981,148.54560373936346,2.1825047053460076,0.0027026136188748576
7.12,2.7011946219088467,757.7407381185021,0.20901099631452227,0.0007402240199341372,148.5474823777911,2.179245421129394,0.0026990402067838893
7.125,2.7016954470508834,757.7407933120619,0.2090135850339108,0.000738367729639222,148.54935377379488,2.175991249245598,0.0026954709333429343
7.13,2.7021883095792525,757.7408393247912,0.20901616641570595,0.0007365166071227158,148.55121795609585,2.172742175135586,0.0026919057958546566
7.135,2.702673190074563,757.7408761548867,0.2090187405003213,0.0007346706234236493,148.55307495327926,2.1694981843246044,0.002688344791602117
7.140000000000001,2.7031500693566124,757.7409038008208,0.20902130732797522,0.0007328297497204632,148.5549247938479,2.1662592623893415,0.0026847879178564667
7.1450000000000005,2.7036189286371792,757.740922261516,0.20902386693856892,0.0007309939574182301,148.55676750617064,2.1630253949901985,0.002681235171869622
7.15,2.7040797493683733,757.7409315361706,0.20902641937181024,0.0007291632180602507,148.55860311853525,2.1597965678386677,0.00267768655088181
7.155,2.70453251339611,757.740931624433,0.20902896466709256,0.000727337503414535,148.56043165909756,2.1565727667293824,0.002674142052114382
7.16,2.704977202807738,757.7409225262275,0.20903150286361755,0.000725516785386149,148.5622531559335,2.153353977507724,0.002670601672777223
7.165,2.7054138000861783,757.7409042419283,0.20903403400027507,0.0007237010361029597,148.56406763698908,2.150140186101649,0.0026670654100616996
7.17,2.705842287956847,757.7408767721859,0.209036558115765,0.0007218902278287266,148.5658751301315,2.1469313784895157,0.002663533261147929
7.175,2.7062626495424356,757.7408401181003,0.20903907524847812,0.0007200843330481164,148.56767566310015,2.143727540731695,0.0026600052231978647
7.18,2.706674868209158,757.740794281048,0.20904158543661677,0.0007182833243805325,148.56946926355675,2.1405286589386177,0.002656481293362427
7.1850000000000005,2.70707892772214,757.740739262855,0.209044088718077,0.0007164871746644068,148.57125595903707,2.1373347193021672,0.0026529614687747214
7.19,2.707474812091019,757.740675065623,0.20904658513056804,0.0007146958568717615,148.57303577700046,2.134145708063948,0.002649445746557036
7.195,2.707862505725919,757.7406016919039,0.20904907471149536,0.0007129093441917815,148.5748087447821,2.1309616115464602,0.00264593412381419
7.2,2.7082419932824258,757.7405191445248,0.20905155749807927,0.0007111276099461043,148.57657488964202,2.1277824161215837,0.002642426597640395
7.205,2.708613259818126,757.7404274267625,0.20905403352723909,0.0007093506276716801,148.5783342387179,2.1246081082415453,0.002638923165112738
7.21,2.7089762906369756,757.7403265421692,0.20905650283571045,0.0007075783710367818,148.58008681907341,2.121438674407613,0.0026354238232979086
7.215,2.7093310714463814,757.7402164947464,0.20905896545993066,0.0007058108139231587,148.58183265765172,2.1182741012008526,0.0026319285692458115
7.22,2.709677588200993,757.7400972887706,0.20906142143615492,0.0007040479303427625,148.58357178132303,2.115114375251037,0.00262843739999616
7.2250000000000005,2.710015827260294,757.7399689289674,0.2090638708003427,0.0007022896945191995,148.5853042168389,2.111959483267191,0.002624950312572218
7.23,2.710345775231843,757.739831420337,0.20906631358827296,0.0007005360808051668,148.58702999087902,2.1088094120067145,0.002621467303987267
7.235,2.7106674191293556,757.7396847683284,0.20906874983543147,0.0006987870637632077,148.58874913000628,2.105664148305717,0.002617988371238469
7.24,2.710980746215417,757.7395289786646,0.20907117957712515,0.0006970426180838532,148.59046166071266,2.102523679048351,0.002614513511313205
7.245,2.7112857441600244,757.7393640575168,0.20907360284837023,0.0006953027186656873,148.59216760937514,2.0993879911969415,0.00261104272118307
7.25,2.7115824008827976,757.7391900113307,0.20907601968400558,0.000693567340534187,148.59386700230087,2.0962570717615288,0.0026075759978100746
7.255,2.7118707047119646,757.7390068469988,0.20907843011858201,0.0006918364589211033,148.5955598656837,2.093130907829789,0.0026041133381407722
7.26,2.7121506442260888,757.7388145716875,0.20908083418647455,0.0006901100491839945,148.5972462256487,2.0900094865367875,0.0026006547391123312
7.265000000000001,2.712422208413471,757.7386131930099,0.20908323192177256,0.0006883880868849268,148.5989261082093,2.0868927950946943,0.002597200197646782
7.2700000000000005,2.712685386513422,757.7384027188525,0.2090856233583912,0.0006866705477106981,148.60059953931128,2.083780820762745,0.002593749710656971
7.275,2.7129401681760537,757.7381831575476,0.20908800852996257,0.0006849574075508621,148.6022665447903,2.0806735508767518,0.002590303275040924
7.28,2.7131865433031246,757.7379545177002,0.20909038746994596,0.000683248642418635,148.60392715041544,2.0775709728192684,0.002586860887687675
7.285,2.7134245022081913,757.7377168083608,0.20909276021152007,0.0006815442285282529,148.60558138184737,2.0744730740489032,0.0025834225454717573
7.29,2.7136540354570555,757.7374700388516,0.20909512678769243,0.0006798441422165538,148.60722926468102,2.071379842070685,0.002579988245258904
7.295,2.713875134028248,757.7372142189395,0.2090974872311923,0.0006781483600196724,148.60887082440462,2.0682912644651763,0.002576557983900659
7.3,2.7140877891531012,757.7369493586627,0.2090998415745794,0.0006764568585952944,148.6105060864416,2.0652073288590422,0.002573131758239958
7.305,2.7142919924765465,757.7366754685031,0.20910218985013754,0.0006747696147986923,148.61213507611026,2.062128022953965,0.002569709565105857
7.3100000000000005,2.7144877358968325,757.7363925592133,0.20910453208998236,0.0006730866056056463,148.61375781866514,2.059053334497413,0.0025662914013189907
7.315,2.71467501172661,757.7361006419884,0.2091068683259562,0.0006714078081878289,148.61537433925702,2.0559832513113583,0.0025628772636864233
7.32,2.7148538125323234,757.7357997282937,0.20910919858973473,0.0006697331998363856,148.61698466297398,2.052917761263246,0.002559467149006983
7.325,2.715024131295557,757.7354898300358,0.20911152291272259,0.0006680627580366712,148.61858881480194,2.0498568522945138,0.0025560610540662303
7.33,2.7151859612521236,757.735170959391,0.20911384132615915,0.0006663964603924881,148.6201868196648,2.046800512391761,0.0025526589756416744
7.335,2.715339296053649,757.7348431289753,0.20911615386101534,0.0006647342847001799,148.621778702386,2.043748729615074,0.0025492609104978566
7.34,2.7154841296063834,757.7345063516741,0.20911846054809816,0.00066307620887352,148.6233644877278,2.0407014920693904,0.0025458668553914516
7.345,2.715620456232998,757.7341606408113,0.20912076141794847,0.0006614222110171677,148.62494420035335,2.0376587879326324,0.002542476807066461
7.3500000000000005,2.7157482705111424,757.7338060099788,0.20912305650094476,0.0006597722693522024,148.62651786486578,2.034620605427266,0.002539090762259201
7.355,2.715867567435427,757.7334424732063,0.20912534582720163,0.0006581263622889494,148.62808550577034,2.031586932848242,0.0025357087176936105
7.36,2.7159783422557586,757.7330700447907,0.20912762942667287,0.0006564844683531514,148.62964714751303,2.0285577585347507,0.0025323306700861204
7.365,2.71608059063948,757.7326887394647,0.20912990732905057,0.0006548465662581686,148.63120281444355,2.0255330708979704,0.0025289566161410732
7.37,2.716174308509502,757.7322985722278,0.2091321795638674,0.0006532126348317863,148.63275253085322,2.0225128583930165,0.0025255865525554834
7.375,2.7162594922065826,757.731899558514,0.20913444616039684,0.0006515826530877922,148.63429632093838,2.019497109546499,0.002522220476014564
7.38,2.7163361383272835,757.7314917140228,0.20913670714775415,0.0006499566001534137,148.6358342088378,2.0164858129286647,0.002518858383196374
7.385,2.716404243886356,757.7310750548869,0.20913896255479772,0.0006483344553402783,148.63736621859655,2.0134789571807654,0.002515500270767458
7.390000000000001,2.71646380615455,757.7306495975034,0.20914121241022923,0.0006467161980724762,148.63889237420315,2.010476530987392,0.0025121461353873765
7.3950000000000005,2.71651482282108,757.730215358701,0.20914345674249568,0.0006451018079569094,148.64041269955365,2.007478523103655,0.00250879597370446
7.4,2.7165572918313146,757.7297723555722,0.20914569557988874,0.0006434912647119731,148.6419272184882,2.0044849223277046,0.0025054497823602277
7.405,2.716591211549298,757.7293206056389,0.20914792895044768,0.0006418845482372967,148.64343595475597,2.0014957175277304,0.002502107557985243
7.41,2.7166165805953417,757.728860126686,0.2091501568820578,0.0006402816385430426,148.644938932051,1.9985108976146677,0.0024987692972034303
7.415,2.716633398008578,757.7283909369263,0.20915237940235418,0.0006386825158190438,148.6464361739775,1.9955304515690104,0.002495434996628034
7.42,2.716641663084479,757.7279130548341,0.20915459653881935,0.0006370871603647121,148.64792770408536,1.9925543684137075,0.002492104652865828
7.425,2.7166413755374164,757.7274264993101,0.2091568083186879,0.0006354955526575791,148.649413545836,1.989582637240789,0.002488778262513178
7.43,2.716632535338134,757.7269312895153,0.20915901476904317,0.0006339076732838089,148.65089372263714,1.986615247184451,0.0024854558221601443
7.4350000000000005,2.7166151428762886,757.726427445035,0.20916121591672263,0.0006323235030061466,148.65236825780926,1.9836521874474973,0.0024821373283866505
7.44,2.716589198797901,757.7259149857142,0.20916341178841397,0.0006307430226950319,148.6538371746199,1.9806934472746105,0.0024788227777664804
7.445,2.7165547041678524,757.7253939318198,0.20916560241056123,0.0006291662133959587,148.65530049625048,1.9777390159786112,0.0024755121668635456
7.45,2.716511660307336,757.7248643038772,0.20916778780945994,0.0006275930562611836,148.65675824583033,1.9747888829139117,0.002472205492235781
7.455,2.7164600689562883,757.724326122832,0.2091699680111641,0.0006260235326165044,148.65821044640379,1.9718430375025977,0.002468902750431514
7.46,2.7163999321108707,757.7237794098869,0.2091721430415806,0.0006244576238935569,148.6596571209637,1.9689014692080606,0.0024656039379932562
7.465,2.7163312521857983,757.7232241866626,0.20917431292637695,0.0006228953116960156,148.6610982924191,1.965964167560904,0.0024623090514541736
7.47,2.716254031851883,757.7226604750357,0.20917647769107475,0.0006213365777324774,148.66253398362826,1.9630311221327543,0.0024590180873417748
7.4750000000000005,2.7161682741982403,757.722088297299,0.20917863736095846,0.0006197814038820865,148.66396421736678,1.9601023225619894,0.0024557310421744805
7.48,2.716073982569911,757.7215076759994,0.20918079196116793,0.0006182297721280006,148.66538901636008,1.9571777585277317,0.0024524479124652136
7.485,2.7159711607299215,757.7209186340981,0.2091829415166079,0.0006166816646224454,148.66680840325196,1.9542574197753975,0.002449168694718064
7.49,2.715859812697013,757.7203211948088,0.20918508605203986,0.0006151370636207576,148.66822240063678,1.9513412960908676,0.0024458933854317783
7.495,2.7157399429075295,757.7197153817573,0.20918722559199232,0.0006135959515458748,148.6696310310284,1.948429377325865,0.002442621981096524
7.5,2.715611556053279,757.7191012188207,0.2091893601608517,0.0006120583109229501,148.6710343168917,1.9455216533723,0.0024393544781972807
7.505,2.715474657243221,757.7184787302858,0.2091914897827736,0.0006105241244432814,148.6724322806122,1.9426181141874752,0.002436090873210698
7.51,2.7153292518414895,757.7178479406891,0.20919361448177282,0.0006089933748994929,148.6738249445271,1.9397187497686048,0.0024328311626083884
7.515000000000001,2.7151753456288548,757.7172088749744,0.20919573428163538,0.0006074660452489092,148.67521233089514,1.9368235501778472,0.0024295753428538844
7.5200000000000005,2.7150129446409283,757.7165615583341,0.20919784920600776,0.0006059421185492998,148.67659446192744,1.933932505517002,0.002426323410405833
7.525,2.714842055329376,757.7159060163649,0.2091999592783097,0.0006044215780216995,148.67797135975758,1.9310456059523666,0.002423075361715044
7.53,2.714662684400337,757.7152422749108,0.20920206452182266,0.0006029044069867128,148.67934304647216,1.928162841689607,0.0024198311932275905
7.535,2.714474838975355,757.7145703602179,0.20920416495960342,0.000601390588926787,148.68070954408114,1.9252842029984478,0.002416590901381952
7.54,2.7142785264300335,757.7138902987774,0.2092062606145717,0.0005998801074230701,148.68207087454812,1.922409680187712,0.002413354482612018
7.545,2.714073754554671,757.7132021174806,0.20920835150942454,0.0005983729462171398,148.68342705976102,1.9195392636298414,0.0024101219333443253
7.55,2.7138605313931734,757.7125058434622,0.2092104376667232,0.0005968690891484123,148.6847781215619,1.9166729437361094,0.0024068932500009655
7.555,2.713638865403362,757.7118015042539,0.20921251910880828,0.0005953685202153315,148.68612408171805,1.9138107109809717,0.0024036684289969147
7.5600000000000005,2.713408765296174,757.7110891276295,0.2092145958578857,0.0005938712235133238,148.68746496195152,1.9109525558774492,0.0024004474667428475
7.565,2.713170240195619,757.7103687417572,0.20921666793594285,0.0005923771832954511,148.6888007839104,1.9080984690013132,0.0023972303596425594
7.57,2.7129232994782897,757.7096403750454,0.2092187353648336,0.0005908863839109083,148.69013156919812,1.9052484409666341,0.002394017104095687
7.575,2.712667952932943,757.7089040562944,0.20922079816619524,0.0005893988098651429,148.69145733934505,1.9024024624498022,0.0023908076964952157
7.58,2.7124042106003476,757.7081598145426,0.20922285636153287,0.0005879144457588924,148.69277811583723,1.8995605241652447,0.002387602133230117
7.585,2.7121320829324604,757.7074076792175,0.2092249099721368,0.0005864332763477747,148.69409392008868,1.8967226168892797,0.002384400410682941
7.59,2.71185158063264,757.7066476799833,0.20922695901916646,0.0005849552864818598,148.69540477346953,1.8938887314360022,0.0023812025252323604
7.595,2.711562714814395,757.7058798468904,0.20922900352356846,0.0005834804611647354,148.6967106972787,1.891058858680972,0.002378008473250855
7.6000000000000005,2.711265496841983,757.7051042102237,0.2092310435061596,0.0005820087854936096,148.69801171277172,1.8882329895372647,0.0023748182511071666
7.605,2.710959938488709,757.7043208006513,0.20923307898754584,0.0005805402447178553,148.69930784113365,1.8854111149789998,0.002371631855164067
7.61,2.7106460517779354,757.7035296490745,0.2092351099882046,0.0005790748241796397,148.70059910350676,1.882593226017554,0.002368449281780726
7.615,2.710323849140903,757.7027307867746,0.2092371365284044,0.0005776125093719505,148.70188552096343,1.8797793137249252,0.002365270527310565
7.62,2.7099933432581826,757.7019242452641,0.2092391586282862,0.0005761532858797492,148.70316711453393,1.8769693692101135,0.002362095588103541
7.625,2.709654547216988,757.701110056432,0.20924117630778408,0.000574697139437483,148.70444390517923,1.8741633836423224,0.0023589244605040794
7.63,2.7093074743530927,757.7002882523975,0.20924318958670585,0.0005732440558707589,148.70571591381864,1.8713613482275004,0.002355757140853275
7.635,2.7089521384076183,757.6994588656527,0.20924519848465414,0.0005717940211533427,148.70698316130301,1.868563254231385,0.0023525936254869097
7.640000000000001,2.708588553369437,757.6986219289178,0.20924720302110653,0.0005703470213493502,148.7082456684419,1.8657690929562036,0.0023494339107375645
7.6450000000000005,2.7082167336314082,757.6977774752829,0.20924920321533738,0.0005689030426697398,148.7095034559771,1.86297885576356,0.002346277992932724
7.65,2.7078366938332925,757.6969255380641,0.20925119908649709,0.000567462071415015,148.71075654460952,1.8601925340512953,0.0023431258683968012
7.655,2.7074484490174133,757.6960661509445,0.20925319065353468,0.0005660240940312127,148.71200495497305,1.8574101192762134,0.002339977533449325
7.66,2.707052014472109,757.6951993478308,0.20925517793527643,0.0005645890970531164,148.71324870766108,1.854631602931106,0.002336832984406883
7.665,2.7066474058867924,757.6943251629932,0.2092571609503491,0.0005631570671597421,148.7144878232006,1.8518569765673185,0.0023336922175813857
7.67,2.706234639195965,757.6934436309241,0.20925913971725774,0.0005617279911180584,148.71572232207853,1.8490862317719325,0.0023305552292819326
7.675,2.705813730733651,757.6925547864757,0.20926111425430982,0.0005603018558379739,148.716952224716,1.8463193601901764,0.0023274220158131524
7.68,2.705384697077998,757.6916586647201,0.20926308457969223,0.0005588786483165608,148.71817755149453,1.843556353502767,0.0023242925734769885
7.6850000000000005,2.704947555205064,757.6907553010861,0.2092650507113961,0.0005574583556925461,148.71939832273046,1.840797203448161,0.0023211668985711194
7.69,2.704502322334026,757.68984473122,0.20926701266729308,0.000556040965191037,148.7206145587007,1.8380419018000573,0.002318044987390663
7.695,2.704049016080292,757.6889269911214,0.2092689704650609,0.0005546264641775178,148.7218262796179,1.8352904403894903,0.002314926836226675
7.7,2.70358765430135,757.6880021170056,0.209270924122259,0.0005532148401030729,148.7230335056554,1.8325428110824893,0.002311812441367772
7.705,2.7031182552491777,757.6870701454371,0.20927287365625463,0.0005518060805578953,148.7242362569229,1.8297990058020188,0.0023087017990987115
7.71,2.7026408374167525,757.6861311131943,0.20927481908429785,0.0005504001732170022,148.72543455349128,1.8270590165057925,0.0023055949057019325
7.715,2.7021554196897406,757.6851850574012,0.20927676042344837,0.0005489971058932572,148.7266284153681,1.8243228352080587,0.0023024917574562117
7.72,2.7016620211936893,757.684232015393,0.2092786976906498,0.0005475968664835779,148.7278178625227,1.821590453957571,0.002299392350638131
7.7250000000000005,2.7011606614449692,757.6832720248474,0.2092806309026572,0.0005461994430214722,148.72900291486144,1.818861864859219,0.002296296681520803
7.73,2.7006513601986786,757.6823051236508,0.2092825600761107,0.0005448048236237365,148.7301835922528,1.8161370600521554,0.002293204746375266
7.735,2.7001341375988117,757.6813313500285,0.20928448522746357,0.0005434129965425084,148.73135991450297,1.8134160317312717,0.002290116541469282
7.74,2.699609014026896,757.6803507424121,0.20928640637305523,0.0005420239501124519,148.73253190138038,1.8106987721254788,0.0022870320630686567
7.745,2.699076010251368,757.6793633395685,0.20928832352904012,0.0005406376728023308,148.73369957259175,1.8079852735190332,0.0022839513074361106
7.75,2.698535147276968,757.6783691804682,0.20929023671145977,0.0005392541531626765,148.73486294780636,1.8052755282299684,0.002280874270832524
7.755,2.6979864464932963,757.6773683044134,0.2092921459361726,0.0005378733798768855,148.73602204663229,1.80256952863127,0.0022778009495158812
7.76,2.697429929524987,757.676360750908,0.20929405121892525,0.0005364953417093669,148.73717688864036,1.7998672671294604,0.0022747313397424424
7.765000000000001,2.696865618379425,757.6753465597831,0.20929595257528286,0.0005351200275561663,148.7383274933407,1.7971687361856212,0.002271665437765757
7.7700000000000005,2.696293535297724,757.6743257710692,0.20929785002069995,0.000533747426393592,148.7394738802066,1.7944739282941329,0.0022686032398377656
7.775,2.6957137029015823,757.6732984251204,0.20929974357045128,0.000532377527328365,148.7406160686509,1.7917828360035433,0.002265544742207883
7.78,2.695126144045079,757.6722645624876,0.20930163323970205,0.0005310103195467217,148.74175407804995,1.7890954518954585,0.0022624899411240237
7.785,2.6945308819606497,757.6712242240412,0.2093035190434395,0.000529645792364095,148.74288792772018,1.7864117686052643,0.002259438832831762
7.79,2.6939279401117346,757.6701774508463,0.20930540099654224,0.0005282839351746897,148.74401763694163,1.7837317788011668,0.0022563914135752838
7.795,2.6933173423378385,757.6691242842829,0.20930727911371275,0.0005269247375006953,148.74514322493494,1.7810554752047627,0.0022533476795966135
7.8,2.692699112708054,757.6680647659238,0.20930915340954595,0.0005255681889423334,148.74626471088456,1.7783828505702317,0.002250307627136497
7.805000000000001,2.69207327566519,757.6669989376525,0.20931102389846232,0.0005242142792266042,148.7473821139159,1.7757138977047568,0.0022472712524336962
7.8100000000000005,2.691439855880195,757.6659268415425,0.20931289059477579,0.000522862998157804,148.74849545311858,1.7730486094478681,0.0022442385517258048
7.815,2.6907988783953214,757.6648485199743,0.20931475351262763,0.0005215143356658065,148.7496047475234,1.7703869786917121,0.0022412095212486073
7.82,2.6901503684794745,757.6637640155153,0.20931661266605361,0.0005201682817570475,148.75071001612557,1.7677289983605453,0.0022381841572368254
7.825,2.689494351770398,757.6626733710364,0.20931846806891855,0.0005188248265623449,148.75181127786203,1.765074661430857,0.0022351624559235495
7.83,2.6888308541309636,757.6615766295924,0.20932031973498275,0.0005174839602883486,148.75290855163425,1.7624239609110106,0.00223214441354091
7.835,2.688159901790357,757.6604738345374,0.20932216767783723,0.0005161456732648996,148.7540018562857,1.7597768898612174,0.0022291300263195773
7.84,2.687481521201333,757.6593650294068,0.20932401191096978,0.0005148099558969431,148.75509121062467,1.7571334413733282,0.002226119290489369
7.845,2.6867957391803787,757.6582502580311,0.20932585244770033,0.0005134767987114294,148.7561766334018,1.7544936085906582,0.002223112202278811
7.8500000000000005,2.6861025827659537,757.6571295644198,0.20932768930124668,0.0005121461923096878,148.7572581433327,1.7518573846879273,0.0022201087579156783
7.855,2.6854020793576097,757.6560029928727,0.20932952248466055,0.0005108181274138724,148.7583357590757,1.7492247628909383,0.002217108953626624
7.86,2.684694256575243,757.654870587866,0.20933135201089248,0.0005094925948197932,148.7594094992543,1.7465957364566638,0.002214112785637652
7.865,2.683979142397145,757.653732394162,0.20933317789272862,0.0005081695854429071,148.7604793824349,1.7439702986927763,0.0022111202501738088
7.87,2.6832567650202868,757.6525884566968,0.20933500014285497,0.0005068490902716084,148.76154542714937,1.7413484429378858,0.0022081313434595923
7.875,2.6825271529972783,757.6514388206879,0.2093368187737949,0.0005055311004127646,148.7626076518728,1.7387301625809204,0.0022051460617187064
7.88,2.6817903350977135,757.6502835315241,0.2093386337979725,0.0005042156070454634,148.76366607504576,1.7361154510415124,0.002202164401174408
7.885,2.6810463404440164,757.6491226348712,0.20934044522765097,0.0005029026014660963,148.76472071505245,1.7335043017892315,0.00219918635804932
7.890000000000001,2.6802951983738574,757.6479561765634,0.20934225307499535,0.0005015920750425602,148.76577159024274,1.7308967083241182,0.0021962119285657143
7.8950000000000005,2.6795369385748744,757.6467842027075,0.20934405735201125,0.0005002840192588907,148.76681871891026,1.7282926641957708,0.0021932411089453925
7.9,2.678771590948185,757.6456067595758,0.20934585807060732,0.0004989784256699157,148.76786211931457,1.7256921629840256,0.0021902738954099003
7.905,2.6779991857419505,757.6444238937089,0.20934765524253438,0.0004976752859454391,148.7689018096592,1.7230951983178955,0.0021873102841804683
7.91,2.6772197534160145,757.6432356518101,0.2093494488794472,0.0004963745918253477,148.76993780811375,1.7205017638564,0.00218435027147817
7.915,2.6764333247742864,757.642042080846,0.20935123899284452,0.0004950763351633446,148.77097013279206,1.7179118533073559,0.002181393853523918
7.92,2.675639930830524,757.6408432279434,0.20935302559413,0.0004937805078825076,148.77199880177415,1.7153254604083534,0.0021784410265385627
7.925,2.6748396029395214,757.6396391404879,0.20935480869455284,0.0004924871020185752,148.77302383308455,1.7127425789454014,0.0021754917867429463
7.930000000000001,2.6740323726640525,757.6384298660225,0.2093565883052683,0.0004911961096759536,148.774045244714,1.7101632027340492,0.002172546130357942
7.9350000000000005,2.6732182719048465,757.6372154523441,0.2093583644372787,0.0004899075230705576,148.77506305459804,1.7075873256378868,0.0021696040536045677
7.94,2.6723973327687087,757.6359959474039,0.20936013710149345,0.0004886213344862645,148.77607728063853,1.7050149415498126,0.0021666655527039637
7.945,2.671569587697263,757.6347713994027,0.20936190630867077,0.00048733753631730926,148.77708794068232,1.7024460444103848,0.0021637306238775633
7.95,2.670735069336281,757.6335418566927,0.2093636720694768,0.00048605612102518733,148.77809505254277,1.6998806281892396,0.0021607992633470136
7.955,2.669893810663157,757.6323073678707,0.20936543439442826,0.0004847770811806041,148.77909863397824,1.6973186869032941,0.002157871467334403
7.96,2.669045844857469,757.6310679816823,0.2093671932939507,0.00048350040942082357,148.78009870271387,1.694760214598311,0.002154947232062124
7.965,2.668191205427178,757.6298237471129,0.2093689487783219,0.0004822260984911748,148.78109527641993,1.6922052053669543,0.002152026553753153
7.97,2.667329926080431,757.6285747132935,0.20937070085772955,0.00048095414120284517,148.78208837273354,1.6896536533305027,0.002149109428630862
7.9750000000000005,2.6664620408504627,757.6273209295899,0.20937244954221512,0.00047968453047394415,148.7830780092372,1.6871055526567567,0.002146195852919349
7.98,2.665587583968664,757.6260624455111,0.20937419484173095,0.0004784172592877413,148.7840642034802,1.6845608975418997,0.002143285822843195
7.985,2.664706589988171,757.624799310796,0.20937593676608482,0.00047715232073328715,148.7850469729575,1.6820196822282583,0.00214037933462785
7.99,2.6638190936582147,757.6235315753231,0.20937767532499643,0.0004758897079640941,148.78602633513094,1.6794819009863076,0.0021374763844993314
7.995,2.6629251300463728,757.6222592891963,0.20937941052804251,0.0004746294142383173,148.78700230740807,1.6769475481322877,0.0021345769686846655
8.0,2.6620247344142296,757.6209825026566,0.20938114238471262,0.00047337143287787736,148.78797490716343,1.6744166180103566,0.002131681083411532
8.005,2.6611179423382687,757.6197012661647,0.209382870904355,0.00047211575730819993,148.7889441517175,1.671889105010055,0.0021287887249087562
8.01,2.6602047895868592,757.6184156303153,0.2093845960962318,0.0004708623810177818,148.78991005835775,1.6693650035486112,0.002125899889405902
8.015,2.659285312239772,757.6171256459187,0.2093863179694654,0.00046961129759748776,148.79087264431772,1.6668443080882542,0.0021230145731338133
8.02,2.6583595465665124,757.6158313639153,0.2093880365330931,0.00046836250070056,148.791831926798,1.6643270131186694,0.002120132772324156
8.025,2.657427529144442,757.6145328354565,0.20938975179601393,0.00046711598408147445,148.79278792294537,1.6618131131741614,0.0021172544832100105
8.03,2.656489296738474,757.6132301118208,0.20939146376704293,0.00046587174155639086,148.79374064987374,1.659302602816259,0.0021143797020253593
8.035,2.6555448864177853,757.6119232444925,0.2093931724548585,0.0004646297670415697,148.7946901246433,1.6567954766507291,0.0021115084250057322
8.040000000000001,2.654594335436892,757.6106122850799,0.20939487786805597,0.0004633900545142616,148.79563636428142,1.6542917293103288,0.0021086406483876415
8.045,2.653637681350932,757.6092972853919,0.2093965800150957,0.00046215259805068814,148.79657938576187,1.651791355471675,0.0021057763684092794
8.05,2.6526749618981413,757.6079782973587,0.20939827890435586,0.00046091739178736625,148.79751920602567,1.6492943498381356,0.0021029155813098947
8.055,2.651706215113689,757.6066553731057,0.20939997454408135,0.00045968442995865426,148.79845584196025,1.6468007071565611,0.0021000582833305484
8.06,2.650731479213572,757.6053285648766,0.20940166694243584,0.00045845370685851383,148.79938931042037,1.6443104222003169,0.0020972044707134345
8.065,2.6497507927069823,757.6039979251051,0.20940335610745126,0.00045722521687761815,148.80031962820735,1.6418234897858688,0.002094354139702686
8.07,2.6487641942816427,757.60266350634,0.20940504204707944,0.00045599895446555216,148.8012468120898,1.639339904755963,0.0020915072865436467
8.075,2.64777172291469,757.6013253613152,0.20940672476914193,0.000454774914167483,148.80217087878296,1.6368596619960631,0.0020886639074837233
8.08,2.646773417759464,757.5999835428762,0.20940840428138116,0.00045355309058679874,148.8030918449695,1.6343827564176778,0.0020858239987716085
8.085,2.6457693182548883,757.5986381040484,0.20941008059141106,0.00045233347842134016,148.8040097272786,1.631909182974648,0.00208298755665818
8.09,2.6447594640137386,757.5972890979662,0.20941175370676715,0.00045111607242647996,148.80492454230708,1.6294389366466286,0.002080154577395682
8.095,2.6437438949304983,757.5959365779379,0.2094134236348582,0.0004499008674509128,148.80583630659825,1.6269720124552165,0.002077325057238656
8.1,2.642722651071121,757.594580597378,0.20941509038301565,0.00044868785840017627,148.80674503666307,1.6245084054475893,0.002074498992443088
8.105,2.6416957727793515,757.5932212098701,0.20941675395844556,0.00044747704027200117,148.80765074895908,1.6220481107124805,0.0020716763792673815
8.11,2.640663300567996,757.5918584690997,0.20941841436827774,0.00044626840812027124,148.80855345991145,1.6195911233639682,0.002068857213971454
8.115,2.6396252752236875,757.590492428917,0.20942007161951828,0.00044506195708993504,148.809453185892,1.6171374385572987,0.0020660414928177604
8.120000000000001,2.638581737699687,757.5891231432707,0.20942172571909787,0.00044385768238140337,148.81034994324023,1.614687051472826,0.002063229212070338
8.125,2.6375327292190787,757.5877506662686,0.20942337667382518,0.0004426555792850255,148.8112437482423,1.612239957331688,0.0020604203679958815
8.13,2.636478291169109,757.5863750521141,0.20942502449043443,0.00044145564314592014,148.81213461715203,1.6097961513798866,0.002057614956862733
8.135,2.635418465202803,757.5849963551643,0.20942666917553937,0.0004402578693980177,148.8130225661699,1.6073556289038229,0.0020548129749420082
8.14,2.6343532931348586,757.5836146298686,0.2094283107356803,0.0004390622535293274,148.81390761146417,1.604918385214524,0.0020520144185065398
8.145,2.633282817041663,757.5822299308245,0.20942994917727864,0.0004378687911155417,148.81478976914983,1.6024844156630238,0.002049219283832045
8.15,2.6322070791587637,757.5808423127189,0.2094315845066834,0.000436677477785741,148.8156690553094,1.6000537156247452,0.0020464275671960254
8.155,2.6311261219792645,757.5794518303813,0.2094332167301262,0.00043548830925556044,148.81654548597237,1.5976262805147265,0.002043639264878978
8.16,2.630039988152893,757.5780585387273,0.2094348458537672,0.00043430128129333205,148.81741907713575,1.5952021057721553,0.002040854373163252
8.165000000000001,2.6289487205827604,757.5766624928099,0.20943647188365097,0.0004331163897528132,148.81828984474342,1.5927811868754416,0.0020380728883342978
8.17,2.6278523623260406,757.5752637477644,0.2094380948257514,0.00043193363053976836,148.81915780470686,1.5903635193269072,0.0020352948066794875
8.175,2.626750956689075,757.5738623588585,0.2094397146859284,0.000430752999644255,148.82002297288446,1.587949098667699,0.002032520124489396
8.18,2.6256445471296836,757.5724583814389,0.2094413314699723,0.00042957449310764825,148.82088536510213,1.585537920462637,0.0020297488380565877
8.185,2.624533177350603,757.571051870979,0.20944294518356085,0.00042839810705448493,148.82174499713267,1.5831299803149708,0.0020269809436769333
8.19,2.6234168912034357,757.569642883028,0.20944455583230334,0.00042722383765992765,148.82260188471653,1.5807252738513817,0.0020242164376483578
8.195,2.622295732780411,757.5682314732563,0.20944616342169808,0.0004260516811811696,148.82345604354094,1.578323796736585,0.0020214553162721943
8.2,2.6211697463199894,757.5668176974071,0.2094477679571758,0.00042488163392533735,148.8243074892608,1.575925544658484,0.0020186975758518934
8.205,2.620038976296931,757.565401611339,0.2094493694440579,0.000423713692280456,148.8251562374778,1.5735305133426185,0.0020159432126944147
8.21,2.6189034673295684,757.5639832709799,0.20945096788759915,0.0004225478526837904,148.82600230376124,1.571138698537473,0.0020131922231088942
8.215,2.6177632642681696,757.5625627323677,0.20945256329294662,0.0004213841116523729,148.82684570362727,1.5687500960287728,0.0020104446034080827
8.22,2.6166184121038936,757.5611400516067,0.20945415566518175,0.00042022246575177963,148.82768645255956,1.5663647016249382,0.0020077003499069605
8.225,2.615468956055433,757.5597152849052,0.20945574500927974,0.0004190629116262215,148.8285245659887,1.5639825111712335,0.002004959458924223
8.23,2.6143149414796683,757.5582884885345,0.2094573313301512,0.00041790544596775897,148.82936005931273,1.5616035205353724,0.0020022219267808563
8.235,2.6131564139565775,757.5568597188648,0.20945891463260222,0.00041675006554595215,148.83019294787655,1.5592277256215104,0.0019994877498016555
8.24,2.6119934192016014,757.5554290323253,0.20946049492137514,0.00041559676717751575,148.83102324699266,1.556855122356006,0.0019967569243137637
8.245000000000001,2.6108260031488033,757.553996485439,0.20946207220110935,0.00041444554775552756,148.83185097192023,1.5544857067012567,0.001994029446648227
8.25,2.609654211864966,757.5525621347847,0.20946364647638155,0.0004132964042195261,148.832676137886,1.5521194746416183,0.001991305313138502
8.255,2.608478091630984,757.5511260370291,0.2094652177516671,0.000412149333584273,148.83349876006355,1.5497564221970759,0.001988584520122033
8.26,2.607297688857708,757.5496882488911,0.20946678603137955,0.0004110043329102961,148.8343188535938,1.547396545409329,0.0019858670639387346
8.265,2.606113050165558,757.5482488271724,0.20946835131983277,0.00040986139933220725,148.83513643356457,1.545039840355299,0.0019831529409325994
8.27,2.6049242223021207,757.5468078287232,0.2094699136212798,0.00040872053002968724,148.83595151503107,1.5426863031333722,0.0019804421474501448
8.275,2.603731252219979,757.545365310471,0.20947147293987553,0.00040758172225536095,148.83676411299524,1.5403359298767496,0.001977734679842055
8.28,2.602534186996076,757.5439213293885,0.20947302927971512,0.0004064449733062244,148.83757424242646,1.537988716739847,0.001975030534461593
8.285,2.601333073907742,757.5424759425198,0.2094745826447971,0.00040531028055107633,148.8383819182408,1.5356446599114857,0.001972329707666276
8.290000000000001,2.600127960353843,757.541029206951,0.2094761330390612,0.0004041776414023872,148.83918715532172,1.5333037556014497,0.001969632195816252
8.295,2.598918893928994,757.5395811798339,0.2094776804663522,0.0004030470533432892,148.83998996849942,1.530966000053521,0.001966937995276011
8.3,2.5977059223464933,757.5381319183592,0.20947922493045706,0.0004019185138998844,148.8407903725714,1.5286313895321877,0.001964247102412721
8.305,2.596489093510726,757.5366814797773,0.2094807664350693,0.0004007920206677937,148.84158838228183,1.526299920335526,0.0019615595135979796
8.31,2.595268455441892,757.535229921374,0.20948230498382572,0.00039966757128490706,148.84238401234222,1.5239715887820644,0.00195887522520611
8.315,2.5940440563465783,757.5337773004896,0.2094838405802712,0.0003985451634574877,148.84317727741063,1.5216463912235056,0.00195619423361595
8.32,2.592815944544305,757.5323236744961,0.20948537322789487,0.00039742479493336627,148.84396819211256,1.5193243240317504,0.0019535165352091107
8.325,2.5915841685362486,757.5308691008141,0.20948690293009561,0.00039630646352759963,148.84475677101992,1.517005383611458,0.0019508421263717982
8.33,2.5903487769336198,757.529413636893,0.2094884296902175,0.00039519016709610975,148.84554302867207,1.5146895663872306,0.0019481710034930408
8.335,2.5891098185245247,757.5279573402247,0.20948995351151592,0.00039407590356089567,148.8463269795547,1.5123768688160097,0.0019455031629665386
8.34,2.587867342204187,757.5265002683266,0.20949147439719246,0.0003929636708841198,148.84710863812097,1.5100672873744279,0.0019428386011888662
8.345,2.58662139703994,757.5250424787533,0.2094929923503617,0.0003918534670928692,148.84788801877033,1.5077608185710323,0.0019401773145613398
8.35,2.5853720322033005,757.523584029081,0.2094945073740853,0.0003907452902536915,148.84866513586957,1.5054574589338072,0.0019375192994882016
8.355,2.584119297033079,757.5221249769176,0.2094960194713395,0.00038963913849690665,148.84944000373184,1.5031572050222297,0.0019348645523785087
8.36,2.582863240969319,757.5206653798889,0.20949752864504873,0.0003885350099915905,148.8502126366376,1.5008600534149559,0.0019322130696442894
8.365,2.5816039136145195,757.5192052956471,0.20949903489805355,0.0003874329029694377,148.85098304881356,1.4985660007217116,0.001929564847702461
8.370000000000001,2.5803413646694433,757.517744781859,0.2095005382331436,0.0003863328157001922,148.85175125445377,1.4962750435711416,0.0019269198829729543
8.375,2.5790756439924456,757.5162838962116,0.20950203865302633,0.0003852347465150637,148.85251726769846,1.4939871786225392,0.0019242781718806655
8.38,2.577806801537159,757.514822696403,0.20950353616035927,0.00038413869378260164,148.85328110265507,1.4917024025538514,0.0019216397108535416
8.385,2.5765348874099208,757.5133612401465,0.20950503075771937,0.00038304465593166654,148.85404277337736,1.489420712073251,0.0019190044963245682
8.39,2.575259951809347,757.5118995851626,0.20950652244763462,0.00038195263142775033,148.8548022938862,1.4871421039073016,0.001916372524729824
8.395,2.5739820450818436,757.5104377891813,0.20950801123255403,0.0003808626187954982,148.85555967814864,1.484866574812365,0.001913743792510493
8.4,2.572701217663083,757.5089759099366,0.20950949711487862,0.00037977461659547784,148.85631494009888,1.4825941215629317,0.001911118296110895
8.405,2.5714175201315905,757.5075140051658,0.2095109800969321,0.0003786886234462509,148.8570680936173,1.4803247409628597,0.0019084960319805209
8.41,2.5701310031521305,757.5060521326074,0.20951246018099112,0.0003776046380015919,148.8578191525514,1.4780584298338728,0.0019058769965720368
8.415000000000001,2.56884171752736,757.5045903499971,0.20951393736925664,0.00037652265897210807,148.85856813069472,1.4757951850266302,0.0019032611863433453
8.42,2.5675497141431354,757.5031287150684,0.20951541166388357,0.00037544268510291036,148.85931504180795,1.4735350034093948,0.0019006485977555666
8.425,2.5662550440182224,757.5016672855467,0.2095168830669527,0.0003743647151947782,148.8600598995978,1.4712778818789272,0.001898039227275114
8.43,2.564957758251534,757.500206119151,0.20951835158049986,0.0003732887480822846,148.86080271773798,1.4690238173493295,0.001895433071371661
8.435,2.5636579080698882,757.4987452735872,0.20951981720648824,0.0003722147826545072,148.86154350984836,1.4667728067627654,0.0018928301265202345
8.44,2.5623555447771853,757.4972848065511,0.20952127994683706,0.00037114281783360496,148.86228228951566,1.4645248470784742,0.001890230389199159
8.445,2.561050719800208,757.4958247757194,0.2095227398033946,0.00037007285259507667,148.86301907027274,1.4622799352833191,0.0018876338558921715
8.45,2.5597434846397418,757.4943652387558,0.2095241967779661,0.00036900488594678927,148.86375386561932,1.4600380683809713,0.0018850405230863426
8.455,2.5584338909144106,757.4929062532991,0.20952565087228753,0.0003679389169487834,148.86448668900107,1.4577992434022882,0.0018824503872742146
8.46,2.5571219903137536,757.4914478769715,0.20952710208805275,0.00036687494469275387,148.8652175538307,1.4555634573946652,0.0018798634449516964
8.465,2.5558078346400888,757.4899901673647,0.20952855042688795,0.0003658129683214033,148.86594647346672,1.4533307074322475,0.0018772796926202285
8.47,2.554491475763542,757.4885331820502,0.2095299958903782,0.00036475298700837155,148.86667346123463,1.4511009906054433,0.0018746991267846475
8.475,2.553172965661945,757.4870769785634,0.2095314384800426,0.00036369499997713963,148.86739853040575,1.4488743040309722,0.001872121743955379
8.48,2.5518523563778235,757.4856216144165,0.20953287819736008,0.00036263900648140997,148.8681216942183,1.4466506448415453,0.0018695475406462771
8.485,2.5505297000563116,757.4841671470792,0.2095343150437451,0.0003615850058235569,148.86884296585635,1.4444300101957417,0.0018669765133768382
8.49,2.549205048904118,757.482713633995,0.20953574902057306,0.00036053299733546025,148.86956235847077,1.4422123972678604,0.0018644086586700184
8.495000000000001,2.5478784552254448,757.4812611325594,0.20953718012915648,0.00035948298039650096,148.8702798851583,1.4399978032576228,0.001861843973054467
8.5,2.5465499713829383,757.4798097001378,0.2095386083707698,0.0003584349544148507,148.8709955589825,1.4377862253802007,0.0018592824530623278
8.505,2.5452196498316106,757.4783593940425,0.20954003374662616,0.0003573889188450085,148.8717093929526,1.4355776608757365,0.0018567240952314817
8.51,2.543887543081777,757.4769102715518,0.20954145625790166,0.0003563448731695488,148.87242140004474,1.4333721069995526,0.0018541688961033378
8.515,2.542553703730977,757.4754623898853,0.20954287590571272,0.0003553028169162012,148.87313159318072,1.4311695610314938,0.0018516168522250893
8.52,2.5412181844289012,757.4740158062253,0.2095442926911396,0.000354262749640053,148.8738399852491,1.4289700202663103,0.0018490679601474863
8.525,2.539881037907311,757.4725705776901,0.20954570661520464,0.00035322467094017415,148.87454658908422,1.426773482022824,0.0018465222164271095
8.53,2.53854231694696,757.471126761357,0.20954711767889492,0.0003521885804422746,148.87525141748708,1.4245799436344877,0.001843979617624125
8.535,2.537202074405502,757.4696844142335,0.2095485258831412,0.00035115447781487345,148.87595448320442,1.4223894024583748,0.0018414401603045734
8.540000000000001,2.535860363186419,757.4682435932826,0.20954993122884005,0.00035012236275241146,148.8766557989496,1.4202018558659122,0.0018389038410381068
8.545,2.534517236264915,757.4668043553925,0.20955133371683318,0.0003490922349909664,148.87735537738172,1.418017301251698,0.0018363706564002986
8.55,2.5331727466588423,757.4653667574031,0.2095527333479293,0.0003480640942918171,148.87805323112656,1.4158357360244016,0.0018338406029703542
8.555,2.5318269474525867,757.4639308560738,0.20955413012288376,0.00034703794045670683,148.87874937275544,1.4136571576154136,0.0018313136773334454
8.56,2.5304798917700047,757.4624967081128,0.2095555240424198,0.0003460137733118609,148.87944381480645,1.4114815634699165,0.0018287898760783996
8.565,2.52913163279628,757.4610643701416,0.2095569151072091,0.0003449915927227951,148.8801365697632,1.409308951055359,0.0018262691958000508
8.57,2.527782223752882,757.4596338987274,0.20955830331789213,0.00034397139857878867,148.88082765007601,1.4071393178527019,0.0018237516330969121
8.575000000000001,2.526431717917395,757.4582053503451,0.20955968867505936,0.0003429531908072365,148.88151706814074,1.4049726613647162,0.0018212371845735408
8.58,2.5250801686004976,757.4567787814123,0.20956107117927106,0.0003419369693585798,148.88220483631983,1.402808979107408,0.0018187258468381994
8.585,2.5237276291637603,757.4553542482481,0.2095624508310392,0.00034092273422019903,148.8828909669213,1.4006482686181305,0.0018162176165052257
8.59,2.5223741529986534,757.4539318071112,0.2095638276308464,0.0003399104854018042,148.88357547221992,1.3984905274471957,0.001813712490192689
8.595,2.521019793542308,757.4525115141566,0.20956520157912867,0.00033890022294887025,148.88425836443574,1.396335753165802,0.001811210464524767
8.6,2.519664604258553,757.4510934254749,0.20956657267629364,0.00033789194692848283,148.8849396557556,1.3941839433578258,0.0018087115361293893
8.605,2.5183086386516425,757.4496775970482,0.20956794092270387,0.0003368856574423193,148.88561935831174,1.39203509562757,0.001806215701640628
8.61,2.5169519502493216,757.4482640847903,0.20956930631869458,0.0003358813546129498,148.88629748420306,1.389889207591733,0.0018037229576963274
8.615,2.5155945926145193,757.4468529445011,0.20957066886455755,0.0003348790385963629,148.8869740454739,1.387746276886979,0.0018012333009405051
8.620000000000001,2.5142366193304433,757.4454442319089,0.2095720285605582,0.0003338787095687221,148.8876490541352,1.385606301162085,0.001798746728020969
8.625,2.5128780840102394,757.4440380026228,0.20957338540691997,0.00033288036773843836,148.88832252214334,1.3834692780853335,0.0017962632355917343
8.63,2.5115190402841168,757.4426343121771,0.2095747394038411,0.00033188401333337825,148.88899446142128,1.3813352053368322,0.0017937828203106183
8.635,2.510159541806971,757.4412332159809,0.20957609055147935,0.00033088964661248595,148.88966488383744,1.3792040806157349,0.001791305478841678
8.64,2.508799642247545,757.4398347693655,0.20957743884996827,0.000329897267853444,148.89033380122683,1.3770759016327356,0.0017888312078527897
8.645,2.5074393952940115,757.4384390275313,0.20957878429940255,0.0003289068773638425,148.89100122536985,1.3749506661171105,0.001786360004018094
8.65,2.5060788546451715,757.437046045598,0.20958012689985356,0.0003279184754692939,148.8916671680135,1.3728283718093917,0.0017838918640155682
8.655,2.504718074013996,757.435655878549,0.20958146665135555,0.00032693206252414905,148.89233164085013,1.3707090164682287,0.0017814267845294792
8.66,2.5033571071208667,757.4342685812834,0.2095828035539203,0.00032594763890006614,148.89299465553876,1.3685925978632423,0.0017789647622479443
8.665000000000001,2.5019960076950696,757.4328842085587,0.2095841376075241,0.0003249652049962739,148.8936562236837,1.3664791137817038,0.0017765057938653947
8.67,2.500634829470084,757.4315028150447,0.20958546881212176,0.00032398476122859544,148.89431635685594,1.3643685620215742,0.0017740498760801288
8.675,2.4992736261830277,757.4301244552646,0.2095867971676341,0.00032300630803925646,148.89497506657173,1.3622609403979935,0.0017715970055967752
8.68,2.497912451571991,757.4287491836503,0.2095881226739615,0.00032202984588636544,148.89563236431403,1.3601562467365094,0.001769147179123847
8.685,2.4965513593734374,757.4273770544819,0.20958944533097204,0.0003210553752532689,148.8962882615111,1.3580544788793811,0.001766700393376207
8.69,2.4951904033215833,757.4260081219448,0.20959076513851416,0.000320082896638484,148.89694276955774,1.3559556346789887,0.001764256645072614
8.695,2.493829637143753,757.4246424400675,0.2095920820964055,0.00031911241056460426,148.89759589979417,1.3538597120039573,0.0017618159309381964
8.700000000000001,2.4924691145618016,757.4232800627805,0.20959339620444528,0.0003181439175686828,148.89824766352723,1.3517667087327456,0.0017593782477019883
8.705,2.4911088892854325,757.4219210438519,0.20959470746240336,0.00031717741821069066,148.89889807200908,1.349676622759592,0.001756943592099413
8.71,2.489749015015655,757.4205654369487,0.20959601587003207,0.00031621291306434734,148.89954713645844,1.347589451988278,0.0017545119608698063
8.715,2.48838954543607,757.4192132955703,0.20959732142705606,0.00031525040272513427,148.90019486803945,1.3455051943379,0.0017520833507589117
8.72,2.487030534218362,757.417864673112,0.20959862413318336,0.00031428988780157356,148.9008412778828,1.3434238477368092,0.0017496577585163937
8.725,2.4856720350115493,757.4165196227957,0.2095999239880959,0.00031333136892279474,148.90148637706457,1.3413454101282032,0.0017472351808983386
8.73,2.4843141014495194,757.4151781977364,0.20960122099145995,0.0003123748467302621,148.90213017662742,1.3392698794642484,0.0017448156146647614
8.735,2.4829567871382356,757.4138404508707,0.2096025151429172,0.0003114203218848959,148.90277268755943,1.3371972537114882,0.0017423990565821122
8.74,2.4816001456653183,757.4125064350244,0.20960380644209467,0.00031046779505924704,148.90341392081515,1.3351275308451487,0.0017399855034207776
8.745000000000001,2.480244230585211,757.4111762028404,0.20960509488859633,0.00030951726694417394,148.9040538872947,1.3330607088543627,0.001737574951957589
8.75,2.4788890954308043,757.4098498068473,0.2096063804820124,0.00030856873824146503,148.90469259786468,1.330996785736662,0.001735167398973323
8.755,2.477534793696567,757.4085272993856,0.2096076632219117,0.00030762220967006925,148.90533006333712,1.3289357595030125,0.0017327628412552075
8.76,2.476181378852204,757.4072087326789,0.20960894310785017,0.000306677681959167,148.9059662944906,1.326877628172494,0.0017303612755944237
8.765,2.4748289043237617,757.405894158757,0.20961022013936378,0.00030573515585395795,148.90660130204924,1.3248223897771523,0.0017279626987886105
8.77,2.4734774235093187,757.4045836295296,0.20961149431597678,0.00030479463210917565,148.90723509670363,1.3227700423568596,0.0017255671076393656
8.775,2.4721269897580616,757.403277196708,0.20961276563719486,0.00030385611149443556,148.90786768908993,1.3207205839639855,0.0017231744989547506
8.78,2.470777656388009,757.4019749118803,0.2096140341025129,0.0003029195947881922,148.90849908981073,1.3186740126584404,0.0017207848695467895
8.785,2.4694294766630636,757.4006768264304,0.20961529971140885,0.0003019850827826489,148.90912930941428,1.3166303265121626,0.0017183982162339755
8.790000000000001,2.468082503812765,757.3993829916167,0.2096165624633507,0.0003010525762781554,148.9097583584153,1.3145895236043452,0.001716014535838766
8.795,2.4667367910073223,757.3980934584881,0.209617822357791,0.000300122076087683,148.91038624727403,1.312551602025744,0.0017136338251900938
8.8,2.4653923913793885,757.3968082779647,0.20961907939417335,0.0002991935830316578,148.91101298641738,1.3105165598740787,0.0017112560811208537
8.805,2.464049357997083,757.3955275007527,0.2096203335719274,0.00029826709794200505,148.91163858621766,1.3084843952581684,0.0017088813004704207
8.81,2.4627077438877825,757.3942511774259,0.2096215848904747,0.0002973426216574178,148.91226305701394,1.306455106293509,0.001706509480082132
8.815,2.4613676020091355,757.3929793583393,0.20962283334922446,0.0002964201550269695,148.9128864090907,1.3044286911062293,0.001704140616805806
8.82,2.4600289852748722,757.3917120937128,0.2096240789475787,0.00029549969890581783,148.91350865269908,1.3024051478288492,0.0017017747074952222
8.825000000000001,2.4586919465238055,757.3904494335424,0.20962532168492848,0.00029458125415838713,148.91412979803584,1.300384474604056,0.0016994117490106407
8.83,2.457356538547663,757.3891914276858,0.20962656156065862,0.0002936648216545071,148.91474985526432,1.2983666695806453,0.0016970517382162847
8.835,2.456022814058077,757.3879381257723,0.20962779857414457,0.00029275040227216386,148.91536883449342,1.2963517309171109,0.0016946946719828503
8.84,2.454690825716436,757.3866895772896,0.2096290327247564,0.00029183799689407383,148.9159867457988,1.2943396567777736,0.001692340547184999
8.845,2.4533606260988727,757.3854458314923,0.20963026401185617,0.00029092760641000735,148.91660359920164,1.292330445336188,0.00168998936070386
8.85,2.4520322677281166,757.3842069374906,0.2096314924348016,0.00029001923171379174,148.91721940468977,1.2903240947714518,0.0016876411094245256
8.855,2.450705803036497,757.3829729441561,0.20963271799294383,0.0002891128737052124,148.91783417219676,1.2883206032714332,0.0016852957902385502
8.86,2.449381284399794,757.3817439002139,0.20963394068563052,0.00028820853328744234,148.91844791162276,1.2863199690292613,0.001682953400041448
8.865,2.4480587640982527,757.3805198541456,0.20963516051220424,0.0002873062113685232,148.91906063281363,1.2843221902463735,0.0016806139357351884
8.870000000000001,2.4467382943524316,757.3793008542827,0.20963637747200492,0.00028640590885921845,148.91967234558192,1.2823272651291855,0.0016782773942256959
8.875,2.445419927282239,757.3780869487093,0.20963759156436895,0.0002855076266740788,148.92028305968586,1.2803351918919634,0.0016759437724253453
8.88,2.444103714944763,757.3768781853562,0.20963880278863087,0.00028461136572971354,148.92089278485042,1.2783459687536665,0.0016736130672504554
8.885,2.4427897092913438,757.3756746119016,0.20964001114412312,0.0002837171269454445,148.92150153074627,1.276359593940648,0.0016712852756237907
8.89,2.4414779622073826,757.3744762758682,0.2096412166301772,0.0002828249112419953,148.9221093070108,1.2743760656836731,0.001668960394472051
8.895,2.440168525467445,757.3732832245216,0.20964241924612395,0.00028193471954173345,148.9227161232272,1.2723953822204443,0.001666638420728372
8.9,2.438861450777051,757.3720955049685,0.20964361899129408,0.0002810465527677757,148.9233219889453,1.2704175417927959,0.0016643193513298186
8.905,2.437556789725818,757.3709131640537,0.20964481586501907,0.00028016041184382174,148.92392691366084,1.268442542649044,0.001662003183219877
8.91,2.4362545938312197,757.369736248461,0.20964600986663115,0.0002792762976936734,148.92453090683622,1.2664703830413584,0.0016596899133459566
8.915000000000001,2.4349549144897775,757.3685648046074,0.20964720099546474,0.00027839421124066163,148.9251339778797,1.2645010612279362,0.0016573795386618736
8.92,2.4336578030227853,757.3673988787461,0.20964838925085585,0.00027751415340757806,148.92573613616634,1.2625345754705537,0.001655072056125361
8.925,2.4323633106255516,757.3662385168591,0.209649574632144,0.00027663612511569696,148.92633739101697,1.2605709240365581,0.0016527674627005399
8.93,2.4310714884150846,757.3650837647615,0.20965075713867126,0.00027576012728511675,148.92693775171927,1.258610105196603,0.0016504657553554414
8.935,2.4297823873773967,757.3639346679929,0.20965193676978452,0.0002748861608333817,148.92753722750678,1.2566521172264629,0.0016481669310644674
8.94,2.4284960584171404,757.3627912719235,0.20965311352483404,0.00027401422667622824,148.92813582757984,1.2546969584049428,0.0016458709868059204
8.945,2.4272125523029793,757.3616536216433,0.20965428740317632,0.0002731443257258107,148.92873356108473,1.2527446270155218,0.0016435779195644556
8.950000000000001,2.42593191971917,757.3605217620701,0.20965545840417202,0.00027227645889184846,148.92933043713452,1.2507951213444364,0.001641287726328616
8.955,2.424654211209014,757.3593957378373,0.20965662652718942,0.00027141062707946185,148.92992646478825,1.2488484396821533,0.001639000404093283
8.96,2.4233794772283654,757.3582755934035,0.20965779177160174,0.00027054683119071265,148.93052165307176,1.2469045803216208,0.0016367159498572085
8.965,2.4221077680871805,757.3571613729382,0.20965895413679117,0.0002696850721220561,148.93111601095688,1.2449635415595777,0.001634434360625466
8.97,2.420839134004948,757.3560531204337,0.20966011362214568,0.0002688253507662732,148.93170954738235,1.2430253216949743,0.001632155633406986
8.975,2.4195736250503335,757.3549508795891,0.20966127022706352,0.000267967668009539,148.93230227123286,1.2410899190301106,0.0016298797652169986
8.98,2.418311291198528,757.353854693923,0.20966242395094956,0.0002671120247337448,148.9328941913599,1.2391573318692286,0.001627606753074578
8.985,2.4170521822690008,757.3527646066573,0.20966357479322015,0.0002662584218131866,148.9334853165612,1.237227558519484,0.0016253365940050752
8.99,2.415796347984753,757.3516806608304,0.2096647227532991,0.00026540686011727383,148.93407565560116,1.235300597289707,0.001623069285037671
8.995000000000001,2.41454383790819,757.3506028991796,0.20966586783062308,0.00026455734050684094,148.93466521719037,1.2333764464912063,0.0016208048232077977
9.0,2.413294701502276,757.3495313642568,0.2096670100246369,0.00026370986383724034,148.93525401000628,1.2314551044367026,0.001618543205554707
9.005,2.4120489880645226,757.348466098308,0.20966814933479952,0.0002628644309542794,148.93584204267245,1.2295365694409597,0.0016162844291238707
9.01,2.4108067467900423,757.3474071433913,0.2096692857605789,0.00026202104269769437,148.9364293237793,1.2276208398198931,0.0016140284909645676
9.015,2.4095680267036745,757.3463545412551,0.20967041930145833,0.00026117969989671865,148.93701586186347,1.225707913891032,0.0016117753881322702
9.02,2.408332876724909,757.3453083334573,0.20967154995693088,0.0002603404033739313,148.93760166542847,1.2237977899727965,0.0016095251176862408
9.025,2.4071013455981696,757.3442685612421,0.2096726777265062,0.0002595031539404623,148.938186742924,1.2218904663847947,0.0016072776766919079
9.03,2.405873481959602,757.3432352656605,0.20967380260970447,0.0002586679524002107,148.9387711027666,1.2199859414472665,0.0016050330622184726
9.035,2.404649334265516,757.3422084874456,0.20967492460606368,0.00025783479954469187,148.93935475331912,1.2180842134812189,0.0016027912713412736
9.040000000000001,2.403428950861032,757.3411882671356,0.2096760437151331,0.00025700369615762076,148.93993770291127,1.2161852808080322,0.001600552301139403
9.045,2.4022123799066946,757.3401746449463,0.20967715993648103,0.000256174643009407,148.940519959819,1.2142891417494386,0.001598316148698064
9.05,2.400999669448963,757.3391676608958,0.2096782732696878,0.00025534764086209604,148.94110153228522,1.2123957946272845,0.0015960828111061902
9.055,2.3997908673450135,757.3381673546769,0.20967938371435393,0.0002545226904635185,148.9416824284991,1.2105052377633572,0.0015938522854587974
9.06,2.398586021335058,757.3371737657815,0.20968049127009264,0.00025369979255258614,148.94226265661666,1.208617469479304,0.001591624568854612
9.065,2.397385178965344,757.3361869333725,0.20968159593653862,0.00025287894785309766,148.9428422247403,1.206732488096303,0.0015893996583984111
9.07,2.396188387662299,757.3352068964098,0.20968269771333997,0.00025206015707938614,148.94342114093936,1.2048502919351427,0.001587177551198661
9.075000000000001,2.3949956946537347,757.3342336935202,0.20968379660016734,0.0002512434209297859,148.94399941322948,1.2029708793157339,0.0015849582443698456
9.08,2.3938071470448055,757.3332673631254,0.2096848925967055,0.00025042874009262783,148.94457704959316,1.2010942485573535,0.00158274173503012
9.085,2.3926227917374274,757.3323079433102,0.209685985702663,0.00024961611523937005,148.94515405795937,1.1992203979779943,0.0015805280203036174
9.09,2.391442675508042,757.3313554719518,0.20968707591776312,0.00024880554703093753,148.94573044622396,1.1973493258947723,0.001578317097318125
9.095,2.390266844925265,757.3304099865869,0.20968816324175402,0.00024799703611052306,148.94630622222908,1.1954810306231205,0.0015761089632073705
9.1,2.3890953464294395,757.3294715245426,0.20968924767439936,0.0002471905831102637,148.94688139378394,1.193615510477353,0.0015739036151087144
9.105,2.387928226248528,757.3285401228014,0.2096903292154887,0.00024638618864371883,148.94745596864402,1.1917527637697065,0.0015717010501654206
9.11,2.386765530479439,757.3276158181345,0.20969140786482776,0.00024558385331287805,148.94802995453182,1.1898927888110586,0.0015695012655243634
9.115,2.385607305002182,757.3266986469645,0.20969248362224935,0.00024478357770032165,148.94860335911616,1.1880355839098216,0.0015673042583382829
9.120000000000001,2.384453595562953,757.3257886455004,0.209693556487603,0.0002439853623765542,148.94917619003292,1.1861811473728094,0.0015651100257635048
9.125,2.3833044476865637,757.3248858495996,0.20969462646076634,0.0002431892078918548,148.94974845486422,1.1843294775039892,0.0015629185649621861
9.13,2.3821599067612738,757.3239902949034,0.20969569354163448,0.00024239511478392806,148.95032016115925,1.1824805726054914,0.0015607298731000402
9.135,2.381020017949507,757.3231020166978,0.20969675773013166,0.00024160308356945166,148.95089131641356,1.1806344309762224,0.0015585439473485751
9.14,2.37988482627442,757.322221050051,0.20969781902620016,0.0002408131147520404,148.95146192808969,1.1787910509130204,0.0015563607848828305
9.145,2.378754376528918,757.3213474296724,0.20969887742981239,0.0002400252088134939,148.95203200359646,1.1769504307091236,0.0015541803828835994
9.15,2.377628713363943,757.320481190051,0.20969993294095954,0.00023923936622207006,148.9526015503098,1.1751125686554749,0.0015520027385351814
9.155,2.3765078811958085,757.3196223653146,0.20970098555966382,0.00023845558742343844,148.95317057555192,1.1732774630390461,0.0015498278490275882
9.16,2.375391924296193,757.3187709893676,0.20970203528596684,0.00023767387284925727,148.95373908661205,1.171445112144289,0.0015476557115543122
9.165000000000001,2.3742808866978016,757.3179270957502,0.2097030821199423,0.0002368942229078382,148.95430709072573,1.1696155142513194,0.0015454863233145145
9.17,2.3731748122860603,757.3170907177775,0.20970412606168373,0.0002361166379930224,148.9548745950956,1.167788667637512,0.0015433196815108135
9.175,2.3720737447031137,757.3162618883966,0.20970516711131781,0.0002353411184745604,148.95544160687047,1.165964570575544,0.0015411557833514486
9.18,2.370977727441202,757.3154406403282,0.20970620526899167,0.00023456766470728263,148.95600813316628,1.1641432213351344,0.0015389946260480928
9.185,2.3698868037450196,757.3146270059212,0.2097072405348864,0.00023379627702120202,148.95657418104526,1.1623246181809501,0.0015368362068179943
9.19,2.368801016706754,757.3138210172964,0.20970827290920416,0.0002330269557309704,148.95713975753662,1.1605087593744843,0.0015346805228818085
9.195,2.3677204091668185,757.3130227061994,0.20970930239218202,0.0002322597011257115,148.95770486961584,1.1586956431718294,0.0015325275714657201
9.200000000000001,2.366645023810543,757.3122321041462,0.20971032898407865,0.0002314945134787565,148.9582695242254,1.1568852678256922,0.0015303773497992918
9.205,2.365574903067297,757.3114492422745,0.20971135268518845,0.00023073139303721513,148.95883372825406,1.1550776315830371,0.001528229855117574
9.21,2.3645100892088107,757.3106741514902,0.20971237349582803,0.00022997034003198176,148.9593974885576,1.1532727326872318,0.001526085084658961
9.215,2.3634506242467093,757.3099068623179,0.2097133914163506,0.00022921135466705264,148.95996081193803,1.1514705693755662,0.0015239430356672912
9.22,2.362396550032449,757.3091474050487,0.20971440644713202,0.00022845443712979737,148.96052370516426,1.149671139881528,0.0015218037053897173
9.225,2.3613479081532756,757.3083958095897,0.2097154185885857,0.00022769958758002607,148.96108617495156,1.1478744424321965,0.0015196670910787883
9.23,2.360304740033764,757.3076521056124,0.20971642784114816,0.00022694680616052162,148.96164822798195,1.1460804752506464,0.0015175331899903383
9.235,2.359267086830213,757.3069163224012,0.20971743420529423,0.00022619609298586303,148.96220987088387,1.1442892365532196,0.0015154019993855485
9.24,2.358234989533774,757.3061884890035,0.20971843768152246,0.00022544744815321176,148.96277111025248,1.142500724552055,0.0015132735165288562
9.245000000000001,2.3572084888632996,757.3054686340768,0.2097194382703704,0.00022470087173089815,148.9633319526293,1.14071493745224,0.0015111477386899955
9.25,2.3561876253700462,757.3047567860393,0.20972043597239984,0.00022395636376945603,148.96389240452262,1.1389318734544676,0.001509024663141929
9.255,2.35517243932899,757.3040529729172,0.20972143078821237,0.0002232139242899767,148.96445247238694,1.137151530752061,0.0015069042871628617
9.26,2.354162970845087,757.3033572224957,0.2097224227184342,0.00022247355329538696,148.96501216264355,1.135373907533763,0.0015047866080341993
9.265,2.353159259743079,757.3026695621646,0.2097234117637322,0.00022173525075857854,148.96557148165996,1.133599001980639,0.0015026716230425387
9.27,2.3521613456752872,757.3019900190716,0.20972439792479822,0.00022099901663392028,148.96613043577042,1.131826812268988,0.001500559329477646
9.275,2.3511692680099303,757.3013186199664,0.2097253812023655,0.00022026485084517133,148.96668903125527,1.1300573365671316,0.0014984497246344267
9.28,2.350183065940436,757.3006553913547,0.20972636159719277,0.00021953275329722043,148.96724727436168,1.128290573038442,0.0014963428058109246
9.285,2.3492027783722813,757.3000003593417,0.20972733911008076,0.00021880272386379007,148.9678051712828,1.1265265198380214,0.0014942385703102707
9.290000000000001,2.3482284440338086,757.299353549787,0.20972831374185613,0.00021807476239939547,148.96836272817862,1.1247651751158436,0.0014921370154387015
9.295,2.347260101361612,757.2987149881474,0.20972928549338823,0.000217348868726848,148.968919951155,1.1230065370133273,0.0014900381385074908
9.3,2.346297788612834,757.2980846996323,0.20973025436557277,0.00021662504264942487,148.9694768462846,1.1212506036665861,0.0014879419368309804
9.305,2.345341543749115,757.297462709046,0.2097312203593487,0.00021590328393818005,148.970033419586,1.1194973732028999,0.0014858484077285
9.31,2.344391404550356,757.2968490409439,0.20973218347568184,0.0002151835923443189,148.97058967704444,1.1177468437440732,0.0014837575485224133
9.315,2.3434474084972496,757.2962437194735,0.20973314371558185,0.0002144659675863215,148.97114562459103,1.1159990134028037,0.0014816693565400186
9.32,2.3425095928864907,757.2956467685326,0.2097341010800855,0.00021375040936251642,148.97170126812352,1.114253880286148,0.001479583829111614
9.325000000000001,2.3415779947119035,757.2950582116084,0.20973505557027414,0.00021303691733802317,148.9722566134855,1.1125114424917886,0.0014775009635723776
9.33,2.3406526507810876,757.294478071937,0.20973600718725655,0.00021232549115751917,148.9728116664871,1.1107716981116078,0.0014754207572604573
9.335,2.3397335975951568,757.2939063723417,0.2097369559321866,0.0002116161304320065,148.9733664328842,1.1090346452278508,0.0014733432075188198
9.34,2.338820871466804,757.2933431353931,0.20973790180624605,0.00021090883475176605,148.9739209183993,1.107300281916808,0.0014712683116933727
9.345,2.33791450839867,757.2927883832473,0.2097388448106622,0.00021020360367295698,148.97447512870042,1.1055686062448802,0.001469196067134785
9.35,2.3370145442028027,757.2922421378059,0.2097397849466906,0.0002095004367307487,148.9750290694222,1.1038396162723594,0.0014671264711966323
9.355,2.336121014377686,757.291704420554,0.2097407222156329,0.00020879933342576176,148.97558274614482,1.1021133100494038,0.0014650595212371965
9.36,2.335233954229071,757.2911752527209,0.20974165661881916,0.00020810029323736998,148.9761361644149,1.1003896856199145,0.0014629952146176309
9.365,2.334353398745677,757.2906546551172,0.20974258815762623,0.0002074033156099901,148.9766893297246,1.0986687410174198,0.0014609335487037387
9.370000000000001,2.3334793827213822,757.290142648297,0.20974351683345957,0.00020670839996654646,148.9772422475324,1.096950474269048,0.001458874520864159
9.375,2.3326119406296164,757.289639252393,0.20974444264777184,0.00020601554569461844,148.97779492324224,1.095234883391325,0.0014568181284721276
9.38,2.331751106746891,757.2891444872805,0.20974536560204465,0.0002053247521600578,148.97834736222444,1.0935219663942342,0.001454764368903676
9.385,2.3308969150259036,757.2886583724114,0.20974628569780732,0.0002046360186930024,148.97889956979458,1.0918117212769358,0.0014527132395393775
9.39,2.3300493992203846,757.288180926979,0.2097472029366183,0.0002039493446016404,148.97945155123452,1.0901041460319116,0.0014506647377625663
9.395,2.3292085927569373,757.2877121697516,0.20974811732008414,0.00020326472915809538,148.98000331177138,1.0883992386406056,0.0014486188609610596
9.4,2.328374528861182,757.2872521192372,0.2097490288498408,0.00020258217161233118,148.98055485659845,1.0866969970776514,0.001446575606525401
9.405,2.32754724042835,757.2868007935176,0.20974993752757276,0.0002019016711779158,148.9811061908542,1.0849974193064373,0.0014445349718505583
9.41,2.326726760150706,757.2863582104129,0.20975084335499414,0.0002012232270460592,148.98165731964318,1.0833005032834162,0.0014424969543341904
9.415000000000001,2.325913120386911,757.2859243873153,0.20975174633386784,0.00020054683837126327,148.982208248015,1.0816062469535936,0.0014404615513783211
9.42,2.325106353290712,757.2854993413542,0.20975264646598676,0.0001998725042854865,148.98275898098538,1.079914648254921,0.0014384287603876316
9.425,2.3243064906790942,757.2850830892295,0.20975354375319286,0.00019920022388368534,148.98330952351486,1.0782257051137056,0.0014363985787711063
9.43,2.323513564162206,757.2846756473773,0.2097544381973582,0.00019852999623809928,148.98385988053008,1.076539415449087,0.0014343710039403526
9.435,2.322727605010331,757.2842770318026,0.20975532980040437,0.00019786182038369248,148.98441005690242,1.0748557771683749,0.0014323460333112218
9.44,2.321948644285031,757.2838872582455,0.20975621856428317,0.0001971956953325496,148.9849600574692,1.073174788171599,0.0014303236643021518
9.445,2.32117671270495,757.2835063420134,0.20975710449099613,0.0001965316200592263,148.98550988701246,1.0714964463467813,0.001428303894335765
9.450000000000001,2.3204118407781547,757.2831342981484,0.20975798758257536,0.00019586959351524784,148.98605955028006,1.0698207495745566,0.001426286720837234
9.455,2.319654058666801,757.2827711412581,0.20975886784110281,0.00019520961461437736,148.98660905196442,1.0681476957233846,0.0014242721412358582
9.46,2.318903396320643,757.2824168856836,0.2097597452686911,0.00019455168224720735,148.98715839672374,1.066477282654232,0.0014222601529634469
9.465,2.3181598833405848,757.2820715453304,0.20976061986750308,0.0001938957952663545,148.9877075891607,1.06480950821573,0.0014202507534558791
9.47,2.317423549113341,757.2817351338367,0.20976149163973232,0.00019324195250113786,148.98825663384352,1.0631443702489194,0.0014182439401515064
9.475,2.3166944226738866,757.2814076644039,0.20976236058762285,0.00019259015274270544,148.98880553528494,1.061481866582351,0.00141623971049269
9.48,2.315972532841256,757.2810891499649,0.20976322671344952,0.0001919403947587927,148.98935429796313,1.0598219950368926,0.0014142380619242274
9.485,2.3152579080799116,757.2807796030147,0.2097640900195378,0.00019129267727878823,148.98990292630054,1.058164753420775,0.001412238991894865
9.49,2.3145505766366563,757.2804790357794,0.20976495050824417,0.00019064699900856518,148.99045142468506,1.056510139534459,0.0014102424978557485
9.495000000000001,2.3138505664009457,757.2801874600453,0.20976580818197577,0.0001900033586154932,148.99099979744864,1.0548581511656288,0.0014082485772619123
9.5,2.3131579050428908,757.2799048873297,0.20976666304317085,0.0001893617547433362,148.99154804888872,1.0532087860941175,0.0014062572275707552
9.505,2.3124726198725347,757.2796313287089,0.20976751509431857,0.00018872218599721633,148.99209618324647,1.0515620420868483,0.0014042684462435007
9.51,2.311794737978927,757.2793667949891,0.20976836433793916,0.0001880846509585716,148.9926442047286,1.0499179169028168,0.001402282230743702
9.515,2.3111242860883885,757.2791112965349,0.20976921077660385,0.00018744914817008025,148.99319211748542,1.0482764082879847,0.001400298578538676
9.52,2.310461290704628,757.2788648434399,0.2097700544129151,0.0001868156761506689,148.99373992563253,1.046637513980314,0.001398317487098033
9.525,2.309805777966022,757.2786274453553,0.20977089524952633,0.00018618423338040608,148.99428763322908,1.0450012317046171,0.001396338953895085
9.53,2.3091577737867564,757.2783991116606,0.20977173328912227,0.00018555481831555284,148.99483524429945,1.0433675591776381,0.001394362976405401
9.535,2.3085173037131343,757.2781798512921,0.2097725685344387,0.00018492742937343282,148.9953827628114,1.0417364941028655,0.001392389552108192
9.540000000000001,2.307884393065725,757.2779696729136,0.20977340098824268,0.00018430206494751794,148.99593019269773,1.040108034175654,0.0013904186784848866
9.545,2.307259066794727,757.2777685847451,0.20977423065335235,0.0001836787233922834,148.99647753783458,1.038482177078006,0.0013884503530204987
9.55,2.3066413496230926,757.2775765947337,0.20977505753261716,0.00018305740303831895,148.99702480206292,1.0368589204837284,0.0013864845732022187
9.555,2.3060312659009767,757.2773937103815,0.20977588162893765,0.0001824381021771772,148.99757198916694,1.035238262053187,0.0013845213365207636
9.56,2.3054288397498115,757.2772199389175,0.20977670294524564,0.00018182081907650434,148.9981191028957,1.033620199438497,0.0013825606404689898
9.565,2.30483409491586,757.2770552871251,0.20977752148452405,0.00018120555196488697,148.99866614694113,1.0320047302782491,0.0013806024825432197
9.57,2.3042470549152276,757.2768997615142,0.20977833724978698,0.00018059229904699597,148.9992131249599,1.0303918522027344,0.0013786468602418778
9.575000000000001,2.3036677428865366,757.276753368148,0.2097791502440996,0.00017998105848843874,148.99976004055156,1.028781562828644,0.0013766937710667935
9.58,2.30309618173685,757.2766161128163,0.2097799604705583,0.00017937182843091003,149.00030689728024,1.0271738597643267,0.0013747432125218641
9.585,2.3025323939934954,757.2764880008616,0.2097807679323104,0.0001787646069770546,149.0008536986526,1.0255687406044605,0.0013727951821143275
9.59,2.301976401950877,757.2763690373524,0.20978157263253444,0.00017815939220561897,149.00140044814,1.0239662029353436,0.0013708496773534554
9.595,2.301428227521471,757.2762592269098,0.2097823745744597,0.00017755618215633295,149.0019471491561,1.0223662443295432,0.0013689066957517987
9.6,2.3008878923835026,757.2761585738803,0.20978317376134664,0.0001769549748450527,149.0024938050791,1.0207688623512123,0.001366966234823905
9.605,2.3003554178311343,757.2760670821624,0.2097839701965064,0.00017635576824866933,149.00304041922934,1.0191740545507209,0.0013650282920875418
9.61,2.2998308249229886,757.2759847553804,0.2097847638832812,0.00017575856032023632,149.00358699489152,1.0175818184699943,0.0013630928650624362
9.615,2.2993141343315546,757.2759115967095,0.20978555482506375,0.00017516334897391182,149.00413353529248,1.0159921516371306,0.0013611599512714748
9.620000000000001,2.298805366492526,757.2758476090511,0.20978634302527777,0.00017457013210006318,149.00468004362324,1.0144050515717584,0.0013592295482394673
9.625,2.298304541453453,757.275792794857,0.20978712848739725,0.00017397890755025102,149.0052265230166,1.012820515779644,0.001357301653494325
9.63,2.2978116790238743,757.2757471563049,0.2097879112149271,0.00017338967315230167,149.00577297656966,1.01123854175806,0.0013553762645658423
9.635,2.297326798623234,757.2757106951228,0.2097886912114224,0.00017280242669534125,149.0063194073211,1.0096591269903912,0.0013534533789868576
9.64,2.296849919431789,757.2756834127647,0.20978946848046895,0.00017221716594483012,149.00686581827355,1.008082268951512,0.001351532994292056
9.645,2.296381060237811,757.2756653102344,0.20979024302570243,0.00017163388862765153,149.0074122123713,1.0065079651023874,0.001349615108019107
9.65,2.295920239589244,757.2756563882618,0.2097910148507892,0.00017105259244710232,149.0079585925224,1.0049362128954615,0.0013476997177074904
9.655,2.295467475640224,757.2756566471267,0.20979178395944525,0.00017047327506804278,149.00850496157634,1.0033670097692553,0.0013457868208996118
9.66,2.295022786303452,757.2756660868342,0.20979255035541708,0.00016989593413183694,149.0090513223462,1.001800353153762,0.0013438764151396502
9.665000000000001,2.294586189096058,757.2756847069405,0.20979331404250054,0.00016932056724156954,149.0095976775864,1.0002362404650458,0.0013419684979746516
9.67,2.294157701292676,757.2757125067264,0.20979407502452177,0.00016874717197693035,149.01014403001486,0.998674669110643,0.0013400630669534017
9.675,2.2937373397706633,757.2757494850238,0.20979483330535614,0.0001681757458795033,149.01069038229053,0.9971156364841588,0.0013381601196274908
9.68,2.2933251211638557,757.2757956403896,0.20979558888890903,0.00016760628646758896,149.01123673703592,0.9955591399706765,0.0013362596535502161
9.685,2.292921061707175,757.2758509709316,0.20979634177913467,0.00016703879122157298,149.01178309681416,0.9940051769413555,0.00133436166627762
9.69,2.292525177391033,757.275915474483,0.2097970919800172,0.00016647325759867876,149.01232946415197,0.9924537447588411,0.0013324661553674164
9.695,2.2921374838053508,757.2759891484279,0.2097978394955893,0.00016590968301842245,149.01287584151652,0.9909048407718709,0.0013305731183800072
9.700000000000001,2.2917579962945904,757.2760719898762,0.20979858432991327,0.00016534806487728855,149.01342223133832,0.9893584623206793,0.0013286825528774288
9.705,2.2913867298012125,757.2761639954888,0.20979932648709967,0.00016478840053427921,149.0139686359883,0.987814606731619,0.0013267944564243515
9.71,2.2910236990213066,757.2762651616523,0.20980006597128845,0.00016423068732550458,149.0145150578005,0.986273271322552,0.0013249088265870404
9.715,2.290668918247511,757.2763754843053,0.20980080278666732,0.00016367492254983288,149.01506149904918,0.984734453397492,0.0013230256609343403
9.72,2.2903224015252217,757.2764949591118,0.20980153693745338,0.00016312110348339084,149.01560796197165,0.9831981502519817,0.0013211449570366554
9.725,2.2899841624949997,757.2766235812886,0.209802268427911,0.00016256922736531873,149.01615444874528,0.9816643591677531,0.001319266712466913
9.73,2.28965421454933,757.2767613457779,0.20980299726233356,0.0001620192914121753,149.01670096151028,0.9801330774180925,0.0013173909247995654
9.735,2.289332570674541,757.2769082470752,0.20980372344506146,0.00016147129280380377,149.01724750234675,0.9786043022625204,0.0013155175916115302
9.74,2.289019243608092,757.2770642794019,0.20980444698046383,0.00016092522869763531,149.01779407329758,0.9770780309521402,0.001313646710481217
9.745000000000001,2.288714245680028,757.277229436533,0.2098051678729564,0.00016038109621467134,149.0183406763453,0.9755542607243411,0.0013117782789894446
9.75,2.2884175889707707,757.2774037119704,0.2098058861269832,0.00015983889245368052,149.01888731343513,0.974032988808131,0.0013099122947184912
9.755,2.2881292851521353,757.2775870987692,0.20980660174703458,0.0001592986144773015,149.0194339864517,0.9725142124188589,0.001308048755252985
9.76,2.287849345645599,757.2777795897125,0.20980731473762898,0.00015876025932612845,149.0199806972423,0.9709979287635317,0.0013061876581789832
9.765,2.2875777814629026,757.2779811771375,0.20980802510333052,0.0001582238240049407,149.02052744759337,0.9694841350355626,0.001304329001084837
9.77,2.2873146033647758,757.2781918531091,0.2098087328487311,0.00015768930549666952,149.0210742392539,0.9679728284200648,0.0013024727815602929
9.775,2.287059821701148,757.2784116092478,0.20980943797846796,0.00015715670074876084,149.02162107391192,0.9664640060886295,0.001300618997197337
9.78,2.2868134465703007,757.2786404369019,0.20981014049720575,0.00015662600668701754,149.02216795321783,0.9649576652045936,0.001298767645589318
9.785,2.286575487658716,757.2788783269762,0.20981084040965392,0.00015609722020210065,149.02271487876084,0.9634538029178507,0.0012969187243317705
9.790000000000001,2.286345954400633,757.2791252701038,0.20981153772054906,0.00015557033816324136,149.02326185209247,0.9619524163700889,0.001295072231021557
9.795,2.286124855817558,757.2793812564753,0.20981223243467204,0.00015504535740488672,149.0238088747029,0.9604535026896408,0.0012932281632576756
9.8,2.285912200678199,757.2796462760103,0.20981292455683054,0.0001545222747402746,149.02435594804447,0.958957058996684,0.001291386518640417
9.805,2.285707997337661,757.2799203181866,0.20981361409187593,0.0001540010869482296,149.024903073508,0.9574630823981337,0.0012895472947721557
9.81,2.285512253897734,757.2802033722118,0.20981430104468618,0.00015348179078659676,149.02545025244635,0.955971569992807,0.0012877104892565266
9.815,2.2853249780458045,757.2804954268526,0.20981498542018226,0.00015296438297919104,149.02599748615066,0.9544825188663564,0.0012858760996991973
9.82,2.2851461772154655,757.2807964706063,0.20981566722331144,0.00015244886022908524,149.0265447758741,0.9529959260963977,0.0012840441237070618
9.825000000000001,2.28497585842517,757.2811064915305,0.20981634645906344,0.00015193521920571775,149.0270921228079,0.9515117887474854,0.001282214558888996
9.83,2.28481402843914,757.281425477414,0.20981702313245396,0.00015142345655803064,149.02763952810506,0.9500301038762042,0.0012803874028550729
9.835,2.2846606936057867,757.281753415607,0.20981769724854052,0.00015091356890173843,149.0281869928567,0.948550868526184,0.0012785626532172923
9.84,2.284515860018895,757.2820902931917,0.20981836881240615,0.00015040555283231272,149.02873451811553,0.9470740797331556,0.0012767403075888235
9.845,2.2843795333558297,757.2824360968132,0.20981903782917527,0.0001498994049124171,149.0292821048721,0.9455997345200104,0.0012749203635847104
9.85,2.2842517190389766,757.2827908128488,0.20981970430399743,0.000149395121684732,149.0298297540786,0.9441278299018129,0.0012731028188211356
9.855,2.284132422073758,757.2831544272404,0.20982036824206285,0.0001488926996595614,149.0303774666248,0.9426583628809089,0.0012712876709161075
9.86,2.2840216472103037,757.2835269256635,0.20982102964858654,0.00014839213532749266,149.03092524336202,0.9411913304518935,0.0012694749174887424
9.865,2.2839193987813045,757.2839082933588,0.20982168852882352,0.0001478934251471793,149.03147308507906,0.9397267295967703,0.001267664556159933
9.870000000000001,2.283825680863882,757.2842985153013,0.2098223448880533,0.00014739656555783168,149.0320209925261,0.9382645572898703,0.0012658565845516496
9.875,2.283740497117312,757.2846975760334,0.20982299873159466,0.00014690155296718027,149.03256896639064,0.9368048104930677,0.001264051000287593
9.88,2.2836638509450666,757.2851054598324,0.20982365006479053,0.00014640838376379128,149.03311700732158,0.9353474861606433,0.0012622478009925086
9.885,2.283595745332427,757.2855221505442,0.20982429889302248,0.00014591705430521578,149.03366511590485,0.9338925812345613,0.0012604469842928262
9.89,2.2835361830086764,757.2859476317514,0.2098249452216957,0.0001454275609301266,149.0342132926877,0.9324400926492772,0.001258648547815991
9.895,2.283485166284632,757.286381886606,0.20982558905625345,0.00014493989994665538,149.03476153815436,0.9309900173270731,0.001256852489191085
9.9,2.2834426972149577,757.2868248979978,0.20982623040216225,0.00014445406764434805,149.03530985275023,0.9295423521828114,0.0012550588060481773
9.905,2.2834087774356395,757.2872766483882,0.20982686926492589,0.0001439700602826928,149.0358582368576,0.9280970941193292,0.001253267496018928
9.91,2.283383408326398,757.2877371199767,0.209827505650071,0.00014348787410289058,149.03640669081972,0.9266542400321356,0.0012514785567359552
9.915000000000001,2.2833665908481326,757.2882062945366,0.20982813956316088,0.00014300750531657735,149.03695521491667,0.9252137868048668,0.0012496919858334214
9.92,2.2833583257054015,757.2886841535806,0.20982877100978117,0.00014252895011740636,149.03750380938948,0.9237757313139285,0.0012479077809464227
9.925,2.283358613183863,757.2891706781963,0.20982939999555356,0.00014205220466996686,149.0380524744158,0.9223400704240079,0.0012461259397115504
9.93,2.283367453312804,757.2896658492124,0.20983002652612154,0.00014157726512117546,149.0386012101341,0.9209068009926618,0.0012443464597663044
9.935,2.2833848457025963,757.2901696470342,0.20983065060716394,0.00014110412758939505,149.0391500166194,0.9194759198658901,0.0012425693387496351
9.94,2.28341078970725,757.2906820518091,0.20983127224438108,0.00014063278817563036,149.0396988939075,0.9180474238826632,0.0012407945743013746
9.945,2.2834452842619144,757.2912030432633,0.20983189144350775,0.0001401632429528513,149.04024784197065,0.9166213098705622,0.001239022164062762
9.950000000000001,2.283488328045423,757.2917326008661,0.20983250821029986,0.00013969548797698874,149.04079686074175,0.9151975746502407,0.0012372521056758913
9.955,2.283539919317869,757.2922707036679,0.20983312255054706,0.00013922951927646606,149.04134595009,0.9137762150311365,0.0012354843967842227
9.96,2.283600056083122,757.2928173304629,0.20983373447005962,0.0001387653328629907,149.0418951098453,0.9123572278158635,0.0012337190350320416
9.965,2.283668735926492,757.2933724596289,0.20983434397468081,0.0001383029247212974,149.04244433977365,0.9109406097959972,0.0012319560180649607
9.97,2.2837459561771962,757.2939360692889,0.20983495107027408,0.00013784229081973334,149.0429936396017,0.9095263577563971,0.0012301953435293915
9.975,2.2838317137461477,757.2945081371511,0.20983555576273524,0.00013738342710021412,149.04354300899215,0.9081144684710645,0.0012284370090730311
9.98,2.2839260052883326,757.2950886406704,0.2098361580579796,0.00013692632948860073,149.04409244756826,0.9067049387073951,0.0012266810123443509
9.985,2.2840288270407525,757.2956775568897,0.2098367579619542,0.00013647099388487032,149.04464195488924,0.9052977652221105,0.0012249273509930675
9.99,2.2841401749846924,757.2962748625994,0.20983735548062513,0.00013601741617328225,149.04519153047488,0.9038929447654401,0.0012231760226696468
9.995000000000001,2.284260044688698,757.2968805341847,0.20983795061998903,0.0001355655922130545,149.04574117378152,0.9024904740772458,0.0012214270250257469
10.0,2.2843884314419873,757.2974945477566,0.20983854338606284,0.00013511551784661763,149.04629088422232,0.9010903498904288,0.0012196803557138185
