time_s,V_A,P_A,f_o,f_c,p_o,p_c,z
0,1,760,0.1368,0.05263,40,46,4.4219e-07
0.005,1.0160918290590342,759.9669229050652,0.13679981748125086,0.052628568680258725,40.67272987966706,43.391922810516995,7.060558031680876e-05
0.01,1.0319939693703775,759.9342719838418,0.13680715436432997,0.05262146349103087,41.363982697728076,41.07213533801549,0.0001367216064305261
0.015,1.0477088772150367,759.9020421662633,0.1368216804141798,0.052608966305392954,42.07483021063702,39.00876212454661,0.00019922804418955785
0.02,1.0632389779560765,759.8702284316659,0.13684308385991242,0.05259133986615379,42.806399479861255,37.17343601224494,0.0002585142798580888
0.025,1.078586666415228,759.8388258095258,0.13687107001325702,0.05256882956798959,43.55987457452501,35.54091285243936,0.0003149266324634914
0.03,1.0937543072522162,759.8078293800334,0.13690536001456935,0.052541665040400816,44.33649771252333,34.08872785236764,0.0003687731007244124
0.035,1.108744235334186,759.7772342745398,0.1369456896985465,0.05251006155060839,45.137569666097164,32.79689018480609,0.00042032758122928244
0.04,1.1235587560984828,759.7470356758887,0.13699180856418616,0.052474221251567414,45.96444917770102,31.647611227987376,0.0004698336218738299
0.045,1.1382001459221336,759.7172288186212,0.1370434788322081,0.052434334299486685,46.81855105172959,30.625061949984236,0.0005175077725123988
0.05,1.1526706524688133,759.6878089891194,0.13710047459250607,0.05239057984582167,47.70134259693649,29.715158060894368,0.0005635425519323232
0.055,1.1669724950536955,759.6587715256278,0.1371625810160328,0.05234312693383183,48.614337882055345,28.90536752318226,0.0006081091057994669
0.06,1.181107864981562,759.6301118182397,0.13722959364131876,0.05229213529571521,49.55908931919221,28.184540382513465,0.0006513595562226355
0.065,1.1950789258926324,759.6018253087975,0.13730131771500628,0.05223775607378347,50.53717583963407,27.5427566449419,0.0006934291019111731
0.07,1.208887814107045,759.5739074907285,0.13737756758456396,0.0521801324710442,51.550186899413326,26.9711908221115,0.0007344378880039542
0.075,1.222536638956872,759.5463539088435,0.13745816614115713,0.05211940033649587,52.59970139710858,26.46199167527537,0.0007744926659055319
0.08,1.2360274831266154,759.5191601590633,0.13754294430127506,0.05205568869787511,53.687260496409294,26.00817480035972,0.0008136882756624196
0.085,1.2493624029589228,759.4923218881625,0.13763174053501648,0.051989120237798926,54.81433307053677,25.603527828049554,0.0008521089541137213
0.09,1.2625434287995254,759.4658347933884,0.13772440041615472,0.051919811736201395,55.98227278751858,25.24252489405999,0.0008898295148592967
0.095,1.2755725653064454,759.4396946221053,0.13782077621164093,0.05184787446605421,57.19226539852212,24.920251341748667,0.0009269163869379824
0.1,1.28845179176914,759.4138971713759,0.13792072649433554,0.05177341455735014,58.4452652882514,24.632336362973238,0.0009634285438081422
0.105,1.301183062419909,759.3884382875157,0.13802411578081228,0.05169653332899743,59.741920394750146,24.374893137106742,0.0009994183287578594
0.11,1.3137683067414545,759.3633138656155,0.13813081419034787,0.05161732759282322,61.08248517708504,24.14446554651556,0.0010349321894740635
0.115,1.3262094297623304,759.338519849048,0.13824069712417886,0.051535889931300406,62.466721822290005,23.937980847818217,0.0010700113303671005
0.12,1.3385083123688994,759.3140522289006,0.13835364495698238,0.05145230895617245,63.893792041563884,23.752707272069564,0.0011046922967800413
0.125,1.3506668115954437,759.2899070434141,0.1384695427467342,0.051366669543795346,65.36214178235504,23.586216538964607,0.0011390074913743466
0.13,1.3626867609193372,759.2660803773754,0.13858827995572534,0.05127905305372747,66.86938462418617,23.43635037819612,0.001172985635165336
0.135,1.374569970550507,759.242568361483,0.13870975018393775,0.05118953753049329,68.41219108478634,23.30119076313302,0.0012066521773061707
0.14,1.386318227716883,759.2193671716938,0.13883385091382236,0.05109819789036751,69.9861937122926,23.179033421666908,0.0012400296596301427
0.145,1.3979332969416882,759.1964730285573,0.138960483267078,0.05100510609403733,71.58591978479176,23.06836428923099,0.0012731380405884055
0.15,1.4094169203245934,759.1738821965282,0.13908955177225787,0.05091033130780412,73.20476580009705,22.96783849266975,0.0013059949842435382
0.155,1.4207708178166167,759.1515909832821,0.13922096414624452,0.05081394005292959,74.83502688242342,22.876261672091996,0.0013386161170043012
0.16,1.4319966875045513,759.1295957390212,0.13935463108935112,0.050715996345758456,76.46799329388779,22.792573293552024,0.0013710152568691912
0.165,1.443096205852992,759.1078928558823,0.13949046610293878,0.05061656182366921,78.09411934424526,22.71583199931665,0.0014032046146263515
0.17,1.454071027995151,759.0864787672865,0.13962838532007024,0.0505156958675477,79.70326892438018,22.64520230861018,0.0014351949763376564
0.17500000000000002,1.4649227879703366,759.0653499474416,0.1397683073643436,0.05041345571022027,81.28502604926068,22.579943007199823,0.001466995862614191
0.18,1.4756530989998298,759.0445029108321,0.13991015322697187,0.05030989654113946,82.82905534237577,22.51939664460725,0.0014986156725509934
0.185,1.4862635537541724,759.0239342117928,0.1400538461684656,0.050205071602671146,84.3254841027028,22.46298022591776,0.0015300618112023153
0.19,1.4967557245770085,759.0036404442367,0.1401993116473578,0.05009903227571817,85.76527785850483,22.4101770593557,0.0015613408011886085
0.195,1.5071311637331324,758.9836182413995,0.14034647726638994,0.049991828161761405,87.14057615345084,22.360529387762288,0.0015924583834558603
0.2,1.517391403691323,758.963864275569,0.14049527273179307,0.049883507162176655,88.44495516189114,22.313631759841908,0.0016234196077872997
0.20500000000000002,1.5275379573282546,758.944375258005,0.14064562983338574,0.049774115545930885,89.67360630135924,22.269125313596216,0.0016542289108615043
0.21,1.5375723181852023,758.9251479387756,0.14079748242655846,0.049663698017620654,90.8234115326162,22.226692556120756,0.0016848901873926761
0.215,1.5474959607065282,758.9061791066256,0.14095076641912563,0.04955229778022396,91.89292193862089,22.18605275654513,0.001715406852851958
0.22,1.5573103404777169,758.8874655888274,0.14110541975690866,0.04943995659461832,92.88225058443707,22.146957846296367,0.0017457818992036328
0.225,1.5670168944378855,758.8690042510519,0.14126138240753747,0.0493267148345224,93.79289995144352,22.10918880075669,0.001776017944048687
0.23,1.5766170411169322,758.8507919971438,0.14141859633472323,0.049212611540926335,94.62754248271497,22.072552378681,0.0018061172748116004
0.23500000000000001,1.586112180884367,758.8328257688224,0.14157700546336002,0.04909768447504097,95.38977933543569,22.036878211049054,0.001836081888106808
0.24,1.5955036961364428,758.8151025454607,0.14173655564299473,0.04898197016505685,96.0838996536588,22.00201627903805,0.001865913523835499
0.245,1.6047929515194697,758.7976193437391,0.1418971945996666,0.048865503953709394,96.71465096017114,21.967834619946778,0.001895613696102421
0.25,1.6139812942070904,758.7803732171415,0.142058871875686,0.048748320047412426,97.28703468598945,21.934217246677544,0.0019251837211357453
0.255,1.6230700539725955,758.7633612558428,0.14222153878492094,0.04863045155078737,97.80613331173049,21.901062458285143,0.001954624740087492
0.26,1.632060543603034,758.7465805858462,0.14238514832988344,0.04851193052092845,98.27697023466567,21.86828107477823,0.001983937742464549
0.265,1.6409540589503246,758.7300283688595,0.1425496551528989,0.048392787997432324,98.70440198919341,21.835795135685427,0.002013123583634669
0.27,1.6497518791938588,758.713701801707,0.14271501546483017,0.048273054044108574,99.09304001739534,21.803536584123755,0.002042183002281331
0.275,1.6584552670269244,758.6975981158896,0.14288118698132132,0.04815275778447978,99.4471982269626,21.771446147531382,0.002071116635255859
0.28,1.66706546887816,758.6817145770632,0.14304812885676935,0.048031927437792735,99.77086267139258,21.739472324681724,0.002099925030938144
0.28500000000000003,1.675583715105163,758.6660484845709,0.14321580162245345,0.04791059035199071,100.06767793791226,21.70757049761354,0.002128608660921948
0.29,1.6840112201911779,758.6505971709686,0.14338416712643956,0.047788773035493996,100.34094675406335,21.675702139565026,0.0021571679303868272
0.295,1.692349182939371,758.6353580015559,0.14355318847609616,0.047666501187528805,100.59363923020003,21.643834111086484,0.002185603187270716
0.3,1.7005987866579069,758.6203283739302,0.14372282998389665,0.04754379972674426,100.82840868279061,21.611938036198953,0.0022139147303618144
0.305,1.70876119936339,758.6055057175049,0.14389305711456432,0.047420692819512715,101.04761215662514,21.579989743200233,0.0022421028164933757
0.31,1.7168375739600457,758.5908874930846,0.14406383643672624,0.047297203905898325,101.25333299485159,21.547968773358814,0.0022701676668404683
0.315,1.7248290484040985,758.5764711924733,0.14423513557811476,0.047173355723916136,101.44740435324839,21.515857945901455,0.0022981094724665732
0.32,1.7327367459244767,758.5622543379735,0.1444069231794516,0.047049170335354516,101.63143356449406,21.483642961555233,0.0023259283992954705
0.325,1.740561775186017,758.5482344820074,0.14457916885479613,0.046924669147923266,101.80682498303325,21.451312060586268,0.0023536245924003006
0.33,1.748305230461913,758.5344092067237,0.14475184315339157,0.04679987293700343,101.97480178647936,21.418855717323574,0.0023811981797915317
0.335,1.7559681918163477,758.520776123589,0.14492491752299347,0.046674801866960845,102.13642650788981,21.38626636688101,0.0024086492757617395
0.34,1.7635517252596222,758.5073328730384,0.1450983642768262,0.04654947551051486,102.29261967700488,21.353538165644938,0.002435977983800426
0.34500000000000003,1.7710568830294753,758.4940771238709,0.14527215655508352,0.04642391287238193,102.44417768910317,21.320666767961065,0.0024631843991856197
0.35000000000000003,1.778484703511561,758.4810065733893,0.1454462683089287,0.046298132397784755,102.59178644296524,21.287649157988827,0.0024902686111395764
0.355,1.785836211632926,758.4681189465724,0.14562067425857284,0.04617215199928794,102.73603683378099,21.254483461165677,0.0025172307048607354
0.36,1.7931124189837115,758.4554119958061,0.14579534986879447,0.04604598907192951,102.87743665535562,21.221168800053963,0.0025440707631929796
0.365,1.8003143240195547,758.4428835004533,0.14597027132140547,0.04591966051079574,103.01642149122583,21.187705162387786,0.0025707888680697364
0.37,1.8074429120532476,758.4305312668565,0.14614541549975427,0.045793182720404696,103.15336358459217,21.154093293037793,0.0025973851018045824
0.375,1.8144991555215249,758.4183531277791,0.14632075995957436,0.04566657163387817,103.28858086138716,21.120334583606677,0.0026238595481958542
0.38,1.8214840140255137,758.4063469423113,0.14649628291254715,0.045539842723410884,103.42234393884412,21.086430985435335,0.0026502122934989637
0.385,1.828398435156955,758.3945105941672,0.1466719631728129,0.04541301103706002,103.55488439004667,21.052384908136208,0.002676443427007906
0.39,1.8352433532355275,758.3828419942643,0.14684778020581468,0.045286091163475935,103.68639652877768,21.0181991923986,0.002702553042206287
0.395,1.8420196909933029,758.3713390772648,0.14702371403448392,0.04515909729746034,103.8170462955998,20.98387700120352,0.002728541236818288
0.4,1.8487283589117103,758.3599998029277,0.1471997452609716,0.045032043224072754,103.94697333899835,20.949421789390442,0.0027544081135632433
0.405,1.8553702549882927,758.3488221565799,0.1473758550651077,0.04490494231916963,104.07629435009636,20.914837257247147,0.0027801537807767476
0.41000000000000003,1.8619462667515396,758.3378041449864,0.14755202510396465,0.044777807620252845,104.20510883979375,20.880127282471413,0.002805778351785564
0.41500000000000004,1.8684572679360976,758.3269438031515,0.14772823765002152,0.04465065172799618,104.33349741250728,20.845295924033614,0.0028312819469802643
0.42,1.8749041232862313,758.3162391844825,0.14790447537066645,0.04452348696258486,104.46152960227397,20.81034734092181,0.002856664691520233
0.425,1.881287683513582,758.3056883711054,0.14808072153803115,0.044396325214301716,104.58926046090056,20.775285807211446,0.00288192671834875
0.43,1.8876087907547847,758.2952894626937,0.14825695978793504,0.04426917811475561,104.71673718887811,20.740115652259558,0.002907068165287673
0.435,1.8938682730322394,758.2850405877977,0.14843317434333753,0.044142056877666334,104.84399625775795,20.704841262588566,0.002932089178424541
0.44,1.9000669515348751,758.2749398889482,0.14860934970928713,0.044014972515947416,104.97106917937809,20.66946704885144,0.0029569899078830696
0.445,1.9062056315412634,758.2649855412194,0.14878547103011153,0.04388793558710384,105.09797864048056,20.633997433951862,0.0029817705134199835
0.45,1.912285111393409,758.2551757338717,0.1489615237250426,0.043760956452736116,105.22474403807033,20.598436836940763,0.0030064311590338234
0.455,1.9183061783453765,758.2455086788416,0.14913749364702017,0.043634045165342215,105.35137977223873,20.562789666136347,0.0030309720155274273
0.46,1.9242696060294455,758.235982615917,0.14931336717004787,0.043507211405870196,105.47789573543656,20.52706028892836,0.0030553932621267352
0.465,1.930176164351337,758.2265957925072,0.14948913081277396,0.043380464752159176,105.60430028490138,20.491253066849175,0.003079695080374586
0.47000000000000003,1.936026606234805,758.2173464907371,0.14966477172312684,0.04325381433318787,105.7305975317475,20.45537228580061,0.0031038776623198796
0.47500000000000003,1.9418216756095013,758.2082330111158,0.1498402773776236,0.04312726904350341,105.85678983340668,20.419422182673475,0.0031279412055508146
0.48,1.947562111996115,758.1992536631651,0.15001563541446003,0.043000837662318395,105.9828785300322,20.383406973160195,0.0031518859103952758
0.485,1.9532486401542726,758.1904067865751,0.15019083399647043,0.04287452859449968,106.10886258510315,20.347330783033062,0.003175711986226429
0.49,1.9588819732227933,758.1816907447818,0.1503658616925788,0.042748349955104396,106.23473965901181,20.311197656642133,0.003199419649443845
0.495,1.9644628198636724,758.1731039103681,0.1505407072247627,0.04262230974995784,106.36050698951277,20.27501160538337,0.003223009119121695
0.5,1.9699918796527547,758.1646446744847,0.15071535962862972,0.0424964157610673,106.48616073834411,20.238776577976054,0.003246480619865875
0.505,1.9754698355488651,758.1563114622276,0.15088980849411454,0.04237067537478663,106.6116960822241,20.202496389881606,0.0032698343860148066
0.51,1.980897365387441,758.1481027091561,0.15106404357633896,0.042245095859563916,106.73710803575956,20.166174812854997,0.003293070654793518
0.515,1.9862751473662847,758.1400168500966,0.15123805463054965,0.0421196844837668,106.86239125744257,20.12981562835536,0.0033161896635342503
0.52,1.9916038355699555,758.1320523691202,0.15141183217907556,0.04199444796824095,106.98753978051998,20.093422409724266,0.0033391916630991984
0.525,1.9968840776986034,758.1242077633351,0.15158536694631597,0.04186939288959863,107.11254751961044,20.056998674346783,0.00336207690788641
0.53,2.0021165181414626,758.1164815366092,0.15175864975669393,0.0417445257530624,107.23740838379476,20.02054790982158,0.0033848456540265435
0.535,2.0073017979361145,758.1088721996595,0.1519316715481489,0.041619852982821434,107.36211605960746,19.984073576549203,0.0034074981597890246
0.54,2.0124405389558033,758.1013783023284,0.15210442383711523,0.04149538059017352,107.48666416978564,19.947578962866015,0.0034300346936044653
0.545,2.0175333529349717,758.0939984151548,0.15227689844266187,0.04137111437042083,107.61104637482484,19.911067265128562,0.0034524555291312446
0.55,2.022580849857492,758.0867311122504,0.15244908723364423,0.04124706008333691,107.73525635681354,19.87454166382667,0.0034747609408679212
0.555,2.0275836349707164,758.0795749773969,0.1526209822224534,0.0411232233862449,107.85928777530705,19.838005296594535,0.003496951205893849
0.56,2.032542300833555,758.0725286202749,0.15279257578802638,0.04099960967487465,107.98313438111069,19.801461185895853,0.0035190266077041446
0.5650000000000001,2.037457425025103,758.0655906811328,0.1529638607326228,0.04087622404286829,108.10679012986914,19.76491221832075,0.0035409874369354403
0.5700000000000001,2.0423295850235497,758.0587598004248,0.1531348298612127,0.04075307158193413,108.23024897905042,19.72836127956063,0.003562833984268419
0.5750000000000001,2.047159350414032,758.0520346347098,0.15330547619649518,0.04063015722841811,108.35350500389255,19.691811184184427,0.0035845665440416116
0.58,2.051947287091262,758.0454138480818,0.15347579286905894,0.04050748584165691,108.47655230515984,19.655264712136546,0.003606185412642963
0.585,2.0566939401989353,758.0388961469661,0.15364577356566775,0.040385061884168676,108.59938536237999,19.61872445847642,0.003627690895529544
0.59,2.0613998548807486,758.0324802377875,0.15381541197308524,0.04026288981847157,108.72199865508065,19.582193018263496,0.0036490832981584255
0.595,2.066065570410909,758.0261648389429,0.15398470193073788,0.040140973998174866,108.84438677492072,19.54567293504203,0.0036703629284281286
0.6,2.0706916231245156,758.0199486748295,0.15415363736229498,0.04001931871675736,108.96654435733477,19.5091667240898,0.003691530095861231
0.605,2.0752785291977975,758.013830510956,0.15432221270472002,0.039897927901549765,109.08846644164284,19.472676726009,0.0037125851180088904
0.61,2.079826802973223,758.0078091165709,0.15449042244163327,0.03977680544660161,109.21014810392711,19.43620526555636,0.0037335283131451832
0.615,2.0843369546742028,758.0018832693213,0.15465826115786604,0.03965595517377748,109.33158450377162,19.39975463268387,0.003754360001064605
0.62,2.088809491996996,757.9960517520121,0.15482572350797671,0.03953538085517831,109.45277085214957,19.363327093118,0.0037750805028831476
0.625,2.0932449042430723,757.9903133849538,0.15499280459273174,0.039415085944680434,109.57370273560298,19.32692475830241,0.0037956901463664884
0.63,2.0976436765064608,757.9846669970345,0.1551594996145348,0.03929507382367761,109.69437582632911,19.290549704639517,0.00381618926076644
0.635,2.1020062911196358,757.9791114227726,0.1553258038399726,0.03917534782780029,109.81478585197998,19.254203986215725,0.003836578176226849
0.64,2.106333227927897,757.9736455017593,0.15549171259992686,0.0390559112468057,109.93492859563374,19.2178896343543,0.0038568572240260104
0.645,2.110624951390146,757.9682681049524,0.1556572215818552,0.03893676711620539,110.05480015088958,19.181608555621207,0.0038770267404798996
0.65,2.1148819188275456,757.9629781178593,0.15582232663721174,0.0388179183545864,110.17439675364145,19.145362599484542,0.003897087064141386
0.655,2.1191045860000046,757.9577744291693,0.15598702365183614,0.038699367856025714,110.29371466995475,19.10915360337818,0.003917038533998477
0.66,2.123293405334897,757.9526559343662,0.15615130858985127,0.03858111845877591,110.41275023646841,19.072983376960217,0.003936881490218426
0.665,2.127448818493425,757.9476215508791,0.1563151776549514,0.038463172830304336,110.53150000269173,19.036853645157038,0.003956616276193022
0.67,2.1315712564261995,757.9426702179672,0.15647862728520162,0.03834553347102349,110.64996072377642,19.00076605075128,0.003976243238254515
0.675,2.1356611497589184,757.9378008755516,0.1566416539254624,0.03822820287650362,110.76812916084918,18.96472223413714,0.003995762722812034
0.68,2.139718923650116,757.9330124746964,0.15680425413823268,0.03811118345847059,110.88600218042369,18.928723794097696,0.004015175077737624
0.685,2.1437449989971467,757.9283039751523,0.1569664245795619,0.03799447756195967,111.00357673495755,18.892772295596497,0.004034480652222487
0.6900000000000001,2.1477397817128803,757.9236743672091,0.15712816221808748,0.037878087309262044,111.1208500517826,18.856869193519486,0.004053679799001129
0.6950000000000001,2.151703677710186,757.9191226411567,0.15728946402244698,0.03776201482266889,111.23781935823068,18.8210159427526,0.004072772870808054
0.7000000000000001,2.1556370859016156,757.9146478015525,0.15745032710241352,0.037646262123923226,111.3544820059211,18.78521394840321,0.004091760221828687
0.705,2.159540410647836,757.9102488418506,0.15761074846548792,0.03753083130758388,111.47083526278523,18.749464650536478,0.004110642205591297
0.71,2.1634140331619522,757.9059248026834,0.15777072557833463,0.0374157241411231,111.58687679876559,18.71376932695121,0.004129419180163263
0.715,2.167258332746716,757.9016747285776,0.15793025594551005,0.03730094236502115,111.70260431685233,18.678129242100603,0.004148091503979791
0.72,2.1710736887048774,757.8974976640593,0.15808933707157055,0.037186487719758334,111.81801552003557,18.642545660437857,0.004166659535476086
0.725,2.174860473310025,757.8933926679838,0.15824796659519538,0.037072361850297504,111.93310822984203,18.607019798868464,0.004185123634245618
0.73,2.1786190617885506,757.8893587931842,0.15840614210667206,0.03695856643601322,112.04788023113389,18.571552890273548,0.004203484159911722
0.735,2.182349809101295,757.8853951338083,0.1585638615754922,0.03684510288626172,112.16232963802496,18.536146033152388,0.0042217414751196695
0.74,2.1860530676486776,757.8815007892227,0.15872112301907274,0.0367319725762738,112.27645460626066,18.500800309075267,0.004239895942888471
0.745,2.189729189831116,757.877674858795,0.15887792445483054,0.03661917688128024,112.39025329158649,18.465516799612484,0.004257947926237136
0.75,2.1933785219400543,757.8739164543492,0.15903426401015414,0.03650671709822752,112.50372394650937,18.430296547247934,0.0042758977889046776
0.755,2.197001412704386,757.870224682734,0.159190139775591,0.03639459455023925,112.61686479607313,18.39514060656885,0.004293745894814575
0.76,2.2005981924622975,757.8665986883051,0.15934555016706145,0.03628281032884862,112.72967434557265,18.360049916444304,0.00431149260982344
0.765,2.2041691883502823,757.8630376219479,0.15950049365709612,0.0361713654852964,112.842151149198,18.325025395684055,0.00432913830011047
0.77,2.2077147275048357,757.8595406345479,0.15965496871822568,0.03606026107082337,112.9542937611393,18.290067963097883,0.004346683331854859
0.775,2.2112351317681287,757.8561068877931,0.1598089739129159,0.03594949807267881,113.06610081413619,18.25517850544091,0.004364128071614312
0.78,2.2147307249388364,757.8527355393707,0.15996250777660492,0.035839077497297075,113.17757092141065,18.220357918295807,0.004381472886235626
0.785,2.218201814243585,757.8494257807872,0.1601155691220461,0.03572900015381673,113.28870293296907,18.185606998228668,0.004398718143589349
0.79,2.221648703096696,757.8461768113295,0.16026815682568002,0.03561926680606788,113.39949575342098,18.150926519160087,0.004415864211759722
0.795,2.2250716949124913,757.8429878302844,0.16042026976394724,0.03550987821788064,113.5099482873758,18.116317255010653,0.004432911458830985
0.8,2.228471088534831,757.8398580462722,0.1605719068865479,0.035400835100985115,113.62005950295546,18.081779953500796,0.004449860253004047
0.805,2.2318471843038883,757.8367866648456,0.1607230671246557,0.035292138180243605,113.72982835557107,18.04731536834003,0.004466710962829991
0.81,2.2352002677567318,757.8337729217933,0.16087374964376833,0.03518378801388959,113.8392539989313,18.012924169185602,0.004483463957141021
0.8150000000000001,2.238530620036534,757.8308160618795,0.16102395367873135,0.03507578511084581,113.9483356457684,17.97860700093477,0.0045001196048207485
0.8200000000000001,2.2418385222864674,757.8279153298682,0.16117367846439032,0.034968129980035,114.05707250881463,17.94436450848478,0.004516678274752788
0.8250000000000001,2.2451242517250596,757.825069978547,0.16132292329493092,0.03486082308820229,114.16546385188285,17.910197315420056,0.004533140335741496
0.8300000000000001,2.2483880866171204,757.8222792585505,0.16147168745350182,0.034753864909897056,114.27350893202936,17.87610604880027,0.004549506156962453
0.835,2.25163029214818,757.8195424472582,0.1616199704190818,0.03464725578048619,114.38120717053751,17.84209126505554,0.004565776107286212
0.84,2.254851128556115,757.8168588321688,0.1617677717443975,0.03454099598292591,114.48855805102038,17.80815349415392,0.004581950555422701
0.845,2.258050856078803,757.8142277007809,0.1619150909821757,0.03443508580017243,114.59556105709103,17.774293266063484,0.004598029870081849
0.85,2.26122973160824,757.8116483474438,0.16206192773283384,0.03432952548130504,114.70221571314205,17.74051109353196,0.004614014419753352
0.855,2.264388012634847,757.8091200652644,0.1622082815924367,0.03422431527845694,114.80852154209855,17.706807490515427,0.004629904573280502
0.86,2.2675259452514824,757.8066421706906,0.1623541523184214,0.034119455329134296,114.91447820096847,17.673182912388004,0.004645700698763565
0.865,2.2706437700766298,757.8042139913831,0.16249953974524023,0.03401494571614382,115.0200854114194,17.63963778672377,0.004661403163883471
0.87,2.273741727728772,757.8018348550028,0.16264444370734532,0.03391078652229223,115.12534289511888,17.606172541096807,0.004677012336321146
0.875,2.276820056001666,757.7995040950052,0.16278886407710919,0.03380697780346768,115.23025040595877,17.57278758929867,0.00469252858344255
0.88,2.279878992836037,757.7972210445253,0.16293280072856695,0.03370351961434276,115.33480770110556,17.53948334425756,0.00470795227291077
0.885,2.282918766416379,757.7949850567129,0.16307625366632894,0.033600411916896264,115.43901464517599,17.506260171132308,0.004723283771349142
0.89,2.2859395989526194,757.7927954969794,0.16321922297425984,0.03349765461685458,115.54287116891209,17.47311840626822,0.004738523444658935
0.895,2.288941712654688,757.7906517307359,0.16336170873622421,0.03339524761994411,115.64637720305583,17.44005838601062,0.004753671658741421
0.9,2.2919253257725787,757.7885531315392,0.16350371108572875,0.033293190796682005,115.74953271965664,17.407080428545072,0.004768728778842678
0.905,2.2948906600234626,757.7864990657877,0.16364523011668067,0.03319148404563266,115.85233766016222,17.37418486642109,0.004783695171068172
0.91,2.297837928968847,757.7844889166489,0.16378626602588323,0.033090127192364704,115.9547920500793,17.34137199406374,0.004798571200337883
0.915,2.3007673355655482,757.782522089109,0.1639268191421263,0.03298911996884092,116.05689602366725,17.308642057528903,0.004813357229775745
0.92,2.303679082770383,757.7805979881539,0.16406688979419978,0.03288846210702409,116.15864971518542,17.27599530287247,0.004828053622505693
0.925,2.3065733735401674,757.7787160187696,0.1642064783108935,0.032788153338876996,116.26005325889315,17.243431976150323,0.004842660741651661
0.93,2.3094504076004747,757.7768755926113,0.1643455850586263,0.03268819336969978,116.36110682071077,17.21095230947944,0.004857178949631424
0.935,2.312310384702567,757.7750761212432,0.16448421040782404,0.03258858190190481,116.46181057234337,17.17855653336588,0.004871608609211858
0.9400000000000001,2.3151534996920455,757.7733170263436,0.1646223547870333,0.03248931859670378,116.5621647303056,17.146244856435082,0.004885950082257312
0.9450000000000001,2.317979936363696,757.7715977524097,0.16476001875220875,0.03239040302504362,116.6621696162499,17.114017440061367,0.004900203728140914
0.9500000000000001,2.3207898785123042,757.769917743938,0.16489720285930512,0.03229183475787127,116.76182555182874,17.081874445619057,0.004914369906235797
0.9550000000000001,2.3235835099326567,757.7682764454252,0.16503390766427709,0.03219361336613367,116.86113285869455,17.04981603448248,0.004928448975915091
0.96,2.3263610120002824,757.7666733063826,0.16517013374911044,0.03209573840235466,116.96009188047246,17.01784235824202,0.004942441295886988
0.965,2.3291225646755596,757.7651077792157,0.1653058817145918,0.03199820940570804,117.05870297877533,16.985953561385173,0.004956347224764361
0.97,2.3318683457618268,757.7635793207819,0.16544115218625172,0.03190102589783024,117.15696653152573,16.9541497788207,0.004970167120772758
0.975,2.334598521322077,757.7620874122855,0.1655759459148253,0.03180418731175765,117.25488301986492,16.92243109832356,0.004983901338844882
0.98,2.3373132574193014,757.7606315349308,0.1657102636510477,0.031707693080526685,117.35245292493413,16.890797607668716,0.004997550233913433
0.985,2.3400127201164933,757.7592111699217,0.16584410614565404,0.03161154263717373,117.44967672787459,16.859249394631135,0.005011114160911114
0.99,2.3426970737910215,757.757825801975,0.1659774741660681,0.03151573540294016,117.54655492387128,16.827786540601316,0.0050245934742106
0.995,2.3453664800313354,757.7564749215773,0.1661103685102819,0.03142027077742303,117.64308803560031,16.79640911530462,0.0050379885275077165
1.0,2.348021100860503,757.7551580182826,0.16624278997390787,0.03132514816186949,117.73927657972031,16.76511718917961,0.005051299674875241
1.0050000000000001,2.3506610859417347,757.7538746074094,0.16637473947397502,0.0312303668717243,117.8351211725807,16.733910786126263,0.005064527266224936
1.01,2.353286584938238,757.7526242042762,0.16650621792751233,0.03113592622243225,117.93062243053086,16.702789930044574,0.005077671651468563
1.0150000000000001,2.3558977475132226,757.7514063242015,0.16663722625154886,0.031041825529438096,118.02578096992022,16.671754644834518,0.005090733180517883
1.02,2.3584947223089827,757.7502204846442,0.16676776537236468,0.030948064101658842,118.1205974148614,16.64080495078014,0.005103712202885508
1.025,2.361077653869354,757.7490662116154,0.16689783625581364,0.0308546412200514,118.21507242414738,16.609940852772777,0.005116609066692853
1.03,2.363646689609106,757.7479430250703,0.1670274398439264,0.03076155618234522,118.30920663314258,16.579162364905084,0.005129424121435688
1.035,2.3662019640325704,757.7468504720431,0.16715657719493837,0.030668808204282808,118.40300077227792,16.548469455751036,0.005142157711519767
1.04,2.368743611644079,757.7457880995684,0.16728524936708491,0.030576396501606647,118.49645557198433,16.517862093884606,0.005154810181350844
1.045,2.371271766947964,757.7447554546803,0.1674134574186015,0.030484320290059243,118.58957176269274,16.487340247879768,0.00516738187533467
1.05,2.3737865640311604,757.743752085295,0.16754120241116185,0.03039257878296164,118.6823500777139,16.45690388493094,0.005179873137688605
1.055,2.3762881316360027,757.7427775505766,0.16766848545246288,0.030301171161190747,118.77479129012674,16.4265529538739,0.005192284310395156
1.06,2.3787766036571973,757.7418313987605,0.1677953076101228,0.0302100966338053,118.86689613653415,16.396287419604025,0.005204615738027124
1.065,2.381252100596594,757.7409132063789,0.16792167006146883,0.030119354332610117,118.95866544303708,16.36610720289738,0.005216867759082761
1.07,2.3837147429560424,757.7400225499645,0.16804757398382827,0.030028943389410014,119.05010003573645,16.33601222453003,0.005229040712060322
1.075,2.386164651237393,757.7391590060495,0.16817302055452837,0.02993886293600982,119.14120074073321,16.306002405278058,0.005241134935458057
1.08,2.3886019459424954,757.7383221511666,0.16829801095089644,0.02984911210421434,119.23196838412831,16.27607766591752,0.005253150767774221
1.085,2.391026741571498,757.7375115745955,0.16842254639644177,0.029759689993353256,119.32240383167805,16.246237908218664,0.005265088544571994
1.09,2.393439159115759,757.7367268517304,0.16854662806894613,0.02967059573483343,119.41250790843763,16.21648305296699,0.005276948605021287
1.095,2.3958393062838463,757.7359675862717,0.16867025724434725,0.029581828391107737,119.50228151929558,16.1868129801829,0.005288731281452009
1.1,2.3982272906531157,757.7352333821998,0.16879343519955703,0.029493387023944693,119.59172556995559,16.157227569483233,0.005300436906126665
1.105,2.400603219800922,757.7345238434946,0.16891616321148734,0.02940527069511284,119.68084096612134,16.127726700484825,0.005312065811307758
1.11,2.402967201304622,757.733838574136,0.16903844255705006,0.029317478466380685,119.76962861349652,16.098310252804513,0.0053236183292577925
1.115,2.4053193376191757,757.7331771890906,0.169160274548359,0.02923000937483298,119.85808944808369,16.068978091022956,0.005335094789399051
1.12,2.4076597366679056,757.7325392914904,0.16928166046385273,0.029142862481086867,119.94622437567271,16.039730094402277,0.005346495524591634
1.125,2.4099884947388643,757.731924509512,0.1694026016586457,0.029056036792056834,120.03403436404417,16.010566109058058,0.005357820860962654
1.1300000000000001,2.41230570749014,757.7313324726881,0.16952309949201944,0.02896953131173855,120.12152038446781,15.981485979309326,0.005369071124274838
1.135,2.4146114705798203,757.7307628105507,0.1696431553232554,0.028883345044127703,120.20868340821336,15.952489549475096,0.005380246640290917
1.1400000000000001,2.4169058796659937,757.730215152632,0.16976277051163519,0.02879747699321996,120.29552440655056,15.923576663874389,0.005391347734773617
1.145,2.419189023038772,757.7296891444852,0.16988194645981353,0.028711926132737625,120.38204438733986,15.89474714727978,0.005402374728764759
1.1500000000000001,2.421461002290064,757.7291844025816,0.17000068449714362,0.028626691487447155,120.4682442967199,15.86600085812807,0.005413327952333469
1.155,2.4237219026475847,757.7287005790593,0.1701189860467515,0.02854177201671706,120.55412515641763,15.837337612077247,0.005424207724891197
1.16,2.4259718073570316,757.7282373303758,0.17023685254312124,0.02845716667199506,120.6396879975466,15.80875721961696,0.005435014364552898
1.165,2.428210799664104,757.7277943129886,0.170354285420737,0.028372874404728878,120.72493385122036,15.780259491236848,0.005445748189433529
1.17,2.4304389628145,757.7273711833553,0.17047128611408294,0.02828889416636625,120.80986374855239,15.751844237426562,0.005456409517648043
1.175,2.4326563800539183,757.7269675979336,0.17058785605764318,0.028205224908354892,120.89447872065627,15.723511268675749,0.005466998667311397
1.18,2.434863131391246,757.7265832203412,0.17070399670158537,0.028121865571271318,120.97877981108768,15.695260387782401,0.005477515954173553
1.185,2.4370592983262536,757.7262177107507,0.17081970949283043,0.02803881509782839,121.06276806034072,15.667091399833021,0.005487961695485613
1.19,2.4392449599871684,757.7258707345655,0.17093499589030892,0.02795607242239499,121.14644451856248,15.639004104018495,0.005498336206868298
1.195,2.441420187710225,757.725541974467,0.17104985738963407,0.027873636453942537,121.22981026518141,15.6109982813267,0.005508639798150671
1.2,2.443585052831658,757.7252311131363,0.17116429548641915,0.02779150610144247,121.31286637962597,15.583073712745522,0.005518872779161791
1.205,2.4457396266877005,757.7249378332547,0.17127831167627736,0.027709680273866208,121.39561394132463,15.555230179262841,0.005529035459730722
1.21,2.447883980614588,757.7246618175034,0.1713919074548219,0.027628157880185196,121.47805402970583,15.527467461866541,0.0055391281496865235
1.215,2.450018184319735,757.7244027522383,0.17150508432389164,0.02754693782510156,121.56018772924168,15.499785338111455,0.005549151157515031
1.22,2.4521423055796596,757.7241603280538,0.1716178437954396,0.027466019006282573,121.64201613221285,15.472183580660882,0.005559104790395906
1.225,2.4542564151527677,757.7239342287476,0.17173018737176735,0.02738540032794711,121.72354032258416,15.444661967857758,0.005568989358191483
1.23,2.4563605737801044,757.7237241607562,0.17184211659261775,0.027305080668667304,121.80476141468196,15.417220257156808,0.005578805162429352
1.235,2.458454842202717,757.7235298305162,0.17195363299773367,0.027225058907015258,121.88568052283264,15.389858206012748,0.005588552504637101
1.24,2.460539281161651,757.7233509444641,0.17206473812685796,0.027145333921563097,121.96629876136255,15.3625755718803,0.005598231686342321
1.245,2.462613951397953,757.723187209036,0.17217543351973355,0.02706590459088293,122.04661724459805,15.33537211221418,0.005607843009072601
1.25,2.4646789134711153,757.723038331088,0.17228572071660914,0.026986769793206595,122.12663708728451,15.308247584134545,0.005617386774187782
1.2550000000000001,2.4667342222536157,757.7229040305051,0.17239560127550507,0.02690792839471702,122.20635941854205,15.281201733726508,0.005626863277997913
1.26,2.468779941036813,757.7227840076275,0.17250507673345572,0.02682937927558759,122.28578534941695,15.254234321812378,0.0056362728248879205
1.2650000000000001,2.4708161209967865,757.7226779907916,0.17261414866065386,0.026751121293716183,122.36491601840311,15.227345087030473,0.005645615708000863
1.27,2.472842813309613,757.722585708334,0.17272281862729227,0.02667315330700068,122.44375256399437,15.200533768019119,0.005654892220479798
1.2750000000000001,2.4748600691513714,757.7225068885909,0.17283108820356374,0.026595474173338955,122.5222961246846,15.173800103416632,0.005664102655467784
1.28,2.476867939698139,757.7224412598991,0.1729389589596611,0.026518082750628898,122.60054783896769,15.147143831861339,0.005673247306107878
1.285,2.4788664761259938,757.722388550595,0.1730464324657771,0.026440977896768386,122.6785088453375,15.120564691991557,0.005682326465543138
1.29,2.480855724826599,757.72234850028,0.17315351030161208,0.026364158463445767,122.75618029029764,15.09406241455052,0.005691340422123749
1.295,2.4828357389722795,757.7223208323353,0.17326019403805232,0.02628762330778145,122.83356331172587,15.067636740128984,0.0057002894715231876
1.3,2.4848065622958244,757.7223052925339,0.17336648526195833,0.026211371276653204,122.91065906137031,15.041287394478394,0.005709173899674524
1.305,2.486768237358989,757.7223016294234,0.17347238556220473,0.026135401215644935,122.98746869273978,15.01501410150437,0.005717993991303885
1.31,2.4887208067235282,757.722309591552,0.17357789652766623,0.026059711970340523,123.06399335934312,14.988816585112533,0.005726750031137402
1.315,2.490664312951197,757.7223289274673,0.17368301974721742,0.02598430238632388,123.14023421468914,14.962694569208502,0.005735442303901205
1.32,2.4925987986037508,757.7223593857175,0.173787756809733,0.02590917130917889,123.21619241228672,14.936647777697896,0.005744071094321424
1.325,2.4945243004890427,757.7224007288875,0.1738921093078255,0.025834317582577777,123.29186910973971,14.91067592693008,0.005752636680543688
1.33,2.496440865549577,757.7224526945387,0.17399607883222026,0.025759740050166156,123.36726546028848,14.884778745294987,0.005761139352835223
1.335,2.4983485319080185,757.7225150418286,0.1740996669785763,0.02568543755322984,123.44238262248747,14.858955949729031,0.005769579391328006
1.34,2.500247333511468,757.7225875401413,0.17420287534469073,0.025611408932081872,123.51722175745391,14.83320725182947,0.0057779570713188825
1.345,2.502137304307027,757.7226699588609,0.1743057055283607,0.025537653027035315,123.59178402630505,14.80753236319357,0.005786272668104699
1.35,2.504018478241798,757.7227620673716,0.1744081591273833,0.02546416867840321,123.6660705901581,14.781930995418586,0.0057945264569823
1.355,2.505890889262881,757.7228636350575,0.17451023773955568,0.025390954726498622,123.74008261013032,14.756402860101781,0.005802718713248531
1.36,2.507754571317379,757.7229744313026,0.17461194296267493,0.025318010011634588,123.81382124733892,14.730947668840418,0.00581084971220024
1.365,2.509609558124496,757.7230942260734,0.1747132763943378,0.025245333374300065,123.8872876628066,14.705565133016027,0.005818919728835727
1.37,2.5114558764305315,757.7232228069464,0.17481423962874976,0.02517292365838507,123.96048301627626,14.680254956695228,0.0058269290293358035
1.375,2.5132935655408235,757.72335992921,0.17491483427439122,0.0251007796957482,124.03340847431784,14.655016854945265,0.005834877896729925
1.3800000000000001,2.5151226512726197,757.7235053826901,0.17501506192689165,0.025028900329372612,124.10606519718445,14.629850530301791,0.005842766596274369
1.385,2.5169431594431666,757.7236589572124,0.17511492418188054,0.02495728440224147,124.17845434512918,14.60475568530047,0.005850595393225415
1.3900000000000001,2.518755115869712,757.7238204426029,0.17521442263498743,0.02488593075733792,124.25057707840514,14.579732022476957,0.0058583645528393425
1.395,2.5205585463695024,757.7239896286876,0.17531355888184172,0.024814838237645128,124.32243455726542,14.554779244366914,0.005866074340372429
1.4000000000000001,2.5223534767597853,757.7241663052922,0.17541233451807298,0.024744005686146247,124.39402794196313,14.529897053506,0.0058737250210809545
1.405,2.5241399328578074,757.7243502622425,0.17551075113931064,0.024673431945824442,124.46535839275136,14.505085152429874,0.0058813168602211965
1.41,2.525917937654662,757.7245412969362,0.17560881033459314,0.024603115864810447,124.53642706564719,14.480343241951134,0.005888850118880794
1.415,2.527687516122001,757.7247392011043,0.1757065137020503,0.024533056284393305,124.60723512214334,14.455671022956672,0.0058963250616048315
1.42,2.5294486933783267,757.724943766052,0.17580386284097585,0.02446325204499827,124.67778372416576,14.431068196176604,0.0059037419532683095
1.425,2.531201488168848,757.72515480026,0.17590085933466246,0.024393701999481047,124.74807402338611,14.40653445873372,0.0059111010492129525
1.43,2.5329459192387724,757.7253721122088,0.17599750476640266,0.02432440500069737,124.81810717147602,14.38206950775082,0.005918402604780482
1.435,2.534682005333309,757.7255955103789,0.17609380071948905,0.024255359901502946,124.88788432010713,14.357673040350699,0.005925646875312624
1.44,2.5364097651976647,757.7258248032508,0.1761897487772142,0.024186565554753504,124.95740662095109,14.333344753656151,0.0059328341161511
1.445,2.538129217577049,757.7260597993054,0.1762853505228707,0.024118020813304757,125.02667522567957,14.309084344789973,0.005939964582637632
1.45,2.539840381216669,757.7263003070228,0.17638060753975113,0.024049724530012435,125.09569128596418,14.28489151087496,0.005947038530113947
1.455,2.5415432704587184,757.7265461473418,0.17647552139400424,0.023981675570721245,125.16445594170766,14.260765947906972,0.005954056206616675
1.46,2.543237906572284,757.7267971210458,0.17657009368507612,0.02391387277626451,125.23297035477633,14.23670735210014,0.005961017872453199
1.465,2.5449243041813103,757.7270530479876,0.17666432598397855,0.023846315008929513,125.30123566767332,14.212715418563535,0.005967923776598607
1.47,2.5466024759215373,757.7273137537081,0.17675821985331633,0.023779001137350184,125.3692530172054,14.188789842057782,0.005974774164648175
1.475,2.548272434428705,757.7275790637481,0.1768517768556943,0.02371193003016044,125.43702354017931,14.164930317343511,0.005981569282197184
1.48,2.5499341923385526,757.727848803648,0.17694499855371723,0.023645100555994208,125.50454837340179,14.141136539181351,0.00598830937484091
1.485,2.55158776228682,757.7281227989489,0.17703788650998997,0.0235785115834854,125.57182865367962,14.11740820233193,0.005994994688174632
1.49,2.5532331569092475,757.7284008751914,0.17713044228711727,0.023512161981267946,125.63886551781953,14.093745001555876,0.006001625467793627
1.495,2.554870388237528,757.7286828597684,0.1772226674439893,0.023446050620743283,125.70566010004606,14.070146631765988,0.006008201958123537
1.5,2.556499465280798,757.7289685890454,0.17731456352385264,0.023380176385030663,125.77221352330011,14.046612787943925,0.006014724398106513
1.5050000000000001,2.5581204030875355,757.7292578806388,0.17740613210983058,0.02331453812759825,125.83852693773488,14.023143162881446,0.006021193038722415
1.51,2.559733209060386,757.729550575727,0.17749737473703459,0.023249134737662207,125.90460146021283,13.999737451519229,0.006027608116021939
1.5150000000000001,2.5613378906019935,757.7298465154882,0.17758829294057607,0.02318396510443868,125.97043820759646,13.97639534879794,0.006033969866055777
1.52,2.562934455115003,757.730145541101,0.17767888825556655,0.023119028117143826,126.03603829674823,13.953116549658255,0.006040278524874623
1.5250000000000001,2.5645229100020583,757.7304474937434,0.17776916221711742,0.023054322664993788,126.10140284453064,13.929900749040842,0.006046534328529173
1.53,2.5661032626658047,757.7307522145938,0.17785911636034013,0.022989847637204727,126.16653296780616,13.906747641886374,0.006052737513070118
1.5350000000000001,2.567675520508886,757.7310595448307,0.17794875222034617,0.02292560192299279,126.23142978343728,13.883656923135522,0.006058888314548156
1.54,2.5692396888538327,757.7313693325416,0.17803807131490962,0.02286158442439308,126.29609439603507,13.860628289242698,0.006064986964409021
1.545,2.570795775115435,757.7316814183466,0.17812707518409363,0.02279779402703608,126.36052792521521,13.837661434028727,0.006071033699350549
1.55,2.5723437855974054,757.7319956465861,0.17821576535889697,0.022734229623256868,126.42473148408453,13.81475605205606,0.006077028753630351
1.555,2.5738837232675547,757.7323118728067,0.1783041433414454,0.02267089012672207,126.48870616549522,13.791911840554826,0.006082972353983091
1.56,2.575415591093693,757.7326299525547,0.17839221063386468,0.0226077744510983,126.55245306229936,13.769128496755144,0.006088864727143437
1.565,2.5769393920436308,757.7329497413768,0.17847996873828056,0.022544881510052187,126.61597326734913,13.74640571788714,0.006094706099846052
1.57,2.5784551290851794,757.7332710948194,0.17856741915681879,0.022482210217250345,126.67926787349666,13.723743201180932,0.006100496698825602
1.575,2.579962805186148,757.733593868429,0.17865456339160515,0.022419759486359405,126.74233797359406,13.701140643866648,0.0061062367508167535
1.58,2.581462423314348,757.7339179177521,0.17874140294476537,0.022357528231045976,126.80518466049351,13.678597743174409,0.006111926482554173
1.585,2.582953983531625,757.7342431089224,0.17882793928681098,0.02229551538823669,126.86780900441991,13.656114200030096,0.006117566113373485
1.59,2.584437490604501,757.7345692901425,0.17891417394642775,0.022233719852138917,126.9302121161473,13.633689707815718,0.006123155875496383
1.595,2.5859129445933653,757.7348963272187,0.17900010839758798,0.022172140557173866,126.99239506781832,13.611323966662658,0.006128695988694129
1.6,2.5873803447585675,757.7352240889327,0.179085744105055,0.0221107764445323,127.05435892506195,13.589016677831287,0.006134186670634648
1.605,2.588839690360457,757.7355524440662,0.17917108253359212,0.022049626455404994,127.11610475350712,13.566767542581976,0.006139628138985865
1.61,2.5902909806593826,757.7358812614013,0.17925612514796263,0.02198868953098272,127.17763361878279,13.544576262175095,0.006145020611415702
1.615,2.5917342149156934,757.7362104097198,0.17934087341292984,0.02192796461245624,127.23894658651793,13.522442537871017,0.006150364305592083
1.62,2.593169392389739,757.7365397578033,0.1794253287932571,0.02186745064101633,127.3000447223415,13.500366070930108,0.006155659439182933
1.625,2.594596511745958,757.736869176934,0.17950949274474157,0.02180714656442164,127.36092908549548,13.478346563897334,0.006160906228006951
1.6300000000000001,2.596015570654585,757.7371985421017,0.1795933667119169,0.0217470513387125,127.4216007266795,13.45638372066184,0.006166104885288539
1.635,2.597426569177829,757.7375277180043,0.17967695217781637,0.021687163891748632,127.4820607236983,13.434477239398126,0.006171255631993516
1.6400000000000001,2.598829503531514,757.7378565856475,0.179760250566411,0.02162748319464463,127.54231011246316,13.412626826823601,0.006176358676988048
1.645,2.6002243699314644,757.7381850260371,0.1798432633016717,0.02156800821851509,127.60234992888529,13.390832189655676,0.006181414229138299
1.6500000000000001,2.601611164593503,757.7385129201788,0.17992599180756938,0.021508737934474612,127.66218120887598,13.369093034611764,0.006186422497310437
1.655,2.6029898837334535,757.7388401490784,0.18000843750807502,0.021449671313637793,127.72180498834646,13.347409068409274,0.006191383690370626
1.6600000000000001,2.60436052356714,757.7391665937419,0.18009060182715955,0.021390807327119225,127.78122230320798,13.325779997765618,0.006196298017185032
1.665,2.605723080310386,757.7394921351748,0.18017248618879392,0.021332144946033513,127.8404341893718,13.304205529398208,0.0062011656866198216
1.67,2.607077548883623,757.7398166606558,0.18025409199156858,0.02127368316003903,127.8994416645454,13.282685374040238,0.006205986902715037
1.675,2.6084239257326285,757.7401400492561,0.18033542067025782,0.0212154209323969,127.95824577158693,13.261219236360542,0.006210761876038643
1.68,2.60976220611059,757.7404621859788,0.18041647363556482,0.021157357243951683,128.01684753625867,13.239806824860091,0.006215490812601257
1.685,2.611092383793067,757.7407829631502,0.18049725226804078,0.02109949109757057,128.07524796286387,13.218447852872703,0.006220173912743721
1.69,2.6124144525556177,757.7411022730968,0.18057775794823686,0.02104182149612077,128.13344805570583,13.197142033732202,0.006224811376806877
1.695,2.613728406173802,757.7414200081447,0.1806579920567042,0.02098434744246948,128.19144881908778,13.175889080772412,0.006229403405131568
1.7,2.6150342384231786,757.7417360606205,0.18073795597399392,0.02092706793948391,128.249251257313,13.154688707327155,0.006233950198058635
1.705,2.616331943079306,757.7420503228504,0.1808176510806572,0.020869981990031254,128.30685637468474,13.133540626730252,0.006238451955928922
1.71,2.6176215139177437,757.7423626871608,0.18089707875724517,0.02081308859697872,128.3642651755063,13.112444552315528,0.006242908879083269
1.715,2.618902943126898,757.742673055022,0.18097624034340734,0.020756386793018097,128.42147863454647,13.091400204351647,0.006247321160584082
1.72,2.620176225449864,757.7429813118882,0.18105513725421937,0.020699875555887676,128.47849777999568,13.070407289944725,0.006251689006507506
1.725,2.621441352985322,757.7432873593184,0.18113377083073248,0.02064355391727612,128.53532358735734,13.049465528967117,0.006256012609981987
1.73,2.622698317619298,757.7435911001521,0.1812121424081294,0.020587420913149405,128.59195702794406,13.028574642300827,0.006260292163107356
1.735,2.6239471112378174,757.7438924372285,0.18129025332159301,0.020531475579473487,128.64839907306842,13.00773435082786,0.00626452785798345
1.74,2.625187725726904,757.7441912733871,0.18136810490630603,0.020475716952214347,128.70465069404293,12.986944375430227,0.0062687198867100976
1.745,2.626420152972584,757.744487511467,0.1814456984974513,0.020420144067337945,128.76071286218013,12.966204436989928,0.006272868441387134
1.75,2.6276443848608815,757.7447810543079,0.1815230354302116,0.020364755960810253,128.81658654879263,12.945514256388973,0.006276973714114392
1.7550000000000001,2.6288604129141224,757.7450718075605,0.18160011702566553,0.020309551678860508,128.87227271508087,12.924873557064586,0.006281035894659811
1.76,2.6300682284741614,757.7453596773527,0.18167694460421785,0.020254530268227648,128.9277723212126,12.904282062425569,0.0062850551725093535
1.7650000000000001,2.6312678234822413,757.7456445648519,0.18175351951222915,0.02019969075677289,128.9830863458647,12.883739491103485,0.006289031741342532
1.77,2.632459188436647,757.7459263826878,0.18182984303813815,0.02014503221450018,129.03821572640177,12.863245572266798,0.006292965785307368
1.7750000000000001,2.633642313835664,757.7462050434902,0.18190591647038365,0.020090553711413477,129.09316140018834,12.842800035083977,0.00629685748855188
1.78,2.634817190177578,757.7464804598887,0.18198174109740436,0.020036254317516728,129.14792430458903,12.822402608723484,0.006300707035224089
1.7850000000000001,2.635983807960674,757.7467525445131,0.18205731820763907,0.019982133102813885,129.20250537696836,12.802053022353785,0.006304514609472015
1.79,2.637142157683237,757.7470212099929,0.18213264908952653,0.0199281891373089,129.25690555469095,12.781751005143345,0.006308280395443679
1.795,2.638292229843553,757.7472863689578,0.1822077350315055,0.019874421491005725,129.3111257751213,12.76149628626063,0.0063120045772871005
1.8,2.6394340144138404,757.7475479397596,0.1822825772910505,0.019820829256410304,129.3651669533267,12.741288600708677,0.00631568733427644
1.805,2.640567501966325,757.7478058323345,0.1823571771736165,0.01976741149118621,129.41903003815523,12.721127674263586,0.006319328853010111
1.81,2.641692682477168,757.7480599636922,0.18243153594611844,0.019714167280999163,129.4727159510774,12.701013240004782,0.0063229293140534115
1.815,2.6428095455138756,757.748310255605,0.18250565484935738,0.019661095730488264,129.52622559490808,12.680945035961216,0.006326488893894121
1.82,2.6439180806439513,757.7485566298454,0.1825795351241343,0.019608195944292608,129.57955987246223,12.660922800161828,0.00633000776902002
1.825,2.6450182774349003,757.7487990081861,0.18265317801125022,0.01955546702705129,129.63271968655474,12.640946270635569,0.0063334861159188875
1.83,2.6461101254542276,757.7490373123992,0.1827265847515062,0.019502908083403398,129.6857059400006,12.621015185411386,0.006336924111078505
1.835,2.6471936142694377,757.7492714642574,0.18279975658570316,0.01945051821798804,129.7385195356146,12.601129282518224,0.00634032193098665
1.84,2.648268733448035,757.7495013855331,0.18287269475464218,0.019398296535444306,129.79116137621182,12.58128829998503,0.006343679752131104
1.845,2.6493354721224023,757.7497270060472,0.18294540045268928,0.01934624217411877,129.84363233099788,12.561491984867418,0.006346997743990982
1.85,2.6503938199852892,757.7499482411685,0.18301787496062705,0.019294354209657232,129.8959333308241,12.54174006722196,0.006350276088817966
1.855,2.6514437660983368,757.7501650210276,0.18309011947232387,0.0192426317807776,129.9480652444927,12.522032294139153,0.006353514955909717
1.86,2.6524852995140544,757.7503772759585,0.18316213518045377,0.019191074027064492,130.00002893995017,12.502368412943262,0.006356714514385636
1.865,2.653518409284952,757.7505849362952,0.18323392327769078,0.019139680088102556,130.05182528514302,12.482748170958551,0.0063598749333651245
1.87,2.6545430844635405,757.7507879323721,0.18330548495670893,0.019088449103476426,130.1034551480178,12.463171315509284,0.006362996381967584
1.875,2.655559314102329,757.7509861945227,0.18337682141018222,0.019037380212770735,130.15491939652094,12.443637593919723,0.006366079029312417
1.8800000000000001,2.656567087253827,757.7511796530814,0.1834479338307847,0.018986472555570115,130.20621889859902,12.424146753514133,0.006369123044519026
1.885,2.6575663929646582,757.7513682421993,0.1835188233872683,0.01893572528880168,130.25735450521827,12.404698546427554,0.006372128593284314
1.8900000000000001,2.6585572201574594,757.7515518933106,0.1835894912668237,0.01888513755603936,130.30832708005588,12.385292720995507,0.0063750958438200675
1.895,2.6595395577308816,757.7517305347128,0.18365993867722283,0.018834708485942472,130.3591375010742,12.365929021387792,0.00637802496721264
1.9000000000000001,2.66051339460404,757.7519041052066,0.18373016676018092,0.018784437255055277,130.40978659938804,12.346607205082732,0.006380916125121057
1.905,2.6614787196960488,757.7520725435922,0.1838001766574132,0.018734323039922045,130.46027520611216,12.327327029558651,0.006383769479204342
1.9100000000000001,2.6624355219260227,757.7522357886706,0.1838699695106349,0.018684365017087038,130.51060415236137,12.308088252293867,0.006386585191121521
1.915,2.663383790213076,757.7523937792421,0.18393954646156124,0.018634562363094524,130.56077426925037,12.288890630766709,0.006389363422531615
1.92,2.6643235134763232,757.7525464541072,0.18400890865190747,0.018584914254488764,130.61078638789402,12.269733922455494,0.006392104335093652
1.925,2.6652546806348787,757.7526937520666,0.1840780572233888,0.018535419867814023,130.66064133940705,12.250617884838544,0.006394808090466653
1.93,2.666177280607857,757.7528356119209,0.18414699331772047,0.01848607837961457,130.71033995490424,12.231542275394187,0.006397474850309644
1.935,2.6670913026661425,757.7529719810772,0.18421571801994677,0.0184368890074837,130.7598830250843,12.21250686324792,0.006400104768447803
1.94,2.667996735181528,757.7531027910543,0.18428423252267068,0.018387850891132384,130.80927141644452,12.19351139526942,0.006402698013327856
1.945,2.6688935672740244,757.7532279876725,0.18435253792302683,0.018338963239408347,130.85850592780974,12.174555638045502,0.0064052547403181505
1.95,2.6697817881231267,757.7533475179506,0.1844206353101587,0.01829022526694652,130.90758735233794,12.15563935981159,0.006407775103691318
1.955,2.670661386908331,757.7534613289071,0.18448852577320987,0.018241636188381823,130.95651648318707,12.136762328803087,0.006410259257719993
1.96,2.6715323528091326,757.7535693675603,0.18455621040132386,0.018193195218349188,131.00529411351505,12.117924313255415,0.006412707356676809
1.965,2.672394675005028,757.7536715809291,0.18462369028364417,0.018144901571483543,131.05392103647984,12.099125081403985,0.0064151195548344
1.97,2.673248342675513,757.7537679160318,0.18469096650931435,0.018096754462419814,131.10239804523937,12.080364401484212,0.0064174960064654
1.975,2.674093345000083,757.7538583198872,0.18475804016747796,0.018048753105792927,131.1507259329516,12.06164204173151,0.006419836865842442
1.98,2.6749296715855473,757.7539427439981,0.18482491231594908,0.018000896738909002,131.19890547051654,12.042957776968445,0.0064221422830835284
1.985,2.6757573113886313,757.7540211347347,0.18489158405006004,0.017953184571939784,131.24693745495102,12.024311374050686,0.006424412413143291
1.99,2.676576253496516,757.7540934397134,0.18495805645686494,0.017905615821048475,131.2948226772837,12.00570260158223,0.0064266474098525084
1.995,2.6773864877142715,757.7541596136692,0.18502433057339818,0.01785818973859122,131.34256189310722,11.987131238703709,0.006428847420434981
2.0,2.678188003846965,757.754219611337,0.18509040743669417,0.01781090557692417,131.39015585801428,11.968597064555754,0.006431012592114506
2.005,2.6789807916996664,757.7542733874517,0.18515628808378728,0.017763762588403474,131.43760532759757,11.950099858279,0.006433143072114882
2.0100000000000002,2.679764841077444,757.754320896748,0.18522197355171194,0.017716760025385275,131.48491105744975,11.931639399014076,0.0064352390076599115
2.015,2.680540141785367,757.754362093961,0.18528746487750256,0.017669897140225727,131.53207380316348,11.91321546590162,0.00643730054597339
2.02,2.6813066836285033,757.7543969338254,0.18535276309819354,0.01762317318528098,131.57909432033148,11.894827838082264,0.006439327834279119
2.025,2.6820644564470575,757.7544253713123,0.18541786924908787,0.01757658741415904,131.62597336331933,11.87647629506747,0.006441321019579455
2.0300000000000002,2.682813451126027,757.7544473689827,0.18548278431057483,0.01753013912018016,131.6727116473177,11.85816062809578,0.0064432802417903594
2.035,2.683553656248201,757.7544628744826,0.18554750937361814,0.017483827516723064,131.71930996551058,11.839880604693525,0.006445205654876745
2.04,2.684285062570804,757.7544718498111,0.18561204542384252,0.0174376518933289,131.76576903648683,11.821636014966982,0.006447097399344475
2.045,2.685007660851062,757.754474256968,0.1856763934468727,0.017391611539538814,131.81208957883536,11.803426649022427,0.006448955615699415
2.05,2.685721441846199,757.7544700579526,0.18574055442833343,0.017345705744893962,131.858272311145,11.785252296966137,0.006450780444447429
2.055,2.6864263963134407,757.7544592147646,0.18580452935384936,0.017299933798935487,131.9043179520046,11.767112748904387,0.006452572026094382
2.06,2.6871225150100115,757.754441689403,0.18586831920904523,0.017254294991204552,131.95022722000306,11.74900779494346,0.006454330501146138
2.065,2.687809788693137,757.7544174438676,0.18593192497954578,0.0172087886112423,131.9960008337292,11.730937225189626,0.006456056010108561
2.07,2.688488208120042,757.7543864401579,0.18599534765097572,0.01716341394858988,132.04163951177193,11.712900829749167,0.006457748693487516
2.075,2.689157765002812,757.754348645184,0.18605858817171478,0.01711817031970146,132.087143946275,11.694898406818846,0.006459408687156101
2.08,2.689818449483318,757.7543040186232,0.18612164754654714,0.017073057000287457,132.13251486888768,11.676929742289936,0.006461036133873514
2.085,2.6904702526193987,757.754252524641,0.18618452674634517,0.01702807329056095,132.17775298720446,11.658994629441851,0.006462631172181422
2.09,2.691113166411315,757.7541941320924,0.18624722670621133,0.016983218516579936,132.22285898350412,11.64109286933524,0.006464193936190996
2.095,2.6917471828593262,757.7541288098328,0.18630974836124806,0.0169384920044024,132.26783354006545,11.623224263030744,0.006465724560013405
2.1,2.692372293963692,757.7540565267174,0.18637209264655777,0.01689389308008635,132.31267733916718,11.605388611589014,0.006467223177759819
2.105,2.6929884917246723,757.7539772516012,0.18643426049724293,0.016849421069689775,132.35739106308804,11.587585716070691,0.006468689923541406
2.11,2.693595768142527,757.7538909533396,0.18649625284840596,0.01680507529927067,132.40197539410687,11.569815377536425,0.006470124931469337
2.115,2.6941941152175164,757.7537976007877,0.1865580706351493,0.016760855094887027,132.4464310145024,11.55207739704686,0.006471528335654782
2.12,2.694783525269469,757.7536971640877,0.18661971478244635,0.01671675978991104,132.49075859938088,11.534371577894216,0.006472900268988619
2.125,2.6953639913487732,757.7535896166885,0.18668118618997007,0.016672788735991418,132.53495880565396,11.516697728919569,0.006474240861249704
2.13,2.695935504257115,757.7534749232067,0.18674248582783837,0.016628941233914042,132.57903233984987,11.49905564343735,0.006475550250635667
2.1350000000000002,2.6964980574955417,757.7533530589809,0.1868036145816659,0.016585216645482764,132.62297984873302,11.481445133393061,0.0064768285651777965
2.14,2.6970516445650987,757.7532239993502,0.1868645733370672,0.016541614332501436,132.6668019790678,11.463866010732206,0.006478075932907381
2.145,2.697596258966833,757.7530877196532,0.18692536297965698,0.016498133656773904,132.71049937761853,11.446318087400282,0.006479292481855712
2.15,2.698131894201791,757.7529441952287,0.18698598439504974,0.016454773980104018,132.75407269114964,11.428801175342791,0.006480478340054078
2.1550000000000002,2.698658543771019,757.7527934014155,0.18704643846886013,0.01641153466429562,132.7975225664255,11.411315086505232,0.0064816336355337685
2.16,2.6991762011755633,757.7526353135526,0.18710672608670278,0.01636841507115257,132.84084965021043,11.393859632833106,0.006482758496326074
2.165,2.6996848599164704,757.7524699069784,0.18716684813419224,0.016325414562478713,132.88405458926886,11.376434626271918,0.006483853050462283
2.17,2.70018451501825,757.7522971622338,0.18722680545497603,0.016282532530367023,132.92713800058993,11.359039888117415,0.006484917421038806
2.1750000000000003,2.7006751587952604,757.752117051158,0.18728659896435126,0.016239768315210994,132.9701005514608,11.341675223669103,0.006485951739452964
2.18,2.701156785620723,757.7519295523828,0.18734622952271446,0.01619712129702405,133.01294287035037,11.324340450483785,0.006486956130668282
2.185,2.701629390723389,757.7517346473893,0.18740569796733988,0.01615459087250627,133.05566556938138,11.307035391275353,0.006487930716941993
2.19,2.702092969332011,757.751532317659,0.1874650051355018,0.016112176438357724,133.09826926067652,11.289759868757695,0.0064888756205313345
2.195,2.7025475166753417,757.7513225446734,0.18752415186447438,0.016069877391278495,133.14075455635853,11.272513705644704,0.006489790963693541
2.2,2.702993027982134,757.7511053099137,0.18758313899153195,0.016027693127968652,133.1831220685501,11.255296724650265,0.006490676868685848
2.205,2.7034294984811393,757.7508805948614,0.1876419673539487,0.01598562304512828,133.22537240937396,11.238108748488273,0.006491533457765491
2.21,2.7038569234011107,757.7506483809979,0.18770063778899893,0.015943666539457453,133.26750619095284,11.220949599872618,0.006492360853189706
2.215,2.704275298683876,757.7504086518652,0.18775915111683664,0.015901823020005295,133.30952401329785,11.203819105375153,0.006493159175261094
2.22,2.7046846202215495,757.7501613911339,0.18781750815727813,0.015860091896071318,133.35142647588765,11.186717091627,0.006493928544177867
2.225,2.7050848824021685,757.7499065782116,0.18787570976623846,0.015818472550919952,133.39321420357075,11.1696433771308,0.006494669084212418
2.23,2.7054760823803234,757.7496442004074,0.18793375673388385,0.015776964415239222,133.4348877747573,11.152597795214843,0.0064953809121443655
2.235,2.7058582173106065,757.7493742450307,0.18799164985038055,0.015735566919717177,133.47644776785756,11.135580179207418,0.006496064144753326
2.24,2.706231284347608,757.7490966993906,0.1880493899058948,0.015694279495041843,133.51789476128175,11.118590362436809,0.006496718898818917
2.245,2.7065952806459204,757.7488115507965,0.18810697769059284,0.015653101571901265,133.55922933344007,11.101628178231312,0.0064973452911207576
2.25,2.706950203360134,757.7485187865577,0.1881644139946409,0.015612032580983476,133.60045206274276,11.08469345991921,0.006497943438438465
2.255,2.7072960496448406,757.7482183939834,0.18822169960820523,0.015571071952976516,133.64156352760003,11.067786040828794,0.006498513457551657
2.2600000000000002,2.7076328166546317,757.7479103603828,0.18827883532145206,0.015530219118568419,133.68256430642208,11.050905754288353,0.006499055465239952
2.265,2.7079605036404613,757.7475946784582,0.18833582187891662,0.015489473541347219,133.72345494527278,11.034052444006528,0.0064995695731862565
2.27,2.708279105923178,757.7472713312027,0.1883926601086668,0.015448834624685426,133.76423604891067,11.017225934672837,0.006500055902282805
2.275,2.7085886221818583,757.7469403100175,0.1884493507673371,0.015408301823453773,133.8049081716753,11.000426067250169,0.006500514565483094
2.2800000000000002,2.708889051668109,757.7466016077473,0.18850589459927994,0.015367874601377736,133.84547185923313,10.983652685497518,0.006500945674375905
2.285,2.7091803936335395,757.7462552172362,0.18856229234884764,0.015327552422182804,133.88592765725068,10.96690563317388,0.006501349340550023
2.29,2.7094626473297563,757.7459011313291,0.18861854476039258,0.015287334749594454,133.92627611139446,10.950184754038249,0.0065017256755942315
2.295,2.7097358120083683,757.7455393428703,0.1886746525782671,0.015247221047338168,133.966517767331,10.93348989184962,0.006502074791097314
2.3000000000000003,2.7099998869209827,757.7451698447042,0.18873061654682355,0.015207210779139424,134.0066531707268,10.916820890366987,0.006502396798648054
2.305,2.710254871319208,757.7447926296753,0.1887864374104143,0.015167303408723708,134.04668286724836,10.900177593349344,0.006502691809835234
2.31,2.71050076561166,757.7444076932555,0.18884211589061678,0.015127498416228798,134.08660738646591,10.883559849786389,0.0065029599337747
2.315,2.7107375691305946,757.7440150286886,0.188897652729065,0.015087795267345768,134.12642727182518,10.866967504051908,0.0065032012816918445
2.32,2.7109652808396216,757.7436146283939,0.18895304867502202,0.015048193422269415,134.166143072081,10.850400398779843,0.006503415965611384
2.325,2.7111839022332327,757.7432064904765,0.18900830442836347,0.015008692376783208,134.20575530115102,10.833858387952953,0.006503604092208244
2.33,2.711393434805918,757.742790613042,0.18906342068896492,0.01496929162667062,134.2452644729527,10.817341325553997,0.006503765768157352
2.335,2.7115938800521695,757.7423669941954,0.18911839815670198,0.01492999066771512,134.28467110140366,10.800849065565735,0.0065039011001336335
2.34,2.711785239466477,757.7419356320424,0.1891732375314502,0.014890788995700175,134.32397570042153,10.784381461970927,0.0065040101948120165
2.345,2.7119675145433324,757.7414965246882,0.18922793951308528,0.014851686106409254,134.36317878392381,10.767938368752331,0.006504093158867429
2.35,2.712140706777226,757.741049670238,0.1892825048014827,0.014812681495625831,134.40228086582812,10.751519639892708,0.006504150098974795
2.355,2.7123048176626487,757.7405950667973,0.18933693409651808,0.014773774659133375,134.441282460052,10.735125129374818,0.006504181121809042
2.36,2.7124598513410554,757.7401327179754,0.18939122804967096,0.014734965127578102,134.48018404623824,10.718754702389894,0.006504186328896748
2.365,2.712605806821409,757.739662617016,0.18944538740491276,0.014696252364989027,134.51898616904182,10.702408202703566,0.0065041658314856565
2.37,2.712742687784375,757.7391847666607,0.18949941282223878,0.014657635895882367,134.5576893139205,10.686085493548717,0.006504119731945667
2.375,2.712870498089366,757.7386991700165,0.18955330495841283,0.014619115247101853,134.59629396405282,10.669786438906954,0.006504048132304958
2.38,2.7129892415957944,757.73820583019,0.18960706447019884,0.014580689945491226,134.63480060261725,10.653510902759889,0.006503951134591706
2.3850000000000002,2.713098922163073,757.7377047502882,0.18966069201436067,0.01454235951789422,134.67320971279233,10.637258749089128,0.006503828840834089
2.39,2.7131995436506147,757.7371959334179,0.18971418824766217,0.01450412349115458,134.7115217777566,10.621029841876286,0.006503681353060284
2.395,2.7132911099178325,757.7366793826857,0.18976755382686722,0.01446598139211604,134.7497372806885,10.604824045102973,0.0065035087732984685
2.4,2.713373624824139,757.7361551011986,0.18982078940873973,0.014427932747622342,134.7878567047666,10.588641222750795,0.006503311203576821
2.4050000000000002,2.713447093837728,757.7356230950943,0.1898738956228114,0.014389977104125226,134.82588051394097,10.572481245161288,0.0065030887431061345
2.41,2.713511520235281,757.7350833665597,0.1899268731348895,0.014352113981963333,134.863809197478,10.556343974200557,0.006502841494779529
2.415,2.713566908231737,757.7345359195224,0.18997972259544235,0.014314342912519857,134.90164323379963,10.540229275331281,0.006502569559890611
2.42,2.713613264150986,757.7339807618436,0.19003244461950317,0.014276663452691242,134.93938307636168,10.524137022295296,0.006502273036078055
2.4250000000000003,2.713650594316919,757.7334179013842,0.19008503982210512,0.014239075159373931,134.97702917862003,10.508067088834435,0.0065019520209805325
2.43,2.7136789050534267,757.7328473460055,0.19013750881828137,0.014201577589464377,135.01458199403052,10.492019348690537,0.006501606612236718
2.435,2.7136982026843994,757.7322691035687,0.19018985222306514,0.014164170299859016,135.05204197604894,10.475993675605434,0.006501236907485285
2.44,2.713708493533728,757.7316831819348,0.19024207065148963,0.0141268528474543,135.0894095781312,10.459989943320961,0.006500843004364906
2.445,2.713709783925303,757.731089588965,0.19029416471858798,0.01408962478914667,135.12668525373311,10.444008025578956,0.006500425000514253
2.45,2.7137020804458927,757.730488332975,0.19034613503522965,0.014052485684829369,135.1638694533764,10.428047797101437,0.006499982993152416
2.455,2.713685391786257,757.7298794260053,0.19039798217852397,0.014015435118697092,135.20096260364707,10.41210914055487,0.006499517076062332
2.46,2.713659721964838,757.7292628720877,0.19044970679959733,0.013978472621675403,135.23796518311698,10.396191921191663,0.0064990273504373424
2.465,2.713625079848303,757.7286386836,0.19050130947314006,0.013941597779702556,135.2748776165356,10.38029602226494,0.006498513909774065
2.47,2.713581474303321,757.7280068729206,0.19055279077384243,0.0139048101787168,135.31170032865248,10.364421327027818,0.006497976847569113
2.475,2.713528914196561,757.727367452427,0.19060415127639477,0.013868109404656392,135.34843374421703,10.348567718733426,0.0064974162573191024
2.48,2.7134674083946915,757.7267204344973,0.1906553915554873,0.013831495043459582,135.38507828797879,10.332735080634883,0.006496832232520649
2.485,2.713396965764381,757.7260658315097,0.1907065121858104,0.01379496668106462,135.42163438468722,10.316923295985314,0.006496224866670367
2.49,2.7133175951722976,757.7254036558419,0.19075751374205427,0.013758523903409757,135.45810245909183,10.301132248037836,0.006495594253264872
2.495,2.713229305485111,757.7247339198718,0.1908083967989093,0.013722166296433249,135.49448293594207,10.285361820045578,0.006494940485800779
2.5,2.7131321076069304,757.7240566392765,0.1908591619004145,0.01368589346812688,135.53077621836286,10.26961190253032,0.006494263654750927
2.505,2.7130260091588068,757.723371824567,0.1909098096394437,0.013649704991351964,135.5669827436435,10.2538823744345,0.00649356385533308
2.5100000000000002,2.71291102002003,757.7226794898612,0.19096034057548064,0.013613600462992934,135.6031029255543,10.238173122632409,0.006492841179473542
2.515,2.712787151658217,757.721979651824,0.1910107552442603,0.013577579497020487,135.6391371611497,10.222484039631862,0.0064920957167646206
2.52,2.7126544155409844,757.7212723271201,0.19106105418151767,0.013541641707405313,135.67508584748416,10.206815017940674,0.006491327556798629
2.525,2.7125128231359485,757.7205575324145,0.19111123792298776,0.013505786708118106,135.7109493816121,10.191165950066658,0.006490536789167876
2.5300000000000002,2.7123623859107258,757.719835284372,0.1911613070044056,0.013470014113129557,135.74672816058796,10.175536728517628,0.006489723503464673
2.535,2.7122031153329327,757.7191055996575,0.19121126196150615,0.013434323536410366,135.78242258146622,10.1599272458014,0.006488887789281331
2.54,2.712035022870187,757.7183684949357,0.19126110333002447,0.013398714591931222,135.8180330413013,10.144337394425788,0.006488029736210159
2.545,2.7118581206963124,757.7176239879352,0.19131083163561222,0.01336318690091506,135.85355993004777,10.128767069307456,0.006487149432874873
2.5500000000000003,2.7116724217669073,757.7168720976404,0.19136044739243835,0.01332774009284669,135.88900362942616,10.113216168105371,0.006486246966758568
2.555,2.7114779360404007,757.7161128385599,0.19140995115765905,0.013292373766295634,135.9243645513008,10.097684578221518,0.006485322429436937
2.56,2.711274677624438,757.7153462314213,0.19145934342943646,0.013257087562260687,135.95964306603398,10.082172201156169,0.006484375906826183
2.565,2.7110626606266637,757.7145722969523,0.19150862470593272,0.013221881121740643,135.99483954398784,10.066678938409602,0.006483407484842512
2.57,2.710841899154723,757.7137910558804,0.19155779548531,0.013186754085734302,136.02995435552464,10.051204691482095,0.006482417249402125
2.575,2.71061240731626,757.7130025289331,0.19160685626573043,0.013151706095240454,136.06498787100657,10.03574936187392,0.006481405286421228
2.58,2.7103741992189203,757.712206736838,0.19165580754535616,0.013116736791257905,136.09994046079584,10.02031285108536,0.006480371681816026
2.585,2.7101272889703485,757.7114037003226,0.19170464982234933,0.013081845814785449,136.13481249525466,10.004895060616688,0.006479316521502722
2.59,2.709871690678189,757.7105934401147,0.19175338359487207,0.013047032806821882,136.16960434474527,9.989495891968179,0.006478239891397519
2.595,2.7096074208704706,757.7097759803894,0.19180200932790328,0.01301229743222554,136.20431635623373,9.974115254623038,0.006477141874294638
2.6,2.709334491802494,757.7089513393652,0.19185052754468337,0.012977639313969095,136.23894891748915,9.958753044053635,0.00647602255839598
2.605,2.709052919208618,757.7081195401527,0.19189893872128796,0.012943058108935888,136.27350238309967,9.943409167090586,0.006474882027482097
2.61,2.7087627198574755,757.7072806073223,0.19194724331968016,0.012908553484155844,136.30797709772725,9.928083533960253,0.006473720364011889
2.615,2.708463910517701,757.7064345654443,0.1919954418018231,0.012874125106658878,136.34237340603386,9.912776054888994,0.006472537650444255
2.62,2.708156507957927,757.705581439089,0.19204353462967996,0.012839772643474924,136.37669165268142,9.897486640103173,0.006471333969238099
2.625,2.7078405289467877,757.7047212528266,0.19209152226521384,0.0128054957616339,136.4109321823319,9.882215199829147,0.006470109402852319
2.63,2.707515990252916,757.7038540312275,0.1921394051703879,0.012771294128165729,136.44509533964728,9.866961644293278,0.006468864033745818
2.6350000000000002,2.7071829086449455,757.7029797988619,0.19218718380716535,0.012737167410100335,136.4791814692895,9.851725883721924,0.006467597944377495
2.64,2.7068413020092645,757.7020985817937,0.1922348586227944,0.012703115285044347,136.51319090556458,9.836507831906186,0.006466311215858822
2.645,2.7064911877487257,757.701210405514,0.19228243007068865,0.01266913742617616,136.54712398697015,9.821307401144718,0.006465003929825342
2.65,2.706132581918801,757.7003152937273,0.19232989862228433,0.012635233493721141,136.58098106460116,9.806124499383039,0.006463676169537714
2.6550000000000002,2.705765503952862,757.6994132746298,0.1923772647047089,0.012601403179752085,136.6147624583991,9.790959045304097,0.006462328014207117
2.66,2.705389973284281,757.6985043764173,0.1924245287450898,0.012567646176341792,136.6484684883055,9.77581095759084,0.00646095954304473
2.665,2.70500600934643,757.6975886272858,0.19247169117055446,0.012533962175563053,136.68209947426192,9.760680154926213,0.0064595708352617335
2.67,2.70461363157268,757.696666055431,0.19251875240823033,0.012500350869488667,136.71565573620987,9.745566555993163,0.006458161970069307
2.6750000000000003,2.704212859396403,757.6957366890489,0.1925657128852448,0.012466811950191423,136.7491375940909,9.730470079474637,0.006456733026678627
2.68,2.7038037122509713,757.6948005563354,0.19261257302872536,0.012433345109744125,136.78254536784652,9.715390644053583,0.006455284084300877
2.685,2.703386209569756,757.6938576854864,0.19265933326579945,0.012399950040219565,136.8158793774183,9.700328168412947,0.0064538152221472345
2.69,2.7029603735270307,757.6929081081845,0.1927059939886383,0.012366626458809964,136.84913991810956,9.685282579761756,0.006452326516292282
2.695,2.7025262211899577,757.6919518497295,0.19275255565444815,0.012333374035978917,136.88232733080457,9.670253789454794,0.006450818048572757
2.7,2.7020837741492176,757.6909889411043,0.1927990186631629,0.01230019248334312,136.91544191611456,9.655241722825172,0.006449289895714026
2.705,2.7016330544903204,757.6900194139147,0.19284538340842616,0.012267081517039277,136.94848397022784,9.640246306740458,0.006447742133880092
2.71,2.701174084298776,757.6890432997671,0.1928916502838815,0.012234040853204082,136.9814537893327,9.625267468068213,0.0064461748392349565
2.715,2.7007068856600953,757.6880606302678,0.1929378196831725,0.012201070207974233,137.01435166961747,9.610305133676002,0.006444588087942622
2.72,2.7002314806597885,757.6870714370228,0.1929838919999427,0.012168169297486426,137.0471779072704,9.59535923043139,0.00644298195616709
2.725,2.6997478913833657,757.6860757516386,0.19302986762783572,0.012135337837877364,137.07993279847977,9.58042968520194,0.006441356520072362
2.73,2.6992561399163377,757.685073605721,0.19307574696049512,0.012102575545283743,137.1126166394339,9.565516424855218,0.0064397118558224406
2.735,2.698756249817742,757.6840650326436,0.19312153037333424,0.01206988214893852,137.14522971349206,9.550619380735224,0.006438048037989762
2.74,2.698248243039084,757.6830500639206,0.19316721826157948,0.012037257363844376,137.1777723178137,9.535738479323776,0.006436365142834179
2.745,2.697732141689416,757.6820287312536,0.19321281101881418,0.012004700906184855,137.21024474834377,9.52087364751875,0.006434663246457857
2.75,2.697207970478259,757.6810010694445,0.19325830900653856,0.011972212515190782,137.24264727847205,9.506024820098219,0.006432942422169311
2.755,2.6966757541151334,757.6799671132956,0.19330371258625273,0.01193979193009298,137.27498018158832,9.49119193184025,0.006431202743277056
2.7600000000000002,2.69613551730956,757.678926897609,0.19334902211945684,0.011907438890122274,137.30724373108234,9.476374917522916,0.006429444283089606
2.765,2.6955872847710594,757.6778804571869,0.1933942379676511,0.011875153134509493,137.33943820034386,9.461573711924292,0.0064276671149154745
2.77,2.695031081209152,757.6768278268314,0.1934393604923356,0.01184293440248546,137.37156386276268,9.446788249822443,0.006425871312063178
2.775,2.694466931333359,757.6757690413448,0.19348439005501053,0.011810782433281,137.40362099172853,9.432018465995444,0.006424056947841231
2.7800000000000002,2.6938948598532013,757.6747041355289,0.19352932701717604,0.011778696966126937,137.4356098606312,9.417264295221365,0.006422224095558146
2.785,2.6933148944645056,757.6736331476068,0.193574171704265,0.011746677766158517,137.46753071743538,9.40252568119406,0.00642037282543476
2.79,2.692727057112401,757.672556109317,0.19361892451126628,0.01171472454855889,137.49938385889868,9.387802550424206,0.006418503213575326
2.795,2.692131375082906,757.6714730584387,0.19366358576892248,0.01168283707465159,137.5311695365947,9.37309484531035,0.006416615330620655
2.8000000000000003,2.6915278756666834,757.6703840327555,0.1937081558079201,0.011651015105800376,137.56288800205758,9.358402508264886,0.006414709247206797
2.805,2.6909165861543984,757.6692890700515,0.1937526349589457,0.01161925840336901,137.59453950682152,9.343725481700208,0.006412785033969798
2.81,2.690297533836713,757.6681882081108,0.1937970235526858,0.011587566728721252,137.62612430242072,9.329063708028713,0.006410842761545708
2.815,2.6896707460042917,757.6670814847173,0.19384132191982695,0.011555939843220862,137.65764264038935,9.31441712966279,0.006408882500570573
2.82,2.6890362499477978,757.6659689376551,0.19388553039105566,0.011524377508231601,137.68909477226163,9.299785689014834,0.0064069043216804416
2.825,2.6883940729578946,757.6648506047079,0.1939296492970585,0.011492879485117229,137.7204809495717,9.285169328497242,0.006404908295511361
2.83,2.6877442440818653,757.6637265255589,0.19397367894774667,0.0114614455501589,137.75180140922652,9.270567995691552,0.006402894490968735
2.835,2.687086789833106,757.6625967372187,0.19401761968305328,0.011430075458083857,137.78305640913396,9.255981630714293,0.006400862979416082
2.84,2.6864217381609907,757.661461278235,0.19406147182619807,0.011398768975620012,137.81424619539771,9.241410177852137,0.006398813830820313
2.845,2.6857491188804823,757.6603201891594,0.1941052356783745,0.011367525885310441,137.8453709986287,9.2268535868734,0.006396747113319537
2.85,2.6850689618065453,757.6591735105432,0.19414891154077596,0.011336345969698224,137.87643104943785,9.212311807546401,0.006394662895051866
2.855,2.684381296754144,757.6580212829376,0.19419249971459587,0.011305229011326436,137.9074265784361,9.197784789639458,0.006392561244155407
2.86,2.6836861535382415,757.6568635468944,0.1942360005010277,0.011274174792738153,137.93835781623437,9.183272482920888,0.006390442228768273
2.865,2.6829835619738023,757.6557003429647,0.19427941420126485,0.011243183096476447,137.9692249934436,9.168774837159008,0.006388305917028572
2.87,2.6822735518757903,757.6545317117,0.19432274111650077,0.011212253705084402,138.0000283406747,9.154291802122138,0.006386152377074414
2.875,2.681556153471215,757.6533576940724,0.1943659815431364,0.011181386404545432,138.03076808516536,9.139823328778846,0.0063839816766547
2.88,2.680831398485404,757.6521783326206,0.194409135760161,0.011150580993343663,138.06144444183764,9.125369372459216,0.006381793882083571
2.8850000000000002,2.680099314935495,757.6509936661213,0.19445220408994776,0.011119837238820662,138.09205765604705,9.110929877640112,0.006379589063172496
2.89,2.679359935090679,757.6498037376783,0.19449518680550998,0.011089154943751468,138.12260793840431,9.09650480116486,0.006377367285727853
2.895,2.6786132912201492,757.6486085903954,0.19453808417986093,0.01105853391091112,138.15309549952033,9.08209409987678,0.006375128615556024
2.9,2.677859415593097,757.6474082673761,0.19458089648601395,0.011027973943074657,138.18352055000582,9.067697730619198,0.006372873118463389
2.9050000000000002,2.677098340478714,757.6462028117243,0.19462362399698233,0.010997474843017115,138.21388330047168,9.053315650235431,0.006370600860256326
2.91,2.6763300981461926,757.6449922665437,0.19466626698577932,0.010967036413513535,138.24418396152862,9.038947815568807,0.0063683119067412175
2.915,2.6755547208647243,757.6437766749378,0.19470882572541826,0.010936658457338959,138.2744227437875,9.02459418346265,0.0063660063237244435
2.92,2.674772240903501,757.6425560800106,0.1947513004889124,0.01090634077726842,138.30459985785913,9.010254710760279,0.006363684177012383
2.9250000000000003,2.673982692487032,757.6413305267662,0.19479369152680998,0.010876083192201163,138.33471549851689,8.995929359967475,0.006361345530622112
2.93,2.6731861066123526,757.6401000571389,0.19483599912692512,0.010845885494291472,138.36476988667604,8.981618084203909,0.006358990451497397
2.935,2.6723825167123785,757.6388647154041,0.19487822354927187,0.01081574749564654,138.39476322363353,8.967320843606634,0.006356619004371609
2.94,2.6715719574279593,757.6376245470019,0.1949203650399908,0.010785669018330783,138.4246957009156,8.953037601810113,0.006354231252877446
2.945,2.6707544633999425,757.6363795973722,0.1949624238452226,0.01075564988440861,138.45456751004852,8.938768322448805,0.006351827260647608
2.95,2.669930069269177,757.6351299119551,0.1950044002111079,0.010725689915944431,138.48437884255856,8.924512969157176,0.006349407091314793
2.955,2.669098809676512,757.6338755361904,0.19504629438378732,0.010695788935002663,138.51412988997197,8.910271505569689,0.006346970808511702
2.96,2.6682607192627965,757.6326165155184,0.1950881066094015,0.010665946763647717,138.54382084381507,8.896043895320807,0.006344518475871033
2.965,2.6674158326688784,757.6313528953789,0.19512983713409107,0.010636163223944001,138.57345189561408,8.88183010204499,0.0063420501570254865
2.97,2.6665641852746766,757.6300847218864,0.19517148619557098,0.010606438144002294,138.60302323095408,8.867630091514027,0.006339565914952551
2.975,2.665705812716713,757.62881204143,0.19521305402872707,0.010576771353964788,138.63253503336588,8.853443830219557,0.006337065812388787
2.98,2.6648407486843704,757.6275348986354,0.1952545408909001,0.010547162667860642,138.6619875021282,8.839271278969697,0.0063345499137986575
2.985,2.6639690300958048,757.6262533410618,0.19529594700266228,0.010517611926104205,138.69138081059256,8.825112407902724,0.006332018280791222
2.99,2.663090693869172,757.6249674162684,0.19533727258458572,0.010488118969109821,138.72071513211054,8.810967187156919,0.0063294709749755354
2.995,2.662205776922628,757.6236771718145,0.1953785178572426,0.010458683637291844,138.7499906400337,8.796835586870563,0.006326908057960658
3.0,2.6613143161743293,757.6223826552591,0.1954196830412051,0.010429305771064618,138.77920750771364,8.782717577181936,0.006324329591355647
3.005,2.6604163485424315,757.6210839141614,0.19546076835704534,0.01039998521084249,138.80836590850186,8.768613128229317,0.006321735636769558
3.0100000000000002,2.65951191094509,757.6197809960806,0.1955017740253355,0.010370721797039807,138.83746601574995,8.754522210150988,0.0063191262558114514
3.015,2.658601040300462,757.6184739485759,0.1955427002666477,0.01034151537007092,138.86650800280947,8.740444793085228,0.0063165015100903835
3.02,2.657683775588299,757.6171628209861,0.19558354727817004,0.010312365787128675,138.8954920265075,8.726380853139855,0.006313861459427395
3.025,2.656760152119534,757.6158476595534,0.19562431529902152,0.010283272875321759,138.92441827317816,8.71233035572832,0.00631120616681166
3.0300000000000002,2.655830208333261,757.6145285131818,0.1956650045329028,0.010254236487171445,138.95328690412362,8.698293275313755,0.006308535692533685
3.035,2.6548939833195315,757.6132054313315,0.19570561517612067,0.010225256480504102,138.9820980754266,8.684269588246925,0.006305850096321058
3.04,2.6539515161683944,757.6118784634627,0.19574614742498192,0.010196332713146086,139.01085194316977,8.67025927087859,0.006303149437901363
3.045,2.6530028459699,757.6105476590354,0.19578660147579333,0.010167465042923759,139.03954866343597,8.656262299559506,0.006300433777002186
3.0500000000000003,2.6520480118141,757.6092130675099,0.1958269775248617,0.010138653327663479,139.06818839230786,8.642278650640435,0.006297703173351112
3.055,2.651087052791043,757.6078747383461,0.1958672757684938,0.01010989742519161,139.09677128586821,8.628308300472135,0.006294957686675728
3.06,2.6501200079907807,757.6065327210044,0.19590749640299643,0.010081197193334515,139.12529750019976,8.614351225405368,0.006292197376703617
3.065,2.649146917469792,757.6051870657178,0.19594763961369357,0.010052552497797854,139.15376718361753,8.600407404611916,0.0062894223023399875
3.0700000000000003,2.648167820596372,757.6038378222146,0.19598770559391882,0.01002396319854203,139.18218049004156,8.586476815210458,0.006286632523070178
3.075,2.6471827561935024,757.6024850397913,0.19602769454342142,0.00999542915092512,139.21053757786248,8.572559432684312,0.006283828098848542
3.08,2.646191765407362,757.60112876959,0.19606760663554704,0.009966950229247496,139.23883858679793,8.558655239300787,0.00628100908765562
3.085,2.6451948893841295,757.5997690627524,0.19610744204364133,0.009938526307809536,139.26708365656555,8.544764217327199,0.006278175547471951
3.09,2.644192169269984,757.5984059704206,0.19614720094104995,0.00991015726091162,139.29527292688294,8.530886349030858,0.006275327536278075
3.095,2.643183646211104,757.5970395437361,0.19618688350111854,0.009881842962854121,139.3234065374678,8.517021616679076,0.00627246511205453
3.1,2.6421693613536688,757.5956698338408,0.19622648989719274,0.009853583287937421,139.35148462803772,8.503170002539168,0.006269588332781857
3.105,2.6411493558438575,757.5942968918768,0.19626602030261822,0.009825378110461898,139.37950733831036,8.489331488878447,0.006266697256440594
3.11,2.6401236708278484,757.5929207689857,0.1963054748907406,0.009797227304727927,139.40747480800334,8.475506057964223,0.006263791941011282
3.115,2.6390923495217726,757.5915415178523,0.19634485381131692,0.009769130761957599,139.43538716010028,8.461693698161012,0.006260872442730608
3.12,2.6380554312921545,757.5901591883692,0.19638415725842417,0.009741088341580698,139.46324454890797,8.447894386391136,0.006257938821079593
3.125,2.637012959006695,757.5887738329865,0.19642338538614695,0.009713099931715648,139.49104710037759,8.43410810991898,0.0062549911325946615
3.13,2.635964975742292,757.5873855043073,0.19646253834617713,0.009685165422197304,139.51879493876487,8.42033485662734,0.0062520294336361045
3.1350000000000002,2.634911524575844,757.5859942549353,0.19650161629020657,0.009657284702860517,139.54648818832558,8.406574614399002,0.006249053780564214
3.14,2.633852648584249,757.5846001374736,0.19654061936992706,0.00962945766354015,139.57412697331557,8.392827371116764,0.006246064229739282
3.145,2.632788390844406,757.5832032045258,0.19657954773703049,0.009601684194071048,139.60171141799054,8.379093114663414,0.006243060837521602
3.15,2.631718794433212,757.5818035086952,0.1966184015432087,0.009573964184288073,139.6292416466063,8.365371832921745,0.006240043660271467
3.1550000000000002,2.630643902427566,757.5804011025853,0.19665718094015355,0.009546297524026073,139.65671778341857,8.351663513774549,0.006237012754349167
3.16,2.629563758993114,757.5789960395297,0.1966958860669829,0.009518684112139424,139.6841399437477,8.337968148373804,0.006233968175199769
3.165,2.6284784069731355,757.5775883720294,0.19673451707838224,0.009491123836316239,139.71150825391524,8.324285723831107,0.006230909979385157
3.17,2.627387889683959,757.5761781528968,0.19677307412371575,0.009463616588061831,139.73882283641697,8.310616228653457,0.0062278382230736935
3.1750000000000003,2.626292251998859,757.5747654359759,0.19681155733433373,0.009436162271803161,139.76608380095107,8.29695965603239,0.0062247529611247025
3.18,2.6251915387911096,757.573350275111,0.1968499668415864,0.009408760791967195,139.7932912572157,8.28331599915945,0.006221654248397505
3.185,2.6240857949339857,757.5719327241461,0.19688830277682406,0.009381412052980898,139.82044531490908,8.269685251226168,0.006218542139751422
3.19,2.622975065300761,757.5705128369252,0.19692656527139696,0.009354115959271228,139.84754608372936,8.256067405424083,0.006215416690045777
3.1950000000000003,2.621859394764711,757.5690906672927,0.19696475445665537,0.009326872415265149,139.87459367337473,8.242462454944732,0.006212277954139891
3.2,2.6207388281991095,757.5676662690925,0.19700287046394951,0.009299681325389626,139.90158819354338,8.228870392979655,0.006209125986893086
3.205,2.6196134105870676,757.5662396962332,0.1970409134233365,0.009272542594999232,139.9285297530119,8.215291213058583,0.006205960843071504
3.21,2.6184831884488022,757.5648110035598,0.19707888344693492,0.009245456142316004,139.95541844774846,8.20172491340501,0.006202782576142817
3.215,2.617348205194614,757.5633802441167,0.19711678068377023,0.009218421859088917,139.9822543999592,8.188171482604456,0.006199591242221967
3.22,2.6162085073515877,757.5619474727677,0.19715460524616965,0.009191439663390803,140.0090377056913,8.174630918844368,0.006196386894779155
3.225,2.6150641414468074,757.560512744376,0.19719235724646034,0.009164509473294504,140.03576846099187,8.161103220312192,0.006193169587284583
3.23,2.613915154007358,757.5590761138054,0.19723003679696943,0.009137631206872852,140.06244676190812,8.147588385195379,0.006189939373208451
3.235,2.6127615915603237,757.5576376359195,0.19726764401002414,0.009110804782198684,140.08907270448717,8.134086411681373,0.006186696306020963
3.24,2.6116035006327896,757.5561973655819,0.19730517899795158,0.009084030117344832,140.1156463847762,8.120597297957621,0.006183440439192319
3.245,2.61044092775184,757.5547553576562,0.19734264187307896,0.009057307130384138,140.14216789882235,8.107121042211574,0.006180171826192721
3.25,2.6092739194445596,757.5533116670059,0.1973800327477334,0.009030635739389434,140.16863734267278,8.093657642630676,0.0061768905204923705
3.255,2.608102523342032,757.5518663490541,0.19741735172095703,0.009004015871963303,140.19505480286472,8.080207100896958,0.006173596574607099
3.2600000000000002,2.6069267854294123,757.5504194584584,0.19745459891202424,0.008977447441195186,140.22142038035443,8.066769413381623,0.0061702900424956695
3.265,2.6057467527956075,757.5489710504155,0.1974917744269512,0.00895093036968525,140.24773416659252,8.053344579953565,0.006166970977160814
3.27,2.6045624734714377,757.5475211805874,0.19752887836036775,0.008924464588201361,140.27399624488498,8.039932603476858,0.006163639430788124
3.275,2.6033739954877224,757.5460699046358,0.19756591080690378,0.00889805002751138,140.30020669853778,8.026533486815577,0.006160295455563191
3.2800000000000002,2.6021813668752802,757.5446172782226,0.19760287186118908,0.00887168661838317,140.32636561085695,8.013147232833795,0.006156939103671606
3.285,2.6009846356649318,757.5431633570095,0.19763976161785352,0.0088453742915846,140.35247306514847,7.999773844395589,0.006153570427298963
3.29,2.599783849887496,757.5417081966582,0.19767658017152695,0.008819112977883533,140.37852914471836,7.986413324365034,0.006150189478630853
3.295,2.5985790575737924,757.5402518528307,0.19771332761683924,0.008792902608047833,140.4045339328726,7.973065675606205,0.006146796309852867
3.3000000000000003,2.5973703072792604,757.5387943813869,0.1977500040418127,0.008766743117585518,140.43048750816968,7.959730902729125,0.00614339097267606
3.305,2.5961576483362325,757.53733583853,0.1977866095249171,0.008740634448857235,140.45638994228486,7.946409012867409,0.0061399735181254834
3.31,2.594941126765991,757.5358762792457,0.1978231441866977,0.008714576514039212,140.48224133707373,7.93310000205863,0.006136544000238232
3.315,2.5937207920990675,757.5344157598274,0.19785960810350506,0.00868856925701269,140.5080417626306,7.919803878026964,0.0061331024698736735
3.3200000000000003,2.5924966938659915,757.5329543365682,0.19789600135168994,0.008662612621658908,140.53379128904967,7.906520648496585,0.006129648977891173
3.325,2.5912688815972946,757.5314920657611,0.1979323240076029,0.00863670655185911,140.5594899864253,7.89325032119167,0.006126183575150099
3.33,2.5900374048235073,757.5300290036993,0.19796857614759467,0.008610850991494536,140.58513792485172,7.879992903836393,0.006122706312509818
3.335,2.58880231307516,757.5285652066759,0.19800475784801586,0.008585045884446425,140.61073517442324,7.86674840415493,0.006119217240829696
3.34,2.5875636558827835,757.5271007309843,0.19804086918521713,0.00855929117459602,140.6362818052341,7.853516829871457,0.006115716410969102
3.345,2.586321482776908,757.5256356329173,0.1980769102355491,0.008533586805824556,140.6617778873786,7.840298188710147,0.006112203873787401
3.35,2.5850758432880654,757.5241699687683,0.19811288107536248,0.008507932722013282,140.68722349095103,7.827092488395177,0.006108679680143961
3.355,2.5838267869467857,757.5227037948305,0.1981487817810079,0.008482328867043433,140.71261868604566,7.813899736650724,0.006105143880898149
3.36,2.5825743649033517,757.5212371677671,0.19818461240742005,0.008456775200162631,140.73796352724983,7.800719946901101,0.006101596525349705
3.365,2.581318625509417,757.5197701437628,0.19822037304757925,0.008431271653318754,140.76325809659727,7.787553122474388,0.006098037665568037
3.37,2.58005961911685,757.5183027793704,0.19825606376759747,0.008405818177739164,140.78850245670893,7.774399273849846,0.006094467351660098
3.375,2.5787973966010123,757.5168351312482,0.19829168462658037,0.00838041472967852,140.81369666514098,7.761258413370008,0.006090885633222217
3.38,2.5775320088372644,757.5153672560542,0.1983272356836337,0.00835506126539148,140.83884077944958,7.74813055337741,0.006087292559850723
3.3850000000000002,2.576263506700968,757.5138992104467,0.1983627169978631,0.008329757741132702,140.86393485719086,7.735015706214587,0.006083688181141946
3.39,2.5749919410674837,757.5124310510836,0.19839812862837425,0.008304504113156847,140.88897895592092,7.721913884224076,0.006080072546692216
3.395,2.573717362812174,757.5109628346232,0.19843347063427286,0.008279300337718573,140.91397313319598,7.7088250997484105,0.006076445706097863
3.4,2.5724398228103995,757.5094946177235,0.19846874307466464,0.00825414637107254,140.93891744657216,7.695749365130126,0.006072807708955216
3.4050000000000002,2.571159371937521,757.5080264570428,0.19850394600865523,0.008229042169473401,140.9638119536056,7.6826866927117585,0.006069158604860604
3.41,2.5698760610689004,757.5065584092389,0.19853907949535038,0.008203987689175825,140.98865671185249,7.669637094835844,0.006065498443410359
3.415,2.5685899426663563,757.5050905309861,0.19857414357117856,0.00817898290271056,141.0134517623314,7.656600589914106,0.006061827272508415
3.42,2.5673010661403524,757.50362287913,0.19860913831748628,0.008154027750367181,141.03819717872616,7.643577184372154,0.006058145143422129
3.4250000000000003,2.5660094834139673,757.5021555103976,0.19864406377892005,0.008129122198777686,141.0628930080035,7.630566894451644,0.006054452104666229
3.43,2.564715246454145,757.5006884815142,0.19867891999948842,0.008104266215032052,141.08753929666554,7.617569736564822,0.006050748204707679
3.435,2.5634184072278283,757.499221849205,0.19871370702319988,0.008079459766220251,141.11213609121444,7.604585727123924,0.00604703349201344
3.44,2.562119017701961,757.4977556701955,0.19874842489406291,0.008054702819432255,141.13668343815235,7.591614882541192,0.006043308015050476
3.4450000000000003,2.560817129843486,757.496290001211,0.19878307365608608,0.008029995341758037,141.16118138398144,7.578657219228863,0.0060395718222857496
3.45,2.559512795619346,757.4948248989768,0.1988176533532779,0.008005337300287569,141.18562997520385,7.565712753599182,0.006035824962186225
3.455,2.5582060669964863,757.4933604202183,0.1988521640296468,0.007980728662110827,141.21002925832173,7.552781502064385,0.006032067483218864
3.46,2.5568969959418486,757.4918966216609,0.1988866057292014,0.007956169394317782,141.2343792798372,7.539863481036713,0.006028299433850629
3.465,2.5555856346587666,757.4904335599364,0.1989209784920565,0.007931659466794442,141.25868008339145,7.526958707974069,0.006024520862243951
3.47,2.554272035865607,757.4889712915888,0.19895528235054025,0.007907198855017141,141.28293170687527,7.51406720243763,0.006020731815964465
3.475,2.552956250803935,757.4875098738034,0.19898951736174747,0.00788278751667644,141.30713420634893,7.501188977359715,0.0060169323445171275
3.48,2.551638332303034,757.4860493630891,0.1990236835563688,0.007858425428424588,141.33128761847684,7.488324052765007,0.00601312249533517
3.485,2.5503183331921884,757.4845898159547,0.19905778096509494,0.00783411256691384,141.35539197992333,7.47547244867819,0.00600930231585182
3.49,2.548996306300681,757.4831312889089,0.19909180961861656,0.007809848908796443,141.3794473273528,7.462634185123945,0.006005471853500307
3.495,2.547672304457797,757.4816738384606,0.19912576954762432,0.007785634430724656,141.40345369742965,7.449809282126959,0.006001631155713861
3.5,2.5463463804928197,757.4802175211186,0.19915966078280886,0.007761469109350729,141.42741112681827,7.436997759711915,0.005997780269925712
3.505,2.5450185872350333,757.4787623933917,0.19919348335486092,0.007737352921326914,141.45131965218303,7.424199637903493,0.005993919243569088
3.5100000000000002,2.5436889775137206,757.4773085117888,0.19922723729447114,0.007713285843305462,141.47517931018828,7.41141493672638,0.005990048124077218
3.515,2.542357604158167,757.4758559328186,0.1992609226323302,0.007689267851938629,141.49899013749848,7.398643676205259,0.005986166958883332
3.52,2.5410245203382367,757.4744047126325,0.19929453939228198,0.007665298928798837,141.52275216568677,7.3858858782101455,0.005982275794848715
3.525,2.539689779078513,757.4729549077424,0.199328087602346,0.007641379052455406,141.54646542940236,7.373141563505379,0.0059783746792073066
3.5300000000000002,2.538353433031159,757.471506575071,0.199361567298226,0.00761750819595554,141.57012996899033,7.360410750803637,0.005974463659834342
3.535,2.5370155356532496,757.4700597706303,0.19939497849907778,0.007593686344238784,141.5937458124956,7.347693463276303,0.005970542783214565
3.54,2.5356761404018595,757.468614550433,0.19942832122405718,0.007569913482244672,141.6173129879631,7.334989724094758,0.005966612095832721
3.545,2.5343353007340634,757.4671709704913,0.19946159549232004,0.007546189594912742,141.64083152343778,7.322299556430382,0.0059626716441735506
3.5500000000000003,2.5329930701069356,757.4657290868176,0.19949480132302216,0.007522514667182531,141.66430144696463,7.309622983454554,0.005958721474721799
3.555,2.5316495019775513,757.4642889554244,0.19952793873531938,0.007498888683993579,141.68772278658855,7.29696002833866,0.005954761633962211
3.56,2.5303046498029844,757.4628506323239,0.1995610077483675,0.007475311630285423,141.71109557035456,7.284310714254078,0.005950792168379528
3.565,2.5289585670403105,757.4614141735286,0.19959400838132235,0.0074517834909976,141.73441982630754,7.271675064372188,0.005946813124458495
3.5700000000000003,2.527611307146603,757.4599796350508,0.19962694065333975,0.007428304251069646,141.75769558249246,7.259053101864372,0.0059428245486838555
3.575,2.5262629238691505,757.4585470721374,0.19965980457511348,0.007404873901528384,141.78092286056022,7.246444852187561,0.0059388264867631406
3.58,2.5249134706490923,757.4571165412858,0.1996926001688994,0.007381492425079327,141.8041016908739,7.2338503377057695,0.0059348189855080195
3.585,2.523563001033512,757.4556880986189,0.1997253274533662,0.007358159807009302,141.82723210107605,7.221269581764254,0.005930802091390052
3.59,2.5222115688686673,757.4542617993774,0.19975798643791617,0.0073348760392719795,141.85031411180964,7.208702610208202,0.005926775850020514
3.595,2.5208592280008153,757.4528376988022,0.19979057713195153,0.007311641113821026,141.87334774371755,7.196149448882801,0.00592274030701068
3.6,2.5195060322762144,757.4514158521341,0.19982309954487446,0.007288455022610114,141.8963330174427,7.183610123633243,0.005918695507971829
3.605,2.518152035541121,757.4499963146137,0.19985555368608723,0.007265317757592912,141.9192699536281,7.171084660304714,0.005914641498515237
3.61,2.516797291641793,757.448579141482,0.19988793956499207,0.007242229310723087,141.94215857291655,7.158573084742402,0.005910578324252179
3.615,2.5154418544244876,757.4471643879797,0.1999202571909912,0.007219189673954306,141.96499889595108,7.146075422791496,0.0059065060307939305
3.62,2.5140857777354633,757.4457521093474,0.19995250657348687,0.007196198839240243,141.98779094337456,7.133591700297185,0.0059024246637517696
3.625,2.5127291154209765,757.4443423608261,0.1999846877218813,0.007173256798534564,142.01053473582996,7.121121943104657,0.005898334268736972
3.63,2.511371921439441,757.4429351951428,0.20001680062937943,0.0071503635554649204,142.0332302814369,7.1086661814011896,0.005894234889617356
3.6350000000000002,2.5100142496907663,757.4415306702593,0.20004884532056968,0.007127519091032024,142.05587761260057,7.096224436995222,0.005890126573726483
3.64,2.508656154132407,757.4401288414394,0.20008082180358494,0.007104723398099414,142.07847674895746,7.083796736132605,0.005886009366594681
3.645,2.507297688757734,757.4387297627113,0.20011273007886604,0.0070819764750754835,142.10102770419067,7.071383107121341,0.0058818833129146405
3.65,2.5059389075601173,757.4373334881035,0.20014457014685372,0.007059278320368628,142.12353049198322,7.058983578269435,0.005877748457379052
3.6550000000000002,2.5045798645329262,757.4359400716443,0.20017634200798887,0.007036628932387239,142.14598512601816,7.04659817788489,0.005873604844680606
3.66,2.5032206136695314,757.4345495673621,0.20020804566271222,0.007014028309539716,142.16839161997854,7.034226934275714,0.005869452519511994
3.665,2.5018612089633026,757.4331620292852,0.2002396811114646,0.00699147645023445,142.19074998754738,7.021869875749909,0.005865291526565907
3.67,2.50050170440761,757.4317775114422,0.2002712483546868,0.006968973352879837,142.21306024240778,7.00952703061548,0.005861121910535034
3.6750000000000003,2.4991421539958227,757.4303960678615,0.2003027473928196,0.006946519015884269,142.23532239824274,6.997198427180431,0.005856943716112067
3.68,2.4977826117213118,757.4290177525712,0.20033417822630387,0.006924113437656143,142.2575364687353,6.984884093752767,0.005852756987989698
3.685,2.4964231315774468,757.4276426196,0.20036554085558037,0.006901756616603854,142.27970246756854,6.972584058640494,0.0058485617708606144
3.69,2.4950637675575975,757.4262707229761,0.20039683528108987,0.006879448551135795,142.3018204084255,6.960298350151614,0.00584435810941751
3.6950000000000003,2.4937045733666943,757.4249021150647,0.20042806149747563,0.006857189243856009,142.32389030027275,6.948026998127704,0.005840146047525749
3.7,2.4923456030427107,757.4235368493597,0.20045921950153997,0.006834978695794396,142.34591215387883,6.935770031895792,0.0058359256294954025
3.705,2.4909869111577776,757.4221749823943,0.2004903093006178,0.006812816900357809,142.3678859885752,6.923527478027695,0.005831696901150251
3.71,2.489628551508591,757.4208165664991,0.20052133088800517,0.006790703861116708,142.38981181225478,6.9112993667974925,0.00582745990626541
3.715,2.4882705778918477,757.4194616540046,0.200552284256998,0.00676863958164155,142.41168963281035,6.899085728479266,0.005823214688615998
3.72,2.4869130441042433,757.4181102972417,0.20058316940089235,0.006746624065502793,142.4335194581348,6.886886593347095,0.00581896129197713
3.725,2.4855560039424747,757.4167625485409,0.20061398631298416,0.006724657316270899,142.455301296121,6.874701991675062,0.005814699760123926
3.73,2.4841995112032382,757.4154184602328,0.20064473498656943,0.0067027393375163275,142.47703515466182,6.862531953737249,0.005810430136831502
3.735,2.48284361968323,757.4140780846479,0.20067541541494419,0.006680870132809535,142.4987210416501,6.850376509807735,0.005806152465874975
3.74,2.4814883831791463,757.4127414741171,0.2007060275914044,0.00665904970572098,142.5203589649787,6.8382356901606025,0.0058018667910294626
3.745,2.4801338554876837,757.4114086809707,0.2007365715092461,0.006637278059821125,142.5419489325405,6.826109525069932,0.005797573156070081
3.75,2.4787800904055386,757.4100797575395,0.20076704716176524,0.0066155551986804275,142.5634909522283,6.8139980448098045,0.005793271604771948
3.755,2.477427141729407,757.4087547561542,0.20079745454225784,0.0065938811258693455,142.58498503193505,6.8019012796543015,0.005788962180910181
3.7600000000000002,2.4760750632559856,757.4074337291453,0.20082779364401987,0.006572255844958337,142.60643117955357,6.789819259877502,0.005784644928259896
3.765,2.474723907257557,757.4061167238154,0.2008580644513714,0.006550679366070451,142.62782939488724,6.777752018041314,0.005780319888623323
3.77,2.473373729486065,757.4048037982581,0.20088826696527756,0.006529151687142777,142.64917969300154,6.76569958261322,0.005775987107885208
3.775,2.4720245832827272,757.4034950030803,0.20091840117510607,0.006507672814601579,142.67048207833466,6.7536619849491935,0.00577164662910519
3.7800000000000002,2.470676521874748,757.4021903885289,0.2009484670696408,0.00648624275530006,142.69173655479278,6.741639256551234,0.005767298495205135
3.785,2.469329598489331,757.4008900048505,0.20097846463766567,0.006464861516091431,142.71294312628208,6.729631428921346,0.005762942749106912
3.79,2.4679838663536815,757.3995939022918,0.20100839386796454,0.006443529103828895,142.73410179670876,6.71763853356153,0.005758579433732386
3.795,2.4666393786950027,757.3983021310996,0.20103825474932133,0.006422245525365657,142.75521256997894,6.705660601973787,0.005754208592003425
3.8000000000000003,2.4652961887404987,757.3970147415206,0.20106804727051994,0.006401010787554923,142.77627544999885,6.693697665660118,0.005749830266841895
3.805,2.463954349717374,757.3957317838014,0.20109777142034427,0.0063798248972499,142.79729044067463,6.681749756122526,0.005745444501169664
3.81,2.4626139148528328,757.3944533081889,0.20112742718757823,0.006358687861303794,142.81825754591247,6.669816904863012,0.0057410513379085966
3.815,2.461274937374079,757.3931793649296,0.20115701456100568,0.006337599686569809,142.83917676961855,6.6578991433835775,0.005736650819980563
3.8200000000000003,2.4599374705083172,757.3919100042704,0.20118653352941054,0.006316560379901149,142.86004811569904,6.645996503186222,0.005732242990307427
3.825,2.458601567482751,757.3906452764578,0.20121598408157673,0.006295569948151025,142.88087158806016,6.63410901577295,0.005727827891811057
3.83,2.457267278500978,757.3893852245574,0.20124536620407069,0.006274628399932543,142.90164718687342,6.622236712866655,0.005723405565177388
3.835,2.455934658962518,757.388129903642,0.20127467988549302,0.006253735742115798,142.92237491722852,6.610379626322015,0.005718976054734485
3.84,2.4546037640414693,757.3868793683112,0.20130392511452314,0.00623289198152422,142.94305478413264,6.598537788000888,0.00571453940470064
3.845,2.453274645855764,757.3856336659705,0.20133310187793055,0.006212097126520656,142.96368678909622,6.586711229903628,0.005710095657076637
3.85,2.451947356523335,757.384392844026,0.20136221016248487,0.006191351185467958,142.98427093362972,6.574899984030589,0.005705644853863264
3.855,2.450621948162114,757.3831569498835,0.20139124995495566,0.006170654166728975,143.00480721924362,6.563104082382122,0.005701187037061305
3.86,2.4492984728900336,757.3819260309485,0.20142022124211248,0.006150006078666555,143.02529564744836,6.55132355695858,0.005696722248671545
3.865,2.4479769828250255,757.3807001346271,0.20144912401072496,0.006129406929643546,143.04573621975445,6.539558439760314,0.005692250530694768
3.87,2.4466575300850217,757.3794793083249,0.2014779582475626,0.0061088567280228,143.06612893767235,6.5278087627876795,0.0056877719251317614
3.875,2.4453401667879553,757.3782635994478,0.201506723939395,0.006088355482167167,143.0864738027125,6.516074558041027,0.005683286473983309
3.88,2.444024945051757,757.3770530554013,0.20153542107299174,0.006067903200439494,143.10677081638542,6.504355857520711,0.005678794219250196
3.8850000000000002,2.44271191699436,757.3758477235916,0.20156404963512242,0.0060474998912026295,143.12701998020154,6.492652693227082,0.005674295202933208
3.89,2.441401134733696,757.3746476514242,0.20159260961255657,0.006027145562819426,143.1472212956713,6.480965097160493,0.00566978946703313
3.895,2.440092650387698,757.373452886305,0.2016211009920638,0.006006840223652731,143.16737476430524,6.4692931013212975,0.005665277053550746
3.9,2.438786516074297,757.3722634756397,0.20164952376041365,0.005986583882065395,143.18748038761376,6.457636737709848,0.005660758004486843
3.9050000000000002,2.4374827839114257,757.3710794668342,0.20167787790437572,0.005966376546420264,143.20753816710737,6.445996038326496,0.005656232361842205
3.91,2.436181506017016,757.3699009072941,0.20170616341071956,0.00594621822508019,143.22754810429655,6.434371035171595,0.005651700167617618
3.915,2.434882728719267,757.36872783295,0.20173438027381882,0.005926108921232126,143.24751020275934,6.422761757442959,0.005647161460799294
3.92,2.433586510616447,757.3675603035429,0.2017625284692389,0.00590604865097204,143.2674244593055,6.411168241177555,0.005642616286511626
3.9250000000000003,2.4322929029720886,757.3663983646123,0.20179060798382933,0.005886037422647813,143.2872908748585,6.399590518344978,0.005638064686242974
3.93,2.4310019562127785,757.3652420600624,0.2018186188056589,0.005866075243772652,143.30710945074836,6.388028620470912,0.0056335067010581785
3.935,2.4297137207651036,757.3640914337974,0.20184656092279638,0.005846162121859763,143.32688018830498,6.376482579081037,0.005628942372022078
3.94,2.4284282470556517,757.3629465297213,0.20187443432331048,0.00582629806442235,143.3466030888583,6.364952425701033,0.005624371740199511
3.9450000000000003,2.4271455855110085,757.3618073917384,0.20190223899526996,0.005806483078973616,143.36627815373828,6.353438191856583,0.0056197948466553144
3.95,2.425865786557762,757.3606740637525,0.20192997492674356,0.005786717173026772,143.38590538427485,6.341939909073368,0.005615211732454328
3.955,2.424588900622499,757.3595465896681,0.20195764210580006,0.005767000354095021,143.40548478179795,6.33045760887707,0.00561062243866139
3.96,2.423314978131806,757.358425013389,0.20198524052050817,0.005747332629691567,143.4250163476375,6.318991322793369,0.005606027006341339
3.9650000000000003,2.4220440695122707,757.3573093788198,0.20201277015893665,0.005727714007329614,143.44450008312344,6.307541082347948,0.005601425476559013
3.97,2.420776225190479,757.3561997298641,0.2020402310091543,0.005708144494522373,143.46393598958574,6.296106919066488,0.00559681789037925
3.975,2.4195114955930195,757.3550961104264,0.2020676230592298,0.005688624098783045,143.4833240683543,6.28468886447467,0.0055922042888668895
3.98,2.4182499311464776,757.3539985644107,0.20209494629723193,0.005669152827624836,143.5026643207591,6.273286950098176,0.005587584713086769
3.985,2.416991582277441,757.3529071357212,0.20212220071122947,0.0056497306885609526,143.52195674813007,6.261901207462687,0.005582959204103727
3.99,2.4157364994124966,757.351821868262,0.2021493862892911,0.005630357689104597,143.5412013517971,6.250531668093883,0.005578327802982602
3.995,2.414484725452713,757.3507427927987,0.2021765030377475,0.005611033823998001,143.56039814245358,6.239178357468712,0.0055736905477306135
4.0,2.4132363194697932,757.3496699679487,0.20220355092179085,0.005591759116791732,143.57954710893878,6.227841314737941,0.00556904748277135
4.005,2.4119913304994074,757.3486034350612,0.20223052993204843,0.005572533573224427,143.59864825360978,6.216520570631063,0.005564398648573698
4.01,2.4107498067997075,757.3475432341405,0.20225744006109253,0.005553357197673279,143.6177015798455,6.20521615523271,0.005559744085296317
4.015,2.4095117966288466,757.3464894051907,0.20228428130149545,0.0055342299945154725,143.63670709102473,6.193928098627513,0.005555083833097865
4.0200000000000005,2.408277348244977,757.3454419882161,0.20231105364582944,0.005515151968128196,143.6556647905264,6.1826564309000975,0.005550417932137
4.025,2.407046509906251,757.3444010232207,0.20233775708666682,0.005496123122888642,143.67457468172933,6.1714011821350985,0.005545746422572383
4.03,2.405819329870822,757.3433665502089,0.20236439161657988,0.005477143463173999,143.69343676801245,6.160162382417145,0.005541069344562672
4.035,2.404595856396842,757.3423386091849,0.20239095722814088,0.005458212993361453,143.71225105275457,6.148940061830866,0.005536386738266524
4.04,2.403376137742464,757.3413172401529,0.2024174539139221,0.005439331717828192,143.7310175393346,6.137734250460893,0.005531698643842601
4.045,2.40216022216584,757.3403024831171,0.20244388166649588,0.005420499640951407,143.74973623113138,6.126544978391855,0.005527005101449559
4.05,2.400948157925123,757.3392943780815,0.20247024047843445,0.005401716767108286,143.7684071315238,6.115372275708381,0.005522306151246058
4.055,2.3997399932784655,757.3382929650506,0.20249653034231013,0.005382983100676016,143.7870302438907,6.104216172495104,0.005517601833390756
4.0600000000000005,2.39853577648402,757.3372982840285,0.20252275125069522,0.0053642986460317845,143.80560557161098,6.093076698836649,0.005512892188042312
4.065,2.3973355557999394,757.3363103750195,0.20254890319616195,0.005345663407552785,143.82413311806351,6.0819538848176515,0.005508177255359386
4.07,2.396139379484376,757.3353292780278,0.20257498617128267,0.005327077389616203,143.84261288662714,6.0708477605227396,0.005503457075500636
4.075,2.394947292356436,757.3343550274692,0.20260100017843555,0.005308540589705549,143.86104488607333,6.059758352900821,0.0054987316874224226
4.08,2.3937593450304386,757.3333876669452,0.2026269452022499,0.00529005301780087,143.87942911493772,6.0486856946785,0.00549400113205015
4.085,2.392575583831775,757.3324272332771,0.20265282124051465,0.005271614674615836,143.89776557940408,6.037629814297556,0.005489265448863654
4.09,2.3913960548886894,757.3314737629714,0.20267862829160838,0.005253225560449193,143.91605428599186,6.0265907400089525,0.005484524677275305
4.095,2.390220804329427,757.3305272925343,0.20270436635390957,0.0052348856755996855,143.9342952412205,6.015568500063655,0.0054797788566974745
4.1,2.3890498782822305,757.3295878584721,0.20273003542579682,0.005216595020366056,143.9524884516095,6.004563122712629,0.0054750280265425345
4.105,2.3878833228753455,757.3286554972914,0.2027556355056486,0.005198353595047046,143.9706339236783,5.993574636206836,0.005470272226222856
4.11,2.386721184237016,757.3277302454984,0.20278116659184345,0.0051801613999414055,143.98873166394637,5.982603068797246,0.005465511495150813
4.115,2.385563508495486,757.3268121395996,0.20280662868275992,0.005162018435347876,144.00678167893318,5.971648448734822,0.005460745872738776
4.12,2.384410341779,757.3259012161013,0.20283202177677653,0.005143924701565202,144.02478397515821,5.960710804270527,0.005455975398399116
4.125,2.383261730215802,757.32499751151,0.2028573458722718,0.005125880198892126,144.04273855914093,5.949790163655329,0.005451200111544205
4.13,2.3821177169474024,757.3241010577749,0.20288260097723707,0.005107884920848774,144.06064544304957,5.938886552039804,0.005446420050637687
4.135,2.3809783510702585,757.323211895826,0.20290778708002138,0.005089938874812998,144.0785046273317,5.928000000951084,0.005441635256013812
4.14,2.379843677326566,757.3223300600114,0.20293290418315718,0.005072042058157541,144.0963161208596,5.917130537334134,0.005436845766646404
4.1450000000000005,2.378713739790736,757.321455583667,0.20295795229135055,0.00505419446672197,144.11407993379328,5.906278187431118,0.0054320516212990385
4.15,2.37758858253718,757.3205885001287,0.20298293140930757,0.005036396096345861,144.13179607629272,5.895442977484204,0.00542725285873529
4.155,2.3764682496403084,757.3197288427323,0.20300784154173432,0.005018646942868782,144.14946455851796,5.8846249337355525,0.005422449517718734
4.16,2.375352785174533,757.3188766448137,0.20303268269333688,0.005000947002130301,144.16708539062904,5.873824082427328,0.005417641637012946
4.165,2.374242233214263,757.3180319397088,0.20305745486882137,0.004983296269969988,144.18465858278597,5.8630404498016935,0.005412829255381501
4.17,2.373136637833911,757.3171947607535,0.20308215807289384,0.004965694742227413,144.20218414514878,5.852274062100812,0.005408012411587973
4.175,2.3720360431078875,757.3163651412837,0.20310679231026038,0.004948142414742146,144.2196620878775,5.841524945566849,0.005403191144395939
4.18,2.370940493110603,757.315543114635,0.20313135758562711,0.004930639283353756,144.23709242113213,5.830793126441967,0.005398365492568972
4.1850000000000005,2.3698500289597724,757.3147287098392,0.20315585391376287,0.004913185336794955,144.25447516114198,5.8200786277095835,0.005393535493989279
4.19,2.368764697349263,757.313921963957,0.2031802812901015,0.004895780577458536,144.27181031234272,5.809381478654251,0.005388701188190376
4.195,2.367684541339342,757.3131229088018,0.20320463972249755,0.004878424998963285,144.28909788671172,5.79870170453379,0.00538386261363874
4.2,2.366609602738196,757.3123315743741,0.20322892922309468,0.004861118591898335,144.30633789882623,5.788039329214092,0.005379019808429765
4.205,2.3655399233540124,757.3115479906741,0.20325314980403655,0.004843861346852821,144.3235303632635,5.7773943765610465,0.005374172810658842
4.21,2.3644755449949777,757.3107721877018,0.20327730147746678,0.004826653254415875,144.34067529460083,5.766766870440546,0.005369321658421366
4.215,2.3634165094692787,757.3100041954577,0.20330138425552907,0.004809494305176628,144.35777270741545,5.75615683471848,0.005364466389812729
4.22,2.3623628585851013,757.309244043942,0.20332539815036704,0.004792384489724213,144.3748226162846,5.74556429326074,0.005359607042928323
4.225,2.3613146341506335,757.308491763155,0.20334934317412434,0.004775323798647763,144.3918250357856,5.734989269933217,0.005354743655863541
4.23,2.360271877974061,757.3077473830966,0.20337321933894467,0.0047583122225364075,144.40877998049564,5.724431788601799,0.005349876266713776
4.235,2.3592346318635715,757.3070109337675,0.20339702665697165,0.004741349751979286,144.42568746499205,5.713891873132381,0.005345004913574422
4.24,2.358202934783604,757.3062824411945,0.2034207651503308,0.0047244363705086475,144.442547509973,5.703369544136479,0.005340129633729579
4.245,2.3571768306492933,757.3055619382467,0.20344443482351457,0.004707572074126195,144.45936012522313,5.6928648280114755,0.005335250465872099
4.25,2.3561563607545915,757.3048494541584,0.20346803569018537,0.004690756852349752,144.47612532617754,5.6823777481640585,0.005330367447959658
4.255,2.3551415644398466,757.3041450154459,0.20349156777088634,0.004673990689832323,144.4928431325048,5.6719083257536,0.005325480617394625
4.26,2.354132481045407,757.3034486486252,0.2035150310861606,0.004657273571226909,144.50951356387344,5.661456581939474,0.005320590011579366
4.265,2.35312914991162,757.3027603802128,0.20353842565655123,0.004640605481186514,144.5261366399521,5.651022537881052,0.0053156956679162514
4.2700000000000005,2.3521316103788337,757.3020802367248,0.20356175150260136,0.004623986404364138,144.5427123804093,5.640606214737707,0.005310797623807648
4.275,2.3511399017873957,757.3014082446774,0.20358500864485407,0.004607416325412789,144.55924080491368,5.630207633668814,0.0053058959166559245
4.28,2.350154063477655,757.3007444305867,0.20360819710385247,0.004590895228985468,144.57572193313376,5.619826815833744,0.00530099058386345
4.285,2.349174134789958,757.3000888209692,0.20363131690013966,0.004574423099735178,144.5921557847381,5.609463782391872,0.005296081662832591
4.29,2.3482001550646534,757.299441442341,0.20365436805425874,0.004557999922314921,144.60854237939532,5.599118554502568,0.005291169190965717
4.295,2.347232160994619,757.2988023176528,0.2036773505961659,0.004541625674718306,144.62488174261128,5.5887911502294925,0.0052862532049309865
4.3,2.346270193345537,757.2981714752768,0.20370026454116733,0.004525300345305655,144.64117389073104,5.578481592488055,0.0052813337425275005
4.305,2.345314291573707,757.2975489418368,0.2037231099091364,0.004509023919205912,144.65741884294425,5.568189902693898,0.005276410841202579
4.3100000000000005,2.34436449236181,757.2969347402341,0.20374588672982014,0.0044927963745624005,144.67361662457765,5.557916099010424,0.005271484537636096
4.315,2.343420832392529,757.2963288933697,0.2037685950329655,0.004476617689518453,144.68976726095812,5.547660199601045,0.005266554868507923
4.32,2.3424833483485457,757.295731424145,0.2037912348483195,0.004460487842217391,144.70587077741246,5.537422222629165,0.005261621870497929
4.325,2.3415520769125413,757.2951423554612,0.20381380620562917,0.004444406810802542,144.7219271992675,5.527202186258192,0.005256685580285987
4.33,2.340627054767198,757.2945617102193,0.20383630913464146,0.004428374573417232,144.73793655185003,5.517000108651532,0.005251746034551968
4.335,2.3397083185951972,757.2939895113207,0.20385874366510337,0.004412391108204785,144.7538988604869,5.506816007972591,0.005246803269975743
4.34,2.338795905079221,757.2934257816665,0.2038811098267619,0.004396456393308531,144.76981415050494,5.496649902384778,0.005241857323237183
4.345,2.3378898509019512,757.2928705441581,0.2039034076493641,0.004380570406871792,144.78568244723095,5.486501810051498,0.005236908231016159
4.3500000000000005,2.3369901903783745,757.2923238186122,0.20392563717106515,0.00436473312108642,144.80150378124557,5.476371746342244,0.0052319560293464
4.355,2.3360969607614797,757.2917856286192,0.20394779841949034,0.004348944515599251,144.81727817649465,5.466259730155784,0.005227000755068231
4.36,2.3352101996114163,757.2912559981739,0.203969891421052,0.004333204570915775,144.8330056561695,5.456165780798976,0.005222042445117407
4.365,2.3343299407761102,757.2907349464496,0.2039919162153411,0.004317513258213132,144.84868625170955,5.446089913193673,0.0052170811354180615
4.37,2.3334562181034877,757.2902224926191,0.20401387284194855,0.004301870548668462,144.86431999455422,5.436032142261729,0.005212116861894327
4.375,2.332589065441474,757.289718655856,0.20403576134046536,0.004286276413458909,144.87990691614294,5.425992482924998,0.005207149660470335
4.38,2.3317285166379955,757.289223455333,0.2040575817504825,0.004270730823761612,144.89544704791507,5.415970950105332,0.00520217956707022
4.385,2.330874605540978,757.2887369102234,0.20407933411159088,0.004255233750753712,144.9109404213101,5.405967558724585,0.005197206617618114
4.39,2.3300273659983466,757.2882590397004,0.2041010184633815,0.004239785165612352,144.9263870677674,5.3959823237046125,0.005192230848038151
4.3950000000000005,2.3291868318580278,757.2877898629371,0.2041226348454453,0.004224385039514668,144.94178701872636,5.386015259967264,0.005187252294254461
4.4,2.328353036967947,757.2873293991065,0.20414418329737322,0.004209033343637808,144.95714030562647,5.376066382434398,0.00518227099219118
4.405,2.3275260131714197,757.2868776648497,0.20416566386578253,0.004193730044183891,144.97244696432776,5.366135703665031,0.005177286977228992
4.41,2.3267057938552758,757.2864346787115,0.20418707659184265,0.004178475111213556,144.98770702722973,5.356223238076882,0.005172300285173858
4.415,2.325892414637433,757.2860004620514,0.2042084215087704,0.004163268520418865,145.00292052171608,5.346329002769936,0.005167310952449451
4.42,2.3250859063675917,757.2855750302199,0.2042296986664715,0.004148110235674681,145.01808748567825,5.336453009225227,0.005162319014188038
4.425,2.324286299895454,757.2851583985673,0.20425090811485183,0.004133000220855871,145.0332079570077,5.326595268923785,0.005157324505521888
4.43,2.3234936260707206,757.2847505824442,0.20427204990381717,0.004117938439837301,145.04828197359592,5.316755793346639,0.005152327461583266
4.4350000000000005,2.3227079157430923,757.2843515972008,0.20429312408327338,0.0041029248564938324,145.06330957333432,5.3069345939748205,0.005147327917504442
4.44,2.3219291997622706,757.283961458188,0.20431413070312626,0.004087959434700337,145.07829079411442,5.297131682289363,0.0051423259084176845
4.445,2.321157508977957,757.2835801807558,0.20433506981328164,0.004073042138331677,145.09322567382762,5.287347069771295,0.005137321469455259
4.45,2.320392874239852,757.2832077802549,0.20435594146364533,0.004058172931262718,145.1081142503654,5.277580767901648,0.005132314635749435
4.455,2.3196353263976572,757.2828442720356,0.20437674570412312,0.004043351777368324,145.1229565616192,5.267832788161453,0.005127305442432478
4.46,2.3188848947421956,757.282489669535,0.2043974825899589,0.004028578636742744,145.1377526488505,5.258103140212409,0.005122293924213788
4.465,2.318141608453,757.2821439860147,0.2044181521767875,0.004013853469204159,145.15250255354843,5.248391833606503,0.005117280115780373
4.47,2.317405501171421,757.2818072402022,0.20443875450483912,0.003999176245481405,145.16720630746403,5.23869888315569,0.005112264053044268
4.4750000000000005,2.3166766005999024,757.2814794435498,0.20445928963463467,0.003984546921932382,145.18186395516238,5.229024296748893,0.005107245770307754
4.48,2.3159549344408883,757.2811606075092,0.20447975762669515,0.003969965454914997,145.19647554120863,5.2193680822750395,0.005102225301873119
4.485,2.315240530396823,757.2808507435325,0.2045001585415415,0.003955431800787149,145.2110411101679,5.209730247623051,0.005097202682042645
4.49,2.314533416170151,757.2805498630718,0.2045204924396947,0.003940945915906741,145.22556070660534,5.200110800681854,0.0050921779451186195
4.495,2.3138336194633164,757.280257977579,0.20454075938167568,0.003926507756631674,145.24003437508605,5.190509749340371,0.005087151125403326
4.5,2.3131411679787632,757.2799750985063,0.20456095942800542,0.003912117279319852,145.2544621601752,5.1809271014875256,0.005082122257199049
4.505,2.312456089418936,757.2797012373053,0.20458109263920488,0.0038977744403291747,145.26884410643788,5.171362865012244,0.005077091374808073
4.51,2.3117784114862783,757.2794364054284,0.204601159075795,0.0038834791960175464,145.28318025843924,5.161817047803449,0.005072058512532685
4.515,2.3111081608514707,757.2791806130948,0.20462115880171558,0.003869231500321084,145.29747066290662,5.152289656567181,0.005067023704393582
4.5200000000000005,2.3104453621607415,757.2789338680726,0.2046410918876604,0.0038550313023921917,145.31171537083097,5.142780695693349,0.005061986983866953
4.525,2.309790047055393,757.2786961864705,0.20466095838104068,0.0038408785678762892,145.32591441846844,5.133290177638547,0.005056948386354752
4.53,2.3091422399567594,757.2784675757853,0.20468075835312327,0.0038267732455202017,145.34006785716295,5.123818106597169,0.0050519079452900646
4.535,2.3085019652861742,757.2782480435139,0.20470049187517514,0.0038127152840707547,145.35417573825845,5.114364486763616,0.005046865694105972
4.54,2.307869247464972,757.2780375971536,0.2047201590184631,0.0037987046322747755,145.36823811309878,5.104929322332286,0.005041821666235559
4.545,2.3072441109144854,757.2778362442009,0.20473975985425405,0.0037847412388790896,145.38225503302795,5.095512617497578,0.00503677589511191
4.55,2.3066265800560495,757.277643992153,0.20475929445381488,0.0037708250526305243,145.39622654938978,5.0861143764538905,0.00503172841416811
4.555,2.3060166793109977,757.2774608485068,0.20477876288841246,0.0037569560222759056,145.41015271352822,5.076734603395623,0.00502667925683724
4.5600000000000005,2.305414433100664,757.2772868207593,0.20479816522931368,0.0037431340965620582,145.42403357678722,5.067373302517173,0.0050216284565523855
4.565,2.3048198658463823,757.2771219164073,0.20481750154778544,0.003729359224235813,145.43786919051064,5.058030478012943,0.005016576046746632
4.57,2.3042330015442154,757.2769661424528,0.2048367719164457,0.003715631353086792,145.45165960689715,5.048706133601886,0.005011522060735821
4.575,2.3036538599992493,757.2768195009913,0.20485597642129855,0.003701950421421696,145.46540488661446,5.039400268310808,0.005006466530688025
4.58,2.3030824708390054,757.276682005532,0.20487511511707224,0.0036883163897049034,145.47910507054047,5.030112892184331,0.00500140949149786
4.585,2.302518855085698,757.2765536595796,0.204894188085745,0.0036747291990956313,145.49276021678892,5.020844005668791,0.004996350975689764
4.59,2.301963033761542,757.2764344666386,0.20491319540929512,0.003661188790753098,145.50637038347352,5.011593609210523,0.004991291015788177
4.595,2.301415027888753,757.2763244302141,0.20493213716970085,0.0036476951058365225,145.51993562870803,5.002361703255865,0.004986229644317538
4.6000000000000005,2.3008748584895455,757.2762235538104,0.20495101344894046,0.0036342480855051204,145.53345601060616,4.993148288251148,0.004981166893802283
4.605,2.3003425465861342,757.2761318409323,0.2049698243289922,0.003620847670918114,145.54693158728162,4.983953364642712,0.004976102796766853
4.61,2.2998181132007343,757.2760492950845,0.2049885698918343,0.0036074938032347194,145.5603624168482,4.974776932876892,0.004971037385735686
4.615,2.2993015793555607,757.2759759197716,0.2050072502194451,0.0035941864236141556,145.57374855741955,4.965618993400021,0.004965970693233221
4.62,2.298792966072828,757.2759117184983,0.20502586539380283,0.0035809254732156394,145.58709006710944,4.9564795466584375,0.004960902751783896
4.625,2.2982922943747517,757.2758566947693,0.2050444154968857,0.0035677108931983902,145.6003870040316,4.947358593098476,0.004955833593912151
4.63,2.297799581401379,757.2758108476539,0.2050629006224499,0.003554542616377475,145.61363943374943,4.938256128960403,0.004950763251071517
4.635,2.2973148512534283,757.2757741841132,0.20508132084322006,0.0035414205904686965,145.62684740853908,4.929172158033135,0.004945691756668974
4.64,2.296838121893446,757.2757467041416,0.20509967625038147,0.003528344750108915,145.6400109923369,4.9201066774810425,0.00494061914240328
4.6450000000000005,2.2963694111126847,757.2757284075391,0.20511796693563647,0.003515315029568585,145.65313024940608,4.911059684283176,0.004935545439925549
4.65,2.295908736702395,757.2757192941057,0.2051361929906874,0.0035023313631181666,145.66620524400977,4.902031175418591,0.0049304706808868904
4.655,2.2954561164538294,757.275719363641,0.2051543545072366,0.0034893936850281127,145.6792360404111,4.893021147866337,0.004925394896938419
4.66,2.2950115681582393,757.2757286159449,0.2051724515769865,0.0034765019295688797,145.69222270287324,4.8840295986054665,0.004920318119731245
4.665,2.294575109606876,757.2757470508174,0.2051904842916394,0.003463656031010923,145.70516529565936,4.875056524615032,0.004915240380916482
4.67,2.2941467585909914,757.2757746680583,0.20520845274289776,0.003450855923624698,145.7180638830326,4.866101922874085,0.004910161712145242
4.675,2.2937265316526125,757.2758114660755,0.20522635702605257,0.0034381015391380682,145.73091853151973,4.857165789052586,0.004905082144716906
4.68,2.2933144455294525,757.2758574434704,0.20524419723592613,0.003425392809611252,145.74372930736502,4.8482481190088365,0.004900001709996597
4.6850000000000005,2.292910519322328,757.2759126014699,0.2052619734604886,0.0034127296719593686,145.75649627249337,4.839348911100808,0.004894920440027837
4.69,2.2925147677038304,757.2759769363759,0.20527968580037206,0.0034001120541266782,145.76921949681147,4.830468159060454,0.00488983836560696
4.695,2.2921272053465516,757.2760504444898,0.20529733435620856,0.003387539884057435,145.781899050226,4.821605856619722,0.0048847555175303
4.7,2.2917478469230836,757.2761331221136,0.20531491922863013,0.0033750130896958944,145.7945350026436,4.812761997510556,0.004879671926594189
4.705,2.2913767071060174,757.2762249655489,0.20533244051826885,0.0033625315989863126,145.807127423971,4.803936575464907,0.00487458762359496
4.71,2.291013800567945,757.2763259710973,0.20534989832575676,0.0033500953398729453,145.81967638411484,4.795129584214723,0.004869502639328949
4.715,2.2906591419814575,757.2764361350606,0.2053672927517259,0.003337704240300049,145.83218195298178,4.78634101749195,0.0048644170045924855
4.72,2.290312746019147,757.2765554537406,0.2053846238968084,0.003325358228211879,145.8446442004785,4.777570869028539,0.004859330750181906
4.7250000000000005,2.289974624854541,757.2766839207089,0.2054018918684231,0.0033130572267442908,145.85706320078165,4.768819130031252,0.0048542439061810255
4.73,2.2896447945654885,757.2768215337671,0.2054190967635269,0.003300801166445581,145.86943902151265,4.760085795623562,0.004849156503805208
4.735,2.2893232688921574,757.2769682881731,0.20543623868529387,0.0032885899734593706,145.88177173419703,4.751370858602363,0.004844068573609064
4.74,2.2890100593345526,757.2771241767434,0.20545331774294256,0.003276423569646883,145.89406141415856,4.742674309510302,0.004838980145506911
4.745,2.2887051773926794,757.277289192295,0.2054703340456915,0.003264301876869343,145.90630813672092,4.733996138890021,0.004833891249413066
4.75,2.2884086345665424,757.2774633276449,0.2054872877027592,0.0032522248169879753,145.91851197720786,4.725336337284164,0.004828801915241845
4.755,2.288120442356147,757.2776465756099,0.2055041788233642,0.0032401923118640045,145.93067301094308,4.716694895235374,0.004823712172907565
4.76,2.2878406122614985,757.2778389290066,0.205521007516725,0.0032282042833586544,145.94279131325032,4.7080718032862965,0.004818622052324545
4.765,2.2875691557826014,757.2780403806522,0.20553777389206015,0.00321626065333315,145.95486695945326,4.699467051979575,0.0048135315834071
4.7700000000000005,2.2873060844194617,757.2782509233634,0.20555447805858815,0.003204361343648714,145.96690002487566,4.69088063185785,0.004808440796069546
4.775,2.2870514060133917,757.2784705460368,0.20557112013485757,0.0031925062695566326,145.97889059069223,4.682312529914524,0.004803349719169975
4.78,2.2868051354324654,757.2786992450525,0.20558770022169437,0.003180695358864146,145.9908387270097,4.673762739915257,0.004798258383622609
4.785,2.2865672813849796,757.2789370102204,0.20560421843540744,0.0031689285284095476,146.00274451361548,4.665231249706828,0.004793166818557041
4.79,2.286337852156123,757.2791838308988,0.20562067489337507,0.00315720569427352,146.01460803096595,4.656718046727899,0.004788075052980088
4.795,2.2861168560310854,757.2794396964458,0.2056370697129756,0.0031455267725367464,146.02642935951758,4.648223118417128,0.004782983115898568
4.8,2.285904301295057,757.2797045962199,0.20565340301158727,0.0031338916792799103,146.03820857972676,4.639746452213178,0.0047778910363192985
4.805,2.2857001962332264,757.279978519579,0.20566967490658838,0.0031223003305836947,146.04994577204997,4.631288035554706,0.004772798843249097
4.8100000000000005,2.285504549130783,757.2802614558816,0.20568588551535727,0.0031107526425287807,146.06164101694358,4.622847855880373,0.004767706565694783
4.815,2.285317368272917,757.2805533944858,0.20570203495527217,0.0030992485311958557,146.0732943948641,4.6144259006288415,0.004762614232663173
4.82,2.2851386608530553,757.2808543236073,0.2057181233462761,0.0030877879108487604,146.0849059878636,4.606022156234154,0.004757521872839485
4.825,2.284968433614312,757.2811642309676,0.20573415080950527,0.0030763706949060166,146.09647587876452,4.597636608681442,0.004752429514787466
4.83,2.284806696570778,757.2814831077034,0.20575011745838695,0.003064996802247465,146.10800414560552,4.589269246973498,0.004747337188048811
4.835,2.284653454762456,757.2818109397531,0.20576602341795816,0.0030536661435285745,146.1194908736397,4.580920055555679,0.004742244920699464
4.84,2.2845087132293482,757.2821477130553,0.20578186881325583,0.0030423786294048144,146.1309361481202,4.572589018873339,0.004737152740815372
4.845,2.284372477011457,757.2824934135489,0.205797653769317,0.0030311341705316548,146.14234005430012,4.564276121371832,0.004732060676472481
4.8500000000000005,2.2842447511487856,757.2828480271722,0.20581337841117867,0.0030199326775645625,146.1537026774326,4.555981347496512,0.004726968755746734
4.855,2.2841255406813357,757.283211539864,0.20582904286387782,0.003008774061159011,146.16502410277073,4.547704681692735,0.004721877006714078
4.86,2.2840148506491107,757.283583937563,0.20584464725245147,0.0029976582319704687,146.17630441556767,4.539446108405856,0.004716785457450459
4.865,2.283912686092113,757.2839652062078,0.2058601917019366,0.0029865851006544036,146.1875437010765,4.531205612081229,0.00471169413603182
4.87,2.2838190496652326,757.2843553292897,0.2058756763425342,0.0029755545742084304,146.1987420477417,4.52298317508032,0.004706603069821119
4.875,2.2837339474947,757.2847542938292,0.20589110129712931,0.0029645665648123203,146.20989953953432,4.51477878274365,0.004701512287237897
4.88,2.283657383964896,757.2851620850662,0.2059064666922592,0.002953620982059066,146.22101626267596,4.506592418921125,0.004696421816187788
4.885,2.28358936085224,757.2855786855715,0.20592177266005393,0.0029427177315800774,146.23209230683554,4.498424065198372,0.0046913316837949096
4.89,2.2835298799331523,757.2860040779157,0.2059370193326437,0.002931856719006762,146.24312776168202,4.4902737031610185,0.004686241917183381
4.8950000000000005,2.2834789429840505,757.2864382446696,0.20595220684215854,0.0029210378499705276,146.25412271688432,4.482141314394689,0.004681152543477323
4.9,2.2834365517813553,757.2868811684039,0.20596733532072867,0.002910261030102786,146.2650772621114,4.474026880485016,0.004676063589800855
4.905,2.283402708101485,757.2873328316892,0.20598240490048414,0.0028995261650349444,146.27599148703217,4.465930383017623,0.004670975083278096
4.91,2.2833774137208596,757.2877932170966,0.20599741571355512,0.002888833160398411,146.28686548131563,4.457851803578139,0.004665887051033167
4.915,2.2833606704158975,757.2882623071964,0.20601236789207172,0.0028781819218245946,146.29769933463064,4.449791123752189,0.004660799520190186
4.92,2.283352476417199,757.2887400809929,0.20602726157517384,0.0028675723499803534,146.30849314094272,4.441748322197607,0.004655712516798133
4.925,2.2833528366296525,757.28922652416,0.20604209688907713,0.0028570043546858543,146.31924698636882,4.43372338300625,0.004650626068957678
4.93,2.2833617502423054,757.289721616649,0.2060568739710542,0.0028464778379305995,146.32996096376334,4.42571628561628,0.00464554020303083
4.9350000000000005,2.283379215761643,757.2902253377268,0.20607159295970873,0.002835992700761525,146.34063516679257,4.417727008907374,0.004640454945171613
4.94,2.283405231694151,757.2907376666603,0.20608625399364414,0.0028255488442255725,146.35126968912277,4.409755531759215,0.0046353703215340535
4.945,2.283439796546316,757.2912585827166,0.2061008572114641,0.0028151461693696764,146.3618646244203,4.401801833051482,0.004630286358272176
4.95,2.283482908824624,757.2917880651626,0.2061154027517721,0.0028047845772407754,146.37242006635142,4.3938658916638555,0.004625203081540004
4.955,2.28353456703556,757.2923260932652,0.20612989075317173,0.002794463968885806,146.38293610858244,4.385947686476015,0.004620120517491564
4.96,2.2835947696856103,757.2928726462912,0.20614432135426655,0.0027841842453517063,146.39341284477968,4.378047196367643,0.00461503869228088
4.965,2.283663514396207,757.2934277026392,0.20615869469521045,0.0027739453065876497,146.40385036954294,4.37016439953976,0.004609957631787827
4.97,2.2837407976617605,757.29399123958,0.2061730109182893,0.002763747051033052,146.4142487787947,4.362299273283676,0.004604877361554107
4.9750000000000005,2.2838266201060504,757.294563238427,0.20618727015857333,0.00275358938223675,146.4246081641366,4.354451798048209,0.004599797908415763
4.98,2.2839209769713524,757.2951436752198,0.2062014725604764,0.002743472197131631,146.43492862278376,4.3466219501782035,0.0045947192975413585
4.985,2.2840238634999417,757.2957325259979,0.20621561826841242,0.0027333953926505796,146.44521025195127,4.338809706018499,0.004589641554099454
4.99,2.2841352749340946,757.2963297668007,0.20622970742679525,0.0027233588657264796,146.45545314885425,4.331015041913934,0.004584564703258611
4.995,2.284255206516087,757.2969353736679,0.2062437401800388,0.0027133625132922156,146.46565741070776,4.323237934209351,0.004579488770187391
5.0,2.2843836534881943,757.2975493226389,0.20625771667255693,0.0027034062322806728,146.47582313472694,4.315478359249589,0.004574413780054355
5.005,2.284520611092692,757.2981715897533,0.20627163704876358,0.002693489919624736,146.48595041812686,4.307736293379489,0.004569339758028064
5.01,2.2846660745718563,757.2988021510506,0.2062855014530726,0.00268361347225729,146.49603935812263,4.300011712943891,0.004564266729277081
5.015,2.2848200369821985,757.2994409804703,0.20629931003328916,0.0026737767847105466,146.50609005393798,4.292304592725875,0.004559194718281984
5.0200000000000005,2.2849824942798955,757.3000880547064,0.20631306293295137,0.0026639797545371163,146.51610260233372,4.28461490951078,0.004554123750454478
5.025,2.2851534413645447,757.300743349442,0.20632676029714597,0.0026542222781936096,146.5260771009852,4.276942639350827,0.004549053850881432
5.03,2.2853328702319895,757.3014068375775,0.2063404022754014,0.0026445042489924345,146.53601365018523,4.26928775624146,0.004543985043733642
5.035,2.2855207728780735,757.3020784920132,0.2063539890172462,0.0026348255602460014,146.54591235022667,4.26165023417812,0.004538917353181901
5.04,2.285717141298641,757.3027582856495,0.2063675206722088,0.0026251861052667197,146.55577330140238,4.25403004715625,0.004533850803397008
5.045,2.2859219674895344,757.3034461913867,0.2063809973898177,0.002615585777367,146.5655966040052,4.246427169171294,0.004528785418549755
5.05,2.2861352434465987,757.3041421821252,0.2063944193196014,0.0026060244698592515,146.57538235832797,4.238841574218693,0.00452372122281094
5.055,2.2863569611656764,757.3048462307654,0.20640778661108838,0.0025965020760558848,146.58513066466355,4.231273236293892,0.004518658240351359
5.0600000000000005,2.2865871126426125,757.3055583102077,0.20642109941380712,0.0025870184892693078,146.5948416233048,4.223722129392331,0.004513596495341805
5.065,2.2868256865586463,757.3062783902365,0.2064343578817624,0.002577573599644324,146.60451533713925,4.216188225315879,0.004508536010893391
5.07,2.2870726776882577,757.3070064463217,0.20644756216104143,0.002568167302928129,146.61415190456142,4.208671499801984,0.0045034768120925306
5.075,2.2873280757358105,757.3077424491905,0.20646071240434744,0.002558799490186658,146.62375142775414,4.20117192529767,0.004498418922400305
5.08,2.287591869480487,757.3084863687043,0.20647380876560573,0.0025494700516210107,146.6333140096019,4.193689473645718,0.004493362364980625
5.085,2.2878640477014685,757.3092381747239,0.20648685139874176,0.0025401788774322863,146.64283975298906,4.18622411668891,0.0044883071629974
5.09,2.2881445991779352,757.3099978371104,0.20649984045768088,0.002530925857821585,146.65232876080012,4.178775826270026,0.004483253339614541
5.095,2.28843351268907,757.3107653257249,0.20651277609634852,0.0025217108829900066,146.66178113591948,4.171344574231845,0.004478200917995958
5.1000000000000005,2.2887307770140524,757.3115406104284,0.20652565846867,0.0025125338431386487,146.6711969812316,4.163930332417148,0.004473149921305561
5.105,2.2890363809320653,757.312323661082,0.20653848772857075,0.0025033946284686148,146.68057639962086,4.156533072668718,0.004468100372707262
5.11,2.289350312572782,757.3131144469529,0.20655126403069818,0.0024942931286703416,146.689919494372,4.149152766441274,0.004463052295152573
5.115,2.2896725582969712,757.31391293567,0.2065639875318294,0.0024852292319278136,146.69922637000045,4.141789384082826,0.004458005711024957
5.12,2.2900031093195174,757.3147190992889,0.20657665838340347,0.0024762028302001975,146.70849712809692,4.134442898817613,0.004452960644310874
5.125,2.290341951244594,757.3155329047424,0.2065892767430134,0.002467213811094675,146.71773187364394,4.127113280540748,0.004447917117161482
5.13,2.290689069676373,757.3163543189634,0.20660184276825216,0.0024582620622184284,146.72693071162405,4.119800499147343,0.0044428751517279355
5.135,2.291044450219027,757.3171833088845,0.20661435661671276,0.0024493474711786384,146.7360937470198,4.112504524532507,0.004437834770161393
5.14,2.2914080784767275,757.3180198414386,0.20662681844598815,0.0024404699255824876,146.7452210848137,4.105225326591353,0.004432795994613008
5.1450000000000005,2.291779940053648,757.3188638835585,0.20663922841367136,0.0024316293130371563,146.7543128299883,4.0979628752189905,0.004427758847233939
5.15,2.29216002055396,757.3197154021772,0.2066515866773553,0.002422825521149829,146.76336908752614,4.0907171403105345,0.004422723350175342
5.155,2.2925483055818368,757.3205743642271,0.20666389339463304,0.0024140584375276866,146.7723899624098,4.083488091761095,0.004417689525588373
5.16,2.2929447788220387,757.3214407349292,0.20667614872483006,0.00240532794855357,146.78137556053142,4.076275698425794,0.004412657394985213
5.165,2.293349426202324,757.3223144814735,0.20668835282548853,0.0023966339418699796,146.7903259869317,4.069079930299136,0.004407626980642468
5.17,2.29376223330156,757.3231955707412,0.2067005058544114,0.002387976304935382,146.79924134678575,4.06190075719656,0.0044025983047290005
5.175,2.294183182602294,757.3240839668584,0.20671260797212823,0.002379354923281694,146.8081217466799,4.054738147275798,0.004397571388380619
5.18,2.2946122565870755,757.3249796339519,0.20672465933916842,0.0023707696824408304,146.81696729320038,4.0475920686945805,0.004392546252733127
5.1850000000000005,2.2950494377384536,757.325882536148,0.20673666011606154,0.0023622204679447064,146.82577809293352,4.040462489610638,0.00438752291892233
5.19,2.2954947085389765,757.3267926375731,0.20674861046333703,0.00235370716532524,146.83455425246555,4.033349378181703,0.004382501408084037
5.195,2.2959480514711936,757.3277099023537,0.20676051054152442,0.0023452296601143463,146.8432958783828,4.026252702565506,0.004377481741354051
5.2,2.2964094490176534,757.3286342946162,0.20677236051115314,0.002336787837843941,146.85200307727158,4.0191724309197765,0.004372463939868179
5.205,2.2968788836609053,757.329565778487,0.20678416053275273,0.0023283815840459392,146.86067595571808,4.012108531402247,0.0043674480247622265
5.21,2.2973563348999204,757.3305043154994,0.20679591076892462,0.002320010782789923,146.86931462130175,4.0050609707191756,0.004362434016160866
5.215,2.2978417875655293,757.3314498717774,0.20680761137889256,0.002311675320528298,146.8779191801151,3.998029718065941,0.004357421936022199
5.22,2.298335222209089,757.3324024097476,0.20681926252465166,0.0023033750817583088,146.88648973951427,3.9910147406127146,0.004352411804850534
5.2250000000000005,2.298836618256446,757.3333618908623,0.20683086436894418,0.0022951099504500087,146.8950264072009,3.9840160049925872,0.0043474036427669765
5.23,2.2993459551334468,757.3343282765737,0.20684241707451242,0.002286879810573455,146.90352929087655,3.9770334778386554,0.004342397469892636
5.235,2.2998632122659375,757.3353015283342,0.20685392080409865,0.0022786845460987006,146.91199849824284,3.97006712578401,0.0043373933063486185
5.24,2.300388369079765,757.3362816075961,0.20686537572044514,0.002270524040995799,146.9204341370013,3.9631169154617436,0.004332391172256033
5.245,2.300921405000776,757.3372684758116,0.20687678198629414,0.002262398179234805,146.9288363148536,3.9561828135049493,0.004327391087735986
5.25,2.301462299454816,757.338262094433,0.20688813976438794,0.002254306844785773,146.9372051395013,3.94926478654672,0.0043223930729095845
5.255,2.302011031460495,757.3392624245703,0.20689944921765097,0.002246249921490592,146.94554071871062,3.9423628010494673,0.004317397147756372
5.26,2.3025675777281567,757.3402694253732,0.20691071051019677,0.0022382272923535222,146.953843160749,3.9354768224592376,0.004312403331463493
5.265,2.303131920329334,757.3412830604822,0.20692192380383428,0.0022302388420000763,146.9621125731255,3.9286068184334257,0.004307411645097654
5.2700000000000005,2.30370403570939,757.3423032888174,0.2069330892628105,0.0022222844533406677,146.97034906418043,3.9217527542930095,0.0043024221077690985
5.275,2.304283900313687,757.3433300692992,0.2069442070513726,0.002214364009285715,146.97855274225415,3.91491459535897,0.0042974347385880745
5.28,2.304871490587588,757.3443633608479,0.20695527733376753,0.0022064773927456325,146.98672371568696,3.9080923069522857,0.004292449556664829
5.285,2.3054667829764552,757.3454031223833,0.20696630027424243,0.0021986244866308365,146.9948620928192,3.9012858543939353,0.004287466581109606
5.29,2.3060697539256516,757.346449312826,0.20697727603704433,0.002190805173851742,147.00296798199122,3.8944952030048983,0.004282485831032652
5.295,2.30668037988054,757.3475018910963,0.2069882047864203,0.0021830193373187654,147.01104149154335,3.8877203181061537,0.004277507325544215
5.3,2.3072986372864825,757.3485608161142,0.2069990866866174,0.0021752668599423217,147.01908272981586,3.8809611650186806,0.0042725310837545384
5.305,2.3079245009818776,757.3496260454909,0.20700992190225437,0.0021675476243734194,147.02709180516783,3.874217708482631,0.004267557124203154
5.3100000000000005,2.308557947364967,757.3506975380767,0.2070207105978249,0.0021598615133476733,147.03506882614428,3.867489913726971,0.004262585466000916
5.315,2.309198953144547,757.3517752529735,0.20703145293773492,0.002152208409662243,147.04301390128506,3.860777746091117,0.004257616128377852
5.32,2.309847491872733,757.3528591467211,0.20704214908705149,0.0021445881956536545,147.05092713910986,3.854081169793778,0.004252649129440267
5.325,2.3105035371016385,757.3539491758589,0.2070527992108417,0.002137000753658436,147.05880864813838,3.847400149053664,0.004247684487294467
5.33,2.3111670623833778,757.3550452969267,0.20706340347417254,0.0021294459660131143,147.06665853689032,3.8407346480894846,0.004242722220046756
5.335,2.311838041270065,757.356147466464,0.2070739620421111,0.0021219237150542176,147.07447691388532,3.8340846311199503,0.0042377623458034405
5.34,2.3125164473138144,757.3572556410103,0.20708447507972444,0.002114433883118273,147.0822638876431,3.827450062363771,0.004232804882670825
5.345,2.3132022540667396,757.3583697771053,0.2070949427520796,0.002106976352541809,147.0900195666834,3.8208309060396557,0.004227849848755215
5.3500000000000005,2.3138954350809557,757.3594898312886,0.20710536522424364,0.002099551005661351,147.09774405952584,3.814227126366314,0.004222897262162916
5.355,2.314595961334131,757.3606157580728,0.20711574266132413,0.0020921577247916667,147.1054374743441,3.8076386867790686,0.004217947140065348
5.36,2.315303808249089,757.3617475154249,0.20712607522868082,0.0020847963920566474,147.11309992018877,3.801065551962281,0.0042129995012744606
5.365,2.3160189478413744,757.3628850586497,0.20713636309156558,0.0020774668896660006,147.12073150552405,3.7945076856082727,0.004208054363361832
5.37,2.3167413508677823,757.3640283420664,0.20714660641521035,0.002070169099847045,147.12833233861141,3.787965051038427,0.0042031117434396985
5.375,2.3174709880851094,757.3651773199941,0.207156805364847,0.0020629029048270992,147.13590252771243,3.7814376115741277,0.004198171658620294
5.38,2.318207830250152,757.366331946752,0.2071669601057075,0.0020556681868334824,147.14344218108866,3.7749253305367594,0.004193234126015855
5.385,2.3189518481197053,757.3674921766593,0.20717707080302375,0.002048464828093513,147.1509514070016,3.7684281712477046,0.004188299162738616
5.39,2.3197030124505664,757.368657964035,0.20718713762202762,0.0020412927108345094,147.15843031371284,3.761946097028348,0.004183366785900813
5.3950000000000005,2.320461293999531,757.3698292631985,0.20719716072795102,0.00203415171728379,147.1658790094839,3.7554790712000714,0.004178437012614679
5.4,2.321226663342473,757.3710060283327,0.20720714028598194,0.0020270417297003534,147.1732976025191,3.749027057041856,0.004173509859924664
5.405,2.3219990883764092,757.3721882115842,0.207217076460803,0.0020199626307091673,147.18068620029908,3.7425900171599222,0.004168585343881541
5.41,2.3227785425696914,757.3733757692726,0.20722696941857205,0.0020129143018732002,147.1880449121762,3.7361679154228757,0.0041636634826400076
5.415,2.323564993992063,757.374568653665,0.20723681932406585,0.0020058966257502937,147.1953738457421,3.7297607144528584,0.0041587442923308885
5.42,2.324358410713266,757.3757668170286,0.20724662634206117,0.0019989094848982905,147.20267310858844,3.723368376872012,0.004153827789085006
5.425,2.3251587608030437,757.3769702116306,0.20725639063733475,0.001991952761875033,147.20994280830698,3.7169908653024772,0.004148913989033185
5.43,2.325966012331138,757.378178789738,0.20726611237466339,0.0019850263392383635,147.21718305248933,3.710628142366396,0.004144002908306247
5.4350000000000005,2.3267801333672926,757.3793925036179,0.20727579171882385,0.001978130099546123,147.22439394872717,3.704280170685908,0.004139094563035016
5.44,2.3276010919812493,757.3806113055375,0.20728542883459286,0.0019712639253561563,147.2315756046122,3.6979469128831575,0.004134188969350316
5.445,2.328428856242751,757.381835147764,0.2072950238867472,0.0019644276992263044,147.2387281277361,3.6916283315802847,0.00412928614338297
5.45,2.329263392043133,757.3830639810058,0.2073045770389792,0.0019576213044899867,147.24585162461813,3.685324389037541,0.004124386100418209
5.455,2.3301046673646555,757.3842977574291,0.2073140884562767,0.0019508446235554674,147.25294620301116,3.6790350477872207,0.00411948885656885
5.46,2.330952652576479,757.3855364309005,0.20732355830485955,0.0019440975379503833,147.2600119718954,3.672760270735129,0.004114594428890728
5.465,2.331807312881121,757.3867799516,0.20733298674830478,0.001937379931092098,147.26704903765543,3.6665000199469553,0.004109702832433424
5.47,2.332668613481097,757.3880282697072,0.20734237395018937,0.0019306916863979758,147.27405750667583,3.6602542574883907,0.0041048140822465195
5.4750000000000005,2.3335365195789244,757.3892813354021,0.2073517200740903,0.0019240326872853794,147.2810374853412,3.6540229454251234,0.004099928193379594
5.48,2.3344109963771196,757.3905390988643,0.2073610252835846,0.0019174028171716753,147.28798908003608,3.647806045822846,0.0040950451808822305
5.485,2.335292009078199,757.3918015102738,0.20737028974224928,0.0019108019594742268,147.2949123971451,3.641603520747248,0.004090165059804009
5.49,2.3361795228846796,757.3930685198104,0.20737951361366128,0.0019042299976103974,147.30180754305286,3.6354153322640186,0.004085287845194511
5.495,2.337073502999078,757.394340077654,0.20738869706139768,0.0018976868149975516,147.30867462414392,3.6292414424388486,0.004080413552103317
5.5,2.3379739146239102,757.3956161339842,0.2073978402490354,0.0018911722950530534,147.31551374680288,3.6230818133374276,0.0040755421955800085
5.505,2.3388807229616937,757.3968966389809,0.2074069433401515,0.0018846863211942667,147.3223250174143,3.6169364070254466,0.004070673790674165
5.51,2.339793889289055,757.3981815401843,0.20741600649526937,0.001878228779016577,147.3291085396944,3.6108051851990988,0.004065808350854933
5.515,2.340713381973057,757.3994707898148,0.20742502988097022,0.001871799549796585,147.33586442262737,3.6046881100550743,0.004060945892492578
5.5200000000000005,2.341639165093174,757.4007643372511,0.20743401366024988,0.001865398517367496,147.34259277208128,3.5985851434564786,0.004056086430220855
5.525,2.3425712009557813,757.4020621306889,0.2074429579946622,0.0018590255665906952,147.34929369266763,3.5924962471181257,0.004051229977955406
5.53,2.343509451867253,757.4033641183247,0.20745186304576116,0.0018526805823275644,147.35596728899802,3.586421382754824,0.004046376549611872
5.535,2.3444538801339645,757.4046702483543,0.2074607289751006,0.0018463634494394864,147.36261366568394,3.5803605120813846,0.0040415261591058935
5.54,2.3454044480622906,757.4059804689739,0.20746955594423447,0.0018400740527878448,147.36923292733695,3.574313596812618,0.004036678820353112
5.545,2.346361117958606,757.4072947283796,0.20747834411471666,0.0018338122772340215,147.37582517856862,3.568280598663335,0.004031834547269169
5.55,2.3473238521292856,757.4086129747676,0.20748709364810108,0.0018275780076394005,147.38239052399047,3.5622614793483462,0.004026993353769706
5.555,2.3482926128807042,757.4099351563337,0.20749580470594167,0.001821371128865364,147.388929068214,3.556256200582462,0.004022155253770362
5.5600000000000005,2.3492673625192366,757.4112612212743,0.2075044774497923,0.0018151915257732941,147.39544091585083,3.5502647240804923,0.00401732026118678
5.565,2.350248062749382,757.4125911174156,0.20751311204053022,0.001809039083706532,147.4019261709591,3.544287011554698,0.004012488389679345
5.57,2.35123467245156,757.4139247908022,0.20752170863612562,0.001802913690079467,147.4083849352178,3.5383230246264685,0.0040076596517328415
5.575,2.3522271578761886,757.4152621919806,0.2075302674030073,0.0017968152262828351,147.4148173172238,3.5323727248921717,0.0040028340629804674
5.58,2.353225478634677,757.4166032674385,0.20753878850001806,0.0017907435791098523,147.42122341937312,3.526436073953377,0.0039980116362334644
5.585,2.3542295943384337,757.417947963664,0.2075472720860008,0.001784698635353734,147.427603344062,3.5205130334116554,0.003993192384303074
5.59,2.3552394645988683,757.4192962271447,0.20755571831979833,0.0017786802818076958,147.43395719368647,3.5146035648685756,0.003988376320000539
5.595,2.35625504902739,757.4206480043687,0.20756412736025356,0.0017726884052649537,147.44028507064272,3.5087076299257083,0.003983563456137102
5.6000000000000005,2.3572763072354084,757.4220032418236,0.20757249936620933,0.0017667228925187222,147.44658707732683,3.5028251901846224,0.003978753805524002
5.605,2.3583031988343315,757.4233618859973,0.20758083449650852,0.0017607836303622194,147.45286331613497,3.49695620724689,0.003973947380972486
5.61,2.3593356834355688,757.4247238833779,0.20758913290999395,0.0017548705055886594,147.4591138894632,3.491100642714079,0.0039691441952937915
5.615,2.3603737206505295,757.4260891804528,0.2075973947655085,0.0017489834049912586,147.4653388997077,3.4852584581877606,0.003964344261299164
5.62,2.361417270090623,757.4274577237102,0.20760562022189508,0.001743122215363232,147.47153844926456,3.4794296152695043,0.0039595475917998425
5.625,2.362466289089009,757.4288294583748,0.20761380943467753,0.0017372868258599171,147.47771263792555,3.4736140757399028,0.003954754198588598
5.63,2.363520737815036,757.4302043311642,0.20762196256395327,0.00173147712238253,147.48386156907478,3.4678118010294328,0.003949964094766996
5.635,2.364580576576594,757.4315822888836,0.20763007976997916,0.0017256929907188976,147.48998534622285,3.4620227525645495,0.003945177293502417
5.64,2.365645762505673,757.4329632765974,0.2076381612082809,0.0017199343200237924,147.4960840691676,3.4562468920502174,0.003940393806534464
5.6450000000000005,2.3667162527342627,757.4343472393696,0.20764620703438422,0.0017142009994519864,147.50215783770673,3.4504841811913995,0.003935613645602732
5.65,2.3677920043943517,757.4357341222645,0.20765421740381482,0.0017084929181582537,147.50820675163806,3.444734581693062,0.003930836822446824
5.655,2.36887297461793,757.4371238703462,0.2076621924720984,0.0017028099652973661,147.51423091075927,3.438998055260168,0.003926063348806338
5.66,2.369959120536988,757.4385164286791,0.20767013239476073,0.0016971520300240964,147.52023041486817,3.4332745635976822,0.003921293236420873
5.665,2.3710503992835146,757.4399117423272,0.20767803732732748,0.0016915190014932168,147.5262053637625,3.4275640684105686,0.003916526497030027
5.67,2.3721467679895,757.4413097563548,0.2076859074253244,0.0016859107688595003,147.53215585724004,3.4218665314037904,0.003911763142373402
5.675,2.373248183786933,757.4427104158261,0.2076937428442772,0.0016803272212777194,147.5380819950985,3.416181914282313,0.003907003184190595
5.68,2.3743546038078045,757.4441136658053,0.20770154373971159,0.0016747682479026464,147.5439838771357,3.410510178751099,0.003902246634221205
5.6850000000000005,2.375465982388883,757.4455194499922,0.20770931026213482,0.0016692337414591864,147.5498615993277,3.4048512869613585,0.003897493502884726
5.69,2.3765822788809667,757.4469277144194,0.20771704257166781,0.0016637235878341195,147.55571526498235,3.399205200091247,0.0038927438030314744
5.695,2.377703448848898,757.4483384033433,0.20772474082127396,0.0016582376780055967,147.56154497194936,3.3935718800211383,0.003887997545692183
5.7,2.378829447268296,757.4497514607399,0.20773240516282004,0.0016527759037317778,147.56735081724258,3.387951288736179,0.003883254741615627
5.705,2.379960229114782,757.4511668305851,0.2077400357481729,0.0016473381567708232,147.57313289787584,3.382343388221517,0.0038785154015505818
5.71,2.3810957493639755,757.4525844568551,0.20774763272919938,0.0016419243288808931,147.578891310863,3.3767481404622983,0.003873779536245822
5.715,2.382235962991498,757.4540042835259,0.20775519625776634,0.0016365343118201479,147.58462615321795,3.3711655074436706,0.0038690471564501224
5.72,2.3833808249729693,757.4554262545735,0.20776272648574057,0.0016311679973467473,147.59033752195452,3.3655954511507806,0.003864318272912258
5.7250000000000005,2.3845302902840104,757.4568503139739,0.20777022356498892,0.001625825277218851,147.5960255140866,3.3600379335687744,0.003859592896381003
5.73,2.385684313900241,757.4582764057031,0.20777768764737825,0.0016205060431946207,147.60169022662797,3.3544929166828013,0.0038548710376051344
5.735,2.3868428505010084,757.4597044736216,0.20778511888410303,0.0016152101875103212,147.60733175609107,3.348960362559378,0.0038501527071810727
5.74,2.388005852910898,757.4611344608167,0.20779251742238788,0.0016099376052256397,147.61295019602872,3.3434402337112754,0.00384543791477551
5.745,2.3891732783336073,757.4625663120521,0.20779988341958502,0.0016046881841985097,147.6185456475513,3.33793249139432,0.0038407266723303538
5.75,2.3903450798658543,757.4639999705103,0.20780721702362687,0.0015994618189854167,147.62411820474262,3.3324370980170177,0.0038360189896673477
5.755,2.3915212106043575,757.4654353793732,0.207814518382446,0.001594258404142846,147.62966796168664,3.3269540159878743,0.0038313148766082345
5.76,2.392701623645835,757.4668724818233,0.20782178764397485,0.0015890778342272825,147.6351950124672,3.3214832077153957,0.0038266143429747574
5.765,2.393886272087005,757.4683112210427,0.207829024956146,0.0015839200037952115,147.64069945116822,3.316024635608088,0.00382191739858866
5.7700000000000005,2.395075109024587,757.4697515402135,0.2078362304668919,0.0015787848074031172,147.6461813718736,3.3105782620744555,0.003817224053271684
5.775,2.3962680875552977,757.471193382518,0.20784340432414508,0.0015736721396074863,147.65164086866724,3.305144049523006,0.0038125343168455743
5.78,2.397465160775856,757.4726366911385,0.20785054667583805,0.0015685818949648033,147.657078035633,3.2997219603622447,0.003807848199132073
5.785,2.3986662817829805,757.474081409257,0.2078576576699033,0.0015635139680315535,147.6624929668548,3.294311957000677,0.0038031657099529244
5.79,2.3998714027678036,757.4755274797988,0.207864737451778,0.0015584682551383583,147.66788575458924,3.2889140021972207,0.003798486858622052
5.795,2.401080476314192,757.4769748457243,0.20787178616834276,0.001553444651589912,147.67325649215067,3.2835280584666173,0.003793811654712457
5.8,2.4022934563238008,757.4784234503576,0.20787880397018926,0.001548443050052548,147.67860527557264,3.2781540877894813,0.0037891401085480402
5.805,2.4035102942288677,757.4798732363461,0.2078857910009959,0.0015434633481077168,147.68393219582643,3.272792053128623,0.003784472229057216
5.8100000000000005,2.4047309414616307,757.4813241463371,0.20789274740444114,0.0015385054433368678,147.68923734388335,3.2674419174468534,0.0037798080251683977
5.815,2.4059553494543264,757.4827761229782,0.2078996733242033,0.0015335692333214525,147.69452081071472,3.2621036437069844,0.0037751475058099998
5.82,2.4071834696391927,757.4842291089167,0.20790656890396086,0.0015286546156429207,147.69978268729182,3.2567771948718263,0.0037704906799104357
5.825,2.4084152534484664,757.4856830468001,0.2079134342873922,0.0015237614878827223,147.70502306458596,3.2514625339041903,0.0037658375563981196
5.83,2.4096506523143857,757.4871378792757,0.20792026961817572,0.0015188897476223076,147.71024203356845,3.246159623766887,0.0037611881442014645
5.835,2.410889617669188,757.488593548991,0.20792707503998986,0.0015140392924431268,147.71543968521055,3.2408684274227277,0.003756542452248885
5.84,2.4121321009451093,757.4900499985933,0.20793385069651302,0.00150921001992663,147.7206161104836,3.235588907834523,0.0037519004894687948
5.845,2.4133780522915105,757.4915071705437,0.2079405967271128,0.0015044018307186215,147.72577139725342,3.2303210286358897,0.0037472622639900545
5.8500000000000005,2.414627423692384,757.492965007455,0.20794731327785088,0.0014996146207068028,147.7309056382062,3.2250647523710465,0.003742627785144728
5.855,2.415880166409884,757.4944234518637,0.2079540004922658,0.0014948482875723557,147.73601892421243,3.219820041981826,0.0037379970618064877
5.86,2.417136230433793,757.4958824461435,0.20796065850952172,0.0014901027321060937,147.74111134299167,3.2145868610990833,0.003733370102045234
5.865,2.4183955657538925,757.497341932669,0.2079672874687827,0.0014853778550988318,147.7461829822636,3.209365173353675,0.003728746913930866
5.87,2.419658122359964,757.498801853814,0.2079738875092129,0.0014806735573413847,147.7512339297478,3.204154942376457,0.003724127505533285
5.875,2.42092385024179,757.5002621519529,0.20798045876997637,0.0014759897396245667,147.7562642731639,3.1989561317982855,0.0037195118849223906
5.88,2.4221926993891514,757.5017227694599,0.2079870013902372,0.0014713263027391929,147.7612741002315,3.1937687052500165,0.003714900060168083
5.885,2.423464619791831,757.5031836487088,0.20799351550915954,0.0014666831474760777,147.76626349867024,3.188592626362507,0.003710292039340263
5.89,2.42473956143961,757.5046447320741,0.20800000126590748,0.001462060174626036,147.7712325561997,3.183427858766613,0.0037056878305088297
5.8950000000000005,2.4260174743222707,757.5061059619297,0.2080064587996451,0.0014574572849798812,147.77618136053954,3.178274366093189,0.0037010874417436838
5.9,2.4272983069635967,757.5075672807146,0.20801288824344116,0.0014528743836609013,147.78110999508337,3.1731321129961123,0.0036964908800722596
5.905,2.4285820105080145,757.5090286305817,0.20801928974202383,0.0014483113675054402,147.786018551493,3.1680010621198558,0.003691898154474933
5.91,2.429868534179002,757.5104899538608,0.20802566343176174,0.0014437681392915351,147.79090711550208,3.1628811775337464,0.0036873092725241145
5.915,2.4311578267524996,757.5119511929153,0.20803200944710057,0.001439244603163999,147.79577577148024,3.1577724236338636,0.0036827242414668076
5.92,2.43244983700445,757.513412290109,0.208038327922486,0.0014347406632676443,147.80062460379702,3.1526747648162843,0.0036781430685500147
5.925,2.433744513710794,757.5148731878058,0.20804461899236368,0.0014302562237472846,147.80545369682204,3.147588165477087,0.0036735657610207388
5.93,2.4350418056474727,757.5163338283694,0.20805088279117928,0.0014257911887477325,147.81026313492492,3.14251259001235,0.0036689923261259832
5.9350000000000005,2.4363416615904288,757.5177941541633,0.2080571194533785,0.0014213454624138002,147.8150530024752,3.1374480028181506,0.00366442277111275
5.94,2.4376440303156026,757.5192541075514,0.20806332911340697,0.0014169189488903024,147.81982338384248,3.1323943682905684,0.0036598571032280436
5.945,2.438948860598936,757.5207136308973,0.20806951190571038,0.0014125115523220507,147.82457436339638,3.1273516508256805,0.0036552953297188657
5.95,2.4402561011495862,757.5221726665904,0.20807566796436347,0.0014081231771174863,147.82930602524712,3.122319814886376,0.0036507374577738586
5.955,2.4415656994608357,757.5236311573947,0.20808179741707156,0.0014037537322119532,147.83401844904685,3.1172988260654395,0.003646183493565074
5.96,2.442877605498583,757.5250890450515,0.20808790040563221,0.0013994031165254406,147.83871172429684,3.112288647397974,0.003641633445468961
5.965,2.4441917670590905,757.526546272177,0.20809397705962068,0.0013950712376644505,147.8433859319561,3.107289244126729,0.0036370873199457494
5.97,2.445508131938619,757.5280027813876,0.2081000275086122,0.0013907580032354854,147.84804115298363,3.102300581494453,0.0036325451234556706
5.9750000000000005,2.44682664793343,757.5294585152994,0.20810605188218198,0.0013864633208450468,147.85267746833838,3.097322624743896,0.003628006862458954
5.98,2.4481472628397865,757.5309134165288,0.2081120503099052,0.0013821870980996389,147.85729495897934,3.092355339117808,0.0036234725434158323
5.985,2.4494699244539486,757.5323674276921,0.20811802292135717,0.0013779292426057627,147.86189370586553,3.087398689858938,0.003618942172786535
5.99,2.4507945805721785,757.5338204914052,0.20812396984611303,0.0013736896619699207,147.8664737899559,3.0824526422100353,0.0036144157570312933
5.995,2.4521211789907382,757.5352725502848,0.20812989121374806,0.0013694682637986153,147.87103529220946,3.0775171614138492,0.0036098933026103373
6.0,2.453449667505889,757.5367235469469,0.20813578715383743,0.001365264955698349,147.87557829358516,3.072592212713129,0.0036053748159838982
6.005,2.4547799935897765,757.5381734242994,0.20814165779348,0.0013610796470355305,147.88010287333498,3.067677761817769,0.003600860303247129
6.01,2.4561121046597982,757.5396221251278,0.2081475032600728,0.0013569122469647545,147.88460911090664,3.062773774359755,0.0035963497705213832
6.015000000000001,2.4574459488731737,757.5410695915108,0.20815332368687592,0.0013527626604739767,147.889097089788,3.0578802148554782,0.00359184322478715
6.0200000000000005,2.45878147328512,757.542515766579,0.2081591191984899,0.0013486307987051987,147.89356688750135,3.052997049461069,0.0035873406717542547
6.025,2.4601186249508555,757.5439605934631,0.20816488991951532,0.0013445165728004193,147.89801858156895,3.0481242443326555,0.00358284211713252
6.03,2.461457350925598,757.5454040152938,0.20817063597455274,0.0013404198939016387,147.90245224951312,3.043261765626366,0.00357834756663177
6.035,2.462797598264565,757.5468459752017,0.20817635748820273,0.0013363406731508566,147.90686796885612,3.0384095794983295,0.0035738570259618288
6.04,2.4641393140229746,757.5482864163175,0.20818205458506586,0.0013322788216900729,147.91126581712027,3.033567652104675,0.0035693705008325196
6.045,2.465482445256044,757.549725281772,0.20818772738974267,0.0013282342506612877,147.91564587182785,3.0287359496015305,0.003564887996953667
6.05,2.466826939018992,757.5511625146956,0.20819337602683374,0.0013242068712065005,147.92000821050118,3.023914438145025,0.003560409520035094
6.055,2.4681727423670363,757.5525980582192,0.20819900062093963,0.0013201965944677116,147.9243529106625,3.0191030838912876,0.003555935075786625
6.0600000000000005,2.469519801986894,757.5540318562003,0.20820460129226753,0.0013162033347090618,147.92868004684777,3.014301853857015,0.0035514646693072956
6.065,2.470868064962907,757.5554638513614,0.20821017816720433,0.001312227001803212,147.93298969777706,3.0095107138231127,0.0035469983065344753
6.07,2.4722174782809434,757.556893986682,0.20821573137075042,0.001308267506608131,147.9372819412317,3.004729629842582,0.003542535993215202
6.075,2.473567988497199,757.5583222060665,0.20822126102247077,0.0013043247638444382,147.9415568513023,2.9999585690379895,0.003538077734345255
6.08,2.474919542167868,757.5597484534197,0.20822676724193043,0.0013003986882327537,147.9458145020794,2.995197498531902,0.003533623534920413
6.085,2.476272085849145,757.5611726726463,0.20823225014869431,0.0012964891944936966,147.9500549676536,2.9904463854468863,0.003529173399936456
6.09,2.4776255660972257,757.5625948076511,0.2082377098623275,0.0012925961973478872,147.95427832211547,2.985705196905509,0.003524727334389162
6.095,2.4789799294683044,757.5640148023386,0.20824314650239492,0.0012887196115159445,147.9584846395556,2.9809739000303375,0.00352028534327431
6.1000000000000005,2.480335122518577,757.5654326006137,0.2082485601884616,0.001284859351718488,147.96267399406455,2.976252461943938,0.003515847431587679
6.105,2.481691091804237,757.5668481463811,0.2082539510400925,0.0012810153326761383,147.96684645973286,2.971540849768878,0.003511413604325049
6.11,2.48304778388148,757.5682613835454,0.20825931917685264,0.0012771874691095148,147.9710021106512,2.966839030627724,0.0035069838664821985
6.115,2.48440514507306,757.5696722573182,0.20826466471216287,0.0012733756801055175,147.975141016792,2.9621469728849115,0.003502558222245049
6.12,2.4857631219831773,757.571080710365,0.2082699877707661,0.0012695798767051764,147.9792632556912,2.9574646425884055,0.0034981366772684278
6.125,2.487121660995519,757.5724866870561,0.20827528846974952,0.001265799975390032,147.98336889976656,2.952792007343634,0.003493719236207886
6.13,2.4884807084115566,757.5738901323265,0.2082805669236203,0.0012620358944750068,147.98745801970958,2.94812903528017,0.003489305903381298
6.135,2.489840210532763,757.5752909911113,0.20828582324688572,0.0012582875522750233,147.9915306862116,2.9434756945275895,0.00348489668310654
6.140000000000001,2.4912001136606086,757.5766892083451,0.208291057554053,0.0012545548671050034,147.99558696996408,2.938831953215465,0.003480491579701485
6.1450000000000005,2.492560364096566,757.5780847289631,0.2082962699596294,0.0012508377572798713,147.99962694165848,2.934197779473374,0.003476090597484009
6.15,2.493920908142107,757.5794774978999,0.20830146057812218,0.0012471361411145485,148.00365067198618,2.9295731414308888,0.0034716937407719872
6.155,2.4952816920987035,757.5808674600908,0.20830662952403853,0.0012434499369239579,148.0076582316386,2.9249580072175845,0.003467301013883294
6.16,2.496642662267827,757.5822545604705,0.20831177691188574,0.0012397790630230216,148.01164969130718,2.920352344963035,0.003462912421135804
6.165,2.4980037649509494,757.5836387439739,0.20831690285617102,0.0012361234377266626,148.01562512168337,2.9157561227968154,0.003458527966847392
6.17,2.4993649465084125,757.5850199575564,0.20832200746363558,0.0012324829848687478,148.01958458832715,2.9111693104606142,0.0034541476543610613
6.175,2.5007261530043463,757.5863981438926,0.20832709085685155,0.0012288576170328862,148.02352816722353,2.906591874380325,0.0034497714889814464
6.18,2.5020873307296045,757.5877732491748,0.20833215314537049,0.0012252472560557819,148.0274559257808,2.902023783703009,0.003445399474395455
6.1850000000000005,2.503448425976399,757.5891452196199,0.20833719443865384,0.0012216518238381264,148.0313679313479,2.8974650075945205,0.003441031614278784
6.19,2.504809385036941,757.5905140014446,0.20834221484616314,0.0012180712422806142,148.03526425127373,2.8929155152207153,0.003436667912307132
6.195,2.506170154203441,757.5918795408654,0.2083472144773599,0.0012145054332839368,148.0391449529073,2.888375275747449,0.0034323083721561963
6.2,2.507530679768111,757.593241784099,0.2083521934417056,0.0012109543187487867,148.0430101035975,2.883844258340575,0.0034279529975016743
6.205,2.5088909080231616,757.5946006773621,0.20835715184866177,0.0012074178205758565,148.04685977069332,2.87932243216595,0.0034236017920192627
6.21,2.5102507852608045,757.5959561668715,0.2083620898076899,0.001203895860665839,148.05069402154362,2.874809766389428,0.00341925475938466
6.215,2.5116102577732504,757.5973081988437,0.20836700742825146,0.0012003883609194262,148.0545129234974,2.870306230176864,0.003414911903273563
6.22,2.5129692719812486,757.5986567201487,0.20837190481774678,0.0011968952447021656,148.05831654256562,2.865811793134458,0.003410573227116623
6.2250000000000005,2.514327774289448,757.6000016779133,0.2083767820825157,0.0011934164361332076,148.0621049440518,2.861326425083793,0.003406238734208081
6.23,2.5156857106101898,757.6013430168788,0.20838163933638007,0.001189951854014389,148.0658781981107,2.856850094242124,0.0034019084287265056
6.235,2.517043027471929,757.6026806847896,0.20838647668379742,0.0011865014238025605,148.06963636882608,2.852382770830758,0.0033975823137405614
6.24,2.5183996714031185,757.6040146293899,0.20839129422922534,0.0011830650709545739,148.0733795202818,2.847924425071004,0.0033932603923189143
6.245,2.519755588932213,757.6053447984237,0.2083960920771213,0.0011796427209272804,148.07710771656167,2.8434750271841707,0.00338894266753023
6.25,2.5211107265876658,757.6066711396356,0.2084008703319429,0.0011762342991775317,148.0808210217495,2.839034547391566,0.0033846291424431754
6.255,2.522465030897931,757.6079936007696,0.20840562909814767,0.0011728397311621792,148.08451949992914,2.834602955914499,0.0033803198201264152
6.26,2.523818448391462,757.6093121295701,0.20841036848019318,0.0011694589423380745,148.0882032151844,2.8301802229742785,0.003376014703648616
6.265000000000001,2.5251709255967136,757.6106266737811,0.20841508858253693,0.0011660918581620685,148.09187223159907,2.8257663187922115,0.003371713796078443
6.2700000000000005,2.5265224090421383,757.6119371811469,0.20841978950963652,0.001162738404091014,148.09552661325702,2.8213612135896087,0.003367417100484563
6.275,2.5278728456890587,757.613243600851,0.20842447136203215,0.001159398508365885,148.09916642173954,2.816964878441769,0.0033631246194895346
6.28,2.529222181853046,757.6145458801885,0.20842913424512155,0.0011560720957752317,148.10279172170303,2.8125772833520517,0.0033588363562563625
6.285,2.53057036386172,757.6158439664689,0.2084337782643383,0.0011527590910820988,148.10640257783092,2.8081983983156213,0.0033545523139516626
6.29,2.531917338724199,757.6171378092026,0.2084384035192033,0.0011494594232518125,148.10999905103668,2.8038281946194883,0.0033502724950714925
6.295,2.5332630534496015,757.6184273579004,0.2084430101092375,0.0011461730212496985,148.1135812022338,2.799466643550663,0.0033459969021119077
6.3,2.5346074550470457,757.6197125620729,0.2084475981339618,0.0011428998140410823,148.1171490923358,2.7951137163961564,0.0033417255375689653
6.305,2.5359504905256505,757.6209933712308,0.20845216769289712,0.0011396397305912895,148.1207027822562,2.7907693844429775,0.0033374584039387216
6.3100000000000005,2.5372921068945344,757.6222697348849,0.20845671888556438,0.0011363926998656456,148.1242423329084,2.7864336189781365,0.0033331955037172326
6.315,2.538632251162815,757.6235416025456,0.2084612518114845,0.0011331586508294771,148.12776780520596,2.7821063912886452,0.0033289368394005562
6.32,2.5399708703396118,757.6248089237239,0.20846576657017837,0.0011299375124481095,148.1312792600624,2.777787672661513,0.0033246824134847484
6.325,2.541307911434042,757.6260716479303,0.20847026326116694,0.0011267292136868683,148.13477675839113,2.773477434383751,0.0033204322284658655
6.33,2.542643322339755,757.6273297269943,0.20847474197843927,0.0011235336874429664,148.13826035763,2.769175648970119,0.003316186286234899
6.335,2.5439770492476974,757.628583108513,0.20847920282577637,0.0011203508596535708,148.14173012133074,2.7648822867479277,0.0033119445897388388
6.34,2.5453090393934334,757.6298317427235,0.20848364590083956,0.0011171806606056366,148.14518610921792,2.760597319407448,0.0033077071412598046
6.345,2.54663924050897,757.6310755811336,0.20848807129830196,0.0011140230227100396,148.14862837914382,2.7563207193038486,0.0033034739427548238
6.3500000000000005,2.5479676003263143,757.6323145752515,0.20849247911283678,0.0011108778783776546,148.1520569889607,2.7520524587922996,0.0032992449961809214
6.355,2.549294066577472,757.6335486765852,0.2084968694391171,0.0011077451600193587,148.15547199652084,2.7477925102279728,0.0032950203034951254
6.36,2.5506185869944518,757.6347778366427,0.20850124237181614,0.0011046248000460264,148.15887345967653,2.743540845966037,0.003290799866654461
6.365,2.551941109309259,757.6360020069322,0.20850559800560703,0.0011015167308685337,148.16226143628,2.739297438361662,0.0032865836876159542
6.37,2.5532615812539015,757.6372211389618,0.20850993643516294,0.0010984208848977559,148.16563598418358,2.735062259770019,0.003282371768336632
6.375,2.554579950560385,757.6384351842394,0.208514257755157,0.0010953371945445687,148.1689971612395,2.7308352825462765,0.0032781641107735198
6.38,2.5558961649607177,757.6396440942731,0.20851856206026237,0.0010922655922198474,148.17234502530005,2.726616479045606,0.0032739607168836443
6.385,2.557210173655495,757.6408478238607,0.20852284943818927,0.0010892060152840664,148.17567962991757,2.722405823193603,0.0032697615878909208
6.390000000000001,2.558521922743155,757.642046321069,0.2085271199905771,0.001086158391195831,148.17900103719674,2.718203285759558,0.00326556672646869
6.3950000000000005,2.5598313608001884,757.6432395393679,0.20853137380789438,0.0010831226553547487,148.18230930237917,2.7140088400412377,0.0032613761341236877
6.4,2.5611384365204093,757.6444274324846,0.20853561098007317,0.0010800987435417176,148.1856044803764,2.709822459457715,0.003257189812306547
6.405,2.5624430985976314,757.6456099541466,0.2085398315970456,0.0010770865915376365,148.18888662610001,2.7056441174280668,0.0032530077624679014
6.41,2.5637452957256692,757.646787058081,0.20854403574874372,0.0010740861351234046,148.19215579446157,2.7014737873713686,0.0032488299860583855
6.415,2.5650449765983367,757.6479586980154,0.20854822352509966,0.00107109731007992,148.19541204037264,2.6973114427066958,0.003244656484528633
6.42,2.566342089909447,757.6491248276769,0.20855239501604556,0.0010681200521880823,148.19865541874478,2.6931570568531242,0.0032404872593292788
6.425,2.567636584352815,757.650285400793,0.20855655031151346,0.0010651542972287896,148.2018859844896,2.68901060322973,0.003236322311910956
6.43,2.568928408622254,757.6514403710909,0.20856068950143547,0.001062199980982941,148.2051037925186,2.6848720552555885,0.003232161643724299
6.4350000000000005,2.570217511823387,757.6525896931062,0.2085648126742368,0.0010592570403027844,148.20830889683387,2.680741386695646,0.0032280052560681653
6.44,2.5715038435968283,757.6537333225035,0.2085689199161006,0.0010563254136343645,148.21150135006005,2.6766185718240183,0.003223853150008912
6.445,2.572787351257108,757.6548712104175,0.20857301132163233,0.0010534050334357436,148.21468120989573,2.6725035829787034,0.003219705327456348
6.45,2.5740679846943673,757.6560033130065,0.2085770869761442,0.0010504958387721386,148.21784852844104,2.6683963946327265,0.003215561789386334
6.455,2.5753456937987496,757.657129586429,0.2085811469649483,0.0010475977687087656,148.22100335779606,2.6642969812591137,0.0032114225367747325
6.46,2.5766204284603966,757.6582499868435,0.20858519137335688,0.0010447107623108417,148.22414575006093,2.6602053173308917,0.003207287570597405
6.465,2.5778921385694504,757.6593644704084,0.20858922028668203,0.001041834758643583,148.2272757573357,2.6561213773210857,0.003203156891830213
6.47,2.5791607740160543,757.6604729932819,0.20859323379023598,0.001038969696772206,148.23039343172044,2.6520451357027226,0.003199030501449018
6.4750000000000005,2.5804262846903496,757.6615755116227,0.20859723196933083,0.0010361155157619269,148.23349882531534,2.6479765669488273,0.003194908400429681
6.48,2.5816886204824785,757.662671981589,0.20860121490927877,0.0010332721546779632,148.23659199022043,2.643915645532427,0.0031907905897480653
6.485,2.5829477312825833,757.6637623593394,0.208605182695392,0.0010304395525855307,148.23967297853585,2.6398623459265473,0.0031866770703800323
6.49,2.584203568040318,757.6648466029409,0.20860913540977175,0.0010276176508329834,148.2427418404622,2.6358166433511663,0.003182567842989582
6.495,2.5854560805016886,757.665924668383,0.20861307313785427,0.0010248063883970574,148.2457986281392,2.631778512244272,0.003178462908555977
6.5,2.58670521799272,757.6669965108964,0.2086169959663974,0.0010220057033146514,148.2488433944911,2.6277479267362396,0.003174362268185189
6.505,2.5879509318289355,757.6680620892716,0.20862090397622585,0.001019215537841615,148.25187618894208,2.623724862339324,0.003170265922408849
6.51,2.589193173325857,757.6691213622988,0.20862479724816427,0.0010164358342337988,148.25489706091625,2.619709294565781,0.003166173871758589
6.515000000000001,2.5904318937990083,757.6701742887683,0.20862867586303732,0.001013666534747052,148.2579060598377,2.6157011989278636,0.0031620861167660397
6.5200000000000005,2.591667044563911,757.6712208274704,0.2086325399016697,0.0010109075816372266,148.26090323513057,2.6117005509378286,0.003158002657962833
6.525,2.592898576936089,757.6722609371955,0.208636389444886,0.0010081589171601715,148.263888636219,2.6077073261079304,0.003153923495880601
6.53,2.5941264422310644,757.6732945767337,0.20864022457351097,0.0010054204835717373,148.26686231252708,2.603721499950424,0.003149848631050974
6.535,2.595350591764361,757.6743217048755,0.20864404536836922,0.001002692223127774,148.26982431347892,2.599743047977564,0.003145778064005583
6.54,2.5965709768515004,757.6753422804111,0.20864785191028545,0.0009999740780841319,148.27277468849869,2.5957719457016055,0.003141711795276061
6.545,2.59778755061494,757.6763562651702,0.20865164427543903,0.0009972659940003493,148.27571348431954,2.591808169728996,0.003137649824958499
6.55,2.5990002629945916,757.6773636157307,0.2086554225478588,0.0009945679108530846,148.27864075217755,2.5878516948106767,0.0031335921538742876
6.555,2.6002090657036008,757.6783642916164,0.20865918680718054,0.0009918797717433918,148.28155654078247,2.583902496734721,0.0031295387824349227
6.5600000000000005,2.601413911705407,757.6793582544383,0.20866293712988238,0.0009892015220180662,148.28446089702203,2.5799605520339806,0.0031254897107572265
6.565,2.6026147539634508,757.6803454658074,0.20866667359244245,0.0009865331070239047,148.28735386778382,2.576025837241309,0.003121444938958023
6.57,2.603811545441171,757.6813258873345,0.20867039627133893,0.000983874472107702,148.29023549995554,2.5720983288895574,0.0031174044671541347
6.575,2.605004239102008,757.6822994806311,0.2086741052430499,0.0009812255626162542,148.2931058404249,2.5681780035115773,0.0031133682954623846
6.58,2.6061927879094013,757.6832662073077,0.20867780058405358,0.0009785863238963573,148.29596493607949,2.5642648376402213,0.003109336423999596
6.585,2.60737714482679,757.6842260289757,0.20868148237082806,0.0009759567012948065,148.29881283380706,2.5603588078083415,0.0031053088528825916
6.59,2.608557262817615,757.6851789072459,0.2086851506798515,0.0009733366401583979,148.30164958049522,2.5564598905487896,0.0031012855822281945
6.595,2.6097330948453155,757.6861248037295,0.20868880558760203,0.0009707260858339271,148.30447522303166,2.5525680623944176,0.003097266612153228
6.6000000000000005,2.610904596520845,757.6870636842448,0.20869244716468052,0.000968124987848958,148.30728980497338,2.548683301278782,0.003093251942242152
6.605,2.6120717181100312,757.6879955062271,0.20869607549321229,0.0009655332875326422,148.31009337635362,2.5448055823822826,0.003089241573110689
6.61,2.6132344140332777,757.6889202336441,0.2086996906463601,0.0009629509325897979,148.31288598216366,2.5409348830255833,0.0030852355045687153
6.615,2.6143926391169434,757.6898378311037,0.20870329269640273,0.000960377871354179,148.31566766689645,2.5370711807403588,0.003081233736346518
6.62,2.6155463481873884,757.6907482632133,0.2087068817156189,0.0009578140521595391,148.31843847504473,2.5332144530582843,0.0030772362681743865
6.625,2.6166954960709727,757.6916514945808,0.2087104577762873,0.0009552594233396321,148.32119845110145,2.5293646775110337,0.003073243099782609
6.63,2.617840037594056,757.692547489814,0.2087140209506867,0.0009527139332282116,148.32394763955944,2.5255218316302823,0.0030692542309014737
6.635,2.6189799275829984,757.6934362135207,0.2087175713110958,0.0009501775301590314,148.3266860849115,2.5216858929477044,0.003065269661261269
6.640000000000001,2.6201151208641593,757.6943176303085,0.20872110892979331,0.0009476501624658447,148.32941383165056,2.5178568389949745,0.0030612893905922834
6.6450000000000005,2.621245572263899,757.6951917047853,0.20872463387905799,0.0009451317784824062,148.33213092426942,2.514034647303768,0.0030573134186248057
6.65,2.6223712369335996,757.6960584020486,0.20872814623054542,0.0009426223269858448,148.3348374069173,2.5102192955560287,0.003053341745034797
6.655,2.6234920711778273,757.6969176889744,0.20873164605358022,0.0009401217584115991,148.33753332243379,2.5064107619936267,0.0030493743692902296
6.66,2.624608028717148,757.697769528566,0.20873513342240138,0.0009376300196982022,148.34021871635932,2.5026090236724268,0.0030454112912839757
6.665,2.62571906626809,757.6986138883232,0.20873860840556893,0.0009351470618250106,148.34289363111472,2.498814059018896,0.0030414525104155614
6.67,2.6268251405471803,757.6994507357454,0.208742071071643,0.000932672835771381,148.3455581091208,2.4950258464595008,0.0030374980260845126
6.675,2.6279262082709476,757.7002800383322,0.20874552148918363,0.0009302072925166699,148.3482121927983,2.4912443644207087,0.0030335478376903543
6.68,2.6290222261559197,757.7011017635833,0.20874895972675095,0.0009277503830402337,148.350855924568,2.487469591328986,0.0030296019446326133
6.6850000000000005,2.630113150918625,757.7019158789984,0.208752385852905,0.0009253020583214287,148.35348934685078,2.4837015056108,0.0030256603463108137
6.69,2.6311989392755906,757.7027223520769,0.20875579993620588,0.0009228622693396122,148.3561125020674,2.479940085692618,0.0030217230421244836
6.695,2.6322795479433454,757.7035211503186,0.2087592020452137,0.0009204309670741404,148.3587254326386,2.476185310000907,0.003017790031473148
6.7,2.6333549355522505,757.7043122440134,0.20876259224515825,0.0009180081048744634,148.3613281791818,2.4724371577720645,0.0030138613134736572
6.705,2.6344250571263075,757.7050955982542,0.20876597060737878,0.0009155936317415933,148.36392078558637,2.4686956067537533,0.0030099368877538535
6.71,2.6354898708965395,757.705871182773,0.20876933719776622,0.0009131875005542303,148.3665032928153,2.464960636021006,0.003006016753482273
6.715,2.6365493355069325,757.7066389678998,0.2087726920815045,0.0009107896646942744,148.36907574145124,2.4612322248210097,0.003002100909767826
6.72,2.6376034096014727,757.7073989239652,0.2087760353237776,0.000908400077543625,148.37163817207662,2.457510352400951,0.0029981893557194223
6.7250000000000005,2.638652051824147,757.7081510212995,0.20877936698976934,0.0009060186924841817,148.37419062527397,2.453794998008016,0.0029942820904459723
6.73,2.639695220818942,757.708895230233,0.20878268714466375,0.000903645462897845,148.37673314162583,2.4500861408893924,0.0029903791130563868
6.735,2.6407328752298427,757.7096315210958,0.2087859958536447,0.0009012803421665142,148.37926576171472,2.446383760292266,0.0029864804226595763
6.74,2.641764973700837,757.7103598642184,0.20878929318189615,0.0008989232836720891,148.38178852612316,2.4426878354638237,0.0029825860183644503
6.745,2.642791476354739,757.7110802320101,0.20879257919229283,0.000896574242440445,148.38430147421494,2.438998346218247,0.0029786958990906214
6.75,2.6438123410230716,757.7117925937035,0.2087958539511676,0.0008942331710350965,148.3868046471503,2.4353152715186144,0.0029748100640356284
6.755,2.6448275269946544,757.7124969205692,0.20879911752263758,0.0008919000235970722,148.38929808492958,2.4316385908732,0.0029709285122155047
6.76,2.6458369949812477,757.7131931858688,0.20880236996862445,0.0008895747558303949,148.3917818264001,2.4279682843297854,0.0029670512424671293
6.765000000000001,2.6468407056946113,757.713881362865,0.2088056113510499,0.0008872573234390871,148.39425591040924,2.4243043319361526,0.00296317825362738
6.7700000000000005,2.6478386198465036,757.7145614248195,0.20880884173183561,0.0008849476821271725,148.3967203758043,2.4206467137400844,0.0029593095445331376
6.775,2.6488306981486853,757.7152333449947,0.20881206117290327,0.0008826457875986736,148.39917526143265,2.416995409789362,0.002955445114021281
6.78,2.6498169013129154,757.7158970966526,0.20881526973617454,0.0008803515955576133,148.4016206061416,2.4133504001317676,0.002951584960928688
6.785,2.650797190050954,757.7165526530556,0.2088184674835711,0.0008780650617080145,148.4040564487785,2.4097116648150836,0.0029477290840922384
6.79,2.651771525979408,757.717199988697,0.20882165447573647,0.0008757861426641397,148.4064828275339,2.406079184203796,0.0029438774822476517
6.795,2.65273987028523,757.7178390775164,0.2088248307738396,0.0008735147946657811,148.40889978084704,2.402452938530898,0.002940030154168442
6.8,2.6537021831079364,757.7184698920352,0.2088279964405375,0.0008712509728928336,148.4113073479196,2.3988329076610206,0.0029361870987438766
6.805,2.654658427360359,757.7190924085385,0.2088311515346032,0.0008689946352913097,148.41370556596456,2.3952190724218037,0.0029323483145566507
6.8100000000000005,2.65560856595533,757.7197066033117,0.20883429611480958,0.0008667457398072212,148.41609447219486,2.391611413640887,0.0029285138001894596
6.815,2.6565525618056807,757.7203124526399,0.20883743023992968,0.0008645042443865814,148.41847410382343,2.3880099121459124,0.0029246835542250005
6.82,2.6574903778242436,757.7209099328084,0.20884055396873644,0.0008622701069754024,148.42084449806327,2.384414548764519,0.0029208575752459687
6.825,2.6584219769238495,757.7214990201023,0.20884366736000282,0.0008600432855196966,148.42320569212728,2.380825304324348,0.0029170358618350605
6.83,2.659347322017331,757.722079690807,0.2088467704725018,0.0008578237379654766,148.42555772322848,2.3772421596530395,0.0029132184125749716
6.835,2.660266376160519,757.7226519213966,0.20884986336482234,0.0008556114223898466,148.42790062848775,2.3736650956242324,0.002909405226034344
6.84,2.6611791045634963,757.7232156912111,0.20885294609272947,0.0008534062988815101,148.43023444359966,2.3700940938166637,0.0029055963005637842
6.845,2.6620854679300865,757.7237709736557,0.2088560187177626,0.0008512083234151438,148.43255920713494,2.3665291343654915,0.002901791634951612
6.8500000000000005,2.6629854315000254,757.7243177481199,0.20885908129565853,0.0008490174560993689,148.4348749547702,2.3629701988570933,0.0028979912275434606
6.855,2.663878960513048,757.7248559939927,0.20886213388215402,0.0008468336570428072,148.43718172218206,2.35941726887785,0.0028941950766849674
6.86,2.66476602020889,757.7253856906635,0.20886517653298584,0.0008446568863540797,148.43947954504716,2.3558703260141383,0.0028904031807217663
6.865,2.6656465758272847,757.7259068175216,0.2088682093038908,0.0008424871041418078,148.44176845904212,2.3523293518523376,0.0028866155379994925
6.87,2.666520592607969,757.7264193539561,0.20887123225060567,0.0008403242705146125,148.44404849984352,2.348794327978826,0.0028828321468637817
6.875,2.6673880357906774,757.7269232793562,0.2088742454288672,0.0008381683455811154,148.44631970312804,2.345265235979983,0.0028790530056602686
6.88,2.668248870615145,757.7274185731115,0.20887724889441223,0.0008360192894499376,148.44858210457224,2.341742057442186,0.0028752781127345884
6.885,2.669103064523767,757.7279052174548,0.2088802427003494,0.0008338770641026282,148.45083573856627,2.3382247746139764,0.0028715074662375387
6.890000000000001,2.6699505810046142,757.728383189559,0.20888322690440922,0.0008317416282264145,148.4530806417309,2.334713368578153,0.002867741064656484
6.8950000000000005,2.6707913868789297,757.7288524708778,0.20888620156042154,0.0008296129432885457,148.4553168487964,2.3312078214017724,0.0028639789061914085
6.9,2.671625449831288,757.7293130439748,0.20888916672119784,0.0008274909714820154,148.4575443939979,2.3277081154086456,0.002860220988967295
6.905,2.6724527375462634,757.7297648914139,0.20889212243954974,0.000825375674999818,148.45976331157053,2.324214232922586,0.0028564673111091273
6.91,2.6732732177084313,757.7302079957585,0.20889506876828876,0.0008232670160349475,148.46197363574942,2.320726156267406,0.00285271787074189
6.915,2.6740868580023656,757.7306423395727,0.20889800576022646,0.0008211649567803981,148.46417540076968,2.317243867766919,0.002848972665990567
6.92,2.674893626112641,757.73106790542,0.20890093346817437,0.0008190694594291638,148.46636864086645,2.3137673497449374,0.0028452316949801426
6.925,2.675693489723832,757.7314846758642,0.20890385194494407,0.0008169804861742389,148.46855339027488,2.3102965845252736,0.0028414949558356007
6.93,2.6764864180989667,757.731892635454,0.2089067612416162,0.000814898000442733,148.47072968240775,2.306831554871634,0.002837762446558573
6.9350000000000005,2.6772723784045787,757.732291766135,0.20890966141150089,0.0008128219640716798,148.47289755171283,2.303372242980195,0.002834034165305183
6.94,2.6780513387029554,757.7326820509752,0.20891255250695975,0.0008107523395743967,148.4750570321932,2.299918631289129,0.002830310110163359
6.945,2.6788232692331526,757.7330634757726,0.20891543457798806,0.0008086890911514822,148.4772081567337,2.296470702838364,0.002826590279053145
6.95,2.6795881402342254,757.733436026325,0.20891830767458103,0.0008066321830035353,148.47935095821921,2.2930284406678307,0.0028228746698945872
6.955,2.680345921945229,757.7337996884303,0.20892117184673392,0.0008045815793311552,148.48148546953462,2.2895918278174574,0.0028191632806077315
6.96,2.681096584605219,757.7341544478862,0.208924027144442,0.0008025372443349406,148.48361172356476,2.286160847327174,0.0028154561091126235
6.965,2.6818400984532498,757.7345002904907,0.2089268736177005,0.0008004991422154908,148.48572975319456,2.28273548223691,0.0028117531533293086
6.97,2.6825764337283777,757.7348372020416,0.20892971131650462,0.0007984672371734046,148.48783959130887,2.279315715586595,0.002808054411177833
6.9750000000000005,2.6833055614747194,757.7351651693247,0.2089325402900339,0.0007964414939912172,148.4899412704166,2.275901530625256,0.0028043598805224303
6.98,2.684027453116544,757.735484179615,0.20893536058703543,0.0007944218777595465,148.49203482281035,2.2724929107120797,0.002800669559194822
6.985,2.6847420776842683,757.7357942172603,0.20893817225868547,0.0007924083518359611,148.49412028189784,2.269089838584135,0.002796983445190652
6.99,2.6854494080724027,757.7360952713409,0.2089409753522695,0.0007904008823536253,148.49619767930102,2.265692297976281,0.002793301536240061
6.995,2.686149417175457,757.7363873309379,0.20894376991507294,0.000788399435445704,148.49826704664184,2.262300272623376,0.0027896238300731888
7.0,2.686842077887941,757.7366703851316,0.20894655599438133,0.0007864039772453615,148.50032841554219,2.25891374626028,0.002785950324420176
7.005,2.687527363104365,757.7369444230028,0.20894933363748014,0.0007844144738857625,148.50238181762398,2.2555327026218515,0.002782281017011164
7.01,2.688205245719239,757.7372094336322,0.20895210289165483,0.0007824308915000717,148.50442728450915,2.2521571254429498,0.0027786159055762914
7.015000000000001,2.6888756986270734,757.7374654061003,0.2089548638041909,0.0007804531962214531,148.50646484781964,2.2487869984584328,0.002774954987845699
7.0200000000000005,2.6895386947223776,757.7377123294881,0.2089576164223738,0.000778481354183072,148.50849453917738,2.245422305403162,0.0027712982615495283
7.025,2.690194209871804,757.7379501964541,0.20896036079066233,0.0007765153335354013,148.51051638892994,2.2420630307422336,0.0027676457242307912
7.03,2.690842214240192,757.7381789928392,0.208963096958865,0.0007745550986102261,148.51253042980474,2.2387091575580187,0.002763997373780107
7.035,2.6914826832970706,757.7383987108377,0.20896582497182362,0.0007726006172843719,148.51453669231634,2.235360670217428,0.0027603532077627225
7.04,2.6921155926843685,757.7386093428507,0.2089685448742177,0.0007706518575504624,148.51653520690687,2.2320175531293134,0.002756713223733244
7.045,2.6927409180440147,757.738810881279,0.2089712567107268,0.0007687087874011214,148.5185260040184,2.2286797907025258,0.00275307741924628
7.05,2.6933586350179395,757.7390033185238,0.20897396052603054,0.0007667713748289727,148.52050911409307,2.225347367345917,0.002749445791856437
7.055,2.693968719248072,757.7391866469859,0.20897665636480842,0.0007648395878266401,148.52248456757292,2.222020267468338,0.002745818339118322
7.0600000000000005,2.6945711463763415,757.7393608590663,0.20897934427174,0.0007629133943867469,148.52445239490004,2.218698475478639,0.0027421950585865425
7.065,2.695165892044677,757.7395259471662,0.20898202429150486,0.0007609927625019174,148.52641262651656,2.2153819757856725,0.0027385759478157066
7.07,2.695752934185654,757.7396819063811,0.20898469646675444,0.0007590776616130646,148.52836529197936,2.2120707533267243,0.0027349610042322835
7.075,2.6963322468746806,757.7398287273056,0.20898736084349992,0.0007571680587612464,148.53031042228668,2.208764792163074,0.002731350225470026
7.08,2.696903807170445,757.7399664040297,0.20899001746515675,0.0007552639228413148,148.5322480473172,2.205464077033466,0.002727743608999579
7.085,2.6974675935449377,757.7400949323007,0.20899266637389952,0.0007533652236343322,148.534178196412,2.2021685930001516,0.002724141152213749
7.09,2.6980235844701506,757.7402143078663,0.2089953076119028,0.0007514719309213607,148.53610089891203,2.1988783251253845,0.0027205428525053405
7.095,2.6985717584180757,757.7403245264738,0.2089979412213412,0.0007495840144834626,148.5380161841583,2.1955932584714173,0.0027169487072671605
7.1000000000000005,2.699112093860705,757.7404255838711,0.20900056724438928,0.0007477014441016997,148.5399240814918,2.192313378100502,0.0027133587138920136
7.105,2.6996445692700295,757.7405174758054,0.20900318572322163,0.0007458241895571348,148.54182462025355,2.189038669074892,0.0027097728697727075
7.11,2.700169163118041,757.7406001980244,0.20900579670001285,0.0007439522206308299,148.54371782978453,2.1857691164568407,0.0027061911723020473
7.115,2.700685855384008,757.74067374801,0.2090084002156895,0.0007420855079956623,148.5456037388983,2.182504705636582,0.0027026136187977678
7.12,2.7011946245237892,757.7407381215182,0.20901099631239992,0.0007402240214509612,148.54748237690646,2.179245421682741,0.0026990402066475517
7.125,2.7016954489329406,757.7407933142362,0.20901358503236278,0.0007383677307456605,148.54935377315326,2.1759912496462688,0.002695470933242253
7.13,2.7021883099865565,757.7408393252728,0.20901616641534565,0.0007365166073804328,148.55121795595284,2.1727421752226515,0.0026919057958259877
7.135,2.702673189059732,757.7408761537368,0.209018740501116,0.0007346706228559509,148.55307495361927,2.169498184107376,0.002688344791642872
7.140000000000001,2.7031500675275635,757.7409037987376,0.20902130732944132,0.0007328297486728871,148.5549247944667,2.1662592619959287,0.002684787917937021
7.1450000000000005,2.7036189267651447,757.7409222593835,0.20902386694008915,0.0007309939563319148,148.55676750680922,2.1630253945837974,0.002681235171952553
7.15,2.704079748147572,757.7409315347838,0.20902641937282695,0.0007291632173337063,148.55860311896092,2.1597965675664685,0.002677686550933583
7.155,2.70453251304994,757.7409316240473,0.20902896466742227,0.0007273375031789343,148.56043165923595,2.156572766639429,0.0026741420521242273
7.16,2.7049772034158592,757.7409225269233,0.20903150286320046,0.0007255167856844368,148.5622531557674,2.153353977615369,0.0026706016727433522
7.165,2.705413802665816,757.7409042448436,0.20903403399831175,0.0007237010375070712,148.56406763619486,2.1501401866180676,0.0026670654099403934
7.17,2.705842290207713,757.7408767747309,0.20903655811402946,0.0007218902290700051,148.56587512943196,2.1469313789438886,0.0026635332610407893
7.175,2.7062626503829406,757.740840119059,0.20903907524780882,0.0007200843335269528,148.56767566283548,2.1437275409018675,0.002660005223152479
7.18,2.7066748675328878,757.7407942803015,0.20904158543710497,0.0007182833240316278,148.56946926376227,2.1405286588010384,0.0026564812933834027
7.1850000000000005,2.7070789259989456,757.7407392609323,0.20904408871937305,0.0007164871737377444,148.5712559595691,2.1373347189504366,0.0026529614688414983
7.19,2.7074748101225037,757.7406750634248,0.20904658513206825,0.0007146958557990168,148.57303577761277,2.134145707659098,0.002649445746634707
7.195,2.7078625042449516,757.7406016902528,0.20904907471264572,0.0007129093433691591,148.5748087452501,2.130961611236057,0.002645934123870968
7.2,2.7082419927076797,757.7405191438901,0.2090515574985606,0.0007111276096018851,148.5765748898379,2.1277824159903482,0.0026424265976582205
7.205,2.708613259852078,757.7404274268102,0.20905403352726815,0.0007093506276509091,148.57833423873294,2.1246081082310075,0.002638923165104404
7.21,2.70897629301679,757.740326544806,0.20905650283400856,0.0007075783722548377,148.58008681840536,2.121438674859056,0.002635423823196397
7.215,2.7093310739729546,757.7402164975448,0.20905896545809668,0.0007058108152358276,148.58183265693327,2.1182741016860502,0.0026319285691382716
7.22,2.7096775894992993,757.7400972902146,0.2090614214351938,0.0007040479310308205,148.58357178095048,2.1151143755012374,0.002628437399936801
7.2250000000000005,2.7100158269566372,757.739968928646,0.20906387080053432,0.0007022896943822912,148.58530421692146,2.1119594832080377,0.0026249503125756832
7.23,2.71034577370578,757.7398314186693,0.20906631358935257,0.0007005360800327148,148.58702999131057,2.1088094117098732,0.0026214673040386187
7.235,2.7106674171075396,757.7396847661148,0.20906874983688295,0.0006987870627245661,148.58874913058224,2.1056641479101637,0.0026179883713093053
7.24,2.7109807445227276,757.7395289768131,0.2090711795783598,0.0006970426172003195,148.59046166120092,2.102523678712329,0.0026145135113714423
7.245,2.711285743312157,757.7393640565944,0.20907360284901755,0.0006953027182024503,148.59216760963096,2.09938799101979,0.002611042721208728
7.25,2.711582400836639,757.7391900112891,0.2090760196840905,0.0006935673404734328,148.59386700233682,2.096257071735967,0.002607575997804862
7.255,2.711870706652389,757.7390068491081,0.2090784301172794,0.0006918364598541879,148.59555986518797,2.093130908177889,0.0026041133380647315
7.26,2.7121506469442496,757.7388145746378,0.2090808341846103,0.0006901100505194238,148.5972462249386,2.0900094870349766,0.0026006547390085926
7.265000000000001,2.7124222101334654,757.7386131948809,0.20908323192057532,0.0006883880877426809,148.59892610775648,2.0868927954113285,0.0025972001975781162
7.2700000000000005,2.7126853866431526,757.7384027190053,0.20908562335827638,0.0006866705477932013,148.60059953927384,2.083780820786139,0.0025937497106441427
7.275,2.712940166896429,757.7381831561784,0.2090880085308154,0.000684957406940226,148.60226654512297,2.080673550638601,0.0025903032750775093
7.28,2.7131865413164102,757.7379545155679,0.20909038747129433,0.0006832486414529963,148.60392715093613,2.0775709724479072,0.0025868608877490547
7.285,2.7134245003262145,757.7377168063414,0.20909276021281512,0.0006815442276007534,148.60558138234558,2.0744730736932504,0.002583422545529617
7.29,2.713654034348958,757.7374700376665,0.20909512678847966,0.0006798441416527387,148.60722926498354,2.0713798418538234,0.0025799882452900345
7.295,2.7138751338077576,757.7372142187107,0.2090974872313899,0.0006781483598781935,148.60887082448235,2.06829126440882,0.002576557983901146
7.3,2.714087790418469,757.7369493600145,0.20909984157379063,0.0006764568591608082,148.6105060861516,2.0652073290706956,0.0025731317581925758
7.305,2.7142919952315676,757.7366754714342,0.20910218984834672,0.0006747696160826121,148.61213507544687,2.062128023437124,0.002569709565011273
7.3100000000000005,2.714487738017926,757.7363925614724,0.20910453208858557,0.0006730866066071809,148.61375781814985,2.0590533348717437,0.0025662914012442965
7.315,2.714675012295458,757.736100642603,0.20910686832556186,0.0006714078084707846,148.61537433911624,2.055983251411471,0.0025628772636604727
7.32,2.71485381158208,757.7357997272999,0.20910919859033025,0.0006697331994096926,148.61698466320175,2.052917761093222,0.0025594671490286242
7.325,2.7150241293957054,757.7354898280371,0.20911152291394544,0.0006680627571601744,148.6185888152621,2.0498568519539138,0.0025560610541175747
7.33,2.7151859592542493,757.7351709572885,0.20911384132746214,0.0006663964594584995,148.62018682015295,2.0468005120304618,0.0025526589756961478
7.335,2.7153392946756263,757.734843127528,0.209116153861935,0.0006647342840409376,148.62177870273007,2.0437487293597822,0.0025492609105331678
7.34,2.7154841291777516,757.7345063512299,0.2091184605484187,0.0006630762086437582,148.62336448784913,2.040701491978792,0.0025458668553974577
7.345,2.715620456513782,757.7341606411125,0.20912076141781938,0.0006614222111098591,148.62494420031143,2.0376587879652237,0.002542476807051191
7.3500000000000005,2.7157482731568496,757.7338060127385,0.20912305649931084,0.0006597722705247631,148.62651786427645,2.0346206058722136,0.0025390907621771984
7.355,2.715867569871142,757.7334424757474,0.20912534582567716,0.0006581263633830678,148.6280855052217,2.0315869332616154,0.0025357087176174904
7.36,2.7159783432913644,757.7330700458776,0.20912762942600793,0.0006564844688305338,148.62964714727732,2.028557758710585,0.0025323306700492086
7.365,2.7160805900522225,757.7326887388671,0.20912990732939268,0.0006548465660129221,148.63120281457353,2.025533070796278,0.002528956616149493
7.37,2.7161743067884214,757.732298570454,0.20913217956492094,0.0006532126340759936,148.63275253124044,2.02251285809585,0.0025255865525954857
7.375,2.7162594901346666,757.7318995563763,0.20913444616168228,0.000651582652165509,148.63429632140824,2.0194971091864566,0.0025222204760643276
7.38,2.7163361367256638,757.7314917123725,0.20913670714876625,0.0006499565994272295,148.63583420920713,2.016485812645254,0.00251885838323316
7.385,2.7164042431961186,757.7310750541806,0.20913896255526238,0.0006483344550069158,148.63736621876726,2.0134789570493976,0.0025155002707791243
7.390000000000001,2.716463806180736,757.7306495975386,0.2091412124102602,0.0006467161980503285,148.63889237421878,2.0104765309760433,0.002512146135379361
7.3950000000000005,2.7165148251400897,757.7302153610725,0.20914345674113374,0.0006451018089352951,148.6404126990751,2.0074785234777437,0.0025087959736390004
7.4,2.7165572945084917,757.7297723583082,0.20914569557829013,0.0006434912658604532,148.64192721792608,2.004484922766028,0.0025054497822858497
7.405,2.716591213018434,757.7293206071452,0.20914792894955522,0.0006418845488785858,148.643435954445,2.0014957177687847,0.00250210755794096
7.41,2.716616580432831,757.7288601265323,0.20915015688213262,0.0006402816384895338,148.64493893208302,1.9985108975864814,0.0024987692971996287
7.415,2.716633396514596,757.7283909354187,0.2091523794032258,0.0006386825151931384,148.6464361742913,1.9955304513195868,0.0024954349966571534
7.42,2.716641661026645,757.7279130527536,0.20915459654003837,0.0006370871594892403,148.647927704521,1.9925543680685698,0.002492104652908832
7.425,2.716641373731891,757.7274264974858,0.2091568083197738,0.0006354955518776804,148.6494135462233,1.9895826369338983,0.0024887782625499615
7.43,2.716632534393249,757.7269312885645,0.20915901476963564,0.0006339076728582997,148.6508937228493,1.986615247016041,0.0024854558221758397
7.4350000000000005,2.716615142773633,757.7264274449388,0.20916121591682743,0.0006323235029309389,148.65236825785024,1.9836521874154658,0.0024821373283817638
7.44,2.7165892005839356,757.7259149875055,0.20916341178741898,0.0006307430234106017,148.6538371742793,1.9806934475498785,0.002478822777719526
7.445,2.7165547069453586,757.7253939346,0.20916560240897375,0.0006291662145376484,148.65530049570413,1.977739016418491,0.0024755121667948262
7.45,2.7165116621949874,757.7248643057699,0.20916778780836626,0.0006275930570478528,148.65675824545582,1.9747888832141134,0.002472205492186696
7.455,2.7164600692247514,757.7243261231108,0.20916996801099025,0.0006260235327417565,148.65821044634876,1.9718430375441398,0.002468902750417953
7.46,2.7163999309265776,757.7237794087184,0.20917214304223958,0.0006244576234199011,148.65965712119717,1.9689014690159645,0.002465603938011417
7.465,2.7163312501923946,757.7232241846887,0.20917431292750802,0.0006228953108828282,148.66109829281544,1.965964167236981,0.002462309051489907
7.47,2.716254029914131,757.7226604731172,0.20917647769218933,0.0006213365769310794,148.66253398401784,1.9630311218145835,0.002459018087376242
7.4750000000000005,2.716168272983714,757.7220882960997,0.20917863736167736,0.0006197814033651961,148.66396421761868,1.9601023223561653,0.0024557310421932403
7.48,2.716073982293073,757.721507675732,0.20918079196136588,0.0006182297719857204,148.66538901643233,1.9571777584691215,0.002452447912463722
7.485,2.7159711617092177,757.7209186350635,0.2091829415161027,0.0006166816649862404,148.66680840308524,1.9542574199151508,0.002449168694691542
7.49,2.7158598154472537,757.7203211975043,0.20918508605053113,0.0006151370647070575,148.6682224001272,1.9513412965132446,0.0024458933853711328
7.495,2.7157399451345303,757.7197153839415,0.20918722559075495,0.000613595952436873,148.66963103061155,1.9484293776701245,0.002442621981046113
7.5,2.7156115567821777,757.719101219543,0.2091893601604318,0.0006120583112254729,148.6710343167536,1.945521653484237,0.002439354478175734
7.505,2.7154746564013257,757.7184787294759,0.20919148978321928,0.0006105241241226436,148.67243228076885,1.9426181140540286,0.0024360908732192466
7.51,2.715329250003106,757.7178479389079,0.209193614482775,0.0006089933741781708,148.67382494487262,1.939718749477946,0.002432831162635901
7.515000000000001,2.7151753435986477,757.7172088730064,0.20919573428275656,0.0006074660444418408,148.67521233128036,1.936823549854435,0.0024295753428849485
7.5200000000000005,2.7150129431990817,757.7165615569388,0.20919784920682163,0.0006059421179634398,148.6765944622075,1.9339325052819434,0.0024263234104256403
7.525,2.7148420548155388,757.7159060158726,0.20919995927862783,0.0006044215777927539,148.67797135986945,1.9310456058589172,0.0024230753617172276
7.53,2.714662684459149,757.7152422749754,0.20920206452183274,0.000602904406979569,148.67934304648156,1.9281628416838028,0.0024198311932189603
7.535,2.7144748415044755,757.7145703626435,0.20920416495826932,0.0006013905898885431,148.6807095436379,1.925284203375602,0.0024165909013319996
7.54,2.7142785289336184,757.7138903011786,0.20920626061323236,0.0005998801083886755,148.68207087410292,1.9224096805650543,0.002413354482562685
7.545,2.7140737557137395,757.7132021185978,0.20920835150879147,0.0005983729466737099,148.6834270595532,1.919539263804232,0.0024101219333175702
7.55,2.713860530954777,757.712505843055,0.2092104376669391,0.0005968690889930226,148.68477812163906,1.9166729436672434,0.0024068932500008106
7.555,2.713638863766669,757.7118015027039,0.20921251910966773,0.0005953685195959897,148.68612408201093,1.9138107107281974,0.0024036684290165626
7.5600000000000005,2.713408763259354,757.7110891256982,0.20921459585896982,0.0005938712227319873,148.68746496231918,1.910952555561202,0.0024004474667689824
7.565,2.713170238542771,757.7103687401916,0.20921666793683782,0.0005923771826503923,148.68880078421418,1.9080984687403666,0.0023972303596622264
7.57,2.7129232987268583,757.7096403743379,0.20921873536526422,0.0005908863836005805,148.6901315693463,1.9052484408397998,0.002394017104100451
7.575,2.712667952921554,757.7089040562909,0.20922079816624145,0.0005893988098319283,148.691457339366,1.9024024624336098,0.0023908076964878123
7.58,2.712404212731312,757.7081598165416,0.2092228563604517,0.0005879144465393335,148.69277811548304,1.8995605244736542,0.002387602133191899
7.585,2.712132085585704,757.7074076817039,0.20922490997076537,0.0005864332773377892,148.6940939196374,1.8967226172802396,0.0023844004106374907
7.59,2.71185158221128,757.7066476814668,0.20922695901833835,0.0005849552870797784,148.69540477319882,1.8938887316689292,0.0023812025252024673
7.595,2.7115627147858787,757.7058798468747,0.2092290035235666,0.000583480461166284,148.6967106972826,1.8910588586745478,0.002378008473243944
7.6000000000000005,2.7112654954873383,757.7051042089719,0.2092310435068461,0.0005820087849982881,148.69801171300418,1.8882329893319199,0.002374818251119036
7.605,2.7109599364934973,757.7043207988028,0.20923307898857277,0.000580540243976774,148.69930784147886,1.8854111146758707,0.002371631855184859
7.61,2.710646049982194,757.7035296474116,0.2092351099891426,0.0005790748235027241,148.70059910382204,1.882593225741225,0.0023684492817985284
7.615,2.7103238481312673,757.7027307858431,0.20923713652895154,0.0005776125089771209,148.70188552114908,1.8797793135628074,0.0023652705273171587
7.62,2.7099933431185548,757.7019242451413,0.20923915862839554,0.000576153285800947,148.7031671145753,1.8769693691754425,0.002362095588097866
7.625,2.709654548712555,757.7011100578042,0.20924117630705888,0.000574697139961771,148.70444390494524,1.8741633838505039,0.0023589244604783413
7.63,2.709307477046209,757.7002882548613,0.20924318958535687,0.0005732440568459264,148.70571591337736,1.8713613486165084,0.0023557571408133722
7.635,2.708952140334059,757.6994588674178,0.20924519848367693,0.0005717940218598495,148.7069831609844,1.868563254510726,0.002352593625456495
7.640000000000001,2.7085885537805265,757.6986219293028,0.20924720302088504,0.0005703470215096765,148.70824566837302,1.8657690930141537,0.0023494339107254327
7.6450000000000005,2.7082167325900333,757.6977774743463,0.20924920321584708,0.0005689030423015445,148.70950345614986,1.8629788556077895,0.002346277992937911
7.65,2.7078366919670014,757.6969255363773,0.20925119908742904,0.0005674620707415898,148.71075654492165,1.8601925337726304,0.0023431258684116544
7.655,2.7074484471158526,757.6960661492255,0.2092531906544968,0.0005660240933359487,148.712004955295,1.8574101189896735,0.002339977533464386
7.66,2.7070520132410083,757.6951993467206,0.2092551779359163,0.000564589096590758,148.71324870787657,1.8546316027399157,0.002336832984413831
7.665,2.706647405546891,757.6943251626919,0.20925716095055347,0.0005631570670121541,148.7144878232731,1.8518569765043544,0.0023336922175777133
7.67,2.70623463984251,757.693443631507,0.20925913971697355,0.0005617279913239147,148.71572232199102,1.8490862318525998,0.0023305552292677725
7.675,2.705813733296544,757.6925547887619,0.20926111425306282,0.0005603018567407422,148.71695222430887,1.8463193605537631,0.0023274220157803844
7.68,2.7053846992986164,757.6916586667021,0.20926308457859805,0.0005588786491087645,148.71817755113727,1.843556353820107,0.0023242925734479093
7.6850000000000005,2.704947556028147,757.6907553018273,0.20926505071097964,0.0005574583559942057,148.71939832259702,1.840797203564612,0.002321166898555941
7.69,2.704502321664555,757.6898447306371,0.20926701266760803,0.0005560409649632906,148.72061455880893,1.8380419017002618,0.002318044987390076
7.695,2.7040490143872606,757.6889269896311,0.20926897046588355,0.0005546264635822435,148.72182627989386,1.8352904401400372,0.0023149268362359075
7.7,2.7035876523756834,757.6880021153092,0.20927092412320664,0.0005532148394172886,148.72303350597264,1.83254281079692,0.002311812441379031
7.705,2.7031182538092433,757.6870701441708,0.2092728736569777,0.0005518060800346503,148.72423625716607,1.8297990055838922,0.00230870179910504
7.71,2.7026408368673596,757.6861311127155,0.20927481908459708,0.0005504001730005529,148.72543455359502,1.8270590164139355,0.002305594905699531
7.715,2.702155419729452,757.6851850574432,0.2092767604234652,0.000548997105881221,148.72662841538028,1.8243228352000318,0.0023024917574480967
7.72,2.7016620234772155,757.6842320173762,0.20927869768956894,0.0005475968672672822,148.72781786216893,1.8215904542760695,0.0022993923506128694
7.7250000000000005,2.701160663846906,757.6832720269326,0.20928063090150323,0.0005461994438582468,148.7290029144825,1.8188618651984048,0.002296296681495017
7.73,2.7006513614259977,757.6823051247213,0.20928256007551135,0.0005448048240584584,148.73018359205776,1.8161370602248763,0.0022932047463587782
7.735,2.7001341373072285,757.6813313497879,0.20928448522759094,0.0005434129964503986,148.73135991454936,1.8134160316865686,0.0022901165414645056
7.74,2.699609012583337,757.6803507411779,0.20928640637373955,0.0005420239496165495,148.7325319016119,1.8106987719145664,0.00228703206307255
7.745,2.699076008347063,757.679363337937,0.20928832352995477,0.0005406376721393933,148.7336995729,1.8079852732399548,0.002283951307443263
7.75,2.6985351456911437,757.678369179111,0.20929023671223415,0.0005392541526014117,148.7348629480683,1.8052755279938189,0.002280874270836997
7.755,2.697986445708319,757.6773683037454,0.2092921459365753,0.0005378733795850869,148.73602204677132,1.8025695285072438,0.0022778009495141036
7.76,2.697429929491326,757.6763607508859,0.2092940512189758,0.0005364953416729011,148.73717688866378,1.7998672671113143,0.0022747313397349345
7.765000000000001,2.6968656201822627,757.6753465613051,0.20929595257445396,0.0005351200281582153,148.7383274930685,1.7971687364321636,0.0022716654377478596
7.7700000000000005,2.6962935377873936,757.6743257731678,0.20929785001953,0.000533747427243309,148.73947387981843,1.7944739286425175,0.0022686032398164012
7.775,2.695713704468337,757.6732984264446,0.20929974356970565,0.0005323775278699941,148.74061606840465,1.7917828362228294,0.002265544742192059
7.78,2.695126144159587,757.6722645625947,0.20930163323963688,0.0005310103195942721,148.74175407803216,1.7890954519086617,0.0022624899411164663
7.785,2.694530880795639,757.6712242230768,0.20930351904397954,0.0005296457919721444,148.7428879279059,1.7864117684355765,0.002259438832831257
7.79,2.693927938310986,757.6701774493498,0.2093054009973895,0.0005282839345596121,148.74401763723088,1.7837317785391358,0.0022563914135780654
7.795,2.6933173406401236,757.6691242828726,0.2093072791145227,0.0005269247369126767,148.74514322521202,1.7810554749549021,0.002253347679598525
7.8,2.6926991117175456,757.6680647651041,0.20930915341003503,0.0005255681885873396,148.74626471105432,1.7783828504184374,0.00225030762713427
7.805000000000001,2.6920732754777466,757.6669989375031,0.20931102389858233,0.0005242142791396017,148.74738211396271,1.7757138976653037,0.0022472712524269334
7.8100000000000005,2.6914398570292004,757.665926842485,0.20931289059426844,0.0005228629985269759,148.74849545295208,1.7730486095994655,0.002244238551713845
7.815,2.6907988808256915,757.6648485219581,0.20931475351150738,0.000521514336480769,148.74960474714575,1.7703869790294846,0.0022412095212324744
7.82,2.690150370339426,757.6637640170359,0.20931661266518634,0.0005201682823880646,148.75071001583345,1.7677289986200269,0.0022381841572231445
7.825,2.6894943522654478,757.6626733714492,0.20931846806867926,0.0005188248267365796,148.75181127778433,1.7650746614977082,0.0022351624559149466
7.83,2.688830853298803,757.6615766289292,0.2093203197353601,0.0005174839600140304,148.75290855176752,1.7624239607891434,0.002232144413536972
7.835,2.688159900134537,757.6604738332069,0.20932216767860287,0.0005161456727081337,148.75400185655212,1.7597768896209485,0.002229130026318312
7.84,2.687481519467694,757.6593650280132,0.20932401191178154,0.0005148099553066064,148.75509121090732,1.7571334411197386,0.002226119290488057
7.845,2.6867957379933203,757.6582502570794,0.20932585244827004,0.0005134767982971647,148.75617663360222,1.7544936084121292,0.0022231122022752996
7.8500000000000005,2.6861025824064604,757.6571295641365,0.20932768930144233,0.0005121461921675255,148.757258143406,1.7518573846247354,0.0022201087579091293
7.855,2.6854020796400726,757.6560029931023,0.20932952248456196,0.0005108181274858954,148.7583357590488,1.7492247629183002,0.002217108953618277
7.86,2.6846942588227285,757.6548705896374,0.20933135200987416,0.0005094925955619465,148.75940949890364,1.7465957367674985,0.002214112785626659
7.865,2.683979144450732,757.6537323957813,0.20933317789178638,0.000508169586129668,148.76047938210965,1.7439702989790704,0.0022111202501635956
7.87,2.683256765889108,757.6525884573882,0.2093350001424492,0.0005068490905674761,148.76154542701138,1.7413484430574093,0.002208131343451472
7.875,2.682527152502882,757.6514388203128,0.2093368187740133,0.0005055311002537871,148.76260765195343,1.738730162506908,0.0022051460617126726
7.88,2.681790333657079,757.6502835304096,0.2093386337986293,0.0005042156065670172,148.76366607528033,1.7361154508319603,0.002202164401169582
7.885,2.6810463387167247,757.6491226335329,0.2093404452284478,0.0005029026008855828,148.7647207153367,1.733504301536959,0.0021991863580445854
7.890000000000001,2.680295197046844,757.6479561755372,0.20934225307561943,0.0005015920745878998,148.76577159046704,1.7308967081262971,0.0021962119285600665
7.8950000000000005,2.679536938012462,757.6467842022769,0.20934405735229486,0.0005002840190523847,148.766818719016,1.7282926641043688,0.002193241108938412
7.9,2.6787715909786045,757.6456067596065,0.20934585807062467,0.0004989784256574539,148.76786211932807,1.7256921629755668,0.002190273895402005
7.905,2.6779991876394535,757.6444238951476,0.20934765524168858,0.0004976752865630213,148.76890180936044,1.7230951985790486,0.0021873102841738264
7.91,2.6772197555836343,757.6432356534522,0.20934944887846502,0.0004963745925425229,148.7699378077643,1.7205017641592952,0.0021843502714721866
7.915,2.6764333259582593,757.6420420817478,0.2093512389923014,0.0004950763355600202,148.77097013260024,1.7179118534718065,0.0021813938535177805
7.92,2.6756399306987046,757.6408432278563,0.20935302559418262,0.0004937805078442563,148.7719988017972,1.7153254603855732,0.0021784410265317943
7.925,2.6748396017403455,757.6396391395996,0.20935480869509357,0.0004924871016239744,148.77302383328416,1.712742578769586,0.002175491786735413
7.930000000000001,2.6740323710185576,757.6384298647995,0.2093565883060191,0.0004911961091279177,148.77404524499013,1.7101632024928357,0.0021725461303498212
7.9350000000000005,2.673218270468717,757.6372154512777,0.2093583644379442,0.0004899075225848297,148.77506305484408,1.7075873254243137,0.002169604053596206
7.94,2.6723973320261987,757.6359959468563,0.20936013710185364,0.0004886213342234534,148.77607728077496,1.7050149414330105,0.0021666655526957515
7.945,2.6715695876263785,757.6347713993569,0.20936190630873236,0.0004873375362725321,148.77708794071177,1.7024460443879168,0.0021637306238696434
7.95,2.6707350707475896,757.633541857718,0.20936367206885978,0.0004860561214766889,148.77809505231883,1.6998806283816166,0.002160799263342972
7.955,2.6698938128193928,757.6323073694323,0.2093654343934603,0.00048477708188879136,148.77909863362143,1.6973186872061485,0.0021578714673328924
7.96,2.669045846315625,757.6310679827419,0.2093671932932893,0.00048350040990481597,148.78009870247067,1.6947602148029195,0.002154947232059202
7.965,2.6681912056336623,757.6298237472736,0.20936894877822265,0.00048222609856396367,148.78109527638682,1.69220520539238,0.0021520265537470743
7.97,2.667329925170881,757.6285747126536,0.20937070085813636,0.00048095414090543534,148.78208837289017,1.6896536531949806,0.0021491094286216813
7.9750000000000005,2.666462039324656,757.6273209285087,0.20937244954290637,0.00047968452996843174,148.78307800950105,1.6871055524311716,0.0021461958529081955
7.98,2.665587582492364,757.6260624444651,0.20937419484240863,0.0004784172587921541,148.78406420373977,1.6845608973214048,0.002143285822831791
7.985,2.6647065890713804,757.6247993101496,0.20937593676651906,0.0004771523204158033,148.78504697312658,1.6820196820861302,0.0021403793346176396
7.99,2.663819093459081,757.6235315751885,0.20937767532511362,0.0004758897078785802,148.78602633518187,1.6794819009457984,0.0021374763844909145
7.995,2.6629251308058812,757.6222592897244,0.2093794105277247,0.0004746294144714708,148.78700230729135,1.6769475482313387,0.0021345769686804536
8.0,2.662024736458006,757.6209825040623,0.20938114238380104,0.0004733714335462265,148.7879749068134,1.6744166182997178,0.002131681083414104
8.005,2.661117943983113,757.619701267298,0.20938287090361352,0.0004721157578518946,148.78894415143256,1.6718891052437228,0.0021287887249099146
8.01,2.660204790123876,757.6184156306938,0.20938459609598536,0.0004708623811986354,148.78991005826555,1.6693650036221193,0.0021258998894019216
8.015,2.659285311622967,757.617125645512,0.20938631796973972,0.0004696112973966079,148.7908726444291,1.6668443079936694,0.002123014573124157
8.02,2.65835954522306,757.6158313630151,0.20938803653369983,0.0004683625002559728,148.79183192703996,1.6643270129171395,0.002120132772310657
8.025,2.6574275276668256,757.6145328344652,0.20938975179668887,0.00046711598358688917,148.79278792321486,1.6618131129512916,0.0021172544831954544
8.03,2.6564892956969386,757.6132301111247,0.20939146376752998,0.0004658717411995176,148.79374065007053,1.6593026026548918,0.0021143797020125848
8.035,2.6555448860560698,757.6119232442559,0.20939317245504643,0.0004646297669040171,148.79469012472373,1.6567954765867028,0.0021115084249960807
8.040000000000001,2.6545943354868933,757.610612285121,0.20939487786806135,0.000463390054510548,148.79563636429114,1.654291729305489,0.002108640648379978
8.045,2.6536376831467954,757.6092972865547,0.20939658001429803,0.00046215259863679537,148.79657938544122,1.6517913557284576,0.0021057763684147034
8.05,2.6526749636614118,757.6079782985005,0.2093982789035625,0.00046091739237033076,148.79751920570533,1.649294350092607,0.002102915581315659
8.055,2.6517062159277405,757.6066553736396,0.20939997454371118,0.0004596844302307643,148.79845584181254,1.64680070727192,0.0021000582833298267
8.06,2.6507314789090883,757.6053285646956,0.20940166694257023,0.0004584537067599615,148.7993893104796,1.644310422150269,0.002097204470704668
8.065,2.649750791568766,757.603997924392,0.20940335610796582,0.0004572252164997894,148.80031962842315,1.6418234896115298,0.0020943541396876504
8.07,2.6487641928700816,757.6026635054528,0.20940504204772412,0.0004559989539921136,148.80124681235995,1.6393399045395747,0.0020915072865262357
8.075,2.6477717217763446,757.6013253606014,0.20940672476967123,0.0004547749137788012,148.8021708790066,1.6368596618182791,0.0020886639074678905
8.08,2.6467734172508632,757.5999835425619,0.2094084042816334,0.00045355309040171756,148.80309184507988,1.6343827563315156,0.0020858239987600774
8.085,2.6457693182569475,757.5986381040574,0.2094100805914367,0.0004523334784027295,148.80400972729643,1.631909182963159,0.0020829875566502616
8.09,2.6447594654580486,757.5972890988368,0.20941175370612794,0.0004511160728973007,148.80492454203704,1.629438936855197,0.0020801545774020414
8.095,2.643743896706383,757.5959365790059,0.20941342363405743,0.0004499008680406828,148.8058363062568,1.6269720127165375,0.0020773250572488702
8.1,2.642722652124221,757.5945805980166,0.20941509038253686,0.0004486878587528949,148.80674503645994,1.6245084056011825,0.002074498992446706
8.105,2.6416957727633115,757.5932212098747,0.20941675395845072,0.00044747704026838904,148.80765074896536,1.6220481107048073,0.0020716763792607102
8.11,2.640663299675407,757.591858468586,0.20941841436868358,0.0004462684078216189,148.80855346009187,1.6195911232230904,0.0020688572139560494
8.115,2.639625273912257,757.5904924281559,0.20942007162012,0.00044506195664703645,148.80945318615832,1.617137438351707,0.0020660414927978848
8.120000000000001,2.638581736525613,757.5891231425904,0.20942172571964449,0.00044385768197909497,148.81034994348354,1.6146870512863352,0.002063229212051381
8.125,2.6375327285672245,757.5877506658949,0.2094233766741416,0.00044265557905224774,148.8112437483864,1.6122399572226527,0.002060420367981703
8.13,2.6364782910888436,757.5863750520753,0.20942502449049585,0.0004414556431009466,148.8121346171857,1.6097961513563348,0.002057614956854013
8.135,2.635418466172815,757.5849963557013,0.20942666917511416,0.00044025786971205866,148.81302256598124,1.6073556290439726,0.0020548129749462804
8.14,2.6343532948412562,757.5836146308052,0.20942831073490595,0.000439062254100994,148.8139076111136,1.6049183854716633,0.002052014418520644
8.145,2.6332828182568147,757.5822299314951,0.20942994917672267,0.0004378687915260515,148.8147897688984,1.6024844158455962,0.0020492192838405384
8.15,2.632207079420401,757.580842312875,0.20943158450656243,0.00043667747787518073,148.81566905525773,1.6000537156597967,0.0020464275671928
8.155,2.6311261213329287,757.5794518300488,0.20943321673042342,0.0004354883090363327,148.81654548611365,1.5976262804082952,0.0020436392648642684
8.16,2.6300399869953077,757.5780585381206,0.20943484585430377,0.0004343012808974567,148.81741907738817,1.595202105585118,0.0020408543731417804
8.165000000000001,2.6289487194084504,757.5766624921939,0.20943647188420164,0.0004331163893465035,148.8182898450034,1.5927811866842938,0.0020380728883121753
8.17,2.62785236157327,757.5752637473731,0.20943809482611522,0.0004319336302714237,148.81915780488137,1.5903635191998513,0.0020352948066622916
8.175,2.626750956490676,757.5738623587619,0.20943971468604264,0.0004307529995601667,148.82002297294412,1.5879490986258173,0.0020325201244789657
8.18,2.625644547544886,757.5724583816495,0.20944133146980154,0.0004295744932342265,148.82088536502508,1.5855379205181594,0.002029748838055049
8.185,2.6245331788805046,757.5710518717257,0.2094429451828593,0.00042839810757373136,148.82174499679363,1.5831299805520738,0.0020269809436934184
8.19,2.6234168925208694,757.5696428836728,0.20944455583169327,0.0004272238381114943,148.8226018844211,1.580725274056193,0.0020242164376621146
8.195,2.6222957332701586,757.5682314735059,0.20944616342147038,0.0004260516813498117,148.82345604343288,1.57832379680926,0.0020214553162733336
8.2,2.621169745932554,757.5668176972393,0.20944776795735756,0.0004248816337909814,148.82430748935448,1.57592554459002,0.002018697575839276
8.205,2.6200389753122337,757.565401610888,0.2094493694445218,0.0004237136919372998,148.8251562377113,1.573530513177216,0.0020159432126721374
8.21,2.6189034662133777,757.5639832704666,0.20945096788813006,0.00042254785229106433,148.82600230402875,1.571138698349592,0.0020131922230841167
8.215,2.6177632634401657,757.5625627319898,0.2094525632933493,0.00042138411135457255,148.82684570383225,1.568750095885894,0.0020104446033874135
8.22,2.6166184117967775,757.5611400514724,0.20945415566534642,0.0004202224656301207,148.8276864526473,1.5663647015648638,0.0020077003498942237
8.225,2.615468956087393,757.5597152849291,0.20945574500928846,0.0004190629116200068,148.82852456599926,1.5639825111652472,0.0020049594589167472
8.23,2.61431494405447,757.5582884895744,0.20945733132892194,0.0004179054468801522,148.82936005866182,1.561603520962397,0.00200222192682459
8.235,2.61315641717001,757.5568597201581,0.20945891463104757,0.000416750066699786,148.8301929470489,1.5592277261610905,0.001999487749859529
8.24,2.6119934216391685,757.5554290333121,0.20946049492017849,0.0004155967680656606,148.8310232463535,1.556855122768389,0.0019967569243575563
8.245000000000001,2.610826004135002,757.5539964858555,0.2094620722006011,0.00041444554813272177,148.83185097164773,1.554485706870762,0.001994029446663994
8.25,2.6096542113305654,757.5525621346072,0.2094636464766019,0.0004132964040559151,148.8326761380037,1.5521194745546787,0.0019913053131241617
8.255,2.6084780898989135,757.5511260363862,0.20946521775246735,0.0004121493329901851,148.8334987604935,1.5497564219066058,0.0019885845200833777
8.26,2.607297686513103,757.5496882480116,0.2094667860324839,0.0004110043320904779,148.83431885418926,1.5473965450130136,0.001985867063886963
8.265,2.606113047846187,757.5482488263023,0.209468351320938,0.0004098613985117379,148.83513643416305,1.545039839960369,0.0019831529408802363
8.27,2.6049242205712235,757.5468078280772,0.2094699136221161,0.0004087205294089113,148.835951515487,1.5426863028351423,0.0019804421474085183
8.275,2.6037312513612654,757.5453653101555,0.20947147294030466,0.0004075817219369424,148.83676411323322,1.5403359297238,0.001977734679817127
8.28,2.602534186889369,757.5439213293561,0.2094730292797901,0.0004064449732507775,148.83757424247378,1.5379887167128126,0.001975030534451384
8.285,2.6013330752866533,757.5424759429222,0.20947458264412724,0.0004053102810501908,148.83838191785244,1.5356446601515261,0.001972329707693191
8.290000000000001,2.600127963120406,757.5410292077447,0.20947613303768162,0.0004041776424300526,148.83918715451279,1.5333037560953904,0.001969632195879639
8.295,2.5989188964784433,757.539581180567,0.20947768046506604,0.00040304705430134035,148.83998996774275,1.5309660005119634,0.0019669379953353773
8.3,2.5977059238271507,757.5381319187974,0.20947922492969456,0.0004019185144678387,148.84079037212229,1.5286313898002748,0.0019642471024460205
8.305,2.5964890936329166,757.5366814798446,0.20948076643498123,0.00040079202073333385,148.84158838223127,1.526299920359358,0.001961559513597187
8.31,2.5952684543621274,757.5352299211166,0.2094823049843401,0.0003996675709016104,148.84238401264957,1.5239715885882426,0.0019588752251744903
8.315,2.594044054481171,757.5337773000222,0.2094838405811852,0.00039854516277645474,148.84317727795715,1.5216463908859619,0.00195619423356355
8.32,2.5928159424564337,757.5323236739696,0.20948537322893057,0.0003974247941616514,148.84396819273385,1.519324323651546,0.0019535165351499796
8.325,2.591584166754304,757.5308691003671,0.20948690293099032,0.00039630646286098665,148.84475677155964,1.5170053832840278,0.001950842126319398
8.33,2.590348775841168,757.5294136366232,0.20948842969077847,0.00039519016667824517,148.84554302901438,1.514689566182437,0.001948171003457419
8.335,2.589109818183413,757.5279573401464,0.20948995351170904,0.0003940759034172127,148.84632697967794,1.5123768687458066,0.0019455031629496604
8.34,2.5878673422474274,757.5265002683448,0.20949147439719615,0.0003929636708816752,148.8471086381303,1.5100672873731682,0.0019428386011817393
8.345,2.5866213990762708,757.5250424790243,0.20949299234929983,0.0003918534678871653,148.84788801807701,1.5077608189635852,0.0019401773146200103
8.35,2.5853720345894904,757.5235840293951,0.2094945073728246,0.0003907452911966257,148.84866513504264,1.5054574593982812,0.001937519299559755
8.355,2.5841192987640875,757.5221249771537,0.20949601947041377,0.0003896391391893192,148.84944000312376,1.503157205360515,0.0019348645524300144
8.36,2.582863241609002,757.52066538,0.2094975286446936,0.00038853501025720087,148.85021263640587,1.5008600535398373,0.0019322130696608748
8.365,2.5816039131331716,757.519205295634,0.2094990348982904,0.0003874329027922242,148.85098304897443,1.4985660006257957,0.0019295648476824196
8.370000000000001,2.5803413633455357,757.5177447817558,0.2095005382338304,0.0003863328151863439,148.8517512549149,1.4962750433079401,0.001926919882924734
8.375,2.5790756422550336,757.5162838960657,0.20950203865394,0.00038523474583151464,148.8525172683127,1.493987178275821,0.0019242781718179036
8.38,2.577806799870604,757.5148226962636,0.20950353616124537,0.0003841386931196899,148.85328110325338,1.4917024022189853,0.0019216397107920113
8.385,2.5765348862011854,757.5133612400497,0.2095050307583729,0.00038304465544282477,148.85404277382233,1.4894207118269844,0.001919004496277144
8.39,2.5752599512557173,757.511899585124,0.20950652244794882,0.0003819526311928727,148.85480229410507,1.4871421037893657,0.001916372524703384
8.395,2.573982045043139,757.5104377891865,0.20950801123259946,0.00038086261876178886,148.85555967818706,1.4848665747956797,0.0019137437925008183
8.4,2.5727012188003924,757.508975909843,0.2095094971142499,0.0003797746170680282,148.8563149396373,1.482594121803908,0.0019111182961509315
8.405,2.5714175220946163,757.5075140049894,0.2095109800958189,0.00037868862428271224,148.85706809279222,1.4803247413882128,0.0019084960320571531
8.41,2.570131004890843,757.5060521324551,0.20951246017999536,0.0003776046387497721,148.85781915181173,1.478058430212178,0.0019058769966405296
8.415000000000001,2.5688417184818007,757.5045903499329,0.20951393736870283,0.00037652265938820464,148.85856813028445,1.4757951852333049,0.0019032611863792686
8.42,2.5675497141602195,757.5031287151152,0.20951541166386473,0.0003754426851170064,148.85931504179896,1.473535003409095,0.0019006485977515783
8.425,2.5662550432188276,757.5016672856949,0.2095168830674045,0.000374364714855173,148.86005989994385,1.4712778816970478,0.0018980392272356632
8.43,2.5649577569503537,757.5002061193645,0.20951835158124568,0.0003732887475217015,148.86080271830772,1.4690238170546652,0.0018954330713097324
8.435,2.5636579066475256,757.4987452738168,0.2095198172073117,0.0003722147820355874,148.86154351047915,1.4667728064394465,0.0018928301264519907
8.44,2.562355543603074,757.4972848067441,0.209521279947526,0.0003711428173158278,148.86228229004675,1.4645248468088936,0.0018902303891406467
8.445,2.5610507191097254,757.4958247758394,0.2095227398038121,0.0003700728522814182,148.86301907059914,1.462279935120506,0.0018876338558539059
8.45,2.5597434844602103,757.4943652387952,0.20952419677809345,0.00036900488585135563,148.86375386572485,1.4600380683317855,0.0018850405230699766
8.455,2.5584338911175877,757.4929062532292,0.20952565087218344,0.00036793891702771873,148.86448668891867,1.457799243444189,0.001882450387276951
8.46,2.5571219916818357,757.4914478763778,0.2095271020871892,0.0003668749453451529,148.865217553096,1.4555634577389711,0.0018798634450232234
8.465,2.555807836144763,757.4899901667079,0.2095285504259262,0.00036581296904791437,148.86594647264528,1.453330707814005,0.0018772796927012435
8.47,2.5544914768174825,757.4885331816058,0.20952999588970028,0.00036475298752049033,148.86667346065585,1.4511009908716554,0.0018746991268404802
8.475,2.5531729660111093,757.4870769784574,0.20953143847981723,0.00036369500014736924,148.8673985302171,1.4488743041142906,0.0018721217439704066
8.48,2.5518523560367563,757.4856216146491,0.20953287819758287,0.00036263900631303825,148.86812169441836,1.446650644744275,0.0018695475406204913
8.485,2.550529699205539,757.4841671475668,0.20953431504430298,0.0003615850054019859,148.86884296634906,1.4444300099639769,0.001866976513320207
8.49,2.5492050478285693,757.482713634597,0.20953574902128339,0.00036053299679869935,148.86956235909852,1.4422123969757608,0.001864408658599023
8.495000000000001,2.5478784542169626,757.4812611331257,0.2095371801298299,0.00035948297988766667,148.8702798857561,1.439997802981994,0.001861843972986411
8.5,2.5465499706818333,757.479809700539,0.2095386083712483,0.0003584349540533761,148.87099555941123,1.4377862251850435,0.0018592824530118427
8.505,2.545219649534294,757.4783593942232,0.20954003374684443,0.0003573889186803148,148.8717093931532,1.4355776607872743,0.0018567240952047871
8.51,2.5438875430854595,757.4769102715644,0.20954145625792406,0.00035634487315297123,148.8724214000714,1.433372106991054,0.0018541688960947167
8.515,2.542553704440326,757.4754623891429,0.20954287590518364,0.0003553028173185842,148.87313159265355,1.4311695612537976,0.001851616852277076
8.52,2.541218185521298,757.4740158050597,0.20954429269030259,0.0003542627502764226,148.8738399844096,1.4289700206165123,0.0018490679602340195
8.525,2.5398810388338626,757.4725705767112,0.20954570661449068,0.00035322467148296257,148.8745465883671,1.426773482319283,0.0018465222165005997
8.53,2.5385423174368453,757.4711267608798,0.2095471176785213,0.0003521885807263267,148.8752514171142,1.424579943785767,0.0018439796176601886
8.535,2.5372020743890706,757.4696844143476,0.20954852588316775,0.000351154477794636,148.87595448323896,1.422389402439618,0.0018414401602961554
8.540000000000001,2.535860362749364,757.4682435938972,0.20954993122920346,0.00035012236247601255,148.8766557993295,1.4202018557044926,0.0018389038409918714
8.545,2.534517235576551,757.466804356311,0.20955133371740173,0.0003490922345585784,148.87735537797394,1.418017301004047,0.0018363706563307082
8.55,2.533172745929455,757.4653667583709,0.20955273334853597,0.0003480640938304547,148.8780532317604,1.4158357357619356,0.001833840602896035
8.555,2.531826946866903,757.4639308568597,0.2095541301233795,0.0003470379400797639,148.87874937327695,1.4136571574018146,0.0018313136772712237
8.56,2.5304798914477185,757.4624967085596,0.2095555240427057,0.00034601377309462694,148.87944381511176,1.4114815633473388,0.0018287898760396435
8.565,2.5291316327307274,757.4610643702529,0.20955691510728794,0.0003449915926631664,148.88013656985288,1.409308951022165,0.001826269195784667
8.57,2.5277822239196204,757.4596338983441,0.20955830331773806,0.000343971398697192,148.88082764989394,1.4071393179221947,0.001823751633111737
8.575000000000001,2.52643171850385,757.4582053488297,0.2095596886744255,0.00034295319129309693,148.88151706737366,1.4049726616479925,0.001821237184654777
8.58,2.52508016921354,757.4567787798246,0.20956107117860104,0.00034193696987213035,148.8822048355064,1.4028089794051022,0.0018187258469250292
8.585,2.523727629580684,757.4553542472132,0.20956245083059064,0.0003409227345640293,148.88289096637752,1.4006482688144508,0.001816217616561899
8.59,2.5223741531372754,757.45393180688,0.20956382763072023,0.00033991048549853207,148.88357547207224,1.3984905274969672,0.0018137124902047946
8.595,2.5210197934153062,757.4525115147093,0.20956520157931582,0.00033890022280537566,148.88425836467593,1.3963357530735783,0.0018112104644931212
8.6,2.519664603946771,757.4510934265854,0.20956657267670342,0.0003378919466142984,148.88493965627381,1.3941839431652134,0.0018087115360662875
8.605,2.518308638263662,757.4496775983929,0.20956794092320896,0.0003368856570550372,148.88561935895126,1.3920350953927987,0.0018062157015636983
8.61,2.5169519498979733,757.4482640860159,0.20956930631915846,0.00033588135425733056,148.88629748479354,1.389889207377264,0.0018037229576247623
8.615,2.515594592381697,757.4468529453392,0.20957066886487785,0.0003348790383509153,148.88697404588595,1.3877462767395354,0.0018012333008888845
8.620000000000001,2.514236619246827,757.4454442322467,0.20957202856069312,0.0003338787094655295,148.88764905431378,1.3856063011005417,0.0017987467279954727
8.625,2.512878084025357,757.4440380026232,0.2095733854069303,0.00033288036773091107,148.88832252216233,1.3834692780812117,0.0017962632355839343
8.63,2.5115190404557595,757.4426343094012,0.20957473940315025,0.00033188401386918234,148.88899446034748,1.3813352056764114,0.0017937828204302418
8.635,2.5101595420585667,757.4412332116151,0.2095760905503869,0.0003308896474595968,148.88966488213214,1.3792040811508948,0.001791305479035723
8.64,2.5087996424913976,757.4398347651745,0.2095774388489104,0.0003298972686737062,148.89033379957394,1.3770759021478223,0.0017888312080418522
8.645,2.5074393954854246,757.438439024614,0.20957878429864663,0.000328906877949873,148.89100122419381,1.3749506664798303,0.0017863600041527555
8.65,2.506078854771817,757.437046044468,0.2095801268995215,0.00032791847572645824,148.89166716751285,1.3728283719595527,0.0017838918640725547
8.655,2.504718074081747,757.4356558792713,0.20958146665146085,0.0003269320624418242,148.89233164105198,1.3707090163996256,0.0017814267845053758
8.66,2.503357107146384,757.4342685835583,0.20958280355439066,0.000325947638534332,148.8929946563323,1.368592597612683,0.0017789647621553404
8.665000000000001,2.5019960076968997,757.4328842118636,0.2095841376082368,0.00032496520444234367,148.89365622487472,1.3664791134113603,0.0017765057937265737
8.67,2.500634829464465,757.4315028187217,0.20958546881292514,0.00032398476060422124,148.8943163582003,1.3643685616082935,0.0017740498759232003
8.675,2.49927362618025,757.4301244586671,0.20958679716838158,0.00032300630745832576,148.89497506783005,1.362260940016116,0.0017715970054493421
8.68,2.4979124515754263,757.4287491862347,0.20958812267453206,0.00032202984544301956,148.89563236528494,1.3601562464474646,0.0017691471790091248
8.685,2.4965513593811637,757.4273770559587,0.20958944533130242,0.00032105537499666376,148.89628826208602,1.3580544787149724,0.0017667003933066706
8.69,2.495190403328634,757.4260081223737,0.2095907651386186,0.00032008289655762064,148.89694276975428,1.3559556346312764,0.0017642566450461051
8.695,2.4938296371490067,757.4246424400144,0.20959208209640648,0.0003191124105642513,148.8975958998107,1.35385971200901,0.0017618159309315503
8.700000000000001,2.492469113923223,757.4232800586565,0.20959339620388148,0.0003181439180153992,148.89824766226624,1.3517667090627248,0.0017593782478468767
8.705,2.491108888444038,757.4219210384721,0.2095947074616647,0.0003171774187959167,148.89889807034385,1.3496766231884083,0.0017569435922928324
8.71,2.4897490142830594,757.4205654322302,0.20959601586937876,0.00031621291358197685,148.89954713498184,1.3475894523643657,0.0017545119610417157
8.715,2.488389545002601,757.4192132926408,0.209597321426638,0.00031525040305626994,148.90019486710023,1.3455051945736616,0.0017520833508680228
8.72,2.4870305341649748,757.4178646724137,0.20959862413305685,0.00031428988790148485,148.90084127761892,1.3434238477993579,0.001749657758546246
8.725,2.4856720353324935,757.4165196242587,0.20959992398824961,0.00031333136880031193,148.90148637745784,1.341345410024519,0.0017472351808508811
8.73,2.484314102067469,757.4151782008856,0.20960122099183065,0.0003123748464354401,148.90213017753695,1.3392698792322069,0.0017448156145564208
8.735,2.4829567879322143,757.4138404550043,0.20960251514341438,0.0003114203214895597,148.90277268877617,1.3371972534054861,0.0017423990564373608
8.74,2.481600146489041,757.4125064393246,0.20960380644261514,0.00031046779464535964,148.9034139220954,1.3351275305274184,0.0017399855032681935
8.745000000000001,2.4802442313002624,757.4111762065563,0.20960509488904727,0.00030951726658552984,148.90405388841467,1.3330607085810677,0.001737574951823414
8.75,2.478889095928191,757.4098498094093,0.2096063804823252,0.00030856873799276033,148.90469259865384,1.330996785549498,0.001735167398877517
8.755,2.477534793935138,757.4085273005934,0.2096076632220632,0.00030762220954974004,148.9053300637329,1.3289357594157711,0.0017327628412049953
8.76,2.4761813788834175,757.4072087328184,0.20960894310787573,0.0003066776819391592,148.90596629457173,1.3268776281629515,0.001730361275580345
8.765,2.474828903587474,757.4058941562499,0.20961022013920283,0.0003057351559877243,148.90660130142652,1.3248223899084954,0.0017279626988578466
8.77,2.473477421755207,757.4045836236312,0.20961149431559387,0.00030479463242719774,148.9072350951885,1.3227700426614317,0.0017255671078156547
8.775,2.4721269878714196,757.4032771903724,0.20961276563678405,0.00030385611183585175,148.90786768744752,1.3207205842888416,0.0017231744991470213
8.78,2.47077765493882,757.4019749069816,0.20961403410219315,0.00030291959505410106,148.90849908852587,1.3186740129084913,0.0017207848696972705
8.785,2.4694294759601134,757.400676823967,0.20961529971124082,0.00030198508292235903,148.90912930874583,1.3166303266381438,0.001718398216311723
8.790000000000001,2.4680825039380077,757.3993829918368,0.2096165624633468,0.00030105257628104,148.90975835842974,1.3145895235955651,0.0017160145358357025
8.795,2.466736791875209,757.3980934610987,0.20961782235793078,0.0003001220759705583,148.91038624789985,1.3125516018985204,0.0017136338251145323
8.8,2.465392392774424,757.3968082822611,0.20961907939441246,0.0002991935828313273,148.91101298747853,1.3105165596647732,0.001711256080993533
8.805,2.46404935963836,757.3955275058321,0.20962033357221158,0.00029826709770376176,148.91163858748806,1.3084843950120895,0.0017088813003180291
8.81,2.4627077454697224,757.3942511823196,0.20962158489074778,0.00029734262142827497,148.91226305825072,1.3064551060582328,0.0017065094799333417
8.815,2.4613676032712193,757.3929793622318,0.2096228333494408,0.00029642015484528165,148.91288641008884,1.3044286909209692,0.0017041406166847944
8.82,2.4600289860455558,757.3917120960768,0.20962407894771035,0.0002954996987951951,148.91350865332473,1.3024051477180623,0.0017017747074177087
8.825000000000001,2.4586919467954393,757.3904494343626,0.20962532168497613,0.0002945812541184298,148.91412979828067,1.3003844745672772,0.0016994117489774077
8.83,2.4573565385235776,757.3891914275974,0.20962656156065784,0.0002936648216553999,148.91474985527896,1.2983666695863798,0.0016970517382092149
8.835,2.4560228099018078,757.3879381156263,0.20962779857403963,0.0002927504023975332,148.91536883227516,1.2963517312200399,0.001694694672244396
8.84,2.454690818939224,757.3866895607902,0.2096290327245961,0.00029183799709042615,148.91598674216453,1.2943396572630825,0.0016923405476187946
8.845,2.453360618845081,757.3854458138444,0.20963026401169546,0.000290927606612402,148.9166035952973,1.2923304458487672,0.001689989361173252
8.85,2.452032261504481,757.3842069223232,0.2096314924346723,0.00029001923188180876,148.91721940131302,1.2903240952060713,0.001687641109834222
8.855,2.4507057988025243,757.3829729337612,0.20963271799286118,0.0002891128738169932,148.9178341698514,1.2883206035639687,0.0016852957905281554
8.86,2.449381282624312,757.3817438956926,0.2096339406855967,0.0002882085333363035,148.91844791055206,1.2863199691514364,0.0016829534001815067
8.865,2.4480587648549452,757.380519855652,0.20963516051221343,0.0002873062113580864,148.91906063305467,1.2843221901974482,0.0016806139357207267
8.870000000000001,2.446738297379525,757.3793008611738,0.20963637747204597,0.0002864059088006897,148.91967234699888,1.2823272649309807,0.0016782773940722682
8.875,2.4454199320831527,757.3780869597923,0.20963759156442885,0.0002855076265824612,148.92028306202428,1.2803351915810102,0.0016759437721625852
8.88,2.4441037208509284,757.376878199042,0.2096388027886967,0.00028461136562174766,148.92089278777058,1.2783459683765104,0.0016736130669181282
8.885,2.4427897155679545,757.3756746264573,0.2096400111441841,0.0002837171268368972,148.9215015338774,1.2763595935464584,0.0016712852752653513
8.89,2.4414779681193304,757.3744762895727,0.2096412166302256,0.0002828249111462567,148.92210930998436,1.2743760653198284,0.0016689603941307052
8.895,2.4401685303901584,757.3732832359225,0.20964241924615581,0.0002819347194681741,148.92271612573114,1.2723953819255973,0.0016666384204406443
8.9,2.4388614542655382,757.372095513041,0.20964361899130932,0.0002810465527209964,148.92332199075736,1.2704175415927392,0.0016643193511216195
8.905,2.4375567916305725,757.3709131684628,0.20964481586502065,0.00028016041182307147,148.92392691470266,1.268442542550231,0.0016620031831000846
8.91,2.436254594370361,757.3697362497225,0.20964600986662443,0.0002792762976927463,148.92453090720673,1.266470383027047,0.0016596899133024907
8.915000000000001,2.4349549143700044,757.368564804354,0.20964720099545522,0.00027839421124836863,148.92513397790916,1.2645010612521632,0.0016573795386552908
8.92,2.433657796545189,757.367398865878,0.20964838925126522,0.0002775141531500359,148.9257361337727,1.2625345756433777,0.0016550720564045926
8.925,2.4323633007914496,757.366238497349,0.20964957463278938,0.000276636124707077,148.9263373873389,1.2605709242799552,0.0016527674631327874
8.93,2.431071478148329,757.3650837443986,0.2096507571393652,0.00027576012684376374,148.92693774785766,1.2586101054393888,0.0016504657558116741
8.935,2.429782378729248,757.3639346508218,0.2096519367703905,0.0002748861604462192,148.9275372242306,1.2566521174214855,0.0016481669314544838
8.94,2.428496052647627,757.3627912604128,0.20965311352526306,0.00027401422640056767,148.9281358253592,1.2546969585260563,0.001645870987074451
8.945,2.427212550016886,757.3616536169665,0.20965428740338068,0.00027314432559293224,148.92873356014502,1.2527446270529086,0.0016435779196848068
8.950000000000001,2.425931920950446,757.3605217642772,0.2096554584041412,0.0002722764589094368,148.92933043748957,1.2507951213018518,0.001641287726298785
8.955,2.424654215561728,757.3593957461397,0.2096566265269424,0.00027141062723620544,148.92992646629438,1.248848439572696,0.0016390004039296188
8.96,2.423379483964151,757.3582756063487,0.20965779177118207,0.00027054683145936114,148.93052165546098,1.2469045801652485,0.0016367159495905396
8.965,2.422107776271137,757.3571613886985,0.20965895413625804,0.0002696850724650282,148.93111601389091,1.2449635413793199,0.001634434360294782
8.97,2.420839142596106,757.3560531369839,0.20966011362156814,0.0002688253511393296,148.93170955048572,1.2430253215147178,0.0016321556330555769
8.975,2.4195736330524786,757.3549508949994,0.20966127022651013,0.00026796766836838974,148.93230227414693,1.2410899188712525,0.0016298797648861588
8.98,2.4183112977536747,757.3538547065397,0.20966242395048182,0.0002671120250383316,148.93289419377606,1.2391573317487317,0.001627606752799759
8.985,2.4170521868131156,757.3527646153991,0.20966357479288103,0.00026625842203527946,148.93348531827465,1.2372275584469656,0.0016253365938096115
8.99,2.415796350344221,757.3516806653726,0.20966472275310558,0.00026540686024535643,148.93407565654422,1.235300597265762,0.0016230692849289478
8.995000000000001,2.4145438384604123,757.3506029002544,0.20966586783055324,0.0002645573405546864,148.93466521748636,1.2333764465049306,0.0016208048231710016
9.0,2.4132947012751096,757.3495313638394,0.20966701002462185,0.00026370986384939343,148.9352540100025,1.231455104464281,0.0016185432055490065
9.005,2.412048985207184,757.3484660932555,0.2096681493350612,0.00026286443077377675,148.93584204184899,1.2295365694699036,0.0016162844292096407
9.01,2.410806743399101,757.3474071374002,0.20966928576090305,0.00026202104247342563,148.93642932277254,1.2276208398445927,0.00161402849106985
9.015,2.4095680240929696,757.3463545366352,0.20967041930170846,0.00026117969972370216,148.9370158610724,1.2257079139092402,0.0016117753882120877
9.02,2.408332875520307,757.3453083313035,0.20967154995703963,0.00026034040329920584,148.93760166504458,1.2237977899847634,0.0016095251177191776
9.025,2.4071013459126305,757.344268561748,0.20967267772645876,0.0002595031539745348,148.93818674298512,1.2218904663920775,0.0016072776766739405
9.03,2.4058734835014586,757.3432352683117,0.20967380260952803,0.0002586679525242886,148.93877110319005,1.2199859414520997,0.0016050330621591995
9.035,2.404649336518308,757.3422084913375,0.20967492460580964,0.0002578347997230653,148.93935475395537,1.218084213485745,0.0016027912712577757
9.040000000000001,2.4034289531946964,757.3411882711686,0.20967604371486578,0.00025700369634546415,148.9399377035771,1.2161852808139304,0.0016005523010524914
9.045,2.4022123817621424,757.3401746481477,0.20967715993625863,0.00025617464316608426,148.94051996035134,1.2142891417575727,0.0015983161486261698
9.05,2.400999670452162,757.3391676626179,0.2096782732695504,0.00025534764095952385,148.94110153257404,1.2123957946375865,0.0015960828110616312
9.055,2.3997908674962742,757.3381673549222,0.20967938371430328,0.00025452269050038227,148.94168242854127,1.2105052377748897,0.0015938522854416996
9.06,2.398586020718399,757.3371737647353,0.20968049127012986,0.0002536997925272393,148.94226265644284,1.2086174694863787,0.0015916245688610356
9.065,2.397385175572751,757.3361869277827,0.2096815959369244,0.00025287894757848275,148.94284222383652,1.2067324880727166,0.0015893996584857727
9.07,2.396188383830816,757.3352068901032,0.20968269771378847,0.00025206015675966414,148.94342113991505,1.2048502919029238,0.0015871775512997185
9.075000000000001,2.394995691818801,757.3342336888414,0.20968379660050093,0.0002512434206920077,148.94399941245845,1.2029708792895535,0.0015849582444433842
9.08,2.3938071458629144,757.3332673611424,0.20968489259684056,0.0002504287399967376,148.9445770492468,1.2010942485451586,0.0015827417350572802
9.085,2.3926227922893615,757.3323079441507,0.20968598570258612,0.000249616115295077,148.94515405806007,1.1992203979822895,0.0015805280202819147
9.09,2.39144267742435,757.331355475011,0.2096870759175164,0.00024880554720825045,148.94573044667837,1.1973493259135002,0.0015783170972577996
9.095,2.3902668475940856,757.3304099908685,0.20968816324141018,0.0002479970363574812,148.94630622288167,1.1954810306513415,0.0015761089631254426
9.1,2.3890953491247764,757.3294715288674,0.2096892476740463,0.00024719058336399377,148.94688139445003,1.193615510508367,0.0015739036150253553
9.105,2.3879282283426284,757.3285401261529,0.20969032921520347,0.0002463861888490114,148.9474559691635,1.1917527637971275,0.0015717010500980464
9.11,2.3867655315738494,757.3276158198696,0.20969140786466056,0.00024558385343375846,148.9480299548021,1.1898927888301765,0.0015695012654840267
9.115,2.3856073051446454,757.3266986471623,0.2096924836221963,0.0002447835777394583,148.94860335914586,1.188035583920065,0.001567304258323805
9.120000000000001,2.384453594469876,757.3257886437693,0.20969355648771404,0.00024398536229692413,148.94917618976436,1.1861811473624932,0.0015651100257804485
9.125,2.3833044437582105,757.3248858435013,0.20969462646127127,0.0002431892075260534,148.94974845393511,1.1843294774379076,0.0015629185650495184
9.13,2.3821599025282443,757.323990288337,0.20969569354219078,0.00024239511438062082,148.95032016015432,1.182480572529531,0.0015607298731957855
9.135,2.3810200149417033,757.3231020120159,0.20969675773053012,0.0002416030832806037,148.95089131568614,1.1806344309191983,0.0015585439474153316
9.14,2.3798848251603113,757.3222210482774,0.20969781902634688,0.00024081311464597814,148.95146192779464,1.1787910508887414,0.001556360784904235
9.145,2.378754377345794,757.3213474308609,0.2096988774296986,0.00024002520889672147,148.952032003744,1.1769504307199945,0.0015541803828585771
9.15,2.377628715659875,757.3204811935059,0.20969993294064282,0.00023923936645280986,148.95260155079836,1.17511256869479,0.0015520027384744364
9.155,2.37650788426428,757.3196223699518,0.20970098555923716,0.00023845558773422058,148.95317057622185,1.173277463094962,0.0015498278489478943
9.16,2.3753919273207336,757.3187709939382,0.20970203528553916,0.0002376738731609298,148.9537390872786,1.171445112202343,0.0015476557114750297
9.165000000000001,2.37428088899096,757.3179270992042,0.2097030821196064,0.00023689422315291452,148.95430709123278,1.1696155142987665,0.0015454863232519228
9.17,2.3731748134366852,757.3170907194897,0.20970412606149638,0.00023611663813015175,148.95487459534849,1.1677886676660665,0.0015433196814746547
9.175,2.372073744819633,757.3162618885337,0.20970516711126674,0.00023534111851261763,148.95544160688988,1.1659645705860748,0.0015411557833393038
9.18,2.370977726000944,757.3154406381667,0.20970620526916287,0.00023456766458245437,148.95600813284912,1.1641432213086695,0.001538994626069732
9.185,2.3698867999355246,757.3146270002902,0.20970724053540646,0.00023379627664016852,148.9565741802267,1.1623246180930227,0.00153683620689037
9.19,2.3688010129183814,757.3138210116971,0.20970827290973038,0.00023302695534526568,148.95713975671705,1.160508759283321,0.001534680522954458
9.195,2.3677204067659963,757.3130227026298,0.2097093023925166,0.00023225970088059606,148.95770486908157,1.1586956431116433,0.0015325275715098376
9.200000000000001,2.3666450232948515,757.3122321033306,0.2097103289841471,0.0002314945134290107,148.95826952408163,1.15688526781007,0.0015303773498043527
9.205,2.36557490432143,757.311449244042,0.2097113526850038,0.00023073139317336073,148.95883372847865,1.155077631610681,0.0015282298550858473
9.21,2.364510091662213,757.3106741550063,0.2097123734954687,0.00022997034029649633,148.959397489034,1.1532727327455552,0.001526085084602163
9.215,2.363450627133684,757.3099068664658,0.20971339141592374,0.00022921135498126882,148.95996081250905,1.151470569446773,0.0015239430356011451
9.22,2.362396552552324,757.309147408663,0.2097144064467509,0.00022845443741052843,148.96052370566525,1.1496711399464132,0.001521803705330635
9.225,2.3613479097346155,757.3083958118402,0.20971541858833212,0.00022769958776712654,148.96108617526397,1.1478744424765568,0.0015196670910384777
9.23,2.3603047404970408,757.30765210624,0.20971642784104938,0.00022694680623391335,148.96164822806657,1.146080475269282,0.0015175331899725144
9.235,2.3592670866560828,757.3069163221045,0.2097174342052846,0.00022619609299374016,148.96220987083447,1.1442892365566697,0.0015154019993805906
9.24,2.3582349860243026,757.3061884840248,0.20971843768201393,0.00022544744779008242,148.96277110955438,1.1425007244563639,0.00151327351658586
9.245000000000001,2.3572084845310326,757.3054686279451,0.20971943827099362,0.00022470087127010683,148.96333195176794,1.140714937328907,0.0015111477387627361
9.25,2.356187622086708,757.3047567813786,0.2097204359728769,0.00022395636341676102,148.9638924038595,1.138931873358024,0.0015090246631960338
9.255,2.355172437989007,757.3040529709787,0.20972143078840835,0.00022321392414532468,148.96445247209542,1.1371515307095057,0.0015069042871818992
9.26,2.354162971535608,757.3033572233985,0.2097224227183326,0.0002224735533710786,148.96501216274208,1.135373907549145,0.0015047866080164817
9.265,2.3531592620241897,757.3026695652915,0.20972341176339432,0.00022173525100930249,148.96557148206588,1.133599002042732,0.0015026716229959271
9.27,2.352161348752431,757.3019900233107,0.20972439792433809,0.00022099901697527708,148.96613043633317,1.1318268123560602,0.0015005593294163848
9.275,2.3511692710180103,757.3013186241095,0.20972538120190853,0.0002202648511842821,148.96668903181038,1.1300573366549196,0.0014984497245740008
9.28,2.3501830681186067,757.3006553943411,0.2097263615968503,0.00021953275355159833,148.96724727476385,1.1282905731051034,0.0014963428057649245
9.285,2.3492027793518986,757.3000003606587,0.20972733910990796,0.00021880272399250544,148.96780517146,1.1265265198724022,0.001494238570285302
9.290000000000001,2.348228444015564,757.2993535497158,0.20972831374182616,0.00021807476242228396,148.96836272816515,1.124765175122608,0.0014921370154312814
9.295,2.34726009877025,757.2987149845932,0.20972928549374723,0.00021734886845982166,148.9689199506703,1.1230065369365305,0.0014900381385420172
9.3,2.3462977840026733,757.2980846933522,0.2097302543662443,0.00021662504214925055,148.96947684543096,1.1212506035212453,0.0014879419368985008
9.305,2.345341539641685,757.2974627034456,0.20973122035995517,0.00021590328348642735,148.97003341881882,1.1194973730699431,0.001485848407788474
9.31,2.344391402265156,757.2968490378017,0.20973218347602351,0.0002151835920899387,148.97058967660266,1.1177468436667832,0.0014837575485536734
9.315,2.34344740845096,757.2962437193493,0.20973314371559304,0.00021446596757837232,148.9711456245512,1.1159990133959279,0.001481669356535839
9.32,2.3425095947769665,757.2956467710168,0.20973410107980747,0.00021375040957031486,148.9717012684333,1.1142538803415363,0.001479583829076708
9.325000000000001,2.3415779978210485,757.2950582157328,0.20973505556981048,0.00021303691768435372,148.97225661401768,1.1125114425877702,0.001477500963518019
9.33,2.3406526541610773,757.2944780764258,0.20973600718674576,0.00021232549153907634,148.9728116670731,1.1107716982187912,0.0014754207572015114
9.335,2.3397336003749243,757.2939063760244,0.209736955931757,0.00021161613075306942,148.97336643336834,1.1090346453187583,0.0014733432074689223
9.34,2.3388208730404614,757.2933431374573,0.20973790180598792,0.00021090883494492062,148.9739209186722,1.1073002819718338,0.0014712683116619913
9.345,2.33791450873556,757.2927883836529,0.20973884481058222,0.0002102036037332166,148.97447512875343,1.1055686062621772,0.0014691960671224555
9.35,2.3370145432986797,757.2922421365739,0.20973978494679502,0.00020950043665292475,148.97502906925476,1.1038396162483193,0.0014671264712025523
9.355,2.336121009923109,757.2917044146888,0.20974072221627804,0.0002087993329420838,148.9755827453658,1.10211330989999,0.001465059521293608
9.36,2.335233949428277,757.291175246405,0.2097416566195269,0.00020810029270662808,148.97613616357225,1.1003896854547703,0.0014629952146793627
9.365,2.334353395485156,757.2906546508102,0.20974258815811328,0.00020740331524479302,148.97668932914138,1.09866874090188,0.0014609335487442564
9.370000000000001,2.333479381764718,757.2901426469915,0.20974351683360887,0.0002067083998548149,148.97724224734054,1.0969504742305405,0.0014588745208727314
9.375,2.3326119419379365,757.2896392540363,0.20974444264758538,0.00020601554583492995,148.97779492343702,1.0952348834299732,0.0014568181284492297
9.38,2.3317511096757833,757.289144491032,0.20974536560161453,0.00020532475248337365,148.9783473626981,1.0935219664893983,0.0014547643688581915
9.385,2.330896918649231,757.2886583770659,0.20974628569726797,0.00020463601909838253,148.97889957039106,1.0918117213980372,0.0014527132394840598
9.39,2.3300494025292524,757.2881809312253,0.20974720293611746,0.00020394934497819204,148.97945155178328,1.0901041461451102,0.0014506647377112744
9.395,2.3292085949868198,757.2877121725977,0.20974811731973464,0.0002032647294210387,148.98000331214203,1.0883992387198391,0.0014486188609242785
9.4,2.3283745296929057,757.2872521202704,0.20974902884969124,0.00020258217172515797,148.98055485673459,1.0866969971114437,0.001446575606507512
9.405,2.3275472403184834,757.2868007933307,0.20974993752755894,0.00020190167118878634,148.98110619082829,1.0849974193091463,0.0014445349718454179
9.41,2.3267267564085525,757.2863582056312,0.20975084335552296,0.00020122322664720076,148.98165731901705,1.0833005031539453,0.0014424969543743063
9.415000000000001,2.3259131151698975,757.2859243806705,0.20975174633462518,0.00020054683779978017,148.9822082471427,1.0816062467675909,0.0014404615514370038
9.42,2.3251063490741917,757.2854993359742,0.2097526464666071,0.00019987250381738278,148.98275898027268,1.0799146481011932,0.0014384287604343481
9.425,2.3243064887132854,757.2850830866917,0.2097535437534896,0.00019920022365989843,148.98330952316763,1.0782257050378925,0.001436398578790463
9.43,2.3235135646790286,757.284675647972,0.2097544381972936,0.00019852999628721787,148.98385988058823,1.0765394154608323,0.0014343710039294755
9.435,2.3227276075632703,757.2842770349647,0.20975532980004005,0.0001978618206592309,148.98441005729507,1.0748557772531526,0.0014323460332755088
9.44,2.3219486479578615,757.2838872628189,0.20975621856374985,0.00019719569573582827,148.9849600580488,1.0731747882979967,0.0014303236642526896
9.445,2.321176716454651,757.2835063466839,0.20975710449044385,0.0001965316204768998,148.98550988761008,1.0714964464785053,0.001428303894285142
9.450000000000001,2.3204118436454895,757.283134301709,0.20975798758214304,0.00019586959384233603,148.98605955073955,1.0698207496778207,0.0014262867207969915
9.455,2.3196540601222266,757.2827711430435,0.20975886784086828,0.00019520961479202746,148.98660905219782,1.068147695779085,0.001424272141212364
9.46,2.318903396476712,757.2824168858367,0.20975974526864052,0.00019455168228586393,148.98715839674557,1.066477282665439,0.0014222601529553834
9.465,2.3181598810625417,757.282071542486,0.20976061986780575,0.00019389579503685512,148.98770758879033,1.064809508137562,0.001420250753474642
9.47,2.31742354385559,757.2817351273357,0.20976149164047464,0.00019324195193763652,148.9882566329964,1.0631443700584062,0.001418243940202808
9.475,2.3166944176480415,757.2814076581884,0.20976236058834286,0.00019259015219607668,148.98880553446992,1.0614818663967214,0.0014162397105417727
9.48,2.315972529796149,757.2810891461787,0.2097632267138939,0.0001919403944214904,148.98935429745833,1.059821994920699,0.001414238061952235
9.485,2.3152579076561657,757.2807796024413,0.20976409001961144,0.00019129267722319348,148.98990292620914,1.0581647533985328,0.001412238991894897
9.49,2.314550578584344,757.2804790381102,0.2097649505079789,0.00019064699921050074,148.99045142496982,1.0565101395984142,0.0014102424978304586
9.495000000000001,2.313850569936937,757.2801874643203,0.20976580818147988,0.00019000335899272772,148.99099979798788,1.0548581512885367,0.0014082485772196208
9.5,2.3131579090701986,757.2799048922059,0.20976666304259792,0.0001893617551791899,148.99154804951078,1.0532087862370931,0.001406257227523085
9.505,2.3124726233403807,757.2796313329014,0.20976751509381655,0.00018872218637920222,148.99209618378603,1.0515620422122753,0.0014042684462015507
9.51,2.311794740103737,757.2793667975413,0.20976836433761936,0.00018808465120208036,148.99264420506108,1.0499179169822768,0.0014022822307157199
9.515,2.3111242867165194,757.2791112972602,0.20976921077648988,0.0001874491482571392,148.99319211758348,1.0482764083152893,0.001400298578526292
9.52,2.3104612905349824,757.2788648431923,0.20977005441291163,0.00018681567615369446,148.99373992560066,1.0466375139795063,0.0013983174870939692
9.525,2.309805773217302,757.278627439641,0.2097708952501699,0.0001861842328889568,148.99428763248426,1.0450012315326616,0.0013963389539346002
9.53,2.3091577681739257,757.278399104916,0.2097717332898972,0.00018555481772365031,148.99483524341605,1.0433675589705036,0.001394362976453306
9.535,2.30851729962858,757.2781798463712,0.2097725685350113,0.00018492742893610773,148.9953827621601,1.0417364939487397,0.0013923895521418986
9.540000000000001,2.3078843915619967,757.27796967107,0.20977340098846411,0.0001843020647786033,148.995930192443,1.0401080341140723,0.0013904186784945015
9.545,2.3072590679549076,757.2777685860756,0.2097742306532075,0.00018367872350341131,148.99647753799147,1.0384821771132045,0.001388450353005238
9.55,2.306641352788044,757.2775765984514,0.20977505753219328,0.0001830574033628053,148.9970248025321,1.036858920592837,0.0013864845731682296
9.555,2.3060312700421384,757.277393715261,0.20977588162837338,0.00018243810260905975,148.99757198979154,1.035238262199673,0.0013845213364776
9.56,2.3054288436979222,757.2772199435677,0.20977670294469966,0.00018182081949444823,148.9981191034964,1.0336201995804133,0.0013825606404274707
9.565,2.304834097736127,757.277055290435,0.20977752148412399,0.0001812055522712452,148.99866614737337,1.0320047303817612,0.0013806024825119658
9.57,2.304247056137484,757.2768997629262,0.2097783372495982,0.00018059229919172427,148.99921312514903,1.0303918522504179,0.0013786468602252065
9.575000000000001,2.3036677428827264,757.2767533681048,0.20977915024407426,0.00017998105850815967,148.99976004055003,1.0287815628330859,0.0013766937710613162
9.58,2.303096178159617,757.2766161086147,0.20977996047101502,0.00017937182807999384,149.00030689672914,1.0271738596371802,0.0013747432125461498
9.585,2.3025323881716546,757.2764879940522,0.20978076793307707,0.00017876460638774255,149.0008536977547,1.025568740392419,0.0013727951821572801
9.59,2.30197639692173,757.2763690314648,0.20978157263320615,0.00017815939168928105,149.00140044735792,1.0239662027490746,0.0013708496773900466
9.595,2.301428224892395,757.2762592238097,0.20978237457482063,0.00017755618187902732,149.0019471487359,1.0223662442281602,0.0013689066957688362
9.6,2.3008878925662013,757.2761585740435,0.20978317376133887,0.00017695497485140018,149.00249380508566,1.0207688623506923,0.0013669662348180386
9.605,2.3003554204257,757.2760670851231,0.20978397019617923,0.00017635576850081762,149.0030404196043,1.019174054637684,0.0013650282920620403
9.61,2.2998308289534433,757.2759847600056,0.20978476388276002,0.00017575856072169844,149.00358699548894,1.0175818186101513,0.0013630928650252307
9.615,2.299314138631982,757.2759116016477,0.20978555482449962,0.00017516334940846068,149.0041335359366,1.0159921517891077,0.0013611599512319964
9.620000000000001,2.2988053699438677,757.2758476130064,0.2097863430248164,0.00017457013245552293,149.00468004414438,1.0144050516955687,0.0013592295482067268
9.625,2.2983045433716525,757.2757927970384,0.2097871284871287,0.00017397890775730377,149.00522652330932,1.0128205158505492,0.00135730165347381
9.63,2.2978116793978876,757.2757471567007,0.20978791121485485,0.00017338967320822124,149.00577297662855,1.0112385417750633,0.0013553762645576331
9.635,2.2973267970662947,757.2757106933186,0.20978869121159693,0.00017280242656049865,149.00631940708314,1.0096591269383668,0.001353453378992967
9.64,2.296849913870952,757.2756834064244,0.20978946848115984,0.00017221716541019564,149.00686581742673,1.0080822687539484,0.0013515329943269872
9.645,2.2963810544975054,757.275665303692,0.20979024302642668,0.00017163388806716917,149.00741221149204,1.0065079648955064,0.0013496151080554235
9.65,2.295920235825559,757.2756563839574,0.20979101485127324,0.00017105259207261144,149.00795859193707,1.0049362127564878,0.0013476997177298098
9.655,2.295467474734719,757.2756566460564,0.2097917839595753,0.00017047327496771549,149.00850496141987,1.003367009730342,0.0013457868209016829
9.66,2.2950227881045895,757.2756660888247,0.20979255035520866,0.0001698959342936735,149.00905132259848,1.0018003532105157,0.0013438764151225769
9.665000000000001,2.2945861928147764,757.2756847110982,0.20979331404204912,0.00016932056759167837,149.00959767813094,1.0002362405904581,0.0013419684979440276
9.67,2.294157705744885,757.2757125117128,0.20979407502397246,0.00016874717240292287,149.01014403067532,0.9986746692636176,0.0013400630669175718
9.675,2.2937373437745197,757.2757494895042,0.20979483330485446,0.00016817574626859923,149.01069038288963,0.9971156366234414,0.0013381601195947429
9.68,2.293325123783286,757.2757956433081,0.20979558888857094,0.0001676062867299005,149.01123673743191,0.9955591400633785,0.0013362596535270777
9.685,2.292921062650789,757.2758509719607,0.20979634177899767,0.0001670387913280189,149.01178309696022,0.9940051769768762,0.0013343616662661107
9.69,2.292525177256634,757.2759154742976,0.20979709198001045,0.00016647325760414742,149.01232946413256,0.9924537447573837,0.0013324661553633784
9.695,2.2921374791455165,757.2759891432411,0.20979783949612793,0.0001659096825986234,149.01287584081143,0.9909048406122716,0.001330573118404129
9.700000000000001,2.2917579901498843,757.2760719830499,0.2097985843306385,0.00016534806431195054,149.01342223040442,0.98935846210722,0.0013286825529108027
9.705,2.2913867250164617,757.2761639901651,0.20979932648767327,0.00016478840008719815,149.01396863525378,0.9878146065626164,0.001326794456449386
9.71,2.2910236969355697,757.2762651593077,0.2098000659715497,0.00016423068712208616,149.01451505746863,0.9862732712447076,0.001324908826595519
9.715,2.29066891909753,757.2763754851992,0.20980080278658525,0.00016367492261433537,149.0150614991581,0.9847344534197424,0.0013230256609248463
9.72,2.290322404692663,757.2764949625607,0.20980153693709738,0.00016312110376166575,149.01560796243126,0.9831981503539674,0.0013211449570130081
9.725,2.289984166911291,757.2766235861136,0.20980226842740357,0.00016256922776179802,149.01615444939725,0.9816643593136313,0.001319266712435648
9.73,2.2896542189437348,757.2767613505789,0.20980299726182128,0.00016201929181245222,149.01670096216517,0.9801330775649808,0.001317390924768407
9.735,2.289332573980316,757.276908250678,0.20980372344466797,0.00016147129311134908,149.01724750284413,0.9786043023742647,0.0013155175915869283
9.74,2.2890192452113562,757.2770642811323,0.2098044469802611,0.00016092522885620858,149.01779407354326,0.9770780310077297,0.0013136467104668532
9.745000000000001,2.2887142458271756,757.2772294366628,0.20980516787291814,0.00016038109624475126,149.01834067637165,0.9755542607316241,0.0013117782789838243
9.75,2.2884175859451235,757.2774037086728,0.2098058861273002,0.00015983889220469729,149.01888731297845,0.9740329887096686,0.0013099122947300356
9.755,2.288129279064788,757.2775870921722,0.20980660174769922,0.0001592986139550152,149.01943398552834,0.9725142122170167,0.0013080487552808633
9.76,2.2878493400095268,757.2777795836025,0.20980731473825348,0.00015876025883540299,149.01998069638125,0.9709979285743522,0.001306187658204484
9.765,2.2875777782129103,757.2779811735978,0.20980802510370025,0.00015822382371458112,149.02052744708746,0.9694841349232193,0.0013043290010977197
9.77,2.287314603108509,757.278191852792,0.20980873284877674,0.00015768930546127092,149.0210742391972,0.9679728284051646,0.0013024727815573933
9.775,2.287059824129894,757.2784116118193,0.20980943797822021,0.0001571567009441929,149.02162107426076,0.9664640061617328,0.0013006189971803265
9.78,2.286813450710635,757.2786404413138,0.20981014049676788,0.00015662600703206833,149.02216795382836,0.9649576653344701,0.001298767645563343
9.785,2.2865754922843022,757.2788783319095,0.20981084040915698,0.0001560972205936178,149.02271487945023,0.9634538030649213,0.0012969187243032634
9.790000000000001,2.2863459582844663,757.2791252742405,0.20981153772012479,0.00015557033849756234,149.02326185267668,0.9619524164946323,0.0012950722309969115
9.795,2.2861248581446976,757.2793812589412,0.2098122324344085,0.00015504535761262308,149.02380887505794,0.9604535027651488,0.00129322816324111
9.8,2.285912201298567,757.2796462766453,0.20981292455674538,0.00015452227480752058,149.02435594814423,0.9589570590180159,0.0012913865186326805
9.805,2.2857079968445926,757.2799203176345,0.209813614091907,0.00015400108692372673,149.0249030734353,0.9574630823842218,0.0012895472947699771
9.81,2.285512248407791,757.280203366404,0.20981430104523313,0.00015348179035278736,149.02545025161183,0.955971569820833,0.0012877104892771313
9.815,2.285324971869277,757.280495420324,0.20981498542080806,0.00015296438248283697,149.0259974852061,0.9544825186710114,0.0012858760997229062
9.82,2.2851461728576186,757.2807964659895,0.20981566722376144,0.00015244885987230272,149.02654477519988,0.9529959259560778,0.001284044123722524
9.825000000000001,2.2849758570013834,757.281106489996,0.20981634645922295,0.00015193521907961238,149.02709212257514,0.9515117886973546,0.0012822145588912088
9.83,2.284814029929139,757.2814254789386,0.20981702313232226,0.00015142345666319373,149.0276395283137,0.950030103916164,0.001280387402844184
9.835,2.284660697269453,757.2817534194123,0.209817697248189,0.000150913569181474,149.02818699339744,0.9485508686338266,0.001278562653196672
9.84,2.2845158646508934,757.2820902980125,0.2098183688119529,0.00015040555319288115,149.02873451880825,0.9470740798716654,0.0012767403075638968
9.845,2.2843795377020277,757.2824361013343,0.20981903782874356,0.00014989940525584233,149.029282105528,0.9455997346510009,0.0012749203635610807
9.85,2.2842517220514234,757.2827908159729,0.2098197043036907,0.00014939512192878557,149.0298297545386,0.944127829993156,0.0012731028188034481
9.855,2.284132423327648,757.2831544285236,0.209820368241924,0.00014889269977013805,149.03037746682188,0.9426583629194514,0.0012712876709062208
9.86,2.2840216471592703,757.2835269255816,0.20982102964857308,0.00014839213533832771,149.03092524335972,0.9411913304512097,0.0012694749174846235
9.865,2.2839193945830054,757.283908289019,0.20982168852919775,0.0001478934248471972,149.03147308443798,0.9397267294738392,0.001267664556171922
9.870000000000001,2.2838256745225336,757.2842985087639,0.20982234488863322,0.00014739656509287443,149.0320209915516,0.9382645571027768,0.0012658565845718808
9.875,2.2837404918360193,757.2846975705837,0.20982299873208543,0.00014690155257380896,149.0325689655722,0.936804810335414,0.0012640510003037073
9.88,2.283663848318238,757.2851054571034,0.2098236500650445,0.00014640838356052318,149.0331170069047,0.9353474860791211,0.0012622478009984212
9.885,2.283595745763965,757.285522150948,0.20982429889300044,0.00014591705432354034,149.0336651159539,0.9338925812412704,0.0012604469842870442
9.89,2.2835361859679755,757.2859476347429,0.20982494522144338,0.00014542756113338282,149.0342132931248,0.9324400927292321,0.001258648547800595
9.895,2.283485170725046,757.286381891113,0.20982558905586335,0.00014493990026057381,149.03476153882218,0.9309900174503785,0.0012568524891700963
9.9,2.28344270182995,757.2868249026834,0.20982623040175047,0.00014445406797563575,149.03530985345103,0.9295423523120798,0.0012550588060265668
9.905,2.283408781077465,757.2872766520792,0.2098268692645948,0.0001439700605490918,149.03585823741616,0.9280970942217084,0.0012532674960010284
9.91,2.283383410262365,757.2877371219255,0.20982750564988642,0.00014348787425146438,149.03640669112252,0.9266542400866344,0.0012514785567245006
9.915000000000001,2.2833665911794268,757.2882062948473,0.20982813956311538,0.00014300750535327654,149.03695521497494,0.9252137868142298,0.0012496919858280041
9.92,2.28335832355828,757.2886841514015,0.209828771009944,0.0001425289499852392,149.03750380906112,0.9237757312556568,0.00124790778094933
9.925,2.283358607197328,757.2891706721772,0.20982939999603964,0.0001420522042751642,149.0380524734889,0.9223400702610636,0.0012461259397269122
9.93,2.283367447344833,757.2896658432124,0.2098300265266139,0.00014157726472134317,149.03860120920382,0.9209068008290349,0.0012443464597815537
9.935,2.283384841952596,757.2901696432516,0.20983065060748138,0.0001411041273318656,149.0391500160266,0.9194759197608455,0.0012425693387576682
9.94,2.2834107889724216,757.2906820510385,0.2098312722444567,0.00014063278811482166,149.0396988937779,0.9180474238577725,0.0012407945742996724
9.945,2.283445286356112,757.2912030453172,0.20983189144335448,0.00014016324307830093,149.04024784227846,0.9166213099210903,0.0012390221640519801
9.950000000000001,2.2834883320554713,757.2917326048315,0.20983250820998936,0.00013969548823039335,149.04079686134895,0.9151975747520753,0.0012372521056590073
9.955,2.283539924022302,757.2922707083258,0.20983312255017594,0.00013922951957918902,149.0413459508101,0.9137762151520039,0.0012354843967651698
9.96,2.2836000602084074,757.2928173345437,0.20983373446972883,0.0001387653331327774,149.04189511048259,0.9123572279221508,0.0012337190350148817
9.965,2.2836687385655905,757.2933724622294,0.20983434397446268,0.00013830292489924864,149.0424443401871,0.9109406098637927,0.001231956018052559
9.97,2.2837459570456544,757.2939360701268,0.20983495107019207,0.00013784229088669234,149.0429936397444,0.9095263577782045,0.0012301953435226163
9.975,2.2838317136004025,757.2945081369801,0.20983555576273163,0.00013738342710319866,149.04354300897512,0.9081144684666628,0.0012284370090694695
9.98,2.283926004911763,757.295088640273,0.20983615805799363,0.0001369263294771225,149.04409244750866,0.9067049386974521,0.0012266810123414604
9.985,2.2840288268733437,757.2956775566978,0.2098367579619532,0.00013647099388576175,149.04464195485716,0.9052977652176414,0.0012249273509895868
9.99,2.2841401749748154,757.2962748625622,0.20983735548061272,0.00013601741618355945,149.04519153046417,0.9038929447651297,0.0012231760226657272
9.995000000000001,2.28426004463848,757.2968805341083,0.2098379506199796,0.0001355655922208631,149.04574117376276,0.9024904740761359,0.0012214270250219515
10.0,2.2843884312866396,757.2974945475777,0.2098385433860612,0.00013511551784802016,149.0462908841861,0.9010903498868789,0.0012196803557103298
