time_s,P_L_mmHg,dP_Ldt_source_mmHg_per_s,dP_Ldt_analytic_mmHg_per_s,derivative_error_mmHg_per_s
0.0,754.2625,-6.656802310269093,-0.4068023102690927,-6.25
0.005,754.2604558855217,-6.653574169215628,-0.410840791124241,-6.242733378091387
0.01,754.258391619121,-6.650330095746552,-0.41486305269001367,-6.235467043056539
0.015,754.2563072822916,-6.647070217932316,-0.41886893617442694,-6.228201281757889
0.02,754.2542029573196,-6.643794664467302,-0.4228582834320753,-6.2209363810352265
0.025,754.2520787272803,-6.640503564664737,-0.4268309369703755,-6.213672627694361
0.03,754.2499346760342,-6.637197048451598,-0.4307867399557833,-6.206410308495815
0.035,754.2477708882251,-6.633875246363468,-0.43472553621998566,-6.199149710143482
0.04,754.2455874492757,-6.630538289539392,-0.4386471702660654,-6.191891119273326
0.045,754.2433844453842,-6.627186309716701,-0.44255148727464055,-6.18463482244206
0.05,754.2411619635217,-6.623819439225804,-0.44643833310997594,-6.177381106115829
0.055,754.2389200914276,-6.620437810984972,-0.4503075543260683,-6.170130256658904
0.06,754.2366589176074,-6.617041558495082,-0.45415899817270405,-6.162882560322378
0.065,754.2343785313283,-6.613630815834356,-0.4579925126014899,-6.155638303232866
0.07,754.2320790226161,-6.610205717653059,-0.4618079462718549,-6.148397771381204
0.075,754.2297604822512,-6.606766399168192,-0.4656051485570256,-6.141161250611167
0.08,754.2274230017659,-6.603312996158145,-0.4693839695499723,-6.133929026608173
0.085,754.2250666734399,-6.599845644957341,-0.473144260069327,-6.126701384888014
0.09,754.2226915902969,-6.5963644824508565,-0.4768858716652734,-6.119478610785583
0.095,754.2202978461011,-6.592869646069014,-0.4806086566254067,-6.112260989443607
0.1,754.2178855353534,-6.589361273781954,-0.48431246798056543,-6.105048805801388
0.105,754.2154547532875,-6.585839504094195,-0.4879971595106335,-6.097842344583562
0.11,754.2130055958671,-6.582304476039159,-0.49166258575031285,-6.090641890288846
0.115,754.2105381597801,-6.5787563291736895,-0.4953086019948658,-6.083447727178823
0.12,754.208052542437,-6.575195203572535,-0.4989350643058281,-6.076260139266706
0.125,754.2055488419655,-6.57162123982282,-0.5025418295166912,-6.069079410306129
0.13,754.2030271572077,-6.568034579018503,-0.5061287552385545,-6.061905823779949
0.135,754.2004875877151,-6.564435362754796,-0.5096956998657457,-6.054739662889051
0.14,754.1979302337456,-6.560823733122582,-0.5132425225814126,-6.0475812105411695
0.145,754.1953551962592,-6.557199832702798,-0.516769083363081,-6.040430749339717
0.15,754.192762576914,-6.553563804560816,-0.5202752429881835,-6.033288561572633
0.155,754.1901524780619,-6.549915792240786,-0.5237608630395552,-6.0261549292012315
0.16,754.1875250027456,-6.546255939759973,-0.5272258059108978,-6.019030133849076
0.165,754.184880254693,-6.542584391603076,-0.5306699348122136,-6.011914456790862
0.17,754.1822183383141,-6.538901292716511,-0.5340931137752039,-6.004808178941307
0.17500000000000002,754.1795393586971,-6.535206788502703,-0.5374952076586378,-5.997711580844065
0.18,754.1768434216032,-6.531501024814338,-0.5408760821536873,-5.99062494266065
0.185,754.1741306334636,-6.527784147948607,-0.5442356037892295,-5.983548544159377
0.19,754.1714011013745,-6.524056304641429,-0.5475736399371156,-5.976482664704314
0.195,754.1686549330931,-6.520317642061663,-0.5508900588174068,-5.969427583244256
0.2,754.1658922370334,-6.516568307805288,-0.5541847295035773,-5.962383578301711
0.20500000000000002,754.1631131222618,-6.51280844988959,-0.5574575219276825,-5.9553509279619075
0.21,754.1603176984933,-6.509038216747303,-0.5607083068854939,-5.948329909861809
0.215,754.1575060760861,-6.5052577572207655,-0.5639369560416003,-5.941320801179165
0.22,754.1546783660383,-6.5014672205560275,-0.5671433419344738,-5.934323878621553
0.225,754.1518346799832,-6.497666756396974,-0.5703273379815019,-5.927339418415472
0.23,754.1489751301845,-6.493856514779408,-0.5734888184839848,-5.920367696295423
0.23500000000000001,754.1460998295322,-6.490036646125128,-0.576627658632098,-5.91340898749303
0.24,754.1432088915386,-6.486207301235995,-0.5797437345098188,-5.906463566726176
0.245,754.1403024303328,-6.482368631287972,-0.5828369230998192,-5.899531708188153
0.25,754.1373805606567,-6.478520787825161,-0.5859071022883221,-5.892613685536839
0.255,754.134443397861,-6.4746639227538205,-0.5889541508699221,-5.885709771883898
0.26,754.1314910578996,-6.470798188336363,-0.5919779485523702,-5.878820239783993
0.265,754.1285236573259,-6.466923737185349,-0.5949783759613232,-5.871945361224025
0.27,754.1255413132878,-6.463040722257461,-0.5979553146450559,-5.865085407612406
0.275,754.1225441435233,-6.459149296847465,-0.6009086470791383,-5.858240649768327
0.28,754.1195322663552,-6.455249614582157,-0.6038382566710738,-5.851411357911083
0.28500000000000003,754.1165058006874,-6.451341829414302,-0.6067440277649037,-5.844597801649398
0.29,754.1134648659996,-6.447426095616551,-0.6096258456457715,-5.83780024997078
0.295,754.1104095823426,-6.443502567775355,-0.6124835965444533,-5.831018971230902
0.3,754.1073400703339,-6.4395714007848595,-0.6153171676418474,-5.824254233143012
0.305,754.1042564511524,-6.435632749840791,-0.6181264470734301,-5.817506302767361
0.31,754.1011588465342,-6.43168677043433,-0.6209113239336704,-5.810775446500659
0.315,754.0980473787673,-6.42773361834597,-0.6236716882804091,-5.8040619300655605
0.32,754.0949221706873,-6.4237734496393735,-0.6264074311391988,-5.797366018500175
0.325,754.0917833456718,-6.419806420655204,-0.6291184445076066,-5.790687976147598
0.33,754.0886310276363,-6.415832688004957,-0.6318046213594768,-5.78402806664548
0.335,754.0854653410291,-6.411852408564779,-0.6344658556491576,-5.777386552915622
0.34,754.082286410826,-6.407865739469271,-0.6371020423156858,-5.770763697153585
0.34500000000000003,754.0790943625256,-6.403872838105288,-0.6397130772869362,-5.764159760818352
0.35000000000000003,754.0758893221445,-6.399873862105723,-0.6422988574837288,-5.7575750046219945
0.355,754.0726714162122,-6.395868969343286,-0.6448592808238993,-5.751009688519386
0.36,754.0694407717662,-6.39185831792427,-0.6473942462263278,-5.7444640716979425
0.365,754.0661975163467,-6.38784206618231,-0.649903653614931,-5.737938412567379
0.37,754.0629417779919,-6.383820372672133,-0.6523874039226114,-5.731432968749521
0.375,754.0596736852327,-6.379793396163295,-0.6548453990951694,-5.724947997068126
0.38,754.0563933670879,-6.375761295633922,-0.6572775420951738,-5.718483753538748
0.385,754.0531009530588,-6.3717242302644195,-0.6596837369057929,-5.712040493358627
0.39,754.0497965731242,-6.367682359431201,-0.6620638885345848,-5.705618470896616
0.395,754.0464803577355,-6.363635842700391,-0.6644179030172479,-5.699217939683143
0.4,754.0431524378109,-6.359584839821525,-0.6667456874213304,-5.692839152400195
0.405,754.0398129447312,-6.355529510721246,-0.6690471498498987,-5.686482360871348
0.41000000000000003,754.0364620103338,-6.351470015496987,-0.6713221994451657,-5.6801478160518215
0.41500000000000004,754.033099766908,-6.347406514410651,-0.6735707463920777,-5.673835768018574
0.42,754.0297263471891,-6.34333916788229,-0.6757927019218599,-5.66754646596043
0.425,754.0263418843541,-6.339268136483763,-0.6779879783155216,-5.661280158168241
0.43,754.0229465120157,-6.335193580932403,-0.6801564889073177,-5.655037092025085
0.435,754.0195403642174,-6.331115662084673,-0.6822981480881718,-5.648817513996502
0.44,754.0161235754281,-6.327034540929809,-0.6844128713090545,-5.6426216696207545
0.445,754.0126962805367,-6.322950378583469,-0.6865005750843224,-5.636449803499147
0.45,754.0092586148471,-6.318863336281376,-0.6885611769950132,-5.630302159286363
0.455,754.0058107140721,-6.314773575372946,-0.6905945956920998,-5.624178979680846
0.46,754.0023527143293,-6.31068125731492,-0.6926007508997016,-5.618080506415218
0.465,753.9988847521345,-6.306586543664992,-0.6945795634182538,-5.612006980246739
0.47000000000000003,753.9954069643966,-6.302489596075431,-0.6965309551276341,-5.605958640947797
0.47500000000000003,753.9919194884129,-6.298390576286696,-0.6984548489902467,-5.599935727296449
0.48,753.988422461863,-6.2942896461210545,-0.7003511690540634,-5.593938477066991
0.485,753.9849160228035,-6.29018696747619,-0.7022198404556228,-5.587967127020567
0.49,753.9814003096626,-6.286082702318816,-0.7040607894229844,-5.582021912895831
0.495,753.9778754612346,-6.281977012678278,-0.7058739432786426,-5.576103069399636
0.5,753.9743416166743,-6.277870060640155,-0.7076592304423946,-5.570210830197761
0.505,753.9707989154922,-6.273762008339868,-0.7094165804341672,-5.5643454279057005
0.51,753.9672474975476,-6.269653017956269,-0.7111459238767983,-5.558507094079471
0.515,753.9636875030449,-6.2655432517052505,-0.7128471924987769,-5.552696059206474
0.52,753.960119072526,-6.261432871833327,-0.7145203191369369,-5.546912552696391
0.525,753.9565423468669,-6.257322040611245,-0.7161652377391106,-5.541156802872135
0.53,753.9529574672703,-6.253210920327565,-0.7177818833667339,-5.535429036960831
0.535,753.9493645752613,-6.24909967328226,-0.7193701921974122,-5.529729481084848
0.54,753.945763812681,-6.244988461780311,-0.7209301015274383,-5.524058360252873
0.545,753.9421553216813,-6.240877448125288,-0.722461549774269,-5.518415898351019
0.55,753.9385392447191,-6.236766794612959,-0.7239644764789559,-5.512802318134003
0.555,753.9349157245513,-6.2326566635248675,-0.7254388223085315,-5.507217841216336
0.56,753.9312849042279,-6.228547217121938,-0.726884529058353,-5.501662688063585
0.5650000000000001,753.9276469270877,-6.224438617638059,-0.7283015396543988,-5.4961370779836605
0.5700000000000001,753.9240019367517,-6.220331027273689,-0.7296897981555224,-5.490641229118166
0.5750000000000001,753.9203500771177,-6.2162246081894486,-0.7310492497556604,-5.485175358433788
0.58,753.9166914923551,-6.212119522499711,-0.7323798407859968,-5.479739681713714
0.585,753.9130263268984,-6.208015932266219,-0.7336815187170813,-5.474334413549138
0.59,753.9093547254422,-6.20391399949167,-0.7349542321609028,-5.468959767330767
0.595,753.9056768329348,-6.199813886113331,-0.736197930872919,-5.463615955240412
0.6,753.9019927945732,-6.195715753996643,-0.7374125657540387,-5.4583031882426045
0.605,753.898302755797,-6.191619764928827,-0.7385980888525615,-5.453021676076266
0.61,753.8946068622823,-6.187526080612504,-0.73975445336607,-5.447771627246434
0.615,753.890905259937,-6.183434862659306,-0.7408816136432776,-5.442553249016028
0.62,753.8871980948938,-6.179346272583493,-0.7419795251858312,-5.437366747397662
0.625,753.8834855135054,-6.175260471795589,-0.7430481446500667,-5.432212327145522
0.63,753.8797676623378,-6.171177621595994,-0.7440874298487221,-5.427090191747272
0.635,753.8760446881657,-6.167097883168632,-0.745097339752601,-5.422000543416031
0.64,753.8723167379657,-6.1630214175745675,-0.7460778344921937,-5.416943583082373
0.645,753.8685839589107,-6.158948385745671,-0.7470288753592503,-5.41191951038642
0.65,753.8648464983645,-6.154878948478249,-0.7479504248083098,-5.406928523669939
0.655,753.8611045038757,-6.1508132664267,-0.7488424464581811,-5.401970819968518
0.66,753.8573581231717,-6.146751500097174,-0.7497049050933806,-5.397046595003793
0.665,753.8536075041533,-6.142693809841239,-0.7505377666655215,-5.392156043175717
0.67,753.8498527948884,-6.138640355849538,-0.751340998294658,-5.38729935755488
0.675,753.8460941436065,-6.13459129814548,-0.7521145682705839,-5.382476729874896
0.68,753.8423316986928,-6.130546796578913,-0.7528584460540841,-5.377688350524829
0.685,753.838565608682,-6.12650701081982,-0.7535726022781404,-5.3729344085416795
0.6900000000000001,753.8347960222529,-6.12247210035201,-0.7542570087490905,-5.36821509160292
0.6950000000000001,753.8310230882225,-6.118442224466823,-0.7549116384477417,-5.363530586019081
0.7000000000000001,753.8272469555395,-6.1144175422568425,-0.7555364655304367,-5.358881076726406
0.705,753.8234677732793,-6.110398212609617,-0.7561314653300748,-5.354266747279542
0.71,753.8196856906376,-6.106384394201381,-0.7566966143570846,-5.349687779844297
0.715,753.8159008569243,-6.102376245490799,-0.7572318903003528,-5.345144355190446
0.72,753.8121134215583,-6.098373924712703,-0.7577372720281037,-5.3406366526846
0.725,753.8083235340611,-6.094377589871848,-0.7582127395887338,-5.336164850283114
0.73,753.8045313440507,-6.090387398736676,-0.7586582742115999,-5.331729124525077
0.735,753.8007370012366,-6.086403508833086,-0.7590738583077596,-5.327329650525326
0.74,753.7969406554126,-6.082426077438213,-0.7594594754706662,-5.322966601967547
0.745,753.7931424564522,-6.078455261574224,-0.7598151104768154,-5.318640151097409
0.75,753.7893425543016,-6.074491218002113,-0.7601407492863481,-5.314350468715765
0.755,753.7855410989745,-6.07053410321552,-0.7604363790436025,-5.310097724171918
0.76,753.7817382405458,-6.066584073434544,-0.7607019880776235,-5.305882085356921
0.765,753.7779341291457,-6.062641284599582,-0.7609375659026217,-5.30170371869696
0.77,753.7741289149543,-6.058705892365173,-0.7611431032183894,-5.297562789146784
0.775,753.7703227481946,-6.054778052093844,-0.7613185919106658,-5.293459460183178
0.78,753.7665157791279,-6.050857918849993,-0.7614640250514585,-5.289393893798534
0.785,753.7627081580464,-6.046945647393751,-0.7615793968993169,-5.285366250494434
0.79,753.7589000352687,-6.0430413921748825,-0.761664702899558,-5.281376689275325
0.795,753.7550915611328,-6.039145307326679,-0.761719939684448,-5.277425367642231
0.8,753.7512828859909,-6.03525754665989,-0.7617451050733327,-5.273512441586558
0.805,753.7474741602027,-6.031378263656631,-0.7617401980727263,-5.269638065583905
0.81,753.7436655341305,-6.0275076114643396,-0.7617052188763482,-5.265802392587991
0.8150000000000001,753.739857158132,-6.0236457428897205,-0.7616401688651178,-5.262005574024602
0.8200000000000001,753.7360491825557,-6.019792810392716,-0.7615450506070972,-5.258247759785619
0.8250000000000001,753.7322417577336,-6.015948966080494,-0.7614198678573922,-5.254529098223101
0.8300000000000001,753.7284350339764,-6.012114361701425,-0.7612646255580031,-5.250849736143421
0.835,753.7246291615671,-6.008289148639113,-0.7610793298376294,-5.247209818801483
0.84,753.720824290755,-6.004473477906406,-0.7608639880114281,-5.243609489894978
0.845,753.7170205717498,-6.000667500139433,-0.7606186085807247,-5.2400488915587085
0.85,753.7132181547158,-5.996871365591668,-0.7603432012326786,-5.236528164358989
0.855,753.7094171897659,-5.993085224127985,-0.7600377768398988,-5.233047447288087
0.86,753.7056178269557,-5.989309225218754,-0.7597023474600163,-5.229606877758738
0.865,753.7018202162776,-5.985543517933931,-0.7593369263352073,-5.226206591598724
0.87,753.6980245076546,-5.981788250937178,-0.758941527891671,-5.222846723045507
0.875,753.6942308509349,-5.978043572479988,-0.758516167739059,-5.219527404740929
0.88,753.6904393958855,-5.974309630395844,-0.7580608626698604,-5.2162487677259834
0.885,753.6866502921865,-5.970586572094371,-0.7575756306587379,-5.213010941435633
0.89,753.6828636894253,-5.9668745445555205,-0.7570604908618186,-5.209814053693702
0.895,753.6790797370903,-5.9631736943237685,-0.7565154636159375,-5.206658230707831
0.9,753.6752985845657,-5.959484167502334,-0.755940570437835,-5.203543597064499
0.905,753.6715203811248,-5.9558061097474,-0.7553358340233074,-5.2004702757240935
0.91,753.6677452759246,-5.95213966626238,-0.7547012782463102,-5.19743838801607
0.915,753.6639734179996,-5.948484981792165,-0.7540369281580166,-5.194448053634148
0.92,753.6602049562565,-5.944842200617429,-0.753342809985828,-5.191499390631601
0.925,753.6564400394676,-5.941211466548922,-0.7526189511323387,-5.188592515416584
0.93,753.6526788162654,-5.937592922921792,-0.7518653801742541,-5.1857275427475376
0.935,753.6489214351366,-5.933986712589933,-0.751082126861262,-5.182904585728671
0.9400000000000001,753.645168044416,-5.930392977920339,-0.7502692221148594,-5.18012375580548
0.9450000000000001,753.641418792281,-5.926811860787489,-0.7494266980271305,-5.177385162760359
0.9500000000000001,753.6376738267458,-5.923243502567741,-0.7485545878594801,-5.174688914708261
0.9550000000000001,753.6339332956552,-5.919688044133753,-0.7476529260413217,-5.172035118092432
0.96,753.630197346679,-5.916145625848922,-0.7467217481687158,-5.169423877680206
0.965,753.6264661273058,-5.912616387561845,-0.7457610910029672,-5.166855296558878
0.97,753.6227397848379,-5.909100468600791,-0.744770992469172,-5.164329476131619
0.975,753.6190184663849,-5.905598007768208,-0.7437514916547212,-5.161846516113487
0.98,753.6153023188582,-5.9021091433352355,-0.7427026288077573,-5.159406514527478
0.985,753.6115914889646,-5.898634013036259,-0.7416244453355856,-5.157009567700673
0.99,753.6078861232016,-5.895172754063456,-0.7405169838030394,-5.154655770260416
0.995,753.6041863678506,-5.891725503061391,-0.7393802879307991,-5.152345215130592
1.0,753.6004923689715,-5.888292396121619,-0.7382144025936673,-5.150077993527952
1.0050000000000001,753.5968042723971,-5.884873568777308,-0.7370193738187962,-5.147854194958511
1.01,753.593122223727,-5.881469155997897,-0.7357952487838711,-5.145673907214026
1.0150000000000001,753.5894463683226,-5.878079292183758,-0.7345420758152474,-5.14353721636851
1.02,753.5857768512998,-5.874704111160898,-0.7332599043860434,-5.141444206774854
1.025,753.5821138175252,-5.87134374617567,-0.731948785114187,-5.139394961061483
1.03,753.5784574116088,-5.86799832988952,-0.7306087697604166,-5.137389560129104
1.035,753.5748077778995,-5.864667994373739,-0.7292399112262389,-5.1354280831475
1.04,753.5711650604786,-5.861352871104258,-0.7278422635518395,-5.133510607552418
1.045,753.567529403154,-5.858053090956456,-0.7264158819139502,-5.1316372090425055
1.05,753.5639009494556,-5.8547687841999885,-0.7249608226236705,-5.129807961576318
1.055,753.5602798426282,-5.8515000804936514,-0.7234771431242436,-5.1280229373694075
1.06,753.556666225627,-5.848247108880257,-0.72196490198879,-5.126282206891466
1.065,753.5530602411117,-5.845009997781541,-0.7204241589179949,-5.124585838863546
1.07,753.5494620314398,-5.841788874993098,-0.7188549747377503,-5.122933900255347
1.075,753.545871738663,-5.838583867679322,-0.7172574113967547,-5.121326456282567
1.08,753.5422895045194,-5.835395102368406,-0.7156315319640674,-5.119763570404339
1.085,753.5387154704298,-5.8322227049473305,-0.713977400626618,-5.118245304320713
1.09,753.5351497774909,-5.829066800656903,-0.7122950826866729,-5.11677171797023
1.095,753.53159256647,-5.825927514086807,-0.7105846445592574,-5.11534286952755
1.1,753.5280439777997,-5.822804969170688,-0.7088461537695334,-5.113958815401155
1.105,753.5245041515725,-5.819699289181264,-0.707079678950134,-5.11261961023113
1.11,753.5209732275342,-5.8166105967254484,-0.7052852898384534,-5.111325306886995
1.115,753.5174513450798,-5.813539013739519,-0.7034630572738941,-5.110075956465625
1.12,753.5139386432473,-5.810484661484303,-0.7016130531950708,-5.108871608289232
1.125,753.510435260712,-5.807447660540384,-0.6997353506369698,-5.107712309903414
1.1300000000000001,753.5069413357816,-5.8044281308033465,-0.6978300237280654,-5.106598107075281
1.135,753.50345700639,-5.801426191479044,-0.6958971476873944,-5.10552904379165
1.1400000000000001,753.4999824100929,-5.798441961078889,-0.6939367988215855,-5.104505162257303
1.145,753.4965176840609,-5.795475557415178,-0.6919490545218481,-5.103526502893329
1.1500000000000001,753.493062965076,-5.792527097596434,-0.6899339932609158,-5.102593104335518
1.155,753.4896183895243,-5.789596698022791,-0.6878916945899488,-5.101705003432842
1.16,753.4861840933914,-5.786684474381397,-0.6858222391353941,-5.100862235246003
1.165,753.482760212258,-5.783790541641841,-0.6837257085958013,-5.10006483304604
1.17,753.4793468812927,-5.780915014051626,-0.6816021857385985,-5.099312828313027
1.175,753.4759442352481,-5.7780580051316415,-0.6794517543968235,-5.098606250734818
1.18,753.4725524084548,-5.7752196276716985,-0.6772744994658156,-5.0979451282058825
1.185,753.4691715348163,-5.7723999937260695,-0.6750705068998627,-5.097329486826207
1.19,753.4658017478037,-5.769599214609061,-0.6728398637088091,-5.096759350900252
1.195,753.4624431804501,-5.766817400890628,-0.67058265795462,-5.096234742936008
1.2,753.4590959653466,-5.7640546623920015,-0.6682989787479047,-5.0957556836440965
1.205,753.4557602346349,-5.761311108181355,-0.6659889162443993,-5.095322191936956
1.21,753.4524361200043,-5.7585868465695045,-0.6636525616414071,-5.094934284928097
1.215,753.449123752685,-5.755881985105618,-0.6612900071741981,-5.09459197793142
1.22,753.4458232634436,-5.753196630572987,-0.6589013461123685,-5.094295284460618
1.225,753.4425347825777,-5.750530888984801,-0.6564866727561575,-5.094044216228643
1.23,753.4392584399111,-5.747884865579961,-0.6540460824327257,-5.093838783147235
1.235,753.4359943647879,-5.74525866481893,-0.6515796714923902,-5.09367899332654
1.24,753.4327426860683,-5.742652390379609,-0.6490875373048225,-5.093564853074787
1.245,753.4295035321229,-5.740066145153238,-0.6465697782552033,-5.0934963668980355
1.25,753.4262770308281,-5.7375000312403435,-0.6440264937403395,-5.093473537500004
1.2550000000000001,753.4230633095607,-5.734954149946694,-0.6414577841647384,-5.093496365781956
1.26,753.4198624951927,-5.732428601779319,-0.6388637509366467,-5.0935648508426725
1.2650000000000001,753.4166747140869,-5.729923486442523,-0.6362444964640437,-5.093678989978479
1.27,753.4135000920911,-5.727438902833961,-0.6336001241506015,-5.093838778683359
1.2750000000000001,753.4103387545345,-5.72497494904073,-0.6309307383916007,-5.0940442106491295
1.28,753.4071908262208,-5.722531722335497,-0.6282364445698103,-5.094295277765687
1.285,753.404056431425,-5.720109319172661,-0.6255173490513265,-5.094591970121334
1.29,753.4009356938875,-5.71770783518454,-0.6227735591813737,-5.094934276003166
1.295,753.39782873681,-5.7153273651776,-0.6200051832800677,-5.095322181897533
1.3,753.3947356828493,-5.712968003128713,-0.6172123306381379,-5.095755672490576
1.305,753.3916566541144,-5.7106298421814445,-0.6143951115126138,-5.096234730668831
1.31,753.3885917721598,-5.708312974642373,-0.6115536371224718,-5.096759337519901
1.315,753.3855411579817,-5.706017491977457,-0.6086880196442445,-5.097329472333213
1.32,753.3825049320133,-5.70374348480841,-0.6057983722075918,-5.097945112600818
1.325,753.3794832141194,-5.701491042909133,-0.602884808890836,-5.098606234018297
1.33,753.3764761235925,-5.699260255202168,-0.5999474447164563,-5.099312810485712
1.335,753.3734837791471,-5.697051209755182,-0.59698639564655,-5.100064814108633
1.34,753.3705062989161,-5.694863993777502,-0.594001778578252,-5.10086221519925
1.345,753.3675438004451,-5.692698693616658,-0.590993711339123,-5.1017049822775355
1.35,753.3645964006885,-5.690555394754988,-0.5879623126824947,-5.102593082072493
1.355,753.3616642160046,-5.68843418180625,-0.5849077022827842,-5.103526479523466
1.36,753.3587473621509,-5.686335138512293,-0.5818300007307675,-5.104505137781525
1.365,753.3558459542801,-5.684258347739742,-0.5787293295288207,-5.105529018210921
1.37,753.3529601069345,-5.682203891476734,-0.5756058110861213,-5.106598080390612
1.375,753.3500899340424,-5.680171850829675,-0.572459568713817,-5.107712282115858
1.3800000000000001,753.3472355489135,-5.678162306020044,-0.5692907266201576,-5.108871579399887
1.385,753.3443970642339,-5.676175336381221,-0.5660994099055905,-5.110075926475631
1.3900000000000001,753.3415745920622,-5.674211020355359,-0.562885744557823,-5.111325275797536
1.395,753.3387682438247,-5.672269435490281,-0.5596498574468481,-5.112619578043433
1.4000000000000001,753.3359781303112,-5.670350658436426,-0.5563918763199353,-5.113958782116491
1.405,753.3332043616706,-5.66845476494382,-0.5531119297965887,-5.115342835147231
1.41,753.3304470474064,-5.6665818298590835,-0.5498101473634682,-5.1167716824956155
1.415,753.327706296373,-5.664731927122482,-0.5464866593692779,-5.1182452677532035
1.42,753.3249822167701,-5.662905129764998,-0.5431415970196202,-5.119763532745378
1.425,753.3222749161399,-5.661101509905457,-0.539775092371816,-5.121326417533641
1.43,753.3195845013621,-5.659321138747676,-0.5363872783296917,-5.122933860417984
1.435,753.3169110786495,-5.657564086577654,-0.5329782886383313,-5.124585797939323
1.44,753.3142547535441,-5.655830422760793,-0.5295482578787983,-5.126282164881995
1.445,753.3116156309135,-5.654120215739168,-0.5260973214628196,-5.128022894276348
1.45,753.3089938149452,-5.652433533028814,-0.5226256156274439,-5.12980791740137
1.455,753.3063894091445,-5.650770441217073,-0.5191332774296586,-5.131637163787414
1.46,753.3038025163286,-5.649131005959954,-0.5156204447409829,-5.133510561218971
1.465,753.3012332386235,-5.647515291979548,-0.5120872562420228,-5.135428035737526
1.47,753.2986816774601,-5.64592336306147,-0.5085338514169968,-5.137389511644473
1.475,753.2961479335694,-5.6443552820523415,-0.5049603705482293,-5.139394911504112
1.48,753.2936321069795,-5.64281111085731,-0.5013669547106125,-5.141444156146697
1.485,753.2911342970109,-5.641290910437604,-0.49775374576603654,-5.143537164671567
1.49,753.2886546022727,-5.639794740808126,-0.4941208863577904,-5.145673854450336
1.495,753.286193120659,-5.6383226610350885,-0.4904685199049283,-5.147854141130161
1.5,753.2837499493452,-5.636874729233672,-0.4867967905966105,-5.150077938637062
1.5050000000000001,753.281325184783,-5.635451002565741,-0.4831058433864084,-5.152345159179333
1.51,753.2789189226982,-5.634051537237578,-0.4793958239865843,-5.154655713250994
1.5150000000000001,753.276531258086,-5.632676388497677,-0.4756668788623366,-5.1570095096353405
1.52,753.2741622852071,-5.631325610634547,-0.4719191552260198,-5.1594064554085275
1.5250000000000001,753.2718120975848,-5.629999256974578,-0.4681528010313313,-5.161846455943247
1.53,753.2694807880001,-5.6286973798799425,-0.46436796496747135,-5.164329414912471
1.5350000000000001,753.2671684484892,-5.62742003074651,-0.460564796453272,-5.166855234293238
1.54,753.2648751703393,-5.626167260001831,-0.4567434456313001,-5.169423814370531
1.545,753.2626010440853,-5.624939117103149,-0.45290406336192757,-5.172035053741221
1.55,753.2603461595056,-5.6237356505354335,-0.4490468012173777,-5.174688849318056
1.555,753.2581106056192,-5.622556907809481,-0.4451718114757407,-5.17738509633374
1.56,753.2558944706819,-5.621402935460032,-0.44127924711496097,-5.180123688345071
1.565,753.253697842183,-5.620273779043935,-0.4373692618067998,-5.1829045172371355
1.57,753.2515208068415,-5.619169483138346,-0.43344200991076676,-5.185727473227579
1.575,753.2493634506031,-5.618090091338971,-0.42949764646802735,-5.1885924448709435
1.58,753.2472258586366,-5.6170356462583495,-0.4255363271952808,-5.191499319063069
1.585,753.2451081153303,-5.61600618952416,-0.42155820847861447,-5.1944479810455455
1.59,753.2430103042892,-5.615001761777592,-0.41756344736732764,-5.197438314410264
1.595,753.2409325083312,-5.614022402671726,-0.41355220156773403,-5.200470201103991
1.6,753.2388748094841,-5.613068150869979,-0.40952462943693313,-5.203543521433046
1.605,753.2368372889823,-5.612139044044575,-0.40548088997656195,-5.2066581540680135
1.61,753.2348200272638,-5.611235118875056,-0.40142114282651364,-5.209813976048543
1.615,753.2328231039664,-5.610356411046839,-0.39734554825863977,-5.213010862788199
1.62,753.2308465979255,-5.609502955249799,-0.39325426717041867,-5.21624868807938
1.625,753.2288905871699,-5.608674785176907,-0.38914746107860676,-5.2195273240983004
1.6300000000000001,753.2269551489195,-5.607871933522896,-0.3850252921128609,-5.222846641410035
1.635,753.2250403595823,-5.607094431982972,-0.3808879230093375,-5.226206508973634
1.6400000000000001,753.2231462947508,-5.60634231125156,-0.37673551710426845,-5.2296067941472915
1.645,753.2212730291994,-5.605615601021096,-0.3725682383275131,-5.233047362693583
1.6500000000000001,753.2194206368815,-5.604914329980856,-0.3683862511960857,-5.236528078784771
1.655,753.2175891909263,-5.604238525815812,-0.3641897208076614,-5.240048805008151
1.6600000000000001,753.2157787636361,-5.603588215205556,-0.3599788128340581,-5.243609402371498
1.665,753.2139894264836,-5.602963423823235,-0.35575369351469593,-5.247209730308539
1.67,753.2122212501085,-5.602364176334539,-0.3515145296500354,-5.250849646684503
1.675,753.2104743043158,-5.601790496396732,-0.34726148859498984,-5.254529007801742
1.68,753.2087486580714,-5.601242406657712,-0.34299473825232246,-5.25824766840539
1.685,753.2070443795013,-5.600719928755122,-0.3387144470660135,-5.262005481689108
1.69,753.2053615358873,-5.600223083315494,-0.3344207840146144,-5.265802299300879
1.695,753.2037001936651,-5.59975188995343,-0.3301139186045727,-5.269637971348858
1.7,753.2020604184219,-5.59930636727084,-0.32579402086354503,-5.273512346407295
1.705,753.2004422748928,-5.5988865328561905,-0.32146126133367964,-5.277425271522511
1.71,753.1988458269597,-5.598492403283827,-0.3171158110648875,-5.2813765922189395
1.715,753.1972711376476,-5.598123994113306,-0.31275784160808795,-5.285366152505218
1.72,753.1957182691223,-5.5977813198887905,-0.30838752500843614,-5.289393794880354
1.725,753.1941872826885,-5.5974643941384725,-0.3040050337985314,-5.293459360339941
1.73,753.1926782387869,-5.597173229374034,-0.2996105409916058,-5.2975626883824285
1.735,753.191191196992,-5.596907837090162,-0.29520422007469377,-5.301703617015469
1.74,753.1897262160097,-5.596668227764089,-0.2907862450017833,-5.305881982762306
1.745,753.1882833536749,-5.596454410855177,-0.2863567901869485,-5.310097620668229
1.75,753.1868626669494,-5.596266394804551,-0.2819160304974637,-5.314350364307087
1.7550000000000001,753.1854642119193,-5.596104187034765,-0.2774641412469009,-5.318640045787864
1.76,753.1840880437933,-5.595967793949502,-0.2730012981882073,-5.322966495761294
1.7650000000000001,753.1827342169001,-5.595857220933327,-0.2685276775067681,-5.3273295434265595
1.77,753.1814027846866,-5.595772472351472,-0.26404345581345035,-5.331729016538022
1.7750000000000001,753.1800937997153,-5.595713551549666,-0.2595488101376314,-5.336164741412035
1.78,753.1788073136629,-5.595680460854001,-0.2550439179202091,-5.340636542933792
1.7850000000000001,753.1775433773173,-5.595673201570843,-0.2505289570065962,-5.345144244564247
1.79,753.1763020405768,-5.595691773986774,-0.24600410563970276,-5.349687668347071
1.795,753.1750833524474,-5.595736177368585,-0.24146954245289454,-5.354266634915691
1.8,753.1738873610403,-5.595806409963311,-0.23692544646294428,-5.358880963500367
1.805,753.1727141135718,-5.595902468998286,-0.23237199706296363,-5.363530471935323
1.81,753.1715636563592,-5.596024350681267,-0.2278093740153206,-5.368214976665946
1.815,753.1704360348209,-5.596172050200574,-0.22323775744454283,-5.372934292756031
1.82,753.1693312934732,-5.596345561725279,-0.21865732783020708,-5.377688233895072
1.825,753.1682494759295,-5.596544878405451,-0.21406826599981404,-5.382476612405637
1.83,753.1671906248984,-5.596769992372406,-0.20947075312164926,-5.387299239250757
1.835,753.1661547821809,-5.597020894739032,-0.2048649706976312,-5.3921559240414005
1.84,753.1651419886708,-5.597297575600134,-0.20025110055614576,-5.397046475043989
1.845,753.1641522843513,-5.5976000240328245,-0.1956293248448681,-5.401970699187957
1.85,753.1631857082943,-5.597928228096962,-0.1909998260235719,-5.40692840207339
1.855,753.1622422986584,-5.59828217483561,-0.1863627868569256,-5.411919387978685
1.86,753.1613220926878,-5.598661850275562,-0.18171839040727777,-5.416943459868284
1.865,753.1604251267108,-5.59906723942788,-0.17706682002743013,-5.42200041940045
1.87,753.1595514361381,-5.599498326288497,-0.1724082593533977,-5.4270900669351
1.875,753.1587010554613,-5.599955093838845,-0.16774289229716227,-5.432212201541683
1.8800000000000001,753.1578740182522,-5.600437524046523,-0.16307090303940774,-5.437366621007115
1.885,753.1570703571605,-5.600945597866016,-0.15839247602225337,-5.442553121843762
1.8900000000000001,753.1562901039136,-5.601479295239439,-0.15370779594196782,-5.447771499297471
1.895,753.1555332893147,-5.60203859509734,-0.1490170477416824,-5.453021547355657
1.9000000000000001,753.1547999432412,-5.6026234753595165,-0.144320416604085,-5.4583030587554315
1.905,753.1540900946445,-5.6032339129359,-0.1396180879441133,-5.463615824991787
1.9100000000000001,753.1534037715483,-5.603869883727463,-0.13491024740163304,-5.46895963632583
1.915,753.1527410010472,-5.6045313626271716,-0.1301970808341094,-5.4743342817930625
1.92,753.1521018093065,-5.605218323520972,-0.12547877430927012,-5.479739549211701
1.925,753.1514862215603,-5.605930739288827,-0.12075551409775959,-5.4851752251910675
1.93,753.1508942621108,-5.6066685818057875,-0.11602748666578516,-5.490641095140003
1.935,753.1503259543279,-5.607431821943093,-0.11129487866775584,-5.496136943275338
1.94,753.1497813206471,-5.608220429569338,-0.10655787693891389,-5.501662552630424
1.945,753.1492603825697,-5.609034373551641,-0.10181666848795784,-5.507217705063683
1.95,753.1487631606615,-5.609873621756893,-0.09707144048966132,-5.512802181267232
1.955,753.1482896745518,-5.610738141053016,-0.0923223802774813,-5.518415760775534
1.96,753.1478399429333,-5.61162789731027,-0.08756967533616616,-5.524058221974104
1.965,753.1474139835603,-5.612542855402607,-0.08281351329434938,-5.529729342108258
1.97,753.1470118132493,-5.61348297920905,-0.07805408191714763,-5.535428897291903
1.975,753.146633447877,-5.614448231615125,-0.07329156909874235,-5.541156662516382
1.98,753.1462789023806,-5.615438574514324,-0.06852616285496776,-5.546912411659356
1.985,753.1459481907572,-5.6164539688096085,-0.06375805131588363,-5.5526959174937245
1.99,753.1456413260626,-5.617494374414955,-0.05898742271835089,-5.558506951696604
1.995,753.1453583204112,-5.618559750256934,-0.05421446539859959,-5.564345284858335
2.0,753.1450991849757,-5.6196500542763355,-0.049439367784793575,-5.570210686491542
2.005,753.1448639299863,-5.620765243429831,-0.04466231838959206,-5.57610292504024
2.0100000000000002,753.1446525647304,-5.621905273691665,-0.03988350580270672,-5.582021767888958
2.015,753.1444650975525,-5.623070100055396,-0.03510311868345839,-5.587966981371938
2.02,753.1443015358533,-5.624259676535683,-0.030321345753325846,-5.593938330782357
2.025,753.14416188609,-5.625473956170084,-0.02553837578849877,-5.599935580381585
2.0300000000000002,753.1440461537758,-5.626712891020926,-0.020754397612422204,-5.605958493408504
2.035,753.1439543434794,-5.627976432177187,-0.015969600088345526,-5.612006832088841
2.04,753.1438864588257,-5.629264529756428,-0.011184172111863344,-5.618080357644565
2.045,753.1438425024943,-5.63057713290677,-0.0063983026034600265,-5.624178830303309
2.05,753.1438224762206,-5.6319141898088905,-0.0016121805010499424,-5.63030200930784
2.055,753.1438263807953,-5.63327564767808,0.003174005247479905,-5.6364496529255605
2.06,753.1438542160643,-5.634661452766318,0.007960065691728913,-5.642621518458047
2.065,753.1439059809286,-5.636071550364395,0.012745811886245295,-5.64881736225064
2.07,753.1439816733445,-5.637505884804082,0.017531054897981957,-5.655036939702065
2.075,753.144081290324,-5.638964399460314,0.022315605813757244,-5.6612800052740715
2.08,753.1442048279343,-5.640447036753437,0.027099275747710927,-5.667546312501147
2.085,753.1443522812984,-5.641953738151472,0.03188187584876434,-5.673835614000237
2.09,753.144523644595,-5.643484444172437,0.036663217308072926,-5.68014766148051
2.095,753.1447189110592,-5.645039094386684,0.04144311136648143,-5.686482205753165
2.1,753.1449380729819,-5.646617627419292,0.046221369321974515,-5.6928389967412665
2.105,753.1451811217112,-5.648219980952482,0.050997802537129155,-5.699217783489611
2.11,753.1454480476518,-5.649846091728088,0.055772222446558384,-5.705618314174647
2.115,753.145738840266,-5.65149589555005,0.06054444056435876,-5.712040336114408
2.12,753.1460534880738,-5.65316932728694,0.06531426849154776,-5.718483595778488
2.125,753.1463919786534,-5.654866320874549,0.07008151792350464,-5.724947838798054
2.13,753.1467542986418,-5.656586809318479,0.07484600065740293,-5.731432809975882
2.1350000000000002,753.1471404337353,-5.658330724696802,0.07960752859964176,-5.737938253296444
2.14,753.1475503686898,-5.66009799816273,0.08436591377326835,-5.744463911935998
2.145,753.147984087322,-5.661888559947337,0.08912096832540206,-5.751009528272739
2.15,753.1484415725092,-5.663702339362322,0.09387250453465018,-5.757574843896972
2.1550000000000002,753.1489228061907,-5.665539264802781,0.0986203348185174,-5.764159599621299
2.16,753.1494277693683,-5.667399263750053,0.10336427174081142,-5.770763535490865
2.165,753.149956442107,-5.669282262774573,0.10810412801904379,-5.777386390793616
2.17,753.1505088035357,-5.6711881875387675,0.11283971653182345,-5.784027904070591
2.1750000000000003,753.1510848318479,-5.673116962799998,0.11757085032624293,-5.790687813126241
2.18,753.1516845043031,-5.675068512413531,0.12229734262525827,-5.797365855038789
2.185,753.1523077972273,-5.6770427593355315,0.1270190068350657,-5.804061766170597
2.19,753.152954686014,-5.679039625626124,0.13173565655246502,-5.8107752821785885
2.195,753.153625145125,-5.68105903245245,0.1364471055722194,-5.817506138024669
2.2,753.1543191480919,-5.683100900091797,0.14115316789440793,-5.824254067986205
2.205,753.1550366675165,-5.685165147934733,0.14585365773176556,-5.831018805666499
2.21,753.1557776750724,-5.687251694488296,0.1505483895170204,-5.837800084005316
2.215,753.156542141506,-5.689360457379209,0.15523717791021802,-5.844597635289427
2.22,753.1573300366373,-5.691491353357132,0.15991983780604027,-5.851411191163172
2.225,753.1581413293618,-5.693644298297948,0.1645961843411095,-5.858240482639058
2.23,753.1589759876508,-5.695819207207086,0.1692660329012899,-5.865085240108376
2.235,753.1598339785535,-5.698015994222875,0.1739291991289748,-5.87194519335185
2.24,753.160715268198,-5.700234572619935,0.17858549893036438,-5.878820071550299
2.245,753.1616198217924,-5.702474854812595,0.1832347484827325,-5.885709603295328
2.25,753.1625476036265,-5.704736752358361,0.18787676424168565,-5.892613516600047
2.255,753.1634985770729,-5.707020175961397,0.1925113629484088,-5.899531538909806
2.2600000000000002,753.1644727045893,-5.709325035476062,0.19713836163689827,-5.90646339711296
2.265,753.1654699477183,-5.711651239910455,0.2017575776411856,-5.91340881755164
2.27,753.1664902670906,-5.713998697430017,0.20636882860255115,-5.920367526032568
2.275,753.1675336224258,-5.716367315361154,0.21097193247672008,-5.927339247837875
2.2800000000000002,753.1685999725339,-5.718757000194896,0.21556670754105137,-5.934323707735947
2.285,753.1696892753175,-5.721167657590585,0.22015297240170967,-5.941320629992295
2.29,753.1708014877725,-5.723599192379605,0.22473054600082995,-5.948329738380434
2.295,753.1719365659908,-5.726051508569135,0.22929924762366197,-5.955350756192797
2.3000000000000003,753.1730944651615,-5.728524509345942,0.2338588969057061,-5.962383406251647
2.305,753.1742751395727,-5.731018097080198,0.23840931383983371,-5.969427410920032
2.31,753.1754785426132,-5.733532173329338,0.2429503187833933,-5.976482492112731
2.315,753.176704626775,-5.736066638841947,0.24748173246530245,-5.983548371307249
2.32,753.1779533436543,-5.738621393561674,0.25200337599312606,-5.9906247695548
2.325,753.1792246439538,-5.741196336631192,0.2565150708601375,-5.997711407491329
2.33,753.1805184774848,-5.743791366396163,0.26101663895236527,-6.004808005348528
2.335,753.1818347931692,-5.746406380409266,0.26550790255562656,-6.011914282964892
2.34,753.1831735390408,-5.7490412754342355,0.26998868436254253,-6.019029959796778
2.345,753.1845346622483,-5.75169594744994,0.274458807479537,-6.026154754929476
2.35,753.185918109057,-5.754370291654481,0.2789180954338198,-6.033288387088301
2.355,753.1873238248506,-5.757064202469342,0.2833663721803561,-6.040430574649698
2.36,753.1887517541339,-5.759777573543545,0.28780346210881347,-6.0475810356523585
2.365,753.190201840535,-5.762510297757856,0.2922291900504965,-6.054739487808353
2.37,753.1916740268067,-5.765262267229015,0.2966433812852603,-6.0619056485142755
2.375,753.1931682548295,-5.768033373313988,0.3010458615484112,-6.069079234862399
2.38,753.194684465614,-5.770823506614263,0.30543645703758326,-6.076259963651846
2.3850000000000002,753.196222599303,-5.773632556980165,0.3098149944196015,-6.083447551399766
2.39,753.1977825951734,-5.776460413515207,0.31418130083732415,-6.0906417143525315
2.395,753.1993643916392,-5.779306964580466,0.31853520391646717,-6.097842168496934
2.4,753.2009679262538,-5.782172097798991,0.3228765317724084,-6.1050486295713995
2.4050000000000002,753.2025931357125,-5.785055700060241,0.3272051130169754,-6.112260813077216
2.41,753.2042399558547,-5.787957657524544,0.33152077676520814,-6.119478434289752
2.415,753.205908321667,-5.790877855627602,0.33582335264210833,-6.12670120826971
2.42,753.2075981672849,-5.793816179085003,0.34011267078936397,-6.133928849874367
2.4250000000000003,753.2093094259965,-5.796772511896782,0.34438856187205646,-6.1411610737688385
2.43,753.2110420302439,-5.799746737351993,0.34865085708534305,-6.148397594437336
2.435,753.212795911627,-5.802738738033317,0.3528993881611232,-6.15563812619444
2.44,753.2145710009057,-5.805748395821704,0.35713398737468194,-6.1628823831963855
2.445,753.2163672280024,-5.808775591901027,0.36135448755130894,-6.170130079452336
2.45,753.218184522005,-5.811820206762784,0.3655607220729007,-6.177380928835684
2.455,753.2200228111702,-5.814882120210799,0.36975252488453564,-6.184634645095335
2.46,753.2218820229252,-5.817961211365989,0.37392973050103345,-6.1918909418670225
2.465,753.2237620838717,-5.821057358671117,0.3780921740134845,-6.199149532684602
2.47,753.225662919788,-5.824170439895604,0.38223969109576306,-6.206410130991367
2.475,753.2275844556324,-5.82730033214034,0.38637211801101146,-6.213672450151352
2.48,753.2295266155459,-5.830446911842556,0.3904892916181073,-6.2209362034606634
2.485,753.2314893228554,-5.833610054780683,0.39459104937810185,-6.228201104158785
2.49,753.2334725000767,-5.836789636079265,0.3986772293606388,-6.235466865439904
2.495,753.2354760689171,-5.83998553021389,0.402747670250344,-6.242733200464234
2.5,753.2374999502794,-5.843197611016143,0.40680221135319655,-6.24999982236934
2.505,753.2395440642642,-5.846425751678585,0.41084069260287237,-6.257266444281457
2.5100000000000002,753.2416083301733,-5.849669824759764,0.4148629545670624,-6.264532779326826
2.515,753.2436926665131,-5.852929702189241,0.41886883845376643,-6.271798540643007
2.52,753.2457969909974,-5.856205255272648,0.4228581861175632,-6.27906344139021
2.525,753.2479212205513,-5.859496354696772,0.4268308400658538,-6.2863271947626265
2.5300000000000002,753.2500652713138,-5.862802870534658,0.43078664346507795,-6.293589513999736
2.535,753.2522290586414,-5.8661246722507325,0.4347254401469056,-6.300850112397638
2.54,753.2544124971116,-5.869461628705963,0.43864707461440317,-6.308108703320366
2.545,753.2566155005258,-5.872813608163039,0.4425513920481726,-6.315365000211211
2.5500000000000003,753.2588379819133,-5.8761804782915625,0.446438238312462,-6.322618716604024
2.555,753.2610798535346,-5.879562106173276,0.4503074599612502,-6.329869566134526
2.56,753.263341026884,-5.882958358307319,0.4541589042443075,-6.337117262551627
2.565,753.2656214126946,-5.886369100615482,0.45799241911322286,-6.3443615197287055
2.57,753.2679209209406,-5.889794198447515,0.461807853227408,-6.351602051674923
2.575,753.2702394608413,-5.89323351658643,0.46560505596007257,-6.358838572546502
2.58,753.2725769408646,-5.8966869192538525,0.4693838774041684,-6.366070796658021
2.585,753.274933268731,-5.900154270115368,0.47314416837830986,-6.373298438493678
2.59,753.2773083514169,-5.903635432285919,0.47688578043266294,-6.380521212718581
2.595,753.2797020951576,-5.907130268335194,0.4806085658548049,-6.3877388341899985
2.6,753.2821144054526,-5.910638640293064,0.48431237767555546,-6.39495101796862
2.605,753.284545187068,-5.914160409655028,0.4879970696747804,-6.402157479329809
2.61,753.2869943440405,-5.917695437387671,0.49166249638716325,-6.409357933774834
2.615,753.2894617796818,-5.921243583934167,0.495308513107948,-6.416552097042115
2.62,753.2919473965817,-5.924804709219779,0.49893497589865055,-6.423739685118429
2.625,753.2944510966122,-5.928378672657392,0.5025417415927445,-6.430920414250137
2.63,753.2969727809318,-5.931965333153064,0.5061286678013094,-6.438094000954374
2.6350000000000002,753.2995123499885,-5.935564549111594,0.5096956129186546,-6.445260162030248
2.64,753.3020697035244,-5.939176178442109,0.5132424361279074,-6.452418614570016
2.645,753.3046447405798,-5.9428000785636845,0.5167689974065752,-6.4595690759702595
2.65,753.3072373594965,-5.946436106410962,0.5202751575320703,-6.466711263943033
2.6550000000000002,753.3098474579224,-5.9500841184398015,0.5237607780872082,-6.47384489652701
2.66,753.3124749328153,-5.953743970632949,0.527225721465671,-6.48096969209862
2.665,753.3151196804471,-5.957415518505722,0.5306698508774406,-6.488085369383162
2.67,753.3177815964075,-5.96109861711171,0.5340930303541981,-6.495191647465908
2.6750000000000003,753.3204605756088,-5.9647931210485,0.5374951247546931,-6.502288245803193
2.68,753.3231565122894,-5.968498884463418,0.5408759997700763,-6.509374884233495
2.685,753.3258693000183,-5.972215761059284,0.5442355219292045,-6.516451282988489
2.69,753.3285988316995,-5.975943604100188,0.547573558603908,-6.5235171627040955
2.695,753.3313449995755,-5.979682266417283,0.5508899780142279,-6.530572244431511
2.7,753.3341076952327,-5.983431600414601,0.5541846492336172,-6.537616249648218
2.705,753.336886809604,-5.987191458074866,0.5574574421941096,-6.544648900268976
2.71,753.3396822329754,-5.990961690965352,0.5607082276914563,-6.551669918656808
2.715,753.342493854988,-5.994742150243734,0.5639368773902245,-6.558679027633959
2.72,753.3453215646438,-5.9985326866639666,0.5671432638288649,-6.565675950492832
2.725,753.3481652503099,-6.002333150582179,0.570327260424743,-6.572660411006922
2.73,753.351024799722,-6.006143391962577,0.573488741479138,-6.579632133441715
2.735,753.3539000999906,-6.009963260383369,0.576627582182203,-6.586590842565572
2.74,753.3567910376034,-6.013792605042706,0.5797436586178939,-6.5935362636606
2.745,753.3596974984313,-6.017631274764632,0.5828368477688607,-6.600468122533493
2.75,753.3626193677321,-6.021479118005055,0.5859070275213039,-6.607386145526359
2.755,753.3655565301553,-6.025335982857725,0.5889540766697954,-6.61429005952752
2.7600000000000002,753.3685088697472,-6.029201717060241,0.5919778749220648,-6.6211795919823055
2.765,753.3714762699541,-6.033076168000046,0.5949783029037456,-6.628054470903792
2.77,753.3744586136283,-6.0369591827204685,0.5979552421630905,-6.634914424883559
2.775,753.3774557830319,-6.04085060792675,0.6009085751756462,-6.641759183102396
2.7800000000000002,753.380467659842,-6.044750289992102,0.6038381853488942,-6.648588475340996
2.785,753.3834941251546,-6.04865807496377,0.6067439570268519,-6.655402031990622
2.79,753.3865350594901,-6.052573808569107,0.6096257754946401,-6.662199584063748
2.795,753.3895903427979,-6.056497336221673,0.6124835269830117,-6.668980863204685
2.8000000000000003,753.3926598544602,-6.060428503027328,0.6153170986728422,-6.675745601700171
2.805,753.3957434732984,-6.064367153790355,0.6181263786995839,-6.682493532489939
2.81,753.3988410775763,-6.068313133019577,0.6209112561576822,-6.68922438917726
2.815,753.4019525450058,-6.07226628493451,0.6236716211049546,-6.695937906039465
2.82,753.4050777527515,-6.076226453471498,0.6264073645669301,-6.702633818038428
2.825,753.4082165774355,-6.080193482289884,0.6291183785411518,-6.709311860831036
2.83,753.4113688951427,-6.084167214778178,0.6318045560014403,-6.7159717707796185
2.835,753.4145345814246,-6.088147494060243,0.6344657909021194,-6.722613284962362
2.84,753.4177135113056,-6.0921341630014805,0.637101978182202,-6.729236141183683
2.845,753.4209055592868,-6.096127064215044,0.639713013769539,-6.735840077984583
2.85,753.4241105993519,-6.100126040068045,0.6422987945849258,-6.742424834652971
2.855,753.4273285049712,-6.104130932687783,0.6448592185461732,-6.748990151233956
2.86,753.4305591491075,-6.108141583967964,0.6473941845721375,-6.755535768540101
2.865,753.4338024042203,-6.112157835574964,0.6499035925867105,-6.762061428161674
2.87,753.4370581422714,-6.116179528954059,0.65238734352277,-6.768566872476829
2.875,753.4403262347302,-6.1202065053356955,0.6548453393260911,-6.775051844661787
2.88,753.4436065525776,-6.124238605741761,0.6572774829592187,-6.78151608870098
2.8850000000000002,753.4468989663127,-6.128275670991847,0.6596836784052955,-6.787959349397143
2.89,753.4502033459564,-6.132317541709549,0.6620638306718547,-6.7943813723814035
2.895,753.4535195610574,-6.136364058328743,0.6644178457945693,-6.800781904123312
2.9,753.4568474806974,-6.140415061099899,0.6667456308409623,-6.807160691940862
2.9050000000000002,753.460186973496,-6.144470390096384,0.6690470939140749,-6.813517484010458
2.91,753.4635379076152,-6.148529885220761,0.6713221441560941,-6.819852029376855
2.915,753.4669001507663,-6.152593386211135,0.6735706917519415,-6.826164077963076
2.92,753.4702735702135,-6.156660732647459,0.6757926479328161,-6.832453380580275
2.9250000000000003,753.4736580327803,-6.160731763957873,0.6779879249797015,-6.838719688937575
2.93,753.4770534048537,-6.164806319425053,0.6801564362268268,-6.8449627556518795
2.935,753.4804595523902,-6.168884238192536,0.6822980960650898,-6.851182334257626
2.94,753.483876340921,-6.172965359271089,0.6844128199454353,-6.857378179216524
2.945,753.4873036355572,-6.177049521545057,0.6865005243821938,-6.863550045927251
2.95,753.490741300995,-6.181136563778723,0.6885611269563771,-6.8696976907351
2.955,753.4941892015213,-6.185226324622672,0.6905945463189311,-6.875820870941603
2.96,753.497647201019,-6.1893186426201625,0.6926007021939496,-6.881919344814112
2.965,753.501115162972,-6.193413356213505,0.6945795153818415,-6.887992871595347
2.97,753.5045929504714,-6.197510303750437,0.696530907762458,-6.894041211512895
2.975,753.5080804262199,-6.201609323490495,0.6984548022981765,-6.9000641257886715
2.98,753.511577452538,-6.205710253611417,0.7003511230369424,-6.90606137664836
2.985,753.515083891369,-6.209812932215519,0.7022197951152676,-6.912032727330787
2.99,753.5185996042851,-6.213917197336091,0.7040607447611853,-6.917977942097276
2.995,753.5221244524915,-6.21802288694379,0.7058738992971624,-6.923896786240952
3.0,753.5256582968334,-6.222129838953036,0.7076591871429698,-6.929789026096006
3.005,753.5292009978009,-6.2262378912284095,0.7094165378185071,-6.935654429046917
3.0100000000000002,753.532752415534,-6.230346881591059,0.7111458819465856,-6.941492763537644
3.015,753.536312409829,-6.234456647825096,0.7128471512556663,-6.947303799080762
3.02,753.5398808401433,-6.238567027684002,0.7145202785825573,-6.95308730626656
3.025,753.5434575656013,-6.242677858897034,0.7161651978750623,-6.958843056772096
3.0300000000000002,753.5470424450002,-6.246788979175632,0.7177818441945913,-6.964570823370223
3.035,753.5506353368153,-6.250900226219821,0.7193701537187214,-6.970270379938542
3.04,753.5542360992049,-6.255011437724625,0.7209300637437186,-6.975941501468344
3.045,753.5578445900175,-6.2591224513864665,0.722461512687012,-6.9815839640734785
3.0500000000000003,753.5614606667958,-6.263233104909584,0.7239644400896255,-6.987197544999209
3.055,753.5650841867836,-6.267343236012428,0.7254387866185646,-6.992782022630992
3.06,753.5687150069302,-6.271452682434077,0.7268844940691583,-6.998337176503235
3.065,753.5723529838972,-6.275561281940641,0.7283015053673578,-7.003862787307999
3.0700000000000003,753.5759979740636,-6.27966887233166,0.7296897645719886,-7.009358636903649
3.075,753.5796498335313,-6.283775291446515,0.7310492168769598,-7.014824508323475
3.08,753.5833084181313,-6.2878803771708265,0.7323798086134272,-7.020260185784254
3.085,753.5869735834289,-6.291983967442855,0.7336814872519128,-7.025665454694767
3.09,753.5906451847297,-6.296085900259899,0.7349542014043777,-7.031040101664277
3.095,753.5943230770849,-6.300186013684691,0.7361979008262514,-7.036383914510942
3.1,753.5980071152982,-6.304284145851788,0.737412536418415,-7.041696682270203
3.105,753.6016971539295,-6.308380134973966,0.7385980602291397,-7.046978195203105
3.11,753.6053930473026,-6.312473819348603,0.7397544254559799,-7.052228244804583
3.115,753.6090946495102,-6.316565037364066,0.7408815864476215,-7.057446623811687
3.12,753.6128018144193,-6.320653627506089,0.7419794987056822,-7.062633126211772
3.125,753.6165143956772,-6.324739428364149,0.7430481188864706,-7.067787547250619
3.13,753.6202322467176,-6.328822278637838,0.7440874048026958,-7.072909683440534
3.1350000000000002,753.6239552207663,-6.332902017143239,0.7450973154251334,-7.077999332568372
3.14,753.6276831708466,-6.336978482819272,0.7460778108842451,-7.083056293703517
3.145,753.6314159497853,-6.341051514734071,0.7470288524717528,-7.088080367205824
3.15,753.6351534102189,-6.3451209520913245,0.7479504026421668,-7.093071354733492
3.1550000000000002,753.6388954045987,-6.349186634236631,0.7488424250142679,-7.098029059250899
3.16,753.6426417851972,-6.3532484006638335,0.7497048843725437,-7.102953285036377
3.165,753.6463924041138,-6.357306091021368,0.7505377466685786,-7.107843837689947
3.17,753.6501471132806,-6.361359545118579,0.7513409790223989,-7.112700524140978
3.1750000000000003,753.6539057644679,-6.365408602932057,0.7521145497237695,-7.117523152655826
3.18,753.6576682092908,-6.369453104611948,0.7528584282334465,-7.122311532845394
3.185,753.6614342992143,-6.373492890488267,0.753572585184383,-7.12706547567265
3.19,753.6652038855597,-6.377527801077197,0.7542569923828881,-7.131784793460085
3.1950000000000003,753.66897681951,-6.381557677087399,0.7549116228097407,-7.13646929989714
3.2,753.6727529521166,-6.38558235942628,0.7555364506212543,-7.1411188100475345
3.205,753.676532134304,-6.389601689206287,0.7561314511502994,-7.145733140356586
3.21,753.6803142168768,-6.393615507751179,0.7566966009072763,-7.150312108658456
3.215,753.6840990505247,-6.39762365660229,0.7572318775810425,-7.154855534183333
3.22,753.6878864858288,-6.4016259775247795,0.7577372600397935,-7.159363237564573
3.225,753.6916763732679,-6.405622312513887,0.7582127283318967,-7.163835040845783
3.23,753.6954685632238,-6.409612503801165,0.7586582636866805,-7.168270767487845
3.235,753.6992629059872,-6.41359639386071,0.7590738485151737,-7.172670242375884
3.24,753.703059251764,-6.417573825415379,0.7594594664108001,-7.177033291826179
3.245,753.706857450681,-6.421544641442999,0.759815102150027,-7.181359743593026
3.25,753.7106573527918,-6.425508685182568,0.7601407416929657,-7.185649426875534
3.255,753.7144588080828,-6.429465800140444,0.7604363721839263,-7.189902172324371
3.2600000000000002,753.7182616664791,-6.433415830096517,0.7607019819519241,-7.194117812048441
3.265,753.7220657778503,-6.437358619110384,0.760937560511141,-7.198296179621525
3.27,753.7258709920166,-6.441294011527502,0.7611430985613401,-7.202437110088842
3.275,753.7296771587548,-6.44522185198533,0.7613185879882319,-7.206540439973562
3.2800000000000002,753.7334841278039,-6.449141985419469,0.7614640218637949,-7.210606007283264
3.285,753.7372917488711,-6.453054257069777,0.7615793944465492,-7.214633651516326
3.29,753.7410998716384,-6.456958512486486,0.7616647011817834,-7.21862321366827
3.295,753.7449083457676,-6.46085459753629,0.7617199387017339,-7.2225745362380245
3.3000000000000003,753.7487170209064,-6.464742358408437,0.7617451048257182,-7.226487463234156
3.305,753.752525746695,-6.468621641620802,0.761740198560221,-7.230361840181024
3.31,753.7563343727717,-6.47249229402594,0.7617052200989332,-7.234197514124873
3.315,753.760142748778,-6.476354162817136,0.7616401708227443,-7.237994333639881
3.3200000000000003,753.763950724366,-6.480207095534438,0.7615450532996881,-7.241752148834126
3.325,753.7677581492035,-6.484050940070675,0.7614198712848415,-7.245470811355517
3.33,753.7715648729796,-6.487885544677462,0.7612646297201753,-7.249150174397637
3.335,753.7753707454116,-6.491710757971187,0.7610793347343601,-7.252790092705546
3.34,753.7791756162501,-6.495526428938996,0.760863993642524,-7.256390422581521
3.345,753.7829793352853,-6.499332406944746,0.7606186149459637,-7.25995102189071
3.35,753.7867817523529,-6.50312854173496,0.7603432083318091,-7.26347175006677
3.355,753.7905827173402,-6.506914683444746,0.7600377846726407,-7.2669524681173865
3.36,753.7943820801912,-6.510690682603731,0.7597023560260605,-7.270393038629791
3.365,753.798179690914,-6.514456390141948,0.7593369356342156,-7.273793325776164
3.37,753.8019753995853,-6.518211657395724,0.758941537923276,-7.277153195318999
3.375,753.8057690563571,-6.521956336113553,0.7585161785028649,-7.280472514616418
3.38,753.8095605114621,-6.525690278461946,0.7580608741654422,-7.283751152627389
3.3850000000000002,753.8133496152203,-6.529413337031268,0.7575756428856417,-7.286988979916909
3.39,753.8171362180447,-6.533125364841554,0.7570605038195617,-7.290185868661116
3.395,753.8209201704461,-6.5368262153483165,0.7565154773040086,-7.293341692652325
3.4,753.8247013230409,-6.54051574244833,0.7559405848556936,-7.296456327304023
3.4050000000000002,753.8284795265558,-6.544193800485396,0.7553358491703841,-7.29952964965578
3.41,753.8322546318337,-6.547860244256094,0.7547012941220073,-7.302561538378101
3.415,753.8360264898398,-6.551514929015517,0.7540369447617072,-7.305551873777224
3.42,753.8397949516678,-6.555157710482984,0.7533428273168568,-7.308500537799841
3.4250000000000003,753.8435598685452,-6.558788444847732,0.7526189691900212,-7.311407414037753
3.43,753.8473210918394,-6.562406988774599,0.7518653989578775,-7.314272387732477
3.435,753.851078473064,-6.566013199409682,0.751082146370085,-7.317095345779768
3.44,753.854831863884,-6.569606934385974,0.7502692423481117,-7.319876176734086
3.4450000000000003,753.8585811161219,-6.573188051828986,0.7494267189840131,-7.322614770812999
3.45,753.8623260817636,-6.576756410362345,0.7485546095391662,-7.325311019901511
3.455,753.8660666129645,-6.5803118691133795,0.7476529484429548,-7.327964817556334
3.46,753.8698025620546,-6.583854287718683,0.7467217712914119,-7.330576059010095
3.465,753.8735337815452,-6.587383526329643,0.7457611148458133,-7.333144641175457
3.47,753.8772601241341,-6.590899445617981,0.7447710170312267,-7.335670462649208
3.475,753.8809814427116,-6.594401906781236,0.7437515169350151,-7.338153423716252
3.48,753.8846975903666,-6.597890771548251,0.7427026548052924,-7.340593426353543
3.485,753.8884084203919,-6.601365902184631,0.7416244720493355,-7.342990374233967
3.49,753.8921137862902,-6.604827161498186,0.7405170112319492,-7.345344172730135
3.495,753.8958135417803,-6.608274412844334,0.7393803160737863,-7.34765472891812
3.5,753.8995075408018,-6.611707520131511,0.7382144314496206,-7.349921951581132
3.505,753.9031956375222,-6.615126347826533,0.7370194033865767,-7.35214575121311
3.5100000000000002,753.9068776863419,-6.618530760959946,0.7357952790623112,-7.354326040022258
3.515,753.9105535418996,-6.621920625131367,0.734542106803152,-7.35646273193452
3.52,753.9142230590791,-6.625295806514774,0.7332599360821892,-7.3585557425969625
3.525,753.917886093014,-6.628656171863795,0.7319488175173225,-7.360604989381117
3.5300000000000002,753.921542499094,-6.632001588516978,0.7306088028692626,-7.362610391386241
3.535,753.9251921329706,-6.635331924403013,0.7292399450394882,-7.364571869442501
3.54,753.9288348505625,-6.638647048045952,0.7278422980681575,-7.366489346114109
3.545,753.9324705080613,-6.641946828570404,0.7264159171319744,-7.368362745702378
3.5500000000000003,753.9360989619375,-6.645231135706699,0.7249608585420099,-7.370191994248709
3.555,753.9397200689463,-6.648499839796026,0.7234771797414807,-7.371977019537507
3.56,753.9433336861323,-6.651752811795556,0.7219649393034794,-7.3737177510990355
3.565,753.9469396708361,-6.65498992328354,0.7204241969286631,-7.375414120212203
3.5700000000000003,753.9505378806996,-6.658211046464369,0.7188550134428965,-7.377066059907265
3.575,753.9541281736718,-6.661416054173629,0.7172574507948513,-7.37867350496848
3.58,753.957710408014,-6.664604819883114,0.7156315720535591,-7.380236391936673
3.585,753.9612844423058,-6.667777217705829,0.7139774414059218,-7.381754659111751
3.59,753.9648501354503,-6.67093312240095,0.7122951241541791,-7.383228246555129
3.595,753.9684073466802,-6.674072409378778,0.7105846867133288,-7.3846570960921065
3.6,753.971955935563,-6.677194954705646,0.7088461966085061,-7.386041151314152
3.605,753.9754957620063,-6.680300635108829,0.7070797224723167,-7.387380357581146
3.61,753.9790266862638,-6.6833893279813905,0.7052853340421277,-7.388674662023519
3.615,753.9825485689408,-6.686460911387037,0.7034631021573151,-7.389924013544352
3.62,753.9860612709995,-6.689515264064929,0.7016130987564665,-7.391128362821395
3.625,753.9895646537643,-6.692552265434461,0.6997353968745414,-7.392287662309003
3.63,753.9930585789276,-6.695571795600035,0.6978300706399877,-7.393401866240023
3.6350000000000002,753.9965429085554,-6.698573735355779,0.6958971952718153,-7.394470930627594
3.64,754.0000175050922,-6.701557966190263,0.6939368470766266,-7.39549481326689
3.645,754.003482231367,-6.7045243702911765,0.6919491034456042,-7.396473473736781
3.65,754.0069369505983,-6.7074728305499765,0.6899340428514555,-7.397406873401432
3.6550000000000002,754.0103815263998,-6.710403230566511,0.6878917448453143,-7.398294975411826
3.66,754.0138158227854,-6.713315454653617,0.6858222900536016,-7.399137744707218
3.665,754.0172397041752,-6.716209387841682,0.6837257601748405,-7.399935148016523
3.67,754.0206530353998,-6.719084915883196,0.6816022379764332,-7.400687153859629
3.6750000000000003,754.0240556817073,-6.7219419252572425,0.6794518072913915,-7.401393732548634
3.68,754.0274475087667,-6.724780303173995,0.6772745530150286,-7.402054856189023
3.685,754.0308283826746,-6.727599937579167,0.6750705611016067,-7.402670498680774
3.69,754.03419816996,-6.730400717158426,0.6728399185609443,-7.403240635719371
3.6950000000000003,754.0375567375893,-6.733182531341808,0.6705827134549809,-7.403765244796789
3.7,754.040903952972,-6.735945270308055,0.6682990348943002,-7.404244305202355
3.705,754.044239683966,-6.738688824988979,0.665988973034613,-7.4046777980235925
3.71,754.0475637988822,-6.741413087073748,0.6636526190731968,-7.405065706146945
3.715,754.0508761664903,-6.74411794901317,0.6612900652452972,-7.405408014258468
3.72,754.0541766560236,-6.746803304023938,0.6589014048204835,-7.4057047088444214
3.725,754.0574651371845,-6.749469046092845,0.6564867320989712,-7.4059557781918155
3.73,754.0607414801495,-6.7521150699809676,0.6540461424078954,-7.406161212388863
3.735,754.0640055555742,-6.754741271227823,0.651579732097548,-7.406321003325371
3.74,754.0672572345984,-6.757347546155497,0.6490875985375755,-7.406435144693073
3.745,754.0704963888514,-6.759933791872725,0.6465698401131346,-7.40650363198586
3.75,754.073722890457,-6.762499906278963,0.644026556221007,-7.40652646249997
3.755,754.0769366120385,-6.765045788068421,0.6414578472656758,-7.406503635334097
3.7600000000000002,754.0801374267235,-6.7675713367340515,0.6388638146553619,-7.406435151389413
3.765,754.0833252081496,-6.770076452571532,0.6362445607980222,-7.406321013369554
3.77,754.0864998304684,-6.772561036683185,0.633600189097303,-7.406161225780488
3.775,754.0896611683513,-6.775024990981895,0.6309308039484613,-7.405955794930357
3.7800000000000002,754.0928090969944,-6.777468218194975,0.6282365107342415,-7.405704728929217
3.785,754.0959434921226,-6.779890621868008,0.625517415820717,-7.405408037688725
3.79,754.0990642299953,-6.782292106368651,0.6227736265530872,-7.405065732921738
3.795,754.1021711874113,-6.78467257689042,0.6200052512514445,-7.404677828141865
3.8000000000000003,754.1052642417131,-6.7870319394564245,0.6172123992064946,-7.404244338662919
3.805,754.1083432707925,-6.789370100923076,0.6143951806752435,-7.40376528159832
3.81,754.1114081530944,-6.791686968983776,0.611553706876644,-7.40324067586042
3.815,754.1144587676228,-6.793982452172548,0.6086880899872052,-7.402670542159753
3.8200000000000003,754.1174949939443,-6.796256459867656,0.6057984431365645,-7.40205490300422
3.825,754.1205167121942,-6.798508902295177,0.6028848804030202,-7.4013937826981975
3.83,754.1235238030802,-6.8007396905325495,0.5999475168090291,-7.400687207341578
3.835,754.1265161478874,-6.802948736512085,0.5969864683166648,-7.39993520482875
3.84,754.1294936284833,-6.805135953024436,0.5940018518230404,-7.399137804847476
3.845,754.132456127322,-6.80730125372205,0.5909937851556931,-7.398295038877744
3.85,754.1354035274491,-6.809444553122571,0.5879623870679327,-7.397406940190503
3.855,754.1383357125063,-6.811565766612216,0.584907777234153,-7.396473543846369
3.86,754.1412525667361,-6.813664810449119,0.5818300762451086,-7.395494886694228
3.865,754.144153974986,-6.815741601766628,0.5787294056031527,-7.394471007369781
3.87,754.1470398227134,-6.817796058576588,0.5756058877174409,-7.39340194629403
3.875,754.1499099959899,-6.819828099772573,0.5724596458990991,-7.392287745671672
3.88,754.1527643815061,-6.821837645133077,0.5692908043563548,-7.391128449489432
3.8850000000000002,754.1556028665757,-6.823824615324702,0.5660994881896342,-7.389924103514336
3.89,754.1584253391403,-6.825788931905275,0.5628858233866225,-7.388674755291897
3.895,754.1612316877732,-6.827730517326948,0.5596499368172914,-7.38738045414424
3.9,754.1640218016851,-6.829649294939259,0.5563919562288895,-7.386041251168148
3.9050000000000002,754.1667955707265,-6.831545188992163,0.5531120102408982,-7.384657199233061
3.91,754.1695528853941,-6.833418124639013,0.5498102283399575,-7.38322835297897
3.915,754.172293636834,-6.835268027939528,0.5464867408747502,-7.381754768814279
3.92,754.1750177168456,-6.837094825862699,0.5431416790508584,-7.380236504913557
3.9250000000000003,754.1777250178873,-6.838898446289678,0.5397751749255808,-7.378673621215258
3.93,754.1804154330791,-6.8406788180166265,0.5363873614027244,-7.377066179419351
3.935,754.1830888562084,-6.842435870757522,0.532978372227353,-7.375414242984875
3.94,754.185745181733,-6.844169535146942,0.529548341980508,-7.37371787712745
3.9450000000000003,754.1883843047855,-6.845879742742788,0.5260974060738973,-7.371977148816685
3.95,754.1910061211779,-6.847566426029,0.5226257007445492,-7.370192126773549
3.955,754.1936105274056,-6.849229518418218,0.519133363049432,-7.36836288146765
3.96,754.1961974206508,-6.850868954254405,0.5156205308600439,-7.366489485114449
3.9650000000000003,754.1987666987877,-6.8524846688154515,0.5120873428569708,-7.364572011672422
3.97,754.2013182603855,-6.854076598315718,0.5085339385244135,-7.362610536840132
3.975,754.2038520047129,-6.855644679908559,0.5049604581446754,-7.360605138053234
3.98,754.206367831742,-6.857188851688805,0.5013670427926298,-7.358555894481435
3.985,754.2088656421523,-6.858709052695204,0.49775383433014786,-7.3564628870253514
3.99,754.2113453373345,-6.860205222912828,0.494120975400499,-7.354326198313327
3.995,754.2138068193944,-6.861677303275448,0.4904686094227193,-7.352145912698167
4.0,754.2162499911572,-6.863125235667853,0.4867968805859497,-7.349922116253803
4.005,754.2186747561705,-6.86454896292816,0.4831059338437434,-7.347654896771904
4.01,754.2210810187086,-6.865948428850059,0.47939591490834366,-7.345344343758403
4.015,754.2234686837766,-6.867323578185036,0.47566697024493165,-7.342990548429968
4.0200000000000005,754.2258376571135,-6.868674356644559,0.47191924706584126,-7.3405936037104
4.025,754.2281878451963,-6.870000710902209,0.46815289332475507,-7.338153604226965
4.03,754.2305191552435,-6.871302588595797,0.4643680577108532,-7.33567064630665
4.035,754.2328314952192,-6.872579938329426,0.46056488964295084,-7.333144827972377
4.04,754.2351247738361,-6.87383270967552,0.45674353926359673,-7.330576248939117
4.045,754.2373989005595,-6.875060853176817,0.4529041574331456,-7.3279650106099625
4.05,754.2396537856107,-6.876264320348319,0.4490468957238042,-7.325311216072124
4.055,754.2418893399706,-6.877443063679208,0.4451719064136437,-7.322614970092852
4.0600000000000005,754.2441054753835,-6.878597036634719,0.4412793424805923,-7.319876379115311
4.065,754.2463021043606,-6.879726193657981,0.43736935759639484,-7.317095551254376
4.07,754.248479140182,-6.880830490171812,0.43344210612054423,-7.314272596292357
4.075,754.2506364969024,-6.88190988258048,0.42949774309418876,-7.3114076256746685
4.08,754.2527740893531,-6.882964328271427,0.4255364242340117,-7.308500752505439
4.085,754.2548918331456,-6.883993785616946,0.42155830592608434,-7.3055520915430305
4.09,754.2569896446751,-6.884998213975827,0.4175635452196891,-7.302561759195516
4.095,754.2590674411233,-6.885977573694962,0.4135522998211236,-7.299529873516086
4.1,754.2611251404627,-6.88693182611091,0.4095247280874726,-7.296456554198382
4.105,754.2631626614585,-6.887860933551425,0.40548098902035556,-7.293341922571781
4.11,754.2651799236733,-6.888764859336938,0.4014212422596525,-7.29018610159659
4.115,754.2671768474687,-6.889643567782011,0.39734564807719763,-7.286989215859209
4.12,754.2691533540099,-6.890497024196741,0.3932543673704559,-7.283751391567197
4.125,754.2711093652674,-6.891325194888137,0.3891475616561671,-7.280472756544304
4.13,754.2730448040215,-6.892128047161437,0.3850253930639737,-7.277153440225411
4.135,754.2749595938644,-6.892905549321414,0.38088802433001745,-7.273793573651432
4.14,754.2768536592034,-6.8936576706736155,0.37673561879051565,-7.270393289464131
4.1450000000000005,754.2787269252642,-6.894384381525583,0.37256834037531233,-7.266952721900895
4.15,754.2805793180933,-6.895085653188017,0.3683863536014089,-7.263472006789426
4.155,754.2824107645614,-6.895761457975917,0.3641898235664663,-7.259951281542383
4.16,754.2842211923663,-6.896411769209669,0.35997891594228737,-7.256390685151956
4.165,754.2860105300352,-6.897036561216103,0.35575379696827936,-7.252790358184383
4.17,754.2877787069283,-6.897635809329501,0.3515146334448883,-7.24915044277439
4.175,754.289525653241,-6.8982094898925785,0.3472615927270152,-7.245471082619594
4.18,754.2912513000067,-6.898757580257408,0.34299484271740877,-7.241752422974817
4.1850000000000005,754.2929555791001,-6.899280058786325,0.3387145518600365,-7.2379946106463615
4.19,754.2946384232389,-6.899776904852772,0.33442088913343704,-7.234197793986209
4.195,754.2962997659874,-6.90024809884212,0.33011402404404644,-7.2303621228861665
4.2,754.2979395417586,-6.900693622152439,0.325794126619506,-7.226487748771945
4.205,754.2995576858173,-6.901113457195233,0.3214613674019531,-7.222574824597187
4.21,754.3011541342815,-6.901507587396136,0.317115917441286,-7.218623504837422
4.215,754.3027288241263,-6.901875997195562,0.31275794828841197,-7.214633945483974
4.22,754.3042816931858,-6.902218672049328,0.30838763198847463,-7.210606304037802
4.225,754.3058126801551,-6.902535598429214,0.3040051410740605,-7.206540739503275
4.23,754.3073217245937,-6.902826763823512,0.2996106485583898,-7.202437412381902
4.235,754.3088087669272,-6.903092156737514,0.2952043279284868,-7.198296484666001
4.24,754.3102737484495,-6.903331766693962,0.29078635313832746,-7.194118119832289
4.245,754.3117166113256,-6.903545584233466,0.28635689860197455,-7.189902482835441
4.25,754.313137298594,-6.903733600914877,0.2819161391866919,-7.185649740101569
4.255,754.3145357541682,-6.903895809315617,0.2774642502060407,-7.181360059521658
4.26,754.3159119228396,-6.90403220303198,0.27300140741295664,-7.177033610444936
4.265,754.3172657502796,-6.9041427766793735,0.26852778699281515,-7.172670563672189
4.2700000000000005,754.3185971830412,-6.90422752589254,0.2640435655564721,-7.168271091449012
4.275,754.3199061685618,-6.904286447325728,0.25954892013329595,-7.163835367459025
4.28,754.321192655165,-6.904319538652818,0.2550440281641737,-7.1593635668169915
4.285,754.3224565920623,-6.904326798567422,0.2505290674945093,-7.154855866061931
4.29,754.3236979293558,-6.904308226782932,0.24600421636720238,-7.150312443150135
4.295,754.3249166180395,-6.90426382403253,0.241469653415609,-7.145733477448139
4.3,754.3261126100019,-6.904193592069159,0.23692555765649315,-7.141119149725652
4.305,754.327285858027,-6.904097533665458,0.23237210848295708,-7.136469642148414
4.3100000000000005,754.3284363157973,-6.903975652613647,0.2278094856573592,-7.131785138271006
4.315,754.3295639378945,-6.903827953725379,0.2232378693042199,-7.127065823029599
4.32,754.3306686798019,-6.903654442831556,0.2186574399031067,-7.122311882734662
4.325,754.3317504979065,-6.903455126782089,0.21406837828151226,-7.117523505063601
4.33,754.3328093494996,-6.903230013445634,0.20947086560771278,-7.112700879053347
4.335,754.3338451927799,-6.902979111709278,0.2048650833836192,-7.1078441950928966
4.34,754.3348579868539,-6.902702431478191,0.20025121343760977,-7.1029536449158
4.345,754.3358476917383,-6.9023999836752346,0.19562943791735166,-7.098029421592586
4.3500000000000005,754.3368142683612,-6.902071780240529,0.19099993928261044,-7.09307171952314
4.355,754.3377576785639,-6.901717834130983,0.18636290029804842,-7.088080734429031
4.36,754.338677885102,-6.90133815931978,0.1817185040260072,-7.083056663345786
4.365,754.3395748516475,-6.90093277079583,0.17706693381927963,-7.0779997046151095
4.37,754.3404485427897,-6.900501684563178,0.1724083733138756,-7.072910057877054
4.375,754.3412989240367,-6.900044917640368,0.16774300642176915,-7.067787924062138
4.38,754.3421259618169,-6.8995624880597735,0.1630710173236386,-7.062633505383412
4.385,754.3429296234802,-6.899054414866888,0.15839259046159582,-7.057447005328484
4.39,754.3437098772996,-6.898520718119567,0.15370791053190536,-7.052228628651473
4.3950000000000005,754.344466692472,-6.897961418887244,0.14901716247768915,-7.046978581364932
4.4,754.3452000391196,-6.897376539250092,0.14432053148163249,-7.041697070731725
4.405,754.345909888291,-6.896766102298154,0.13961820295866634,-7.036384305256821
4.41,754.3465962119626,-6.896130132130437,0.13491036254865102,-7.031040494679088
4.415,754.3472589830398,-6.895468653853949,0.1301971961090465,-7.025665849962995
4.42,754.3478981753572,-6.8947816935827175,0.1254788897075756,-7.020260583290293
4.425,754.3485137636807,-6.894069278436755,0.12075562961487823,-7.014824908051634
4.43,754.3491057237079,-6.893331436540992,0.11602760229715597,-7.009359038838148
4.4350000000000005,754.3496740320693,-6.892568197024154,0.1112949944088133,-7.003863191432967
4.44,754.350218666329,-6.891779590017633,0.1065579927850891,-6.998337582802722
4.445,754.350739604986,-6.8909656466542755,0.10181678443467773,-6.992782431088953
4.45,754.3512368274742,-6.890126399067174,0.097071556532348,-6.987197955599522
4.455,754.3517103141643,-6.8892618803883785,0.09232249641155432,-6.981584376799933
4.46,754.3521600463638,-6.8883721247476055,0.08756979155704081,-6.975941916304646
4.465,754.3525860063179,-6.88745716727088,0.08281362959743738,-6.970270796868317
4.47,754.3529881772108,-6.886517044079152,0.07805419829785687,-6.964571242377009
4.4750000000000005,754.3533665431652,-6.885551792286873,0.07329168555247839,-6.958843477839351
4.48,754.353721089244,-6.884561450000526,0.06852627937713318,-6.95308772937766
4.485,754.35405180145,-6.883546056317127,0.06375816790187866,-6.947304224219006
4.49,754.3543586667279,-6.882505651322675,0.05898753936357276,-6.941493190686248
4.495,754.3546416729625,-6.881440276090572,0.05421458209844415,-6.935654858189016
4.5,754.3549008089817,-6.880349972680007,0.04943948453465308,-6.929789457214659
4.505,754.3551360645549,-6.879234784134284,0.04466243518485741,-6.923897219319142
4.51,754.3553474303948,-6.878094754479136,0.03988362263876738,-6.917978377117904
4.515,754.3555348981571,-6.876929928720975,0.03510323555570122,-6.912033164276677
4.5200000000000005,754.3556984604407,-6.875740352845126,0.030321462657136422,-6.906061815502262
4.525,754.3558381107885,-6.874526073813999,0.025538492719262396,-6.900064566533262
4.53,754.3559538436875,-6.8732871395652495,0.020754514565523963,-6.894041654130773
4.535,754.3560456545687,-6.872023599009875,0.015969717059167388,-6.887993316069043
4.54,754.3561135398074,-6.8707355020302865,0.011184289095787336,-6.881919791126074
4.545,754.3561574967237,-6.869422899478344,0.006398419595867788,-6.875821319074213
4.55,754.3561775235823,-6.868085843173343,0.0016122974973229454,-6.869698140670666
4.555,754.3561736195926,-6.866724385899972,-0.003173888251960133,-6.863550497648012
4.5600000000000005,754.3561457849086,-6.865338581406228,-0.007959948701582509,-6.857378632704646
4.565,754.3560940206294,-6.863928484401294,-0.012745694906089067,-6.851182789495205
4.57,754.3560183287982,-6.862494150553378,-0.017530937932434876,-6.844963212620943
4.575,754.3559187124035,-6.861035636487522,-0.022315488867436506,-6.838720147620085
4.58,754.3557951753778,-6.859552999783354,-0.02709915882523395,-6.83245384095812
4.585,754.3556477225983,-6.858046298972833,-0.031881758954746875,-6.826164540018086
4.59,754.355476359886,-6.8565155935379165,-0.036663100447129615,-6.819852493090787
4.595,754.3552810940062,-6.854960943908228,-0.04144299454322481,-6.8135179493650035
4.6000000000000005,754.3550619326674,-6.85338241145867,-0.046221252541018554,-6.807161158917651
4.605,754.3548188845219,-6.851780058506991,-0.05099768580308317,-6.800782372703908
4.61,754.3545519591648,-6.8501539483113385,-0.05577210576403113,-6.794381842547307
4.615,754.3542611671339,-6.848504145067753,-0.060544323937955946,-6.787959821129797
4.62,754.3539465199092,-6.846830713907632,-0.06531415192587403,-6.781516561981758
4.625,754.3536080299122,-6.845133720895168,-0.07008140142316183,-6.775052319472007
4.63,754.353245710506,-6.843413233024733,-0.07484588422698985,-6.768567348797743
4.635,754.3528595759946,-6.841669318218235,-0.07960741224375495,-6.76206190597448
4.64,754.3524496416215,-6.839902045322438,-0.08436579749650158,-6.755536247825936
4.6450000000000005,754.3520159235707,-6.838111484106242,-0.08912085213234683,-6.748990631973895
4.65,754.3515584389642,-6.83629770525793,-0.09387238842989254,-6.7424253168280375
4.655,754.3510772058629,-6.834460780382384,-0.09862021880664068,-6.735840561575743
4.66,754.350572243265,-6.83260078199824,-0.10336415582639591,-6.7292366261718435
4.665,754.3500435711056,-6.830717783535043,-0.10810401220666521,-6.722613771328378
4.67,754.3494912102559,-6.828811859330342,-0.11283960082605421,-6.715972258504288
4.675,754.348915182522,-6.826883084626755,-0.11757073473165058,-6.709312349895105
4.68,754.3483155106444,-6.824931535568995,-0.1222972271464069,-6.702634308422588
4.6850000000000005,754.3476922182974,-6.82295728920087,-0.12701889147651468,-6.695938397724356
4.69,754.3470453300872,-6.82096042346224,-0.1317355413187677,-6.689224882143472
4.695,754.3463748715519,-6.818941017185936,-0.13644699046792544,-6.68249402671801
4.7,754.3456808691603,-6.8168991500946525,-0.1411530529240601,-6.675746097170593
4.705,754.3449633503102,-6.814834902797799,-0.14585354289990363,-6.668981359897895
4.71,754.3442223433282,-6.812748356788315,-0.1505482748281778,-6.662200081960138
4.715,754.3434578774676,-6.810639594439457,-0.15523706336892276,-6.655402531070534
4.72,754.3426699829085,-6.8085086990015435,-0.15991972341681357,-6.64858897558473
4.7250000000000005,754.3418586907557,-6.806355754598669,-0.1645960701084683,-6.641759684490201
4.73,754.3410240330375,-6.804180846225385,-0.1692659188297435,-6.634914927395642
4.735,754.3401660427046,-6.80198405974334,-0.1739290852230256,-6.628054974520315
4.74,754.3392847536292,-6.799765481877896,-0.17858538519450953,-6.6211800966833865
4.745,754.3383802006031,-6.797525200214698,-0.1832346349214625,-6.614290565293236
4.75,754.3374524193364,-6.795263303196223,-0.18787665085948402,-6.607386652336739
4.755,754.3365014464563,-6.792979880118282,-0.19251124974975115,-6.600468630368531
4.76,754.3355273195056,-6.790675021126502,-0.19713824862625332,-6.593536772500248
4.765,754.3345300769412,-6.788348817212758,-0.2017574648230148,-6.5865913523897435
4.7700000000000005,754.3335097581324,-6.786001360211589,-0.20636871598130932,-6.57963264423028
4.775,754.3324664033598,-6.78363274279657,-0.21097182005685264,-6.5726609227397175
4.78,754.3314000538132,-6.781243058476649,-0.2155665953269962,-6.565676463149653
4.785,754.3303107515902,-6.7788324015924655,-0.22015286039789744,-6.558679541194568
4.79,754.3291985396947,-6.776400867312615,-0.224730434211682,-6.551670433100933
4.795,754.3280634620347,-6.773948551629895,-0.22929913605359165,-6.544649415576304
4.8,754.3269055634214,-6.771475551357526,-0.2338587855591173,-6.5376167657984094
4.805,754.3257248895665,-6.768981964125311,-0.23840920272112281,-6.530572761404189
4.8100000000000005,754.3245214870808,-6.766467888375793,-0.2429502078969477,-6.523517680478845
4.815,754.3232954034729,-6.763933423360372,-0.24748162181549946,-6.516451801544873
4.82,754.3220466871463,-6.761378669135375,-0.2520032655843336,-6.509375403551042
4.825,754.3207753873982,-6.758803726558115,-0.256514960696714,-6.502288765861401
4.83,754.3194815544174,-6.756208697282907,-0.26101652903866024,-6.495192168244246
4.835,754.3181652392819,-6.7535936837570505,-0.2655077928959788,-6.488085890861072
4.84,754.3168264939579,-6.750958789216796,-0.2699885749612815,-6.480970214255514
4.845,754.3154653712969,-6.748304117683254,-0.27445869834098147,-6.473845419342273
4.8500000000000005,754.3140819250333,-6.745629773958303,-0.2789179865622795,-6.466711787396023
4.855,754.3126762097833,-6.742935863620444,-0.28336626358012823,-6.459569600040315
4.86,754.3112482810421,-6.7402224930206325,-0.2878033537841853,-6.452419139236447
4.865,754.309798195182,-6.737489769278085,-0.29222908200574427,-6.445260687272341
4.87,754.30832600945,-6.734737800276045,-0.29664327352464936,-6.438094526751396
4.875,754.3068317819651,-6.731966694657523,-0.30104575407619605,-6.430920940581327
4.88,754.3053155717172,-6.729176561821018,-0.30543634985800683,-6.423740211963011
4.885,754.3037774385634,-6.726367511916182,-0.309814887536895,-6.416552624379287
4.89,754.3022174432267,-6.723539655839486,-0.3141811942557072,-6.409358461583779
4.8950000000000005,754.3006356472931,-6.720693105229836,-0.31853509764014787,-6.402158007589688
4.9,754.299032113209,-6.717827972464165,-0.3228764258055822,-6.394951546658583
4.905,754.2974069042795,-6.714944370652996,-0.3272050073638244,-6.387739363289172
4.91,754.2957600846646,-6.712042413635981,-0.33152067142990427,-6.380521742206077
4.915,754.2940917193782,-6.709122215977402,-0.3358232476288101,-6.373298968348592
4.92,754.2924018742846,-6.7061838929616515,-0.34011256610221735,-6.366071326859434
4.925,754.2906906160956,-6.70322756058868,-0.3443884575151937,-6.358839103073486
4.93,754.2889580123692,-6.700253335569416,-0.3486507530628837,-6.3516025825065325
4.9350000000000005,754.2872041315053,-6.6972613353211585,-0.3528992844771761,-6.344362050843983
4.94,754.2854290427442,-6.694251677962943,-0.3571338840333381,-6.337117793929605
4.945,754.2836328161634,-6.691224482310877,-0.3613543845566488,-6.3298700977542275
4.95,754.2818155226748,-6.688179867873451,-0.36556061942898993,-6.322619248444461
4.955,754.279977234022,-6.685117954846816,-0.3697524225954271,-6.315365532251389
4.96,754.2781180227774,-6.682038864110044,-0.37392962857076506,-6.30810923553928
4.965,754.2762379623399,-6.678942717220355,-0.37809207244607995,-6.300850644774275
4.97,754.2743371269305,-6.675829636408313,-0.38223958989523205,-6.2935900465130805
4.9750000000000005,754.2724155915912,-6.672699744573006,-0.38637201718135017,-6.286327727391655
4.98,754.2704734321809,-6.669553165277193,-0.39048919116329567,-6.279063974113898
4.985,754.2685107253726,-6.666390022742425,-0.394590949302106,-6.271799073440318
4.99,754.2665275486509,-6.663210441844139,-0.39867712966740887,-6.264533312176731
4.995,754.2645239803079,-6.6600145481067345,-0.4027475709438161,-6.257266977162918
5.0,754.262500099441,-6.656802467698611,-0.4068021124372908,-6.250000355261321
5.005,754.2604559859499,-6.653574327427191,-0.41084059408149415,-6.2427337333456965
5.01,754.2583917205325,-6.650330254733911,-0.41486285644410076,-6.23546739828981
5.015,754.2563073846823,-6.647070377689195,-0.4188687407330955,-6.2282016369561
5.0200000000000005,754.2542030606855,-6.643794824987394,-0.4228580888030416,-6.220936736184352
5.025,754.2520788316172,-6.6405037259417075,-0.42683074316132247,-6.213672982780385
5.03,754.2499347813382,-6.637197210479077,-0.4307865469743623,-6.206410663504715
5.035,754.247770994492,-6.633875409135059,-0.4347253440738152,-6.199150065061244
5.04,754.245587556501,-6.630538453048671,-0.4386469789627305,-6.19189147408594
5.045,754.243384553564,-6.627186473957211,-0.4425512968216942,-6.184635177135517
5.05,754.2411620726516,-6.6238196041910635,-0.4464381435149367,-6.177381460676127
5.055,754.2389202015033,-6.620437976668466,-0.45030736559642126,-6.170130611072045
5.0600000000000005,754.2366590286247,-6.61704172489027,-0.45415881031590044,-6.16288291457437
5.065,754.2343786432826,-6.613630982934669,-0.4579923256249454,-6.155638657309724
5.07,754.232079135503,-6.610205885451902,-0.46180776018295105,-6.148398125268951
5.075,754.2297605960664,-6.606766567658939,-0.4656049633631083,-6.141161604295831
5.08,754.227423116505,-6.603313165334144,-0.4693837852583532,-6.133929380075791
5.085,754.2250667890979,-6.599845814811914,-0.47314407668728176,-6.126701738124632
5.09,754.2226917068696,-6.5963646529772975,-0.47688568920004143,-6.119478963777256
5.095,754.2202979635837,-6.592869817260591,-0.48060847508419147,-6.112261342176399
5.1000000000000005,754.2178856537414,-6.5893614456319085,-0.4843122873705345,-6.105049158261374
5.105,754.2154548725764,-6.585839676595742,-0.48799697983891643,-6.0978426967568256
5.11,754.213005716052,-6.582304649185491,-0.49166240702400227,-6.090642242161489
5.115,754.2105382808562,-6.578756502957968,-0.49530842422101806,-6.08344807873695
5.12,754.2080526643996,-6.5751953779878995,-0.4989348874914614,-6.076260490496438
5.125,754.2055489648099,-6.5716214148623875,-0.502541653668786,-6.069079761193602
5.13,754.2030272809287,-6.568034754675361,-0.5061285803640526,-6.061906174311309
5.135,754.2004877123081,-6.5644355390220115,-0.5096955259715507,-6.054740013050461
5.14,754.1979303592055,-6.5608239099931955,-0.5132423496743899,-6.047581560318806
5.1450000000000005,754.1953553225812,-6.557200010169827,-0.5167689114500572,-6.040431098719769
5.15,754.1927627040931,-6.553563982617254,-0.5202750720759449,-6.033288910541309
5.155,754.1901526060932,-6.549915970879604,-0.523760693134849,-6.0261552777447545
5.16,754.1875251316237,-6.54625611897412,-0.5272256370204319,-6.019030481953688
5.165,754.184880384413,-6.542584571385474,-0.5306697669426552,-6.011914804442819
5.17,754.1822184688709,-6.538901473060063,-0.5340929469331798,-6.004808526126883
5.175,754.1795394900855,-6.535206969400291,-0.5374950418507352,-5.997711927549556
5.18,754.176843553818,-6.531501206258819,-0.540875917386452,-5.9906252888723674
5.1850000000000005,754.1741307664996,-6.527784329932819,-0.5442354400691667,-5.983548889863653
5.19,754.1714012352265,-6.524056487158189,-0.5475734772706881,-5.9764830098875015
5.195,754.1686550677558,-6.520317825103762,-0.5508898972110364,-5.969427927892725
5.2,754.1658923725015,-6.516568491365503,-0.554184568963644,-5.962383922401859
5.205,754.16311325853,-6.512808633960671,-0.5574573624605237,-5.955351271500147
5.21,754.160317835556,-6.509038401321987,-0.5607081484974056,-5.948330252824581
5.215,754.1575062139381,-6.505257942291761,-0.5639367987388353,-5.941321143552926
5.22,754.1546785046742,-6.501467406116033,-0.5671431857232422,-5.934324220392791
5.2250000000000005,754.1518348193972,-6.497666942438662,-0.570327182867971,-5.927339759570691
5.23,754.1489752703714,-6.493856701295433,-0.5734886644742778,-5.920368036821156
5.235,754.1460999704865,-6.490036833108128,-0.5766275057322948,-5.913409327375834
5.24,754.1432090332545,-6.4862074886785885,-0.5797435827259554,-5.906463905952633
5.245,754.1403025728047,-6.482368819182758,-0.5828367724378882,-5.89953204674487
5.25,754.1373807038792,-6.478520976164723,-0.5859069527542715,-5.892614023410451
5.255,754.1344435418283,-6.474664111530723,-0.588954002469655,-5.885710109061068
5.26,754.131491202606,-6.470798377543152,-0.5919778012917453,-5.878820576251407
5.265,754.1285238027658,-6.466923926814554,-0.5949782298461539,-5.8719456969684005
5.2700000000000005,754.1255414594555,-6.463040912301598,-0.5979551696811113,-5.8650857426204865
5.275,754.1225442904129,-6.459149487299031,-0.6009085032721402,-5.858240984026891
5.28,754.1195324139609,-6.455249805433634,-0.6038381140267002,-5.851411691406934
5.285,754.1165059490035,-6.451342020658154,-0.6067438862887856,-5.8445981343693685
5.29,754.1134650150201,-6.447426287245229,-0.6096257053434945,-5.8378005819017345
5.295,754.1104097320616,-6.443502759781293,-0.612483457421556,-5.831019302359737
5.3,754.1073402207455,-6.439571593160479,-0.6153170297038224,-5.824254563456656
5.305,754.1042566022508,-6.435632942578497,-0.6181263103257223,-5.817506632252774
5.3100000000000005,754.1011589983133,-6.431686963526512,-0.6209111883816792,-5.810775775144832
5.315,754.0980475312213,-6.427733811785005,-0.6236715539294855,-5.80406225785552
5.32,754.0949223238099,-6.423773643417626,-0.6264072979946468,-5.7973663454229785
5.325,754.0917834994572,-6.419806614765023,-0.6291183125746824,-5.790688302190341
5.33,754.0886311820784,-6.415832882438681,-0.6318044906433891,-5.784028391795292
5.335,754.0854654961216,-6.411852603314731,-0.6344657261550665,-5.777386877159665
5.34,754.082286566563,-6.407865934527764,-0.6371019140487034,-5.77076402047906
5.345,754.0790945189008,-6.40387303346462,-0.6397129502521266,-5.764160083212493
5.3500000000000005,754.0758894791517,-6.399874057758181,-0.6422987316861075,-5.7575753260720735
5.355,754.0726715738452,-6.395869165281147,-0.644859156268432,-5.751010009012715
5.36,754.0694409300189,-6.391858514139798,-0.6473941229179321,-5.744464391221866
5.365,754.0661976752128,-6.38784226266776,-0.6499035315584747,-5.737938731109285
5.37,754.0629419374652,-6.383820569419746,-0.6523872831229129,-5.731433286296833
5.375,754.059673845307,-6.3797935931653065,-0.6548452795569976,-5.724948313608309
5.38,754.0563935277567,-6.375761492882553,-0.6572774238232482,-5.718484069059305
5.385,754.0531011143157,-6.371724427751882,-0.6596836199047824,-5.712040807847099
5.39,754.0497967349629,-6.367682557149701,-0.6620637728091087,-5.705618784340592
5.3950000000000005,754.0464805201497,-6.363636040642121,-0.6644177885718752,-5.699218252070246
5.4,754.0431526007941,-6.359585037978672,-0.6667455742605786,-5.6928394637180935
5.405,754.039813108277,-6.355529709085986,-0.6690470379782353,-5.6864826711077505
5.41,754.0364621744358,-6.351470214061489,-0.6713220888670068,-5.680148125194482
5.415,754.0330999315595,-6.347406713167077,-0.6735706371117893,-5.673836076055288
5.42,754.0297265123837,-6.343339366822792,-0.6757925939437561,-5.667546772879036
5.425,754.0263420500853,-6.339268335600488,-0.677987871643865,-5.661280463956624
5.43,754.022946678277,-6.33519378021749,-0.6801563835463198,-5.655037396671171
5.4350000000000005,754.0195405310022,-6.331115861530254,-0.6822980440419921,-5.648817817488261
5.44,754.0161237427299,-6.327034740528011,-0.6844127685818004,-5.642621971946211
5.445,754.012696448349,-6.322950578326414,-0.6865004736800492,-5.636450104646364
5.45,754.009258783163,-6.318863536161176,-0.6885610769177244,-5.630302459243452
5.455,754.0058108828852,-6.31477377538171,-0.6905944969457463,-5.624179278435964
5.46,754.0023528836326,-6.310681457444753,-0.6926006534881816,-5.6180808039565715
5.465,753.9988849219214,-6.306586743907993,-0.694579467345413,-5.61200727656258
5.47,753.9954071346606,-6.302489796423695,-0.6965308603972653,-5.605958936026429
5.4750000000000005,753.9919196591472,-6.298390776732313,-0.6984547556060899,-5.599936021126223
5.48,753.988422633061,-6.29428984665611,-0.7003510770198049,-5.5939387696363045
5.485,753.9849161944582,-6.29018716809277,-0.7022197497748959,-5.5879674183178745
5.49,753.9814004817673,-6.286082903008999,-0.7040607000993693,-5.582022202909629
5.495,753.9778756337824,-6.281977213434141,-0.7058738553156656,-5.576103358118475
5.5,753.9743417896588,-6.277870261453773,-0.7076591438435283,-5.570211117610245
5.505,753.970799088906,-6.273762209203313,-0.7094164952028303,-5.564345714000483
5.51,753.9672476713843,-6.269653218861612,-0.7111458400163555,-5.558507378845257
5.515,753.9636876772972,-6.265543452644559,-0.7128471100125389,-5.552696342632021
5.5200000000000005,753.9601192471874,-6.261433072798669,-0.7145202380281607,-5.546912834770508
5.525,753.9565425219304,-6.257322241594686,-0.7161651580109976,-5.5411570835836885
5.53,753.9529576427292,-6.25321112132117,-0.7177818050224318,-5.535429316298739
5.535,753.9493647511082,-6.249099874278095,-0.7193701152400138,-5.529729759038082
5.54,753.9457639889093,-6.2449886627704405,-0.7209300259599818,-5.524058636810459
5.545,753.9421554982839,-6.24087764910178,-0.7224614755997377,-5.518416173502042
5.55,753.9385394216891,-6.2367669955678755,-0.7239644037002779,-5.512802591867597
5.555,753.9349159018817,-6.232656864450278,-0.7254387509285803,-5.507218113521698
5.5600000000000005,753.9312850819117,-6.228547418009907,-0.7268844590799468,-5.501662958929961
5.565,753.9276471051179,-6.2244388184806585,-0.7283014710802997,-5.496137347400358
5.57,753.9240021151212,-6.220331228062991,-0.7296897309884376,-5.490641497074554
5.575,753.9203502558196,-6.216224808917522,-0.7310491839982418,-5.48517562491928
5.58,753.9166916713823,-6.2121197231586365,-0.7323797764408402,-5.479739946717796
5.585,753.9130265062437,-6.208016132848071,-0.733681455786727,-5.474334677061344
5.59,753.9093549050986,-6.2039141999885326,-0.7349541706478352,-5.468960029340697
5.595,753.9056770128951,-6.1998140865172875,-0.7361978707795664,-5.463616215737721
5.6000000000000005,753.9019929748305,-6.195715954299781,-0.7374125070827737,-5.458303447217007
5.605,753.8983029363441,-6.19161996512324,-0.7385980316057004,-5.45302193351754
5.61,753.8946070431122,-6.18752628069029,-0.7397543975458727,-5.4477718831444175
5.615,753.8909054410424,-6.183435062612563,-0.7408815592519477,-5.442553503360616
5.62,753.8871982762677,-6.1793464724043305,-0.7419794722255157,-5.437367000178815
5.625,753.8834856951403,-6.175260671476116,-0.7430480931228569,-5.432212578353259
5.63,753.879767844227,-6.17117782112833,-0.744087379756652,-5.427090441371678
5.635,753.8760448703017,-6.1670980825448956,-0.7450972910976481,-5.422000791447248
5.64,753.8723169203413,-6.1630216167868905,-0.7460777872762787,-5.416943829510612
5.6450000000000005,753.8685841415188,-6.158948584786189,-0.7470288295842377,-5.411919755201951
5.65,753.8648466811978,-6.154879147339105,-0.7479503804760061,-5.406928766863098
5.655,753.861104686927,-6.1508134651000415,-0.7488424035703369,-5.4019710615297045
5.66,753.8573583064339,-6.14675169857516,-0.749704863651689,-5.39704683492347
5.665,753.853607687619,-6.142694008116031,-0.7505377266716183,-5.392156281444413
5.67,753.8498529785505,-6.1386405539133095,-0.7513409597501222,-5.387299594163188
5.675,753.8460943274576,-6.134591495990411,-0.7521145311769373,-5.382476964813474
5.68,753.8423318827257,-6.130546994197195,-0.7528584104127909,-5.377688583784404
5.6850000000000005,753.8385657928895,-6.126507208203651,-0.7535725680906078,-5.372934640113043
5.69,753.8347962066279,-6.122472297493595,-0.7542569760166682,-5.368215321476927
5.695,753.8310232727574,-6.118442421358381,-0.7549116071717218,-5.363530814186659
5.7,753.8272471402272,-6.114417738890602,-0.755536435712054,-5.358881303178547
5.705,753.8234679581125,-6.110398408977813,-0.7561314369705063,-5.3542669720073075
5.71,753.8196858756088,-6.106384590296264,-0.7566965874574503,-5.349688002838813
5.715,753.8159010420264,-6.102376441304625,-0.7572318648617142,-5.345144576442911
5.72,753.812113606784,-6.098374120237741,-0.7577372480514653,-5.340636872186276
5.7250000000000005,753.8083237194029,-6.094377785100382,-0.7582127170750421,-5.336165068025339
5.73,753.8045315295016,-6.090387593660997,-0.7586582531617436,-5.331729340499253
5.735,753.800737186789,-6.086403703445497,-0.7590738387225698,-5.327329864722928
5.74,753.7969408410592,-6.082426271731033,-0.7594594573509161,-5.322966814380117
5.745,753.7931426421858,-6.078455455539782,-0.7598150938232205,-5.318640361716561
5.75,753.7893427401148,-6.074491411632753,-0.7601407340995656,-5.314350677533187
5.755,753.7855412848598,-6.070534296503597,-0.7604363653242321,-5.3100979311793655
5.76,753.7817384264961,-6.066584266372427,-0.7607019758262067,-5.30588229054622
5.765,753.7779343151537,-6.062641477179654,-0.7609375551196422,-5.301703922060012
5.7700000000000005,753.7741291010125,-6.058706084579829,-0.761143093904273,-5.297562990675556
5.775,753.7703229342958,-6.054778243935501,-0.76131858406578,-5.293459659869721
5.78,753.7665159652645,-6.050858110311075,-0.7614640186761134,-5.2893940916349615
5.785,753.7627083442112,-6.046945838466699,-0.7615793919937637,-5.285366446472935
5.79,753.7589002214544,-6.043041582852152,-0.7616646994639907,-5.281376883388162
5.795,753.755091747332,-6.039145497600745,-0.7617199377190019,-5.277425559881743
5.8,753.7512830721963,-6.035257736523239,-0.7617451045780859,-5.273512631945153
5.805,753.747474346407,-6.031378453101768,-0.7617401990476979,-5.26963825405407
5.8100000000000005,753.7436657203261,-6.027507800483786,-0.7617052213215001,-5.265802579162286
5.815,753.7398573443118,-6.023645931476011,-0.761640172780353,-5.262005758695658
5.82,753.7360493687122,-6.019792998538412,-0.7615450559922613,-5.25824794254615
5.825,753.7322419438594,-6.015949153778162,-0.7614198747122728,-5.254529279065889
5.83,753.7284352200643,-6.012114548943658,-0.7612646338823295,-5.250849915061329
5.835,753.7246293476097,-6.008289335418517,-0.7610793396310729,-5.247209995787444
5.84,753.720824476745,-6.004473664215609,-0.7608639992736019,-5.2436096649420065
5.845,753.7170207576797,-6.000667685971079,-0.7606186213111846,-5.240049064659894
5.8500000000000005,753.7132183405784,-5.99687155093842,-0.7603432154309216,-5.236528335507498
5.855,753.7094173755539,-5.9930854089825285,-0.7600377925053647,-5.2330476164771635
5.86,753.7056180126618,-5.989309409573789,-0.7597023645920866,-5.229607044981702
5.865,753.7018204018943,-5.98554370178218,-0.7593369449332057,-5.226206756848974
5.87,753.6980246931747,-5.981788434271382,-0.7589415479548631,-5.222846886316519
5.875,753.6942310363511,-5.978043755292911,-0.7585161892666528,-5.219527566026258
5.88,753.6904395811903,-5.9743098126802705,-0.758060885661006,-5.216248927019264
5.885,753.6866504773727,-5.970586753843101,-0.7575756551125278,-5.213011098730573
5.89,753.6828638744855,-5.966874725761381,-0.7570605167772873,-5.209814208984094
5.8950000000000005,753.6790799220174,-5.963173874979604,-0.7565154909920617,-5.206658383987542
5.9,753.6752987693523,-5.9594843476010135,-0.7559405992735343,-5.203543748327479
5.905,753.6715205657634,-5.955806289281814,-0.755335864317443,-5.200470424964371
5.91,753.667745460408,-5.952139845225439,-0.7547013099976865,-5.197438535227752
5.915,753.6639736023207,-5.948485160176807,-0.75403696136538,-5.194448198811426
5.92,753.6602051404079,-5.94484237841661,-0.7533428446478677,-5.1914995337687415
5.925,753.6564402234421,-5.941211643755621,-0.7526189872476862,-5.188592656507935
5.93,753.6526790000557,-5.937593099529016,-0.7518654177414835,-5.185727681787532
5.9350000000000005,753.6489216187354,-5.9339868885907086,-0.7510821658788902,-5.182904722711818
5.94,753.645168227816,-5.930393153307718,-0.7502692625813461,-5.180123890726372
5.945,753.6414189754752,-5.926812035554548,-0.749426739940878,-5.17738529561367
5.95,753.6376740097269,-5.923243676707578,-0.7485546312188343,-5.174689045488744
5.955,753.6339334784158,-5.919688217639496,-0.7476529708445704,-5.172035246794925
5.96,753.6301975292118,-5.916145798713722,-0.7467217944140904,-5.169424004299632
5.965,753.6264663096039,-5.912616559778876,-0.7457611386886418,-5.166855421090234
5.97,753.6227399668941,-5.9091006401632535,-0.7447710415932641,-5.1643295985699895
5.9750000000000005,753.6190186481919,-5.905598178669329,-0.7437515422152914,-5.161846636454037
5.98,753.6153025004087,-5.90210931356827,-0.7427026808028097,-5.15940663276546
5.985,753.6115916702515,-5.898634182594486,-0.7416244987630676,-5.157009683831419
5.99,753.6078863042178,-5.895172922940181,-0.7405170386608416,-5.1546558842793395
5.995,753.6041865485889,-5.891725671249947,-0.7393803442167559,-5.152345327033191
6.0,753.6004925494249,-5.888292563615367,-0.7382144603055567,-5.15007810330981
6.005,753.5968044525583,-5.884873735569635,-0.7370194329543398,-5.147854302615295
6.01,753.5931224035892,-5.881469322082218,-0.7357953093407341,-5.145674012741484
6.015000000000001,753.5894465478782,-5.878079457553516,-0.7345421377910392,-5.143537319762476
6.0200000000000005,753.5857770305421,-5.874704275809565,-0.7332599677783174,-5.1414443080312475
6.025,753.5821139964469,-5.871343910096748,-0.7319488499204406,-5.139395060176307
6.03,753.578457590203,-5.867998493076533,-0.7306088359780913,-5.137389657098442
6.035,753.5748079561591,-5.8646681568202474,-0.7292399788527206,-5.135428177967527
6.04,753.5711652383965,-5.86135303280385,-0.7278423325844585,-5.133510700219391
6.045,753.5675295807233,-5.858053251902746,-0.7264159523499812,-5.131637299552764
6.05,753.5639011266692,-5.854768944386623,-0.7249608944603327,-5.12980804992629
6.055,753.5602800194791,-5.851500239914307,-0.7234772163587011,-5.128023023555606
6.0600000000000005,753.5566664021084,-5.848247267528639,-0.7219649766181514,-5.1262822909104875
6.065,753.5530604172163,-5.845010155651388,-0.720424234939314,-5.124585920712074
6.07,753.5494622071609,-5.841789032078175,-0.718855052148026,-5.122933979930149
6.075,753.5458719139934,-5.83858402397343,-0.7172574901929311,-5.1213265337805
6.08,753.5422896794524,-5.8353952578653745,-0.7156316121430336,-5.119763645722341
6.085,753.5387156449586,-5.83222285964102,-0.713977482185209,-5.118245377455811
6.09,753.5351499516084,-5.829066954541207,-0.7122951656216685,-5.1167717889195385
6.095,753.5315927401695,-5.82592766715565,-0.7105847288673838,-5.115342938288266
6.1000000000000005,753.5280441510743,-5.822805121418027,-0.7088462394474618,-5.113958881970565
6.105,753.524504324415,-5.819699440601088,-0.7070797659944823,-5.112619674606606
6.11,753.5209733999382,-5.816610747311781,-0.705285378245785,-5.111325369065996
6.115,753.5174515170385,-5.813539163486414,-0.7034631470407191,-5.110076016445695
6.12,753.5139388147537,-5.81048481038585,-0.7016131443178456,-5.108871666068004
6.125,753.5104354317594,-5.807447808590703,-0.6997354431120967,-5.107712365478606
6.13,753.5069415063632,-5.804428277996594,-0.6978301175518936,-5.106598160444701
6.135,753.5034571764993,-5.801426337809409,-0.6958972428562198,-5.105529094953189
6.140000000000001,753.4999825797228,-5.798442106540595,-0.6939368953316511,-5.104505211208943
6.1450000000000005,753.496517853205,-5.79547570200248,-0.6919491523693437,-5.103526549633136
6.15,753.4930631337274,-5.792527241303625,-0.6899340924419788,-5.102593148861646
6.155,753.4896185576763,-5.789596840844199,-0.6878917951006639,-5.101705045743535
6.16,753.4861842610378,-5.786684616311383,-0.685822340971793,-5.1008622753395905
6.165,753.4827603793918,-5.783790682674803,-0.6837258117538638,-5.100064870920939
6.17,753.4793470479075,-5.780915154181994,-0.6816022902142519,-5.099312863967742
6.175,753.4759444013373,-5.778058144353884,-0.6794518601859435,-5.098606284167941
6.18,753.4725525740117,-5.775219765980321,-0.6772746065642257,-5.097945159416096
6.1850000000000005,753.4691716998344,-5.772400131115609,-0.6750706153033346,-5.097329515812275
6.19,753.4658019122764,-5.769599351074096,-0.6728399734130635,-5.096759377661033
6.195,753.4624433443713,-5.76681753642577,-0.6705827689553262,-5.096234767470444
6.2,753.4590961287093,-5.764054796991901,-0.6682990910406803,-5.095755705951221
6.205,753.4557603974331,-5.761311241840698,-0.6659890298248112,-5.095322212015887
6.21,753.4524362822314,-5.758586979283012,-0.6636526765049713,-5.094934302778041
6.215,753.4491239143346,-5.755882116868054,-0.66129012331638,-5.094591993551673
6.22,753.4458234245093,-5.753196761379147,-0.6589014635285835,-5.094295297850564
6.2250000000000005,753.4425349430531,-5.750531018829521,-0.6564867914417691,-5.0940442273877515
6.23,753.4392585997898,-5.747884994458116,-0.6540462023830492,-5.093838792075067
6.235,753.4359945240637,-5.745258792725433,-0.6515797927026901,-5.0936790000227425
6.24,753.432742844735,-5.74265251730941,-0.6490876597703135,-5.093564857539096
6.245,753.4295036901742,-5.740066271101326,-0.6465699019710508,-5.093496369130275
6.25,753.4262771882577,-5.737500156201745,-0.6440266187016591,-5.093473537500086
6.255,753.4230634663624,-5.734954273916479,-0.6414579103665977,-5.093496363549881
6.26,753.4198626513603,-5.732428724752589,-0.6388638783740626,-5.093564846378527
6.265000000000001,753.4166748696141,-5.729923608414424,-0.6362446251319852,-5.093678983282439
6.2700000000000005,753.413500246972,-5.72743902379968,-0.6336002540439891,-5.093838769755691
6.275,753.4103389087628,-5.724975068995491,-0.6309308695053067,-5.094044199490184
6.28,753.4071909797906,-5.722531841274564,-0.6282365768986583,-5.094295264375906
6.285,753.40405658433,-5.720109437091337,-0.6255174825900923,-5.094591954501245
6.29,753.4009358461219,-5.717707952078172,-0.6227736939247862,-5.094934258153385
6.295,753.3978288883676,-5.715327481041573,-0.6200053192228068,-5.095322161818766
6.3,753.3947358337243,-5.712968117958452,-0.6172124677748368,-5.095755650183615
6.305,753.3916568043007,-5.710629955972416,-0.6143952498378588,-5.096234706134557
6.3100000000000005,753.3885919216514,-5.708313087390087,-0.6115537766308015,-5.0967593107592855
6.315,753.3855413067729,-5.706017603677459,-0.6086881603301516,-5.0973294433473075
6.32,753.3825050800981,-5.7037435954562925,-0.6057985140655225,-5.09794508139077
6.325,753.3794833614921,-5.701491152500527,-0.6028849519151903,-5.098606200585336
6.33,753.3764762702472,-5.699260363732746,-0.5999475889015877,-5.099312774831159
6.335,753.373483925078,-5.697051317220662,-0.5969865409867658,-5.100064776233896
6.34,753.3705064441174,-5.69486410017364,-0.5940019250678149,-5.100862175105825
6.345,753.3675439449111,-5.6926987989392535,-0.5909938589722495,-5.101704939967004
6.3500000000000005,753.3645965444134,-5.690555498999884,-0.5879624614533563,-5.102593037546527
6.355,753.3616643589828,-5.688434284969331,-0.584907852185508,-5.103526432783823
6.36,753.3587475043769,-5.686335240589483,-0.5818301517594362,-5.104505088830047
6.365,753.355846095748,-5.6842584487270145,-0.5787294816774712,-5.105528967049543
6.37,753.3529602476389,-5.682203991370101,-0.5756059643487468,-5.106598027021354
6.375,753.3500900739778,-5.680171949625195,-0.5724597230843679,-5.107712226540827
6.38,753.3472356880742,-5.678162403713816,-0.5692908820925394,-5.108871521621277
6.385,753.3443972026146,-5.676175432969386,-0.5660995664736648,-5.1100758664957215
6.390000000000001,753.3415747296573,-5.674211115834105,-0.5628859022154087,-5.111325213618696
6.3950000000000005,753.3387683806288,-5.672269529855838,-0.5596500161877217,-5.1126195136681165
6.4,753.3359782663189,-5.67035075168507,-0.5563920361378294,-5.11395871554724
6.405,753.3332044968764,-5.66845485707187,-0.5531120906851948,-5.115342766386675
6.41,753.3304471818052,-5.666581920862903,-0.5498103093164347,-5.1167716115464685
6.415,753.3277064299592,-5.664732016998476,-0.5464868223802102,-5.118245194618266
6.42,753.3249823495388,-5.662905218509619,-0.5431417610820838,-5.119763457427535
6.425,753.3222750480857,-5.661101597515202,-0.5397752574793332,-5.121326340035869
6.43,753.3195846324796,-5.659321225219087,-0.5363874444757453,-5.122933780743342
6.4350000000000005,753.3169112089338,-5.657564171907316,-0.5329784558163612,-5.124585716090954
6.44,753.31425488299,-5.655830506945339,-0.5295484260822043,-5.126282080863135
6.445,753.3116157595157,-5.654120298775271,-0.5260974906849628,-5.128022808090308
6.45,753.3089939426989,-5.6524336149132,-0.5226257858616431,-5.129807829051557
6.455,753.3063895360444,-5.650770521946507,-0.5191334486691926,-5.131637073277314
6.46,753.3038026423698,-5.649131085531249,-0.5156206169790926,-5.133510468552156
6.465,753.3012333638011,-5.647515370389564,-0.5120874294719072,-5.135427940917657
6.47,753.298681801769,-5.64592344030711,-0.5085340256318184,-5.137389414675291
6.4750000000000005,753.2961480570049,-5.6443553581305554,-0.5049605457411092,-5.139394812389447
6.48,753.2936322295366,-5.642811185765097,-0.5013671308746354,-5.141444054890461
6.485,753.2911344186847,-5.641290984172003,-0.49775392289424686,-5.1435370612777565
6.49,753.2886547230585,-5.639794813366231,-0.49412106444319615,-5.145673748923034
6.495,753.286193240552,-5.638322732414032,-0.49046869894049827,-5.147854033473534
6.5,753.2837500683406,-5.636874799430636,-0.4867969705752776,-5.150077828855358
6.505,753.2813253028762,-5.635451071577955,-0.4831060243010665,-5.152345047276889
6.51,753.2789190398846,-5.634051605062318,-0.4793960058300919,-5.1546555992322265
6.515000000000001,753.2765313743608,-5.632676455132264,-0.47566706162751415,-5.15700939350475
6.5200000000000005,753.274162400566,-5.63132567607635,-0.47191933890565274,-5.159406337170697
6.525,753.2718122120228,-5.6299993212210175,-0.4681529856181675,-5.16184633560285
6.53,753.2694809015129,-5.628697442928479,-0.4643681504542245,-5.164329292474254
6.535,753.2671685610723,-5.627420092594653,-0.46056498283261854,-5.166855109762034
6.54,753.2648752819883,-5.626167320647141,-0.4567436328958828,-5.169423687751259
6.545,753.2626011547959,-5.624939176543232,-0.4529042515043539,-5.172034925038878
6.55,753.2603462692732,-5.623735708767942,-0.4490469902302191,-5.174688718537723
6.555,753.2581107144396,-5.622556964832118,-0.445172001351536,-5.1773849634805815
6.5600000000000005,753.2558945785509,-5.6214029912705445,-0.4412794378462134,-5.180123553424331
6.565,753.2536979490961,-5.620273833640119,-0.43736945338597943,-5.182904380254139
6.57,753.2515209127946,-5.619169536518045,-0.4334422023303117,-5.1857273341877335
6.575,753.249363555592,-5.618090143500082,-0.4294978397203399,-5.188592303779742
6.58,753.2472259626571,-5.61703569719881,-0.425536521272733,-5.191499175926078
6.585,753.2451082183785,-5.616006239241963,-0.4215584033735441,-5.194447835868418
6.59,753.2430104063609,-5.615001810270769,-0.41756364307203986,-5.1974381671987295
6.595,753.2409326094223,-5.614022449938365,-0.4135523980745035,-5.200470051863862
6.6000000000000005,753.2388749095907,-5.613068196908214,-0.4095248267380016,-5.2035433701702125
6.605,753.2368373881005,-5.612139088852589,-0.4054810880641396,-5.206658000788449
6.61,753.2348201253895,-5.611235162451082,-0.40142134169278204,-5.2098138207583
6.615,753.232823201096,-5.610356453389154,-0.3973457478957474,-5.2130107054934065
6.62,753.2308466940549,-5.60950299635673,-0.3932544675704833,-5.216248528786247
6.625,753.2288906822954,-5.608674825046834,-0.3891476622337184,-5.219527162813116
6.63,753.2269552430373,-5.6078719721542445,-0.3850254940150769,-5.222846478139168
6.635,753.2250404526887,-5.607094469374216,-0.38088812565068836,-5.226206343723527
6.640000000000001,753.2231463868422,-5.606342347401224,-0.37673572047675313,-5.229606626924471
6.6450000000000005,753.2212731202723,-5.605615635927753,-0.3725684424231026,-5.2330471935046505
6.65,753.219420726932,-5.604914363643126,-0.36838645600672393,-5.236527907636402
6.655,753.2175892799509,-5.60423855823237,-0.36418992632526265,-5.240048631907108
6.66,753.2157788516314,-5.60358824637512,-0.3599790190505078,-5.243609227324612
6.665,753.2139895134461,-5.602963453744573,-0.3557539004218544,-5.247209553322719
6.67,753.2122213360349,-5.602364205006471,-0.3515147372397327,-5.250849467766738
6.675,753.2104743892023,-5.601790523818127,-0.3472616968590324,-5.254528826959095
6.68,753.2087487419151,-5.601242432827487,-0.34299494718248785,-5.258247485644999
6.6850000000000005,753.2070444622987,-5.600719953672244,-0.33871465665405276,-5.262005297018192
6.69,753.205361617635,-5.600223106978978,-0.33442099425225286,-5.265802112726726
6.695,753.2037002743601,-5.599751912362343,-0.33011412948351243,-5.269637782878831
6.7,753.2020604980609,-5.599306388424297,-0.32579423237545896,-5.273512156048838
6.705,753.2004423534727,-5.598886552753357,-0.32146147347021914,-5.277425079283138
6.71,753.1988459044774,-5.5984924219239165,-0.3171160238176767,-5.281376398106239
6.715,753.1972712140998,-5.5981240114955835,-0.3127580549687289,-5.285365956526855
6.72,753.1957183445063,-5.59778133601257,-0.3083877389685057,-5.289393597044064
6.7250000000000005,753.1941873570012,-5.597464409003116,-0.30400524834958154,-5.293459160653534
6.73,753.1926783120256,-5.597173242978956,-0.2996107561251665,-5.297562486853789
6.735,753.1911912691536,-5.596907849434824,-0.29520443578227307,-5.30170341365255
6.74,753.1897262870913,-5.596668238848003,-0.2907864612748643,-5.305881777573139
6.745,753.1882834236737,-5.596454420677907,-0.28635700701699424,-5.310097413660913
6.75,753.1868627358626,-5.596266403365711,-0.2819162478759143,-5.314350155489796
6.755,753.1854642797442,-5.596104194334016,-0.277464359165173,-5.318639835168843
6.76,753.1840881105273,-5.595967799986555,-0.27300151663769934,-5.322966283348856
6.765000000000001,753.1827342825407,-5.5958572257079435,-0.2685278964788548,-5.327329329229089
6.7700000000000005,753.181402849231,-5.595772475863463,-0.26404367529948725,-5.331728800563975
6.775,753.1800938631609,-5.595713553798894,-0.2595490301289546,-5.3361645236699395
6.78,753.1788073760073,-5.595680461840377,-0.25504413840813217,-5.340636323432245
6.785,753.1775434385581,-5.595673201294327,-0.25052917798241664,-5.34514402331191
6.79,753.1763021007116,-5.595691772447377,-0.24600432709469616,-5.34968744535268
6.795,753.1750834114736,-5.595736174566371,-0.2414697643783172,-5.354266410188053
6.8,753.1738874189558,-5.595806405898387,-0.2369256688500364,-5.358880737048351
6.805,753.1727141703741,-5.595902463670814,-0.23237221990294432,-5.36353024376787
6.8100000000000005,753.1715637120462,-5.596024344091456,-0.22780959729939249,-5.368214746792063
6.815,753.1704360893904,-5.596172042348684,-0.22323798116389243,-5.372934061184791
6.82,753.1693313469231,-5.596345552611623,-0.2186575519760024,-5.3776880006356205
6.825,753.1682495282577,-5.596544868030386,-0.21406849056320487,-5.3824763774671815
6.83,753.1671906761026,-5.596769980736342,-0.20947097809377135,-5.387299002642571
6.835,753.1661548322593,-5.59702088184243,-0.20486519606960185,-5.392155685772828
6.84,753.1651420376214,-5.597297561443501,-0.20025132631906895,-5.3970462351244315
6.845,753.1641523321721,-5.597600008616721,-0.19562955098982987,-5.4019704576268905
6.8500000000000005,753.1631857549834,-5.597928211421996,-0.19100005254164437,-5.406928158880351
6.855,753.1622423442141,-5.598282156902441,-0.18636301373916758,-5.411919143163273
6.86,753.1613221371082,-5.598661831084894,-0.18171861764473235,-5.416943213440161
6.865,753.160425169994,-5.599067218980474,-0.17706704761112463,-5.4220001713693495
6.87,753.1595514782825,-5.59949830458516,-0.1724084872743495,-5.427089817310811
6.875,753.1587010964654,-5.599955070880434,-0.16774312054637158,-5.432211950334063
6.88,753.1578740581142,-5.6004374998339435,-0.16307113160786552,-5.437366368226078
6.885,753.157070395879,-5.600945572400223,-0.15839270490093554,-5.442552867499287
6.890000000000001,753.1562901414869,-5.601479268521441,-0.153708025121838,-5.447771243399603
6.8950000000000005,753.1555333257412,-5.602038567128188,-0.14901727721369212,-5.4530212899144965
6.9,753.1547999785198,-5.602623446140316,-0.14432064635917696,-5.458302799781139
6.905,753.1540901287736,-5.603233882467805,-0.13961831797321578,-5.463615564494589
6.91,753.1534038045264,-5.603869852011677,-0.13491047769566622,-5.468959374316011
6.915,753.1527410328733,-5.604531329664947,-0.13019731138398027,-5.474334018280967
6.92,753.1521018399793,-5.6052182893136075,-0.12547900510587845,-5.479739284207729
6.925,753.1514862510785,-5.605930703837676,-0.12075574513199377,-5.485174958705683
6.93,753.1508942904734,-5.606668545112247,-0.11602771792852301,-5.490640827183724
6.9350000000000005,753.1503259815335,-5.6074317840086145,-0.1112951101498677,-5.4961366738587465
6.94,753.1497813466948,-5.608220390395415,-0.1065581086312623,-5.501662281764153
6.945,753.1492604074584,-5.609034333139823,-0.10181690038139485,-5.507217432758428
6.95,753.1487631843903,-5.609873580108775,-0.09707167257503319,-5.512801907533741
6.955,753.1482896971197,-5.610738098170242,-0.09232261254562629,-5.518415485624616
6.96,753.1478399643394,-5.611627853194533,-0.08756990777791268,-5.5240579454166205
6.965,753.1474140038038,-5.612542810055649,-0.0828137459005231,-5.529729064155125
6.97,753.1470118323292,-5.613482932632661,-0.07805431467856355,-5.535428617954097
6.9750000000000005,753.1466334657928,-5.614448183811143,-0.07329180200621227,-5.541156381804931
6.98,753.1462789191315,-5.615438525484636,-0.0685263958992976,-5.546912129585339
6.985,753.1459482063426,-5.616453918556152,-0.06375828448787202,-5.55269563406828
6.99,753.1456413404818,-5.617494322939711,-0.05898765600879402,-5.558506666930917
6.995,753.1453583336637,-5.6185596975619365,-0.0542146987982875,-5.564344998763649
7.0,753.145099197061,-5.6196500003636665,-0.049439601284510803,-5.570210399079156
7.005,753.1448639409039,-5.620765188301615,-0.044662551980121645,-5.576102636321493
7.01,753.1446525744799,-5.62190521735008,-0.039883739474825985,-5.582021477875254
7.015000000000001,753.1444651061333,-5.623070042502668,-0.035103352427941714,-5.587966690074727
7.0200000000000005,753.1443015432653,-5.624259617774082,-0.030321579560947054,-5.593938038213135
7.025,753.1441618923328,-5.625473896201932,-0.02553860965002719,-5.599935286551904
7.03,753.1440461588492,-5.6267128298485884,-0.020754631518624667,-5.605958198329963
7.035,753.1439543473832,-5.627976369803078,-0.01596983402998886,-5.612006535773089
7.04,753.1438864615596,-5.629264466183013,-0.011184406079710663,-5.618080060103303
7.045,753.1438425040584,-5.630577068136556,-0.006398536588275661,-5.62417853154828
7.05,753.1438224766148,-5.631914123844437,-0.001612414493596892,-5.6303017093508405
7.055,753.1438263800195,-5.63327558052199,0.00317377125644025,-5.63644935177843
7.0600000000000005,753.1438542141184,-5.634661384421241,0.007959831711434884,-5.642621216132676
7.065,753.1439059778129,-5.636071480833032,0.012745577925932339,-5.648817058758965
7.07,753.1439816690591,-5.6375058140891765,0.017530820966887684,-5.655036635056065
7.075,753.1440812848691,-5.638964327564658,0.022315371921115157,-5.661279699485773
7.08,753.14420482131,-5.640446963679867,0.027099041902756804,-5.667546005582624
7.085,753.1443522735051,-5.641953663902876,0.0318816420607283,-5.673835305963604
7.09,753.1445236356329,-5.643484368751745,0.03666298358618442,-5.680147352337929
7.095,753.1447189009286,-5.645039017796874,0.04144287771996852,-5.686481895516843
7.1000000000000005,753.1449380616833,-5.646617549663385,0.04622113576006176,-5.692838685423447
7.105,753.145181109245,-5.64821990203355,0.050997569069035575,-5.699217471102585
7.11,753.1454480340185,-5.649846011649246,0.055771989081502604,-5.705618000730749
7.115,753.1457388254661,-5.65149581431446,0.06054420731155147,-5.712040021626011
7.12,753.146053472108,-5.653169244897809,0.06531403536019775,-5.718483280258006
7.125,753.1463919615223,-5.654866237335128,0.07008128492281701,-5.724947522257945
7.13,753.146754280346,-5.656586724632068,0.07484576779657504,-5.7314324924286435
7.135,753.1471404142756,-5.658330638866744,0.07960729588786719,-5.737937934754611
7.140000000000001,753.1475503480669,-5.660097911192412,0.08436568121973453,-5.7444635924121465
7.1450000000000005,753.1479840655368,-5.661888471840194,0.08912073593928882,-5.751009207779482
7.15,753.1484415495624,-5.66370225012183,0.09387227232513273,-5.757574522446962
7.155,753.1489227820836,-5.665539174432465,0.09862010279476124,-5.764159277227226
7.16,753.1494277441016,-5.66739917225348,0.1033640399119769,-5.770763212165457
7.165,753.1499564156815,-5.669282170155355,0.1081038963942847,-5.7773860665496395
7.17,753.1505087759525,-5.671188093800561,0.1128394851202823,-5.784027578920844
7.175,753.1510848031081,-5.673116867946504,0.11757061913705646,-5.790687487083561
7.18,753.1516844744081,-5.675068416448494,0.1222971116675527,-5.797365528116047
7.1850000000000005,753.1523077661781,-5.677042662262742,0.1270187761179599,-5.804061438380701
7.19,753.1529546538118,-5.679039527449411,0.1317354260850673,-5.810774953534478
7.195,753.1536251117711,-5.6810589331756915,0.13644687536362726,-5.817505808539319
7.2,753.1543191135876,-5.683100799718911,0.14115293795370895,-5.8242537376726204
7.205,753.1550366318633,-5.685165046469683,0.14585342806803894,-5.831018474537721
7.21,753.1557776382715,-5.687251591935087,0.1505481601393316,-5.837799752074418
7.215,753.156542103559,-5.68936035374189,0.15523694882762415,-5.844597302569514
7.22,753.1573299975456,-5.691491248639794,0.15991960902758315,-5.851410857667378
7.2250000000000005,753.1581412891269,-5.693644192504727,0.16459595587582257,-5.858240148380549
7.23,753.1589759462744,-5.695819100342155,0.16926580475819145,-5.865084905100347
7.235,753.1598339360373,-5.698015886290456,0.17392897131707277,-5.871944857607529
7.24,753.1607152245435,-5.700234463624287,0.17858527145865052,-5.878819735082938
7.245,753.1616197770014,-5.702474744758022,0.1832345213601888,-5.88570926611821
7.25,753.1625475577008,-5.704736641249206,0.18787653747727753,-5.892613178726484
7.255,753.1634985300144,-5.70702006380205,0.192511136551088,-5.899531200353138
7.26,753.1644726563997,-5.709324922270947,0.19713813561560367,-5.906463057886551
7.265000000000001,753.1654698983995,-5.711651125664043,0.2017573520048409,-5.9134084776688844
7.2700000000000005,753.1664902166447,-5.713998582146819,0.20636860336006232,-5.920367185506882
7.275,753.1675335708546,-5.71636719904572,0.21097170763698064,-5.927338906682701
7.28,753.1685999198396,-5.718756882851818,0.21556648311293594,-5.9343233659647545
7.285,753.1696892215022,-5.721167539224496,0.22015274839408033,-5.941320287618576
7.29,753.1708014328382,-5.723599072995178,0.2247303224225285,-5.948329395417707
7.295,753.1719365099397,-5.726051388171083,0.2292990244835149,-5.955350412654598
7.3,753.1730944079957,-5.728524387939018,0.23385867421252385,-5.962383062151542
7.305,753.1742750812945,-5.731017974669194,0.2384090916024066,-5.9694270662716
7.3100000000000005,753.1754784832251,-5.733532049919087,0.2429500970104961,-5.976482146929583
7.315,753.1767045662792,-5.736066514437321,0.24748151116569067,-5.983548025603012
7.32,753.1779532820532,-5.738621268167587,0.25200315517553473,-5.990624423343122
7.325,753.1792245812497,-5.74119621025259,0.2565148505332836,-5.997711060785874
7.33,753.1805184136806,-5.743791239038037,0.2610164191249488,-6.004807658162986
7.335,753.181834728267,-5.746406252076644,0.2655076832363248,-6.011913935312969
7.34,753.1831734730432,-5.749041146132185,0.26998846556001477,-6.0190296116922
7.345,753.1845345951581,-5.751695817183564,0.2744585892024197,-6.0261544063859835
7.3500000000000005,753.1859180408766,-5.754370160428923,0.278917877690732,-6.033288038119656
7.355,753.187323755583,-5.7570640702897835,0.28336615497989365,-6.040430225269677
7.36,753.1887516837817,-5.759777440415202,0.2878032454595497,-6.047580685874752
7.365,753.1902017691008,-5.762510163685985,0.2922289739609842,-6.054739137646969
7.37,753.1916739542935,-5.765262132218909,0.2966431657640321,-6.061905297982941
7.375,753.1931681812401,-5.768033237370977,0.3010456466039739,-6.069078883974951
7.38,753.1946843909516,-5.770823369743714,0.3054362426784238,-6.076259612422137
7.385,753.1962225235701,-5.773632419187481,0.3098147806541812,-6.083447199841663
7.390000000000001,753.1977825183731,-5.77646027480583,0.31418108767408337,-6.090641362479913
7.3950000000000005,753.1993643137746,-5.779306824959869,0.31853499136381985,-6.097841816323689
7.4,753.2009678473281,-5.782171957272689,0.3228763198387474,-6.105048277111436
7.405,753.2025930557286,-5.785055558633778,0.32720490171066563,-6.1122604603444435
7.41,753.2042398748159,-5.787957515203505,0.3315205660945932,-6.119478081298098
7.415,753.2059082395764,-5.790877712417606,0.33582314261550383,-6.12670085503311
7.42,753.2075980841458,-5.793816034991704,0.34011246141506296,-6.133928496406767
7.425,753.2093093418122,-5.796772366925869,0.34438835315832284,-6.141160720084192
7.43,753.2110419450177,-5.7997465915091855,0.34865064904041676,-6.148397240549603
7.4350000000000005,753.2127958253623,-5.802738591324376,0.3528991807932191,-6.155637772117595
7.44,753.2145709136058,-5.805748248252421,0.3571337806919862,-6.162882028944407
7.445,753.2163671396709,-5.808775443477228,0.3613542815619799,-6.170129725039208
7.45,753.2181844326453,-5.811820057490326,0.3655605167850711,-6.177380574275397
7.455,753.2200227207858,-5.814881970095579,0.36975232030630956,-6.184634290401888
7.46,753.2218819315196,-5.817961060413931,0.37392952664048695,-6.191890587054418
7.465,753.2237619914487,-5.821057206888182,0.3780919708786671,-6.199149177766849
7.47,753.225662826351,-5.82417028728778,0.3822394886946924,-6.206409775982472
7.4750000000000005,753.2275843611853,-5.8273001787136565,0.3863719163516795,-6.213672095065336
7.48,753.2295265200925,-5.8304467576030685,0.39048909070847515,-6.220935848311544
7.485,753.2314892263994,-5.833609899734477,0.3945908492261002,-6.228200748960577
7.49,753.2334724026217,-5.836789480232465,0.39867702997416987,-6.235466510206635
7.495,753.2354759704672,-5.839985373572649,0.4027474716372784,-6.242732845209927
7.5,753.2374998508384,-5.843197453586643,0.40680201352137546,-6.249999467108019
7.505,753.239543963836,-5.846425593467043,0.41084049556010677,-6.25726608902715
7.51,753.2416082287618,-5.849669665772423,0.4148627583211297,-6.264532424093553
7.515000000000001,753.2436925641224,-5.8529295424323795,0.4188686430124155,-6.271798185444795
7.5200000000000005,753.2457968876315,-5.856205094752575,0.42285799148851005,-6.279063086241085
7.525,753.2479211162143,-5.859496193419822,0.4268306462567806,-6.286326839676603
7.53,753.2500651660099,-5.862802708507197,0.4307864504836357,-6.293589158990833
7.535,753.2522289523747,-5.866124509479159,0.4347252480007142,-6.300849757479874
7.54,753.254412389886,-5.869461465196703,0.4386468833110475,-6.3081083485077505
7.545,753.256615392346,-5.8728134439225474,0.44255120159520583,-6.315364645517754
7.55,753.2588378727835,-5.876180313326322,0.44643804871740134,-6.322618362043723
7.555,753.2610797434588,-5.8795619404898005,0.45030727123158226,-6.329869211721383
7.5600000000000005,753.2633409158668,-5.882958191912149,0.4541587163874828,-6.337116908299632
7.565,753.2656213007403,-5.886368933515187,0.45799223213665663,-6.3443611656518435
7.57,753.2679208080535,-5.889794030648689,0.46180766713848187,-6.351601697787171
7.575,753.270239347026,-5.893233348095701,0.4656048707661336,-6.358838218861835
7.58,753.2725768261257,-5.896686750077869,0.4693836931125269,-6.366070443190396
7.585,753.274933153073,-5.900154100260813,0.4731439849962428,-6.373298085257056
7.59,753.2773082348441,-5.9036352617594945,0.4768855979674084,-6.380520859726903
7.595,753.2797019776749,-5.907130097143632,0.48060838431356623,-6.387738481457198
7.6000000000000005,753.2821142870645,-5.910638468443127,0.48431219706550094,-6.3949506655086275
7.605,753.2845450677792,-5.914160237153496,0.48799689000304025,-6.402157127156536
7.61,753.2869942238557,-5.917695264241356,0.49166231766082946,-6.409357581902185
7.615,753.2894616586058,-5.921243410149904,0.49530833533407703,-6.41655174548398
7.62,753.2919472746192,-5.924804534804428,0.49893479908426025,-6.423739333888689
7.625,753.2944509737681,-5.928378497617841,0.5025415657448158,-6.430920063362656
7.63,753.2969726572107,-5.93196515749622,0.5061284929267836,-6.438093650423004
7.635,753.2995122253955,-5.935564372844392,0.5096954390244351,-6.445259811868827
7.640000000000001,753.3020695780644,-5.939176001571509,0.5132422632208609,-6.45241826479237
7.6450000000000005,753.3046446142579,-5.942799901096671,0.5167688254935273,-6.459568726590199
7.65,753.3072372323174,-5.946435928354538,0.5202749866198071,-6.466710914974345
7.655,753.3098473298913,-5.950083939801,0.5237606081824777,-6.473844547983478
7.66,753.3124748039372,-5.953743791418819,0.52722555257518,-6.480969343993999
7.665,753.3151195507271,-5.9574153387233375,0.5306696830078566,-6.4880850217311945
7.67,753.3177814658508,-5.961098436768171,0.5340928635121494,-6.49519130028032
7.675,753.3204604442204,-5.964792940150925,0.5374949589467649,-6.5022878990976904
7.68,753.3231563800746,-5.968498703018949,0.5408758350028158,-6.509374538021765
7.6850000000000005,753.3258691669822,-5.972215579075085,0.5442353582091162,-6.516450937284201
7.69,753.3285986978475,-5.975943421583443,0.5475733959374547,-6.523516817520898
7.695,753.3313448649128,-5.979682083375199,0.550889816407832,-6.53057189978303
7.7,753.3341075597646,-5.9834314168544,0.5541844886936576,-6.537615905548058
7.705,753.3368866733359,-5.987191274003797,0.5574572827269245,-6.5446485567307215
7.71,753.3396820959126,-5.990961506390681,0.5607080693033419,-6.551669575694023
7.715,753.342493717136,-5.994741965172748,0.5639367200874328,-6.5586786852601815
7.72,753.345321426008,-5.998532501103973,0.5671431076176067,-6.56567560872158
7.7250000000000005,753.3481651108957,-6.0023329645405035,0.5703271053111856,-6.572660069851689
7.73,753.3510246595353,-6.006143205446563,0.5734885874694038,-6.579631792915967
7.735,753.3538999590364,-6.009963073400379,0.5766274292823722,-6.586590502682752
7.74,753.3567908958876,-6.013792417600124,0.5797435068340036,-6.593535924434128
7.745,753.3596973559593,-6.017631086869856,0.5828366971069021,-6.600467783976758
7.75,753.3626192245096,-6.021478929665504,0.5859068779872257,-6.607385807652729
7.755,753.3655563861881,-6.025335794080835,0.5889539282695005,-6.614289722350335
7.76,753.3685087250407,-6.029201527853463,0.5919777276614122,-6.621179255514875
7.765000000000001,753.3714761245143,-6.03307597837085,0.594978156788549,-6.628054135159399
7.7700000000000005,753.3744584674607,-6.0369589926763405,0.5979550971991174,-6.634914089875458
7.775,753.3774556361424,-6.040850417475192,0.6009084313686198,-6.6417588488438115
7.78,753.3804675122364,-6.044750099140635,0.6038380427044923,-6.648588141845127
7.785,753.3834939768386,-6.048657883719927,0.606743815550705,-6.655401699270632
7.79,753.3865349104698,-6.052573616940439,0.6096256351923346,-6.6621992521327735
7.795,753.3895901930789,-6.0564971442157445,0.6124833878600855,-6.66898053207583
7.8,753.3926597040487,-6.060428310651718,0.6153169607347875,-6.675745271386505
7.805000000000001,753.3957433222,-6.064366961052658,0.618126241951847,-6.682493203004505
7.8100000000000005,753.3988409257972,-6.068312939927404,0.6209111206056619,-6.689224060533066
7.815,753.401952392552,-6.072266091495481,0.6236714867540014,-6.695937578249483
7.82,753.4050775996288,-6.076226259693253,0.6264072314223489,-6.702633491115602
7.825,753.4082164236503,-6.080193288180071,0.6291182466081978,-6.709311534788269
7.83,753.4113687407007,-6.084167020344463,0.631804425285323,-6.715971445629786
7.835,753.4145344263321,-6.088147299310297,0.6344656614079984,-6.722612960718295
7.84,753.4177133555687,-6.092133967942995,0.6371018499151897,-6.729235817858184
7.845,753.4209054029118,-6.09612686885572,0.6397128867346995,-6.735839755590419
7.8500000000000005,753.4241104423447,-6.100125844415595,0.6422986687872744,-6.742424513202869
7.855,753.4273283473382,-6.104130736749927,0.6448590939906755,-6.748989830740603
7.86,753.4305589908547,-6.108141387752443,0.6473940612637116,-6.755535449016155
7.865,753.4338022453541,-6.112157639089521,0.6499034705302232,-6.762061109619744
7.87,753.4370579827981,-6.116179332206451,0.6523872227230403,-6.768566554929491
7.875,753.440326074656,-6.120206308333692,0.6548452197878889,-6.7750515281215815
7.88,753.4436063919089,-6.124238408493135,0.6572773646872621,-6.781515773180398
7.885,753.4468988050559,-6.128275473504391,0.6596835614042542,-6.787959034908645
7.890000000000001,753.4502031841178,-6.132317343991054,0.6620637149463479,-6.794381058937402
7.8950000000000005,753.4535193986434,-6.136363860387017,0.664417731349165,-6.8007815917361825
7.9,753.4568473177143,-6.140414862942759,0.6667455176801793,-6.807160380622938
7.905,753.4601868099502,-6.1444701917316475,0.6690469820423797,-6.813517173774027
7.91,753.4635377435134,-6.148529686656264,0.6713220335779038,-6.819851720234168
7.915,753.4668999861148,-6.152593187454714,0.6735705824716215,-6.826163769926336
7.92,753.4702734050189,-6.156660533706961,0.6757925399546802,-6.832453073661641
7.925,753.4736578670492,-6.160731564841152,0.6779878183080131,-6.838719383149165
7.930000000000001,753.4770532385924,-6.1648061201399695,0.6801563308657973,-6.844962451005767
7.9350000000000005,753.4804593856054,-6.168884038746957,0.682297992018878,-6.851182030765835
7.94,753.4838761736191,-6.17296515967289,0.6844127172181487,-6.8573778768910385
7.945,753.487303467745,-6.177049321802118,0.6865004229778885,-6.8635497447800065
7.95,753.4907411326791,-6.1811363638989265,0.6885610268790556,-6.869697390777982
7.955,753.4941890327085,-6.1852261246139095,0.6905944475725452,-6.875820572186455
7.96,753.4976470317157,-6.189318442490333,0.6926006047823969,-6.8819190472727305
7.965,753.5011149931851,-6.193413155970508,0.6945794193089676,-6.887992575279476
7.97,753.5045927802074,-6.197510103402176,0.6965308130320561,-6.894040916434232
7.9750000000000005,753.5080802554857,-6.201609123044881,0.6984547089139866,-6.900063831958868
7.98,753.5115772813401,-6.205710053076363,0.7003510310026508,-6.906061084079013
7.985,753.5150837197145,-6.209812731598943,0.702219704434508,-6.912032436033451
7.99,753.5185994321804,-6.213916996645911,0.7040606554375368,-6.917977652083447
7.995,753.5221242799436,-6.218022686187929,0.7058738113341523,-6.923896497522081
8.0,753.5256581238492,-6.222129638139418,0.7076591005440701,-6.929788738683489
8.005,753.5292008243871,-6.226237690364965,0.709416452587137,-6.935654142952102
8.01,753.5327522416975,-6.230346680685718,0.7111457980861093,-6.941492478771828
8.015,753.5363122355765,-6.234456446885789,0.7128470687693953,-6.947303515655184
8.02,753.5398806654817,-6.23856682671866,0.7145201974737471,-6.953087024192407
8.025,753.5434573905378,-6.242677657913595,0.7161651181469159,-6.958842776060511
8.03,753.5470422695416,-6.246788778182026,0.7177817658502548,-6.964570544032281
8.035,753.5506351609683,-6.250900025223986,0.7193700767612894,-6.9702701019852755
8.040000000000001,753.5542359229765,-6.255011236734496,0.7209299881762286,-6.975941224910724
8.045,753.5578444134147,-6.259122250409975,0.7224614385124465,-6.981583688922422
8.05,753.5614604898258,-6.263232903954666,0.7239643673109137,-6.98719727126558
8.055,753.565084009453,-6.267343035087016,0.7254387152385792,-6.992781750325595
8.06,753.5687148292463,-6.271452481546106,0.7268844240907177,-6.998336905636824
8.065,753.572352805867,-6.275561081098039,0.7283014367932241,-7.003862517891263
8.07,753.575997795694,-6.279668671542358,0.7296896974048694,-7.009358368947227
8.075,753.5796496548295,-6.283775090718438,0.7310491511195064,-7.014824241837945
8.08,753.5833082391042,-6.2878801765119015,0.732379744268236,-7.020259920780138
8.085,753.5869734040837,-6.291983766861002,0.7336814243215242,-7.025665191182527
8.09,753.5906450050733,-6.296085699763036,0.7349541398912756,-7.031039839654311
8.095,753.5943228971246,-6.300185813280733,0.7361978407328644,-7.036383654013598
8.1,753.5980069350408,-6.304283945548646,0.7374124777471149,-7.041696423295761
8.105,753.6016969733823,-6.308379934779551,0.7385980029822438,-7.0469779377617945
8.11,753.6053928664729,-6.312473619270815,0.7397543696357474,-7.052227988906562
8.115,753.6090944684049,-6.316564837410805,0.7408815320562564,-7.057446369467062
8.120000000000001,753.6128016330455,-6.320653427685249,0.741979445745332,-7.062632873430581
8.125,753.6165142140422,-6.324739228683618,0.7430480673592257,-7.067787296042844
8.13,753.6202320648287,-6.3288220791055005,0.7440873547105907,-7.072909433816092
8.135,753.6239550386304,-6.3329018177669685,0.7450972667701453,-7.0779990845371135
8.14,753.627682988471,-6.336978283606944,0.7460777636682951,-7.08305604727524
8.145,753.6314157671773,-6.341051315693548,0.7470288066967048,-7.088080122390252
8.15,753.6351532273856,-6.345120753230464,0.7479503583098281,-7.093071111540293
8.155,753.6388952215473,-6.349186435563284,0.7488423821263883,-7.098028817689672
8.16,753.642641601935,-6.353248202185844,0.7497048429308167,-7.102953045116661
8.165000000000001,753.6463922206482,-6.357305892746571,0.7505377066746404,-7.107843599421211
8.17,753.6501469296185,-6.361359347054801,0.7513409404778276,-7.112700287532629
8.175,753.6539055806168,-6.365408405087119,0.7521145126300874,-7.117522917717206
8.18,753.6576680252576,-6.369452906993659,0.7528583925921175,-7.1223112995857765
8.185,753.6614341150066,-6.37349269310443,0.7535725509968149,-7.127065244101244
8.19,753.6652037011847,-6.377527603935605,0.7542569596504303,-7.131784563586035
8.195,753.6689766349751,-6.381557480195834,0.754911591533685,-7.136469071729519
8.2,753.672752767429,-6.385582162792513,0.7555364208028358,-7.141118583595349
8.205,753.6765319494709,-6.389601492838083,0.7561314227906952,-7.145732915628779
8.21,753.6803140319055,-6.3936153116562915,0.7566965740076061,-7.150311885663898
8.215,753.6840988654225,-6.3976234607884575,0.7572318521423682,-7.154855312930826
8.22,753.6878863006032,-6.401625781999734,0.7577372360631192,-7.159363018062853
8.225,753.6916761879262,-6.405622117285347,0.7582127058181692,-7.1638348231035165
8.23,753.6954683777731,-6.409612308876839,0.7586582426367887,-7.168270551513627
8.235,753.699262720435,-6.413596199248289,0.7590738289299481,-7.172670028178237
8.24,753.7030590661175,-6.41757363112255,0.7594594482910141,-7.1770330794135635
8.245000000000001,753.7068572649474,-6.421544447477433,0.7598150854963963,-7.181359532973829
8.25,753.7106571669786,-6.425508491551921,0.7601407265061475,-7.185649218058068
8.255,753.7144586221974,-6.42946560685236,0.7604363584645201,-7.18990196531688
8.26,753.7182614805287,-6.4334156371586255,0.7607019697004713,-7.194117606859097
8.265,753.7220655918424,-6.437358426530304,0.7609375497281258,-7.1982959762584295
8.27,753.7258708059584,-6.441293819312834,0.7611430892471879,-7.202436908560022
8.275,753.7296769726537,-6.445221660143664,0.7613185801433103,-7.206540240286975
8.28,753.7334839416671,-6.449141793958377,0.7614640154884137,-7.210605809446791
8.285,753.7372915627063,-6.453054065996821,0.7615793895409602,-7.214633455537781
8.290000000000001,753.7410996854528,-6.456958321809207,0.7616646977461803,-7.2186230195553875
8.295,753.7449081595685,-6.4608544072622145,0.7617199367362522,-7.222574343998467
8.3,753.7487168347011,-6.464742168545079,0.7617451043304354,-7.226487272875515
8.305,753.752525560491,-6.468621452175654,0.7617401995351568,-7.230361651710811
8.31,753.756334186576,-6.472492105006484,0.7617052225440489,-7.234197327550533
8.315,753.7601425625983,-6.4763539742308325,0.7616401747379437,-7.2379941489687765
8.32,753.7639505382097,-6.480206907388733,0.7615450586848165,-7.241751966073549
8.325,753.7677579630777,-6.484050752372995,0.7614198781396861,-7.245470630512681
8.33,753.7715646868917,-6.487885357435217,0.7612646380444656,-7.249149995479683
8.335,753.775370559369,-6.491710571191771,0.7610793445277677,-7.252789915719538
8.34,753.7791754302601,-6.495526242629781,0.7608640049046621,-7.256390247534443
8.345,753.7829791493552,-6.499332221113089,0.7606186276763878,-7.259950848789476
8.35,753.7867815664902,-6.503128356388194,0.7603432225300164,-7.26347157891821
8.355,753.7905825315521,-6.506914498590191,0.7600378003380708,-7.266952298928262
8.36,753.7943818944851,-6.5106904982486835,0.759702373158095,-7.270392871406779
8.365,753.7981795052974,-6.514456206293686,0.759336954232178,-7.273793160525864
8.370000000000001,753.8019752140654,-6.518211474061507,0.7589415579864321,-7.27715303204794
8.375,753.8057688709409,-6.521956153300616,0.758516200030423,-7.280472353331039
8.38,753.8095603261573,-6.5256900961775095,0.7580608971565519,-7.283750993334062
8.385,753.8133494300342,-6.5294131552825245,0.7575756673393959,-7.28698882262192
8.39,753.8171360329843,-6.533125183635681,0.7570605297349947,-7.290185713370676
8.395,753.8209199855191,-6.536826034692466,0.7565155046800973,-7.293341539372563
8.4,753.8247011382546,-6.540515562349636,0.7559406136913571,-7.296456176040993
8.405,753.8284793419172,-6.544193620950968,0.7553358794644844,-7.299529500415453
8.41,753.8322544473502,-6.547860065293021,0.7547013258733481,-7.302561391166369
8.415000000000001,753.8360263055187,-6.551514750630862,0.7540369779690351,-7.305551728599897
8.42,753.8397947675163,-6.55515753268379,0.7533428619788609,-7.308500394662651
8.425,753.8435596845706,-6.558788267641018,0.752619005305333,-7.311407272946351
8.43,753.8473209080491,-6.562406812167362,0.7518654365250714,-7.314272248692434
8.435,753.8510782894652,-6.566013023408894,0.7510821853876777,-7.317095208796572
8.44,753.8548316804839,-6.56960675899858,0.7502692828145632,-7.319876041813143
8.445,753.8585809329277,-6.573187877061911,0.7494267608977256,-7.322614637959637
8.45,753.8623258987826,-6.576756236222489,0.748554652898485,-7.325310889120974
8.455,753.8660664302039,-6.5803116956076195,0.7476529932461682,-7.327964688853788
8.46,753.8698023795216,-6.5838541148538665,0.746721817536751,-7.330575932390618
8.465,753.873533599247,-6.587383354112598,0.7457611625314526,-7.333144516644051
8.47,753.8772599420779,-6.590899274055503,0.7447710661552838,-7.335670340210787
8.475,753.8809812609047,-6.594401735880097,0.7437515674955504,-7.338153303375647
8.48,753.884697408816,-6.5978906013152,0.7427027068003097,-7.340593308115509
8.485,753.8884082391049,-6.601365732626388,0.7416245254767825,-7.342990258103171
8.49,753.8921136052741,-6.604826992621444,0.7405170660897165,-7.34534405871116
8.495000000000001,753.8958133610419,-6.608274244655762,0.739380372359708,-7.34765461701547
8.5,753.8995073603485,-6.6117073526377474,0.738214489161475,-7.3499218417992225
8.505,753.903195457361,-6.615126181034189,0.7370194625220851,-7.352145643556273
8.51,753.9068775064798,-6.618530594875608,0.7357953396191399,-7.354325934494748
8.515,753.9105533623439,-6.621920459761591,0.7345421687789093,-7.3564626285405
8.52,753.9142228798368,-6.625295641866087,0.733259999474429,-7.358555641340516
8.525,753.9178859140922,-6.628656007942701,0.7319488823235416,-7.360604890266242
8.53,753.9215423204998,-6.632001425329945,0.7306088690869031,-7.362610294416848
8.535,753.9251919547111,-6.635331761956484,0.7292400126659357,-7.36457177462242
8.540000000000001,753.9288346726445,-6.638646886346341,0.7278423671007421,-7.366489253447083
8.545,753.9324703304919,-6.6419466676240955,0.726415987567971,-7.368362655192066
8.55,753.9360987847241,-6.645230975520046,0.7249609303786377,-7.370191905898683
8.555,753.9397198920954,-6.648499680375351,0.723477252975904,-7.371976933351255
8.56,753.943333509651,-6.651752653147156,0.7219650139328064,-7.373717667079962
8.565,753.9469394947314,-6.654989765413673,0.7204242729499483,-7.375414038363622
8.57,753.9505377049786,-6.658210889379272,0.7188550908531384,-7.377065980232411
8.575000000000001,753.9541279983412,-6.661415897879501,0.7172575295909936,-7.378673427470495
8.58,753.9577102330809,-6.664604664386125,0.7156316522324918,-7.380236316618618
8.585,753.961284267777,-6.66777706301212,0.7139775229644789,-7.381754585976599
8.59,753.9648499613329,-6.670932968516626,0.7122952070891412,-7.383228175605767
8.595,753.9684071729808,-6.674072256309914,0.7105847710214216,-7.384657027331336
8.6,753.9719557622885,-6.6771948024582874,0.7088462822864015,-7.386041084744689
8.605,753.9754955891636,-6.680300483688984,0.7070798095166315,-7.387380293205616
8.61,753.9790265138598,-6.6833891773950365,0.7052854224494263,-7.388674599844463
8.615,753.9825483969822,-6.686460761640121,0.7034631919241069,-7.389923953564228
8.620000000000001,753.9860610994931,-6.689515115163362,0.7016131898792076,-7.391128305042569
8.625,753.9895644827169,-6.692552117384123,0.699735489349635,-7.392287606733758
8.63,753.993058408346,-6.695571648406767,0.6978301644637824,-7.393401812870549
8.635,753.9965427384461,-6.698573589025393,0.6958972904406078,-7.394470879466001
8.64,754.0000173354622,-6.701557820728538,0.6939369435866591,-7.395494764315197
8.645,754.0034820622229,-6.704524225703851,0.6919492012930679,-7.396473426996919
8.65,754.0069367819468,-6.707472686842762,0.6899341420324863,-7.397406828875249
8.655,754.0103813582475,-6.710403087745079,0.6878918453559975,-7.398294933101076
8.66,754.0138156551391,-6.713315312723608,0.6858223918899682,-7.399137704613576
8.665000000000001,754.0172395370412,-6.7162092468087,0.6837258633328706,-7.399935110141571
8.67,754.0206528687851,-6.719084775752806,0.6816023424520546,-7.400687118204861
8.675,754.0240555156182,-6.721941786034977,0.6794519130804791,-7.401393699115456
8.68,754.0274473432098,-6.724780164865351,0.6772746601134069,-7.402054824978758
8.685,754.0308282176564,-6.727599800189603,0.6750706695050468,-7.40267046969465
8.69,754.0341980054872,-6.730400580693369,0.6728400282651674,-7.403240608958537
8.695,754.0375565736682,-6.733182395806643,0.6705828244556553,-7.403765220262298
8.700000000000001,754.0409037896092,-6.735945135708135,0.668299147187044,-7.404244282895179
8.705,754.0442395211678,-6.738688691329615,0.6659890866149935,-7.404677777944608
8.71,754.047563636655,-6.741412954360218,0.6636527339367294,-7.405065688296947
8.715,754.0508760048407,-6.744117817250713,0.6612901813874482,-7.405407998638161
8.72,754.0541764949579,-6.746803173217755,0.6589015222366673,-7.405704695454422
8.725,754.0574649767092,-6.749468916248101,0.6564868507845526,-7.405955767032653
8.73,754.0607413202707,-6.752114941102787,0.654046262358188,-7.406161203460975
8.735,754.0640053962983,-6.754741143321297,0.6515798533078174,-7.406320996629114
8.74,754.0672570759317,-6.757347419225672,0.6490877210030361,-7.406435140228709
8.745000000000001,754.0704962308001,-6.7599336659246125,0.6465699638289515,-7.406503629753564
8.75,754.0737227330274,-6.762499781317536,0.6440266811822963,-7.406526462499833
8.755,754.0769364552368,-6.765045664098612,0.6414579734675039,-7.406503637566116
8.76,754.0801372705561,-6.767571213760758,0.6388639420927477,-7.406435155853505
8.765,754.0833250526223,-6.770076330599607,0.6362446894659333,-7.4063210200655405
8.77,754.0864996755874,-6.772560915717441,0.6336003189906607,-7.406161234708102
8.775,754.0896610141231,-6.77502487102711,0.6309309350621372,-7.405955806089247
8.78,754.0928089434246,-6.777468099255883,0.628236643063061,-7.405704742318944
8.785,754.0959433392175,-6.779890503949305,0.6255175493594537,-7.405408053308759
8.790000000000001,754.0990640777609,-6.782291989474993,0.62277376129647,-7.405065750771463
8.795,754.1021710358535,-6.784672461026422,0.6200053871941544,-7.404677848220576
8.8,754.1052640908382,-6.78703182462666,0.6172125363431642,-7.404244360969824
8.805,754.1083431206062,-6.789369987132079,0.6143953190004596,-7.403765306132539
8.81,754.1114080036026,-6.791686856236039,0.6115538463849448,-7.403240702620984
8.815,754.1144586188315,-6.793982340472521,0.6086882306730843,-7.402670571145605
8.82,754.1174948458595,-6.796256349219748,0.6057985849944668,-7.402054934214215
8.825000000000001,754.1205165648215,-6.798508792703757,0.6028850234273455,-7.401393816131103
8.83,754.1235236564255,-6.800739582001945,0.5999476609941318,-7.400687242996077
8.835,754.1265160019566,-6.80294862904658,0.5969866136568519,-7.399935242703432
8.84,754.129493483282,-6.805135846628272,0.594001998312575,-7.399137844940848
8.845,754.1324559828561,-6.8073011483994295,0.5909939327887911,-7.398295081188221
8.85,754.1354033837241,-6.809444448877649,0.5879625358387676,-7.397406984716416
8.855,754.1383355695281,-6.81156566344911,0.5849079271368499,-7.39647359058596
8.86,754.1412524245102,-6.8136647083719,0.5818302272737504,-7.39549493564565
8.865,754.1441538335181,-6.815741500779328,0.5787295577517761,-7.394471058531105
8.870000000000001,754.147039682009,-6.817795958683194,0.5756060409800395,-7.393401999663234
8.875,754.1499098560546,-6.819828000977026,0.5724598002696232,-7.392287801246649
8.88,754.1527642423454,-6.821837547439279,0.5692909598287093,-7.391128507267989
8.885,754.155602728195,-6.823824518736511,0.566099644757682,-7.389924163494193
8.89,754.1584252015451,-6.825788836426502,0.5628859810441817,-7.388674817470683
8.895,754.1612315509692,-6.827730422961362,0.5596500955581388,-7.3873805185195005
8.9,754.1640216656774,-6.829649201690587,0.5563921160467571,-7.386041317737344
8.905,754.1667954355206,-6.831545096864084,0.5531121711294785,-7.384657267993562
8.91,754.1695527509953,-6.833418033635168,0.5498103902928975,-7.383228423928066
8.915000000000001,754.1722935032475,-6.835267938063507,0.5464869038856561,-7.381754841949163
8.92,754.175017584077,-6.83709473711805,0.5431418431132964,-7.380236580231346
8.925,754.1777248859414,-6.838898358679905,0.5397753400330729,-7.378673698712978
8.93,754.1804153019615,-6.840678731545187,0.5363875275487531,-7.37706625909394
8.935,754.1830887259241,-6.842435785427832,0.5329785394053574,-7.37541432483319
8.94,754.185745052287,-6.844169450962369,0.52954851018389,-7.373717961146259
8.945,754.188384176183,-6.845879659706655,0.526097575296016,-7.371977235002671
8.950000000000001,754.1910059934243,-6.847566344144588,0.5226258709787233,-7.3701922151233115
8.955,754.1936104005056,-6.849229437688755,0.5191335342889416,-7.368362971977696
8.96,754.1961972946095,-6.850868874683083,0.515620703098128,-7.366489577781211
8.965,754.1987665736101,-6.852484590405409,0.5120875160868316,-7.36457210649224
8.97,754.2013181360766,-6.85407652107005,0.5085341127392101,-7.36261063380926
8.975,754.2038518812774,-6.855644603830315,0.5049606333375315,-7.360605237167847
8.98,754.2063677091849,-6.857188776780989,0.501367218956628,-7.358555995737617
8.985,754.2088655204784,-6.858708978960775,0.4977540114583356,-7.35646299041911
8.99,754.2113452165487,-6.8602051503546955,0.4941211534858816,-7.354326303840577
8.995000000000001,754.2138066995014,-6.861677231896475,0.4904687884582662,-7.352146020354741
9.0,754.2162498721618,-6.8631251654708585,0.486797060564594,-7.349922226035453
9.005,754.2186746380772,-6.8645488939159165,0.4831061147583787,-7.3476550086742956
9.01,754.2210809015223,-6.865948361025289,0.47939609675182887,-7.345344457777118
9.015,754.2234685675019,-6.867323511550421,0.4756671530100863,-7.342990664560507
9.02,754.2258375417548,-6.8686742912027245,0.4719194307454526,-7.340593721948177
9.025,754.2281877307582,-6.8700006466557415,0.46815307791156924,-7.338153724567311
9.03,754.2305190417306,-6.871302525547231,0.46436824319758463,-7.335670768744816
9.035,754.232831382636,-6.872579876481252,0.4605650760222758,-7.3331449525035275
9.040000000000001,754.2351246621871,-6.87383264903018,0.4567437265281571,-7.330576375558337
9.045,754.2373987898488,-6.875060793736705,0.4529043455755498,-7.327965139312255
9.05,754.239653675843,-6.8762642621157815,0.4490470847366229,-7.325311346852405
9.055,754.2418892311503,-6.877443006656542,0.4451720962894178,-7.32261510294596
9.06,754.2441053675147,-6.878596980824177,0.4412795332118242,-7.319876514036002
9.065,754.2463019974474,-6.879726139061766,0.4373695491755554,-7.3170956882373215
9.07,754.2484790342288,-6.88083043679208,0.43344229854006905,-7.31427273533215
9.075000000000001,754.2506363919134,-6.88190983041934,0.4294979363464815,-7.3114077667658215
9.08,754.2527739853325,-6.882964277330936,0.4255366183114442,-7.30850089564238
9.085,754.2548917300975,-6.883993735899115,0.4215585008209929,-7.305552236720108
9.09,754.2569895426034,-6.88499816548262,0.41756374092438137,-7.302561906407002
9.095,754.2590673400322,-6.885977526428292,0.4135524963278726,-7.299530022756164
9.1,754.2611250403561,-6.886931780072644,0.4095249253885215,-7.296456705461166
9.105,754.2631625623404,-6.88786088874338,0.4054811871079147,-7.293342075851295
9.11,754.2651798255475,-6.888764815760883,0.4014214411259023,-7.290186256886785
9.115,754.2671767503393,-6.889643525439666,0.3973458477142861,-7.286989373153952
9.120000000000001,754.2691532578805,-6.89049698308978,0.39325456777050105,-7.283751550860281
9.125,754.2711092701419,-6.89132515501818,0.3891477628112604,-7.2804729178294405
9.13,754.2730447099037,-6.892128008530059,0.3850255949661716,-7.277153603496231
9.135,754.274959500758,-6.89290551193014,0.3808882269713503,-7.273793738901491
9.14,754.2768535671121,-6.893657634523922,0.3767358221629824,-7.270393456686905
9.145,754.2787268341914,-6.894384346618896,0.37256854447088594,-7.266952891089781
9.15,754.2805792280427,-6.895085619525716,0.36838655841203016,-7.2634721779377465
9.155,754.2824106755368,-6.895761425559329,0.3641900290840505,-7.25995145464338
9.16,754.2842211043709,-6.896411738040076,0.3599791221587203,-7.256390860198796
9.165000000000001,754.2860104430728,-6.897036531294734,0.35575400387541983,-7.2527905351701545
9.17,754.2877786210021,-6.897635780657538,0.3515148410345692,-7.249150621692107
9.175,754.2895255683544,-6.8982094624711525,0.3472618009910402,-7.245471263462193
9.18,754.291251216163,-6.898757554087603,0.3429950516475569,-7.24175260573516
9.185,754.2929554963026,-6.899280033869172,0.3387147614480592,-7.237994795317231
9.19,754.294638341491,-6.899776881189257,0.334421099371062,-7.234197980560319
9.195,754.2962996852924,-6.9002480764331775,0.33011423492297054,-7.230362311356148
9.200000000000001,754.2979394621196,-6.900693600998952,0.3257943381314048,-7.226487939130357
9.205,754.2995576072374,-6.901113437298037,0.32146157953847776,-7.222575016836515
9.21,754.3011540567638,-6.901507568756016,0.3171161301940606,-7.2186236989500765
9.215,754.3027287476739,-6.901875979813255,0.31275816164903847,-7.214634141462294
9.22,754.3042816178017,-6.902218655925517,0.3083878459485281,-7.210606501874045
9.225,754.3058126058424,-6.902535583564539,0.30400535562509595,-7.206540939189635
9.23,754.3073216513552,-6.902826750218561,0.29961086369193657,-7.202437613910497
9.235,754.3088086947657,-6.903092144392821,0.2952045436360525,-7.198296688028874
9.24,754.310273677368,-6.903331755610016,0.2907865694113949,-7.194118325021411
9.245000000000001,754.3117165413269,-6.903545574410703,0.2863571154320058,-7.189902689842709
9.25,754.3131372296807,-6.903733592353685,0.28191635656512815,-7.1856499489188135
9.255,754.3145356863432,-6.9038958020163355,0.2774644681242982,-7.181360270140634
9.26,754.3159118561057,-6.904032196994896,0.2730016258624356,-7.177033822857331
9.265,754.3172656846391,-6.904142771904726,0.26852800596488885,-7.172670777869615
9.27,754.3185971184969,-6.904227522380518,0.2640437850424981,-7.168271307423016
9.275,754.3199061051162,-6.904286445076468,0.25954914012460717,-7.163835585201075
9.28,754.3211925928205,-6.904319537666412,0.25504424865208664,-7.159363786318498
9.285,754.3224565308215,-6.904326798843908,0.25052928847031825,-7.154856087314226
9.290000000000001,754.3236978692211,-6.904308228322297,0.24600443782218284,-7.1503126661444805
9.295,754.3249165590133,-6.904263826834715,0.24146987534102032,-7.145733702175735
9.3,754.3261125520864,-6.904193596134053,0.23692578004357273,-7.141119376177626
9.305,754.3272858012247,-6.904097538992899,0.23237233132292678,-7.1364698703158265
9.31,754.3284362601103,-6.903975659203425,0.22780970894142105,-7.131785368144846
9.315,754.3295638833249,-6.903827961577237,0.22323809302355968,-7.127066054600797
9.32,754.330668626352,-6.903654451945181,0.21865766404889098,-7.122312115994072
9.325000000000001,754.3317504455782,-6.903455137157124,0.2140686028448916,-7.1175237400020155
9.33,754.3328092982953,-6.903230025081666,0.20947109057982505,-7.112701115661491
9.335,754.3338451427014,-6.902979124605849,0.20486530875558023,-7.1078444333614295
9.34,754.3348579379033,-6.902702445634793,0.20025143920052357,-7.102953884835316
9.345,754.3358476439174,-6.902399999091308,0.19562966406230425,-7.098029663153612
9.35,754.3368142216721,-6.902071796915464,0.19100016580067586,-7.09307196271614
9.355,754.3377576330082,-6.901717852064122,0.1863631271802823,-7.088080979244404
9.36,754.3386778406816,-6.901338178510414,0.18171873126345317,-7.083056909773868
9.365,754.3395748083643,-6.900932791243205,0.17706716140296613,-7.077999952646171
9.370000000000001,754.3404485006452,-6.9005017062664855,0.172408601234818,-7.072910307501304
9.375,754.3412988830326,-6.9000449405987485,0.1677432346709707,-7.067788175269719
9.38,754.3421259219548,-6.899562512272324,0.16307124589208732,-7.062633758164411
9.385,754.3429295847619,-6.899054440332649,0.1583928193402695,-7.0574472596729185
9.39,754.3437098397264,-6.898520744837535,0.15370813971176622,-7.052228884549302
9.395,754.3444666560454,-6.897961446856364,0.14901739194969355,-7.046978838806058
9.4,754.345200003841,-6.8973765684692605,0.14432076123671805,-7.041697329705978
9.405,754.3459098541618,-6.896766132766219,0.13961843298776389,-7.036384565753982
9.41,754.3465961789843,-6.896130163846193,0.1349105928426781,-7.031040756688871
9.415000000000001,754.3472589512136,-6.895468686816144,0.13019742665891165,-7.025666113475055
9.42,754.3478981446843,-6.894781727790051,0.1254791205041783,-7.02026084829423
9.425,754.3485137341625,-6.8940693138878775,0.12075586064910504,-7.014825174536982
9.43,754.3491056953454,-6.8933314732345,0.1160278335598881,-7.009359306794389
9.435,754.3496740048637,-6.892568234958604,0.11129522589092011,-7.003863460849525
9.44,754.3502186402814,-6.891779629191523,0.10655822447743302,-6.998337853668956
9.445,754.3507395800973,-6.890965687066063,0.10181701632811024,-6.992782703394173
9.450000000000001,754.3512368037455,-6.890126440715261,0.09707178861771465,-6.987198229332976
9.455,754.3517102915963,-6.889261923271123,0.09232272867969393,-6.981584651950817
9.46,754.3521600249576,-6.888372168863313,0.08757002399878183,-6.975942192862095
9.465,754.3525859860745,-6.887457212617808,0.08281386220360698,-6.970271074821415
9.47,754.3529881581308,-6.886517090655513,0.07805443105926918,-6.964571521714782
9.475,754.3533665252493,-6.885551840090827,0.07329191845994643,-6.958843758550773
9.48,754.3537210724929,-6.884561499030186,0.0685265124214604,-6.953088011451646
9.485,754.3540517858647,-6.883546106570555,0.06375840107386593,-6.947304507644421
9.49,754.3543586523086,-6.882505702797888,0.05898777265401378,-6.941493475451902
9.495000000000001,754.3546416597101,-6.88144032878554,0.05421481549812818,-6.935655144283668
9.5,754.3549007968963,-6.880350026592646,0.04943971803436792,-6.929789744627014
9.505,754.3551360536372,-6.879234839262469,0.04466266877538355,-6.923897508037852
9.51,754.3553474206454,-6.87809481082069,0.039883856310884425,-6.917978667131574
9.515,754.3555348895761,-6.876929986273674,0.035103469300182766,-6.912033455573857
9.52,754.3556984530287,-6.875740411606696,0.030321696464756964,-6.906062108071453
9.525,754.3558381045458,-6.874526133782123,0.025538726580789317,-6.900064860362912
9.53,754.3559538386141,-6.8732872007375585,0.02075474847172687,-6.894041949209285
9.535,754.3560456506648,-6.872023661383954,0.015969951000810056,-6.887993612384764
9.540000000000001,754.3561135370734,-6.870735565603673,0.01118452306363421,-6.881920088667307
9.545,754.3561574951596,-6.869422964248529,0.006398653580683367,-6.875821617829213
9.55,754.3561775231882,-6.868085909137769,0.0016125314898687848,-6.869698440627638
9.555,754.3561736203684,-6.866724453056034,-0.0031736542609203666,-6.863550798795114
9.56,754.3561457868544,-6.8653386497512745,-0.007959714721287148,-6.857378935029987
9.565,754.3560940237448,-6.863928553932628,-0.012745460945775222,-6.851183092986853
9.57,754.3560183330835,-6.862494221268255,-0.01753070400133938,-6.844963517266915
9.575000000000001,754.3559187178585,-6.861035708383149,-0.02231525497479475,-6.838720453408354
9.58,754.3557951820021,-6.859553072856895,-0.02709892498027827,-6.832454147876616
9.585,754.3556477303915,-6.858046373221399,-0.03188152516671028,-6.826164848054689
9.59,754.3554763688481,-6.856515668958579,-0.03666286672524044,-6.8198528022333385
9.595,754.3552811041367,-6.854961020498011,-0.04144276089671195,-6.813518259601299
9.6,754.355061943966,-6.853382489214548,-0.04622101897910197,-6.807161470235446
9.605,754.354818896988,-6.851780137425895,-0.050997452334986815,-6.800782685090908
9.61,754.354551972798,-6.850154028390153,-0.055771872398970634,-6.794382155991182
9.615,754.3542611819337,-6.848504226303315,-0.060544090685145546,-6.787960135618169
9.620000000000001,754.3539465358748,-6.846830796296735,-0.06531391879452197,-6.781516877502213
9.625,754.3536080470433,-6.845133804434561,-0.07008116842247047,-6.775052636012091
9.63,754.3532457288019,-6.843413317711116,-0.07484565136615973,-6.768567666344956
9.635,754.3528595954542,-6.841669404048266,-0.07960717953197693,-6.762062224516289
9.64,754.3524496622445,-6.839902132292727,-0.0843655649429641,-6.755536567349763
9.645,754.3520159453558,-6.838111572213358,-0.0891206197462287,-6.748990952467129
9.65,754.3515584619108,-6.836297794498395,-0.09387215622036998,-6.742425638278025
9.655,754.3510772299701,-6.834460870752673,-0.09861998678287826,-6.735840883969795
9.66,754.350572268532,-6.832600873494785,-0.10336392399755745,-6.729236949497228
9.665000000000001,754.3500435975312,-6.830717876154233,-0.10810378058190234,-6.722614095572331
9.67,754.3494912378391,-6.828811953068521,-0.11283936941450778,-6.715972583654013
9.675,754.3489152112616,-6.826883179480221,-0.1175705035424589,-6.709312675937762
9.68,754.3483155405395,-6.824931631534003,-0.1222969961886956,-6.702634635345308
9.685,754.3476922493466,-6.822957386273633,-0.12701866075940219,-6.695938725514231
9.69,754.3470453622892,-6.820960521638926,-0.13173531085136184,-6.689225210787565
9.695,754.3463749049058,-6.8189411164626685,-0.13644676025932578,-6.6824943562033425
9.700000000000001,754.3456809036645,-6.816899250467512,-0.14115282298335569,-6.675746427484156
9.705,754.3449633859634,-6.814835004262822,-0.14585331323617015,-6.6689816910266515
9.71,754.3442223801289,-6.812748459341496,-0.15054804545048323,-6.662200413891013
9.715,754.3434579154145,-6.81063969807675,-0.15523683428632123,-6.655402863790429
9.72,754.3426700220002,-6.808508803718854,-0.15991949463835026,-6.648589309080504
9.725,754.3418587309905,-6.806355860391865,-0.16459584164317295,-6.641760018748692
9.73,754.3410240744137,-6.80418095309029,-0.1692656906866375,-6.634915262403652
9.735,754.3401660852207,-6.801984167675735,-0.17392885741111377,-6.628055310264621
9.74,754.3392847972837,-6.799765590873517,-0.17858515772278732,-6.621180433150729
9.745000000000001,754.338380245394,-6.797525310269245,-0.18323440779891015,-6.614290902470335
9.75,754.337452465262,-6.795263414305352,-0.1878764240950666,-6.607386990210285
9.755,754.3365014935148,-6.792979992277605,-0.1925110233524223,-6.600468968925183
9.76,754.3355273676952,-6.7906751343315905,-0.19713802260494953,-6.593537111726641
9.765,754.3345301262599,-6.788348931459143,-0.20175723918666094,-6.586591692272481
9.77,754.3335098085784,-6.7860014754947615,-0.20636849073881042,-6.579632984755951
9.775,754.3324664549309,-6.783632859111978,-0.21097159521710301,-6.572661263894875
9.78,754.3314001065074,-6.781243175819703,-0.21556637089887073,-6.565676804920832
9.785,754.3303108054057,-6.778832519958529,-0.22015263639025742,-6.558679883568272
9.790000000000001,754.329198594629,-6.776400986697015,-0.224730210633371,-6.551670776063644
9.795,754.328063518086,-6.773948672027923,-0.22929891291343468,-6.544649759114488
9.8,754.3269056205871,-6.771475672764425,-0.2338585628659256,-6.537617109898499
9.805,754.3257249478445,-6.76898208653629,-0.23840898048368472,-6.530573106052605
9.81,754.324521546469,-6.766468011786019,-0.24294998612403873,-6.52351802566198
9.815,754.3232954639687,-6.763933547764973,-0.24748140051587408,-6.516452147249098
9.82,754.3220467487474,-6.761378794529439,-0.25200304476672974,-6.509375749762709
9.825000000000001,754.3207754501022,-6.758803852936692,-0.25651474036984906,-6.502289112566843
9.83,754.3194816182216,-6.756208824641008,-0.2610163092112311,-6.4951925154297765
9.835,754.3181653041842,-6.7535938120896475,-0.2655075735766658,-6.488086238512982
9.84,754.3168265599555,-6.750958918518823,-0.26998835615874106,-6.480970562360081
9.845,754.3154654383872,-6.748304247949605,-0.27445848006385276,-6.473845767885752
9.85,754.3140819932136,-6.745629905183838,-0.2789177688191779,-6.46671213636466
9.855,754.3126762790508,-6.7429359957999795,-0.28336604637965174,-6.459569949420327
9.86,754.3112483513944,-6.740222626148954,-0.28780313713490613,-6.452419489014048
9.865,754.3097982666162,-6.737489903349933,-0.2922288659162191,-6.445261037433713
9.870000000000001,754.3083260819631,-6.734737935286126,-0.2966430580034084,-6.438094877282717
9.875,754.3068318555545,-6.731966830600512,-0.3010455391317446,-6.430921291468767
9.88,754.3053156463798,-6.729176698691543,-0.305436135498833,-6.42374056319271
9.885,754.3037775142963,-6.726367649708843,-0.3098146737714601,-6.416552975937383
9.89,754.302217520027,-6.723539794548842,-0.3141809810924515,-6.409358813456391
9.895,754.3006357251576,-6.720693244850412,-0.31853488508748495,-6.402158359762927
9.9,754.2990321921349,-6.717828112990447,-0.322876213871905,-6.394951899118542
9.905,754.2974069842633,-6.7149445120794375,-0.3272047960574992,-6.3877397160219385
9.91,754.2957601657034,-6.712042555956998,-0.33152046075927366,-6.380522095197724
9.915000000000001,754.2940918014688,-6.7091223591873765,-0.33582303760219095,-6.373299321585185
9.92,754.2924019574236,-6.706184037054929,-0.34011235672789997,-6.366071680327029
9.925,754.29069070028,-6.7032277055595735,-0.3443882488014451,-6.358839456758129
9.93,754.2889580975955,-6.700253481412202,-0.34865054501794157,-6.35160293639426
9.935,754.2872042177701,-6.697261482030077,-0.35289907710925567,-6.344362404920822
9.94,754.285429130044,-6.694251825532206,-0.35713367735062396,-6.337118148181582
9.945,754.283632904495,-6.691224630734657,-0.36135417856730234,-6.329870452167354
9.950000000000001,754.2818156120345,-6.6881800171458865,-0.3655604141411432,-6.3226196030047435
9.955,754.2799773244064,-6.685118104962016,-0.36975221801718333,-6.315365886944833
9.96,754.278118114183,-6.682039015062084,-0.37392942471020185,-6.308109590351882
9.965,754.2762380547628,-6.678942869003272,-0.3780918693112447,-6.300850999692027
9.97,754.2743372203672,-6.675829789016115,-0.3822393874941448,-6.29359040152197
9.975,754.2724156860382,-6.672699897999671,-0.3863718155219997,-6.286328082477671
9.98,754.2704735276343,-6.669553319516663,-0.3904889902536448,-6.279064329263019
9.985,754.2685108218287,-6.66639017778861,-0.3945907491500851,-6.271799428638525
9.99,754.2665276461057,-6.663210597690919,-0.3986769302809208,-6.2645336674099985
9.995000000000001,754.2645240787577,-6.660014704747957,-0.4027473723307323,-6.257267332417225
10.0,754.2625001988821,-6.656802625128092,-0.4068019146054505,-6.250000710522642
