time_s,V_A,P_A,f_o,f_c,p_o,p_c,z
0,1,760,0.1368,0.05263,40,46,4.4219e-07
0.005,1.0160918290582142,759.966922905067,0.13679981748127845,0.052628568680243154,40.672729879807235,43.391922809686406,7.060558032801731e-05
0.01,1.0319939693695166,759.9342719838435,0.1368071543643854,0.05262146349098434,41.36398269794345,41.07213534316708,0.0001367216063591713
0.015,1.0477088772144976,759.9020421662647,0.13682168041406526,0.052608966305515495,42.074830210256415,39.00876209973442,0.00019922804453134597
0.02,1.0632389779552125,759.8702284316678,0.13684308385998498,0.05259133986608546,42.80639948009732,37.17343602162411,0.0002585142797283533
0.025,1.07858666641456,759.8388258095273,0.13687107001323884,0.052568829568008166,43.55987457436673,35.5409128470944,0.0003149266325366805
0.03,1.0937543072517224,759.8078293800346,0.13690536001448345,0.05254166504048188,44.33649771200718,34.088727836358224,0.0003687731009444979
0.035,1.1087442353329693,759.7772342745423,0.13694568969879053,0.05251006155037509,45.13756966695578,32.796890220631774,0.00042032758073511057
0.04,1.1235587560978713,759.74703567589,0.13699180856417553,0.052474221251571807,45.96444917733558,31.647611225337855,0.00046983362190966625
0.045,1.1382001459209812,759.7172288186233,0.13704347883241932,0.052434334299287,46.8185510522089,30.625061978508153,0.000517507772118942
0.05,1.1526706524690393,759.6878089891188,0.13710047459220767,0.0523905798460798,47.701342595301156,29.715158021021082,0.0005635425524803349
0.055,1.1669724950537577,759.6587715256276,0.13716258101581344,0.05234312693401471,48.61433788073988,28.90536749573417,0.0006081091061762549
0.06,1.1811078649802393,759.6301118182421,0.13722959364157802,0.052292135295477236,49.55908931857848,28.18454041374093,0.0006513595557922367
0.065,1.195078925891088,759.6018253088004,0.13730131771533238,0.05223775607348979,50.537175838175436,27.54275668210223,0.0006934291013993364
0.07,1.20888781410626,759.5739074907301,0.13737756758465364,0.05218013247095396,51.55018689764948,26.971190831710214,0.0007344378878710335
0.075,1.2225366389587098,759.5463539088399,0.13745816614050405,0.05211940033702698,52.59970140240161,26.461991610380707,0.0007744926667955373
0.08,1.2360274831258868,759.5191601590647,0.13754294430135527,0.05205568869779213,53.687260493237524,26.0081748082914,0.0008136882755523866
0.085,1.2493624029571326,759.492321888166,0.13763174053537727,0.051989120237484386,54.81433305961951,25.60352786159578,0.0008521089536522726
0.09,1.262543428797025,759.4658347933932,0.1377244004166809,0.05191981173575355,55.982272766015186,25.24252494031584,0.0008898295142238395
0.095,1.2755725653047274,759.4396946221087,0.1378207762119627,0.05184787446577405,57.1922653791808,24.920251369045847,0.0009269163865626176
0.1,1.2884517917693887,759.4138971713754,0.1379207264942054,0.05177341455743397,58.44526529526429,24.632336354368324,0.0009634285439243901
0.105,1.3011830624216436,759.3884382875123,0.13802411578037727,0.05169653332932389,59.74192043538891,24.37489310711504,0.000999418329166375
0.11,1.31376830674126,759.3633138656161,0.13813081419033366,0.051617327592812436,61.082485178171666,24.144465546372825,0.0010349321894743831
0.115,1.3262094297609872,759.3385198490508,0.13824069712439613,0.05153588993110421,62.46672178968503,23.93798086276584,0.0010700113301613569
0.12,1.3385083123666452,759.3140522289051,0.13835364495736494,0.051452308955843254,63.89379197202195,23.752707296619164,0.0011046922964434846
0.125,1.350666811593509,759.2899070434181,0.13846954274704618,0.05136666954352087,65.36214171704846,23.586216558354106,0.0011390074911083556
0.13,1.3626867609190243,759.266080377376,0.13858827995575448,0.051279053053679094,66.86938462871142,23.4363503812559,0.001172985635121655
0.135,1.374569970551913,759.2425683614803,0.13870975018369844,0.05118953753066335,68.41219117801734,23.301190752050005,0.001206652177454517
0.14,1.386318227717702,759.2193671716922,0.13883385091369035,0.05109819789045215,69.98619378120772,23.179033416137955,0.0012400296597029267
0.145,1.3979332969407277,759.1964730285594,0.1389604832672122,0.051005106093902935,71.58591976596867,23.06836429616906,0.001273138040492317
0.15,1.4094169203226559,759.1738821965322,0.13908955177252383,0.05091033130755915,73.20476573986713,22.96783850503065,0.0013059949840743008
0.155,1.4207708178175618,759.1515909832805,0.13922096414612994,0.050813940053007475,74.83502694792917,22.87626166776961,0.0013386161170602631
0.16,1.431996687503611,759.1295957390232,0.13935463108947926,0.05071599634562997,76.46799329162239,22.792573298653757,0.0013710152567983098
0.165,1.4430962058513919,759.1078928558857,0.13949046610314106,0.05061656182347768,78.09411935001467,22.71583200753648,0.001403204614513548
0.17,1.4540710279889264,759.0864787672988,0.13962838532079896,0.05051569586690252,79.70326895400213,22.645202334411238,0.0014351949759898136
0.17500000000000002,1.4649227879634161,759.0653499474553,0.13976830736513507,0.05041345570952565,81.2850261884938,22.57994303320213,0.0014669958622645482
0.18,1.4756530989997545,759.0445029108325,0.13991015322701036,0.05030989654109393,82.8290553373007,22.51939664541894,0.0014986156725377913
0.185,1.4862635537558488,759.02393421179,0.1400538461683205,0.05020507160277797,84.32548397855011,22.46298022177329,0.001530061811254741
0.19,1.4967557245747918,759.0036404442413,0.14019931164763122,0.050099032275483936,85.76527798393766,22.41017706570603,0.0015613408011022388
0.195,1.5071311637339206,758.9836182413984,0.1403464772663417,0.04999182816178246,87.14057604739008,22.36052938649718,0.0015924583834699432
0.2,1.5173914036908034,758.9638642755706,0.1404952727318885,0.049883507162087976,88.44495515785538,22.31363176130849,0.0016234196077656157
0.20500000000000002,1.5275379573261936,758.9443752580097,0.14064562983364617,0.049774115545720955,89.6736064317626,22.269125317926004,0.0016542289108025406
0.21,1.5375723181839998,758.9251479387785,0.14079748242672693,0.04966369801748337,90.82341158025257,22.22669255826974,0.0016848901873624522
0.215,1.5474959607082182,758.9061791066225,0.14095076641898044,0.04955229778030273,91.8929217670487,22.186052754017183,0.0017154068528821226
0.22,1.5573103404770985,758.887465588829,0.1411054197570148,0.049439956594525936,92.88225057948986,22.14695784716508,0.0017457818991901378
0.225,1.5670168944342802,758.8690042510596,0.14126138240796254,0.04932671483422063,93.79290009818709,22.109188805390012,0.0017760179439872963
0.23,1.5766170411171347,758.8507919971433,0.14141859633473855,0.04921261154088993,94.62754244719486,22.072552378547257,0.0018061172748107621
0.23500000000000001,1.5861121808822922,758.8328257688269,0.1415770054636117,0.049097684474851855,95.38977936779435,22.03687821336887,0.0018360818880750992
0.24,1.5955036961283886,758.8151025454775,0.14173655564386548,0.04898197016448044,96.08389976518983,22.00201628670223,0.0018659135237377154
0.245,1.60479295151606,758.7976193437462,0.14189719460004935,0.04886550395343944,96.71465097716151,21.96783462294742,0.0018956136960628605
0.25,1.6139812941852334,758.7803732171875,0.14205887187789698,0.04874832004600857,97.28703462603148,21.934217263362676,0.001925183720930328
0.255,1.6230700539697405,758.7633612558487,0.14222153878523436,0.04863045155056031,97.80613329623989,21.901062460283754,0.001954624740060865
0.26,1.6320605436092825,758.7465805858329,0.14238514832933902,0.048511930521235334,98.27697034870333,21.86828107133104,0.001983937742502122
0.265,1.6409540589587917,758.7300283688415,0.14254965515216966,0.04839278799785742,98.70440215759064,21.835795131518168,0.0020131235836797173
0.27,1.6497518791952102,758.7137018017039,0.14271501546475077,0.04827305404412795,99.0930400553317,21.803536583686494,0.002042183002283231
0.275,1.6584552670217239,758.6975981159003,0.1428811869818071,0.04815275778414202,99.4471981284054,21.77144614989314,0.0020711166352265263
0.28,1.6670654688694857,758.6817145770812,0.14304812885753213,0.048031927437276536,99.77086250000382,21.739472328119465,0.0020999250308976745
0.28500000000000003,1.675583715096951,758.6660484845878,0.14321580162313705,0.04791059035151858,100.06767778218132,21.70757050019189,0.002128608660892444
0.29,1.6840112201862938,758.6505971709785,0.14338416712683735,0.04778877303520248,100.34094667523162,21.6757021407259,0.002157167930373054
0.295,1.6923491829382384,758.6353580015581,0.14355318847619994,0.04766650118742744,100.59363922962824,21.64383411107134,0.00218560318726909
0.3,1.7005987866638461,758.6203283739177,0.1437228299834881,0.04754379972698127,100.82840880499138,21.611938034542387,0.0022139147303755625
0.305,1.7087611993740837,758.6055057174826,0.1438930571138361,0.047420692819965304,101.04761234409524,21.57998974076317,0.00224210281651322
0.31,1.7168375739671384,758.5908874930697,0.1440638364362684,0.0472972039061748,101.2533331119655,21.547968771927653,0.0022701676668501745
0.315,1.724829048413399,758.5764711924538,0.14423513557752676,0.04717335572428471,101.44740448064196,21.51585794438084,0.0022981094724755595
0.32,1.7327367459381589,758.5622543379449,0.1444069231786038,0.04704917033590242,101.63143373374766,21.483642959582635,0.0023259283993066634
0.325,1.740561775202076,758.5482344819739,0.1445791688538279,0.046924669148557675,101.80682515879757,21.451312058570583,0.002353624592410101
0.33,1.7483052304794164,758.5344092066872,0.1447518431523645,0.0467998729376822,101.97480195648181,21.41885571538811,0.00238119817979916
0.335,1.7559681918341,758.5207761235522,0.14492491752198128,0.04667480186763319,102.13642666044171,21.386266365156857,0.002408649275766501
0.34,1.7635517252935948,758.5073328729683,0.1450983642749052,0.04654947551181984,102.29261992706975,21.353538162734754,0.002435977983807656
0.34500000000000003,1.7710568830206708,758.4940771238886,0.14527215655563705,0.046423912871975025,102.44417762690627,21.32066676881099,0.002463184399178425
0.35000000000000003,1.77848470348304,758.4810065734476,0.14544626831056878,0.046298132396622234,102.59178626067207,21.287649160259434,0.002490268611129546
0.355,1.7858362116209234,758.4681189465969,0.14562067425926944,0.046172151998780116,102.73603676188732,21.254483462094814,0.002517230704854897
0.36,1.7931124190125522,758.4554119957468,0.14579534986731213,0.04604598907294547,102.87743678063771,21.221168798619964,0.002544070763186082
0.365,1.8003143240376442,758.442883500416,0.14597027132052293,0.04591966051139301,103.01642156074264,21.187705161625505,0.0025707888680625425
0.37,1.807442912038871,758.4305312668859,0.1461454155005452,0.04579318271982699,103.15336352909699,21.154093293751686,0.0025973851018029023
0.375,1.8144991554813454,758.4183531278613,0.14632075996161847,0.045666571632418544,103.28858071952594,21.120334585310836,0.002623859548200666
0.38,1.8214840141101538,758.4063469421377,0.14649628290848307,0.045539842726259584,103.42234414893372,21.08643098307348,0.0026502122934645746
0.385,1.8283984351059548,758.3945105942714,0.14667196317532774,0.04541301103526245,103.55488425830795,21.05238490968164,0.0026764434270217445
0.39,1.8352433532386738,758.3828419942575,0.14684778020570521,0.04528609116353312,103.68639652458663,21.018199192488765,0.002702553042199815
0.395,1.8420196910193083,758.3713390772114,0.1470237140333507,0.04515909729824214,103.81704633760013,20.983877000796866,0.002728541236802032
0.4,1.8487283588498797,758.3599998030542,0.14719974526383706,0.04503204322202004,103.94697323417229,20.949421790502278,0.002754408113588566
0.405,1.855370255171542,758.3488221562047,0.14737585505701736,0.04490494232489607,104.0762945632739,20.914837255375314,0.002780153780674537
0.41000000000000003,1.8619462666108813,758.3378041452744,0.14755202511019766,0.04477780761580544,104.20510865870429,20.88012728416631,0.002805778351855531
0.41500000000000004,1.8684572681244191,758.3269438027662,0.14772823764199947,0.0446506517336816,104.33349757766638,20.84529592293178,0.0028312819468687992
0.42,1.87490412314135,758.3162391847791,0.1479044753768666,0.04452348695815451,104.46152946426153,20.810347341956515,0.002856664691598425
0.425,1.881287683704532,758.305688370715,0.1480807215301784,0.044396325219872364,104.58926058629608,20.77528580675857,0.0028819267182313276
0.43,1.887608790609748,758.2952894629906,0.14825695979393724,0.04426917811046157,104.71673708717462,20.74011565273212,0.0029070681653700268
0.435,1.893868273543268,758.2850405867528,0.1484331743229945,0.044142056892143455,104.84399649345545,20.704841262982676,0.002932089178108041
0.44,1.9000669512177286,758.2749398895971,0.14860934972178658,0.044014972507021695,104.97106900972076,20.669467049005096,0.00295698990807255
0.445,1.9062056315063438,758.264985541291,0.14878547103155734,0.043887935586052224,105.09797862861214,20.633997433893985,0.00298177051343843
0.45,1.9122851115754846,758.2551757334998,0.14896152371803636,0.04376095645771316,105.22474408391925,20.598436837759834,0.003006431158917892
0.455,1.9183061780156356,758.245508679516,0.14913749365955326,0.043634045156384506,105.35137966623057,20.56278966512431,0.0030309720157287072
0.46,1.9242696069707426,758.2359826139932,0.14931336713556884,0.04350721143044876,105.47789592047148,20.52706029406287,0.003055393261544053
0.465,1.9301761642659927,758.2265957926819,0.14948913081559687,0.043380464750127745,105.60430024314992,20.49125306687084,0.0030796950804268053
0.47000000000000003,1.936026605534031,758.2173464921696,0.1496647717485029,0.04325381431506342,105.73059739208556,20.455372282092558,0.0031038776627503786
0.47500000000000003,1.941821676339626,758.208233009624,0.14984027735216446,0.043127269061651624,105.85678992071182,20.419422187758222,0.00312794120510812
0.48,1.9475621123028233,758.1992536625387,0.15001563540347074,0.04300083767014246,105.98287854899021,20.38340697566421,0.0031518859102132746
0.485,1.953248639220601,758.1904067884832,0.15019083402864927,0.042874528571515275,106.1088624792032,20.34733077658271,0.0031757119867909744
0.49,1.958881973187025,758.181690744855,0.1503658616939097,0.04274834995413353,106.23473966380787,20.31119765630188,0.0031994196494635374
0.495,1.9644628207119483,758.1731039086357,0.15054070719638551,0.04262230977019254,106.36050703344445,20.27501161237601,0.0032230091186304945
0.5,1.969991878838264,758.1646446761489,0.15071535965536276,0.042496415741966796,106.48616069037838,20.23877657150601,0.003246480620344342
0.505,1.9754698352577447,758.1563114628224,0.15088980850378247,0.04237067536786556,106.61169607243608,20.202496387471047,0.0032698343861829377
0.51,1.9808973684254192,758.1481027029525,0.15106404348001723,0.04224509592829619,106.73710809075143,20.166174839562203,0.0032930706531192826
0.515,1.986275147672603,758.1400168494716,0.15123805461989298,0.04211968449135467,106.8623912470357,20.129815631419408,0.003316189663389634
0.52,1.9916038333185528,758.1320523737179,0.15141183224895524,0.041994447918343836,106.98753973222719,20.09342239024057,0.003339191664360392
0.525,1.9968840767807567,758.1242077652095,0.15158536697497163,0.04186939286912483,107.11254750923187,20.05699866631594,0.003362076908394329
0.53,2.002116520683821,758.1164815314195,0.15175864968067024,0.04174452580730143,107.23740838177223,20.020547932853155,0.0033848456527166516
0.535,2.0073017989671245,758.1088721975551,0.15193167151667977,0.041619853005261505,107.36211605296977,19.98407358602134,0.003407498159281363
0.54,2.0124405369911185,758.1013783063391,0.15210442389468665,0.041495380549064556,107.48666417368781,19.947578945214953,0.0034300346946381905
0.545,2.0175333516423364,758.0939984177936,0.15227689848079362,0.041371114343186015,107.61104638265523,19.91106725349701,0.0034524555298004194
0.55,2.0225808514371435,758.0867311090268,0.15244908718907016,0.04124706011512537,107.73525633973307,19.874541678193683,0.0034747609401138543
0.555,2.027583636624173,758.079574974023,0.1526209821752979,0.04112322341987532,107.85928775305705,19.838005311624848,0.0034969512051272324
0.56,2.032542299285547,758.072528623434,0.1527925758308921,0.04099960964426567,107.9831344014738,19.8014611719388,0.0035190266084641993
0.5650000000000001,2.037457423436936,758.0655906843735,0.1529638607769875,0.04087622401118999,108.1067901528995,19.764912204036616,0.003540987437696893
0.5700000000000001,2.0423295851263337,758.0587598002151,0.15313482985870314,0.040753071583704864,108.23024897878766,19.72836128058113,0.003562833984221453
0.5750000000000001,2.0471593525316245,758.0520346303902,0.15330547613957002,0.040630157269012694,108.35350496560417,19.691811203069957,0.0035845665431355014
0.58,2.051947286056957,758.045413850192,0.1534757928961175,0.04050748582233156,108.47655232382844,19.6552647029592,0.003606185413117701
0.585,2.0566939384279954,758.0388961505787,0.1536457736126037,0.04038506185066202,108.59938539500921,19.618724442824526,0.0036276908963093616
0.59,2.0613998547860137,758.0324802379806,0.15381541197589277,0.04026288981644897,108.72199865696115,19.5821930175563,0.003649083298198184
0.595,2.0660655727808566,758.02616483411,0.15398470187047325,0.040140974041143036,108.84438672744828,19.545672955579843,0.0036703629275041884
0.6,2.07069162266272,758.0199486757716,0.15415363737361992,0.0400193187086592,108.96654436655848,19.509166720094242,0.0036915300960679684
0.605,2.0752785273728382,758.013830514678,0.15432221275068503,0.039897927868742945,109.08846647812064,19.472676710320844,0.0037125851187411654
0.61,2.0798268026330957,758.0078091172646,0.15449042245051445,0.03977680544024722,109.21014811031178,19.436205262756776,0.0037335283132791455
0.615,2.0843369570344294,758.0018832645094,0.15465826110100175,0.03965595521431077,109.33158445547215,19.39975465243013,0.0037543600002361904
0.62,2.0888094921245246,757.9960517517526,0.15482572350472085,0.03953538085748031,109.4527708495557,19.363327094152933,0.00377508050286216
0.625,2.0932449024941153,757.9903133885198,0.15499280463471224,0.039415085914722724,109.57370277088046,19.326924743768963,0.0037956901470020876
0.63,2.097643675862292,757.984666998348,0.15515949963037617,0.03929507381236101,109.69437583855022,19.290549699392184,0.0038161892609978923
0.635,2.1020062931607946,757.979111418612,0.15532580379347172,0.0391753478609344,109.81478581059352,19.25420400263368,0.003836578175592237
0.64,2.106333228617406,757.9736455003542,0.15549171258420955,0.03905591125799146,109.93492858186622,19.217889639817674,0.0038568572238342966
0.645,2.1106249498379825,757.9682681081167,0.1556572216174826,0.03893676709078438,110.05480018174313,19.181608543175617,0.0038770267409884485
0.65,2.1148819178879132,757.9629781197748,0.15582232665915066,0.038817918338925096,110.17439677177309,19.145362592028725,0.0038970870644441523
0.655,2.119104587372358,757.9577744263723,0.1559870236224462,0.038699367876954306,110.29371464312244,19.109153613951314,0.003917038533628417
0.66,2.123293406515846,757.9526559319598,0.15615130856443998,0.03858111847686791,110.41275021400367,19.07298338592052,0.0039368814899196115
0.665,2.1274488172408184,757.9476215534329,0.1563151776826089,0.03846317281057026,110.53150002698828,19.036853635446747,0.0039566162765635
0.67,2.1315712552443657,757.9426702203765,0.15647862731157158,0.03834553345220751,110.6499607462503,19.000766041666623,0.0039762432385930515
0.675,2.1356611500750304,757.9378008749077,0.15664165391981114,0.0382282028805099,110.7681291549322,18.964722236432205,0.0039957627227480835
0.68,2.1397189252088276,757.9330124715202,0.15680425410647109,0.03811118348108199,110.8860021524327,18.92872380538588,0.004015175077396514
0.685,2.1437449981234136,757.9283039769336,0.1569664245983164,0.037994477548574615,111.00357675172421,18.892772288992163,0.0040344806524594485
0.6900000000000001,2.147739780371946,757.9236743699425,0.15712816224671555,0.03787808728884182,111.12085007670143,18.856869183561145,0.0040536797993368226
0.6950000000000001,2.1517036776558287,757.9191226412679,0.1572894640247184,0.03776201482102927,111.23781935954702,18.82101594224631,0.004072772870835305
0.7000000000000001,2.155637089897767,757.9146477934086,0.15745032702410702,0.03764626217968194,111.35448193810441,18.785213976049018,0.004091760221095566
0.705,2.1595404113115992,757.9102488404992,0.1576107484527181,0.037530831316657735,111.4708352533429,18.74946465474675,0.004110642205526006
0.71,2.163414030472941,757.9059248081658,0.15777072563168834,0.03741572410309583,111.58687684685029,18.71376930783863,0.004129419180734758
0.715,2.1672583303893926,757.9016747333834,0.15793025599273855,0.03730094233135778,111.7026043583262,18.678129225481488,0.004148091504462569
0.72,2.1710736885682507,757.8974976643384,0.15808933707565698,0.03718648771682566,111.81801552321227,18.64254565936445,0.0041666595355205616
0.725,2.174860477084418,757.8933926602901,0.15824796652575907,0.03707236189971744,111.93310817032763,18.607019823588374,0.004185123633727478
0.73,2.178619062647869,757.889358791434,0.1584061420913829,0.036958566446876596,112.04788021951978,18.571552895534676,0.004203484159847801
0.735,2.1823498066694764,757.8853951387678,0.15856386162150898,0.03684510285347281,112.1623296794205,18.53614601669402,0.004221741475532961
0.74,2.1860530653259844,757.8815007939595,0.1587211230634405,0.03673197254465961,112.27645464525638,18.50080029347458,0.0042398959432640776
0.745,2.1897291896261195,757.8776748592139,0.15887792446039548,0.03661917687729464,112.3902532965955,18.465516798038113,0.0042579479262925424
0.75,2.193378525473337,757.8739164471447,0.15903426394935077,0.03650671714148025,112.50372389530021,18.430296569054274,0.004275897788586881
0.755,2.1970014137278295,757.8702246806489,0.1591901397589258,0.036394594562075236,112.61686478354598,18.39514061243846,0.004293745894780746
0.76,2.200598190272462,757.8665986927739,0.15934555020699437,0.036282810300401404,112.72967438156768,18.360049902183164,0.004311492610113913
0.765,2.2041691860686545,757.8630376266037,0.15950049369899633,0.03617136545544938,112.84215118607902,18.325025380950606,0.004329138300391197
0.77,2.2077147272234416,757.8595406351236,0.15965496872546997,0.03606026106564179,112.95429376794621,18.2900679609309,0.004346683331921436
0.775,2.2112351350439643,757.8561068811099,0.15980897386044696,0.03594949810997965,113.0661007706941,18.255178524404418,0.004364128071478604
0.78,2.2147307261011813,757.8527355370014,0.15996250775921572,0.03583907750964027,113.17757090840205,18.220357924521082,0.00438147288624673
0.785,2.2182018122863165,757.849425784785,0.1601155691565751,0.03572900012922468,113.28870296407717,18.185606985910358,0.004398718143777423
0.79,2.2216487008681978,757.8461768158808,0.16026815686501625,0.035619266778056276,113.3994957879639,18.150926505315027,0.004415864211945658
0.795,2.225071694554565,757.8429878310174,0.16042026977265778,0.035509878211655986,113.50994829560193,18.116317252312147,0.004432911458899028
0.8,2.2284710915423043,757.8398580401317,0.16057190684187708,0.03540083513271942,113.62005946658788,18.081779969788734,0.004449860253025301
0.805,2.231847185580736,757.8367866622408,0.16072306710712084,0.035292138192681316,113.72982834250683,18.047315374706724,0.004466710962898411
0.81,2.2352002660193953,757.8337729253462,0.16087374967367798,0.03518378799259135,113.83925402583922,18.012924158527962,0.004483463957249781
0.8150000000000001,2.238530617869441,757.8308160663103,0.16102395371561093,0.0350757850845921,113.94833567801372,17.978606987936786,0.004500119604917486
0.8200000000000001,2.2418385218519705,757.8279153307589,0.16117367847448263,0.03496812997282792,114.05707251826762,17.944364505280692,0.004516678274816419
0.8250000000000001,2.24512425445552,757.8250699729663,0.16132292325752645,0.034860823114752054,114.1654638219421,17.910197329208454,0.004533140335893754
0.8300000000000001,2.2483880879864464,757.822279255754,0.16147168743624166,0.03475386492212963,114.27350891920901,17.876106055157205,0.004549506157095672
0.835,2.2516302906211365,757.8195424503859,0.16161997044487117,0.034647255762124685,114.38120719367862,17.842091255881062,0.004565776107331018
0.84,2.2548511264596893,757.816858836461,0.16176777177880436,0.03454099595844088,114.4885580809309,17.808153482006755,0.004581950555432907
0.845,2.258050855572108,757.814227701821,0.16191509099339038,0.03443508579216859,114.59556106746284,17.774293262442608,0.004598029870131384
0.85,2.2612297340553615,757.8116483424352,0.16206192770215336,0.03432952550305973,114.70221568903,17.740511105001048,0.004614014420009989
0.855,2.264388014075045,757.809120062319,0.16220828157584738,0.034224315290202006,114.80852152983783,17.706807496721254,0.004629904573484971
0.86,2.2675259439225752,757.8066421734179,0.16235415234066872,0.03411945531329597,114.91447822088024,17.673182904492858,0.004645700698761736
0.865,2.2706437680557667,757.8042139955279,0.16249953977735757,0.0340149456932958,115.02008543917616,17.639637775361898,0.004661403163815378
0.87,2.273741727154061,757.8018348561843,0.16264444371952103,0.033910786513607065,115.12534290622106,17.606172537114933,0.004677012336350107
0.875,2.276820058159291,757.7995040905816,0.1627888640527135,0.033806977820742955,115.23025038719929,17.57278759859285,0.004692528583779237
0.88,2.2798789943281155,757.7972210414682,0.16293280071290972,0.03370351962541453,115.33480768958763,17.539483350221282,0.00470795227318868
0.885,2.2829187652736707,757.794985059064,0.16307625368553072,0.033600411903226,115.43901466231107,17.506260164344077,0.0047232837713154785
0.89,2.2859395970146745,757.7927955009626,0.16321922300408795,0.03349765459564267,115.54287119451783,17.473118395692662,0.004738523444515959
0.895,2.2889417120184543,757.7906517320466,0.16336170874913455,0.03339524761073947,115.64637721466012,17.44005838174617,0.004753671658742255
0.9,2.291925329245976,757.7885531243975,0.16350371104711003,0.0332931908240257,115.74953268946744,17.40708044312961,0.004768728779515938
0.905,2.2948906641974443,757.7864990572056,0.16364523006916407,0.03319148407928459,115.85233762290112,17.37418488401924,0.004783695171901061
0.91,2.2978379289530118,757.7844889166894,0.16378626603020605,0.03309012718925153,115.95479205532962,17.341371992468048,0.004798571200483431
0.915,2.300767332219571,757.7825220960032,0.16392681918767235,0.0329891199364941,116.05689606242717,17.308642040831206,0.004813357229342091
0.92,2.3036790793687536,757.7805979951622,0.1640668898406976,0.032888462074003304,116.15864975446746,17.275995286048577,0.004828053622031967
0.925,2.306573372484232,757.7787160209484,0.16420647832886104,0.03278815332608848,116.26005327520251,17.243431970077456,0.004842660741554766
0.93,2.309450410397298,757.7768755868416,0.16434558503146163,0.032688193388894386,116.36110680125539,17.210952320138723,0.004857178950344502
0.935,2.3123103887346192,757.7750761129239,0.16448421036624783,0.032588581931307856,116.46181054098463,17.17855654915517,0.004871608610237939
0.9400000000000001,2.315153499951437,757.7733170258161,0.16462235478879111,0.032489318595404576,116.56216473397029,17.146244855963303,0.004885950082462853
0.9450000000000001,2.3179799333797737,757.7715977585809,0.16476001879120133,0.032390402997366105,116.66216964986546,17.114017425756547,0.004900203727608064
0.9500000000000001,2.3207898752595715,757.769917750664,0.16489720290158155,0.032291834727868396,116.76182558795982,17.08187443026862,0.004914369905613988
0.9550000000000001,2.3235835087865424,757.7682764477981,0.16503390768276452,0.032193613352983826,116.86113287605185,17.049816028209268,0.004928448975743224
0.96,2.3263610141420608,757.7666733019461,0.1651701337318124,0.032095738414537583,116.96009187005424,17.01784236543205,0.004942441296572396
0.965,2.3291225685406043,757.7651077712067,0.16530588167877652,0.03199820943099308,117.05870295288955,16.985953575361744,0.004956347225963359
0.97,2.331868346258161,757.7635793197603,0.1654411521862503,0.03190102589777026,117.15696653414437,16.954149779143798,0.004970167121056555
0.975,2.3345985186791407,757.7620874177762,0.16557594594815753,0.03180418728811066,117.25488304899399,16.92243108606148,0.004983901338242999
0.98,2.337313254323764,757.7606315413601,0.1657102636893378,0.0317076930533725,117.35245295788447,16.89079759367443,0.004997550233158553
0.985,2.3400127188940254,757.7592111724634,0.16584410616437992,0.031611542623863384,117.4496767455025,16.859249388219684,0.005011114160657172
0.99,2.3426970753005127,757.7578257988326,0.16597747415722094,0.031515735409125806,117.54655492046736,16.82778654474596,0.005024593474805567
0.995,2.345366483707167,757.7564749139204,0.16611036848003427,0.031420270798730714,117.6430880143542,16.796409127495302,0.005037988528857971
1.0,2.3480211015576486,757.7551580168365,0.16624278997283726,0.03132514816255674,117.73927658139228,16.76511719003472,0.00505129967525106
1.0050000000000001,2.3506610836189568,757.7538746122609,0.16637473950243034,0.03123036685154747,117.83512119753699,16.73391077561992,0.005064527265580137
1.01,2.353286582007219,757.752624210396,0.1665062179620189,0.03113592619798055,117.93062246018002,16.702789917322303,0.005077671650594457
1.0150000000000001,2.355897746230326,757.751406326882,0.16663722627019506,0.03104182551619415,118.02578098726244,16.671754638377603,0.005090733180174617
1.02,2.358494723213065,757.7502204827508,0.1667677653705775,0.030948064102843512,118.12059741699962,16.640804952307032,0.005103712203328379
1.025,2.3610776573388224,757.7490662043427,0.16689783623083299,0.030854641237598984,118.21507240703262,16.609940863251985,0.0051166090681691746
1.03,2.3636466904741145,757.7479430232619,0.1670274398423316,0.03076155618339141,118.3092066341654,16.579162366090078,0.005129424121912373
1.035,2.3662019620093235,757.7468504762954,0.16715657721920865,0.030668808187081394,118.40300079355505,16.54846944675576,0.005142157710854904
1.04,2.3687436088827005,757.7457881053696,0.16728524939803233,0.030576396479695827,118.49645559845827,16.517862082352384,0.005154810180371888
1.045,2.3712717656201256,757.744755457471,0.16741345743690567,0.030484320277068516,118.58957177945985,16.487340241458774,0.005167381874897378
1.05,2.3737865643585985,757.7437520846042,0.16754120241514575,0.03039257878006843,118.68235008422818,16.456903884237637,0.00517987313792132
1.055,2.376288134885063,757.7427775437147,0.16766848543242346,0.03030117117521333,118.77479127677918,16.42655296272894,0.005192284311971351
1.06,2.3787766046593704,757.7418313966474,0.16779530760845504,0.030210096634889202,118.86689613724181,16.39628742095431,0.005204615738610112
1.065,2.381252098852211,757.7409132100719,0.16792167008217698,0.030119354317938798,118.95866546115474,16.36610719519826,0.005216867758418031
1.07,2.3837147403675516,757.740022555442,0.16804757401144998,0.030028943369872104,119.05010005924193,16.33601221410848,0.005229040710990984
1.075,2.3861646498796993,757.7391590089229,0.1681730205722674,0.02993886292343102,119.14120075674047,16.306002398965504,0.00524113493492402
1.08,2.38860194585523,757.7383221513516,0.168298010958471,0.029849112098791385,119.23196839318551,16.27607766377917,0.005253150767809355
1.085,2.3910267445891966,757.7375115681657,0.1684225463809916,0.029759690004104555,119.32240382176803,16.246237915547123,0.005265088546221003
1.09,2.393439160226574,757.7367268493656,0.16854662806757592,0.029670595735691602,119.4125079091284,16.216483054347723,0.005276948605713071
1.095,2.3958393047976254,757.7359675894447,0.1686702572620584,0.029581828378562595,119.50228153474292,16.186812973587788,0.005288731280805275
1.1,2.3982272882388744,757.7352333873519,0.1687934352240984,0.029493387006603294,119.59172559072564,16.157227560092124,0.005300436904981522
1.105,2.400603218427653,757.7345238464246,0.16891616322848207,0.029405270683073165,119.68084098124221,16.127726694341014,0.005312065810676263
1.11,2.4029672012026104,757.733838574352,0.16903844256486966,0.029317478460784696,119.76962862231977,16.098310250556413,0.005323618329273358
1.115,2.4053193403974644,757.7331771831094,0.16916027453712568,0.029230009382581176,119.85808944128671,16.068978096929715,0.005335094791093234
1.12,2.4076597378610525,757.7325392889223,0.16928166046307658,0.02914286248150879,119.9462243765904,16.039730095704684,0.005346495525392014
1.125,2.4099884934903097,757.731924512203,0.1694026016738676,0.02905603678127507,120.03403437726158,16.01056610339595,0.005357820860349448
1.1300000000000001,2.412305705249878,757.7313324775155,0.1695230995137304,0.02896953129641408,120.12152040273968,15.981485970868807,0.0053690711230683
1.135,2.4146114692043223,757.7307628135133,0.16964315533936586,0.028883345032726295,120.20868342236068,15.952489543548836,0.005380246639563005
1.1400000000000001,2.4169058795373095,757.7302151529053,0.16976277051972086,0.028797476987437152,120.29552441518959,15.923576661498691,0.005391347734759319
1.145,2.4191890285830873,757.7296891323957,0.16988194643539614,0.028711926149619107,120.38204436953082,15.894747159619232,0.005402374732483668
1.1500000000000001,2.421461006845236,757.7291843926505,0.17000068447843203,0.02862669150034382,120.46824428276757,15.866000867723416,0.00541332795546304
1.155,2.4237219030274297,757.7287005782385,0.17011898605174008,0.028541772013087146,120.55412516089358,15.837337610729298,0.005424207725315007
1.16,2.425971804051776,757.728237337599,0.17023685256889748,0.028457166653875123,120.63968801835925,15.808757208731134,0.0054350143625478435
1.165,2.4282107950888716,757.7277943229847,0.17035428545360165,0.028372874381672637,120.72493387762374,15.780259477184604,0.005445748186551197
1.17,2.4304389595757407,757.7273711904297,0.1704712861394729,0.028288894148523477,120.80986376900752,15.751844226975226,0.005456409515596417
1.175,2.4326563792452043,757.726967599694,0.17058785606953109,0.028205224899923276,120.89447873026403,15.723511264596143,0.005466998666827856
1.18,2.434863134143423,757.7265832142327,0.17070399669600608,0.028121865574953848,120.97877980643828,15.695260392213923,0.005477515956263395
1.185,2.437059302658601,757.7262177011412,0.1708197094798357,0.02803881510664111,121.06276804945723,15.667091407839242,0.005487961698786341
1.19,2.439244961538142,757.7258707311255,0.1709349958904839,0.027956072422083877,121.1464445179943,15.639004105390178,0.005498336208146153
1.195,2.4414201859167006,757.7255419784492,0.17104985740545867,0.02787363644279735,121.22981027707738,15.610998274856067,0.005508639796950904
1.2,2.4435850493329645,757.7252311209044,0.17116429551013798,0.027791506084836597,121.31286639795928,15.583073702358384,0.005518872776668202
1.205,2.4457396237570657,757.7249378397596,0.1712783116973069,0.027709680259126193,121.39561395774257,15.555230170308072,0.005529035457618189
1.21,2.447883979607,757.7246618197318,0.17139190746699076,0.027628157871578542,121.47805403925557,15.527467457464084,0.005539128148974648
1.215,2.4500181857754146,757.7244027489356,0.17150508432601094,0.027546937823410268,121.56018773069334,15.499785339084466,0.005549151158758523
1.22,2.4521423096456685,757.7241603188562,0.17161784378782488,0.027466019011255543,121.6420161254991,15.472183586982641,0.005559104793839198
1.225,2.4542564171180175,757.7239342242997,0.17173018737209975,0.027385400327469764,121.72354032202054,15.444661969672502,0.005568989359928514
1.23,2.456360572625323,757.7237241633662,0.1718421166045592,0.02730508066023806,121.80476142339651,15.417220252422519,0.005578805161582218
1.235,2.458454839158643,757.7235298374027,0.17195363301657413,0.027225058893866762,121.88568053722808,15.38985819739509,0.005588552502194456
1.24,2.4605392782826043,757.7233509509757,0.1720647381450159,0.027145333908887286,121.96629877547005,15.362575563698558,0.005598231683999381
1.245,2.4626139501604127,757.7231872118256,0.1721754335318636,0.027065904582335838,122.0466172541163,15.335372107521044,0.005607843008066101
1.25,2.4646789135688936,757.7230383308406,0.17228572072406348,0.026986769787852864,122.12663709309598,15.308247582180446,0.005617386774300438
1.2550000000000001,2.4667342259229375,757.7229040220118,0.17239560127315193,0.026907928395951474,122.20635941597236,15.281201738252998,0.005626863281440319
1.26,2.4687799432902144,757.7227840024077,0.17250507673512105,0.02682937927411257,122.28578534984365,15.254234323621294,0.005636272827057678
1.2650000000000001,2.4708161204150723,757.7226779921301,0.1726141486700567,0.026751121287042465,122.36491602505478,15.227345083597807,0.00564561570755426
1.27,2.472842810732932,757.7225857142905,0.17272281864201006,0.026673153296763848,122.44375257510258,15.200533760971018,0.005654892218163666
1.2750000000000001,2.4748600663936484,757.7225068949663,0.17283108821865006,0.026595474162863,122.52229613635994,15.17380009612407,0.005664102652947561
1.28,2.4768679382755963,757.7224412631772,0.17293895897114056,0.026518082742576752,122.60054784798533,15.147143827079079,0.005673247304797849
1.285,2.4788664760085064,757.7223885508438,0.17304643247380697,0.026440977891029716,122.67850885165866,15.120564689611136,0.005682326465433256
1.29,2.480855727987248,757.722348492764,0.1731535103040186,0.02636415846131735,122.75618029149504,15.09406241729084,0.005691340425401644
1.295,2.482835741394155,757.7223208265727,0.1732601940418689,0.02628762330473363,122.83356331379184,15.06763674159385,0.0057002894740769555
1.3,2.484806562212512,757.7223052927187,0.17336648527006307,0.02621137127085035,122.91065906694648,15.041287391941703,0.005709173899661645
1.305,2.4867682352483795,757.7223016344255,0.17347238557361097,0.026135401207735574,122.98746870121433,15.015014095807075,0.00571799398918398
1.31,2.4887208041437923,757.7223095976691,0.17357789653972006,0.026059711962029344,123.06399336863025,14.988816578752967,0.00572675002850058
1.315,2.490664311398099,757.7223289311393,0.17368301975750058,0.02598430237915326,123.14023422277697,14.96269456453383,0.0057354423022940625
1.32,2.492598798380875,757.7223593862186,0.17378775681786343,0.025909171303382716,123.21619241871021,14.93664777513318,0.005744071094075685
1.325,2.4945243053527877,757.7224007169444,0.1738921093132373,0.02583431757804793,123.291869112737,14.910675930860753,0.005752636686183313
1.33,2.4964408714782325,757.722452679988,0.17399607883747106,0.02575974004560287,123.36726546234445,14.884778750388604,0.0057611393597841645
1.335,2.4983485348457366,757.722515034618,0.17409966698556273,0.02568543754781806,123.4423826259875,14.858955950844443,0.005769579394873092
1.34,2.5002473324803227,757.7225875426802,0.17420287535356604,0.025611408925846277,123.51722176302108,14.833207247846275,0.00577795707027542
1.345,2.5021373003634584,757.7226699685617,0.1743057055383306,0.025537653020407478,123.59178403349708,14.807532355592073,0.005786272663645519
1.35,2.50401847344516,757.7227620791714,0.174408159137413,0.025464168671851382,123.6660705980997,14.781930986892984,0.005794526451469741
1.355,2.505890885663497,757.7228636439045,0.1745102377488273,0.025390954720334813,123.74008261795122,14.756402853259512,0.005802718709065276
1.36,2.50775456995644,757.722974434624,0.17461194297096044,0.02531801000588126,123.81382125455053,14.730947664933334,0.005810849710583171
1.365,2.509609558280932,757.7230942256268,0.17471327640233308,0.02524533336855094,123.88728766958724,14.70556513097011,0.00581891972900746
1.37,2.5114558816244834,757.7232227936244,0.17481423964151904,0.025172923648497485,123.96048302488327,14.680254959269975,0.0058269290361582645
1.375,2.5132935700238255,757.7233599177101,0.17491483428691576,0.025100779686130933,124.033408482215,14.655016856657102,0.005834877902691181
1.3800000000000001,2.5151226525762556,757.7235053793413,0.17501506193666794,0.025028900322171657,124.10606520325781,14.629850528908914,0.005842766598100463
1.385,2.516943157457881,757.7236589623063,0.17511492418844732,0.024957284397806614,124.17845434941594,14.604755680832529,0.005850595390718655
1.3900000000000001,2.5187551119347233,757.7238204527076,0.17521442263938003,0.024885930754740545,124.25057708176986,14.579732016292729,0.005858364547719842
1.395,2.520558542380559,757.7239896389298,0.17531355888583566,0.02481483823534575,124.32243456091345,14.55477923828541,0.005866074335119528
1.4000000000000001,2.5223534742877916,757.7241663116225,0.17541233452335817,0.024744005682710683,124.39402794690422,14.529897048964365,0.005873725017777954
1.405,2.524139932284897,757.7243502636703,0.17551075114646364,0.02467343194078348,124.46535839910754,14.505085149711833,0.005881316859400199
1.41,2.525917940147067,757.724541290175,0.1756088103485748,0.02460311585441807,124.53642707614941,14.480343241164144,0.005888850122539562
1.415,2.5276875208132723,757.7247391884266,0.17570651372182722,0.024533056269511622,124.60723513576755,14.455671023279477,0.005896325068597886
1.42,2.5294486963966776,757.7249437578868,0.17580386285700708,0.024463252033048312,124.67778373476673,14.431068195362414,0.005903741957828998
1.425,2.5312014882013365,757.7251548001597,0.1759008593433656,0.024393701993230946,124.74807402887636,14.406534456129014,0.005911101049339237
1.43,2.5329459167323827,757.725372118976,0.17599750476856013,0.024324404999522403,124.8181071727082,14.382069503730296,0.005918402601090953
1.435,2.5346820017123597,757.7255955201651,0.1760938007184763,0.024255359902771688,124.88788431962031,14.357673035814743,0.005925646869903236
1.44,2.536409762091197,757.7258248116392,0.17618974877717225,0.02418656555525314,124.95740662167701,14.333344749550758,0.005932834111455465
1.445,2.538129216062185,757.7260598033658,0.17628535052670835,0.024118020810787087,125.02667522951897,14.309084341686685,0.005939964580288226
1.45,2.5398403810717403,757.7263003073526,0.1763806075470944,0.024049724524776942,125.0956912923253,14.284891508572272,0.005947038529806913
1.455,2.54154327383503,757.726546137621,0.17647552141612663,0.023981675554324657,125.16445595768947,14.260765946216315,0.005954056212282822
1.46,2.5432379103455336,757.726797110191,0.1765700937093379,0.02391387275826574,125.23297037158355,14.23670735030715,0.005961017878856803
1.465,2.544924305890327,757.7270530430553,0.17666432599984158,0.023846314997279756,125.3012356782397,14.212715416268002,0.00596792377954053
1.47,2.546602475059442,757.7273137561651,0.17675821985828452,0.023779001133923307,125.36925302011653,14.188789839276575,0.005974774163220186
1.475,2.54827243176082,757.7275790714043,0.17685177685269782,0.023711930032735775,125.4370235377858,14.16493031431816,0.0059815692776579
1.48,2.549934189229471,757.7278488125758,0.1769449985484523,0.02364510056027036,125.50454836990089,14.141136536204348,0.005988309369495481
1.485,2.551587760042106,757.7281228053768,0.17703788650811592,0.023578511585195194,125.57182865308862,14.117408199624018,0.005994994684256002
1.49,2.553233156126105,757.7284008773848,0.17713044229141173,0.02351216197832255,125.63886552191957,14.093744999161165,0.006001625466347574
1.495,2.5548703887738258,757.7286828580344,0.17722266745508156,0.02344605061270549,125.70566010880489,14.070146629343867,0.006008201959065083
1.5,2.556499468651389,757.7289685786027,0.17731456355284658,0.023380176363665295,125.77221354396848,14.046612784661272,0.006014724404593991
1.5050000000000001,2.5581204058126774,757.7292578721871,0.17740613213527687,0.023314538108883832,125.8385269553484,14.023143159610582,0.006021193044012222
1.51,2.559733209707933,757.7295505736917,0.17749737474975436,0.02324913472842926,125.90460146857099,13.99973744871325,0.006027608117293994
1.5150000000000001,2.561337889197455,757.7298465198045,0.1775882929403483,0.023183965104844283,125.9704382068568,13.976395346560064,0.006033969863311834
1.52,2.5629344525600195,757.7301455489852,0.17767888824778064,0.023119028123170193,126.03603829099629,13.953116547826575,0.006040278519840446
1.5250000000000001,2.5645229075062783,757.7304475014423,0.1777691622093067,0.02305432267103115,126.10140283926023,13.929900747316339,0.006046534323558854
1.53,2.5661032611870005,757.7307522191217,0.17785911635868298,0.022989847638656646,126.16653296737708,13.906747639975606,0.006052737510054292
1.5350000000000001,2.567675520206189,757.731059545684,0.1779487522260534,0.02292560191896195,126.23142978844747,13.88365692093481,0.006058888313824472
1.54,2.5692396906291433,757.7313693264936,0.17803807133791907,0.02286158440756903,126.29609441292327,13.860628285522518,0.006064986968281502
1.545,2.570795777995294,757.7316814085966,0.17812707521702956,0.02279779400288335,126.36052794852606,13.837661429305244,0.006071033705754265
1.55,2.5723437873261004,757.7319956407102,0.1782157653823549,0.02273422960611326,126.42473150022762,13.814756048100698,0.006077028757492362
1.555,2.573883723137606,757.7323118732013,0.17830414334898198,0.022670890121343292,126.48870617017246,13.791911838015952,0.006082972353668597
1.56,2.575415589448172,757.7326299580753,0.17839221062808833,0.02260777445555213,126.55245305765968,13.769128495460045,0.006088864723382947
1.565,2.5769393897907613,757.7329497489567,0.17847996872684327,0.022544881518682468,126.61597325906914,13.746405717180558,0.006094706094665144
1.57,2.578455127220509,757.7332711010773,0.17856741914838378,0.022482210223657616,126.67926786784484,13.72374320027557,0.00610049669447867
1.575,2.5799628043267475,757.7335938712571,0.17865456339172023,0.02241975948644808,126.74233797442463,13.701140642228733,0.006106236748723434
1.58,2.581462423240414,757.7339179178936,0.17874140295171398,0.022357528226086863,126.80518466622496,13.678597740920592,0.00611192648223978
1.585,2.5829539856458203,757.7342431009424,0.1788279393189877,0.022295515364732857,126.86780902757398,13.65611419466221,0.006117566118811266
1.59,2.5844374927879037,757.7345692819073,0.17891417397990467,0.022233719827684885,126.9302121396976,13.63368970220588,0.006123155881168679
1.595,2.585912945483744,757.7348963238213,0.17900010841648337,0.022172140543442055,126.99239508065592,13.611323962777337,0.006128695990992903
1.6,2.5873803441296643,757.7352240912368,0.17908574410637862,0.022110776443716583,127.0543589253305,13.589016676085919,0.006134186668918953
1.605,2.5888396887125005,757.7355524502071,0.1791710825228001,0.022049626463491196,127.11610474536401,13.56676754235539,0.0061396281345389185
1.61,2.5902909788165527,757.735881268277,0.17925612513449513,0.02198868954103081,127.17763360914866,13.544576262333559,0.006145020606406011
1.615,2.5917342136346146,757.736210414465,0.17934087340567145,0.021927964617937078,127.23894658176889,13.522442537321808,0.006150364302037589
1.62,2.593169391974779,757.7365397592531,0.17942532879598133,0.02186745063915898,127.30004472499095,13.500366069184148,0.0061556594379192095
1.625,2.594596512271232,757.736869174571,0.1795094927604481,0.02180714655304462,127.36092909720864,13.478346560375513,0.006160906229507734
1.6300000000000001,2.596015572590912,757.7371985337853,0.1795933667494521,0.021747051311350733,127.4216007534338,13.456383713950284,0.00616610489123538
1.635,2.597426570644079,757.7375277116838,0.1796769522086605,0.02168716386929189,127.48206074524494,13.434477233589371,0.006171255636512904
1.6400000000000001,2.5988295037908298,757.7378565844656,0.17976025057901507,0.021627483185548954,127.54231012077891,13.412626823608251,0.006176358677733653
1.645,2.600224369051443,757.7381850297255,0.1798432632966654,0.021568008222315745,127.60234992468203,13.39083218898287,0.006181414226276814
1.6500000000000001,2.6016111631127568,757.7385129264444,0.17992599179295776,0.021508737945306524,127.66218119810294,13.3690930353572,0.006186422492511476
1.655,2.6029898823382935,757.7388401549742,0.1800084374943724,0.021449671323800226,127.7218049786463,13.347409069068016,0.006191383685799932
1.6600000000000001,2.604360522774505,757.7391665970287,0.18009060182251324,0.021390807330646966,127.78122230036651,13.325779997152004,0.006196298014501754
1.665,2.6057230801606774,757.7394921356678,0.18017248619404852,0.02133214494230995,127.84043419372405,13.304205527369437,0.006201165685977146
1.67,2.6070775499350485,757.73981665529,0.18025409202070197,0.021273683138871066,127.89944168558003,13.282685368210844,0.006205986906591018
1.675,2.6084239272444996,757.7401400416165,0.18033542070919648,0.021215420904070522,127.95824579915502,13.261219228919636,0.006210761881716401
1.68,2.609762206950543,757.7404621816834,0.18041647366124655,0.021157357225311615,128.01684755402445,13.239806819498352,0.006215490815738517
1.685,2.6110923836388107,757.7407829638266,0.18049725227350505,0.02109949109369812,128.07524796607973,13.21844785073028,0.00622017391205825
1.69,2.612414451624911,757.7411022776746,0.18057775793755673,0.02104182150403826,128.1334480475245,13.197142034185285,0.006224811373096203
1.695,2.613728404963719,757.7414200141332,0.18065799203986804,0.02098434745488002,128.19144880683808,13.175889082240452,0.0062294034002962255
1.7,2.6150342374551063,757.7417360653783,0.1807379559617818,0.020927067948514264,128.24925124877245,13.15468870808554,0.006233950194129469
1.705,2.6163319426530354,757.742050324842,0.18081765107946973,0.020869981991008077,128.3068563743178,13.133540625742667,0.006238451954097953
1.71,2.617621513871167,757.7423626872047,0.18089707876392824,0.020813088592207096,128.36426518070033,13.112444550071388,0.0062429088787386245
1.715,2.618902944191763,757.7426730483817,0.18097624038093374,0.020756386765766913,128.4214786613499,13.091400196787486,0.006247321165626956
1.72,2.6201762264711697,757.7429813055156,0.1810551372910395,0.020699875529154668,128.47849780589863,13.070407282467677,0.006251689011381002
1.725,2.6214413533485357,757.7432873569636,0.18113377084953347,0.020643553903678585,128.53532360015024,13.04946552456753,0.006256012611665047
1.73,2.622698317251177,757.7435911022893,0.1812121424064362,0.020587420914488872,128.59195702607974,13.028574641425823,0.006260292161193637
1.735,2.6239471104031082,757.7438924422507,0.18129025330646117,0.020531475590605443,128.6483990618045,13.007734352281629,0.0062645278537352776
1.74,2.625187724830294,757.7441912787929,0.1813681048890137,0.020475716964918143,128.7046506815845,12.98694437727832,0.0062687198821164535
1.745,2.6264201523689987,757.7444875150352,0.18144569848815364,0.020420144074212748,128.76071285579542,12.966204437479858,0.006272868438225355
1.75,2.6276443846709245,757.7447810552649,0.18152303543259535,0.020364755959170543,128.81658655092943,12.945514254874476,0.0062769737130159
1.7550000000000001,2.6288604132113846,757.7450718049241,0.18160011704567253,0.020309551664392658,128.87227272957008,12.924873552390176,0.006281035896511478
1.76,2.6300682292943307,757.7453596706041,0.18167694464533912,0.02025453023839903,128.9277723503937,12.90428205389811,0.006285055177808969
1.7650000000000001,2.6312678240603495,757.7456445600326,0.1817535195441366,0.020199690733651136,128.98308636814602,12.883739484227322,0.0062890317450825205
1.77,2.632459188491584,757.7459263820673,0.18182984304919536,0.020145032206550353,129.0382157336441,12.863245569167836,0.006292965785587546
1.7750000000000001,2.633642313419561,757.7462050466848,0.18190591646220444,0.02009055371745918,129.0931613937546,12.842800035484665,0.006296857485664531
1.78,2.634817189530002,757.7464804649737,0.1819817410794137,0.020036254330698996,129.1479242913963,12.822402610920616,0.006300707030743024
1.7850000000000001,2.6359838073704864,757.7467525491236,0.1820573181916054,0.01998213311456983,129.20250536551978,12.802053024209608,0.006304514605345459
1.79,2.637142157355158,757.7470212124183,0.1821326490840974,0.01992818914134757,129.2569055511107,12.78175100507919,0.006308280393091143
1.795,2.6382922297722256,757.7472863692254,0.1822077350367166,0.019874421487302306,129.31112577917088,12.7614962842632,0.006312004576700093
1.8,2.639434014788562,757.7475479349902,0.182282577323803,0.01982082923269502,129.36516697672204,12.741288593504008,0.006315687337997006
1.805,2.640567502457049,757.7478058262243,0.18235717721418487,0.019767411461794584,129.4190300667884,12.721127665564525,0.006319328857915125
1.81,2.6416926827210765,757.7480599605002,0.18243153597118358,0.019714167262873925,129.47271596840082,12.701013234230208,0.006322929316500193
1.815,2.642809545421726,757.7483102564411,0.1825056548525908,0.019661095728225726,129.5262255965809,12.680945034320432,0.006326488892914331
1.82,2.643918080302173,757.748556633714,0.18257953511067374,0.01960819595415811,129.57955986234555,12.660922801690253,0.006330007765439976
1.825,2.6450182770147195,757.7487990130206,0.1826531779921543,0.019555467041009092,129.63271967269225,12.64094627324119,0.006333486111483781
1.83,2.646110125125094,757.7490373160913,0.18272658473821488,0.019502908093141813,129.6857059306043,12.621015186922735,0.006336924107580536
1.835,2.6471936141193377,757.749271465675,0.18279975658447922,0.019450518218957758,129.73851953503728,12.601129281742578,0.006340321929397079
1.84,2.648268733408006,757.7495013855333,0.18287269476101886,0.01939829653089158,129.7911613809246,12.581288297767879,0.006343679751736195
1.845,2.6493354723329094,757.7497270004319,0.18294540049233562,0.01934624214542316,129.84363235916533,12.561491976134937,0.006346997748540548
1.85,2.6503938201712183,757.7499482361342,0.18301787499736863,0.019294354183071984,129.8959333566301,12.541740059050259,0.006350276092896564
1.855,2.6514437661420613,757.7501650193919,0.1830901194894784,0.019242631768408125,129.94806525615004,12.52203228979968,0.006353514957038359
1.86,2.6524852994105386,757.7503772779405,0.18316213517645435,0.019191074030046214,130.00002893652322,12.502368412749226,0.00635671451235162
1.865,2.653518409094176,757.7505849404889,0.1832339232605005,0.01913968010065533,130.05182527250454,12.482748173353729,0.006359874929377532
1.87,2.6545430842668485,757.7507879367153,0.18330548493824342,0.019088449116952646,130.1034551348126,12.46317131815748,0.006362996377816642
1.875,2.6555593139650964,757.7509861972574,0.18337682140071931,0.01903738021971224,130.15491939012074,12.44363759480236,0.006366079026532795
1.8800000000000001,2.6565670871919567,757.751179653708,0.18344793383338284,0.018986472553758415,130.20621890106406,12.424146752028292,0.006369123043556978
1.885,2.657566392923147,757.7513682386058,0.18351882341609513,0.018935725267973505,130.25735452623172,12.404698539680899,0.0063721285960912635
1.8900000000000001,2.658557220110806,757.7515518854307,0.18358949132313326,0.018885137515290862,130.30832712017423,12.385292708711775,0.006375095850512624
1.895,2.659539557689545,757.751730528595,0.18365993872317976,0.018834708452701732,130.3591375333966,12.365929011185687,0.00637802497237689
1.9000000000000001,2.660513394580101,757.7519041034386,0.18373016677933232,0.018784437241247894,130.409786612366,12.346607200280662,0.006380916126422547
1.905,2.661478719695259,757.7520725462211,0.18380017664909473,0.018734323046027637,130.46027519950593,12.327327030294754,0.0063837694765746834
1.9100000000000001,2.6624355219434204,757.7522357941166,0.18386996948438694,0.0186843650361881,130.5106041332043,12.308088256645968,0.006386585185948773
1.915,2.6633837902343926,757.7523937852054,0.18393954643153723,0.01863456238493037,130.56077424780818,12.28889063587859,0.006389363416854626
1.92,2.6643235134828775,757.7525464584702,0.18400890863129277,0.01858491426950154,130.6107863736323,12.269733925662964,0.00639210433080015
1.925,2.665254680614137,757.7526937537872,0.18407805721881287,0.01853541987119896,130.66064133695477,12.2506178848014,0.006394808088495301
1.93,2.6661772805673927,757.7528356119223,0.18414699332368004,0.018486078375362026,130.71033996002572,12.231542273227817,0.006397474849855817
1.935,2.667091302301374,757.7529719745227,0.18421571806989423,0.01843688897137563,130.75988306106396,12.212506852013236,0.006400104774007173
1.94,2.6679967347976348,757.7531027841133,0.18428423257588433,0.018387850852661692,130.8092714542657,12.193511383365287,0.006402698019288298
1.945,2.6688935670659784,757.7532279840884,0.1843525379545036,0.01833896321668183,130.8585059498023,12.174555630633332,0.0064052547432555135
1.95,2.6697817881476964,757.7533475187075,0.1844206353130413,0.018290225264928666,130.9075873538289,12.15563935830782,0.006407775102686239
1.955,2.6706613871208753,757.7534613330886,0.1844885257532193,0.018241636202927736,130.95651646848304,12.136762332025048,0.006410259253582928
1.96,2.6715323531035544,757.7535693732026,0.18455621037120418,0.01819319524022858,131.0052940918937,12.117924318566388,0.0064127073511767415
1.965,2.672394675258918,757.7536715858677,0.1846236902576045,0.018144901590405944,131.05392101818032,12.099125085862696,0.006415119549931484
1.97,2.673248342798374,757.7537679187438,0.18469096649748343,0.018096754471050656,131.10239803746236,12.080364402993412,0.0064174960035472605
1.975,2.674093344986635,757.7538583203267,0.18475804017035707,0.01804875310377014,131.15072593585884,12.06164204019063,0.006419836864964396
1.98,2.674929671144715,757.753942739943,0.1848249123502071,0.01800089671417907,131.19890549549808,12.042957768838077,0.006422142286367076
1.985,2.675757310654902,757.7540211277438,0.18489158410548023,0.017953184531899282,131.24693749451805,12.024311361474865,0.006424412419187259
1.99,2.676576252963682,757.7540934347007,0.18495805649910105,0.01790561579055022,131.29482270707615,12.00570259179435,0.006426647414108288
1.995,2.677386487586593,757.754159612599,0.18502433058847237,0.017858189727748195,131.34256190335023,11.987131234647574,0.006428847421068803
2.0,2.678188004111084,757.7542196140334,0.18509040742548832,0.017810905585096678,131.39015584954868,11.968597066042012,0.006431012589266322
2.005,2.6789807922012567,757.7542733924022,0.18515628805653558,0.01776376260818497,131.43760530791187,11.950099863144718,0.006433143067161151
2.0100000000000002,2.6797648416006496,757.7543209019028,0.1852219735225067,0.017716760046578295,131.48491103672245,11.931639404280967,0.006435239002479939
2.015,2.6805401421368775,757.754362097526,0.185287464858802,0.017669897153815946,131.5320737903075,11.913215468937114,0.006437300542219571
2.02,2.681306683724339,757.7543969350512,0.1853527630953433,0.01762317318740118,131.57909431904878,11.894827837759134,0.006439327832650712
2.025,2.6820644563687557,757.7544253710413,0.18541786925657663,0.01757658740879883,131.62597336938558,11.876476292555207,0.006441321019321681
2.0300000000000002,2.6828134501698084,757.7544473628379,0.18548278436148602,0.017530139083425055,131.6727116838251,11.858160616294159,0.0064432802470619725
2.035,2.683553655325571,757.7544628685564,0.1855475094235969,0.01748382748064445,131.71931000094574,11.839880593107791,0.0064452056599861186
2.04,2.6842850621350776,757.7544718470814,0.18561204545099028,0.01743765187375964,131.76576905540767,11.821636008289225,0.00644709740149719
2.045,2.685007661002658,757.7544742580609,0.18567639344630676,0.01739161154000787,131.8120895779567,11.803426648294971,0.006448955614290643
2.05,2.6857214424404354,757.754470061903,0.18574055440676093,0.017345705760550514,131.85827229543486,11.785252300743204,0.006450780440357792
2.055,2.6864263970725597,757.7544592197701,0.18580452932414604,0.01729993382046916,131.90431793078469,11.767112754415571,0.006452572020989652
2.06,2.687122515637638,757.754441693575,0.1858683191848484,0.017254295008755027,131.95022720306014,11.749007799255391,0.006454330496780383
2.065,2.687809788992875,757.7544174459758,0.185931924969853,0.017208788618304577,131.99600082743123,11.73093722636924,0.006456056007631115
2.07,2.6884882081164325,757.7543864403718,0.18599534765475798,0.017163413945908788,132.041639515195,11.712900828025052,0.0064577486927533765
2.075,2.6891577641114743,757.7543486408983,0.18605858820978063,0.017118170292248394,132.0871439737805,11.69489839765349,0.006459408690672895
2.08,2.68981844820846,757.7543040124232,0.18612164759977234,0.017073056961883052,132.13251490676024,11.676929729845982,0.006461036139233009
2.085,2.690470251769098,757.7542525205414,0.18618452678422504,0.017028073263246127,132.17775301385515,11.658994620355866,0.006462631175598449
2.09,2.691113166288571,757.7541941315716,0.1862472267172861,0.016983218508633772,132.2228589909463,11.641092866096354,0.006464193936258727
2.095,2.6917471833993982,757.754128812551,0.18630974834776573,0.016938492014199346,132.26783353008037,11.623224265141474,0.006465724557031904
2.1,2.692372294873596,757.754056531232,0.18637209261915172,0.0168938930999424,132.31267731948117,11.605388616723976,0.006467223173067947
2.105,2.692988492626449,757.7539772560766,0.1864342604696173,0.01684942108970272,132.35739104355582,11.587585721236067,0.0064686899188524894
2.11,2.6935957687186107,757.7538909562539,0.1864962528320364,0.016805075311149206,132.40197538290613,11.569815380227247,0.006470124928210157
2.115,2.694194115359779,757.7537976016343,0.18655807063399166,0.01676085509577358,132.44643101433513,11.552077396404872,0.006471528334308316
2.12,2.6947835249107372,757.7536971627868,0.18661971479778972,0.016716759778879223,132.49075861085856,11.534371573631919,0.006472900269660371
2.125,2.695363989886945,757.7535896109738,0.18668118624047012,0.016672788699574493,132.5349588417118,11.516697716927371,0.0064742408661294945
2.13,2.6959355029605105,757.7534749181478,0.1867424858738204,0.016628941200761506,132.57903237236144,11.499055632463927,0.006475550254931909
2.1350000000000002,2.6964980569637023,757.7533530569472,0.18680361460438544,0.016585216629129148,132.62297986451227,11.481445127568197,0.0064768285666405865
2.14,2.697051644890855,757.753224000692,0.18686457333348283,0.0165416143351418,132.66680197611925,11.46386601071839,0.006478075931188513
2.145,2.6975962599017973,757.7530877233803,0.18692536295721252,0.016498133673032028,132.7104993613946,11.44631809154432,0.00647929247787237
2.15,2.6981318953237006,757.7529441996845,0.18698598436647224,0.01645477400078924,132.75407267081982,11.428801180825037,0.0064804783353557705
2.1550000000000002,2.698658544654419,757.7527934049467,0.18704643844696767,0.016411534680152128,132.79752255115326,11.411315090488694,0.0064816336316729254
2.16,2.69917620156428,757.752635315176,0.1871067260792279,0.016368415076597243,132.84084964544186,11.393859633610127,0.006482758494231852
2.165,2.699684859899344,757.7524699070434,0.18716684813861595,0.016325414559331175,132.88405459302925,11.376434624410557,0.006483853049818023
2.17,2.7001845136831335,757.7522971578795,0.18722680549534437,0.016282532501279062,132.9271380295675,11.359039878255127,0.006484917424597551
2.1750000000000003,2.700675157119812,757.7521170456693,0.18728659901448605,0.016239768279076527,132.9701005870253,11.341675211652468,0.006485951744120814
2.18,2.7011567845958577,757.7519295490496,0.18734622955598992,0.01619712127305818,133.01294289369997,11.324340442252195,0.006486956133325618
2.185,2.701629390683159,757.7517346473048,0.1874056979746921,0.016154590867249248,133.0556655742258,11.307035388844326,0.006487930716540806
2.19,2.7020929701406327,757.7515323203639,0.18746500512033173,0.016112176449354074,133.09826924958597,11.28975987135672,0.006488875617489389
2.195,2.702547517917242,757.7513225487959,0.1875241518375624,0.016069877410747526,133.14075453712127,11.272513710854405,0.0064897909592921375
2.2,2.7029930291535558,757.7511053138069,0.18758313896596795,0.01602769314646342,133.18312205054198,11.255296729536948,0.006490676864470692
2.205,2.703429499184691,757.7508805972363,0.18764196734007424,0.015985623055185767,133.2253723999369,11.238108750737657,0.006491533454951126
2.21,2.703856923541815,757.750648381554,0.18770063778936516,0.01594366653923714,133.267506191785,11.220949598920939,0.006492360852067038
2.215,2.704275297955012,757.7504086498556,0.18775915113829453,0.015901823004569698,133.30952402896494,11.203819099681343,0.006493159176563094
2.22,2.70468461835473,757.7501613858602,0.18781750820630216,0.015860091860753562,133.3514265107666,11.18671707974091,0.006493928548598089
2.225,2.7050848808745735,757.7499065739061,0.18787570980782614,0.01581847252096764,133.3932142329007,11.169643366948112,0.006494669087748473
2.23,2.7054760818526935,757.7496441989479,0.18793375675231871,0.015776964401987968,133.43488778751063,11.15259779027513,0.006495380913011388
2.235,2.705858217834508,757.7493742465531,0.1879916498442591,0.015735566924178344,133.47644776318197,11.13558017981672,0.006496064142808171
2.24,2.7062312855740367,757.7490967028983,0.1880493898831692,0.01569427951147868,133.51789474495433,11.118590366787448,0.006496718894987367
2.245,2.706595282036551,757.7488115547666,0.18810697766362666,0.01565310159139548,133.55922931433125,11.101628183520443,0.006497345286828208
2.25,2.706950204399853,757.7485187895434,0.1881644139752809,0.015612032594990116,133.6004520492919,11.08469346346462,0.006497943435043607
2.255,2.707296050056854,757.7482183952138,0.18822169960286597,0.015571071956869178,133.64156352430115,11.067786041183314,0.006498513455783611
2.2600000000000002,2.707632816616802,757.7479103603595,0.18827883532621686,0.015530219115172775,133.6825643103212,11.050905752351499,0.006499055464638371
2.265,2.7079605019077877,757.7475946741547,0.1883358219202826,0.015489473511564692,133.72345497482195,11.034052433754313,0.006499569576641575
2.27,2.708279103977923,757.7472713263638,0.18839266015514233,0.015448834591220689,133.76423608179257,11.017225923284244,0.006500055906273387
2.275,2.708588621097774,757.7469403073376,0.18844935079601896,0.01540830180281852,133.80490819175196,11.000426059939583,0.006500514567463868
2.2800000000000002,2.7088890517614885,757.7466016080106,0.18850589460329503,0.015367874598526248,133.8454718617604,10.983652683821578,0.006500945673595886
2.285,2.709180394689162,757.7462552198972,0.1885622923325265,0.01532755243399212,133.88592764542992,10.966905636132806,0.006501349337508506
2.29,2.7094626488279134,757.7459011350894,0.18861854473445877,0.01528733476833287,133.92627609293623,10.950184759174288,0.006501725671499895
2.295,2.709735813354181,757.7455393462532,0.18867465255504065,0.015247221064123474,133.96651775102913,10.933489896343797,0.006502074787330672
2.3000000000000003,2.709999887674752,757.7451698466255,0.18873061653544032,0.01520721078738547,134.00665316304423,10.916820892132957,0.006502396796226792
2.305,2.71025487142899,757.7447926300111,0.18878643741205936,0.015167303407576594,134.0466828689137,10.900177592125452,0.006502691808882882
2.31,2.710500764489811,757.7444076907801,0.18884211591654892,0.015127498397579093,134.0866074051779,10.88355984299412,0.0065029599354650925
2.315,2.7107375669658516,757.7440150238641,0.18889765277582385,0.01508779523368926,134.12642730499604,10.866967492499086,0.006503201285614415
2.32,2.710965279202391,757.7436146247536,0.18895304871207871,0.015048193395605763,134.1661430981583,10.850400389484841,0.006503415968449504
2.325,2.7111839017834556,757.7432064894949,0.18900830444280223,0.015008692366419071,134.20575531109614,10.833858383878296,0.006503604092569978
2.33,2.7113934355326923,757.7427906146878,0.18906342068079315,0.014969291632599803,134.24526446689433,10.817341326685854,0.006503765766059216
2.335,2.711593881515409,757.7423669974813,0.18911839813417497,0.014929990683988046,134.28467108530174,10.800849069991397,0.006503901096487631
2.34,2.7117852410393986,757.7419356355721,0.1891732375064118,0.014890789013781727,134.3239756827431,10.78438146695333,0.006504010190915447
2.345,2.711967515656918,757.7414965272002,0.18922793949632297,0.014851686118525845,134.36317877232992,10.767938371802519,0.006504093155895948
2.35,2.7121407071654655,757.7410496711476,0.18928250479809916,0.014812681498100862,134.4022808638722,10.75151963983932,0.006504150097478232
2.355,2.7123048176096938,757.7405950667343,0.18933693410131697,0.014773774655711848,134.44128246388942,10.735125127431443,0.006504181121210437
2.36,2.712459849282142,757.7401327138157,0.18939122809095504,0.014734965097876885,134.48018407562222,10.718754692010984,0.0065041863321424675
2.365,2.712605804725087,757.7396626127797,0.18944538744740883,0.014696252334416147,134.5189861990436,10.702408192072223,0.0065041658348292015
2.37,2.7127426867312296,757.7391847645442,0.18949941284650657,0.014657635878440333,134.55768933087043,10.686085487168652,0.006504119733333193
2.375,2.712870498345485,757.7386991705537,0.18955330495952422,0.014619115246339664,134.59629396457464,10.669786437910709,0.006504048131227852
2.38,2.7129892428656204,757.7382058327771,0.18960706445320144,0.014580689957772326,134.6348005903949,10.653510905962799,0.006503951131600128
2.3850000000000002,2.7130989238439884,757.7377047537044,0.1896606919897566,0.014542359535653434,134.67320969534768,10.637258754040978,0.0065038288370536665
2.39,2.713199545088118,757.7371959363443,0.18971418822690264,0.01450412350614349,134.71152176323906,10.621029845909964,0.006503681349711463
2.395,2.713291110662389,757.7366793842209,0.1897675538178623,0.014465981398637274,134.74973727467574,10.604824046380774,0.006503508771219
2.4,2.713373624888577,757.7361551013715,0.18982078941138392,0.014427932745752327,134.7878567070767,10.588641221307721,0.00650331120274688
2.4050000000000002,2.713447092347469,757.7356230923438,0.1898738956517566,0.014389977083317814,134.82588053468461,10.572481237586004,0.006503088744993938
2.41,2.7135115178793665,757.7350833621924,0.1899268731788262,0.014352113950363026,134.8638092285771,10.556343963148707,0.006502841498189849
2.415,2.71356690658564,757.7345359164775,0.18997972262801044,0.014314342889106171,134.90164325667837,10.540229266964339,0.006502569562098217
2.42,2.7136132638291888,757.7339807612606,0.19003244463031482,0.014276663444942923,134.93938308377045,10.524137019033816,0.00650227303601916
2.4250000000000003,2.713650595235941,757.7334179031028,0.19008503981234792,0.014239075166435177,134.97702917150474,10.508067090387975,0.006501952018792377
2.43,2.713678906695266,757.7328473490621,0.1901375087963372,0.01420157760529962,135.0145819784133,10.492019353084546,0.0065016066087997095
2.435,2.7136982043614193,757.7322691066902,0.19018985220014434,0.014164170316396439,135.0520419599204,10.475993680205617,0.006501236903968182
2.44,2.713708494653914,757.7316831840301,0.19024207063728107,0.01412685285771792,135.0894095683538,10.459989945854613,0.006500843001772545
2.445,2.7137097842589064,757.7310895896136,0.19029416471692456,0.014089624790377144,135.1266852529563,10.444008025153716,0.00650042499923829
2.45,2.713702080129527,757.7304883324584,0.19034613504393313,0.014052485678596597,135.163869459897,10.428047794240833,0.006499982992944167
2.455,2.713685389487212,757.7298794220657,0.1903979822188617,0.014015435089696847,135.2009626322828,10.412109130267002,0.00649951707902518
2.46,2.713659719821988,757.729262868417,0.19044970683797757,0.013978472594085174,135.23796521016976,10.396191911393336,0.00649902735317508
2.465,2.713625078893752,757.7286386819724,0.19050130949327584,0.013941597765244227,135.27487763057448,10.380296016788396,0.006498513910649337
2.47,2.713581474732516,757.7280068736674,0.19055279077249512,0.013904810179720683,135.31170032748554,10.36442132662514,0.006497976846267612
2.475,2.7135289156396296,757.72736745491,0.19060415125913305,0.013868109417113895,135.3484337318748,10.348567722078267,0.006497416254416701
2.48,2.713467410187985,757.726720437579,0.19065539153246186,0.013831495060064564,135.38507827170872,10.332735085321152,0.0064968322290529885
2.485,2.7133969672231877,757.7260658340207,0.1907065121675441,0.013794966694243366,135.42163437196004,10.316923299523161,0.006496224863705368
2.49,2.713317595863717,757.7254036570464,0.19075751373524802,0.013758523908339683,135.4581024546186,10.301132248846589,0.006495594251477672
2.495,2.7132293055020473,757.72473391993,0.1908083968022633,0.013722166294050198,135.4944829387032,10.285361818443947,0.00649494048505157
2.5,2.713132105804767,757.7240566364057,0.19085916193111654,0.013685893446067647,135.5307762402726,10.269611894454895,0.006494263656688973
2.505,2.7130260067136485,757.7233718206647,0.19090980968018692,0.01364970496206942,135.56698277243703,10.253882364003502,0.006493563858234909
2.5100000000000002,2.7129110184457264,757.7226794873534,0.19096034060372158,0.013613600442706332,135.60310294536933,10.23817311519517,0.006492841181119912
2.515,2.712787151494317,757.7219796515701,0.19101075525185138,0.013577579491591236,135.63913716631654,10.222484037113887,0.0064920957163628655
2.52,2.712654416629056,757.7212723288635,0.19106105417060631,0.013541641715287808,135.67508583961083,10.206815019819132,0.0064913275545733715
2.525,2.712512824896865,757.7205575352292,0.19111123790193116,0.013505786723299149,135.71094936668115,10.191165954343111,0.006490536785954575
2.5300000000000002,2.712362387621955,757.7198352871078,0.1911613069837008,0.013470014128056615,135.74672814606416,10.175536732687663,0.0064897235003055056
2.535,2.7122031164067426,757.7191056013818,0.19121126194973606,0.013434323544908418,135.78242257341574,10.159927247821464,0.0064888877870238814
2.54,2.7120350231318078,757.7183684953736,0.1912611033298189,0.013398714592108485,135.81803304152217,10.144337393676953,0.00648802973510843
2.545,2.711858119956767,757.7176239868429,0.19131083164970825,0.013363186890805045,135.85355994031136,10.128767065147482,0.006487149433161665
2.5500000000000003,2.7116724193201915,757.716872093984,0.19136044743115518,0.013327740065029531,135.889003656864,10.113216158084262,0.006486246969392188
2.555,2.7114779339404302,757.7161128354232,0.19140995119191864,0.013292373741685183,135.92436457542493,10.09768456929351,0.006485322431617446
2.56,2.71127467681549,757.7153462302173,0.19145934344578075,0.013257087550535961,135.95964307741417,10.08217219653335,0.006484375907266001
2.565,2.71106266122381,757.7145722978493,0.19150862470256247,0.013221881124195147,135.9948395414383,10.066678938510973,0.0064834074833802725
2.57,2.7108419007241067,757.7137910582278,0.1915577954681388,0.013186754098114307,136.0299543433014,10.051204694879537,0.006482417246618788
2.575,2.7106124091560964,757.7130025316833,0.19160685624445453,0.013151706110571893,136.06498785601647,10.035749366235297,0.006481405283258894
2.58,2.710374200640306,757.7122067389661,0.19165580752953937,0.013116736802662243,136.0999404498163,10.020312854114511,0.00648037167919899
2.585,2.7101272895787485,757.7114037012439,0.19170464981752364,0.013081845818284173,136.13481249216488,10.004895060990547,0.006479316519961216
2.59,2.7098716906546936,757.7105934400994,0.19175338359865338,0.013047032804130016,136.16960434776826,9.9894958902708,0.006478239890693665
2.595,2.7096074188332997,757.7097759775276,0.19180200935930614,0.013012297409674235,136.20431637858593,9.974115246293774,0.006477141876173047
2.6,2.7093344893613467,757.7089513359335,0.1918505275820059,0.012977639287162477,136.23894894384154,9.958753034326,0.006476022560806882
2.605,2.7090529177678215,757.7081195381298,0.191898938745439,0.012943058091600209,136.2735024000344,9.943409160559106,0.00647488202863614
2.61,2.7087627198636146,757.7072806073338,0.19194724332446886,0.012908553480741783,136.30797710095018,9.928083532106733,0.00647372036333741
2.615,2.708463911742062,757.706434567166,0.19199544179015188,0.012874125115079101,136.34237339767228,9.912776057001587,0.006472537648225522
2.62,2.7081565097786022,757.7055814416465,0.19204353460975246,0.012839772657830718,136.3766916385925,9.897486644192359,0.006471333966255695
2.625,2.707840530631276,757.7047212551935,0.1920915222467585,0.012805495774930498,136.41093216942238,9.882215203540776,0.006470109400026132
2.63,2.7075159912403475,757.7038540326204,0.19213940516089642,0.012771294135016754,136.44509533320402,9.86696164581849,0.006468864031780148
2.6350000000000002,2.707182908828758,757.7029797991337,0.19218718380814698,0.012737167409420923,136.4791814703212,9.85172588270414,0.006467597943408746
2.64,2.706841300901713,757.7020985803298,0.1922348586407599,0.012703115272156737,136.51319091851013,9.836507826780243,0.006466311216452724
2.645,2.706491185247091,757.7012104021937,0.19228243010726973,0.012669137399908912,136.54712401287065,9.821307391530228,0.006465003932105224
2.65,2.706132579934998,757.7003152910956,0.19232989865251063,0.01263523347202233,136.58098108587703,9.806124491335332,0.006463676171213818
2.6550000000000002,2.7057655033181294,757.6994132737891,0.19237726471763197,0.012601403170490768,136.61476246738894,9.79095904147163,0.006462328014283041
2.66,2.7053899740312923,757.6985043774082,0.19242452874011334,0.012567646179946107,136.64846848466235,9.775810958106929,0.006460959541476454
2.665,2.7050060109917244,757.6975886294655,0.1924716911537799,0.012533962187647062,136.6820994623605,9.760680158297777,0.006459570832619149
2.67,2.7046136333985813,757.6966660578495,0.19251875238881733,0.01250035088346842,136.71565572256458,9.745566559986361,0.006458161967199801
2.6750000000000003,2.7042128607332123,757.695736690822,0.19256571287178742,0.012466811959889804,136.74913758478493,9.730470081997519,0.006456733024373142
2.68,2.703803712758616,757.6948005570159,0.1926125730256428,0.012433345111984923,136.78254536597143,9.715390644035617,0.006455284082961994
2.685,2.703386209519672,757.6938576854328,0.19265933326974252,0.012399950037410361,136.81587938052488,9.700328166681565,0.00645381522145973
2.69,2.7029603713425625,757.6929081054408,0.19270599401986674,0.01236662643639485,136.8491399403073,9.685282571389688,0.006452326518032275
2.695,2.7025262188349664,757.6919518467712,0.19275255568823235,0.012333374011728076,136.88232735465317,9.670253780484726,0.0064508180505205475
2.7,2.7020837728854423,757.6909889395173,0.19279901868350766,0.012300192468749981,136.91544193037984,9.655241717158722,0.0064492898964424485
2.705,2.701633054663585,757.6900194141311,0.19284538341082777,0.012267081515339598,136.94848397179865,9.640246305468002,0.006447742132995271
2.71,2.701174085619377,757.6890433014214,0.19289165027180952,0.012234040861904355,136.9814537807254,9.625267470330051,0.006446174837057672
2.715,2.7007068874832996,757.688060632551,0.19293781966456663,0.012201070221368938,137.01435165649136,9.610305137520506,0.006444588085192065
2.72,2.7002314822656563,757.6870714390345,0.19298389198372476,0.01216816930916463,137.04717789595372,9.595359233670012,0.006442981953646563
2.725,2.6997478922566422,757.6860757527361,0.19302986762043653,0.012135337843218191,137.07993279350666,9.580429686261224,0.006441356518357357
2.73,2.6992561400256334,757.6850736058666,0.19307574696239654,0.01210257554394121,137.11261664109165,9.56551642362565,0.006439711854950636
2.735,2.6987562484212195,757.6840650309817,0.1931215303938565,0.012069882134219006,137.14522972820848,9.550619374940641,0.006438048038744942
2.74,2.6982482405704613,757.6830500609792,0.19316721829564004,0.0120372573394,137.17777234192567,9.53573847022624,0.006436365144753074
2.745,2.697732139878882,757.6820287290966,0.19321281104515795,0.01200470088728466,137.21024476689135,9.520873640342167,0.00643466324768442
2.75,2.697207970029693,757.6810010689087,0.19325830901642288,0.01197221250811487,137.24264728534374,9.506024816984663,0.006432942421946839
2.755,2.6966757549837497,757.6799671143253,0.1933037125800647,0.011939791934562898,137.27498017712193,9.491191932683456,0.006431202741648973
2.7600000000000002,2.6961355189787444,757.6789268995891,0.19334902210334495,0.011907438901720788,137.30724371967628,9.476374920798625,0.0064294442806021096
2.765,2.695587286529121,757.6778804592723,0.1933942379501723,0.011875153147089356,137.33943818807933,9.46157371551754,0.006427667112322475
2.77,2.695031082425242,757.6768278282753,0.19343936048111704,0.011842934410567595,137.37156385503604,9.446788251851727,0.006425871310033071
2.775,2.6944669317332615,757.6757690418239,0.19348439005342635,0.011810782434441686,137.40362099089472,9.432018465633814,0.0064240569466659505
2.7800000000000002,2.6938948597942645,757.6747041354664,0.193529327021039,0.011778696963374427,137.43560986365728,9.41726429351437,0.006422224094864039
2.785,2.6933148922241,757.6736331450721,0.19357417173460031,0.011746677744394272,137.46753073899004,9.402525672958864,0.006420372826983381
2.79,2.692727054912491,757.6725561068284,0.19361892454147706,0.011714724526884763,137.499383880234,9.3878025422445,0.0064185032150949435
2.795,2.692131374022833,757.6714730572381,0.19366358578577234,0.01168283706257359,137.53116954841568,9.37309484045715,0.006416615330986845
2.8000000000000003,2.691527875991269,757.6703840331176,0.19370815580834033,0.011651015105522052,137.56288800225724,9.358402507488195,0.006414709246166143
2.805,2.6909165875264556,757.6692890715941,0.19375263494680142,0.011619258412114135,137.59453949818746,9.343725484031475,0.006412785031861033
2.81,2.6902975356086083,757.6681882101035,0.1937970235355566,0.011587566741045977,137.62612429035178,9.329063711580092,0.006410842759022616
2.815,2.6896707474892283,757.6670814863875,0.19384132190580286,0.011555939853314968,137.6576426306231,9.314417132423362,0.006408882498327089
2.82,2.6890362506901235,757.6659689384918,0.19388553038554748,0.011524377512209241,137.6890947686119,9.299785689643628,0.006406904320177483
2.825,2.6883940730030957,757.6648506047634,0.1939296492996232,0.011492879483296779,137.7204809516772,9.28516932711319,0.006404908294705832
2.83,2.6877442424889333,757.6637265238479,0.19397367896970277,0.011461445534414924,137.75180142493642,9.270567989491127,0.006402894491774901
2.835,2.6870867874770634,757.6625967346878,0.19401761971431405,0.011430075435659513,137.78305643127624,9.25598162222021,0.006400862980980325
2.84,2.686421736564518,757.6614612765193,0.19406147184885442,0.011398768959374377,137.8142462113628,9.241410171523713,0.00639881383165232
2.845,2.6857491186155498,757.6603201888705,0.19410523568560586,0.011367525880140507,137.84537100365225,9.226853584402333,0.006396747112857805
2.85,2.6850689627605684,757.6591735115587,0.19414891153374958,0.011336345974765584,137.87643104440087,9.212311808630998,0.006394662893402093
2.855,2.6843812983957234,757.6580212846878,0.1941924996993807,0.011305229022273135,137.9074265676759,9.19778479275577,0.006392561241830989
2.86,2.6836861551818143,757.6568635486468,0.19423600048552322,0.011274174803892069,137.93835780536548,9.183272486090644,0.006390442226432464
2.865,2.6829835630438357,757.655700344106,0.1942794141921446,0.01124318310304588,137.96922498718928,9.168774838714452,0.006388305915238734
2.87,2.6822735521698626,757.6545317120156,0.19432274111617037,0.011212253705342182,138.00002834070867,9.154291801467663,0.0063861523760279145
2.875,2.6815561530105625,757.6533576936031,0.19436598155149923,0.01118138639856192,138.03076809133728,9.13982332594927,0.006383981676326077
2.88,2.680831396278051,757.6521783303705,0.19440913578901736,0.011150580972648906,138.06144446235112,9.125369364513578,0.006381793883408889
2.8850000000000002,2.68009931294537,757.6509936640924,0.19445220411661346,0.01111983721969907,138.0920576748991,9.1109298702671,0.0063795890643036455
2.89,2.679359934245321,757.6498037368133,0.19449518681919314,0.011089154933949998,138.12260794801313,9.096504797065327,0.006377367285790892
2.895,2.678613291669907,757.6486085908452,0.19453808417869392,0.011058533911770186,138.15309549861865,9.08209409950962,0.00637512861440644
2.9,2.6778594169691394,757.647408268765,0.1945808964740997,0.011027973951648588,138.1835205415447,9.067697732943971,0.006372873116442963
2.9050000000000002,2.677098342150449,757.6462028134126,0.1946236239814556,0.010997474854183892,138.2138832895345,9.053315653451895,0.006370600857951999
2.91,2.676330099477464,757.6449922678879,0.19466626697388245,0.010967036422074077,138.24418395325534,9.038947817853176,0.006368311904745527
2.915,2.675554721469391,757.6437766755487,0.19470882572159165,0.010936658460105693,138.2744227413093,9.024594183700756,0.0063660063223979465
2.92,2.6747722408997676,757.6425560800083,0.19475130049189976,0.010906340775143419,138.30459986024312,9.010254709277469,0.006363684176247636
2.9250000000000003,2.67398269079581,757.6413305251327,0.19479369154924317,0.010876083176119372,138.33471551455872,8.995929353592924,0.006361345531398914
2.93,2.6731861044371428,757.6401000550389,0.1948359991551927,0.010845885474022663,138.36476990672332,8.981618076380235,0.006358990452723581
2.935,2.6723825153551113,757.6388647140917,0.19487822356846843,0.010815747481888719,138.39476323717975,8.967320838092894,0.006356619004862857
2.94,2.671571957331489,757.6376245469015,0.19492036504495408,0.01078566901478883,138.42469570435657,8.953037599901489,0.006354231252228905
2.945,2.670754464397758,757.6363795983222,0.19496242383771192,0.010755649889819509,138.45456750467852,8.938768323690574,0.006351827259006752
2.95,2.669930070833792,757.6351299134483,0.19500440019699725,0.010725689926092014,138.4843788325765,8.924512972055373,0.006349407089155794
2.955,2.6690988111671063,757.6338755376129,0.19504629437027307,0.01069578894472174,138.514129880498,8.910271508298651,0.006346970806411694
2.96,2.6682607201715167,757.6326165163849,0.19508810660222478,0.010665946768817727,138.54382083891707,8.896043896427397,0.006344518474287868
2.965,2.6674158328663577,757.6313528955669,0.19512983713477475,0.010636163223472073,138.5734518963448,8.881830101149696,0.006342050156077372
2.97,2.6665641845151176,757.6300847211922,0.19517148620709696,0.010606438135749435,138.60302323933928,8.8676300878714,0.006339565914854359
2.975,2.66570581062463,757.6288120395232,0.1952130540556317,0.01057677133467646,138.632535052516,8.853443822692988,0.0063370658134759535
2.98,2.664840746943682,757.6275348970479,0.19525454091410008,0.010547162651231285,138.6619875185578,8.839271272406231,0.006334549914583689
2.985,2.6639690294621743,757.6262533404788,0.1952959470135187,0.01051761191833296,138.69138081822533,8.825112404491044,0.006332018280605359
2.99,2.663090694409711,757.624967416749,0.19533727258221442,0.010488118970830964,138.72071513036698,8.810967187112137,0.006329470973756445
2.995,2.662205778254729,757.6236771730108,0.1953785178458387,0.010458683645494645,138.74999063192928,8.79683558911586,0.006326908056041937
3.0,2.661314317703062,757.622382656633,0.1954196830273825,0.010429305781002715,138.77920749796684,8.782717580026844,0.006324329589257754
3.005,2.6604163496970425,757.6210839151983,0.19546076834719076,0.010399985217932695,138.8083659016527,8.768613130044837,0.00632173563499254
3.0100000000000002,2.659511911414047,757.6197809965005,0.19550177402297697,0.010370721798750412,138.83746601428842,8.75452221004133,0.006319126254629064
3.015,2.6586010402655638,757.6184739485432,0.19554270026983797,0.010341515367799472,138.86650800531427,8.740444791556392,0.006316501509346004
3.02,2.6576837738957186,757.6171628195359,0.19558354730026847,0.010312365771290728,138.8954920423193,8.72638084679528,0.006313861460119323
3.025,2.656760150180317,757.6158476578927,0.19562431532417568,0.010283272857291754,138.9244182910516,8.71233034862526,0.006311206167724036
3.0300000000000002,2.655830207225341,757.6145285122293,0.1956650045488939,0.010254236475716334,138.95328691542846,8.698293270572208,0.00630853569273557
3.035,2.6548939833659695,757.6132054313607,0.1957056151791993,0.010225256478313932,138.9820980775464,8.684269586817429,0.006305850095531507
3.04,2.6539515171650536,757.6118784642986,0.19574614741732424,0.010196332718659157,139.01085193769137,8.670259272194237,0.006303149436292933
3.045,2.6530028474121052,757.6105476602489,0.19578660146297233,0.010167465052141254,139.039548654349,8.656262302184762,0.006300433775006157
3.0500000000000003,2.652048013121756,757.6092130686097,0.1958269775133327,0.010138653335953566,139.06818838421458,8.642278652916529,0.00629770317146404
3.055,2.6510870535327165,757.6078747389682,0.19586727576309476,0.010109897429083027,139.09677128220332,8.628308301159246,0.006294957685267704
3.06,2.6501200081062133,757.6065327210987,0.19590749640446295,0.010081197192299605,139.1252975014604,8.61435122432137,0.006292197375827838
3.065,2.6491469165249235,757.6051870649602,0.19594763962717116,0.010052552488145801,139.1537671933712,8.60040740044689,0.006289422302366382
3.0700000000000003,2.6481678186913915,757.6038378206931,0.1959877056184976,0.010023963180926096,139.1821805075713,8.586476808211872,0.006286632523917829
3.075,2.6471827547269347,757.602485038618,0.1960276945632793,0.009995429136696448,139.21053759195678,8.572559426921245,0.006283828099330879
3.08,2.646191764970043,757.6011287692323,0.19606760664392675,0.009966950223253723,139.23883859269426,8.558655236505313,0.006281009087269725
3.085,2.645194889975256,757.5997690632081,0.1961074420404387,0.009938526310125196,139.26708365423102,8.544764217516544,0.006278175546215697
3.09,2.6441921705115465,757.5984059713896,0.1961472009304167,0.00991015726855798,139.2952729193052,8.53088635112607,0.00627532753446852
3.095,2.643183647561167,757.5970395447907,0.19618688348907976,0.009881842971508518,139.32340652895593,8.517021619120449,0.00627246511014794
3.1,2.6421693623180182,757.5956698345925,0.19622648988927904,0.009853583293632012,139.35148462253335,8.503170003898177,0.006269588331194974
3.105,2.6411493561864687,757.594296892141,0.19626602030151258,0.009825378111271908,139.3795073377089,8.489331488466417,0.006266697255373508
3.11,2.640123670779702,757.592920768944,0.1963054748939399,0.009797227302449309,139.4074748104854,8.475506056437494,0.006263791940271533
3.115,2.639092347918516,757.5915415166698,0.19634485383239675,0.009769130746852473,139.43538717520713,8.461693692025632,0.006260872443302725
3.12,2.638055429629649,757.5901591871435,0.1963841572804097,0.009741088325826212,139.46324456456998,8.447894380043419,0.006257938821707661
3.125,2.6370129581445516,757.5887738323452,0.19642338539921098,0.009713099922361385,139.49104710963167,8.43410810589854,0.006254991132555387
3.13,2.635964975897701,757.5873855044074,0.19646253834775304,0.00968516542108427,139.51879493982182,8.420334855590225,0.006252029432744607
3.1350000000000002,2.6349115255253435,757.5859942556125,0.19650161628272325,0.009657284708246082,139.5464881829521,8.40657461570596,0.006249053779005238
3.14,2.6338526498637926,757.5846001383902,0.19654061935855885,0.00962945767171233,139.57412696522638,8.39282737341794,0.006246064227899583
3.145,2.6327883919481487,757.5832032053154,0.19657954772746133,0.009601684200952313,139.60171141125093,8.379093116479758,0.006243060835823867
3.15,2.6317187950105754,757.5818035091053,0.19661840153941143,0.009573964187028475,139.62924164404444,8.365371833222826,0.00624004365900939
3.1550000000000002,2.6306439024790005,757.5804011026169,0.19665718094218365,0.009546297522585895,139.65671778504827,8.351663512553074,0.006237012753524046
3.16,2.629563757975374,757.5789960388449,0.1966958860813612,0.009518684101841642,139.68413995413655,8.337968143947357,0.00623396817527346
3.165,2.6284784053143446,757.5775883709192,0.1967345171003506,0.009491123820574253,139.71150826962636,8.324285717450127,0.0062309099800024895
3.17,2.6273878885015023,757.576178152102,0.19677307414039652,0.009463616576113052,139.73882284828792,8.310616223669824,0.006227838223296338
3.1750000000000003,2.6262922517320297,757.5747654357854,0.19681155734059644,0.009436162267327656,139.76608380535458,8.296959653775541,0.006224752960582045
3.18,2.625191539388931,757.5733502754895,0.19684996683791556,0.009408760794617275,139.79329125453327,8.283315999493407,0.006221654247129586
3.185,2.6240857960416606,757.571932724859,0.19688830276720137,0.009381412059900198,139.82044530801443,8.269685253103225,0.006218542138053331
3.19,2.6229750664443325,757.5705128376619,0.19692656526119873,0.009354115966603085,139.84754607648222,8.256067407434841,0.006215416688313137
3.1950000000000003,2.6218593955343312,757.5690906677856,0.19696475445056436,0.009326872419650451,139.87459366912475,8.242462455864775,0.0062122779527157895
3.2,2.6207388284305035,757.5676662692357,0.19700287046388185,0.009299681325453949,139.90158819364424,8.228870392312572,0.006209125985916072
3.205,2.6196134104317466,757.5662396961325,0.19704091342767632,0.00927254259190183,139.92852975626712,8.215291211237421,0.006205960842418194
3.21,2.618483187015186,757.5648110027092,0.19707888346642946,0.009245456128348224,139.95541846175436,8.201724907634471,0.006202782576576841
3.215,2.617348203834742,757.5633802433093,0.197116780702594,0.009218421845602596,139.98225441341148,8.188171477031464,0.006199591242598586
3.22,2.6162085067192935,757.5619474723838,0.19715460525660894,0.009191439655919,140.0090377130989,8.174630915485023,0.0061963868945429205
3.225,2.61506414167122,757.5605127444892,0.19719235724691409,0.00916450947298555,140.03576846124201,8.161103219577265,0.006193169586323652
3.23,2.613915154864555,757.5590761142844,0.19723003678996506,0.00913763121191363,140.06244675684147,8.14758838641208,0.006189939371709913
3.235,2.6127615926435044,757.5576376365287,0.1972676440002481,0.009110804789227368,140.08907269748326,8.134086413611719,0.0061866963043275425
3.24,2.611603501520588,757.5561973660793,0.19730517899029507,0.009084030122852846,140.11564637934913,8.120597299313072,0.006183440437660084
3.245,2.6104409281751346,757.5547553578886,0.19734264187069805,0.009057307132107556,140.1421678972265,8.107121042164234,0.0061801718250501375
3.25,2.609273919451412,757.5533116670016,0.19738003275012453,0.009030635737689592,140.16863734451897,8.093657641320764,0.006176890519700348
3.255,2.608102522357102,757.551866348554,0.19741735173533206,0.009004015861667089,140.19505481325632,8.080207096442237,0.006173596574674743
3.2600000000000002,2.6069267840614154,757.550419457769,0.1974545989311834,0.008977447427467415,140.22142039410488,8.066769407688481,0.006170290042899694
3.265,2.6057467518935478,757.5489710499553,0.19749177444066118,0.008950930359866605,140.24773417637763,8.053344575716135,0.006166970977165248
3.27,2.604562473340783,757.5475211805045,0.1975288783648831,0.008924464584978522,140.27399624804457,8.039932601674849,0.006163639430126063
3.275,2.6033739960469284,757.5460699048887,0.19756591080311656,0.008898050030244287,140.30020669574284,8.026533487203823,0.00616029545430272
3.2800000000000002,2.602181367810404,757.5446172786575,0.19760287185279388,0.008871686624421426,140.3263656047871,8.013147234428006,0.006156939102082656
3.285,2.600984636582663,757.5431633574361,0.19763976160952704,0.008845374297573304,140.35247305917954,7.999773845954624,0.006153570425721445
3.29,2.5997838504662636,757.5417081969231,0.19767658016712283,0.00881911298105824,140.37852914162045,7.98641332486934,0.006150189477343716
3.295,2.598579057713273,757.540251852887,0.1977133276175977,0.008792902607518924,140.40453393351814,7.9730656747327755,0.006146796308944422
3.3000000000000003,2.59737030672333,757.5387943811643,0.19775000405119275,0.008766743110871545,140.4304875149995,7.959730899576665,0.006143390972389735
3.305,2.596157646042027,757.5373358376575,0.19778660955638874,0.00874063442629518,140.45638996492008,7.946409003900355,0.006139973519418302
3.31,2.5949411243589617,757.5358762783316,0.19782314421992117,0.00871457649022091,140.4822413608744,7.933099992666936,0.006136544001642124
3.315,2.593720790506101,757.5344157592123,0.1978596081267951,0.008688569240321197,140.50804177920637,7.919803871299727,0.006133102470547788
3.3200000000000003,2.592496693455823,757.5329543363836,0.1978960013603004,0.008662612615498989,140.53379129501928,7.906520645678402,0.006129648977497334
3.325,2.5912688823192638,757.5314920659848,0.19793232400202654,0.00863670655587709,140.5594899821864,7.893250322135448,0.006126183573729472
3.33,2.590037406344346,757.5300290042086,0.1979685761318779,0.008610851002787254,140.58513791336105,7.879992907452278,0.0061227063103604295
3.335,2.5888023149141075,757.5285652072981,0.19800475782808852,0.008585045898759525,140.61073515998703,7.866748408855675,0.0061192172383851455
3.34,2.587563657544725,757.5271007315449,0.19804086916723743,0.008559291187511342,140.63628179230886,7.853516834013883,0.006115716408678111
3.345,2.5863214838838213,757.5256356332859,0.19807691022426346,0.008533586813936851,140.66177787938207,7.84029819103304,0.006112203871994541
3.35,2.58507584370848,757.5241699689017,0.19811288107248057,0.008507932724096015,140.6872234890836,7.82709248845326,0.006108679678971198
3.355,2.583826786923536,757.5227037948131,0.1981487817835927,0.008482328865203902,140.71261868812203,7.813899735245037,0.00610514388012755
3.36,2.5825743635595795,757.5212371674797,0.198184612427709,0.008456775185619778,140.73796354204796,7.800719940805308,0.006101596525866573
3.365,2.581318623771233,757.519770143397,0.1982203730733589,0.008431271634836401,140.76325811526425,7.787553114953856,0.006098037666475892
3.37,2.5800596178351443,757.5183027790932,0.19825606378750726,0.008405818163469095,140.78850247103654,7.7743992679293585,0.006094467352128572
3.375,2.5787973961482473,757.5168351311283,0.19829168463556937,0.008380414723245033,140.8136966715033,7.7612584103857545,0.006090885632884238
3.38,2.5775320092257474,757.5153672560903,0.19832723568142618,0.00835506126699229,140.8388407776865,7.748130553388288,0.006087292558689844
3.3850000000000002,2.5762635076993647,757.513899210593,0.19836271698743932,0.008329757748629133,140.8639348495017,7.7350157084098665,0.006083688179380789
3.39,2.5749919423153127,757.5124310512741,0.19839812861446646,0.00830450412315307,140.88897894576857,7.721913887327085,0.006080072544681662
3.395,2.5737173639325257,757.5109628347924,0.19843347062187613,0.0082793003466301,140.9139731242211,7.70882510241656,0.006076445704207338
3.4,2.572439823520629,757.5094946178251,0.1984687430675633,0.008254146376183774,140.93891744151804,7.695749366350943,0.0060728077074637095
3.4050000000000002,2.571159372158153,757.5080264570657,0.19850394600796406,0.00822904216998443,140.96381195325336,7.682686692195244,0.006069158603848766
3.41,2.569876061030494,757.5065584092215,0.19853907949807117,0.00820398768723825,140.9886567139664,7.669637093402826,0.00606549844265331
3.415,2.5685899414281126,757.505090531011,0.19857414359144906,0.008178982888176483,141.0134517771524,7.656600583811712,0.006061827273062016
3.42,2.5673010647444907,757.5036228791615,0.19860913834024907,0.008154027734044486,141.0381971952729,7.643577177640565,0.006058145144154137
3.4250000000000003,2.566009482474314,757.502155510407,0.1986440637952246,0.008129122187090944,141.06289301976594,7.63056688948498,0.0060544521049045365
3.43,2.564715246211421,757.5006884814849,0.19867892000574633,0.008104266210556916,141.08753930105672,7.61756973431345,0.006050748204184384
3.435,2.563418407646972,757.4992218491346,0.19871370701981741,0.008079459768665026,141.11213608856772,7.604585727463639,0.006047033490762174
3.44,2.562119018567393,757.4977556700945,0.19874842488408878,0.008054702826608511,141.13668343072928,7.591614884638339,0.0060433080133043965
3.4450000000000003,2.560817130852531,757.4962900010995,0.1987830736438741,0.008029995350540407,141.16118137498984,7.578657221901724,0.006039571820376548
3.45,2.5595127964735895,757.494824898879,0.19881765334316528,0.008005337307562595,141.18562996782654,7.565712755675297,0.006035824960443777
3.455,2.5582060674912728,757.4933604201537,0.19885216402464756,0.007980728665714969,141.21002925475545,7.552781502734122,0.006032067481871886
3.46,2.5568969960537147,757.4918966216343,0.19888660572971473,0.00795616939396448,141.234379280342,7.539863480202762,0.006028299432927956
3.465,2.555585634394611,757.4904335600181,0.19892097849848434,0.007931659462194308,141.2586800882115,7.526958705551499,0.006024520861781331
3.47,2.554272034831141,757.4889712919868,0.19895528236981308,0.007907198841192885,141.2829317210594,7.514067196592248,0.006020731816504234
3.475,2.5529562497620906,757.4875098742045,0.19898951738131182,0.00788278750264308,141.30713422066182,7.501188971474778,0.006016932345072723
3.48,2.5516383316657656,757.4860493633149,0.199023683569361,0.00785842541911121,141.3312876278859,7.488324048682603,0.006013122495367298
3.485,2.5503183330981027,757.4845898159389,0.19905778096912585,0.007834112564036207,141.35539198270018,7.4754724470291825,0.00600930231517384
3.49,2.548996306690582,757.4831312886724,0.19909180961457157,0.007809848911718652,141.37944732418515,7.462634185653813,0.0060054718521842035
3.495,2.547672305148322,757.4816738380839,0.19912576953847866,0.007785634437309925,141.40345369054356,7.44980928401781,0.006001631153997131
3.5,2.54634638124799,757.4802175207116,0.19915966077245814,0.007761469116801244,141.42741111911093,7.436997761900387,0.005997780268118838
3.505,2.545018587835884,757.4787623930615,0.1991934833469668,0.007737352927012798,141.4513196463658,7.424199639394817,0.0059939192419639084
3.5100000000000002,2.543688977825843,757.4773085116053,0.19922723729132247,0.007713285845582806,141.47517930794044,7.4114149369043085,0.005990048122855857
3.515,2.542357604197314,757.4758559327771,0.19926092263371925,0.007689267850956636,141.49899013863097,7.398643675138154,0.005986166958028021
3.52,2.541024519993258,757.4744047129716,0.1992945394012428,0.00766529892237587,141.52275217240802,7.38588587510759,0.005982275794624095
3.525,2.5396897783182113,757.4729549085417,0.19932808761988563,0.007641379039867409,141.5464654424269,7.373141558121928,0.005978374679699011
3.5300000000000002,2.538353432336185,757.4715065757962,0.19936156731456223,0.007617508184232564,141.57012998103835,7.360410745784414,0.005974463660219459
3.535,2.537015535268714,757.4700597709971,0.19939497850912447,0.007593686337036151,141.59374581979873,7.347693459988344,0.005970542783064744
3.54,2.535676140392758,757.4686145503571,0.19942832122637674,0.0075699134805955835,141.61731298948047,7.334989722912909,0.005966612095027299
3.545,2.534335301038738,757.4671709700381,0.19946159548809134,0.007546189597969958,141.64083152008254,7.3222995570192975,0.005962671642813519
3.5500000000000003,2.5329930705884363,757.4657290861479,0.19949480131502353,0.007522514672949178,141.66430144084097,7.309622985046536,0.005958721473044261
3.555,2.531649502473024,757.4642889547383,0.19952793872692698,0.00749888869004303,141.687722780239,7.296960030007578,0.005954761632255663
3.56,2.5303046501709536,757.4628506318026,0.19956100774256888,0.007475311634470308,141.7110955660178,7.284310715185137,0.005950792166899624
3.565,2.5289585672059838,757.4614141732732,0.19959400837974528,0.007451783492147891,141.73441982518665,7.271675064127753,0.00594681312334461
3.5700000000000003,2.527611307145069,757.4599796350195,0.19962694065529618,0.007428304249679897,141.75769558403346,7.259053100645629,0.005942824547876117
3.575,2.5262629235963727,757.4585470728454,0.19965980458512098,0.007404873894346746,141.78092286813518,7.2464448488066875,0.005938826486697461
3.58,2.524913470207156,757.4571165424869,0.1996926001841935,0.007381492414094336,141.80410170236823,7.233850332932389,0.005934818985930227
3.585,2.5235630006617846,757.4556880996097,0.19972532746657728,0.007358159797523097,141.82723211091883,7.2212695775937785,0.005930802091615038
3.59,2.5222115686796163,757.4542617998072,0.19975798644544085,0.007334876033877195,141.85031411729344,7.208702607607309,0.005926775849711994
3.595,2.520859228012998,757.452837698598,0.19979057713307288,0.007311641113033586,141.8733477443292,7.196149448030865,0.0059227403061014195
3.6,2.5195060324451544,757.4514158514231,0.19982309954089728,0.007288455025491244,141.8963330142042,7.183610124159589,0.005918695506584291
3.605,2.5181520357881757,757.4499963136445,0.19985555367948862,0.007265317762360201,141.91926994844803,7.171084661521883,0.00591464149688297
3.61,2.516797291880907,757.4485791405423,0.1998879395585872,0.007242229315350814,141.94215856795196,7.15857308587524,0.005910578322641606
3.615,2.5154418545869275,757.4471643873123,0.1999202571871141,0.0072191896767628,141.96499889297957,7.146075423202231,0.005906506029426861
3.62,2.5140857777924435,757.4457521090642,0.19995250657318658,0.00719619883947454,141.98779094317686,7.133591699706337,0.0059024246627283
3.625,2.512729115404255,757.4443423608187,0.19998468772413305,0.0071732567969321,142.01053473758282,7.12112194180792,0.0058983342679590905
3.63,2.5113719213476533,757.4429351975058,0.2000168006465083,0.0071503635431385704,142.0332302946396,7.108666176140052,0.0058942348904563804
3.6350000000000002,2.5100142495643802,757.4415306739619,0.20004884534610862,0.007127519072643095,142.05587763220308,7.09622442954448,0.005890126575481987
3.64,2.508656154010526,757.4401288449283,0.20008082182798687,0.007104723380530245,142.078476767553,7.083796729067455,0.005886009368222752
3.645,2.5072976886544827,757.438729765048,0.2001127300964677,0.00708197646240904,142.10102771740347,7.07138310195568,0.00588188331379122
3.65,2.5059389074748406,757.4373334888642,0.2001445701551625,0.0070592783144023605,142.12353049791304,7.058983575652143,0.005877748457225979
3.6550000000000002,2.504579864458342,757.4359400708175,0.2001763420069846,0.007036628933135981,142.1459851246954,7.046598177792057,0.005873604843492314
3.66,2.5032206135977724,757.4345495652442,0.2002080456541642,0.007014028315728021,142.16839161282928,7.03422693619869,0.0058694525174825445
3.665,2.5018612088899124,757.4331620263735,0.20023968109826365,0.006991476459777972,142.1907499768691,7.021869878879299,0.005865291524016656
3.67,2.5005017043334306,757.4317775083252,0.2002712483401922,0.00696897336335619,142.213060230855,7.009527034020958,0.005861121907842617
3.6750000000000003,2.499142153926828,757.4303960651084,0.20030274738022122,0.006946519024992944,142.23532238832328,6.997198429986484,0.005856943713637005
3.68,2.4977826116663384,757.429017750618,0.2003341782179991,0.0069241134436679435,142.2575364623165,6.984884095310275,0.005852756986005306
3.685,2.496423131543861,757.4276426186331,0.20036554085256633,0.006901756618799388,142.2797024653939,6.97258405869422,0.0058485617694825215
3.69,2.4950637675448677,757.4262707228149,0.20039683528237026,0.006879448550233547,142.30182040964155,6.960298349003536,0.0058443581085334505
3.6950000000000003,2.493704573646331,757.4249021167045,0.20042806150528034,0.00685718923823382,142.3238903066826,6.948026995262682,0.005840146047553289
3.7,2.4923456038146337,757.4235368537202,0.20045921951860265,0.006834978683470368,142.34591216768757,6.935770026651201,0.005835925630867893
3.705,2.490986912003493,757.4221749871555,0.2004903093190953,0.006812816887009175,142.3678860033844,6.923527472499613,0.005831696902734361
3.71,2.4896285521518715,757.4208165701773,0.20052133090298274,0.006790703850301732,142.38981182406872,6.911299362285274,0.005827459907341284
3.715,2.4882705781819014,757.419461655823,0.20055228426597116,0.0067686395751741235,142.41168963961408,6.899085725628264,0.005823214688809309
3.72,2.4869130439967972,757.4181102969993,0.20058316940326285,0.0067466240638167545,142.43351945948203,6.886886592287244,0.005818961291191383
3.725,2.485556003478776,757.4167625464787,0.20061398630957142,0.006724657318773452,142.45530129273226,6.874701992155346,0.005814699758473294
3.73,2.4841995104869734,757.4154184568987,0.20064473497913615,0.006702739342931254,142.4770351480327,6.8625319552560375,0.005810430134573897
3.735,2.4828436188553638,757.4140780807585,0.2006754154057373,0.0066808701395095135,142.4987210336699,6.850376511738998,0.00580615246334565
3.74,2.4814883823906784,757.4127414704175,0.20070602758271017,0.006659049712049762,142.52035895755864,6.838235691876002,0.005801866788574819
3.745,2.4801338548703233,757.4114086780929,0.20073657150296043,0.006637278064404834,142.5419489272525,6.826109526056789,0.005797573153981997
3.75,2.4787800900403036,757.4100797558577,0.2007670471589783,0.006615555200728773,142.56349094995346,6.813998044784956,0.005793271603222299
3.755,2.4774271416131364,757.4087547556385,0.20079745454285364,0.00659388112546599,142.58498503252247,6.801901278673818,0.005788962179885866
3.7600000000000002,2.4760750632657818,757.407433729213,0.20082779364629005,0.006572255843341231,142.6064311814889,6.789819258442322,0.00578464492749804
3.765,2.474723908637555,757.4061167282088,0.20085806446062007,0.006550679359348759,142.62782940306104,6.777752014910899,0.0057803198895198605
3.77,2.4733737313280626,757.4048038041001,0.20088826697681908,0.006529151678742392,142.64917970313564,6.765699578997389,0.005775987109348219
3.775,2.4720245848951095,757.4034950082063,0.2009184011855204,0.006507672807024689,142.67048208730833,6.753661981712895,0.005771646630316341
3.7800000000000002,2.470676522852644,757.40219039169,0.20094846707702932,0.006486242749937082,142.691736560883,6.741639254157718,0.005767298495693933
3.785,2.4693295986686645,757.4008900055546,0.20097846464133798,0.006464861513449084,142.71294312888227,6.729631427517211,0.005762942748687641
3.79,2.46798386576317,757.3995939006422,0.20100839386813923,0.006443529103748481,142.73410179605702,6.717638533057733,0.005758579432441189
3.795,2.4666393775060627,757.3983021276314,0.2010382547468417,0.0064222455272305735,142.75521256689655,6.70566060212249,0.005754208590035823
3.8000000000000003,2.465296187215108,757.3970147370358,0.2010680472665835,0.0064010107904884485,142.77627544563794,6.693697666127517,0.00574983026449043
3.805,2.463954348153839,757.395731779201,0.20109777141624713,0.006379824900302254,142.7972904362765,6.6817497565575215,0.005745444498761969
3.81,2.462613913529518,757.3944533043037,0.20112742718447296,0.00635868786362954,142.8182575425751,6.6698169049618725,0.005741051335745584
3.815,2.4612749364910447,757.3931793623487,0.2011570145596745,0.006337599687594563,142.8391767680742,6.657899142950444,0.00573665081827501
3.8200000000000003,2.459937470126923,757.3919100031671,0.20118653353005153,0.00631656037947872,142.86004811610124,6.645996502189632,0.0057322429891226755
3.825,2.4586015674631705,757.3906452764146,0.2012159840836052,0.006295569946709883,142.88087158978095,6.634109014398199,0.0057278278910001005
3.83,2.457267281461293,757.3893852315688,0.20124536620815114,0.006274628396852915,142.90164719204438,6.6222367113433025,0.005723405566557977
3.835,2.4559346650161906,757.388129917928,0.20127467989133466,0.006253735737599036,142.92237492563916,6.610379624836347,0.0057189760583865505
3.84,2.4546037709541473,757.3868793846087,0.20130392512064363,0.0062328919767564404,142.94305479313854,6.598537786729037,0.0057145394090157
3.845,2.4532746520307325,757.3856336805433,0.2013331018834235,0.006212097122239687,142.9636867969517,6.5867112289092224,0.005710095660915291
3.85,2.4519473609288007,757.384392854479,0.20136221016689024,0.006191351182060418,142.98427093933248,6.574899983296992,0.0057056448564952525
3.855,2.450621950256395,757.3831569549748,0.2013912499581452,0.006170654164316784,143.00480722238981,6.563104081840503,0.005701187038105911
3.86,2.449298472544751,757.3819260304005,0.20142022124418796,0.0061500060771842524,143.02529564809643,6.551323556512106,0.005696722248038049
3.865,2.447976980246209,757.3807001289335,0.20144912401193116,0.006129406928905083,143.04573621829908,6.539558439304185,0.005692250528523237
3.87,2.4466575257322214,757.3794792985585,0.2014779582482131,0.006108856727779232,143.06612893472717,6.527808762225304,0.00568777192173387
3.875,2.4453401612912677,757.3782635870637,0.2015067239398126,0.006088355482153871,143.0864737990031,6.516074557296049,0.005683286469783489
3.88,2.4440249391268747,757.3770530420403,0.20153542107346153,0.006067903200414384,143.10677081265072,6.504355856545206,0.005678794214726804
3.8850000000000002,2.442711911355528,757.3758477108798,0.20156404963585944,0.006047499890973944,143.1270199771055,6.492652692005608,0.005674295198559998
3.89,2.4414011300047056,757.3746476407724,0.20159260961368605,0.006027145562264614,143.1472212937231,6.480965095710342,0.005669789463220741
3.895,2.4400926470107938,757.3734528787049,0.20162110099361574,0.006006840222726961,143.16737476378944,6.469293099688604,0.005665277050588481
3.9,2.438786514217126,757.3722634714588,0.20164952376232997,0.005986583880801271,143.18748038852902,6.457636735961932,0.005660758002484444
3.9050000000000002,2.437482783371903,757.3710794656084,0.20167787790653174,0.0059663765449172144,143.20753816911517,6.445996036540072,0.00565623236067191
3.91,2.4361815061262453,757.3699009075193,0.2017061634129577,0.005946218223485169,143.2275481066781,6.4343710334172455,0.005651700166856199
3.915,2.434882734032112,757.3687278433458,0.20173438026839252,0.005926108924885945,143.24751020231508,6.4227617585680195,0.0056471614626849385
3.92,2.433586518540366,757.3675603190294,0.20176252845968118,0.005906048657462204,143.26742445709863,6.411168243943605,0.005642616289748037
3.9250000000000003,2.4322929109986977,757.3663983802973,0.20179060797374293,0.0058860374295082556,143.28729087208634,6.3995905214677435,0.005638064689577928
3.93,2.4310019626496997,757.3652420726595,0.2018186187975834,0.0058660752492615984,143.30710944832916,6.3880286230330405,0.005633506703649545
3.935,2.429713724628795,757.3640914414084,0.20184656091830866,0.005846162124892753,143.32688018688108,6.376482580496854,0.005628942373380544
3.94,2.428428247962322,757.3629465316154,0.20187443432313715,0.005826298064496928,143.34660308880743,6.364952425677668,0.0056243717401312674
3.9450000000000003,2.427145583565467,757.3618073881305,0.20190223899941356,0.005806483076083931,143.36627815519427,6.353438190350994,0.0056197948452049555
3.95,2.4258657822403618,757.3606740555795,0.20192997493462064,0.005786717167569942,143.38590538715667,6.341939906245784,0.005615211729847695
3.955,2.4245888946740224,757.3595465783625,0.20195764211639297,0.005767000346767482,143.4054847858483,6.330457605040341,0.005610622435248621
3.96,2.4233149714364544,757.3584250006521,0.20198524053252856,0.005747332621377323,143.42501635246916,6.3189913183587665,0.005606027002539851
3.9650000000000003,2.4220440629785993,757.357309366392,0.20201277017100264,0.005727713998978519,143.4445000882754,6.307541077766894,0.005601425472796675
3.97,2.420776219630453,757.3561997192942,0.20204023101997898,0.005708144487020446,143.46393599458693,6.296106914768772,0.00559681788703748
3.975,2.419511491599015,757.3550961028384,0.20206762306782367,0.005688624092812896,143.48332407279705,6.2846888608026115,0.005592204286223925
3.98,2.4182499289664197,757.3539985602695,0.2020949463031162,0.005669152823518243,143.50266432438002,6.27328694723731,0.005587584711260851
3.985,2.4169915816878937,757.352907134596,0.20212220071466308,0.005649730686141625,143.52195675090053,6.2619012053684155,0.005582959202996447
3.99,2.4157364995898987,757.3518218685883,0.20214938629150886,0.005630357687523223,143.54120135402118,6.250531666414694,0.0055783278022221525
3.995,2.4144847323680927,757.3507428047773,0.2021765030229496,0.005611033834328538,143.5603981355121,6.239178361514112,0.005573690549672805
4.0,2.413236329585489,757.3496699854519,0.2022035508985436,0.005591759133040789,143.57954709725792,6.227841321720442,0.005569047486026529
4.005,2.4119913406704234,757.348603452658,0.20223052990812504,0.005572533589951265,143.59864824126763,6.21652057799927,0.005564398651904877
4.01,2.410749814914725,757.3475432481966,0.20225744004181412,0.005553357211151879,143.61770156968132,6.205216161224641,0.00555974408787271
4.015,2.4095118014716905,757.3464894136218,0.20228428129003084,0.005534230002525587,143.6367070847798,6.193928102175088,0.0055550838344383185
4.0200000000000005,2.40827734935427,757.3454419902397,0.20231105364350507,0.005515151969739079,143.65566478899163,6.182656431530324,0.005550417932053294
4.025,2.407046507433047,757.3444010191062,0.20233775709328986,0.0054961231182332985,143.67457468490218,6.171401179867296,0.005545746421112641
4.03,2.4058193244344386,757.3433665410253,0.20236439163077155,0.0054771434532162565,143.69343677526072,6.160162377656914,0.00554106934195464
4.035,2.4045958489386847,757.3423385965482,0.2023909572476829,0.0054582129796536365,143.7122510629895,6.148940055260132,0.005536386734860939
4.04,2.4033761293780587,757.3413172259709,0.20241745393611305,0.005439331702261776,143.73101755119072,6.137734242924732,0.005531698640056411
4.045,2.4021602140348675,757.3403024693326,0.20244388168852046,0.005420499625498341,143.74973624315527,6.126544970781416,0.005527005097709238
4.05,2.400948151039676,757.339294366415,0.2024702404977426,0.0054017167535554585,143.7684071423697,6.115372268840651,0.00552230614793075
4.055,2.3997399883693147,757.338292956739,0.2024965303570089,0.005382983090350485,143.78703025252517,6.10421616698878,0.0055176018307755035
4.0600000000000005,2.3985357738451203,757.3372982795651,0.2025227512599502,0.005364298639519285,143.80560557752372,6.093076694984917,0.005512892186241107
4.065,2.39733555513095,757.33631037389,0.20254890320061156,0.005345663404407106,143.82413312148742,6.08195388245709,0.00550817725426829
4.07,2.396139379731439,757.3353292784464,0.20257498617346134,0.005327077388061996,143.8426128887647,6.07084775889918,0.00550345707474072
4.075,2.394947294990021,757.3343550317006,0.20260100017340413,0.0053085405932257745,143.8610448839391,6.059758353667092,0.005498731687485055
4.08,2.3937593480872037,757.3333876718514,0.20262694519578953,0.005290053022327615,143.87942911183546,6.0486856959757525,0.005494001132270755
4.085,2.392575586038599,757.3324272368282,0.20265282123642475,0.005271614677475112,143.8977655775288,6.037629814895308,0.005489265448810122
4.09,2.3913960556932103,757.3314737642897,0.20267862829158348,0.005253225560448017,143.91605428635023,6.0265907393481735,0.005484524676758104
4.095,2.390220803731475,757.3305272916227,0.2027043663580181,0.005234885672689412,143.93429524389566,6.015568498105261,0.005479778855712318
4.1,2.3890498766635684,757.3295878559396,0.20273003543296841,0.005216595015299603,143.95248845603172,6.004563119783083,0.005475028025212858
4.105,2.387883320827454,757.3286554940779,0.2027556355141738,0.005198353589027395,143.97063392890422,5.993574632840014,0.005470272224742289
4.11,2.386721182387204,757.3277302425985,0.20278116659988155,0.005180161394264162,143.98873166894404,5.982603065573454,0.005465511493725459
4.115,2.385563507331062,757.3268121377837,0.2028066286888589,0.0051620184310352145,144.00678168287544,5.971648446116114,0.005460745871529483
4.12,2.3844103414697755,757.3259012156365,0.20283202178040138,0.005143924698994026,144.02478397772174,5.96071080243324,0.005455975397463532
4.125,2.3832617304346737,757.3249975118782,0.20285734587434437,0.005125880197413736,144.04273856081355,5.949790162318931,0.005451200110778823
4.13,2.382117719676014,757.3241010619483,0.2028826009710713,0.0051078849251815234,144.06064543979443,5.938886553393426,0.005446420050668394
4.135,2.3809783544610696,757.3232119010016,0.20290778707152524,0.005089938880790229,144.07850462262888,5.928000003099458,0.005441635256267079
4.14,2.379843679872499,757.322330063908,0.20293290417721663,0.0050720420623329,144.09631611760778,5.917130538699589,0.005436845766651277
4.1450000000000005,2.378713740806436,757.3214555852502,0.20295795229023478,0.005054194467494515,144.11407993335638,5.906278187272608,0.00543205162083892
4.15,2.377588581970882,757.3205884993229,0.20298293141325546,0.005036396093546716,144.13179607883964,5.895442975710931,0.005427252857789233
4.155,2.376468247883809,757.319728840131,0.2030078415495521,0.005018646937339642,144.14946456336995,5.88462493071703,0.005422449516402691
4.16,2.3753527828715626,757.3188766413888,0.2030326827030032,0.005000946995296826,144.16708539661235,5.87382407880089,0.005417641635520765
4.165,2.3742422310669813,757.318031936518,0.2030574548781034,0.004983296263407165,144.18465858859227,5.863040446276488,0.005412829253925878
4.17,2.37313663640782,757.3171947586466,0.2030821580799705,0.004965694737219976,144.20218414970034,5.8522740592593046,0.005408012410341145
4.175,2.372036042634875,757.3163651406077,0.20310679231435652,0.004948142411837103,144.2196620907002,5.841524943662844,0.005403191143430308
4.18,2.37094049329043,757.3155431149382,0.20313135758765447,0.0049306392819081345,144.23709242273327,5.830793125196212,0.00539836549179748
4.1850000000000005,2.3698500317163904,757.3147287138772,0.20315585390690913,0.004913185341622643,144.25447515732608,5.82007862936067,0.005393535493987062
4.19,2.3687647010527506,757.3139219693651,0.20318028127982354,0.00489578058470559,144.27181030639497,5.809381481447289,0.005388701188483486
4.195,2.36768454423574,757.3131229130416,0.2032046397147698,0.004878425004409672,144.28909788225363,5.798701706533535,0.00538386261371112
4.2,2.3666096039963063,757.3123315762456,0.2032289292207951,0.004861118593510911,144.3063378976173,5.788039329480987,0.005379019808034002
4.205,2.3655399228582787,757.3115479900126,0.20325314980763245,0.004843861344301144,144.32353036561017,5.777394374931976,0.005374172809755742
4.21,2.3644755431368667,757.3107721850747,0.20327730148570652,0.004826653248583779,144.34067529976966,5.766766867307365,0.005369321657119242
4.215,2.3634165069368382,757.3100041918585,0.20330138426614394,0.004809494297666427,144.35777271405345,5.756156830803229,0.005364466388306593
4.22,2.362362856151036,757.309244040484,0.20332539816077916,0.004792384482356831,144.3748226228437,5.7455642893887005,0.0053596070414387905
4.225,2.36131463245857,757.308491760764,0.2033493431821644,0.004775323792955637,144.391825040954,5.734989266802705,0.005354743654575616
4.23,2.360271877323354,757.3077473822019,0.2033732193435753,0.004758312219252503,144.40877998363325,5.724431786551865,0.005349876265715356
4.235,2.359234631992311,757.3070109339916,0.20339702665902062,0.004741349750519023,144.42568746657267,5.713891871907286,0.0053450049127946675
4.24,2.358202937493929,757.3062824450154,0.20342076514324775,0.004724436375504998,144.44254750590935,5.703369545902529,0.005340129633688289
4.245,2.357176834636481,757.3055619438433,0.2034444348117522,0.004707572082431501,144.45936011823318,5.692864831330438,0.005335250466208906
4.25,2.3561563640065994,757.304849458732,0.20346803568078267,0.00469075685898735,144.47612532059037,5.682377750741195,0.005330367448106853
4.255,2.355141565967512,757.3041450176233,0.20349156776735053,0.0046739906923223065,144.49284313048994,5.671908326439189,0.005325480617069965
4.26,2.3541324806576376,757.3034486481436,0.20351503108923455,0.004657273569043729,144.50951356590727,5.661456580481133,0.005320590010723282
4.265,2.3531291479888314,757.3027603776018,0.2035384256649903,0.0046406054752099225,144.52613664529048,5.651022534672996,0.005315695666628888
4.2700000000000005,2.3521316076450067,757.3020802329895,0.20356175151395436,0.0046239863963269704,144.5427123875637,5.640606210568188,0.005310797622285613
4.275,2.351139899080393,757.301408240979,0.2035850086562537,0.0046074163173422476,144.55924081213337,5.6302076294645405,0.005305895915128865
4.28,2.3501540615181757,757.3007444279222,0.20360819711280975,0.00459089522264142,144.5757219388913,5.619826812402564,0.0053009905825303185
4.285,2.3491741339487735,757.30008881985,0.20363131690534725,0.004574423096042112,144.59215578822074,5.609463780162473,0.005296081661797749
4.29,2.348200155128497,757.2994414424712,0.2036543680563982,0.004557999920791102,144.60854238099947,5.599118553262527,0.005291169190174714
4.295,2.347232163577842,757.2988023211715,0.20367735058931066,0.004541625679558132,144.62488173860564,5.5887911519561095,0.005286253204840377
4.3,2.3462701975801665,757.2981714810117,0.20370026452825227,0.004525300354433291,144.6411738829205,5.578481596230128,0.005281333742909188
4.305,2.3453142951800046,757.2975489467277,0.20372310989821873,0.004509023926920985,144.65741883633433,5.5681899058021616,0.005276410841430696
4.3100000000000005,2.34436449418176,757.2969347427294,0.20374588672503738,0.004492796377937501,144.6736166217489,5.557916100118923,0.005271484537389231
4.315,2.343420832148038,757.2963288930989,0.20376859503537514,0.0044766176878051405,144.68976726258327,5.547660198353472,0.0052665548677037054
4.32,2.3424833463983625,757.2957314215904,0.20379123485674197,0.0044604878362499625,144.70587078277606,5.537422219403744,0.005261621869227291
4.325,2.3415520740075193,757.295142351629,0.20381380621749864,0.004444406802396072,144.72192720679107,5.527202181889816,0.005256685578747217
4.33,2.3406270518042973,757.2945617063095,0.20383630914685982,0.004428374564763565,144.73793655961938,5.5170001041525225,0.005251746032984445
4.335,2.3397083163698507,757.2939895083956,0.20385874367490164,0.0044123911012629675,144.75389886678488,5.506816004250765,0.005246803268593451
4.34,2.3387959040364588,757.2934257803194,0.20388110983256455,0.004396456389193368,144.7698141543461,5.496649899960207,0.005241857322161905
4.345,2.337889850885906,757.2928705441797,0.20390340765166073,0.004380570405237019,144.78568244890158,5.486501808770648,0.005236908230210451
4.3500000000000005,2.3369901927482624,757.2923238217419,0.2039256371648765,0.0043647331254576555,144.80150377759165,5.476371747884783,0.00523195602919237
4.355,2.336096965200283,757.2917856344366,0.20394779840577965,0.004348944525295272,144.81727816810354,5.466259734215644,0.0052270007554933665
4.36,2.3352102035642113,757.2912560033592,0.20396989140882155,0.004333204579564608,144.83300564867292,5.456165784385429,0.005222042445431223
4.365,2.334329942906191,757.2907349492684,0.2039919162093442,0.004317513262450099,144.84868624808902,5.446089914723004,0.005217081135255573
4.37,2.3334562180350957,757.2902224925862,0.2040138728435822,0.004301870547504555,144.86431999569595,5.43603214126281,0.005212116861147571
4.375,2.332589063500959,757.289718653396,0.2040357613486694,0.004286276407644269,144.87990692139743,5.425992479742426,0.005207149659219646
4.38,2.3317285135938257,757.2892234514433,0.20405758176264066,0.004270730815147888,144.89544705565822,5.415970945601551,0.0052021795655151715
4.385,2.3308746023421976,757.2887369061333,0.2040793341244384,0.0042552337416516895,144.91094042950866,5.405967553979619,0.005197206616008213
4.39,2.330027363511909,757.2882590365314,0.20410101847391393,0.004239785158148631,144.92638707454563,5.395982319714875,0.005192230846603202
4.3950000000000005,2.3291868306045918,757.2877898613613,0.20412263485183385,0.0042243850349838,144.94178702293726,5.386015257342042,0.005187252293134671
4.4,2.3283530368565746,757.2873293990053,0.2041441832998811,0.004209033341853661,144.95714030742363,5.376066381091472,0.005182270991366928
4.405,2.3275260152373627,757.2868776675033,0.2041656638606611,0.004193730047801657,144.9724469613212,5.366135704886877,0.005177286976993789
4.41,2.326705798448561,757.2864346845512,0.2041870765777025,0.004178475121217643,144.9877070185234,5.356223242344554,0.005172300285638247
4.415,2.325892418922377,757.2860004675016,0.20420842149546323,0.004163268529833678,145.0029205135049,5.346329006771191,0.0051673109528521995
4.42,2.3250859088205607,757.2855750333619,0.20422969865933088,0.004148110240723622,145.0180874813221,5.336453011163153,0.005162319014116121
4.425,2.3242863000329312,757.2851583987941,0.20425090811562846,0.004133000220299109,145.0332079576171,5.326595268204363,0.0051573245048387815
4.43,2.3234936241763386,757.2847505801146,0.20427204991161466,0.004117938434309329,145.04828197861806,5.316755790265661,0.005152327460356918
4.4350000000000005,2.322707912593207,757.2843515932927,0.20429312409548922,0.00410292484783717,145.06330958114296,5.306934589402745,0.005147327915934954
4.44,2.3219291963505264,757.2839614539506,0.20431413071639307,0.0040879594252991895,145.07829080259995,5.297131677355622,0.005142325906764661
4.445,2.3211575062384084,757.2835801773621,0.20433506982441335,0.0040730421304419236,145.09322568099074,5.287347065546595,0.00513732146796488
4.45,2.3203928727691037,757.2832077784527,0.20435594147058334,0.004058172926342033,145.1081142549109,5.2775807650797955,0.005132314634581182
4.455,2.3196353261755815,757.2828442717988,0.2043767457068873,0.0040433517754028085,145.12295656355303,5.26783278673925,0.005127305441585583
4.46,2.318884896410566,757.2824896716268,0.20439748258625995,0.004028578639354476,145.13775264670687,5.258103140988473,0.005122293923876206
4.465,2.3181416131451367,757.2821439918126,0.2044181521625913,0.004013853479250893,145.1525025447624,5.248391837968609,0.005117280116276996
4.47,2.31740550576779,757.2818072458819,0.2044387544907257,0.00399917625547002,145.1672062987096,5.238698887498096,0.005112264053537373
4.4750000000000005,2.316676603383059,757.281479447008,0.20445928962646653,0.003984546927710798,145.1818639501416,5.229024299070878,0.005107245770331947
4.48,2.3159549348105997,757.2811606080131,0.20447975762657497,0.003969965454993806,145.19647554125407,5.21936808185615,0.005102225301260179
4.485,2.315240528583832,757.2808507413664,0.20450015854877437,0.003955431795658304,145.21104111484829,5.209730244696623,0.005097202680846081
4.49,2.3145334129490474,757.2805498591841,0.20452049245174894,0.00394094590736306,145.22556071433038,5.200110796108356,0.005092177943537883
4.495,2.313833615864073,757.2802579732291,0.20454075939514765,0.003926507747083592,145.2400343837142,5.190509744279091,0.0050871511237077305
4.5,2.313141164997402,757.2799750949105,0.20456095943958286,0.003912117271113155,145.2544621676204,5.18092709706815,0.0050821222556513505
4.505,2.312456087726879,757.2797012352823,0.20458109264663393,0.003897774435060157,145.26884411127907,5.171362862004851,0.005077091373587747
4.51,2.3117784111388584,757.2794364050447,0.20460115907884552,0.0038834791938493255,145.28318026052872,5.1618170462884665,0.005072058511658868
4.515,2.311108162026905,757.2791806145419,0.204621158799731,0.0038692315017193027,145.29747066181875,5.152289656786722,0.005067023703929297
4.5200000000000005,2.3104453668909795,757.2789338737624,0.2046410918737706,0.0038550313122239725,145.31171536220825,5.142780700035818,0.00506198698438592
4.525,2.309790051936162,757.2786961923388,0.20466095836641446,0.0038408785782302495,145.32591440936827,5.133290182239008,0.00505694838693762
4.53,2.3091422430718613,757.2784675795474,0.2046807583440805,0.00382677325191956,145.34006785158044,5.123818109266684,0.005051907945414943
4.535,2.3085019659105583,757.2782480443071,0.20470049187415743,0.003812715284785811,145.3541757377392,5.114364486655026,0.005046865693569783
4.54,2.307869245767042,757.2780375951803,0.20472015902500212,0.0037987046276370447,145.36823811735013,5.104929319606171,0.005041821665075062
4.545,2.3072441076571737,757.2778362403711,0.20473975986594253,0.0037847412305935814,145.382255040532,5.095512612986925,0.005036775893524403
4.55,2.306626576297149,757.2776439877263,0.2047592944672749,0.0037708250430898375,145.396226558015,5.086114371329002,0.005031728412431815
4.555,2.3060166761022836,757.277460844734,0.2047787629002662,0.0037569560138726475,145.41015272114265,5.076734598827809,0.005026679255231369
4.5600000000000005,2.3054144311862976,757.2772868185244,0.2047981652371513,0.0037431340910032375,145.42403358186976,5.067373299342761,0.005021628455276877
4.565,2.3048198653601277,757.2771219158682,0.20481750155113512,0.0037293592218557406,145.43786919276425,5.058030476396138,0.005016576045841574
4.57,2.3042330021312356,757.2769661431776,0.20483677191638952,0.0037156313531193142,145.45165960700496,5.04870613317346,0.005011522060117791
4.575,2.30365386470244,757.276819506505,0.20485597640805525,0.0037019504307968334,145.46540487838314,5.03940027252242,0.005006466531216641
4.58,2.303082475971254,757.2766820115438,0.20487511510223866,0.0036883164002071743,145.47910506130046,5.030112896953339,0.005001409492167697
4.585,2.3025188585287375,757.276553663627,0.2048941880760132,0.0036747292059840816,145.49276021076997,5.020844008638162,0.0049963509759186715
4.59,2.301963034658858,757.276434467728,0.20491319540741623,0.003661188792078601,145.5063703824141,5.011593609410976,0.0049912910153351
4.595,2.3014150263373705,757.2763244284596,0.20493213717545009,0.0036476951017581282,145.51993563246555,5.002361700767095,0.004986229643200015
4.6000000000000005,2.300874855231201,757.2762235500747,0.20495101346007855,0.0036342480776089875,145.53345601776488,4.99314828386363,0.004981166892213641
4.605,2.300342542697347,757.2761318364652,0.2049698243422279,0.0036208476615356686,145.5469315957615,4.983953359518656,0.004976102794993065
4.61,2.299818109782293,757.2760492911624,0.20498856990378317,0.00360749379476354,145.56036242451097,4.974776928211848,0.004971037384071926
4.615,2.2993015772209286,757.2759759173367,0.20500725022758878,0.003594186417838261,145.5737485626758,4.965618990083713,0.0049659706919000955
4.62,2.29879296543599,757.2759117177975,0.20502586539744466,0.003580925470628654,145.5870900695228,4.956479544936301,0.004960902750843367
4.625,2.2982922945370055,757.275856694993,0.2050444154981067,0.003567710892326283,145.60038700492342,4.947358592232504,0.004955833593183135
4.63,2.2977995843197574,757.2758108510102,0.2050629006152826,0.003554542621448465,145.61363942935122,4.938256131096839,0.00495076325111609
4.635,2.2973148542652546,757.2757741875748,0.20508132083563213,0.0035414205958380286,145.6268474038819,4.929172160314813,0.004945691756753894
4.64,2.296838123539221,757.2757467060513,0.20509967624676273,0.0035283447526664627,145.6400109901906,4.92010667833377,0.004940619142122883
4.6450000000000005,2.296369410991087,757.2757284074423,0.20511796693722958,0.003515315028433844,145.65313025055195,4.91105968326233,0.004935545439163741
4.65,2.295908735153509,757.2757192923892,0.20513619299653096,0.0035023313589721324,145.666205247837,4.902031172871308,0.004930470679731212
4.655,2.295456114241383,757.2757193611718,0.20515435451510808,0.0034893936794452604,145.67923604551325,4.893021144593212,0.004925394895593761
4.66,2.295011566151388,757.2757286137085,0.20517245158434033,0.003476501924352559,145.6922227076415,4.884029595523224,0.0049203181184332995
4.665,2.2945751084610264,757.2757470495558,0.20519048429654477,0.0034636560275290306,145.70516529887556,4.875056522418784,0.004915240379844851
4.67,2.294146758428191,757.2757746679091,0.20520845274497126,0.0034508559221488946,145.71806388445893,4.866101921700619,0.004910161711336272
4.675,2.293726532990232,757.275811467602,0.20522635702380168,0.0034381015407260354,145.73091853022467,4.857165789452408,0.004905082144327923
4.68,2.2933144487635495,757.2758574471068,0.20524419722814488,0.003425392815117668,145.74372930259167,4.848248121421864,0.004900001710152392
4.6850000000000005,2.2929105220426824,757.2759126045343,0.20526197345403574,0.003412729676524959,145.75649626856435,4.839348913020471,0.004894920440054168
4.69,2.2925147687999305,757.2759769376338,0.2052796857984298,0.0034001120554968197,145.76921949572903,4.830468159324635,0.0048898383651893714
4.695,2.2921272046844656,757.2760504437937,0.2052973343592022,0.003387539881930683,145.7818990522532,4.821605855075479,0.0048847555166254214
4.7,2.291747845021981,757.2761331200411,0.20531491923514214,0.0033750130850764173,145.794535006882,4.812761994680055,0.0048796719253407774
4.705,2.2913767048138256,757.276224963042,0.20533244052595154,0.0033625315935372803,145.8071274289372,4.803936572211217,0.004874587622224608
4.71,2.291013798736682,757.2763259691015,0.20534989833223935,0.0033500953352739366,145.81967638831352,4.795129581408885,0.004869502638076535
4.715,2.2906591411417248,757.2764361341639,0.20536729275551996,0.0033377042376055805,145.83218195547764,4.786341015679989,0.004864417003606304
4.72,2.290312746054322,757.2765554538131,0.20538462389820744,0.003325358227214067,145.84464420146418,4.777570868099785,0.004859330749433534
4.7250000000000005,2.289974627173221,757.2766839232722,0.20540189186361363,0.0033130572301451906,145.8570631978748,4.768819131411874,0.004854243906087389
4.73,2.2896447978702774,757.2768215374044,0.20541909675594225,0.0033008011718129344,145.8694390168739,4.760085798029571,0.0048491565040063404
4.735,2.289323271189664,757.2769682907125,0.20543623868028676,0.003288589977000902,145.88177173118757,4.751370860035996,0.004844068573537829
4.74,2.289010059847626,757.2771241773398,0.20545331774262435,0.003276423569866667,145.89406141409924,4.742674309185485,0.004838980144938034
4.745,2.2887051762317165,757.2772891910697,0.20547033404981357,0.0032643018739433767,145.90630813944847,4.7339961369037615,0.004833891248371552
4.75,2.2884086324005763,757.2774633253264,0.20548728770958816,0.003252224812144194,145.91851198162647,4.7253363342894,0.004828801913911153
4.755,2.288120440083197,757.2776465731747,0.20550417883055447,0.0032401923067640575,145.93067301557477,4.716694892114058,0.004823712171537471
4.76,2.287840610678725,757.2778389273211,0.2055210075221851,0.0032282042794842245,145.94279131678064,4.7080718008239915,0.004818622051138766
4.765,2.28756915525575,757.2780403801128,0.20553777389481626,0.003216260651374181,145.95486696127557,4.6994670505403615,0.004813531582510616
4.7700000000000005,2.2873060845521396,757.2782509235393,0.20555447805964108,0.00320436134289628,145.96690002563068,4.690880631060793,0.0048084407953556865
4.775,2.2870514089743477,757.278470549232,0.20557112012870687,0.003192506273907812,145.97889058695498,4.682312531859749,0.0048033497192834194
4.78,2.2868051385972796,757.2786992484645,0.20558770021490835,0.0031806953636657194,145.99083872289071,4.673762742090138,0.004798258383809816
4.785,2.286567283163624,757.2789370121533,0.20560421843198456,0.0031689285308288194,146.0027445116114,4.6652312505837505,0.004793166818357124
4.79,2.2863378520837436,757.2791838308578,0.205620674894512,0.0031572056934626143,146.01460803181726,4.656718045852925,0.004788075052253625
4.795,2.286116854435037,757.2794396947811,0.20563706971790138,0.0031455267690416546,146.026429362733,4.648223116091037,0.004782983114733335
4.8,2.285904298961854,757.2797045937698,0.20565340301839083,0.003133891674454433,146.03820858410316,4.639746449174214,0.004777891034935788
4.805,2.28570019407488,757.2799785173148,0.20566967491304203,0.0031223003260058926,146.04994577618973,4.631288032661895,0.0047727988419057395
4.8100000000000005,2.2855045478510814,757.2802614545519,0.20568588551973352,0.003110752639422396,146.0616410197675,4.622847853798581,0.004767706564592964
4.815,2.2853173680331174,757.2805533942615,0.20570203495715686,0.0030992485298543863,146.07329439612155,4.614425899514466,0.004762614231851958
4.82,2.285138662029307,757.2808543248699,0.2057181233448094,0.0030877879118814196,146.08490598704236,4.606022156427225,0.004757521872441742
4.825,2.2849684369130694,757.281164234449,0.20573415080299054,0.003076370699514965,146.09647587482334,4.597636610842706,0.004752429515025569
4.83,2.284806699422921,757.2814831107174,0.2057501174527943,0.003064996806203523,146.1080041422559,4.589269248756764,0.004747337188170734
4.835,2.2846534559619363,757.2818109410404,0.20576602341610545,0.0030536661448355485,146.1194908726266,4.5809200558560175,0.004742244920348287
4.84,2.284508712597774,757.2821477124306,0.2057818688155919,0.0030423786277446402,146.13093614971234,4.572589017519715,0.004737152739932845
4.845,2.2843724750621646,757.2824934115489,0.20579765377470066,0.0030311341667125995,146.14234005777743,4.564276118820556,0.004732060675202314
4.8500000000000005,2.284244748750963,757.2828480247043,0.20581337841765024,0.0030199326729746802,146.15370268156857,4.555981344526594,0.004726968754337706
4.855,2.2841255387236625,757.2832115378546,0.2058290428694263,0.0030087740572227865,146.16502410631182,4.547704679102125,0.004721877005422863
4.86,2.284014849703471,757.2835839366077,0.205844647255774,0.0029976582296107742,146.1763044177076,4.53944610670962,0.0047167854564442845
4.865,2.283912686076856,757.283965206221,0.2058601917031935,0.0029865850997577745,146.1875437019276,4.531205611210668,0.004711694135290854
4.87,2.283819051893645,757.2843553316026,0.2058756763389322,0.0029755545767535625,146.1987420456095,4.522983176167955,0.004706603069753672
4.875,2.283733950866596,757.284754297312,0.20589110129098007,0.002964566569161999,146.20989953585382,4.514778784846263,0.004701512287525789
4.88,2.2836573863715275,757.2851620875608,0.2059064666880619,0.002953620985026453,146.22101626021876,4.506592420214479,0.004696421816202048
4.885,2.2835893614469116,757.2855786862126,0.2059217726596323,0.002942717731873364,146.2320923067168,4.498424064946649,0.0046913316832788154
4.89,2.283529878794035,757.2860040767844,0.20593701933586794,0.0029318567167177147,146.24312776380947,4.490273701424027,0.0046862419161538375
4.8950000000000005,2.283478940776616,757.2864382424467,0.2059522068476625,0.0029210378460667098,146.25412272040379,4.482141311736179,0.004681152542125972
4.9,2.2834365494209905,757.2868811660246,0.2059673353266187,0.0029102610259253026,146.26507726584722,4.474026877683067,0.004676063588395052
4.905,2.283402706415759,757.2873328299984,0.20598240490504313,0.0028995261617999787,146.27599148992383,4.465930380776208,0.0046709750820616265
4.91,2.2833774131119973,757.2877932165037,0.20599741571593827,0.0028888331587043235,146.2868654828491,4.457851802240777,0.004665887050126827
4.915,2.28336067052293,757.2882623073331,0.20601236789299707,0.0028781819211629285,146.29769933526626,4.449791123016835,0.004660799519492113
4.92,2.28335247932417,757.288740083936,0.206027261570595,0.0028675723532169896,146.3084931382408,4.441748323761454,0.004655712516959149
4.925,2.2833528398534146,757.2892265274199,0.2060420968837845,0.0028570043584283233,146.3192469832568,4.433723384849993,0.004650626069229556
4.93,2.2833617521107152,757.2897216185512,0.2060568739682868,0.002846477839884999,146.32996096221137,4.425716286378255,0.00464554020290479
4.9350000000000005,2.2833792157582,757.2902253377551,0.20607159296048644,0.0028359927002054586,146.340635167411,4.417727008163812,0.004640454944485904
4.94,2.2834052301203664,757.2907376651175,0.20608625399742297,0.00282554884154419,146.35126969156593,4.409755529748192,0.004635370320373436
4.945,2.2834397941838347,757.291258580385,0.20610085721678523,0.0028151461655959364,146.36186462778616,4.401801830398248,0.004630286356867168
4.95,2.283482906597665,757.2917880629662,0.20611540275690318,0.0028047845736013963,146.37242006957615,4.393865889108367,0.004625203080166027
4.955,2.283534565673137,757.292326091932,0.20612989075674193,0.0027944639663515436,146.38293611083054,4.385947684601897,0.004620120516367852
4.96,2.283594769384096,757.2928726460167,0.20614432135589353,0.0027841842441933416,146.3934128458288,4.3780471953333695,0.004615038691469297
4.965,2.283663515366757,757.2934277036192,0.20615869469457093,0.0027739453070341606,146.40385036923095,4.370164399489979,0.004609957631365608
4.97,2.2837408009200777,757.293991242803,0.20617301091359974,0.0027637470543475126,146.4142487760722,4.362299274993824,0.0046048773618505325
4.9750000000000005,2.28382662300559,757.2945632412979,0.20618727015441193,0.0027535893851775585,146.4246081617585,4.354451799503433,0.004599797908616097
4.98,2.283920978247799,757.2951436765003,0.20620147255903776,0.002743472198144865,146.4349286220611,4.346621950416031,0.0045947192972525365
4.985,2.28402386293404,757.2957325254742,0.2062156182700992,0.002733395391450993,146.4452102531123,4.338809704869099,0.004589641553248065
4.99,2.2841352730149067,757.2963297649527,0.206229707430802,0.002723358862884267,146.4554531513997,4.3310150397426606,0.0045845647019888145
4.995,2.2842552041041335,757.2969353713378,0.20624374018492883,0.0027133625098244556,146.46565741376196,4.323237931660898,0.004579488768758624
5.0,2.2843836514790476,757.2975493207023,0.20625771667683135,0.0027034062292485474,146.47582313738314,4.315478356994443,0.00457441377873897
5.005,2.284520610080483,757.2981715887903,0.20627163705142337,0.0026934899177355107,146.48595041978828,4.307736291862034,0.00456933975700877
5.01,2.2846660745132557,757.2988021510183,0.20628550145417282,0.002683613471472076,146.4960393588377,4.30001171213283,0.004564266728544321
5.015,2.284820039046104,757.2994409824761,0.2062993100310948,0.0026737767862575735,146.5060900527226,4.2923045934281046,0.0045591947182191065
5.0200000000000005,2.2849824976121917,757.3000880579276,0.20631306292874352,0.002663979757509718,146.51610259995937,4.284614911123572,0.004554123750803742
5.025,2.285153443809074,757.3007433518121,0.2063267602942053,0.0026542222802695263,146.52607709938493,4.276942640351128,0.0045490538509657934
5.03,2.2853328708992278,757.3014068382454,0.20634040227509054,0.0026445042492070935,146.53601365015132,4.269287756001174,0.004543985043269725
5.035,2.285520771810043,757.3020784910202,0.20635398901952656,0.0026348255586265803,146.54591235172074,4.26165023272441,0.004538917352176723
5.04,2.2857171391343796,757.3027582836078,0.20636752067614952,0.0026251861024719943,146.55577330386024,4.254030044934164,0.004533850802044657
5.045,2.285921965130587,757.3034461891588,0.20638099739409727,0.002615585774332238,146.56559660663677,4.246427166808219,0.004528785417127909
5.05,2.286135241723086,757.3041421805041,0.20639441932300126,0.0026060244674468835,146.5753823604117,4.23884157229116,0.00452372122157734
5.055,2.2863569605024128,757.3048462301564,0.20640778661297932,0.0025965020747112867,146.585130665836,4.231273235096227,0.004518658239440122
5.0600000000000005,2.2865871127258295,757.3055583103106,0.20642109941462744,0.0025870184886823476,146.59484162384456,4.2237221287076725,0.00451359649465972
5.065,2.2868256893173955,757.3062783928456,0.20643435787901265,0.0025775736015836892,146.60451533565146,4.216188226382659,0.004508536011075728
5.07,2.287072680868602,757.307006449325,0.2064475621576648,0.002568167305311402,146.61415190274434,4.208671501153606,0.004503476812423855
5.075,2.287328077638471,757.307742450998,0.20646071240256914,0.0025587994914392747,146.6237514268795,4.201171925830131,0.004498418922335772
5.08,2.2875918695542126,757.3084863688011,0.20647380876615842,0.00254947005122453,146.63331401007636,4.193689473001402,0.004493362364339104
5.085,2.2878640462113555,757.3092381733592,0.20648685140130527,0.002540178875613105,146.6428397546124,4.186224115038099,0.004488307161857284
5.09,2.288144596874429,757.3099978349859,0.2064998404613142,0.0025309258552453683,146.6523287630178,4.1787758240947905,0.004483253338209553
5.095,2.288433510477115,757.3107653236856,0.2065127760999141,0.002521710880461447,146.6617811380703,4.171344572111907,0.0044782009166108175
5.1000000000000005,2.2887307756229625,757.3115406091546,0.2065256584712503,0.002512533841306924,146.6711969827897,4.16393033081812,0.004473149920171662
5.105,2.2890363805855625,757.3123236607819,0.20653848772987674,0.0025033946275382127,146.68057640043287,4.156533071732364,0.004468100371898213
5.11,2.289350313309287,757.3131144476503,0.20655126403074828,0.0024942931286282234,146.6899194944882,4.149152766166191,0.004463052294692154
5.115,2.2896725614094944,757.313912938538,0.20656398752921284,0.0024852292337717817,146.6992263686705,4.141789385225834,0.0044580057113506
5.12,2.2900031121732902,757.3147191019202,0.20657665838100361,0.0024762028318912727,146.70849712691566,4.134442899814562,0.00445296064456612
5.125,2.2903419525597597,757.3155329059692,0.20658927674223118,0.0024672138116420914,146.71773187337536,4.127113280634762,0.004447917116926619
5.13,2.2906890692007553,757.3163543185566,0.20660184276937585,0.0024582620614182604,146.72693071241176,4.1198004981903,0.004442875150915368
5.135,2.2910444484011543,757.317183307254,0.20661435661927968,0.0024493474693579134,146.7360937485923,4.112504522788624,0.004437834768910888
5.14,2.291408076139672,757.3180198393351,0.20662681844913874,0.0024404699233488794,146.74522108668427,4.10522532454312,0.004432795993186995
5.1450000000000005,2.2917799380691464,757.3188638817758,0.20663922841649537,0.0024316293110341965,146.75431283164968,4.09796287337524,0.0044277588459126875
5.15,2.292160019517374,757.3197154012565,0.20665158667923025,0.002422825519817669,146.76336908863985,4.090717139016859,0.0044227233491521975
5.155,2.2925483054874243,757.3205743641628,0.20666389339555463,0.0024140584368693967,146.77238996299025,4.083488091012418,0.004417689524864888
5.16,2.2929447806584986,757.3214407365873,0.20667614872400258,0.0024053279491312984,146.78137556021505,4.076275698721275,0.0044126573949053085
5.165,2.2933494293862706,757.3223144843304,0.20668835282342318,0.0023966339433226726,146.79032598600216,4.069079931319875,0.0044076269810231
5.17,2.293762235703771,757.3231955729024,0.2067005058529727,0.00238797630594567,146.79924134620757,4.061900757804089,0.004402598304863059
5.175,2.294183183321751,757.3240839675236,0.20671260797210678,0.0023793549232908827,146.80812174685047,4.054738146991404,0.004397571387965053
5.18,2.2946122556295974,757.3249796331274,0.2067246593405728,0.002370769681442772,146.81696729410777,4.047592067523261,0.004392546251764083
5.1850000000000005,2.2950494356957187,757.32588253436,0.20673666011840197,0.002362220466285271,146.82577809430887,4.040462487867248,0.0043875229175902135
5.19,2.2954947062684834,757.3267926355829,0.2067486104659017,0.002353707163507178,146.83455425393052,4.033349376319445,0.004382501406668641
5.195,2.295948049776635,757.3277099008739,0.20676051054364777,0.0023452296586077615,146.84329587959155,4.026252701006628,0.004377481740119629
5.2,2.2964094483302535,757.3286342940282,0.20677236051247663,0.002336787836902109,146.85200307804763,4.019172429888594,0.004372463938958581
5.205,2.296878883721197,757.3295657785607,0.20678416053347767,0.00232838158352675,146.86067595618607,4.012108530760396,0.00436744802409599
5.21,2.2973563374240875,757.3305043177064,0.20679591076798567,0.002320010783444948,146.86931462102072,4.005060971254646,0.004362434016337517
5.215,2.297841790596777,757.3314498744229,0.20680761137757284,0.002311675321452336,146.87791917968656,3.9980297188437683,0.004357421936383941
5.22,2.298335224081357,757.3324024113906,0.2068192625240414,0.0023033750821821533,146.8864897394349,3.9910147408422905,0.004352411804831249
5.2250000000000005,2.2988366184046543,757.3333618910154,0.20683086436941575,0.002295109950110885,146.89502640762774,3.984016004409105,0.004347403642170593
5.23,2.299345953779261,757.3343282754295,0.20684241707593512,0.002286879809563454,146.90352929173315,3.9770334765497544,0.004342397468788392
5.235,2.2998632101040566,757.335301526493,0.2068539208060455,0.002278684544718853,146.91199849931962,3.9700671241186956,0.004337393304966286
5.24,2.300388366965263,757.3362816057956,0.20686537572239258,0.0022705240396152797,146.92043413805152,3.9631169138215743,0.004332391170881249
5.245,2.30092140363699,757.3372684746575,0.20687678198781365,0.002262398178155775,146.92883631568336,3.9561828122175027,0.004327391086605555
5.25,2.301462299082317,757.338262094132,0.20688813976533058,0.002254306844113297,146.93720514005528,3.9492647857213132,0.0043223930721068915
5.255,2.3020110319538625,757.339262425006,0.2068994492181418,0.002246249921136353,146.9455407190876,3.942362800605848,0.004317397147248336
5.26,2.302567580594889,757.3402694278019,0.2069107105096152,0.0022382272927540174,146.95384316077602,3.935476823004195,0.004312403331788471
5.265,2.3031319230398988,757.3412830627796,0.2069219238032803,0.0022302388423815545,146.96211257318635,3.9286068189119843,0.0043074116453813765
5.2700000000000005,2.3037040370157595,757.3423032899369,0.20693308926282122,0.002222284453325375,146.97034906444983,3.921752754189609,0.004302422107576747
5.275,2.30428389994233,757.3433300690127,0.20694420705206867,0.002214364008788651,146.9785527427577,3.9149145945645296,0.004297434737819887
5.28,2.3048714889336055,757.3443633594873,0.20695527733499322,0.0022064773918762082,146.9867237163567,3.90809230563347,0.004292449555451843
5.285,2.3054667807983704,757.3454031205843,0.20696630027569726,0.002198624485600124,146.99486209354365,3.9012858528647283,0.004287466579709396
5.29,2.3060697520413656,757.3464493112724,0.20697727603840835,0.0021908051728845614,147.002967982661,3.8944952016003604,0.004282485829725209
5.295,2.306680378863965,757.3475018902672,0.2069882047874711,0.002183019336571349,147.01104149209146,3.887720317058489,0.004277507324527821
5.3,2.307298637165369,757.3485608160321,0.20699908668734074,0.002175266859424748,147.0190827302535,3.8809611643354684,0.004272531083041803
5.305,2.307924502543305,757.3496260467806,0.20700992190257508,0.002167547624137016,147.02709180559611,3.8742177084081955,0.004267557124087762
5.3100000000000005,2.3085579502952416,757.350697540478,0.20702071059782798,0.0021598615133331034,147.0350688265944,3.867489914136253,0.004262585466382493
5.315,2.3091989554191152,757.3517752548422,0.20703145293784142,0.0021522084095762,147.04301390174427,3.860777746264226,0.004257616128539004
5.32,2.309847492614568,757.3528591473465,0.20704214908743915,0.00214458819537236,147.05092713955813,3.854081169423821,0.004252649129066665
5.325,2.310503536283697,757.3539491752205,0.20705279921151878,0.002137000753176021,147.05880864855968,3.8474001481361784,0.004247684486371237
5.33,2.3111670605323154,757.3550452954518,0.20706340347504537,0.0021294459653945683,147.06665853727952,3.8407346468139756,0.004242722218755039
5.335,2.311838039170727,757.356147464788,0.20707396204304374,0.0021219237143938205,147.07447691425014,3.8340846297637374,0.004237762344416972
5.34,2.3125164457150076,757.3572556397387,0.20708447508059205,0.002114433882502525,147.08226388800153,3.827450061187914,0.0042328048814527
5.345,2.3132022533878067,757.3583697765761,0.20709494275281418,0.0021069763520178133,147.0900195670561,3.8208309051871905,0.004227849847854675
5.3500000000000005,2.3138954351196497,757.359489831338,0.20710536522487352,0.0020995510052096255,147.09774405992454,3.814227125762539,0.0042228972615123254
5.355,2.3145959635497633,757.3606157598286,0.2071157426619652,0.002092157724326137,147.1054374751007,3.8076386868175303,0.004217947140212096
5.36,2.315303811027399,757.3617475176209,0.20712607522931006,0.0020847963915981036,147.11309992105745,3.8010655521603582,0.004212999501637629
5.365,2.316018949612684,757.3628850600578,0.20713636309214703,0.0020774668892442547,147.12073150624167,3.7945076855061415,0.004208054363369816
5.37,2.316741351077966,757.3640283422545,0.2071466064157271,0.002070169099475572,147.1283323390703,3.7879650504789337,0.004203111742886989
5.375,2.3174709869086882,757.3651773190998,0.2071568053653057,0.002062902904500639,147.13590252792514,3.781437610614014,0.004198171657564973
5.38,2.318207828304754,757.3663319452578,0.20716696010613692,0.0020556681865298485,147.14344218114906,3.7749253293598715,0.0041932341246772855
5.385,2.3189518461814274,757.3674921751705,0.2071770708034659,0.0020484648277807114,147.150951407041,3.768428170080491,0.004188299161395199
5.39,2.3197030111707195,757.3686579630585,0.207187137622523,0.0020412927104819898,147.15843031385197,3.7619460960573092,0.004183366784787936
5.3950000000000005,2.320461293622312,757.3698292629234,0.20719716072851643,0.0020341517168789625,147.16587900978033,3.755479070491494,0.004178437011822747
5.4,2.321226663604963,757.3710060285498,0.20720714028662662,0.002027041729237488,147.17329760296778,3.74902705650588,0.004173509859365112
5.405,2.3219990909074566,757.3721882135065,0.20721707646199858,0.00201996262984922,147.1806862014946,3.742590017147227,0.0041685853441788155
5.41,2.3227785450400273,757.3733757711491,0.2072269694197366,0.0020129143010355934,147.18804491337596,3.736167915388136,0.00416366348292616
5.415,2.323564995235334,757.3745686546208,0.20723681932489668,0.0020058966251530015,147.195373846557,3.729760714129301,0.004158744292168047
5.42,2.324358410449906,757.3757668168552,0.20724662634248125,0.0019989094845967005,147.20267310890918,3.7233683762013925,0.004153827788364197
5.425,2.325158759365139,757.3769702105778,0.20725639063743181,0.001991952761805937,147.20994280822555,3.7169908643672986,0.0041489139878732335
5.43,2.3259660103887594,757.3781787883079,0.20726611237462347,0.001985026339267778,147.21718305221725,3.7106281413239826,0.004144002906952905
5.4350000000000005,2.3267801316558487,757.37939250236,0.20727579171885804,0.0019781300995221876,147.22439394850866,3.7042801697047127,0.004139094561760185
5.44,2.3276010910303246,757.3806113048468,0.20728542883485845,0.001971263925165783,147.2315756046339,3.6979469120808925,0.004134188968351494
5.445,2.328428856105986,757.3818351476798,0.20729502388726184,0.001964427698856853,147.23872812803222,3.6916283309642757,0.0041292861426828024
5.45,2.329263394208018,757.3830639825719,0.20730457704061434,0.001957621303319035,147.24585162604473,3.685324388808765,0.004124386100609858
5.455,2.3301046723940586,757.3842977610393,0.207314088459364,0.0019508446213462886,147.2529462059094,3.6790350480126204,0.0041194888578883005
5.46,2.330952657455723,757.3855364344033,0.20732355830785587,0.0019440975358064898,147.26001197475819,3.6727602709202287,0.00411459443017389
5.465,2.3318073159196926,757.386779953792,0.20733298675032485,0.001937379929646347,147.26704903961215,3.666500019824291,0.004109702833022628
5.47,2.332668614049257,757.3880282701426,0.20734237395089095,0.0019306916858949192,147.2740575073783,3.6602542569675682,0.004104814081890989
5.4750000000000005,2.3335365178454297,757.389281334203,0.2073517200735523,0.0019240326876684734,147.28103748484517,3.654022944545051,0.004099928192136049
5.48,2.3344109930485053,757.3905390965341,0.20736102528218026,0.0019174028181739276,147.28798907867957,3.6478060447056797,0.004095045179015724
5.485,2.335292005139199,757.3918015075113,0.2073702897405129,0.0019108019607136453,147.29491239542213,3.6416035195544945,0.004090165057688899
5.49,2.3361795193402255,757.3930685173268,0.2073795136121499,0.001904229998688798,147.30180754148435,3.635415331154324,0.004085287843215672
5.495,2.337073500617454,757.3943400759913,0.20738869706054625,0.0018976868156041075,147.30867462314401,3.6292414415279244,0.0040804135505574934
5.5,2.3379739136815108,757.3956161333364,0.20739784024900726,0.0018911722950711225,147.31551374654236,3.6230818126596342,0.004075542194577412
5.505,2.3388807229889563,757.396896639016,0.20740694334068224,0.0018846863208129014,147.32232501767965,3.6169364064974965,0.0040706737900402185
5.51,2.3397938927439026,757.3981815425086,0.20741600649855982,0.0018782287766672112,147.32910854241234,3.6108051849548843,0.0040658083516126944
5.515,2.340713386899216,757.3994707931195,0.2074250298854615,0.0018717995465911456,147.33586442644884,3.604688109912603,0.004060945893863764
5.5200000000000005,2.3416391691581477,757.4007643399823,0.2074340136640373,0.0018653985146642434,147.34259277534653,3.5985851432204865,0.004056086431264747
5.525,2.3425712029755634,757.402062132061,0.20744295799675921,0.001859025565093049,147.34929369450774,3.5924962466994836,0.004051229978189519
5.53,2.3435094515595907,757.4033641181527,0.20745186304591703,0.0018526805822141454,147.35596728917693,3.586421382143217,0.004046376548914761
5.535,2.344453877872866,757.4046702468885,0.20746072897361198,0.001846363450498647,147.3626136644365,3.5803605113200527,0.004041526157620126
5.54,2.3454044446342044,757.4059804667364,0.20746955594175248,0.0018400740545551622,147.3692329252043,3.5743135959746337,0.0040366788183885
5.545,2.346361114319865,757.407294726003,0.20747834411204805,0.0018338122791342149,147.3758251762293,3.568280597829921,0.004031834545206169
5.55,2.3473238491652384,757.4086129728353,0.207487093646005,0.0018275780091311282,147.3823905220893,3.5622614785887023,0.004026993351963082
5.555,2.3482926111661344,757.4099351552233,0.20749580470492066,0.0018213711295903795,147.38892906718675,3.556256199935611,0.004022155252453026
5.5600000000000005,2.3492673620804845,757.4112612210016,0.207504477449879,0.0018151915257084042,147.3954409157463,3.550264723538599,0.004017320260373889
5.565,2.350248063429652,757.4125911178517,0.2075131120417449,0.0018090390828378853,147.40192617181083,3.5442870110509435,0.004012488389327847
5.57,2.351234676500148,757.4139247933037,0.20752170864116018,0.0018029136864904753,147.4083849392392,3.538323024112682,0.004007659652821625
5.575,2.3522271623449686,757.4152621947391,0.20753026740853764,0.0017968152223410156,147.41481732170217,3.5323727243525957,0.004002834064266688
5.58,2.3532254817853224,757.4166032693917,0.20753878850405738,0.0017907435762301856,147.42122342268024,3.5264360733896205,0.003998011636979511
5.585,2.354229595411988,757.4179479643507,0.20754727208766097,0.0017846986341686472,147.42760334545977,3.5205130328348013,0.003993192384181769
5.59,2.355239463587059,757.4192962265627,0.20755571831904768,0.001778680282339619,147.43395719313077,3.514603564292677,0.003988376319000613
5.595,2.356255046445323,757.4206480028332,0.20756412735766888,0.0017726884071029483,147.44028506858317,3.508707629363207,0.003983563454468868
5.6000000000000005,2.3572763038960205,757.4220032398291,0.2075724993627245,0.0017667228949976052,147.44658707450466,3.5028251896431293,0.003978753803525303
5.605,2.358303195624243,757.4233618840808,0.20758083449315734,0.0017607836327456904,147.452863313377,3.496956206727862,0.003973947379014844
5.61,2.35933568109271,757.4247238819842,0.20758913290764966,0.001754870507254846,147.45911388747407,3.491100642212828,0.003969144193688845
5.615,2.3603737195431855,757.4260891798026,0.20759739476461764,0.001748983405622189,147.46533889885808,3.4852584576953354,0.0039643442602052955
5.62,2.3614172699982716,757.4274577236695,0.20760562022220816,0.0017431222151366537,147.47153844937776,3.4794296147758716,0.003959547591129107
5.625,2.3624662912628427,757.4288294595897,0.20761380943829325,0.0017372868232828455,147.4777126406648,3.4736140750599556,0.0039547541989323216
5.63,2.3635207419258553,757.4302043334427,0.2076219625704669,0.00173147711774331,147.4838615741319,3.4678118001594047,0.003949964095994396
5.635,2.3645805803618014,757.4315822909836,0.20763007977603984,0.0017256929864023136,147.48998535096936,3.4620227516941617,0.00394517729460242
5.64,2.3656457647325313,757.4329632778458,0.20763816121203632,0.0017199343173480348,147.49608407214325,3.45624689129353,0.003940393806951404
5.6450000000000005,2.3667162529887293,757.4343472395434,0.20764620703518893,0.0017142009988762718,147.50215783839198,3.450484180597972,0.003935613645144495
5.65,2.3677920028717496,757.4357341214727,0.20765421740193568,0.0017084929194925635,147.5082067502247,3.444734581260321,0.003930836821193275
5.655,2.36887297191511,757.4371238689148,0.20766219246841472,0.0017028099679158156,147.51423090791786,3.4389980549475503,0.0039260633470179765
5.66,2.369959117446342,757.4385164270378,0.2076701323904616,0.0016971520330803485,147.52023041151364,3.4332745633419495,0.003921293234447781
5.665,2.371050396588506,757.4399117408988,0.20767803732360415,0.0016915190041394532,147.52620536081662,3.4275640681428747,0.003916526495221046
5.67,2.3721467662620506,757.4413097554458,0.20768590742305984,0.0016859107704673625,147.53215585539232,3.4218665310678924,0.0039117631409856
5.675,2.3732481831863472,757.4427104155203,0.2076937428437307,0.0016803272216627321,147.53808199456395,3.416181913854502,0.003907003183298976
5.68,2.3743546038815686,757.4441136658595,0.20770154374020078,0.0016747682475505388,147.54398387741094,3.4105101782612515,0.0039022466336287066
5.6850000000000005,2.3754659846702353,757.4455194510979,0.2077093102667312,0.0016692337381854847,147.54986160276593,3.4048512860694284,0.003897493503352562
5.69,2.3765822816791076,757.4469277157701,0.2077170425772578,0.001663723583853829,147.55571526921318,3.3992051990841556,0.0038927438037588526
5.695,2.3777034508407553,757.4483384043128,0.20772474082538614,0.0016582376750767104,147.56154497508572,3.393571879136045,0.003887997546046663
5.7,2.3788294478954572,757.4497514610666,0.20773240516438934,0.0016527759026119073,147.56735081846395,3.3879512880822635,0.0038832547413261585
5.705,2.3799602283927896,757.451166830279,0.20774003574720323,0.0016473381574570903,147.57313289717268,3.38234338780817,0.003878515400618827
5.71,2.381095747693542,757.4525844561057,0.20774763272642413,0.0016419243308515071,147.57889130877993,3.3767481402283424,0.003873779534857784
5.715,2.382235960971318,757.4540042826135,0.20775519625430433,0.00163653431427916,147.58462615059392,3.371165507288188,0.0038690471548880174
5.72,2.3833808232144666,757.4554262537819,0.20776272648274974,0.0016311679994704222,147.59033751966214,3.3655954509649453,0.0038643182714666975
5.7250000000000005,2.3845302892277,757.456850313506,0.20777022356331565,0.001625825278405137,147.59602551276825,3.3600379332692634,0.0038595928952634235
5.73,2.3856843136340338,757.4582764055982,0.20777768764720442,0.00162050604331417,147.60169022643117,3.3544929162461767,0.003854871036860534
5.735,2.3868428508764272,757.4597044737903,0.20778511888526127,0.0016152101866824277,147.60733175690237,3.348960361976655,0.0038501527067533593
5.74,2.388005855219732,757.4611344617363,0.2077925174279722,0.0016099376012503402,147.61295020016465,3.343440232578548,0.0038454379153505316
5.745,2.3891732807523485,757.4625663130141,0.2077998834254598,0.00160468818001681,147.61854565192974,3.33793249020811,0.0038407266729742415
5.75,2.3903450813881872,757.4639999711278,0.2078072170274813,0.0015994618162406243,147.62411820763717,3.3324370970609154,0.0038360189898605495
5.755,2.39152121086834,757.4654353795103,0.2078145183834245,0.0015942584034433268,147.62966796245172,3.326954015373355,0.0038313148761596467
5.76,2.392701622763055,757.466872481525,0.20782178764230577,0.0015890778354105662,147.6351950112626,3.321483207423522,0.0038266143419361663
5.765,2.393886270473422,757.4683112204684,0.20782902495276628,0.0015839200061948907,147.64069944868086,3.316024635532681,0.003821917397169448
5.7700000000000005,2.3950751072333594,757.4697515395724,0.20783623046307015,0.00157878481011703,147.64618136903863,3.3105782620661253,0.0038172240517538496
5.775,2.3962680861113155,757.4711933820057,0.20784340432110046,0.0015736721417686202,147.65164086638669,3.3051440494346203,0.003812534315499018
5.78,2.3974651600122643,757.4726366908775,0.20785054667435765,0.0015685818960134144,147.65707803449368,3.2997219600952303,0.003807848198130199
5.785,2.398666281679425,757.4740814092385,0.2078576576699559,0.0015635139679899335,147.66249296684384,3.2943119565527303,0.003803165709288509
5.79,2.399871403696265,757.4755274800834,0.2078647374546212,0.001558468253112619,147.66788575663622,3.2889140013604132,0.0037984868585312515
5.795,2.401080478488236,757.4769748463536,0.20787178617468804,0.001553444647074403,147.6732564967825,3.2835280571214662,0.003793811655332189
5.8,2.4022934583247895,757.4784234509393,0.20787880397609768,0.0015484430458478002,147.67860527990624,3.278154086489756,0.0037891401090818584
5.805,2.4035102953211247,757.4798732366812,0.20788579100439467,0.0015434633456874042,147.68393219834087,3.272792052171173,0.0037844722290878486
5.8100000000000005,2.4047309414402123,757.4813241463735,0.20789274740472544,0.0015385054431309162,147.6892373441289,3.267441916924389,0.0037798080245751158
5.815,2.405955348494562,757.4827761227654,0.20789967332183482,0.0015335692350015716,147.69452080902013,3.26210364356218,0.003775147504686265
5.82,2.4071834681482525,757.4842291085643,0.2079065689000647,0.001528654618409103,147.69978268447076,3.256777194952149,0.0037704906784818636
5.825,2.4084152519187128,757.4856830464371,0.20791343428335074,0.001523761490752092,147.70502306164167,3.2514625340180205,0.0037658375549407246
5.83,2.409650651178763,757.4871378790132,0.20792026961522103,0.0015188897497188788,147.7102420313978,3.2461596237403447,0.0037611881429602256
5.835,2.4108896171584093,757.488593548886,0.20792707503879296,0.0015140392932898367,147.71543968430626,3.2408684271577575,0.003756542451356592
5.84,2.412132100946893,757.4900499986161,0.20793385069677192,0.0015092100197382236,147.72061611063594,3.2355889073676605,0.003751900488865215
5.845,2.413378053494499,757.4915071707328,0.20794059673144827,0.001504401827632385,147.72577140035568,3.230321027527452,0.0037472622641409395
5.8500000000000005,2.4146274256146136,757.4929650077366,0.20794731328469618,0.0014996146158365445,147.73090564313372,3.22506475085518,0.00374262778575838
5.855,2.4158801679855477,757.4944234521017,0.20795400049797066,0.00149484828351294,147.73601892833625,3.2198200406307507,0.003737997062212216
5.86,2.4171362311526012,757.4958824462778,0.2079606585123065,0.001490102730122553,147.7411113450268,3.2145868601965515,0.003733370101917503
5.865,2.4183955655299005,757.4973419326927,0.20796728746831533,0.0014853778554271726,147.74618298196478,3.2093651729586288,0.003728746913209969
5.87,2.419658121402469,757.4988018537548,0.2079738875061847,0.0014806735594900746,147.75123392760503,3.2041549423872913,0.0037241275043463323
5.875,2.4209238489280787,757.5002621518545,0.20798045876567528,0.0014759897426780092,147.7562642700963,3.1989561320182593,0.0037195118835045963
5.88,2.422192698139328,757.5017227693673,0.20798700138612,0.0014713263056618283,147.76127409728113,3.193768705453241,0.003714900058784367
5.885,2.423464618945508,757.5031836486562,0.20799351550642123,0.0014666831494184014,147.76626349669417,3.188592626361054,0.0037102920382071493
5.89,2.424739561134682,757.5046447320728,0.20800000126505008,0.0014620601752311896,147.77123255556205,3.1834278584781805,0.003705687829716668
5.8950000000000005,2.4260174743755694,757.506105961961,0.2080064588000438,0.001457457284692092,147.77618136080198,3.1782743656098558,0.003701087441179162
5.9,2.4272983082196307,757.5075672806582,0.20801288824900493,0.0014528743797019694,147.78110999902165,3.1731321116306064,0.0036964908803837093
5.905,2.428582012102961,757.5090286304983,0.20801928974909892,0.0014483113624724174,147.7860185565177,3.1680010604853046,0.0036918981550425212
5.91,2.429868535348385,757.5104899538134,0.20802566343705342,0.0014437681355262393,147.79090711927583,3.1628811761896847,0.0036873092727912646
5.915,2.4311578271673606,757.5119511929364,0.2080320094491558,0.0014392446016991546,147.79577577296948,3.1577724228313744,0.0036827242411893615
5.92,2.4324498366620797,757.5134122902033,0.2080383279212527,0.0014347406641402178,147.80062460295966,3.1526747645703823,0.0036781430677203107
5.925,2.4337445128273822,757.5148731879553,0.2080446189887476,0.0014302562263134606,147.80545369429393,3.1475881656401046,0.003673565759791989
5.93,2.4350418045528652,757.5163338285412,0.20805088278660028,0.0014257911919982622,147.81026313170622,3.1425125903477906,0.00366899232473697
5.9350000000000005,2.4363416606248074,757.5177941543194,0.2080571194493247,0.001421345465290922,147.81505299961583,3.1374480030755194,0.003664422769812831
5.94,2.4376440297282813,757.5192541076607,0.20806332911098852,0.0014169189506049852,147.81982338212745,3.1323943682806488,0.0036598571022024703
5.945,2.4389488604490928,757.5207136309501,0.20806951190521084,0.0014125115526727463,147.82457436303002,3.1273516504967582,0.0036552953290144123
5.95,2.4402561012758945,757.5221726665893,0.20807566796516203,0.001408123176545527,147.82930602579694,3.122319814334077,0.0036507374572831274
5.955,2.4415657006021374,757.5236311569987,0.2080817974235615,0.0014037537275951176,147.83401845358495,3.1172988244804065,0.0036461834939693397
5.96,2.442877606728191,757.5250890446201,0.20808790041267755,0.0013994031115140068,147.83871172923443,3.11228864570152,0.0036416334459603438
5.965,2.4441917678633014,757.5265462719187,0.20809397706432517,0.0013950712343167588,147.84338593526832,3.1072892428420618,0.0036370873200703147
5.97,2.4455081321277174,757.5280027813853,0.20810002750986614,0.0013907580023401972,147.8480411538924,3.1023005808259256,0.0036325451230406263
5.9750000000000005,2.4468266475546616,757.5294585155387,0.20810605188020684,0.0013864633222447189,147.8526774669944,3.0973226246571253,0.003628006861540157
5.98,2.448147262092455,757.5309134169281,0.20811205030579819,0.0013821871010144357,147.85729495614424,3.0923553394201577,0.0036234725421656153
5.985,2.4494699236065007,757.532367428135,0.20811802291663395,0.0013779292459584224,147.86189370259316,3.0873986902808412,0.0036189421714418408
5.99,2.450794579881415,757.5338204917757,0.20812396984225048,0.0013736896647108155,147.86647378727412,3.08245264248666,0.0036144157558221286
5.995,2.4521211786230146,757.5352725505036,0.20812989121172512,0.0013694682652320017,147.87103529080088,3.0775171613675787,0.003609893301688537
6.0,2.453449667460455,757.5367235470113,0.20813578715367603,0.0013652649558086737,147.87557829346858,3.072592212336367,0.003605374815352206
6.005,2.4547799939482267,757.5381734240331,0.2081416577962607,0.0013610796450549561,147.8801028752528,3.067677760889386,0.0036008603030536685
6.01,2.456112105568295,757.5396221243469,0.20814750326717593,0.0013569122419124222,147.88460911581012,3.062773772606894,0.003596349770963168
6.015000000000001,2.4574459497321075,757.5410695907768,0.2081533236936562,0.0013527626556511577,147.88909709447745,3.0578802131538105,0.0035918432251809676
6.0200000000000005,2.458781473782732,757.5425157661953,0.20815911920247382,0.0013486307958697403,147.89356689027233,3.0529970482800004,0.0035873406717376725
6.025,2.460118624996876,757.543960593525,0.20816488991993748,0.0013445165724962414,147.89801858189244,3.048124243821012,0.003582842116594537
6.03,2.4614573505870285,757.5454040157418,0.2081706359718923,0.0013404198957881661,147.9024522477162,3.043261765698343,0.003578347565643782
6.035,2.462797597703483,757.5468459758767,0.20817635748371863,0.0013363406763334004,147.90686796580195,3.038409579920157,0.0035738570247089096
6.04,2.4641393134364833,757.5482864170177,0.20818205458033193,0.0013322788250501095,147.9112658138887,3.033567652581527,0.0035693704995450166
6.045,2.4654824448182575,757.5497252823125,0.20818772738618177,0.0013282342531876297,147.91564586939555,3.02873594986513,0.003564887995839109
6.05,2.4668269388251605,757.5511625149704,0.20819337602525187,0.001324206872326329,147.92000820942232,3.023914438041471,0.0035604095192104165
6.055,2.4681727423797173,757.5525980582652,0.20819900062105906,0.0013201965943784432,147.92435291074904,3.019103083469554,0.0035559350752107054
6.0600000000000005,2.4695198023527682,757.5540318555366,0.20820460129665333,0.0013162033315878988,147.92868004983663,3.0143018525970895,0.003551464669324592
6.065,2.4708680655655186,757.5554638501926,0.20821017817461696,0.0013122269965310962,147.9329897028265,3.0095107119611417,0.0035469983069698623
6.07,2.472217478791683,757.5568939857125,0.20821573137706456,0.0013082675021166951,147.9372819455411,3.0047296281883176,0.0035425359934977752
6.075,2.473567988759545,757.5583222056483,0.2082212610256423,0.001304324761586343,147.94155685348372,2.999958567995387,0.0035380777341933855
6.08,2.474919542154101,757.5597484536271,0.2082267672415281,0.0013003986885144294,147.94581450183915,2.9951974981894645,0.0035336235342758497
6.085,2.4762720856191245,757.5611726733536,0.20823225014543073,0.0012964891968087584,147.95005496547336,2.9904463856685983,0.0035291733988987457
6.09,2.4776255657593125,757.5625948086118,0.2082377098575901,0.001292596200710271,147.9542783189342,2.9857051974219373,0.0035247273331503793
6.095,2.478979929142355,757.5640148032682,0.20824314649777662,0.0012887196147936641,147.9584846364513,2.9809739005303,0.0035202853420541027
6.1000000000000005,2.4803351223010814,757.5654326012724,0.20824856018529136,0.0012848593539670809,147.96267399193658,2.9762524621663218,0.0035158474305686215
6.105,2.4816910917355366,757.5668481466613,0.2082539510389655,0.0012810153334726802,147.9668464589844,2.971540849595005,0.003511413603588312
6.11,2.483047783915126,757.5682613835596,0.20825931917716056,0.0012771874688862924,147.97100211087206,2.966839030173848,0.0035069838659435274
6.115,2.4844051452806983,757.5696722561829,0.20826466471776792,0.0012733756761179394,147.97514102055985,2.9621469713533717,0.0035025582224009143
6.12,2.485763122246688,757.5710807088399,0.20826998777820918,0.001269579871411462,147.97926326069165,2.957464640677238,0.0034981366776637196
6.125,2.487121661203206,757.5724866859339,0.20827528847543553,0.001265799971344988,147.98336890359522,2.952792005782751,0.003493719236372105
6.13,2.488480708518179,757.573890131966,0.2082805669259283,0.001262035892830532,147.9874580212826,2.9481290344009614,0.0034893059031034556
6.135,2.489840210539444,757.5752909915363,0.2082858232456985,0.0012582875531144137,147.99153068545047,2.9434756943571463,0.003484896682372691
6.140000000000001,2.491200113596891,757.576689209347,0.20829105755028723,0.001254554869776829,147.99558696748076,2.938831953570899,0.0034804915786325716
6.1450000000000005,2.492560364004557,757.5780847302038,0.20829626995476527,0.0012508377607322232,147.99962693844085,2.934197780056589,0.003476090596274018
6.15,2.493920908062768,757.5794774990186,0.20830146057373372,0.0012471361442288312,148.00365066908435,2.9295731419234343,0.003471693739626405
6.155,2.49528169206024,757.5808674608115,0.2083066295213235,0.0012434499388490042,148.00765822985113,2.9249580073759436,0.0034673010129578847
6.16,2.4966426622762166,757.5822545607127,0.20831177691119607,0.0012397790635087279,148.01164969086844,2.9203523447139745,0.0034629124204756845
6.165,2.4980037649825744,757.5836387439651,0.20831690285654303,0.001236123437457898,148.0156251219508,2.9157561223331534,0.0034585279663264233
6.17,2.4993649464459575,757.5850199559266,0.20832200747008675,0.0012324829802798157,148.01958459260106,2.9111693087249226,0.00345414765459641
6.175,2.500726152929888,757.5863981420712,0.20832709086408027,0.0012288576118914178,148.0235281720106,2.906591872476939,0.00344977148931196
6.18,2.5020873306968965,757.5877732479927,0.20833215315030773,0.001225247252542747,148.02745592906018,2.902023782273108,0.003445399474439691
6.1850000000000005,2.503448426010636,757.5891452194054,0.20833719444008442,0.0012216518228171387,148.03136793232022,2.897465006893962,0.0034410316138868413
6.19,2.504809385138009,757.5905140021472,0.20834221484425733,0.001218071243630668,148.03526425005182,2.892915515216684,0.003436667911501565
6.195,2.506170154351286,757.5918795421815,0.208347214473205,0.0012145054362322932,148.03914495020695,2.888375276215464,0.003432308371073243
6.2,2.5075306799302277,757.5932417855988,0.2083521934368385,0.0012109543222032775,148.0430101004294,2.8838442589615116,0.0034279529963327842
6.205,2.508890908164206,757.59460067862,0.20835715184460102,0.0012074178234572944,148.0468597680553,2.8793224326233915,0.003423601790952934
6.21,2.510250785354324,757.595956167597,0.20836208980546891,0.0012038958622398253,148.05069402011384,2.8748097664670267,0.0034192547585485704
6.215,2.5116102578155366,757.5973081990163,0.2083670074279515,0.001200388361128224,148.0545129233279,2.8703062298560154,0.003414911902677017
6.22,2.512969271878768,757.5986567194999,0.20837190482009202,0.0011968952430310934,148.0583165441149,2.865811792251621,0.0034105732268383347
6.2250000000000005,2.514327773893035,757.6000016758084,0.20837678208946755,0.0011934164311883093,148.06210494858715,2.861326423213069,0.0034062387344756333
6.23,2.5156857102275585,757.6013430148421,0.20838163934318996,0.0011899518491703786,148.0658782025532,2.856850092397531,0.003401908428975367
6.235,2.5170430272738895,757.6026806836443,0.20838647668790583,0.0011865014208784217,148.06963637151784,2.8523827695604,0.0033975823136676376
6.24,2.5183996714480146,757.6040146294022,0.20839129422979757,0.0011830650705435108,148.0733795206836,2.8479244245552606,0.003393260391826491
6.245,2.519755589192484,757.6053447994497,0.2083960920745833,0.0011796427227266167,148.07710771495087,2.8434750273341534,0.0033889426666702236
6.25,2.521110726978513,757.6066711412692,0.20840087032751792,0.001176234302317927,148.08082101891918,2.8390345479475294,0.0033846291413616733
6.255,2.5224650313081094,757.607993602494,0.2084056290933932,0.0011728397345367556,148.08451949688765,2.834602956544501,0.0033803198190085273
6.26,2.5238184487161686,757.6093121309099,0.20841036847653877,0.0011694589449308423,148.0882032128561,2.8301802233727815,0.0033760147026636075
6.265000000000001,2.525170925772605,757.6106266744576,0.2084150885808224,0.0011660918593762264,148.09187223052555,2.8257663187789226,0.0033717137953251813
6.2700000000000005,2.526522409084438,757.6119371812346,0.2084197895096508,0.0011627384040765313,148.0955266132994,2.8213612132082457,0.0033674170999372466
6.275,2.527872845297924,757.6132435994973,0.20842447136597003,0.0011593985055627996,148.09916642428396,2.816964877205057,0.003363124619389837
6.28,2.5292221811006397,757.6145458776632,0.20842913425226653,0.0011560720906927606,148.1027917262896,2.8125772814125733,0.0033588363565193067
6.285,2.5305703632236103,757.6158439643125,0.20843377827056725,0.0011527590866506345,148.1064025818314,2.8081983965731196,0.003354552314108637
6.29,2.5319173384433853,757.6171378081907,0.2084384035224409,0.0011494594209463826,148.10999905313014,2.803828193528047,0.0033502724948877172
6.295,2.533263053584172,757.61842735821,0.20844301010899804,0.0011461730214154774,148.11358120211315,2.7994666432179143,0.003345996901533653
6.3,2.5346074555199,757.619712563452,0.20844759813089245,0.0011428998162181377,148.11714909041535,2.795113716682393,0.0033417255366710403
6.305,2.535950491176354,757.6209933731692,0.20845216768832128,0.0011396397338390677,148.12070277937994,2.790769385060439,0.003337458402872277
6.3100000000000005,2.5372921075332324,757.6222697367871,0.2084567188810262,0.001136392703086674,148.12424233005953,2.7864336195901864,0.0033331955026578352
6.315,2.5386322516262796,757.6235416039063,0.20846125180829386,0.0011331586530927789,148.12776780321695,2.7821063916091022,0.0033289368384965697
6.32,2.539970870549336,757.6248089243047,0.20846576656895702,0.0011299375133118194,148.1312792593263,2.7777876725538757,0.0033246824128059893
6.325,2.5413079114564705,757.6260716479389,0.20847026326139484,0.0011267292135205284,148.13477675857385,2.773477433960555,0.0033204322279525634
6.33,2.542643321564019,757.6273297249468,0.20847474198353433,0.0011235336838171265,148.13826036085896,2.7691756474644276,0.0033161862862519935
6.335,2.5439770481527195,757.6285831056491,0.20847920283285057,0.0011203508546209684,148.14173012579522,2.7648822848001475,0.0033119445899695166
6.34,2.5453090385697403,757.6298317405514,0.20848364590636795,0.0011171806566717232,148.14518611271131,2.7605973178016048,0.0033077071413201774
6.345,2.546639240230813,757.6310755803463,0.2084880713006608,0.0011140230210289939,148.14862838065193,2.7563207184020366,0.0033034739424691265
6.3500000000000005,2.5479676006222527,757.6323145759155,0.20849247911185437,0.0011108778790714835,148.1520569883791,2.752052458633892,0.0032992449955318933
6.355,2.549294067303088,757.6335486783311,0.20849686943562568,0.001107745162496589,148.15547199437276,2.7477925106289303,0.0032950203025746863
6.36,2.5506185879070755,757.6347778388581,0.20850124236720444,0.0011046248033195535,148.15887345683225,2.7435408466180746,0.003290799865614658
6.365,2.5519411101448215,757.6360020089561,0.20850559800137386,0.0011015167338730338,148.16226143367692,2.7392974389314984,0.003286583686620205
6.37,2.5532615818057915,757.6372211402814,0.2085099364324718,0.0010984208868062444,148.16563598254743,2.7350622599984753,0.0032823717675112356
6.375,2.55457995076043,757.6384351846889,0.20851425775439128,0.0010953371950844961,148.1689971608067,2.7308352823474467,0.0032781641101594645
6.38,2.555896164962155,757.6396440942334,0.208518562060582,0.0010922655919883308,148.17234502554103,2.7266164786058718,0.0032739607163886787
6.385,2.55721017244948,757.6408478211724,0.20852284944405075,0.001089206011113035,148.17567963356112,2.7224058215002764,0.0032697615879750345
6.390000000000001,2.5585219213479977,757.6420463179675,0.2085271199973628,0.0010861583863677647,148.17900104140315,2.7182032838560977,0.003265566726647316
6.3950000000000005,2.5598313598724936,757.6432395372863,0.20853137381264253,0.0010831226519750364,148.1823093053299,2.714008838597725,0.003261376134087236
6.4,2.561138436328925,757.6444274320041,0.20853561098157472,0.0010800987424698393,148.18560448133175,2.7098224587483326,0.0032571898119296895
6.405,2.5624430991165306,757.6456099552065,0.20853983159540537,0.0010770865926991043,148.18888662512785,2.705644117429911,0.003253007761763052
6.41,2.563745296729795,757.6467870601904,0.20854403574494287,0.0010740861378208094,148.1921557921671,2.7014737878630957,0.0032488299851294363
6.415,2.5650449777605573,757.6479587004659,0.2085482235205588,0.0010710973133034245,148.19541203762947,2.697311443367183,0.0032446564835249838
6.42,2.5663420908999646,757.6491248297591,0.20855239501218925,0.001068120054925009,148.19865541642687,2.693157057359954,0.0032404872584001227
6.425,2.567636584940574,757.6502854020129,0.2085565503093356,0.0010651542987726343,148.20188598320445,2.6890106033576817,0.003236322311159857
6.43,2.5689284087782966,757.6514403713888,0.20856068950106574,0.0010621999812414752,148.20510379234167,2.684872054974947,0.0032321616431640215
6.4350000000000005,2.5702175114144956,757.6525896922699,0.20856481267601512,0.0010592570390342095,148.20830889795337,2.6807413859246343,0.0032280052557275714
6.44,2.5715038419579153,757.6537333192612,0.20856891992238782,0.0010563254091601052,148.21150135389104,2.6766185700177467,0.003223853150120836
6.445,2.5727873496267764,757.6548712071924,0.20857301132795752,0.0010534050289343969,148.21468121374375,2.672503581163384,0.0032197053275698022
6.45,2.5740679837506963,757.6560033111192,0.2085770869800689,0.0010504958359773661,148.2178485308395,2.668396393368555,0.0032155617892563712
6.455,2.5753456937727734,757.6571295863254,0.20858114696563831,0.001047597768213702,148.2210033582463,2.6642969807381505,0.003211422536318638
6.46,2.576620429251496,757.6582499883245,0.20858519137115528,0.0010447107638715733,148.22414574877322,2.6602053174747446,0.0032072875698511472
6.465,2.577892139862824,757.6593644728614,0.2085892202826834,0.0010418347614819692,148.22727575497177,2.656121377878559,0.0032031568909051712
6.47,2.5791607754020838,757.6604729959143,0.20859323378586161,0.0010389696998777673,148.23039342913683,2.652045136347261,0.0031990305004889604
6.4750000000000005,2.5804262857860456,757.6615755136962,0.20859723196590518,0.0010361155181930557,148.2334988233079,2.6479765673759164,0.0031949083995680256
6.48,2.5816886210548002,757.6626719826572,0.20860121490760702,0.0010332721558621982,148.23659198927052,2.6439156455567865,0.0031907905890653844
6.485,2.582947731373834,757.6637623594853,0.2086051826953387,0.0010304395526191362,148.239672978557,2.639862345579268,0.003186677069861839
6.49,2.5842035670358956,757.6648466011089,0.20860913541305168,0.0010276176484964488,148.2427418424479,2.6358166422296843,0.0031825678427962216
6.495,2.585456078463057,757.6659246646984,0.20861307314427846,0.0010248063838246418,148.24579863197317,2.6317785103912206,0.0031784629086656743
6.5,2.5867052162085726,757.6669965076675,0.20861699597213385,0.0010220056992312008,148.24884339791328,2.62774792504371,0.003174362268225889
6.505,2.58795093095893,757.6680620876751,0.20862090397931587,0.0010192155356398645,148.25187619080043,2.623724861263558,0.0031702659221913856
6.51,2.5891931735356963,757.6691213626272,0.20862479724810742,0.001016435834269675,148.2548970609198,2.6197092942235267,0.003166173871235753
6.515000000000001,2.590431894897564,757.670174290678,0.20862867586037695,0.0010136665366342356,148.25790605831065,2.6157011991926487,0.0031620861159919206
6.5200000000000005,2.591667046142179,757.6712208302324,0.20863253989758007,0.0010109075845407584,148.26090323276756,2.6117005515360097,0.0031580026570524047
6.525,2.5928985785081804,757.6722609399469,0.2086363894407605,0.0010081589200893058,148.26388863384173,2.607707326714653,0.003153923494969572
6.53,2.594126443377017,757.6732945787313,0.20864022457055145,0.0010054204856718362,148.26686231084204,2.6037215002853586,0.0031498486302558824
6.535,2.595350592274977,757.674321705751,0.20864404536717673,0.0010026922239714325,148.26982431283628,2.5997430479005397,0.0031457780633841596
6.54,2.596570976874986,757.6753422804277,0.20864785191045213,0.000999974077961344,148.27277468865248,2.59577194530802,0.003141711794787824
6.545,2.5977875489986357,757.6763562624417,0.2086516442797864,0.0009972659909042029,148.27571348687997,2.59180816835092,0.0031376498248611648
6.55,2.5990002606179643,757.6773636117332,0.2086554225541828,0.0009945679063510626,148.27864075587073,2.587851692967433,0.0031335921539595714
6.555,2.6002090638574726,757.6783642885039,0.20865918681224,0.000991879768140603,148.2815565437404,2.5839024951907037,0.0031295387823998023
6.5600000000000005,2.6014139109958943,757.6793582532184,0.20866293713215367,0.0009892015203981663,148.28446089836982,2.5799605511486,0.0031254897104602145
6.565,2.6026147544682017,757.6803454666065,0.20866667359171748,0.000986533107534951,148.28735386740593,2.5760258370635882,0.003121444938381033
6.57,2.603811546867359,757.6813258896638,0.2086703962683245,0.0009838744742470457,148.29023549826317,2.572098329252496,0.0031174044663645753
6.575,2.6050042409463208,757.6822994836537,0.20867410523896837,0.000981225565514611,148.2931058381247,2.5681780041263846,0.0031133682945755194
6.58,2.6061927896197696,757.6832662101089,0.20867780058024465,0.0009785863266009139,148.29596493394345,2.564264838190311,0.0031093364231411288
6.585,2.6073771459661033,757.6842260308331,0.208681482368352,0.0009759567030514982,148.29881283244367,2.5603588080431887,0.003105308852151517
6.59,2.608557263229156,757.6851789079024,0.20868515067909352,0.0009733366406932193,148.30164958012173,2.5564598903775506,0.003101285581659872
6.595,2.6097330948201787,757.6861248036662,0.20868880558787803,0.0009707260856334019,148.30447522324778,2.552568061979403,0.003097266611682715
6.6000000000000005,2.6109045943195435,757.6870636807499,0.20869244716972127,0.0009681249842588759,148.30728980786662,2.5486832997279847,0.0030932519422001265
6.605,2.612071715478709,757.6879955020554,0.20869607549924732,0.0009655332832351263,148.31009337979913,2.5448055805956185,0.003089241573156007
6.61,2.6132344122219147,757.6889202307627,0.20869969065068977,0.0009629509295053259,148.31288598464346,2.540934881647465,0.003085235504458291
6.615,2.6143926386481335,757.6898378303321,0.20870329269789306,0.0009603778702894772,148.31566766777618,2.5370711800413654,0.003081233735979213
6.62,2.615546349032746,757.6907482645044,0.20870688171431373,0.0009578140530834467,148.31843847435363,2.5332144530276004,0.00307723626755552
6.625,2.616695497829487,757.6916514973035,0.20871045777302183,0.0009552594256580966,148.32119844931302,2.529364677948724,0.003073243098988732
6.63,2.6178400396721013,757.6925474930372,0.2087140209467021,0.0009527139360583215,148.32394763737378,2.525521832239318,0.0030692542300453565
6.635,2.6189799293762777,757.6934362162988,0.2087175713076553,0.0009501775326021702,148.32668608303868,2.521685893425824,0.003065269660457142
6.640000000000001,2.620115121941288,757.6943176319684,0.2087211089277996,0.0009476501638798836,148.32941383059512,2.517856839126295,0.003061289389921295
6.6450000000000005,2.62124557255191,757.6951917052143,0.2087246338786717,0.0009451317787530115,148.33213092411634,2.5140346470502237,0.0030573134181007327
6.65,2.6223712365800496,757.6960584014946,0.2087281462314284,0.0009426223263534486,148.33483740746263,2.5102192949982887,0.003053341744624294
6.655,2.6234920695866504,757.6969176865584,0.2087316460568476,0.0009401217560825443,148.3375333242826,2.5064107608621797,0.0030493743690869902
6.66,2.624608027323299,757.697769526447,0.20873513342532996,0.0009376300176101429,148.3402187180143,2.502609022624345,0.003045411291050218
6.665,2.625719065734123,757.6986138874955,0.20873860840689987,0.0009351470608736847,148.3428936318866,2.4988140583578087,0.0030414525100420056
6.67,2.6268251409573784,757.6994507363343,0.20874207107120704,0.0009326728360772484,148.34555810892024,2.495025846225918,0.003037498025557225
6.675,2.6279262093273323,757.7002800398897,0.20874552148752767,0.0009302072936906467,148.3482121919292,2.4912443644821542,0.0030335478370578377
6.68,2.629022227375836,757.7011017653857,0.20874895972476584,0.0009277503844484704,148.35085592352183,2.4874695914698832,0.003029601943973099
6.6850000000000005,2.630113151834193,757.701915880346,0.20875238585145472,0.0009253020593491775,148.35348934610207,2.4837015056221583,0.0030256603456998077
6.69,2.6311989396347126,757.7027223525935,0.20875579993575802,0.0009228622696541416,148.35611250187074,2.4799400854614695,0.0030217230416025097
6.695,2.632279547912569,757.7035211502536,0.20875920204547124,0.0009204309668867342,148.35872543282665,2.4761853095995456,0.00301779003101374
6.7,2.6333549340073312,757.7043122417539,0.20876259224802307,0.0009180081028313748,148.3613281807679,2.4724371567370995,0.003013861313234227
6.705,2.634425055464811,757.7050955958263,0.20876597061047658,0.0009155936295326112,148.3639207872931,2.4686956056636262,0.003009936887533134
6.71,2.6354898700385743,757.7058711815077,0.20876933719953064,0.0009131874992941704,148.36650329380242,2.4649606352571496,0.003006016753148262
6.715,2.6365493356917744,757.7066389681422,0.20877269208152127,0.0009107896646780353,148.36907574149902,2.4612322244840152,0.003002100909286287
6.72,2.6376034105986457,757.7073989253809,0.20877603532242286,0.0009084000785034984,148.3716381713901,2.457510352398638,0.002998189355122961
6.7250000000000005,2.6386520531463225,757.7081510231842,0.20877936698784963,0.0009060186938462337,148.37419062428816,2.453794998143288,0.0029942820898033484
6.73,2.639695221936311,757.7088952318227,0.2087826871430568,0.0009036454640373561,148.37673314081223,2.450086140947841,0.0029903791124420275
6.735,2.6407328757862962,757.709631521878,0.20878599585294202,0.0009012803426624873,148.379265761389,2.4463837601295615,0.0029864804221233212
6.74,2.641764973731596,757.7103598642445,0.20878929318204673,0.0008989232835608184,148.38178852625407,2.4426878350928476,0.0029825860179014964
6.745,2.6427914750269514,757.7110802301302,0.20879257919455735,0.0008965742408241757,148.38430147545313,2.4389983453290154,0.002978695898800997
6.75,2.643812339147958,757.7117925910576,0.20879585395430672,0.0008942331687960839,148.38680464884314,2.435315270416043,0.002974810063816638
6.755,2.6448275257928455,757.7124969188656,0.20879911752477542,0.0008919000220708302,148.3892980860935,2.4316385900183515,0.0029709285119138376
6.76,2.645836994883889,757.7131931857094,0.20880236996909302,0.0008895747554925323,148.39178182668732,2.427968283886548,0.00296705124202881
6.765000000000001,2.6468407065691717,757.7138813640632,0.20880561135003944,0.0008872573241541982,148.39425590992252,2.424304331857204,0.002963178253068793
6.7700000000000005,2.6478386212239746,757.7145614267198,0.20880884173004632,0.0008849476833968001,148.396720374913,2.4206467138526,0.002959309543912245
6.775,2.6488306994525277,757.7152333467925,0.2088120611711983,0.0008826457888083311,148.3991752605899,2.416995409880499,0.0029554451134090652
6.78,2.6498169020893774,757.7158970977159,0.20881526973523432,0.0008803515962228825,148.40162060570273,2.4133504000338895,0.0029515849603807876
6.785,2.650797190201121,757.7165526532472,0.20881846748354896,0.0008780650617197009,148.40405644882054,2.409711664490762,0.002947729083620806
6.79,2.651771525087755,757.7171999874669,0.2088216544771938,0.0008757861416222683,148.40648282833305,2.4060791835138486,0.00294387748189456
6.795,2.6527398682843915,757.7178390747802,0.2088248307768787,0.0008735147924973586,148.4088997824519,2.4024529374503953,0.0029400301539397617
6.8,2.6537021815625876,757.7184698899174,0.2088279964429731,0.0008712509711541216,148.41130734921177,2.3988329067319056,0.0029361870984665785
6.805,2.654658426932046,757.7190924079358,0.20883115153550738,0.0008689946346431389,148.41370556647146,2.3952190718739077,0.0029323483141578573
6.8100000000000005,2.6556085666419214,757.7197066042199,0.20883429611417414,0.0008667457402555123,148.41609447191524,2.3916114134757005,0.0029285137996693067
6.815,2.6565525631825047,757.7203124544828,0.20883743023832954,0.0008645042455219201,148.4184741030538,2.3880099122201184,0.0029246835536297206
6.82,2.65749037928651,757.7209099347671,0.2088405539669946,0.0008622701082117082,148.42084449722546,2.3844145488732744,0.0029208575746411556
6.825,2.6584219779307396,757.7214990214457,0.20884366735885654,0.0008600432863319472,148.4232056915974,2.3808253042843273,0.002917035861279153
6.83,2.6593473223373527,757.7220796912227,0.20884677047227,0.0008578237381265292,148.42555772316666,2.377242159385222,0.002913218412092918
6.835,2.6602663759755107,757.7226519211348,0.2088498633652584,0.0008556114220752233,148.4279006287614,2.3736650951904577,0.002909405225605535
6.84,2.661179102562623,757.7232156885517,0.20885294609551536,0.0008534062968927788,148.43023444504198,2.3700940927968275,0.0029055963003141497
6.845,2.66208546606598,757.7237709711771,0.2088560187204058,0.00085120832152798,148.43255920850208,2.366529133383182,0.0029017916346901797
6.8500000000000005,2.6629854307039715,757.7243177470499,0.20885908129696737,0.0008490174551627541,148.43487495546984,2.3629701982101747,0.002897991227179493
6.855,2.663878960947705,757.7248559945447,0.2088621338819117,0.000846833657211229,148.43718172210896,2.359417268620022,0.002894195076202625
6.86,2.664766021522202,757.7253856923726,0.20886517653162576,0.0008446568873188435,148.43947954441984,2.3558703260362472,0.002890403180154944
6.865,2.665646577407998,757.7259068195825,0.2088682093021731,0.0008424871053614062,148.4417684582407,2.35232935196344,0.002886615537406873
6.87,2.666520593842317,757.7264193555617,0.2088712322492951,0.0008403242714442138,148.44404849924857,2.3487943279870027,0.002882832146304055
6.875,2.667388036320652,757.7269232800365,0.20887424542841243,0.0008381683459011087,148.4463197029607,2.3452652357729082,0.002879053005167567
6.88,2.668248870597919,757.7274185730735,0.20887724889462608,0.0008360192892936027,148.44858210473524,2.3417420570674468,0.002875278112294089
6.885,2.669103062690018,757.7279052150797,0.2088802427027189,0.0008338770624099367,148.45083573977274,2.3382247736969797,0.002871507465956114
6.890000000000001,2.669950578874963,757.7283831868039,0.20888322690715674,0.0008317416262642095,148.45308064311692,2.3347133675676908,0.0028677410644021143
6.8950000000000005,2.670791385694429,757.7288524693372,0.2088862015620898,0.0008296129420954406,148.45531684965596,2.3312078206653406,0.0028639789058567517
6.9,2.6716254499548544,757.7293130441138,0.20888916672135383,0.0008274909713667021,148.45754439412346,2.3277081150550134,0.002860220988521042
6.905,2.67245273872897,757.7297648929119,0.20889212243847147,0.0008253756757641838,148.45976331109955,2.324214232880872,0.0028564673105725595
6.91,2.67327321935688,757.7302079978539,0.2088950687666535,0.0008232670171963327,148.46197363501204,2.3207261563659087,0.0028527178701656056
6.915,2.674086859447572,757.7306423414078,0.20889800575880016,0.0008211649577929187,148.4641754001374,2.3172438678116967,0.0028489726654314083
6.92,2.6748936268799755,757.7310679063872,0.20890093346750233,0.00081906945990418,148.46636864060187,2.3137673495981437,0.0028452316944782893
6.925,2.6756934898044475,757.7314846759529,0.20890385194504288,0.0008169804860998913,148.46855339038245,2.31029658418324,0.002841494955391862
6.93,2.6764864166438143,757.7318926336123,0.20890676124339783,0.0008148979991685145,148.47072968330804,2.3068315541028155,0.002837762446235196
6.9350000000000005,2.6772723760948343,757.7322917632216,0.20890966141423778,0.00081282196211627,148.47289755306045,2.303372241970286,0.0028340341650490166
6.94,2.678051337129215,757.7326820489849,0.20891255250892893,0.0008107523381662939,148.47505703317546,2.2999186304764123,0.002830310109851864
6.945,2.67882326899506,757.7330634754559,0.2089154345785346,0.0008086890907577099,148.47720815704378,2.296470702389046,0.0028265902786402926
6.95,2.679588141217858,757.7334360275382,0.20891830767381622,0.0008066321835447932,148.47935095791217,2.2930284405528867,0.0028228746693890277
6.955,2.680345923601914,757.7337996904857,0.2089211718452348,0.0008045815803960477,148.48148546888453,2.2895918278892324,0.002819163280051163
6.96,2.681096586231311,757.7341544499036,0.20892402714295202,0.0008025372453933726,148.48361172292275,2.286160847395734,0.0028154561085583186
6.965,2.6818400994713225,757.7345002917483,0.20892687361683157,0.000800499142831144,148.48572975284782,2.282735482146147,0.0028117531528208334
6.97,2.68257643396935,757.7348372023288,0.20892971131644034,0.0007984672372153885,148.4878395913409,2.2793157152900867,0.0028080544107279217
6.9750000000000005,2.6833055606563154,757.7351651683067,0.20893254029104963,0.0007964414932628658,148.48994127094423,2.275901530052779,0.0028043598801478645
6.98,2.684027450747574,757.7354841766968,0.2089353605896364,0.0007944218759002511,148.49203482406213,2.2724929097348214,0.002800669558928167
6.985,2.684742075744286,757.7357942148677,0.20893817226088462,0.0007924083502632189,148.49412028296214,2.269089837711927,0.0027969834448957455
6.99,2.685449407434307,757.7360952705425,0.20894097535318626,0.0007904008816956315,148.4961976797759,2.265692297434688,0.00279330153585708
6.995,2.6861494178935352,757.7363873317989,0.2089437699146427,0.0007883994357486284,148.49826704650005,2.262300272428325,0.0027896238295984054
7.0,2.6868420794867816,757.7366703870697,0.20894655599306586,0.0007864039781798195,148.50032841499745,2.258913746292447,0.002785950323885862
7.005,2.687527364869093,757.7369444251437,0.2089493336359795,0.0007844144749523783,148.50238181699794,2.255532702700802,0.0027822810164656805
7.01,2.6882052469865974,757.7372094351657,0.20895210289062033,0.0007824308922342415,148.50442728409942,2.2521571254010384,0.002778615905064335
7.015000000000001,2.6888756990778093,757.7374654066373,0.2089548638039392,0.0007804531963972062,148.5064648477688,2.248786998214454,0.002774954987388724
7.0200000000000005,2.6895386946744475,757.7377123294168,0.2089576164226025,0.0007784813540161356,148.5084945393429,2.2454223050357642,0.0027712982611263226
7.025,2.69019420760272,757.7379501937202,0.20896036079299313,0.00077651533186806,148.51051639002955,2.2420630298328454,0.0027676457239453633
7.03,2.690842211984114,757.7381789901212,0.20896309696121176,0.0007745550969313883,148.51253043090836,2.2387091566465047,0.0027639973734949834
7.035,2.6914826822366646,757.7383987095518,0.20896582497307817,0.0007726006163850146,148.51453669293178,2.2353606695902286,0.0027603532074054063
7.04,2.692115593075716,757.7386093433024,0.20896854487413222,0.0007706518576075347,148.51653520692602,2.232017552849949,0.0027567132232880877
7.045,2.6927409195151673,757.7388108830224,0.2089712567096352,0.0007687087881763578,148.51852600359194,2.228679790683795,0.0027530774187358945
7.05,2.6933586368682145,757.7390033207205,0.20897396052457093,0.0007667713758669286,148.52050911350608,2.2253473674218602,0.002749445791323249
7.055,2.6939687207485674,757.7391866487648,0.20897665636364698,0.0007648395886518435,148.52248456712147,2.2220202674659544,0.002745818338606307
7.0600000000000005,2.6945711470711697,757.7393608598833,0.20897934427129577,0.0007629133947000788,148.52445239476856,2.218698475289371,0.0027421950581230994
7.065,2.6951658920533927,757.7395259471643,0.20898202429167592,0.0007609927623761128,148.52641262665625,2.2153819754366415,0.002738575947393711
7.07,2.6957529322157323,757.7396819040566,0.20898469646867313,0.0007590776602391584,148.5283652928726,2.212070752523304,0.0027349610039204175
7.075,2.6963322443829782,757.7398287243694,0.2089873608459016,0.0007571680570422902,148.5303104233859,2.208764791235655,0.0027313502251878636
7.08,2.696903805684884,757.7399664022731,0.20899001746670512,0.0007552639217316846,148.5322480480455,2.205464076330525,0.002727743608663201
7.085,2.6974675935573176,757.7400949322993,0.20899266637415817,0.0007533652234457508,148.53417819658264,2.2021685926350276,0.002724141151796261
7.09,2.6980235857429027,757.7402143093408,0.20899530761106708,0.0007514719315143768,148.5361008986115,2.1988783250463344,0.0027205428520196942
7.095,2.6985717602921486,757.7403245286522,0.20899794121997123,0.0007495840154580655,148.53801618362985,2.1955932585314293,0.00271694870674914
7.1000000000000005,2.6991120955640646,757.7404255858497,0.2090005672431442,0.0007477014449871872,148.53992408102016,2.1923133781268827,0.0027133587133833627
7.105,2.699644570227266,757.7405174769119,0.2090031857225948,0.0007458241900011216,148.54182462005025,2.189038668938607,0.002709772869304426
7.11,2.7001691632605653,757.7406001981791,0.20900579670006839,0.0007439522205875141,148.54371782987428,2.185769116141633,0.002706191171877821
7.115,2.700685853954053,757.7406737463542,0.20900840021704778,0.0007420855070214235,148.5456037395336,2.1825047049798623,0.0027026136184526398
7.12,2.701194621909663,757.7407381185022,0.2090109963147546,0.0007402240197645869,148.54748237795744,2.179245420765849,0.0026990402063617066
7.125,2.701695447042233,757.7407933120511,0.20901358503415024,0.0007383677294645701,148.54935377396407,2.1759912488805555,0.0026954709329217452
7.13,2.7021883095800403,757.7408393247913,0.20901616641593704,0.0007365166069540388,148.5512179562613,2.1727421747731284,0.002691905795433511
7.135,2.702673190065838,757.7408761548758,0.20901874050055944,0.0007346706232499153,148.55307495344755,2.1694981839606604,0.0026883447911819547
7.140000000000001,2.703150069357371,757.7409038008208,0.20902130732820506,0.0007328297495526549,148.55492479401246,2.1662592620279675,0.002684787917436356
7.1450000000000005,2.7036189286283814,757.740922261505,0.20902386693880579,0.000730993957245409,148.556767506338,2.1630253946273506,0.002681235171450486
7.15,2.704079749369102,757.7409315361706,0.2090264193720389,0.0007291632178933065,148.55860311869895,2.159796567478374,0.002677686550462733
7.155,2.7045325133872398,757.7409316244222,0.20902896466732815,0.0007273375032426217,148.56043165926403,2.156572766367627,0.0026741420516962692
7.16,2.704977202808437,757.7409225262275,0.20903150286384498,0.0007255167852200638,148.56225315609635,2.153353977148508,0.002670601672359177
7.165,2.7054138000772374,757.7409042419174,0.20903403400050938,0.000723701035931949,148.56406763715458,2.1501401857409825,0.002667065409644608
7.17,2.7058422879575166,757.7408767721859,0.2090365581159912,0.0007218902276634958,148.56587513029348,2.146931378131373,0.002663533260730912
7.175,2.7062626495334263,757.7408401180895,0.20903907524871115,0.0007200843328780033,148.56767566326477,2.1437275403721134,0.002660005222781793
7.18,2.7066748682097983,757.740794281048,0.2090415854368418,0.0007182833242161518,148.56946926371788,2.1405286585815446,0.002656481292946437
7.1850000000000005,2.7070789277130634,757.740739262844,0.2090440887183088,0.0007164871744951866,148.57125595920078,2.1373347189436678,0.002652961468359668
7.19,2.707474812091629,757.740675065623,0.20904658513079186,0.0007146958567082262,148.57303577716073,2.1341457077079418,0.002649445746142072
7.195,2.7078625057167756,757.740601691893,0.20904907471172587,0.0007129093440234494,148.57480874494493,2.1309616111890395,0.002645934123400153
7.2,2.7082419932830066,757.7405191445247,0.2090515574983019,0.0007111276097834102,148.57657488980144,2.1277824157666414,0.0026424265972264543
7.205,2.7086132598089185,757.7404274267515,0.20905403352746835,0.0007093506275042315,148.57833423887985,2.1246081078851997,0.002638923164699715
7.21,2.708976290637527,757.7403265421691,0.2090565028359319,0.0007075783708749241,148.58008681923198,2.121438674053731,0.0026354238228849898
7.215,2.709331071437112,757.7402164947354,0.2090589654601587,0.0007058108137565882,148.58183265781275,2.1182741008455794,0.0026319285688338008
7.22,2.7096775882015156,757.7400972887705,0.20906142143637524,0.0007040479301817368,148.5835717814807,2.115114374898212,0.00262843739958426
7.2250000000000005,2.710015827250963,757.7399689289564,0.2090638708005695,0.0007022896943535025,148.58530421699905,2.111959482912986,0.0026249503121612183
7.23,2.710345775232336,757.7398314203368,0.2090663135884921,0.0007005360806449684,148.5870299910359,2.108809411654944,0.002621467303576385
7.235,2.7106674191199653,757.7396847683171,0.2090687498356571,0.0006987870635983791,148.58874913016552,2.1056641479525773,0.002617988370828478
7.24,2.71098074621588,757.7395289786642,0.20907117957734317,0.0006970426179244775,148.59046166086867,2.1025236786976307,0.0026145135109033393
7.245,2.7112857441505747,757.7393640575057,0.20907360284859464,0.0006953027185017223,148.5921676095335,2.099387990844864,0.002611042720774086
7.25,2.71158240088323,757.7391900113304,0.20907601968422243,0.0006935673403756296,148.59386700245605,2.096257071411856,0.002607575997401223
7.255,2.7118707047024575,757.7390068469876,0.20907843011880523,0.0006918364587579971,148.59555986584118,2.0931309074787703,0.0026041133377327935
7.26,2.712150644226491,757.738814571687,0.20908083418669027,0.0006901100490262509,148.59724622580305,2.0900094861881584,0.0026006547387044917
7.265000000000001,2.712422208403908,757.7386131929987,0.20908323192199454,0.0006883880867226749,148.59892610836596,2.0868927947447307,0.002597200197239807
7.2700000000000005,2.712685386513794,757.7384027188522,0.20908562335860578,0.0006866705475537644,148.60059953946484,2.083780820415157,0.002593749710250142
7.275,2.712940168166437,757.7381831575365,0.20908800853018336,0.00068495740738946,148.6022665449461,2.08067355052784,0.0025903032746349506
7.28,2.7131865433034665,757.7379545176999,0.2090903874701594,0.0006832486422625069,148.6039271505682,2.0775709724727185,0.0025868608872818546
7.285,2.713424502198523,757.7377168083497,0.20909276021173967,0.0006815442283676959,148.60558138200233,2.0744730737010406,0.002583422545066784
7.29,2.7136540354573677,757.7374700388511,0.20909512678790473,0.0006798441420612269,148.60722926483297,2.0713798417251694,0.0025799882448540898
7.295,2.7138751340185285,757.7372142189283,0.20909748723141075,0.0006781483598599561,148.6088708245587,2.0682912641183586,0.002576557983496684
7.3,2.7140877891533832,757.7369493586623,0.20909984157479058,0.0006764568584407645,148.6105060865927,2.0652073285145582,0.0025731317578361486
7.305,2.7142919924667774,757.736675468492,0.20910218985035475,0.0006747696146398119,148.61213507626348,2.06212802260819,0.0025697095647028777
7.3100000000000005,2.7144877358970847,757.736392559213,0.2091045320901924,0.0006730866054519092,148.61375781881543,2.0590533341539565,0.002566291400916184
7.315,2.7146750117167944,757.7361006419774,0.20910686832617228,0.0006714078080297802,148.61537433940944,2.055983250966622,0.0025628772632844384
7.32,2.7148538125325463,757.7357997282933,0.20910919858994367,0.0006697331996834375,148.61698466312353,2.052917760920815,0.0025594671486051774
7.325,2.7150241312856958,757.7354898300248,0.20911152291293747,0.0006680627578794497,148.6185888149535,2.0498568519508136,0.0025560610536652377
7.33,2.7151859612523164,757.7351709593905,0.209113841326367,0.0006663964602403249,148.62018681981354,2.046800512050352,0.002552658975240867
7.335,2.715339296043743,757.7348431289643,0.2091161538612291,0.0006647342845437815,148.62177870253672,2.0437487292724064,0.002549260910097855
7.34,2.7154841296065464,757.7345063516738,0.20911846054830488,0.0006630762087221375,148.6233644878757,2.0407014917290005,0.002545866854991641
7.345,2.7156204562230495,757.7341606408003,0.20912076141816105,0.0006614222108615877,148.62494420050328,2.0376587875909946,0.0025424768066674482
7.3500000000000005,2.715748270511275,757.7338060099784,0.2091230565011504,0.0006597722692015968,148.62651786501294,2.034620605087892,0.002539090761860386
7.355,2.715867567425437,757.7334424731954,0.2091253458274131,0.0006581263621341836,148.62808550591947,2.0315869325076306,0.0025357087172955847
7.36,2.715978342255862,757.7330700447902,0.20912762942687746,0.0006564844682033185,148.62964714765943,2.0285577581963903,0.002532330669688298
7.365,2.71608059062945,757.7326887394538,0.2091299073292609,0.0006548465661042128,148.6312028145919,2.025533070558383,0.0025289566157440323
7.37,2.716174308509575,757.7322985722275,0.2091321795640709,0.0006532126346827223,148.63275253099886,2.0225128580556664,0.002525586552158652
7.375,2.7162594921965146,757.7318995585032,0.209134446160606,0.0006515826529346421,148.6342963210859,2.0194971092079315,0.0025222204756185063
7.38,2.716336138327326,757.7314917140225,0.20913670714795657,0.0006499566000051144,148.63583420898263,2.016485812592321,0.0025188583828005323
7.385,2.716404243876252,757.731075054876,0.20913896255500578,0.0006483344551879295,148.6373662187433,2.0134789568432154,0.0025155002703723815
7.390000000000001,2.7164638061545623,757.730649597503,0.20914121241043057,0.0006467161979249379,148.63889237434725,2.0104765306520522,0.0025121461349925213
7.3950000000000005,2.7165148228109404,757.7302153586902,0.2091434567427026,0.0006451018078053579,148.6404126996996,2.007478522767119,0.0025087959733103636
7.4,2.716557291831297,757.7297723555716,0.20914569558008902,0.0006434912645651917,148.64192721863154,2.004484921993366,0.0025054497819663583
7.405,2.716591211539125,757.729320605628,0.20914792895065348,0.0006418845480865382,148.64343595490112,2.001495717192205,0.002502107557592124
7.41,2.7166165805952933,757.7288601266855,0.209150156882257,0.0006402816383970145,148.64493893219353,1.9985108972813268,0.0024987692968105445
7.415,2.716633397998373,757.7283909369155,0.20915237940255887,0.0006386825156690743,148.64643617412182,1.9955304512344931,0.0024954349962358915
7.42,2.7166416630844,757.7279130548336,0.20915459653901752,0.0006370871602194336,148.64792770422716,1.9925543680813613,0.002492104652473924
7.425,2.7166413755271805,757.7274264992993,0.2091568083188915,0.0006354955525083943,148.64941354597954,1.9895826369072767,0.0024887782621220095
7.43,2.7166325353380247,757.7269312895147,0.20915901476924026,0.0006339076731392758,148.65089372277816,1.9866152468530967,0.00248545582176922
7.4350000000000005,2.7166151428660243,757.7264274450243,0.2091612159169251,0.0006323235028577424,148.652368257952,1.9836521871149864,0.0024821373279964544
7.44,2.716589198797762,757.7259149857136,0.20916341178861,0.0006307430225512405,148.65383717476013,1.980693446944245,0.002478822777376534
7.445,2.7165547041575606,757.7253939318091,0.20916560241076262,0.000629166213248331,148.6553004963924,1.9777390156470993,0.0024755121664743205
7.45,2.716511660307166,757.7248643038766,0.20916778780965495,0.0006275930561181304,148.65675824596985,1.9747888825845326,0.0024722054918468106
7.455,2.716460068945971,757.7243261228214,0.20916996801136442,0.0006260235324696495,148.65821044654498,1.9718430371720816,0.0024689027500432574
7.46,2.71639993211067,757.7237794098862,0.2091721430417746,0.0006244576237512381,148.65965712110247,1.9689014688796647,0.0024656039376052606
7.465,2.7163312521754563,757.7232241866519,0.20917431292657615,0.0006228953115499295,148.66109829255953,1.965964167231381,0.0024623090510668844
7.47,2.7162540318516526,757.7226604750351,0.2091764776912677,0.0006213365775908894,148.6625339837663,1.9630311218053387,0.002459018086954751
7.4750000000000005,2.7161682741878774,757.7220882972885,0.2091786373611566,0.0006197814037367651,148.66396421750642,1.9601023222334564,0.002455731041788156
7.48,2.7160739825696516,757.721507675999,0.20918079196135986,0.0006182297719871394,148.66538901649733,1.9571777582012937,0.00245244791207916
7.485,2.715971160719539,757.7209186340875,0.209182941516805,0.0006166816644778848,148.6668084033908,1.9542574194478517,0.0024491686943327023
7.49,2.715859812696724,757.7203211948082,0.2091850860522308,0.00061513706348062,148.66822240077332,1.9513412957654042,0.0024458933850466926
7.495,2.7157399428971285,757.7197153817467,0.20918722559218833,0.0006135959514020715,148.66963103116652,1.948429376999303,0.002442621980712124
7.5,2.71561155605296,757.71910121882,0.20918936016104162,0.0006120583107835328,148.67103431702753,1.9455216530478086,0.0024393544778131618
7.505,2.7154746572328023,757.7184787302751,0.20919148978296856,0.0006105241243002313,148.67243228074958,1.9426181138618945,0.0024360908728272568
7.51,2.7153292518411405,757.7178479406883,0.20919361448196175,0.000608993374760792,148.67382494466221,1.939718749445082,0.002432831162225234
7.515000000000001,2.7151753456184204,757.7172088749638,0.2091957342818293,0.0006074660451066084,148.67521233103176,1.936823549853245,0.0024295753424714013
7.5200000000000005,2.715012944640549,757.7165615583333,0.2091978492061957,0.0006059421184113114,148.67659446206181,1.9339325051944452,0.002426323410023641
7.525,2.7148420553189285,757.7159060163542,0.20919995927850257,0.0006044215778801441,148.67797135989346,1.9310456056287393,0.0024230753613335167
7.53,2.7146626843999284,757.7152422749099,0.2092020645220096,0.0006029044068494336,148.6793430466058,1.9281628413680134,0.002419831192846359
7.535,2.7144748389648945,757.7145703602073,0.20920416495979524,0.0006013905887859733,148.68070954421628,1.925284202675793,0.002416590901001378
7.54,2.7142785264295943,757.7138902987765,0.20920626061475764,0.0005998801072864965,148.68207087468107,1.9224096798670784,0.0024133544822317454
7.545,2.7140737545441995,757.7132021174701,0.20920835150961534,0.0005983729460770639,148.68342705989548,1.9195392633081558,0.002410121932964703
7.55,2.7138605313927044,757.7125058434613,0.20921043766690817,0.0005968690890125409,148.68477812169417,1.9166729434164331,0.0024068932496216495
7.555,2.7136388653928813,757.7118015042433,0.20921251910899805,0.00059536852007599,148.68612408185177,1.9138107106602527,0.0024036684286182428
7.5600000000000005,2.713408765295675,757.7110891276285,0.20921459585806967,0.0005938712233781512,148.68746496208306,1.9109525555587275,0.0024004474663644865
7.565,2.7131702401851308,757.7103687417467,0.20921666793613156,0.0005923771831568401,148.6888007840434,1.9080984686815579,0.002397230359264836
7.57,2.7129232994777612,757.7096403750444,0.2092187353650166,0.000590886383776431,148.69013156932894,1.9052484406488646,0.0023940171037182788
7.575,2.71266795292245,757.7089040562838,0.20922079816638295,0.0005893988097272588,148.69145733947727,1.9024024621310078,0.0023908076961184385
7.58,2.7124042105997903,757.7081598145414,0.2092228563617149,0.000587914445625107,148.69277811596734,1.899560523848424,0.00238760213285366
7.585,2.7121320829219635,757.7074076792069,0.20922490997232351,0.0005864332762106138,148.69409392022015,1.8967226165714435,0.0023844004103071082
7.59,2.711851580632054,757.7066476799822,0.20922695901934754,0.0005849552863487629,148.69540477359894,1.893888731120128,0.0023812025248568522
7.595,2.7115627148038963,757.7058798468798,0.20922900352375415,0.0005834804610282941,148.6967106974095,1.8910588583640906,0.0023780084728759654
7.6000000000000005,2.7112654968413676,757.7051042102224,0.20923104350633967,0.0005820087853611978,148.69801171290044,1.8882329892223337,0.002374818250732606
7.605,2.7109599384782093,757.7043208006409,0.20923307898773053,0.0005805402445821301,148.69930784126373,1.8854111146630708,0.0023716318547901184
7.61,2.7106460517772906,757.7035296490733,0.20923510998838377,0.0005790748240479097,148.70059910363474,1.8825932257035638,0.0023684492814071106
7.615,2.7103238491304045,757.7027307867643,0.2092371365285881,0.0005776125092369376,148.7018855210928,1.8797793134099456,0.0023652705269375557
7.62,2.7099933432575085,757.7019242452627,0.20923915862846443,0.0005761532857486973,148.70316711466123,1.8769693688970617,0.002362095587730869
7.625,2.7096545472064917,757.7011100564217,0.20924117630796682,0.000574697139303179,148.7044439053079,1.8741633833282898,0.0023589244601320072
7.63,2.7093074743523897,757.7002882523961,0.20924318958688315,0.0005732440557403822,148.70571591394528,1.8713613479153839,0.002355757140481545
7.635,2.7089521383971267,757.6994588656424,0.2092451984848359,0.0005717940210197442,148.706983161431,1.8685632539182964,0.002352593625115773
7.640000000000001,2.7085885533687053,757.6986219289164,0.20924720302128288,0.0005703470212196456,148.70824566856788,1.8657690926450197,0.002349433910366774
7.6450000000000005,2.7082167336209224,757.6977774752727,0.20924920321551815,0.0005689030425368437,148.70950345610441,1.8629788554514126,0.0023462779925625204
7.65,2.707836693832532,757.6969255380627,0.2092511990866725,0.0005674620712859794,148.71075654473486,1.8601925337410412,0.0023431258680269487
7.655,2.7074484490069346,757.6960661509343,0.20925319065371448,0.0005660240938990156,148.7120049550997,1.8574101189650045,0.002339977533080054
7.66,2.7070520144713197,757.6951993478293,0.20925517793545093,0.0005645890969247467,148.71324870778574,1.8546316026217793,0.0023368329840379666
7.665,2.706647405876323,757.6943251629831,0.2092571609505279,0.0005631570670282404,148.71448782332655,1.8518569762570454,0.002333692217213045
7.67,2.706234639195147,757.6934436309226,0.2092591397174313,0.000561727990990351,148.71572232220248,1.8490862314635303,0.00233055522891395
7.675,2.7058137307231926,757.6925547864656,0.20926111425448765,0.0005603018557071642,148.71695222484124,1.8463193598808365,0.0023274220154457397
7.68,2.7053846970771525,757.6916586647186,0.20926308457986484,0.0005588786481895128,148.71817755161783,1.843556353195287,0.0023242925731099384
7.6850000000000005,2.7049475551946194,757.690755301076,0.20926505071157295,0.0005574583555624251,148.71939832285497,1.8407972031397517,0.002321166898204633
7.69,2.704502322333153,757.6898447312184,0.20926701266746478,0.000556040965064645,148.7206145588233,1.8380419014934966,0.0023180449870245433
7.695,2.704049016069862,757.6889269911114,0.2092689704652368,0.0005546264640480822,148.7218262797417,1.835290440082009,0.0023149268358611127
7.7,2.7035876543004487,757.688002117004,0.2092709241224298,0.000553214839977334,148.72303350577732,1.8325428107768453,0.0023118124410025807
7.705,2.703118255238763,757.6870701454272,0.20927287365642958,0.0005518060804291417,148.72423625704604,1.8297990054954625,0.002308701798734072
7.71,2.7026408374158226,757.6861311131927,0.2092748190844677,0.0005504001730919132,148.72543455361256,1.8270590162010625,0.0023055949053376675
7.715,2.7021554196793427,757.6851850573913,0.20927676042362234,0.0005489971057651828,148.72662841549064,1.8243228349024245,0.0023024917570924936
7.72,2.701662021192731,757.6842320153914,0.20927869769081875,0.000547596866359136,148.72781786264335,1.8215904536537524,0.002299392350274791
7.7250000000000005,2.70116066143459,757.6832720248377,0.20928063090283025,0.0005461994428940737,148.7290029149833,1.8188618645545047,0.002296296681158004
7.73,2.7006513601976923,757.6823051236493,0.20928256007627877,0.0005448048234999387,148.7301835923728,1.8161370597492457,0.002293204746012849
7.735,2.700134137588453,757.6813313500188,0.20928448522763568,0.0005434129964157827,148.73135991462416,1.8134160314274745,0.0022901165411074007
7.74,2.6996090140258815,757.6803507424105,0.20928640637322243,0.0005420239499892953,148.73253190149973,1.8106987718234755,0.0022870320627071607
7.745,2.699076010241032,757.6793633395588,0.20928832352921128,0.000540637672676275,148.73369957271228,1.8079852732161508,0.0022839513070751446
7.75,2.6985351472759262,757.6783691804665,0.20929023671162605,0.0005392541530401583,148.73486294792508,1.8052755279288688,0.002280874270471947
7.755,2.6979864464829837,757.6773683044038,0.20929214593634285,0.0005378733797514961,148.73602204675214,1.8025695283292993,0.0022778009491558285
7.76,2.697429929523917,757.6763607509063,0.20929405121909064,0.0005364953415874839,148.73717688875843,1.799867266829262,0.0022747313393827826
7.765000000000001,2.696865618369137,757.6753465597736,0.20929595257545217,0.0005351200274314405,148.73832749345993,1.7971687358845603,0.002271665437406616
7.7700000000000005,2.6962935352966273,757.6743257710675,0.20929785002086446,0.0005337474262723413,148.739473880324,1.7944739279948334,0.002268603239479021
7.775,2.695713702891321,757.673298425111,0.20929974357061965,0.0005323775272042995,148.74061606876947,1.7917828357033894,0.0022655447418496516
7.78,2.6951261440439547,757.6722645624859,0.20930163323986567,0.0005310103194261004,148.74175407816674,1.789095451597055,0.002262489940766192
7.785,2.6945308819504175,757.6712242240319,0.20930351904360692,0.0005296457922406868,148.74288792783813,1.7864117683060146,0.0022594388324744387
7.79,2.6939279401105836,757.6701774508446,0.20930540099670497,0.0005282839350546947,148.7440176370578,1.7837317785036568,0.002256391413218364
7.795,2.6933173423276355,757.6691242842737,0.20930727911387928,0.0005269247373779414,148.74514322505223,1.7810554749064147,0.002253347679240197
7.8,2.692699112706875,757.668064765922,0.20930915340970782,0.0005255681888229622,148.7462647110001,1.778382850273613,0.002250307626780487
7.805000000000001,2.6920732756550194,757.6669989376434,0.2093110238986279,0.0005242142791045019,148.74738211403258,1.775713897407308,0.0022472712520781838
7.8100000000000005,2.6914398558789894,757.6659268415408,0.20931289059493677,0.0005228629980390541,148.7484954532335,1.773048609152138,0.002244238551370702
7.815,2.6907988783851837,757.6648485199653,0.20931475351279233,0.0005215143355443531,148.7496047476394,1.77038697839516,0.002241209520893997
7.82,2.690150368478242,757.6637640155136,0.20931661266621374,0.0005201682816389159,148.75071001623985,1.7677289980657012,0.0022381841568826287
7.825,2.689494351760295,757.6626733710274,0.2093184680690823,0.0005188248264415374,148.75181127797742,1.7650746611351993,0.00223516245556984
7.83,2.688830854129705,757.6615766295906,0.20932031973514198,0.0005174839601708325,148.7529085517479,1.7624239606170502,0.0022321444131876166
7.835,2.688159901780291,757.6604738345285,0.20932216767800013,0.0005161456731447351,148.75400185640046,1.7597768895664512,0.0022291300259667667
7.84,2.6874815212000494,757.659365029405,0.20932401191112815,0.0005148099557800398,148.75509121073773,1.7571334410802488,0.002226119290136978
7.845,2.6867957391703516,757.6582502580223,0.2093258524478623,0.0005134767985919049,148.75617663351596,1.754493608296781,0.0022231122019268973
7.8500000000000005,2.6861025827646445,757.657129564418,0.20932768930140422,0.0005121461921933947,148.7572581434452,1.7518573843957264,0.002220108757564187
7.855,2.685402079347623,757.656002992864,0.20932952248482165,0.0005108181272949852,148.7583357591893,1.749224762597948,0.0022171089532756053
7.86,2.684694256573909,757.6548705878643,0.20933135201104916,0.0005094925947041074,148.75940949936617,1.7465957361653393,0.0022141127852870596
7.865,2.6839791423872006,757.6537323941534,0.20933317789288883,0.0005081695853246546,148.76047938254786,1.7439702984006704,0.0022111202498236835
7.87,2.6832567650189274,757.652588456695,0.20933500014301082,0.0005068490901565274,148.76154542726061,1.7413484426474353,0.002208131343109896
7.875,2.682527152987377,757.6514388206793,0.2093368187739542,0.0005055311002951438,148.7626076519851,1.7387301622896962,0.0022051460613694727
7.88,2.68179033509633,757.6502835315222,0.20933863379812748,0.0005042156069309843,148.76366607515638,1.7361154507519334,0.002202164400825606
7.885,2.68104634043416,757.6491226348628,0.2093404452278094,0.0005029026013491044,148.76472071516415,1.733504301498887,0.0021991863577009757
7.890000000000001,2.6802951983724492,757.6479561765616,0.20934225307514948,0.0005015920749286804,148.76577159035273,1.7308967080354078,0.002196211928217805
7.8950000000000005,2.6795369385650645,757.6467842026991,0.2093440573521688,0.0005002840191425248,148.7668187190213,1.7282926639063032,0.002193241108597936
7.9,2.678771590946752,757.645606759574,0.20934585807076062,0.0004989784255566323,148.7678621194239,1.7256921626961819,0.0021902738950628814
7.905,2.6779991857321885,757.6444238937007,0.20934765524269103,0.0004976752858296968,148.7689018097696,1.723095198029302,0.002187310283833898
7.91,2.6772197534145574,757.6432356518081,0.20934944887959966,0.0004963745917126583,148.7699378082225,1.7205017635694202,0.0021843502711320403
7.915,2.676433324764574,757.6420420808378,0.20935123899300032,0.000495076335048223,148.77097013290188,1.7179118530196347,0.0021813938531782323
7.92,2.6756399308290426,757.6408432279414,0.20935302559428165,0.0004937805077704098,148.77199880188232,1.7153254601222354,0.0021784410261933202
7.925,2.67483960292986,757.6396391404799,0.2093548086947078,0.0004924871019040719,148.77302383319378,1.71274257865855,0.0021754917863981427
7.930000000000001,2.6740323726625475,757.6384298660206,0.20935658830541912,0.0004911961095644448,148.7740452448216,1.7101632024487905,0.0021725461300135846
7.9350000000000005,2.673218271895237,757.6372154523361,0.20935836443743278,0.00048990752295667,148.7750630547067,1.7075873253519027,0.002169604053260645
7.94,2.6723973327671793,757.6359959474019,0.20936013710164347,0.000488621334375342,148.77607728074554,1.705014941265411,0.0021666655523604897
7.945,2.6715695876877072,757.6347713993948,0.209361906308824,0.00048733753620403453,148.77708794079044,1.702446044125266,0.002163730623534519
7.95,2.6707350693347274,757.6335418566906,0.20936367206962603,0.00048605612091484867,148.77809505264923,1.6998806279056928,0.002160799263004421
7.955,2.669893810653655,757.632307367863,0.20936543439458064,0.00048477708106793967,148.77909863408576,1.697318686619038,0.0021578714669922366
7.96,2.669045844855891,757.6310679816804,0.20936719329409909,0.00048350040931106626,148.78009870281974,1.6947602143156164,0.002154947231720411
7.965,2.6681912054177332,757.6298237471053,0.20936894877847345,0.0004822260983791183,148.78109527652688,1.6922052050835585,0.0021520265534118615
7.97,2.667329926078831,757.6285747132915,0.20937070085787715,0.0004809541410936669,148.78208837283884,1.689653653048658,0.0021491094282900264
7.9750000000000005,2.6664620408410764,757.6273209295824,0.2093724495423658,0.0004796845303624932,148.78307800934354,1.6871055523742189,0.0021461958525789307
7.98,2.6655875839670427,757.6260624455092,0.20937419484187775,0.00047841725917913965,148.78406420358493,1.684560897260903,0.002143285822503236
7.985,2.6647065899788456,757.6247993107886,0.20937593676623467,0.00047715232062243924,148.78504697306326,1.682019681946576,0.002140379334288304
7.99,2.6638190936565707,757.6235315753211,0.20937767532514243,0.0004758897078560666,148.78602633523508,1.6794819007061559,0.0021374763841602463
7.995,2.6629251300371086,757.6222592891891,0.2093794105281915,0.00047462941412806996,148.78700230751326,1.6769475478514593,0.0021345769683459893
8.0,2.662024734412563,757.6209825026546,0.2093811423848578,0.00047337143277042143,148.78797490726703,1.6744166177310482,0.0021316810830733193
8.005,2.661117942329067,757.6197012661574,0.2093828709045032,0.00047211575719855055,148.7889441518221,1.6718891047300777,0.002128788724570948
8.01,2.660204789585171,757.6184156303133,0.20938459609637622,0.000470862380910895,148.78991005846075,1.6693650032701437,0.0021258998890685598
8.015,2.659285312230635,757.6171256459115,0.2093863179696128,0.0004696112974884338,148.79087264442174,1.666844307809126,0.0021230145727968715
8.02,2.6583595465648022,757.6158313639132,0.20938803653323673,0.00046836250059423994,148.79183192690041,1.6643270128410403,0.002120132771987683
8.025,2.6574275291353704,757.6145328354495,0.20938975179616046,0.0004671159839730137,148.79278792304882,1.6618131128958797,0.0021172544828739325
8.03,2.656489296736743,757.6132301118188,0.20939146376718573,0.00046587174145063534,148.7937406499756,1.6593026025394662,0.0021143797016897523
8.035,2.655544886408781,757.6119232444855,0.2093931724550042,0.0004646297669336996,148.7946901247462,1.656795476373292,0.002111508424670517
8.040000000000001,2.6545943354351396,757.6106122850778,0.209394877868198,0.00046339005440906806,148.79563636438274,1.65429172903437,0.0021086406480528993
8.045,2.653637681341997,757.609297285385,0.20939658001524056,0.0004621525979434064,148.79657938586422,1.6517913551950796,0.0021057763680749253
8.05,2.652674961896369,757.6079782973565,0.2093982789044971,0.0004609173916827324,148.79751920612642,1.6492943495630084,0.0021029155809760155
8.055,2.651706215104824,757.6066553730989,0.2093999745442254,0.00045968442985195847,148.798455842062,1.6468007068808055,0.0021000582829970534
8.06,2.6507314792117787,757.6053285648744,0.2094016669425763,0.00045845370675443736,148.79938931052052,1.644310421926019,0.0020972044703804166
8.065,2.649750792698188,757.6039979250984,0.2094033561075945,0.0004572252167715061,148.80031962830853,1.6418234895109507,0.002094354139370048
8.07,2.648764194279829,757.6026635063378,0.20940504204721913,0.00045599895436203086,148.8012468121894,1.6393399044824923,0.0020915072862114884
8.075,2.6477717229059694,757.6013253613086,0.20940672476928437,0.00045477491406195234,148.8021708788836,1.6368596617219802,0.002088663907151941
8.08,2.646773417757631,757.5999835428739,0.2094084042815201,0.00045355309048383027,148.80309184506854,1.6343827561450317,0.0020858239984403075
8.085,2.6457693182462427,757.5986381040419,0.20941008059155267,0.0004523334783163885,148.80400972737868,1.6319091827013983,0.0020829875563272517
8.09,2.644759464011887,757.5972890979638,0.20941175370690532,0.000451116072324062,148.80492454240556,1.6294389363748054,0.0020801545770652366
8.095,2.6437438949219287,757.5959365779315,0.20941342363499904,0.00044990086734653795,148.80583630669778,1.6269720121827977,0.002077325056908579
8.1,2.6427226510692505,757.5945805973757,0.20941509038315306,0.00044868785829830653,148.80674503676101,1.6245084051765866,0.002074498992113496
8.105,2.6416957727708588,757.5932212098638,0.20941675395858558,0.0004474770401682009,148.80765074905807,1.6220481104408904,0.0020716763789381545
8.11,2.6406633005661058,757.5918584690975,0.20941841436841438,0.00044626840801894756,148.80855346000885,1.6195911230937834,0.0020688572136427145
8.115,2.639625275215273,757.5904924289109,0.20942007161965748,0.0004450619569867071,148.80945318599044,1.6171374382865351,0.0020660414924893815
8.120000000000001,2.6385817376977783,757.5891231432685,0.20942172571923376,0.0004438576822806236,148.8103499433371,1.6146870512034572,0.0020632292117424484
8.125,2.6375327292107436,757.5877506662627,0.2094233766739636,0.0004426555791823678,148.81124374834022,1.6122399570617485,0.002060420367668349
8.13,2.6364782911671822,757.5863750521119,0.20942502449056954,0.000441455643045682,148.81213461724832,1.6097961511113317,0.0020576149565356915
8.135,2.6354184651945487,757.5849963551585,0.20942666917567698,0.000440257869295928,148.81302256626728,1.6073556286347062,0.0020548129746153204
8.14,2.6343532931329134,757.5836146298664,0.20942831073581464,0.00043906225342962884,148.81390761155996,1.6049183849467807,0.002052014418180345
8.145,2.633282817033491,757.5822299308188,0.20942994917741548,0.0004378687910140178,148.81478976924663,1.6024844153947273,0.0020492192835061995
8.15,2.6322070791568004,757.5808423127166,0.20943158450681698,0.00043667747768657975,148.81566905540464,1.6000537153578116,0.002046427566870675
8.155,2.6311261219711763,757.5794518303758,0.2094332167302622,0.0004354883091546003,148.81654548606863,1.5976262802472478,0.0020436392645539745
8.16,2.630039988150913,757.578058538725,0.20943484585390007,0.0004343012811947062,148.81741907723045,1.595202105506029,0.0020408543728387446
8.165000000000001,2.6289487205747575,757.5766624928044,0.2094364718837862,0.00043311638965241476,148.81828984483917,1.5927811866087787,0.0020380728880101335
8.17,2.6278523623240435,757.575263747762,0.2094380948258835,0.00043193363044167566,148.81915780480105,1.5903635190615861,0.0020352948063558215
8.175,2.626750956681158,757.5738623588531,0.20943971468606284,0.0004307529995444162,148.82002297297967,1.5879490984018498,0.0020325201241660693
8.18,2.6256445471276697,757.5724583814365,0.20944133147010363,0.0004295744930100866,148.82088536519575,1.585537920198119,0.0020297488377337605
8.185,2.6245331773427742,757.5710518709736,0.20944294518369447,0.00042839810695520346,148.82174499722734,1.5831299800499334,0.002026980943354442
8.19,2.6234168912014058,757.5696428830255,0.20944455583243393,0.0004272238375628948,148.82260188480961,1.5807252735876651,0.002024216437326368
8.195,2.622295732772671,757.5682314732511,0.20944616342183092,0.0004260516810824434,148.82345604363505,1.5783237964723573,0.0020214553159505376
8.2,2.621169746317944,757.5668176974046,0.20944776795730566,0.00042488163382883127,148.82430748935334,1.575925544395566,0.0020186975755307392
8.205,2.6200389762892806,757.5654016113339,0.20944936944419,0.000423713692182283,148.82515623757135,1.5735305130791981,0.00201594321237359
8.21,2.6189034673275065,757.5639832709774,0.2094509678877283,0.000422547852587809,148.82600230385322,1.5711386982753515,0.002013192222788574
8.215,2.61776326426061,757.5625627323627,0.20945256329307796,0.00042138411155475124,148.8268457037203,1.5687500957661575,0.0020104446030880887
8.22,2.6166184121018152,757.5611400516042,0.20945415566531012,0.000420222465656321,148.82768645265105,1.5663647013636113,0.002007700349587472
8.225,2.6154689560479647,757.5597152849002,0.20945574500941028,0.0004190629115291491,148.8285245660812,1.5639825109094219,0.002004959458605058
8.23,2.614314941477575,757.5582884885318,0.20945733133027886,0.000417905445872821,148.82936005940365,1.5616035202748382,0.0020022219264621984
8.235,2.6131564139492025,757.5568597188598,0.209458914632732,0.0004167500654494269,148.83019294796853,1.5592277253604998,0.0019994877494833173
8.24,2.6119934191994925,757.5554290323225,0.20946049492150207,0.00041559676708309627,148.83102324708304,1.556855122096262,0.0019967569239959337
8.245000000000001,2.610826003141522,757.5539964854343,0.2094620722012384,0.0004144455476595473,148.83185097201164,1.5544857064410451,0.001994029446330714
8.25,2.6096542118628414,757.5525621347821,0.20946364647650778,0.000413296404125623,148.83267613797585,1.5521194743826625,0.0019913053128214992
8.255,2.6084780916237977,757.5511260370246,0.20946521775179536,0.00041214933348883594,148.83349876015444,1.5497564219376614,0.0019885845198053436
8.26,2.607297688855569,757.5496882488886,0.20946678603150506,0.0004110043328169077,148.83431885368316,1.5473965451511593,0.001985867063622556
8.265,2.606113050158468,757.548248827168,0.20946835131996028,0.0004098613992373116,148.83513643365498,1.5450398400966796,0.0019831529406167314
8.27,2.604924222299967,757.5468078287207,0.20946991362140457,0.0004087205299368116,148.83595151511994,1.5426863028759867,0.001980442147134789
8.275,2.6037312522129867,757.5453653104668,0.20947147294000226,0.0004075817221610049,148.83676411308517,1.5403359296189232,0.001977734679527007
8.28,2.6025341869939083,757.5439213293859,0.20947302927983916,0.00040644497321385976,148.83757424251482,1.5379887164832435,0.001975030534147058
8.285,2.60133307390085,757.5424759425155,0.20947458264492308,0.00040531028045725793,148.83838191833016,1.5356446596544502,0.0019723297073520464
8.290000000000001,2.600127960351663,757.5410292069483,0.20947613303918455,0.00040417764131053146,148.83918715540955,1.5333037553456264,0.0019696321955025367
8.295,2.598918893922201,757.5395811798298,0.20947768046647744,0.00040304705325000653,148.83998996858824,1.5309659997972749,0.001966937994962598
8.3,2.5977059223443004,757.5381319183565,0.20947922493057966,0.0004019185138085356,148.84079037265866,1.5286313892771424,0.0019642471020998235
8.305,2.596489093504034,757.5366814797733,0.2094807664351938,0.00040079202057504484,148.84158838237016,1.5262999200800667,0.0019615595132853807
8.31,2.5952684554396863,757.5352299213714,0.20948230498394763,0.0003996675711940633,148.842384012429,1.523971588527795,0.0019588752248940284
8.315,2.594044056339989,757.5337773004858,0.20948384058039496,0.0003985451633652707,148.84317727749846,1.5216463909688311,0.0019561942333041643
8.32,2.5928159445420875,757.5323236744933,0.2094853732280161,0.00039742479484302555,148.84396819219884,1.519324323778255,0.0019535165348978432
8.325,2.591584168529764,757.5308691008104,0.20948690293021865,0.0003963064634359126,148.84475677110728,1.5170053833575667,0.0019508421260608238
8.33,2.5903487769313918,757.5294136368901,0.20948842969033804,0.00039519016700627027,148.84554302875787,1.514689566134507,0.0019481710031825855
8.335,2.5891098185181445,757.5279573402211,0.2094899535116382,0.0003940759034697369,148.84632697964156,1.5123768685628995,0.001945503162656374
8.34,2.587867342201948,757.5265002683238,0.2094914743973123,0.0003929636707947797,148.84710863820624,1.5100672871224743,0.0019428386008792215
8.345,2.5866213970336664,757.5250424787498,0.20949299235048327,0.0003918534670022368,148.84788801885665,1.5077608183187012,0.001940177314251983
8.35,2.5853720322010507,757.5235840290783,0.20949450737420447,0.0003907452901648489,148.84866513595432,1.5054574586826215,0.0019375192991793655
8.355,2.584119297026912,757.5221249769143,0.20949601947146035,0.00038963913840679894,148.84944000381768,1.5031572047706763,0.0019348645520699578
8.36,2.5828632409670584,757.5206653798862,0.2094975286451672,0.0003885350099032438,148.8502126367219,1.5008600531645364,0.0019322130693362602
8.365,2.5816039136084594,757.5192052956439,0.20949903489817365,0.00038743290287985313,148.85098304889894,1.4985660004709334,0.0019295648473947142
8.370000000000001,2.5803413646671727,757.5177447818563,0.20950053823326137,0.0003863328156123398,148.8517512545376,1.4962750433214862,0.0019269198826657305
8.375,2.579075643986494,757.5162838962085,0.2095020386531457,0.00038523474642600047,148.85251726778333,1.4939871783725345,0.0019242781715737216
8.38,2.5778068015348787,757.5148226964003,0.20950353616047634,0.00038413869369524156,148.8532811027384,1.491702402304958,0.0019216397105471213
8.385,2.5765348874040788,757.5133612401435,0.20950503075783802,0.0003830446558431228,148.8540427734617,1.4894207118240177,0.0019190044960184253
8.39,2.5752599518070567,757.5118995851599,0.209506522447751,0.0003819526313408807,148.85480229396896,1.4871421036591685,0.0019163725244242052
8.395,2.5739820450761117,757.5104377891786,0.20950801123267193,0.00038086261870747207,148.85555967823245,1.4848665745639014,0.0019137437922051494
8.4,2.572701217660784,757.5089759099338,0.20950949711499434,0.0003797746165090969,148.85631494018116,1.4825941213155567,0.001911118295806076
8.405,2.57141752012597,757.5075140051632,0.20951098009704927,0.00037868862335874084,148.85706809370066,1.4803247407151638,0.0019084960316759745
8.41,2.570131003149823,757.5060521326047,0.20951246018110614,0.0003776046379156981,148.85781915263323,1.478058429587254,0.0019058769962680161
8.415000000000001,2.5688417175218516,757.5045903499947,0.2095139373693731,0.00037652265888511244,148.85856813077766,1.4757951847797,0.0019032611860395948
8.42,2.567549714140819,757.5031287150659,0.2095154116639979,0.00037544268501750206,148.85931504188935,1.4735350031635304,0.0019006485974523424
8.425,2.5662550440128267,757.5016672855445,0.20951688306706848,0.00037436471510829546,148.86005989968024,1.4712778816327607,0.0018980392269721577
8.43,2.564957758249209,757.5002061191485,0.20951835158061355,0.0003732887479973601,148.86080271781887,1.4690238171042174,0.0018954330710692314
8.435,2.5636579080646063,757.4987452735852,0.2095198172066033,0.00037221478256853574,148.86154350993033,1.4667728065173613,0.0018928301262180704
8.44,2.5623555447748534,757.4972848065485,0.20952127994695008,0.0003711428177491627,148.8622822895961,1.4645248468341128,0.0018902303888975222
8.445,2.5610507197950407,757.4958247757174,0.20952273980350894,0.00037007285250961487,148.86301907035423,1.462279935038675,0.0018876338555907978
8.45,2.559743484637402,757.4943652387533,0.20952419677807846,0.0003690048858628275,148.86375386569927,1.4600380681373584,0.001885040522785497
8.455,2.558433890909359,757.4929062532973,0.20952565087240116,0.00036793891686382965,148.8644866890821,1.4577992431584024,0.00188245038697363
8.46,2.5571219903114075,757.491447876969,0.2095271020881644,0.00036687494460927106,148.86521755391016,1.455563457151799,0.0018798634446516402
8.465,2.555807834635153,757.4899901673631,0.2095285504270009,0.00036581296823695597,148.86594647354727,1.4533307071891184,0.0018772796923204312
8.47,2.5544914757611887,757.4885331820477,0.20952999589048923,0.000364752986925366,148.8666734613136,1.451100990363322,0.001874699126485379
8.475,2.553172965657126,757.4870769785621,0.20953143848015485,0.0003636949998931971,148.86739853048581,1.4488743037885978,0.0018721217436563672
8.48,2.5518523563754627,757.485621614414,0.20953287819747043,0.00036263900639888023,148.86812169429683,1.446650644600167,0.0018695475403477946
8.485,2.5505297000516096,757.4841671470779,0.20953431504385664,0.0003615850057401178,148.86884296593595,1.44443000995412,0.0018669765130786102
8.49,2.5492050489017504,757.4827136339925,0.20953574902068275,0.00036053299725340474,148.86956235854885,1.4422123970272234,0.0018644086583723201
8.495000000000001,2.54787845522086,757.4812611325583,0.20953718012926734,0.0003594829803135638,148.87027988523747,1.4399978030167524,0.0018618439727570212
8.5,2.5465499713805655,757.4798097001354,0.20953860837087881,0.00035843495433326793,148.8709955590601,1.4377862251403029,0.0018592824527654118
8.505,2.5452196498271453,757.4783593940416,0.2095400337467363,0.00035738891876257154,148.8717093930313,1.4355776606356152,0.0018567240949348162
8.51,2.5438875430793995,757.4769102715494,0.20954145625801004,0.000356344873088437,148.87242140012188,1.4333721067603924,0.0018541688958072027
8.515,2.5425537037266324,757.4754623898845,0.20954287590582218,0.0003553028168342629,148.87313159325893,1.4311695607921204,0.0018516168519292027
8.52,2.5412181844265196,757.474015806223,0.20954429269124736,0.0003542627495594107,148.8738399853258,1.4289700200278859,0.0018490679598521303
8.525,2.539881037903087,757.4725705776895,0.2095457066153134,0.00035322467085873295,148.874546589162,1.4267734817841964,0.001846522216132
8.53,2.5385423169445733,757.4711267613546,0.209547117679002,0.00035218858036210014,148.87525141756333,1.4245799433967974,0.0018439796173295464
8.535,2.537202074401399,757.4696844142328,0.20954852588324926,0.0003511544777339278,148.87595448328173,1.4223894022204913,0.0018414401600102396
8.540000000000001,2.5358603631840286,757.4682435932801,0.20954993122894647,0.00035012236267270336,148.87665579902537,1.420201855628954,0.0018389038407443038
8.545,2.5345172362609336,757.4668043553919,0.2095513337169406,0.0003490922349105148,148.87735537745857,1.4180173010145565,0.0018363706561067385
8.55,2.5331727466564478,757.4653667574006,0.2095527333480351,0.00034806409421257387,148.87805323120182,1.4158357357881737,0.0018338406026773251
8.555,2.531826947448728,757.4639308560734,0.20955413012299048,0.0003470379403767477,148.8787493728318,1.4136571573790124,0.0018313136770406573
8.56,2.5304798917676066,757.4624967081103,0.20955552404252498,0.000346013773233081,148.87944381488126,1.4114815632344169,0.0018287898757861425
8.565,2.5291316327925446,757.4610643701412,0.20955691510731514,0.00034499159264332705,148.88013656983912,1.409308950819696,0.0018262691955080329
8.57,2.527782223750481,757.4596338987247,0.20955830331799663,0.00034397139850047057,148.88082765015037,1.4071393176179288,0.0018237516328054254
8.575000000000001,2.5264317179137827,757.458205350345,0.20955968867516472,0.0003429531907282579,148.88151706821617,1.4049726611297904,0.0018212371842822918
8.58,2.525080168598094,757.4567787814098,0.20956107117937495,0.00034193696928072197,148.8822048363937,1.40280897887336,0.0018187258465474818
8.585,2.523727629160273,757.4553542482481,0.20956245083114386,0.0003409227341417085,148.8828909669963,1.4006482683839399,0.0018162176162147441
8.59,2.5223741529962482,757.4539318071087,0.20956382763094963,0.0003399104853244053,148.88357547229333,1.3984905272138708,0.0018137124899027387
8.595,2.5210197935389456,757.4525115141568,0.20956520157923264,0.00033890022287086624,148.8842583645103,1.3963357529323448,0.0018112104642350507
8.6,2.519664604256146,757.4510934254724,0.2095665726763962,0.0003378919468515413,148.8849396558286,1.394183943125222,0.0018087115358402044
8.605,2.5183086386484055,757.4496775970484,0.20956794092280714,0.0003368856573648003,148.88561935838584,1.3920350953948442,0.0018062157013516756
8.61,2.5169519502469138,757.4482640847878,0.2095693063187965,0.0003358813545364641,148.8862974842756,1.3898892073598488,0.0018037229574079062
8.615,2.515594592611408,757.4468529445014,0.20957066886466016,0.00033487903851932743,148.8869740455475,1.3877462766549833,0.001801233300652315
8.620000000000001,2.514236619328034,757.4454442319064,0.20957202856065948,0.00033387870949269085,148.88764905420723,1.3856063009309185,0.00179874672773331
8.625,2.5128780840072547,757.4440380026234,0.20957338540702192,0.00033288036766188507,148.88832252221647,1.3834692778540656,0.0017962632353043045
8.63,2.5115190402817067,757.4426343121746,0.20957473940394175,0.00033188401325780014,148.88899446149284,1.3813352051063816,0.0017937828200237193
8.635,2.5101595418041125,757.4412332159816,0.20957609055158066,0.00033088964653641334,148.88966488391014,1.3792040803851933,0.0017913054785550072
8.64,2.5087996422451346,757.4398347693628,0.20957743885006833,0.0003298972677783176,148.890333801298,1.3770759014029992,0.0017888312075666493
8.645,2.5074393952912803,757.4384390275321,0.2095787842995032,0.00032890687728824916,148.8910012254421,1.3749506658872934,0.0017863600037321802
8.65,2.506078854642761,757.4370460455955,0.209580126899953,0.00032791847539461773,148.89166716808418,1.372828371580368,0.001783891863730185
8.655,2.504718074011393,757.4356558785499,0.20958146665145552,0.00032693206244903357,148.89233164092195,1.3707090162391349,0.001781426784244321
8.66,2.503357107118457,757.4342685812809,0.20958280355401912,0.00032594763882583895,148.89299465560902,1.3685925976349294,0.0017789647619633163
8.665000000000001,2.501996007692595,757.4328842085598,0.2095841376076234,0.000324965204921635,148.89365622375507,1.3664791135533312,0.0017765057935809903
8.67,2.500634829467676,757.4315028150423,0.20958546881221993,0.00032398476115481586,148.89431635692574,1.3643685617939703,0.0017740498757962543
8.675,2.4992736261806825,757.430124455266,0.20958679716773274,0.00032300630796509264,148.89497506664264,1.3622609401703403,0.0017715970053131232
8.68,2.4979124515695847,757.4287491836479,0.20958812267405907,0.0003220298458130321,148.8956323643834,1.3601562465096129,0.0017691471788407246
8.685,2.4965513593712214,757.4273770544834,0.20958944533107005,0.0003210553751795787,148.8962882615816,1.3580544786524456,0.0017667003930933057
8.69,2.4951904033191785,757.4260081219425,0.2095907651386111,0.0003200828965655955,148.8969427696267,1.3559556344527977,0.001764256644790242
8.695,2.493829637141666,757.4246424400691,0.20959208209650285,0.00031911241049138625,148.89759589986429,1.353859711777738,0.0017618159306560443
8.700000000000001,2.492469114559399,757.4232800627781,0.2095933962045416,0.00031814391749623785,148.8982476635958,1.3517667085072587,0.0017593782474203648
8.705,2.4911088892834754,757.4219210438536,0.20959470746250003,0.0003171774181379435,148.89889807207874,1.3496766225340873,0.0017569435918180082
8.71,2.4897490150132557,757.4205654369463,0.20959601587012774,0.0003162129129923445,148.89954713652656,1.3475894517634937,0.0017545119605889296
8.715,2.488389545434243,757.4192132955721,0.20959732142715207,0.0003152504026528565,148.90019486810866,1.3455051941131082,0.001752083350478253
8.72,2.487030534215965,757.4178646731095,0.20959862413327843,0.00031428988773001156,148.90084127795046,1.3434238475127254,0.0017496577582362626
8.725,2.485672035009853,757.4165196227976,0.20959992398819127,0.00031333136885098494,148.90148637713332,1.3413454099041227,0.0017472351806184238
8.73,2.4843141014471257,757.415178197734,0.20960122099155443,0.0003123748466591395,148.90213017669464,1.3392698792408635,0.0017448156143853738
8.735,2.48295678713667,757.4138404508727,0.20960251514301192,0.0003114203218135526,148.90277268762773,1.3371972534881171,0.0017423990563029401
8.74,2.481600145662928,757.412506435022,0.20960380644218854,0.00031046779498856264,148.90341392088195,1.3351275306224613,0.0017399855031421322
8.745000000000001,2.4802442305837755,757.4111762028425,0.20960509488869042,0.000309517266873296,148.9040538873626,1.3330607086316995,0.0017375749516791578
8.75,2.478889095428418,757.4098498068448,0.2096063804821057,0.00030856873817121757,148.90469259793107,1.3309967855146703,0.0017351673986954182
8.755,2.4775347936952623,757.4085272993879,0.20960766322200516,0.00030762220959965514,148.9053300634046,1.3289357592810551,0.0017327628409775158
8.76,2.4761813788498226,757.4072087326765,0.20960894310794284,0.0003066776818893552,148.90596629455655,1.326877627951196,0.0017303612753172576
8.765,2.4748289043225884,757.4058941587595,0.2096102201394566,0.00030573515578400637,148.9066013021163,1.3248223895558995,0.0017279626985116567
8.77,2.473477423506942,757.4045836295273,0.20961149431606885,0.00030479463203979815,148.9072350967691,1.322770042136254,0.0017255671073629368
8.775,2.4721269897570193,757.4032771967107,0.20961276563728704,0.00030385611142494503,148.9078676891565,1.3207205837434355,0.0017231744986785332
8.78,2.4707776563856365,757.401974911878,0.20961403410260437,0.00030291959471924777,148.90849908987576,1.3186740124385252,0.0017207848692710965
8.785,2.4694294766621523,757.4006768264333,0.2096152997115004,0.00030198508271361813,148.90912930948042,1.3166303262923138,0.001718398215958493
8.790000000000001,2.468082503810398,757.3993829916144,0.20961656246344154,0.00030105257620964283,148.90975835847993,1.314589523385119,0.0017160145355638067
8.795,2.466736791006543,757.3980934584911,0.20961782235788187,0.00030012207601911065,148.9103862473398,1.3125516018065946,0.0017136338249153444
8.8,2.4653923913770277,757.3968082779626,0.20961907939426358,0.00029919358296357586,148.9110129864816,1.31051655965554,0.0017112560808466267
8.805,2.4640493579964353,757.3955275007559,0.20962033357201762,0.00029826709787388967,148.91163858628303,1.308484395039717,0.0017088813001964027
8.81,2.4627077438854283,757.3942511774237,0.20962158489056434,0.0002973426215897652,148.91226305707775,1.3064551060756562,0.001706509479808636
8.815,2.461367602008621,757.3929793583426,0.20962283334931406,0.0002964201549593098,148.9128864091556,1.304428690888474,0.0017041406165325178
8.82,2.4600289852725252,757.3917120937107,0.20962407894766774,0.0002954996988385934,148.91350865276246,1.3024051476116807,0.0017017747072224552
8.825000000000001,2.4586919465234227,757.3904494335458,0.20962532168501744,0.0002945812540911818,148.9141297981003,1.3003844743869954,0.001699411748738081
8.83,2.4573565385453215,757.3891914276837,0.20962656156074708,0.00029366482158770955,148.91474985532724,1.2983666693641593,0.001697051737944245
8.835,2.456022814057826,757.3879381257758,0.20962779857423294,0.00029275040220541143,148.91536883455748,1.296351730700743,0.0016946946717110174
8.84,2.4546908257141022,757.3866895772875,0.20962903272484426,0.000291837996827702,148.91598674586135,1.2943396565619685,0.0016923405469136854
8.845,2.4533606260987524,757.385445831496,0.2096302640119439,0.00029092760634370643,148.91660359926527,1.2923304451205113,0.0016899893604327523
8.85,2.4520322677257895,757.3842069374883,0.20963149243488888,0.0002900192316478443,148.91721940475188,1.2903240945563257,0.0016876411091539362
8.855,2.4507058030365085,757.38297294416,0.20963271799303093,0.0002891128736393615,148.91783417225997,1.2883206030564462,0.0016852957899681663
8.86,2.4493812843974743,757.3817439002119,0.2096339406857172,0.00028820853322191793,148.91844791168444,1.286319968814813,0.0016829533997715813
8.865,2.4480587640983953,757.3805198541495,0.20963516051229072,0.00028730621130312086,148.9190606328764,1.284322190032075,0.0016806139354655267
8.870000000000001,2.4467382943501197,757.3793008542807,0.20963637747209105,0.00028640590879411596,148.9196723456432,1.2823272649154136,0.0016782773939565505
8.875,2.445419927282513,757.3780869487133,0.20963759156445483,0.0002855076266091237,148.92028305974827,1.2803351916783514,0.0016759437721564042
8.88,2.444103714942459,757.376878185354,0.2096388027887164,0.00028461136566503166,148.9208927849113,1.2783459685405691,0.0016736130669820297
8.885,2.4427897092917497,757.3756746119058,0.20964001114420838,0.0002837171268809353,148.92150153080829,1.2763595937277206,0.0016712852753555684
8.89,2.4414779622050875,757.3744762758662,0.20964121663026217,0.0002828249111777329,148.9221093070713,1.2743760654712486,0.0016689603942043434
8.895,2.4401685254679824,757.3732832245258,0.20964241924620858,0.00028193471947766865,148.92271612328878,1.2723953820082,0.0016666384204608675
8.9,2.4388614507747652,757.3720955049663,0.20964361899137846,0.00028104655270393136,148.92332198900536,1.2704175415810426,0.001664319351062827
8.905,2.4375567897264867,757.370913164058,0.20964481586510308,0.0002801604117801999,148.923926913722,1.2684425424374812,0.0016620031829530884
8.91,2.4362545938289437,757.3697362484588,0.20964600986671494,0.000279276297630246,148.92453090689588,1.266470382830275,0.00165968991307968
8.915000000000001,2.4349549144905778,757.368564804612,0.20964720099554818,0.0002783942111774812,148.92513397794045,1.2645010610170533,0.0016573795383957991
8.92,2.433657803020519,757.3673988787441,0.20964838925093907,0.0002775141533445663,148.92573613622557,1.2625345752601382,0.0016550720558597975
8.925,2.432363310626483,757.3662385168637,0.20964957463222683,0.0002766361250529566,148.92633739107728,1.2605709238263534,0.0016527674624351783
8.93,2.4310714884128286,757.3650837647594,0.20965075713875392,0.0002757601272225194,148.92693775177807,1.258610104986854,0.0016504657550905895
8.935,2.42978238737846,757.3639346679977,0.20965193676986674,0.00027488616077108005,148.9275372275667,1.2566521170169345,0.0016481669307998172
8.94,2.4284960584148956,757.3627912719215,0.20965311352491614,0.00027401422661404415,148.92813582763824,1.254696958195859,0.0016458709865417786
8.945,2.4272125523041743,757.3616536216483,0.20965428740325795,0.00027314432566394624,148.92873356114424,1.2527446268066686,0.0016435779193005149
8.950000000000001,2.425931919716937,757.3605217620682,0.20965545840425354,0.0002722764588300764,148.9293304371925,1.250795121136016,0.0016412877260651825
8.955,2.4246542112103397,757.3593957378424,0.20965662652727043,0.0002714106270180331,148.92992646484734,1.2488484394739732,0.0016390004038300504
8.96,2.4233794772261437,757.3582755934016,0.2096577917716827,0.0002705468311293514,148.93052165312935,1.2469045801138618,0.0016367159495944822
8.965,2.4221077680886376,757.3571613729434,0.2096589541368716,0.0002696850720610617,148.9311160110156,1.2449635413520694,0.0016344343603629404
8.97,2.420839134002738,757.3560531204319,0.20966011362222609,0.00026882535070532165,148.93170954743957,1.243025321487876,0.0016321556331449652
8.975,2.4195736250519206,757.3549508795944,0.20966127022714337,0.0002679676679489775,148.93230227129118,1.2410899188232722,0.001629879764955178
8.98,2.41831129119633,757.3538546939212,0.2096624239510294,0.00026711202467320165,148.93289419141678,1.2391573316627889,0.001627606752813261
8.985,2.417052182270717,757.3527646066627,0.20966357479329942,0.0002662584217530566,148.93348531661917,1.237227558313314,0.0016253365937439583
8.99,2.415796347982567,757.3516806608286,0.20966472275337839,0.0002654068600571379,148.93407565565764,1.2353005970839244,0.0016230692847770563
8.995000000000001,2.4145438379100366,757.3506028991852,0.20966586783070174,0.00026455734044714086,148.93466521724795,1.233376446285703,0.0016208048229473834
9.0,2.413294701500102,757.349531364255,0.2096670100247156,0.0002637098637775104,148.93525401006235,1.2314551042315753,0.0016185432052947932
9.005,2.4120489880664984,757.3484660983136,0.2096681493348776,0.00026286443089500774,148.93584204272958,1.2295365692361218,0.001616284428864157
9.01,2.4108067467878818,757.3474071433894,0.20966928576065708,0.00026202104263836905,148.93642932383494,1.2276208396154202,0.0016140284907053533
9.015,2.409568026705779,757.3463545412609,0.20967041930153582,0.00026117969983787374,148.9370158619202,1.2257079136868578,0.0016117753878732558
9.02,2.4083328767227625,757.3453083334555,0.20967154995700849,0.00026034040331500934,148.93760166548373,1.2237977897689762,0.0016095251174277241
9.025,2.4071013456004042,757.344268561248,0.2096726777265831,0.00025950315388204265,148.93818674298035,1.2218904661812822,0.001607277676433591
9.03,2.40587348195747,757.3432352656586,0.20967380260978152,0.00025866795234169083,148.93877110282148,1.2199859412440972,0.0016050330619606522
9.035,2.40464933426788,757.3422084874517,0.20967492460613998,0.00025783479948669595,148.93935475337508,1.2180842132783667,0.0016027912710836528
9.040000000000001,2.403428950858914,757.3411882671338,0.2096760437152096,0.0002570036960995017,148.93993770296575,1.2161852806055122,0.0016005523008822773
9.045,2.4022123799091872,757.3401746449524,0.2096771599365568,0.0002561746429518332,148.9405199598746,1.2142891415472448,0.001598316148441138
9.05,2.4009996694468603,757.3391676608941,0.20967827326976377,0.00025534764080437653,148.9411015323393,1.212395794425412,0.0015960828108497575
9.055,2.3997908673476336,757.338167354683,0.2096793837144291,0.00025452269040636524,148.94168242855426,1.2105052375618202,0.0015938522852025647
9.06,2.3985860213329695,757.3371737657798,0.20968049127016805,0.0002536997924952649,148.94226265667035,1.2086174692780778,0.0015916245685988711
9.065,2.3973851789680913,757.3361869333787,0.20968159593661323,0.00025287894779636337,148.9428422247951,1.2067324878954213,0.0015893996581428699
9.07,2.3961883876602257,757.335206896408,0.20968269771341486,0.0002520601570224618,148.94342114099268,1.204850291734561,0.0015871775509436101
9.075000000000001,2.394995694656609,757.3342336935266,0.20968379660024136,0.00025124342087346884,148.94399941328388,1.2029708791155056,0.0015849582441149945
9.08,2.393807147042747,757.3332673631237,0.20968489259677983,0.0002504287400360991,148.94457704964609,1.2010942483574147,0.0015827417347757577
9.085,2.3926227917404277,757.3323079433167,0.20968598570273644,0.0002496161151834686,148.94515405801337,1.1992203977784177,0.0015805280200494552
9.09,2.3914426755059988,757.33135547195,0.20968707591783692,0.000248805546974803,148.94573044627646,1.1973493256954748,0.0015783170970644499
9.095,2.3902668449283913,757.3304099865936,0.2096881632418269,0.00024799703605503555,148.9463062222827,1.195481030424194,0.0015761089629538956
9.1,2.3890953464274127,757.329471524541,0.20968924767447258,0.00024719058305452214,148.94688139383604,1.1936155102786954,0.0015739036148557247
9.105,2.387928226251779,757.3285401228082,0.20969032921556102,0.0002463861885886437,148.94745596869723,1.1917527635714285,0.0015717010499126315
9.11,2.3867655304774282,757.3276158181329,0.20969140786490048,0.00024558385325752823,148.94802995458357,1.1898927886130393,0.0015695012652720578
9.115,2.3856073050055584,757.3266986469715,0.20969248362232112,0.00024478357764565737,148.94860335916906,1.1880355837121903,0.001567304258086178
9.120000000000001,2.3844535955609594,757.325788645499,0.20969355648767518,0.0002439853623215949,148.94917619008433,1.1861811471754269,0.0015651100255118819
9.125,2.3833044476900653,757.3248858496067,0.20969462646083756,0.00024318920783759963,148.94974845491674,1.1843294773070028,0.001562918564710764
9.13,2.382159906759298,757.3239902949019,0.20969569354170617,0.00024239511472935794,148.95032016121033,1.1824805724087437,0.0015607298728490984
9.135,2.381020017953133,757.3231020167051,0.20969675773020233,0.00024160308351560403,148.95089131646574,1.180634430779879,0.0015585439470978343
9.14,2.3798848262724617,757.3222210500495,0.20969781902627127,0.00024081311469785813,148.9514619281404,1.178791050716906,0.0015563607846325685
9.145,2.3787543765326666,757.3213474296797,0.20969887742988252,0.000240025208760052,148.95203200364827,1.1769504305134222,0.0015541803826335386
9.15,2.377628713362001,757.3204811900496,0.20969993294103015,0.00023923936616827423,148.95260155036013,1.1751125684599926,0.0015520027382855976
9.155,2.376507881199679,757.319622365322,0.20970098555973338,0.00023845558737040057,148.95317057560334,1.1732774628439848,0.0015498278487782059
9.16,2.3753919242942687,757.3187709893662,0.2097020352860369,0.00023767387279584657,148.95373908666198,1.1714451119494373,0.001547655711305405
9.165000000000001,2.3742808867017944,757.3179270957577,0.2097030821200113,0.00023689422285520255,148.95430709077678,1.1696155140568962,0.0015454863230658091
9.17,2.3731748122841547,757.3170907177761,0.2097041260617533,0.00023611663793999526,148.95487459514513,1.1677886674432891,0.0015433196812625815
9.175,2.3720737447072286,757.3162618884044,0.20970516711138626,0.00023534111842232508,148.9554416069211,1.1659645703817574,0.001541155783103419
9.18,2.370977727439316,757.315440640327,0.20970620526906067,0.00023456766465463768,148.95600813321545,1.1641432211415388,0.0015389946258005346
9.185,2.369886803749256,757.3146270059291,0.20970724053495432,0.00023379627696936534,148.95657418109556,1.1623246179877982,0.0015368362065706388
9.19,2.3688010167048867,757.3138210172951,0.20970827290927266,0.00023302695567870634,148.95713975758542,1.1605087591815142,0.0015346805226349226
9.195,2.3677204091711754,757.3130227062074,0.2097093023922494,0.00023225970107427176,148.95770486966578,1.1586956429793107,0.001532527571219037
9.200000000000001,2.3666450238086947,757.3122321041451,0.20971032898414663,0.00023149451342687193,148.95826952427387,1.156885267633346,0.0015303773495530769
9.205,2.3655749030717734,757.3114492422826,0.2097113526852553,0.0002307313929861704,148.9588337283037,1.15507763139115,0.0015282298548715623
9.21,2.364510089206982,757.310674151489,0.2097123734958955,0.00022997033998047522,148.95939748860576,1.153272732495508,0.0015260850844134152
9.215,2.363450624251304,757.3099068623261,0.2097133914164169,0.0002292113546164011,148.9599608119873,1.1514705691843086,0.001523943035421949
9.22,2.362396550030639,757.3091474050476,0.209714406447199,0.00022845443707866732,148.960523705212,1.1496711396904253,0.0015218037051448394
9.225,2.361347908157988,757.3083958095981,0.20971541858865148,0.0002276995875297658,148.9610861750004,1.1478744422415665,0.0015196670908341145
9.23,2.360304740031974,757.3076521056114,0.2097164278412146,0.00022694680610976662,148.9616482280293,1.1460804750601628,0.0015175331897461265
9.235,2.3592670868350423,757.3069163224097,0.20971743420535952,0.00022619609293599214,148.96220987093233,1.1442892363632156,0.0015154019991415412
9.24,2.358234989532004,757.3061884890025,0.2097184376815884,0.00022544744810283038,148.9627711102995,1.1425007243621892,0.0015132735162853093
9.245000000000001,2.3572084888682454,757.3054686340853,0.20971943827043515,0.00022470087168141473,148.96333195267746,1.1407149372628607,0.0015111477384466539
9.25,2.3561876253682965,757.3047567860383,0.20972043597246529,0.00022395636371944663,148.9638924045693,1.1389318732652176,0.0015090246628990456
9.255,2.355172439334052,757.3040529729259,0.20972143078827657,0.00022321392424087873,148.96445247243474,1.1371515305633042,0.0015069042869201841
9.26,2.3541629708433587,757.3033572224947,0.20972242271849914,0.00022247355324574804,148.9650121626899,1.1353739073451274,0.0015047866077919781
9.265,2.353159259748256,757.3026695621733,0.20972341176379586,0.00022173525070986411,148.96557148170743,1.133599001792503,0.0015026716228005235
9.27,2.352161345673581,757.3019900190707,0.2097243979248626,0.00022099901658465034,148.96613043581638,1.1318268120809651,0.001500559329236085
9.275,2.3511692680152225,757.3013186199752,0.20972538120242862,0.00022026485079683846,148.96668903130237,1.1300573363796145,0.0014984497243930727
9.28,2.3501830659387513,757.3006553913538,0.20972636159725666,0.0002195327532483179,148.96724727440727,1.1282905728510304,0.001496342805570023
9.285,2.349202778377686,757.3000003593504,0.20972733911014335,0.0002188027238158367,148.9678051713295,1.1265265196511216,0.0014942385700695766
9.290000000000001,2.348228444032144,757.299353549786,0.2097283137419195,0.00021807476235085867,148.9683627282238,1.1247651749290413,0.0014921370151984577
9.295,2.347260101367128,757.2987149881562,0.20972928549345032,0.000217348868679272,148.96891995120131,1.1230065368270428,0.0014900381382674545
9.3,2.346297788611191,757.2980846996314,0.20973025436563567,0.00021662504260125214,148.96947684632943,1.1212506034803915,0.0014879419365913926
9.305,2.3453415437547425,757.2974627090549,0.2097312203594103,0.0002159032838909794,148.97003341963196,1.1194973730172288,0.0014858484074891203
9.31,2.3443914045487357,757.2968490409429,0.20973218347574427,0.00021518359229650864,148.97058967708892,1.1177468435584847,0.0014837575482834803
9.315,2.3434474085029886,757.2962437194826,0.20973314371564294,0.0002144659675394941,148.97114562463665,1.1159990132177446,0.0014816693563012942
9.32,2.3425095928848934,757.2956467685317,0.2097341010801474,0.00021375040931506702,148.9717012681677,1.114253880101164,0.0014795838288733344
9.325000000000001,2.3415779947177526,757.2950582116175,0.20973505557033467,0.00021303691729156695,148.97225661353082,1.1125114423073392,0.0014775009633343074
9.33,2.3406526507795133,757.294478071936,0.2097360071873179,0.00021232549111042896,148.97281166653093,1.1107716979272266,0.0014754207570228293
9.335,2.3397335976011155,757.2939063723509,0.20973695593224662,0.00021161613038591937,148.97336643292917,1.1090346450440094,0.0014733432072814023
9.34,2.3388208714652525,757.2933431353922,0.2097379018063069,0.0002109088347050334,148.97392091844276,1.1073002817330277,0.0014712683114563951
9.345,2.3379145084047352,757.2927883832566,0.20973884481072172,0.00021020360362723677,148.974475128745,1.1055686060616445,0.0014691960668980185
9.35,2.3370145442012737,757.2922421378051,0.20973978494675097,0.00020950043668437185,148.9750290694653,1.1038396160891784,0.001467126470960304
9.355,2.3361210143838584,757.2917044205634,0.2097407222156919,0.0002087993333804063,148.97558274618905,1.1021133098667721,0.0014650595210010796
9.36,2.3352339542275655,757.2911752527201,0.20974165661887906,0.00020810029319134725,148.97613616445764,1.100389685437331,0.00146299521438195
9.365,2.3343533987519556,757.2906546551268,0.20974258815768473,0.0002074033155649972,148.97668932976848,1.0986687408353908,0.0014609335484682701
9.370000000000001,2.3334793827199003,757.2901426482963,0.20974351683351897,0.00020670839992087615,148.97724224757482,1.0969504740870604,0.0014588745206291246
9.375,2.332611940636001,757.2896392524026,0.20974444264782982,0.000206015545649986,148.97779492328584,1.0952348832098964,0.001456818128237306
9.38,2.331751106745434,757.2891444872798,0.20974536560210355,0.00020532475211473822,148.97834736226656,1.0935219662128408,0.0014547643686692864
9.385,2.3308969150323926,757.2886583724211,0.20974628569786483,0.0002046360186487281,148.97889956983784,1.0918117210961058,0.0014527132393052013
9.39,2.3300493992189515,757.2881809269784,0.20974720293667673,0.0002039493445566696,148.9794515512763,1.0901041458511112,0.0014506647375288196
9.395,2.329208592763529,757.2877121697613,0.20974811732014112,0.00020326472911417692,148.9800033118143,1.088399238460372,0.0014486188607275275
9.4,2.3283745288597735,757.2872521192367,0.20974902884989874,0.00020258217156770742,148.98055485663988,1.0866969968974414,0.0014465756062922964
9.405,2.3275472404350444,757.2868007935274,0.20974993752762927,0.0002019016711343509,148.98110619089675,1.0849974191267986,0.0014445349716176688
9.41,2.326726760149322,757.2863582104125,0.2097508433550516,0.00020122322700178062,148.98165731968425,1.0833005031037954,0.0014424969541017264
9.415000000000001,2.3259131203937065,757.2859243873253,0.2097517463339239,0.00020054683832804963,148.98220824805722,1.0816062467745478,0.0014404615511460729
9.42,2.3251063532893537,757.2854993413538,0.20975264646604377,0.00019987250424155126,148.9827589810261,1.0799146480758874,0.0014384287601558068
9.425,2.3243064906859896,757.2850830892395,0.20975354375324842,0.00019920022384082065,148.98330952355676,1.0782257049352508,0.001436398578539498
9.43,2.323513564160873,757.2846756473768,0.20975443819741474,0.0001985299961945055,148.98385988057046,1.0765394152706393,0.0014343710037091656
9.435,2.322727605017326,757.2842770318126,0.20975532980045947,0.00019786182034117435,148.98441005694397,1.0748557769905094,0.0014323460330802518
9.44,2.3219486442837236,757.283887258245,0.20975621856433924,0.00019719569528929537,148.98496005750928,1.0731747879937352,0.001430323664071601
9.445,2.321176712712042,757.2835063420235,0.2097571044910508,0.00019653162001705238,148.98550988705372,1.0714964461695027,0.0014283038941054322
9.450000000000001,2.3204118407768726,757.2831342981481,0.209757987582631,0.00019586959347233133,148.98605955031985,1.069820749397275,0.0014262867206073183
9.455,2.3196540586739895,757.2827711412682,0.209758867841157,0.0001952096145725453,148.9866090520054,1.068147695546691,0.001424272141006161
9.46,2.318903396319387,757.2824168856832,0.20975974526874627,0.0001945516822046266,148.98715839676325,1.0664772824775306,0.0014222601527341646
9.465,2.3181598833478696,757.2820715453406,0.2097606198675568,0.00019389579522486193,148.98770758920136,1.0648095080396196,0.0014202507532268163
9.47,2.3174235491121107,757.2817351338364,0.20976149163978705,0.00019324195245889097,148.9882566338827,1.0631443700727965,0.0014182439399228561
9.475,2.316694422681266,757.2814076644141,0.2097623605876761,0.0001925901527015499,148.9888055353253,1.061481866406822,0.00141623971026426
9.48,2.3159725328400524,757.2810891499646,0.20976322671350378,0.0001919403947168776,148.98935429800198,1.0598219948613465,0.001414238061696208
9.485,2.3152579080873847,757.280779603025,0.20976409001959065,0.00019129267723796717,148.98990292634053,1.058164753245825,0.0014122389916670665
9.49,2.31455057663548,757.2804790357791,0.209764950508298,0.00019064699896697987,148.99045142472355,1.0565101393594878,0.0014102424976283584
9.495000000000001,2.313850566408512,757.2801874600557,0.2097658081820281,0.0001900033585750041,148.9909997974883,1.054858150991256,0.0014082485770347437
9.5,2.3131579050417415,757.2799048873294,0.20976666304322422,0.00018936175470207861,148.9915480489269,1.0532087859197197,0.001406257227343993
9.505,2.312472619880192,757.2796313287193,0.20976751509437047,0.00018872218595705675,148.99209618328587,1.051562041913051,0.0014042684460169607
9.51,2.311794737977805,757.2793667949888,0.2097683643379921,0.0001880846509176397,148.99264420476646,1.0499179167289903,0.0014022822305175663
9.515,2.311124286096135,757.2791112965452,0.20976921077665533,0.0001874491481302476,148.99319211752447,1.0482764081147604,0.0014002985783127635
9.52,2.3104612907035325,757.2788648434396,0.2097700544129676,0.00018681567611006066,148.99373992567007,1.0466375138070567,0.0013983174868725222
9.525,2.3098057779738577,757.2786274453657,0.20977089524957737,0.00018618423334089797,148.99428763326785,1.045001231531964,0.001396338953669798
9.53,2.309157773785688,757.2783991116603,0.20977173328917434,0.0001855548182752662,148.99483524433668,1.043367559004949,0.001394362976180514
9.535,2.3085173037210565,757.2781798513025,0.2097725685344893,0.00018492742933424663,148.99538276284983,1.0417364939307814,0.0013923895518835293
9.540000000000001,2.307884393064683,757.2779696729134,0.20977340098829428,0.00018430206490755078,148.99593019273468,1.0401080340035305,0.0013904186782606215
9.545,2.307259066802735,757.2777685847557,0.20977423065340253,0.0001836787233534166,148.9964775378727,1.038482176906489,0.001388450352796459
9.55,2.3066413496220792,757.2775765947334,0.20977505753266834,0.00018305740299866916,148.99702480209953,1.0368589203121688,0.0013864845729785746
9.555,2.30603126590907,757.2773937103921,0.2097758816289874,0.00018243810213862716,148.99757198920477,1.0352382618822351,0.0013845213362973458
9.56,2.305428839748825,757.2772199389174,0.2097767029452964,0.00018182081903716973,148.998119102932,1.0336201992674994,0.0013825606402459653
9.565,2.3048340949240362,757.2770552871358,0.20977752148457335,0.0001812055519266511,148.99866614697865,1.03200473010786,0.001380602482320422
9.57,2.3042470549142693,757.2768997615141,0.20977833724983727,0.00018059229900797442,148.99921312499595,1.0303918520322972,0.001378646860019471
9.575000000000001,2.3036677428947945,757.2767533681588,0.20977915024414845,0.00017998105845051449,148.99976004058885,1.028781562658816,0.0013766937708446145
9.58,2.3030961817359192,757.2766161128163,0.20977996047060815,0.00017937182839219943,149.000306897316,1.027173859594448,0.0013747432123000743
9.585,2.302532394001834,757.2764880008724,0.20978076793235884,0.00017876460693943937,149.0008536986896,1.0255687404351914,0.0013727951818927663
9.59,2.3019764019499744,757.2763690373525,0.20978157263258387,0.0001781593921672172,149.00140044817547,1.0239662027660215,0.001370849677132281
9.595,2.3014282275298896,757.2762592269207,0.20978237457450769,0.00017755618211902412,149.00194714919283,1.0223662441608308,0.0013689066955308532
9.6,2.300887892382628,757.2761585738804,0.20978317376139566,0.00017695497480695749,149.00249380511426,1.020768862182445,0.0013669662346033444
9.605,2.3003554178396306,757.2760670821734,0.209783970196554,0.00017635576821166418,149.00304041926572,1.0191740543825634,0.001365028291867211
9.61,2.299830824922142,757.2759847553805,0.20978476388332984,0.0001757585602824454,149.00358699492637,1.0175818183017795,0.001363092864842488
9.615,2.2993141343401278,757.2759115967204,0.20978555482511096,0.0001751633489372077,149.00413353532858,1.0159921514695258,0.0013611599510517573
9.620000000000001,2.298805366491708,757.2758476090512,0.20978634302532598,0.00017457013206257434,149.00468004365777,1.0144050514040945,0.0013592295480201304
9.625,2.2983045414621017,757.2757927948679,0.20978712848744405,0.00017397890751384527,149.00522652305244,1.0128205156125898,0.0013573016532752195
9.63,2.2978116790230847,757.275747156305,0.2097879112149749,0.0001733896731151127,149.005772976604,1.0112385415909453,0.0013553762643471149
9.635,2.2973267986319565,757.2757106951339,0.2097886912114688,0.00017280242665923125,149.00631940735667,1.0096591268238855,0.0013534533787683625
9.64,2.2968499194310277,757.2756834127648,0.2097894684805163,0.0001722171659079388,149.00686581830757,1.0080822687849442,0.0013515329940739368
9.645,2.2963810602466057,757.2756653102456,0.20979024302574842,0.00017163388859183453,149.0074122124066,1.0065079649364281,0.0013496151078012208
9.65,2.295920239588512,757.2756563882621,0.20979101485083618,0.00017105259241050624,149.00795859255612,1.0049362127294388,0.0013476997174899782
9.655,2.29546747564909,757.2756566471378,0.20979178395949086,0.00017047327503251608,149.0085049616113,1.0033670096038403,0.0013457868206823334
9.66,2.295022786302748,757.2756660868346,0.20979255035546365,0.00016989593409553384,149.0090513223796,1.0018003529882826,0.0013438764149227437
9.665000000000001,2.2945861891049946,757.2756847069518,0.2097933140425457,0.00016932056720633042,149.0095976776211,1.000236240300173,0.0013419684977579796
9.67,2.294157701292002,757.2757125067269,0.20979407502456793,0.00016874717194091798,149.01014403004802,0.9986746689457048,0.0013400630667370996
9.675,2.2937373397796685,757.2757494850351,0.20979483330540094,0.00016817574584454916,149.01069038232504,0.9971156363198261,0.001338160119411424
9.68,2.2933251211632113,757.2757956403901,0.2097955888889548,0.00016760628643186504,149.01123673706886,0.9955591398062777,0.001336259653334517
9.685,2.2929210617162474,757.2758509709431,0.2097963417791791,0.00016703879118690106,149.0117830968484,0.994005176777561,0.0013343616660621567
9.69,2.292525177390417,757.2759154744836,0.2097970919800626,0.00016647325756324093,149.01232946418463,0.9924537445949799,0.0013324661551523188
9.695,2.292137483814488,757.2759891484394,0.20979783949563335,0.00016590968298402998,149.01287584155048,0.9909048406086124,0.0013305731181651461
9.700000000000001,2.2917579962940033,757.2760719898769,0.20979858432995832,0.00016534806484213449,149.01342223137073,0.9893584621573537,0.0013286825526629313
9.705,2.2913867298104136,757.2761639955003,0.20979932648714336,0.00016478840050016357,149.013968636022,0.9878146065688942,0.0013267944562100908
9.71,2.2910236990207484,757.276265161653,0.20980006597133308,0.00016423068729063195,149.01451505783265,0.98627327115976,0.0013249088263731412
9.715,2.2906689182567748,757.2763754843168,0.20980080278671068,0.00016367492251599132,149.01506149908266,0.984734453235299,0.001323025660720679
9.72,2.2903224015246937,757.2764949591126,0.20980153693749767,0.0001631211034487973,149.01560796200357,0.9831981500897213,0.0013211449568233538
9.725,2.2899841625043256,757.2766235813001,0.20980226842795396,0.00016256922733174847,149.01615444877848,0.9816643590060897,0.0013192667122538498
9.73,2.2896542145488326,757.2767613457787,0.20980299726237747,0.0001620192913778584,149.01670096154191,0.980133077256362,0.0013173909245868594
9.735,2.289332570683927,757.2769082470868,0.20980372344510406,0.00016147129277050201,149.0172475023797,0.9786043021013845,0.0013155175913990636
9.74,2.289019243607624,757.2770642794027,0.20980444698050738,0.00016092522866359264,149.01779407332893,0.9770780307909374,0.001313646710269106
9.745000000000001,2.2887142456894716,757.2772294365446,0.2098051678729986,0.0001603810961816353,149.01834067637796,0.9755542605637305,0.0013117782787775733
9.75,2.2884175889703315,757.2774037119711,0.20980588612702636,0.00015983889241990966,149.0188873134662,0.974032988647454,0.0013099122945069732
9.755,2.2881292851616353,757.2775870987808,0.20980660174707647,0.00015929861444452845,149.0194339864841,0.9725142122587714,0.0013080487550417076
9.76,2.2878493456451894,757.2777795897133,0.20980731473767178,0.00015876025929262703,149.01998069727313,0.9709979286033784,0.001306187657968057
9.765,2.287577781472458,757.2779811771492,0.20980802510337204,0.00015822382397242792,149.02052744762554,0.9694841348759963,0.001304329000874152
9.77,2.287314603364397,757.2781918531101,0.20980873284877355,0.0001576893054634351,149.0210742392845,0.9679728282604334,0.001302472781349957
9.775,2.287059821710758,757.2784116092595,0.20980943797850912,0.00015715670071650553,149.02162107394386,0.9664640059295821,0.0013006189969872431
9.78,2.2868134465699517,757.2786404369028,0.20981014049724783,0.0001566260066540477,149.02216795324819,0.9649576650454821,0.0012987676453795715
9.785,2.2865754876683786,757.2788783269879,0.20981084040969475,0.0001560972201701001,149.02271487879253,0.96345380275932,0.001296918724122266
9.790000000000001,2.2863459544003146,757.2791252701048,0.20981153772059077,0.00015557033813053367,149.02326185212254,0.9619524162114953,0.001295072230812398
9.795,2.286124855827272,757.2793812564869,0.2098122324347125,0.00015504535737313814,149.02380887473433,0.960453502531625,0.0012932281630487596
9.8,2.2859122006779113,757.2796462760112,0.2098129245568719,0.00015452227470782662,149.02435594807432,0.9589570588386064,0.0012913865184318442
9.805,2.2857079973474246,757.2799203181982,0.2098136140919161,0.00015400108691673023,149.02490307353918,0.9574630822406304,0.0012895472945638265
9.81,2.2855122538974766,757.2802033722127,0.20981430104472718,0.00015348179075440604,149.0254502524759,0.9559715698352432,0.001287710489048539
9.815,2.2853249780556153,757.2804954268641,0.20981498542022206,0.00015296438294793812,149.02599748618158,0.9544825187093635,0.0012858760994914535
9.82,2.285146177215238,757.2807964706072,0.2098156672233521,0.0001524488601971493,149.0265447759034,0.952995925939346,0.0012840441234996578
9.825000000000001,2.2849758584350273,757.2811064915421,0.20981634645910294,0.00015193521917470854,149.02709212283855,0.951511788591001,0.0012822145586818363
9.83,2.2848140284389435,757.281425477415,0.20981702313249428,0.00015142345652634703,149.02763952813413,0.9500301037196626,0.001280387402648251
9.835,2.2846606936156895,757.2817534156186,0.20981769724857968,0.0001509135688709702,149.02818699288716,0.9485508683702059,0.0012785626530107154
9.84,2.284515860018729,757.2820902931927,0.20981836881244614,0.000150405552800879,149.02873451814438,0.9470740795771221,0.0012767403073825822
9.845,2.2843795333657755,757.2824360968247,0.20981903782921413,0.0001498994048818871,149.02928210490236,0.9455997343645365,0.0012749203633787146
9.85,2.2842517190388403,757.2827908128497,0.2098197043040371,0.00014939512165354572,149.02982975410725,0.9441278297462853,0.0012731028186154737
9.855,2.2841324220837453,757.2831544272519,0.2098203682421014,0.00014889269962926687,149.0303774666548,0.9426583627259368,0.0012712876707106915
9.86,2.2840216472101975,757.2835269256645,0.20982102964862587,0.00014839213529655126,149.0309252433904,0.94119133029687,0.0012694749172836584
9.865,2.2839193987913307,757.2839082933702,0.20982168852886177,0.00014789342511711752,149.03147308510881,0.9397267294422981,0.0012676645559550955
9.870000000000001,2.283825680863806,757.2842985153023,0.20982234488809232,0.00014739656552713274,149.03202099255424,0.9382645571353488,0.0012658565843471424
9.875,2.283740497127377,757.2846975760448,0.2098229987316326,0.0001469015529373485,149.03256896642017,0.9368048103390932,0.001264051000083333
9.88,2.283663850945021,757.2851054598333,0.20982365006482923,0.00014640838373333235,149.0331170073495,0.935347486006622,0.001262247800788577
9.885,2.283595745342528,757.2855221505556,0.20982429889306012,0.00014591705427561137,149.03366511593418,0.9338925810810823,0.001260446984089142
9.89,2.283536183008661,757.2859476317524,0.2098249452217341,0.00014542756089990522,149.03421329271544,0.9324400924957539,0.001258648547612633
9.895,2.2834851662947684,757.2863818866174,0.2098255890562908,0.00014493989991727562,149.03476153818352,0.9309900171740876,0.001256852488987975
9.9,2.2834426972149724,757.2868248979988,0.20982623040220033,0.00014445406761436175,149.03530985277777,0.9295423520297841,0.001255058805845392
9.905,2.283408777445809,757.2872766483995,0.20982686926496294,0.000143970060253535,149.03585823688653,0.928097093966835,0.0012532674958163912
9.91,2.283383408326443,757.2877371199777,0.20982750565010877,0.00014348787407313693,149.03640669084703,0.9266542398796023,0.001251478556533741
9.915000000000001,2.2833665908583343,757.2882062945479,0.20982813956319762,0.00014300750528763886,149.0369552149454,0.925213786652862,0.001249691985631456
9.92,2.283358325705476,757.2886841535816,0.20982877100981864,0.00014252895008788288,149.0375038094166,0.9237757311618874,0.0012479077807447782
9.925,2.2833586131940944,757.2891706782076,0.20982939999559,0.00014205220464124505,149.03805247444427,0.9223400702724904,0.001246125939510155
9.93,2.2833674533129082,757.2896658492134,0.20983002652615868,0.00014157726509187973,149.03860121016095,0.9209068008411109,0.0012443464595652282
9.935,2.283384845712856,757.2901696470453,0.2098306506072001,0.00014110412756088722,149.03915001664765,0.9194759197148579,0.0012425693385488081
9.94,2.2834107897073848,757.29068205181,0.20983127224441792,0.00014063278814655994,149.03969889393414,0.9180474237316006,0.0012407945741008653
9.945,2.2834452842722013,757.2912030432744,0.2098318914435436,0.00014016324292455483,149.0402478419987,0.9166213097200129,0.0012390221638625026
9.950000000000001,2.283488328045588,757.2917326008671,0.2098325082103364,0.00013969548794814116,149.04079686076818,0.915197574499664,0.0012372521054759475
9.955,2.2835399193281822,757.2922707036789,0.20983312255058265,0.0001392295192483783,149.04134595011786,0.913776214881068,0.0012354843965845291
9.96,2.2836000560833174,757.2928173304639,0.20983373447009582,0.0001387653328343635,149.0418951098715,0.9123572276657709,0.0012337190348326622
9.965,2.283668735936829,757.2933724596398,0.2098343439747161,0.0001383029246934158,149.04244433980122,0.9109406096464074,0.0012319560178658318
9.97,2.2837459561774227,757.2939360692898,0.20983495107031003,0.00013784229079132418,149.04299363962764,0.9095263576067868,0.001230195343330575
9.975,2.283831713756507,757.294508137162,0.20983555576277024,0.00013738342707253614,149.04354300901952,0.9081144683219515,0.0012284370088744652
9.98,2.2839260052885892,757.2950886406715,0.20983615805801523,0.00013692632946040717,149.04409244759398,0.906704938558265,0.0012266810121460956
9.985,2.2840288270511326,757.2956775569006,0.20983675796198892,0.00013647099385739338,149.04464195491641,0.9052977650734723,0.0012249273507950634
9.99,2.2841401749849792,757.2962748626003,0.20983735548066046,0.00013601741614530192,149.04519153050043,0.9038929446167883,0.0012231760224719517
9.995000000000001,2.2842600446942307,757.2968805341906,0.20983795062002383,0.00013556559218548726,149.04574117380773,0.9024904739289604,0.0012214270248283162
10.0,2.284388431446633,757.2974945477617,0.2098385433860976,0.00013511551781909725,149.0462908842483,0.901090349742356,0.001219680355516669
