time_s,V_A,P_A,f_o,f_c,p_o,p_c,z
0,1,760,0.1368,0.05263,40,46,4.4219e-07
0.005,1.0178674264322591,759.9669458192395,0.13680023534154628,0.05262826967313853,40.672731088846994,43.39191814435986,7.06055784396661e-05
0.01,1.0354997429871897,759.934362827701,0.1368087746394322,0.052620304777077506,41.36399250098491,41.072099907686635,0.00013672157791730935
0.015,1.0529003034641558,759.9022447537051,0.13682521614236073,0.052606439177330974,42.074863783557824,39.00864853810895,0.00019922790653746
0.02,1.0700724149521708,759.8705853982059,0.13684918295216353,0.05258698278017884,42.80648033887972,37.173180275138265,0.0002585138613322233
0.025,1.0870193384697742,759.8393786351487,0.13688032097921538,0.05256222384781794,43.56003524346391,35.540438000537,0.0003149256521533947
0.03,1.1037442895961482,759.8086184116805,0.1369182971091666,0.05253243104104949,44.33678053004736,34.08794736159629,0.00036877114896319974
0.035,1.1202504390935348,759.778298748229,0.13696279755508375,0.052497855226143725,45.1380277358399,32.79571070089949,0.00042032410695723823
0.04,1.136540913521062,759.7484137384653,0.13701352637268674,0.052458731077082564,45.96514746961242,31.645934635407396,0.0004698279269314227
0.045,1.1526187958401737,759.7189575491642,0.137070204119403,0.05241527849982098,46.81956768923399,30.622787582569647,0.0005174990020258181
0.05,1.1684871260116627,759.6899244199777,0.1371325666406031,0.0523677039013063,47.702770308880275,29.712183945668766,0.0005635296962562854
0.055,1.1841489015845494,759.6613086631248,0.13720036396848162,0.05231620132283135,48.61628566944288,28.901592023000926,0.0006080909953789944
0.06,1.19960707827681,759.6331046630161,0.13727335932097884,0.0522609534544937,49.561684307166765,28.17986303681162,0.000651334866058457
0.065,1.2148645705481587,759.6053068758155,0.1373513281896439,0.05220213254527885,50.54056534360904,27.537078957216224,0.000693396355452255
0.07,1.2299242521648854,759.5779098289479,0.13743405750675103,0.052139901221259874,51.55454069754529,26.964417058606422,0.0007343954597039882
0.075,1.2447889567569907,759.5509081205581,0.13752134488304313,0.05207441322280087,52.60521419034658,26.45402936541238,0.0007744387868056712
0.08,1.259461478367631,759.5242964189284,0.13761299790852669,0.05200581407016142,53.694154489596116,25.998935353442477,0.0008136210363996606
0.085,1.2739445719949665,759.4980694618561,0.1377088335095449,0.0519342416657062,54.8228607242624,25.592926449486743,0.0008520263166524936
0.09,1.2882409541266193,759.4722220559961,0.1378086773560507,0.051859826839892244,55.99271953055575,25.230481030702684,0.0008897293161387772
0.095,1.3023533032667265,759.446749076171,0.13791236331366563,0.051782693847267754,57.204952279602374,24.906688771717533,0.0009267963466510096
0.1,1.316284260455819,759.4216454646504,0.13801973293559466,0.051702960817983916,58.46055133996654,24.617183310049946,0.0009632862711561347
0.105,1.3300364297834015,759.3969062304005,0.13813063499001282,0.051620740169593726,59.760204489073615,24.358082318519738,0.000999251329489141
0.11,1.3436123788936865,759.3725264483052,0.13824492501885677,0.05153613898342156,61.1042070837167,24.1259341661162,0.0010347378730908847
0.115,1.357014639484196,759.3485012583583,0.1383624649245049,0.05144925934917062,62.492362386054616,23.917670447611414,0.001069787018733326
0.12,1.3702457077975996,759.3248258648306,0.1384831225811142,0.051360198681089216,63.92387161071275,23.730563733893607,0.00110443523018382
0.125,1.383308045106794,759.3014955354059,0.1386067714678745,0.051269050008577385,65.39721684151225,23.562189970126376,0.0011387148357226132
0.13,1.3962040781932212,759.2785056002951,0.1387332903219058,0.051175902243772865,66.91004197309415,23.410395011512268,0.001172654488561786
0.135,1.4089361998187746,759.2558514513232,0.13886256280899734,0.051080840428389854,68.45903919634418,23.2732648399703,0.0012062795764736633
0.14,1.4215067691910095,759.2335285409995,0.13899447721107644,0.05098394596173447,70.03985102371223,23.14909905967374,0.0012396125861827707
0.145,1.4339181124221672,759.2115323815707,0.13912892612983266,0.05088529681166223,71.64700014991146,23.036387308298615,0.001272673427536593
0.15,1.446172522981733,759.1898585440701,0.13926580620673168,0.050784967709931586,73.27386095634554,22.93378826561561,0.0013054797218527698
0.155,1.4582722621428483,759.1685026573695,0.13940501786025308,0.05068303033326994,74.91268664299622,22.840110972583922,0.0013380470584038187
0.16,1.4702195594225866,759.1474604072487,0.13954646504182505,0.05057955347126219,76.55470409384748,22.754298207286354,0.0013703892225423282
0.165,1.4820166130161558,759.1267275354974,0.13969005501233986,0.050474603182028684,78.19028422431934,22.67541169165765,0.0014025183985879267
0.17,1.4936655902251372,759.1062998390621,0.1398356981412609,0.05036824293655068,79.80918866184908,22.602618927484393,0.0014344453502582136
0.17500000000000002,1.5051686278798293,759.086173169256,0.13998330773011303,0.050260533752414426,81.40088472425919,22.535181482542466,0.0014661795811165158
0.18,1.5165278327558687,759.0663434310393,0.1401327998615122,0.05015153431770618,82.95491102818397,22.472444567146155,0.001497729477240979
0.185,1.5277452819849993,759.04680658238,0.1402840932739247,0.05004130110575107,84.46126745352207,22.41382775964502,0.0015291024340675077
0.19,1.5388230234603049,759.0275586336943,0.140437109261059,0.04992988848142669,85.91079750693872,22.35881675387303,0.001560304969158643
0.195,1.549763076235817,759.0085956473621,0.14059177159350383,0.04981734879976749,87.29552988016755,22.30695601648512,0.0015913428224447676
0.2,1.5605674309206619,758.989913737306,0.1407480064590056,0.04970373249760652,88.60894977566755,22.257842253863615,0.0016222210453215242
0.20500000000000002,1.5712380500677823,758.9715090686153,0.14090574241692114,0.04958908817899038,89.8461788208121,22.21111859956695,0.0016529440798316753
0.21,1.5817768685573284,758.9533778572008,0.14106491036196753,0.049473462695080815,91.00405350320412,22.166469443007145,0.001683515829025573
0.215,1.5921857939747766,758.9355163694551,0.14122544349248614,0.04935690121920542,92.0811038566449,22.123615828792587,0.0017139397194737135
0.22,1.6024667069838663,758.9179209219026,0.14138727727899086,0.04923944731764832,93.0774444657144,22.082311363933876,0.0017442187567978291
0.225,1.6126214616944115,758.9005878808251,0.14155034942965056,0.04912114301668378,93.9945971775599,22.042338577034148,0.0017743555749914622
0.23,1.622651886025061,758.8835136618512,0.14171459985041024,0.04900202886626481,94.83526852078991,22.0035056797263,0.0018043524802162517
0.23500000000000001,1.632559782061094,758.8666947295044,0.14187997059851779,0.04888214400069031,95.60310490434392,21.965643686084903,0.001834211489684722
0.24,1.6423469264072605,758.8501275967063,0.1420464058291771,0.04876152619649309,96.30244599364437,21.928603850656323,0.0018639343661725543
0.245,1.652015070535789,758.8338088242417,0.14221385173578874,0.04864021192773425,96.93809230342804,21.89225538999599,0.001893522648644585
0.25,1.6615659411299926,758.8177350201831,0.14238225648473715,0.04851823641885666,97.51509807223336,21.856483456317317,0.0019229776794271415
0.255,1.6710012404219026,758.8019028392905,0.14255157014613346,0.048395633695121745,98.03859571091165,21.821187336367863,0.0019523006282988326
0.26,1.6803226465274974,758.7863089823798,0.14272174462163542,0.04827243663088358,98.51365408652218,21.786278848893023,0.0019814925138637706
0.265,1.6895318137747697,758.7709501956825,0.14289273357106613,0.04814867699554387,98.94516984932913,21.751680921227255,0.0020105542224796015
0.27,1.6986303730292542,758.7558232701905,0.14306449233870797,0.04802438549747703,99.33778898549053,21.71732632307621,0.0020394865250383813
0.275,1.7076199320143155,758.7409250409979,0.1432369778805159,0.04789959182586688,99.69585459400818,21.68315654145806,0.002068290091823383
0.28,1.7165020756267029,758.7262523866438,0.14341014869303778,0.047774324690555654,100.02337642435069,21.649120780930478,0.002096965505659761
0.28500000000000003,1.725278366248777,758.711802228457,0.143583964744578,0.047648611860040144,100.32401776908678,21.615175074896655,0.002125513273553343
0.29,1.733950344055232,758.6975715299121,0.14375838740918784,0.04752248019760364,100.60109559402103,21.581281496374384,0.002153933836978958
0.295,1.7425195273167735,758.68355729599,0.1439333794036052,0.047395955695766774,100.85759037493209,21.547407456585518,0.0021822275809763197
0.3,1.7509874126987417,758.669756572553,0.14410890472741966,0.04726906350905767,101.09616262315357,21.513525082181125,0.0022103948421811404
0.305,1.7593554755561402,758.6561664457299,0.1442849286064173,0.047141827985242316,101.31917371220878,21.479610662071217,0.002238435915914302
0.31,1.767625170224571,758.6427840413139,0.14446141743910554,0.04701427269507454,101.52870911627136,21.445644156294755,0.002266351062433208
0.315,1.7757979303067872,758.6296065241726,0.14463833874634266,0.04688642046063447,101.72660263770057,21.411608760096023,0.0022941405124392157
0.32,1.7838751689560994,758.6166310976705,0.14481566112387884,0.04675829338237517,101.91446060331728,21.37749051692527,0.0023218044719262964
0.325,1.7918582791548683,758.6038550031052,0.14499335419775158,0.04662991286488637,102.09368528654254,21.343277975184094,0.0023493431264431062
0.33,1.7997486339902697,758.5912755191523,0.1451713885822584,0.04650129964152026,102.26549710037564,21.308961883599924,0.0023767566448369194
0.335,1.807547586925329,758.5788899613251,0.14534973584043967,0.04637247379787484,102.43095525089795,21.274534921175007,0.0024040451825362284
0.34,1.815256472067059,758.5666956814429,0.1455283684468139,0.04624345479425733,102.59097671681522,21.23999145768828,0.0024312088844257247
0.34500000000000003,1.8228766044300124,758.5546900671114,0.14570725975228319,0.04611426148712986,102.74635349240846,21.205327341504127,0.00245824788735906
0.35000000000000003,1.8304092801974645,758.5428705412118,0.1458863839509527,0.04598491214966061,102.89776812946289,21.170539711490697,0.002485162322351584
0.355,1.837855776977623,758.5312345614005,0.14606571604883653,0.04585542449134954,103.04580763111942,21.135626830540975,0.002511952316488853
0.36,1.845217354057254,758.5197796196185,0.14624523183420718,0.04572581567684958,103.19097581011896,21.100587938136844,0.0025386179945842474
0.365,1.8524952526521494,758.5085032416067,0.14642490784949355,0.04559610234400692,103.33370422149636,21.065423119889818,0.0025651594806141965
0.37,1.85969069615249,758.4974029864345,0.14660472136469024,0.045466300621106716,103.47436178704982,21.030133192229677,0.002591576898956944
0.375,1.8668048903669394,758.4864764460315,0.14678465035201696,0.045336426143471976,103.61326324898887,20.99471960040045,0.002617870375457607
0.38,1.873839023761996,758.47572124473,0.14696467346187447,0.04520649406935153,103.75067656116876,20.959184328409,0.0026440400383398836
0.385,1.8807942676985978,758.4651350388149,0.1471447699999296,0.04507651909518727,103.88682933933033,20.923529819513586,0.0026700860189823733
0.39,1.8876717766659619,758.4547155160769,0.14732491990525318,0.04494651547028937,104.0219144758276,20.887758906082478,0.0026960084525753407
0.395,1.8944726885102579,758.4444603953808,0.14750510372952672,0.04481649701088689,104.15609501308587,20.851874747809273,0.002721807478672846
0.4,1.9011981246628975,758.4343674262319,0.14768530261707738,0.044686477113705124,104.2895083730403,20.815880777258158,0.0027474832416515423
0.405,1.9078491903640025,758.4244343883527,0.1478654982858456,0.04455646876897897,104.42227001459597,20.779780651995747,0.0027730358910884635
0.41000000000000003,1.9144269748832434,758.4146590912667,0.14804567300915097,0.0444264845729839,104.5544765948886,20.743578212523364,0.002798465582067181
0.41500000000000004,1.920932551737803,758.405039373887,0.14822580959821646,0.04429653674009983,104.68620869737381,20.707277445359523,0.002823772475421167
0.42,1.9273669789051462,758.3955731041148,0.14840589138548269,0.0441666371143754,104.81753318146275,20.670882450698105,0.0028489567379230934
0.425,1.9337312990388007,758.3862581784331,0.1485859022084011,0.044036797180803916,104.94850520936122,20.634397414079885,0.002874018542423705
0.43,1.9400265396745249,758.3770925215192,0.1487658263940866,0.04390702807603295,105.07916998385969,20.59782658168879,0.0028989580679513742
0.435,1.946253713434986,758.3680740858591,0.14894564874451993,0.04377734059872085,105.20956424267696,20.56117423879753,0.002923775499774688
0.44,1.952413818239549,758.3592008513533,0.1491253545220743,0.04364774521969496,105.33971754379647,20.52444469102066,0.0029484710294298264
0.445,1.9585078374965146,758.3504708249562,0.1493049294360387,0.04351825209142749,105.46965336096396,20.48764224806328,0.0029730448547267635
0.45,1.964536740304932,758.3418820402964,0.14948435962926704,0.043388871057445495,105.59939002702251,20.45077120965212,0.0029974971797264187
0.455,1.9705014816517146,758.3334325573069,0.14966363166538013,0.043259611661366486,105.72894153950378,20.413835853421894,0.0030218282146981263
0.46,1.9764030026011077,758.3251204618696,0.14984273251657534,0.04313048315551803,105.85831824781492,20.376840424504557,0.0030460381760617694
0.465,1.982242230483971,758.3169438654598,0.15002164955179806,0.04300149450931364,105.987527440848,20.339789126629345,0.00307012728631386
0.47000000000000003,1.9880200790870008,758.3089009047917,0.15020037052525897,0.04287265441739385,106.11657384852283,20.30268611456736,0.0030940957739397828
0.47500000000000003,1.99373744883728,758.3009897414719,0.1503788835654122,0.042743971307449086,106.24546006856244,20.26553548774707,0.0031179438733162793
0.48,1.999395226985685,758.2932085616557,0.1505571771642761,0.04261545334780657,106.37418692984558,20.228341284910723,0.0031416718246043865
0.485,2.0049942877814244,758.2855555757193,0.15073524016728762,0.04248710845464367,106.50275380072769,20.191107479645375,0.0031652798736377524
0.49,2.0105354926499284,758.2780290179272,0.15091306176334,0.04235894429907653,106.63115885148024,20.15383797673987,0.0031887682718023335
0.495,2.0160196903825858,758.2706271460756,0.15109063147479115,0.04223096831427461,106.75939927750349,20.116536609332073,0.0032121372759052404
0.5,2.021447717276699,758.2633482412307,0.15126793914901576,0.042103187701478036,106.88747148548991,20.07920713638817,0.0032353871480598883
0.505,2.0268203973520853,758.2561906073224,0.15144497494822826,0.04197560943725208,107.01537125495634,20.041853241197753,0.003258518155534949
0.51,2.032138542461714,758.249152570937,0.15162172934223767,0.04184824027865254,107.14309387000633,20.00447852969249,0.003281530570644484
0.515,2.0374029525203987,758.2422324808891,0.1517981930984519,0.041721086770356054,107.27063423459187,19.96708652994281,0.0033044246705869885
0.52,2.0426144156037704,758.2354287080352,0.1519743572753226,0.04159415524933737,107.3979869657644,19.929680691177573,0.003327200737335642
0.525,2.0477737081704723,758.2287396448586,0.15215021321296396,0.04146745185156477,107.52514647462905,19.892264383947012,0.0033498590574777705
0.53,2.05288159516604,758.2221637052737,0.1523257525268392,0.04134098251650754,107.65210703212132,19.85484089976756,0.0033723999221006045
0.535,2.0579388302259045,758.2156993242465,0.152500967099255,0.04121475299320886,107.77886282503262,19.817413451689987,0.0033948236266379632
0.54,2.0629461557936666,758.2093449575727,0.15267584907304402,0.041088768844798035,107.90540800191077,19.779985174493927,0.0034171304707496814
0.545,2.0679043033012534,758.2030990815404,0.15285039084396826,0.04096303545391592,108.03173671128897,19.742559125497397,0.0034393207581779792
0.55,2.0728139932899454,758.1969601927032,0.15302458505464644,0.040837558027053675,108.15784313317755,19.705138285108937,0.0034613947966263075
0.555,2.077675935600364,758.1909268075249,0.1531984245870851,0.04071234159988783,108.28372150455381,19.667725558002907,0.0034833528976143118
0.56,2.082490829478995,758.1849974621799,0.1533719025572285,0.04058739104117523,108.409366140472,19.630323773820155,0.0035051953763636534
0.5650000000000001,2.087259363728114,758.1791707122725,0.15354501230867046,0.04046271105724616,108.53477145095178,19.59293568827504,0.0035269225516691783
0.5700000000000001,2.0919822168729234,758.1734451325236,0.15371774740615338,0.040338306196649215,108.65993195411357,19.555563984467653,0.0035485347457662607
0.5750000000000001,2.096660057295827,758.1678193165205,0.15389010162992509,0.04021418085418421,108.78484228671294,19.518211274031923,0.0035700322842111237
0.58,2.1012935433394135,758.1622918765231,0.15406206897085362,0.040090339274394385,108.9094972127598,19.480880098125184,0.003591415495771911
0.585,2.1058833234810423,758.1568614431378,0.15423364362417155,0.039966785556036125,109.0338916291451,19.443572928967622,0.0036126847122988025
0.59,2.110430036462607,758.1515266650746,0.15440481998428854,0.03984352365578659,109.1580205701072,19.406292171104838,0.003633840268610451
0.595,2.1149343114199928,758.1462862089053,0.1545755926397213,0.03972055739186732,109.28187921029291,19.369040162699115,0.0036548825023822585
0.6,2.1193967679893873,758.1411387588641,0.1547459563685797,0.03959789044727105,109.40546286700605,19.331819176689617,0.00367581175404256
0.605,2.1238180164744125,758.1360830165355,0.1549159061329573,0.039475526373769956,109.52876700052813,19.29463142238561,0.003696628366653498
0.61,2.1281986579681513,758.1311177006264,0.15508543707433475,0.039353468595200884,109.65178721429365,19.25747904676044,0.003717332685807193
0.615,2.132539284448081,758.126241546788,0.15525454450958323,0.03923172041032281,109.77451925483285,19.220364135576613,0.003737925059530328
0.62,2.1368404789236757,758.121453307341,0.15542322392604876,0.0391102849963294,109.89695901032891,19.18328871486928,0.003758405838176536
0.625,2.1411028155661347,758.1167517510319,0.15559147097708534,0.03898916541204139,110.01910250899726,19.14625475230735,0.0037787753743259117
0.63,2.1453268598240447,758.1121356628184,0.1557592814779438,0.03886836460084475,110.14094591732326,19.10926415845857,0.0037990340226901178
0.635,2.149513168515501,758.1076038436966,0.15592665140216103,0.038747885393272334,110.26248553837159,19.072318787902933,0.0038191821400242226
0.64,2.15366228998095,758.1031551104155,0.15609357687692563,0.038627730510314824,110.38371780889909,19.035420440730753,0.0038392200850264004
0.645,2.157774764195126,758.0987882952691,0.15626005417928204,0.038507902566133546,110.50463929693247,18.99857086376456,0.0038591482182494695
0.65,2.1618511228618837,758.0945022459181,0.15642607973270334,0.038388404070510536,110.62524669946335,18.961771751666564,0.0038789669020175203
0.655,2.1658918895308426,758.0902958251734,0.15659165010334408,0.03826923743152614,110.74553683968693,18.925024748175332,0.0038986765003393483
0.66,2.1698975797275066,758.0861679107529,0.1567567619961415,0.038150404958344805,110.86550666395941,18.88833144741033,0.003918277378821402
0.665,2.173868701058325,758.0821173950861,0.15692141225142792,0.03803190886363594,110.9851532390901,18.85169339500574,0.003937769904587833
0.67,2.1778057532914072,758.0781431851634,0.1570855978420059,0.037913751265664944,111.10447374994878,18.815112089088487,0.003957154446206106
0.675,2.1817092284933706,758.0742442022809,0.15724931586934404,0.03779593419101075,111.22346549621125,18.778588981580597,0.0039764313736041865
0.68,2.185579611130459,758.0704193818525,0.15741256356044347,0.03767845957680502,111.3421258896391,18.742125479268932,0.003995601057996189
0.685,2.1894173781700155,758.066667673221,0.1575753382647567,0.037561329272933854,111.46045245135664,18.705722944862625,0.004014663871809567
0.6900000000000001,2.1932229991639085,758.0629880395024,0.15773763745144695,0.03744454504399685,111.57844280938808,18.669382697934324,0.004033620188616238
0.6950000000000001,2.1969969363791924,758.0593794573435,0.157899458705948,0.0373281085717642,111.69609469554162,18.633106016118205,0.004052470383058373
0.7000000000000001,2.200739644893575,758.0558409167437,0.15806079972715273,0.03721202145718542,111.81340594283122,18.596894136085968,0.004071214830781457
0.705,2.204451572669649,758.0523714209171,0.15822165832497448,0.037096285222132944,111.93037448320956,18.560748254392372,0.004089853908371139
0.71,2.208133160670923,758.0489699860774,0.1583820324173062,0.036980901311573784,112.04699834475183,18.524669528541313,0.004108387993286077
0.715,2.2117848429629374,758.0456356412493,0.1585419200272698,0.0368658710955347,112.16327564909011,18.488659077950196,0.004126817463794585
0.72,2.2154070468038816,758.042367428101,0.15870131928067557,0.03675119587091736,112.27920460902955,18.452717984840643,0.004145142698914069
0.725,2.21900019271697,758.0391644008093,0.15886022840378958,0.036636876863094164,112.39478352643071,18.41684729502009,0.004163364078353253
0.73,2.222564694610061,758.0360256258382,0.1590186457204465,0.03652291522796985,112.51001078951361,18.381048018902174,0.004181481982451229
0.735,2.2261009598633437,758.0329501817753,0.15917656964968754,0.03640931205366895,112.62488487062862,18.345321132338494,0.004199496792121412
0.74,2.2296093894032283,758.0299371591959,0.1593339987036329,0.036296068362056316,112.73940432423517,18.309667577366593,0.004217408888797644
0.745,2.233090377794482,758.0269856604923,0.1594909314851274,0.03618318511041876,112.8535677846827,18.274088263041534,0.004235218654379911
0.75,2.236544313344309,758.0240947996798,0.15964736668526458,0.03607066319323307,112.96737396389146,18.238584066312654,0.00425292647118096
0.755,2.2399715781685745,758.0212637022756,0.15980330308148158,0.035958503443527544,113.08082164953954,18.20315583269357,0.0042705327218766015
0.76,2.2433725482895155,758.0184915051171,0.1599587395352501,0.03584670663453082,113.19390970290054,18.167804377079992,0.004288037789455313
0.765,2.246747593714837,758.0157773562158,0.16011367499006324,0.03573527348111008,113.30663705694685,18.132530484460524,0.004305442057170173
0.77,2.2500970785178547,758.0131204146098,0.16026810846944017,0.03562420464119619,113.41900271447436,18.097334910621424,0.004322745908491809
0.775,2.2534213609216733,758.0105198502073,0.16042203907491112,0.035513500717222854,113.53100574621672,18.062218382859026,0.0043399497270624225
0.78,2.256720793379648,758.0079748436386,0.16057546598408612,0.035403162257505914,113.64264528903925,18.02718160066209,0.004357053896651134
0.785,2.2599957226547693,758.0054845861099,0.16072838844877013,0.03529318975758949,113.75392054417976,17.99222523637758,0.004374058801110499
0.79,2.2632464898979903,758.0030482792579,0.1608808057931236,0.035183583661559666,113.86483077553541,17.957349935860208,0.004390964824334185
0.795,2.2664734307254997,758.0006651350083,0.16103271741186675,0.03507434436332688,113.97537530799411,17.92255631910628,0.004407772350215742
0.8,2.269676875294969,757.9983343754349,0.16118412276852676,0.034965472207877636,114.08555352580956,17.887844980872146,0.004424481762608488
0.805,2.2728571483807745,757.9960552326212,0.16133502139372663,0.03485696749249646,114.19536487101847,17.85321649127765,0.004441093445286439
0.81,2.276014569448219,757.9938269485239,0.1614854128835144,0.034748830467959,114.30480884189909,17.818671396395054,0.004457607781906283
0.8150000000000001,2.27914945272676,757.9916487748378,0.16163529689773187,0.03464106133969677,114.4138849914697,17.784210218823727,0.004474025155970374
0.8200000000000001,2.282262107282263,757.9895199728638,0.16178467315842157,0.03453366026893468,114.52259292602609,17.749833458250976,0.004490345950790698
0.8250000000000001,2.2853528370882894,757.9874398133773,0.1619335414482713,0.03442662737380169,114.63093230371686,17.71554159199945,0.004506570549453815
0.8300000000000001,2.2884219410964346,757.9854075764991,0.16208190160909475,0.0343199627304156,114.73890283315549,17.681335075561368,0.004522699334786734
0.835,2.2914697133026607,757.9834225515744,0.16222975354038238,0.03421366637391778,114.84650427209772,17.647214343107137,0.004538732689323474
0.84,2.294496442825262,757.9814840370291,0.16237709719774387,0.034107738299584814,114.95373642603231,17.61317980803441,0.004554670995273455
0.845,2.297502413962106,757.9795913402651,0.16252393259161063,0.03400217846375529,115.06059914699789,17.579231863421246,0.004570514634489324
0.85,2.3004879062608157,757.9777437775325,0.16267025978581157,0.033896986784846254,115.16709233229727,17.545370882526345,0.0045862639884365975
0.855,2.3034531945849808,757.9759406738076,0.1628160788962171,0.03379216314432141,115.27321592327438,17.511597219264512,0.004601919438163932
0.86,2.306398549179064,757.9741813626748,0.16296139008941873,0.03368770738763354,115.37896990412631,17.47791120866906,0.004617481364274188
0.865,2.309324235732439,757.9724651862094,0.16310619358143916,0.03358361932514531,115.48435430074565,17.444313167343353,0.00463295014689629
0.87,2.312230515442581,757.9707914948623,0.16325048963647176,0.033479898733029034,115.5893691795919,17.410803393901723,0.004648326165657846
0.875,2.3151176450774176,757.9691596473459,0.1633942785656489,0.03337654535414589,115.69401464659147,17.377382169400082,0.004663609799658542
0.88,2.3179858770368527,757.9675690105228,0.16353756072583797,0.03327355889890511,115.79829084606529,17.34404975775643,0.004678801427444248
0.885,2.3208354594134746,757.9660189592946,0.16368033651846506,0.03317093904610373,115.90219795968325,17.31080640616161,0.004693901426981873
0.89,2.323666636052459,757.9645088764928,0.16382260638836485,0.03306868544374721,116.00573620544492,17.27765234548049,0.0047089101756349
0.895,2.326479646610678,757.9630381527717,0.16396437082265689,0.03296679770985163,116.1089058366855,17.244587790643884,0.004723828050139616
0.9,2.329274726615029,757.9616061865025,0.1641056303496467,0.032865275433227696,116.21170714110659,17.211612941031362,0.004738655426582012
0.905,2.332052107519988,757.9602123836681,0.164246385537752,0.032764118174247195,116.31414043983101,17.178727980845302,0.004753392680375338
0.91,2.334812016763601,757.9588561577624,0.16438663699446032,0.032663325465586784,116.41620608648716,17.14593307947341,0.0047680401862381355
0.915,2.3375546778242358,757.9575369296866,0.16452638536529537,0.03256289681296547,116.51790446630413,17.113228391848438,0.004782598318173175
0.92,2.3402803102788665,757.9562541276446,0.16466563133278622,0.03246283169588012,116.61923599521182,17.080614058807594,0.004797067449447487
0.925,2.342989129851994,757.9550071870533,0.16480437561553893,0.03236312956826802,116.72020111902945,17.0480902074133,0.004811447952571277
0.93,2.3456813484723043,757.9537955504416,0.1649426189672505,0.032263789859210294,116.8208003126087,17.0156569512965,0.0048257401992790475
0.935,2.348357174325809,757.9526186673529,0.1650803621757708,0.03216481197360121,116.92103407901956,16.983314390982347,0.004839944560510767
0.9400000000000001,2.351016811908284,757.951475994252,0.16521760606218533,0.032066195292802524,117.0209029487561,16.951062614208418,0.004854061406393595
0.9450000000000001,2.3536604620770216,757.95036699443,0.16535435147991812,0.03196793917528351,117.12040747896123,16.91890169623582,0.004868091106224145
0.9500000000000001,2.356288322101895,757.9492911379144,0.16549059931385451,0.03187004295724664,117.21954825267053,16.886831700153277,0.004882034028451283
0.9550000000000001,2.3589005857163965,757.9482479013753,0.165626350479478,0.03177250595324337,117.31832587806976,16.854852677176513,0.004895890540659598
0.96,2.361497443161151,757.9472367680489,0.16576160592208264,0.03167532745673616,117.41674098781714,16.82296466691847,0.004909661009551586
0.965,2.3640790812479553,757.9462572276204,0.1658963666158275,0.03157850674077222,117.51479423823767,16.79116769772262,0.004923345800935862
0.97,2.3666456833967553,757.9453087761595,0.1660306335630315,0.031482043058486946,117.61248630871746,16.75946178690256,0.004936945279709081
0.975,2.3691974296863156,757.9443909160285,0.16616440779336458,0.031385935643680724,117.70981790101442,16.72784694102305,0.004950459809841966
0.98,2.3717344968904492,757.9435031558186,0.1662976903631652,0.031290183711306194,117.80678973867423,16.696323156131687,0.004963889754361681
0.985,2.374257058542075,757.9426450102342,0.16643048235454883,0.031194786458103082,117.90340256627799,16.664890418073917,0.004977235475343113
0.99,2.37676528497115,757.941816000025,0.16656278487473852,0.031099743063076044,117.99965714887264,16.63354870272141,0.004990497333893216
0.995,2.3792593433496747,757.9410156519068,0.16669459905534778,0.031005052688006074,118.09555427136428,16.60229797621975,0.005003675690137873
1.0,2.381739397738394,757.9402434984769,0.16682592605166247,0.0309107144779623,118.19109473791247,16.571138195237268,0.00501677090320999
1.0050000000000001,2.3842056091308828,757.9394990781358,0.16695676704195422,0.03081672756179164,118.28627937135168,16.54006930720227,0.0050297833312373825
1.01,2.3866581354970684,757.9387819350102,0.16708712322680844,0.03072309105259787,118.38110901262623,16.509091250535118,0.005042713331331061
1.0150000000000001,2.3890971318261736,757.9380916188766,0.16721699582846689,0.03062980404821029,118.47558452023866,16.4782039548752,0.005055561259573916
1.02,2.391522750166884,757.9374276850897,0.16734638609019978,0.030536865631631528,118.56970676972315,16.447407341296767,0.005068327471008923
1.025,2.393935139662482,757.9367896945213,0.16747529527572003,0.03044427487145547,118.66347665315465,16.416701322507894,0.005081012319625866
1.03,2.3963344466111653,757.9361772134513,0.16760372466843645,0.030352030822398502,118.75689507852906,16.3860858031169,0.005093616158358276
1.035,2.398720814491395,757.9355898135242,0.16773167557095728,0.03026013252565427,118.84996296934719,16.35556067979672,0.0051061393390677695
1.04,2.4010943840078878,757.9350270716674,0.16785914930446053,0.03016857900934215,118.94268126409219,16.32512584150483,0.005118582212536679
1.045,2.4034552931313082,757.9344885700214,0.1679861472081174,0.030077369288918146,119.03505091575114,16.2947811696822,0.0051309451284588916
1.05,2.4058036771374485,757.9339738958698,0.1681126706385282,0.02998650236757694,119.12707289134777,16.264526538448035,0.005143228435431032
1.055,2.408139668645897,757.9334826415723,0.16823872096917017,0.02989597723664529,119.21874817148597,16.23436181479029,0.005155432480943959
1.06,2.410463397658213,757.9330144044966,0.1683642995898574,0.029805792875966977,119.31007774990401,16.204286858752123,0.005167557611374591
1.065,2.412774991588791,757.9325687869659,0.16848940790625186,0.029715948254251664,119.40106263307081,16.174301523597144,0.005179604171974889
1.07,2.4150745753106415,757.9321453961769,0.16861404733929267,0.029626442329480862,119.49170383971753,16.14440565601058,0.005191572506867985
1.075,2.4173622711919247,757.9317438441358,0.16873821932469238,0.029537274049266975,119.58200240042399,16.114599096273285,0.005203462959040931
1.08,2.419638199128558,757.9313637476017,0.1688619253124621,0.029448442351191782,119.6719593572291,16.084881678423734,0.005215275870335978
1.085,2.4219024765824004,757.9310047280198,0.16898516676641243,0.02935994616316174,119.76157576322278,16.055253230431596,0.005227011581444985
1.09,2.4241552186165447,757.9306664114596,0.16910794516367958,0.029271784403745643,119.85085268215882,16.025713574361486,0.005238670431902997
1.095,2.4263965379301577,757.930348428554,0.16923026199426125,0.029183955982505106,119.93979118807637,15.99626252653323,0.005250252760082103
1.1,2.428626544892875,757.9300504144394,0.16935211876056286,0.029096459800317855,120.02839236493048,15.96689989767877,0.005261758903185555
1.105,2.430845347577997,757.9297720086983,0.1694735169769567,0.02900929474969163,120.11665730623376,15.937625493094027,0.005273189197241739
1.11,2.4330530517878772,757.9295128553168,0.16959445816938568,0.02892245971504701,120.20458711473427,15.908439112771084,0.005284543977094289
1.115,2.435249761105282,757.929272602592,0.16971494387484723,0.02883595357308371,120.29218290199815,15.879340551587289,0.005295823576406739
1.12,2.437435576911872,757.9290509031025,0.16983497564104696,0.028749775193028015,120.3794457881291,15.850329599416794,0.005307028327650043
1.125,2.4396105984255714,757.9288474136428,0.16995455502596557,0.02866392343694091,120.46637690141857,15.821406041283469,0.005318158562100622
1.1300000000000001,2.4417749227323826,757.9286617951684,0.17007368359746045,0.02857839716000174,120.55297737802442,15.792569657498836,0.005329214609835971
1.135,2.4439286448177913,757.9284937127422,0.1701923629328755,0.02849319521078577,120.63924836165698,15.76382022379715,0.005340196799730458
1.1400000000000001,2.446071857597775,757.9283428354802,0.17031059461865997,0.028408316431535775,120.72519100327226,15.7351575114676,0.005351105459451374
1.145,2.4482046519494065,757.928208836499,0.17042838024999482,0.028323759658427816,120.81080646077221,15.706581287483779,0.005361940915455168
1.1500000000000001,2.450327116736986,757.9280913928728,0.17054572143044316,0.02823952372182033,120.89609589872441,15.678091314622225,0.005372703492981325
1.155,2.452439338844931,757.927990185575,0.17066261977157873,0.028155607446518446,120.98106048806451,15.649687351593224,0.005383393516050749
1.16,2.4545414032113144,757.927904899421,0.17077907689262087,0.028072009652033315,121.06570140580469,15.621369153170292,0.005394011307465283
1.165,2.4566333928523303,757.9278352230267,0.17089509442010992,0.027988729152813495,121.15001983477464,15.593136470299951,0.0054045571888018075
1.17,2.4587153888829465,757.9277808487759,0.17101067398759864,0.027905764758465065,121.23401696337497,15.564989050203073,0.005415031480404035
1.175,2.460787470589712,757.9277414726831,0.17112581723517292,0.0278231152740892,121.31769398519681,15.536926636572996,0.005425434501409865
1.18,2.4628497153803295,757.9277167945027,0.17124052580939977,0.027740779500325285,121.40105209898054,15.508948969538938,0.0054357665696961955
1.185,2.4649021988653943,757.9277065175739,0.17135480136282397,0.02765875623370479,121.4840925082145,15.481055785878318,0.005446028001912895
1.19,2.4669449948872426,757.9277103487714,0.17146864555366,0.027577044266870115,121.56681642089234,15.453246819125848,0.005456219113482155
1.195,2.4689781755480458,757.9277279984568,0.17158206004549906,0.027495642388782913,121.6492250492808,15.425521799677664,0.005466340218598476
1.2,2.4710018111843026,757.9277591805387,0.17169504650716036,0.027414549384834102,121.73131960980305,15.39788045480398,0.0054763916301887195
1.205,2.4730159704464425,757.9278036123218,0.17180760661224537,0.027333764037156483,121.81310132268483,15.37032250884382,0.005486373659948932
1.21,2.475020720327273,757.9278610144568,0.1719197420388574,0.027253285124823813,121.89457141173438,15.34284768330591,0.005496286618345524
1.215,2.4770161261681882,757.9279311109372,0.17203145446938417,0.027173111424006968,121.97573110417193,15.31545569693065,0.005506130814600144
1.22,2.479002251658902,757.9280136291084,0.1721427455902809,0.02709324170813055,122.05658163045894,15.288146265745041,0.005515906556668045
1.225,2.4809791589059813,757.9281082995378,0.17225361709170103,0.027013674748131402,122.13712422400694,15.260919103226106,0.005525614151270751
1.23,2.4829469084617237,757.9282148559646,0.17236407066724024,0.02693440931264021,122.21736012097699,15.233773920395402,0.005535253903899668
1.235,2.4849055593066325,757.9283330353439,0.1724741080137726,0.026855444168101594,122.29729056015351,15.206710425842605,0.005544826118781861
1.24,2.486855168889237,757.9284625777757,0.17258373083116416,0.026776778078976413,122.37691678271786,15.179728325838164,0.005554331098891637
1.245,2.4887957931662603,757.9286032264308,0.17269294082200176,0.02669840980793276,122.45624003203689,15.152827324442603,0.005563769145963812
1.25,2.490727486634882,757.9287547274937,0.1728017396913533,0.026620338116015444,122.53526155347541,15.12600712359973,0.005573140560502043
1.2550000000000001,2.4926503023042628,757.9289168302305,0.17291012914661366,0.026542561762760354,122.61398259427908,15.099267423146014,0.005582445641734031
1.26,2.4945642917589805,757.9290892868676,0.17301811089721406,0.026465079506397083,122.6924044033444,15.072607920947851,0.005591684687646276
1.2650000000000001,2.4964695051824632,757.9292718525526,0.17312568665440375,0.026387890104003806,122.77052823105025,15.046028312980074,0.005600857994985295
1.27,2.498365991382155,757.9294642853108,0.17323285813104064,0.02631099231165553,122.84835532909524,15.019528293403724,0.005609965859261495
1.2750000000000001,2.500253797768702,757.9296663460989,0.17333962704141762,0.02623438488455195,122.92588695036515,14.993107554587587,0.005619008574709738
1.28,2.502132970419761,757.9298777986813,0.17344599510101288,0.026158066577190317,123.00312434873616,14.96676578723522,0.005627986434328335
1.285,2.504003554103341,757.9300984095905,0.17355196402629353,0.0260820361435046,123.08006877892377,14.940502680457424,0.00563689972988208
1.29,2.505865592285844,757.9303279481201,0.17365753553453403,0.02600629233699572,123.15672149634341,14.914317921825088,0.0056457487518911656
1.295,2.507719127129782,757.9305661863395,0.1737627113436255,0.025930833910869415,123.233083756964,14.888211197413334,0.005654533789608555
1.3,2.5095641995501485,757.9308128989858,0.17386749317187225,0.02585565961817683,123.30915681714855,14.862182191909232,0.005663255131055809
1.305,2.5114008492376962,757.9310678634222,0.17397188273781633,0.025780768211938435,123.3849419335194,14.836230588678532,0.005671913063027984
1.31,2.5132291146487584,757.9313308596714,0.17407588176006128,0.025706158445272603,123.46044036282512,14.810356069797976,0.005680507871064104
1.315,2.515049033032691,757.9316016703675,0.17417949195708882,0.025631829071524764,123.53565336179769,14.784558316127757,0.005689039839455375
1.32,2.5168606404679,757.931880080688,0.17428271504709092,0.025557778844384652,123.61058218702311,14.758837007389266,0.005697509251263649
1.325,2.518663971887495,757.9321658783086,0.17438555274781437,0.02548400651799558,123.68522809482202,14.733191822228964,0.005705916388330604
1.33,2.520459061058052,757.9324588534615,0.17448800677637163,0.025410510847093566,123.75959234110809,14.707622438241922,0.005714261531235149
1.335,2.522245940629785,757.9327587988356,0.17459007884909625,0.02533729058710602,123.83367618127347,14.682128532057954,0.005722544959328761
1.34,2.5240246421555734,757.9330655095464,0.1746917706813892,0.02526434449426049,123.9074808700727,14.656709779397985,0.005730766950737805
1.345,2.525795196113199,757.9333787830969,0.1747930839875788,0.025191671325683413,123.98100766151529,14.63136585513035,0.005738927782370589
1.35,2.5275576318890245,757.9336984194265,0.17489402048072547,0.025119269839543126,124.0542578087194,14.60609643330036,0.005747027729878763
1.355,2.529311977828702,757.9340242208084,0.17499458187251354,0.02504713879512203,124.1272325638261,14.580901187207909,0.005755067067696952
1.36,2.5310582612563577,757.934355991819,0.17509476987311665,0.02497527695291185,124.19993317789759,14.555779789459145,0.005763046069047008
1.365,2.5327965084835444,757.9346935393274,0.17519458619105144,0.024903683074718196,124.27236090080697,14.530731912010115,0.00577096500593052
1.37,2.534526744806358,757.9350366725166,0.17529403253299747,0.02483235592379115,124.34451698110233,14.505757226206113,0.005778824149105324
1.375,2.536248994547318,757.9353852027978,0.17539311060370813,0.024761294264884784,124.41640266593731,14.480855402845442,0.005786623768117905
1.3800000000000001,2.537963281097705,757.9357389437258,0.17549182210595127,0.02469049686429528,124.4880192010232,14.456026112236593,0.005794364131339619
1.385,2.539669626854865,757.9360977111562,0.17559016874019315,0.024619962490096483,124.5593678303999,14.43126902420821,0.005802045505866401
1.3900000000000001,2.541368053307158,757.9364613230612,0.17568815220463285,0.02454968991210538,124.63044979644981,14.406583808187227,0.005809668157609079
1.395,2.543058581062161,757.9368295994741,0.1757857741951365,0.024479677901926407,124.70126633985434,14.381970133243529,0.0058172323513141395
1.4000000000000001,2.5447412297613754,757.9372023627046,0.17588303640481812,0.024409925233264185,124.77181869928026,14.357427668099735,0.0058247383504284695
1.405,2.546416018238104,757.9375794369773,0.17597994052435145,0.02434043068168004,124.84210811160534,14.33295608121973,0.005832186417295547
1.41,2.54808296441259,757.9379606486935,0.17607648824148767,0.024271193024952717,124.91213581156734,14.308555040813722,0.005839576812992644
1.415,2.5497420853587474,757.9383458262861,0.17617268124109897,0.024202211043039264,124.98190303178667,14.284224214895264,0.005846909797403373
1.42,2.551393397361448,757.9387348000923,0.17626852120524336,0.024133483518021578,125.05141100281837,14.259963271324859,0.005854185629282945
1.425,2.5530369158150776,757.9391274026149,0.17636400981261302,0.02406500923451688,125.12066095274298,14.235771877833525,0.005861404566090486
1.43,2.554672655370911,757.9395234681754,0.17645914873895,0.023996786979360443,125.18965410746802,14.211649702076318,0.005868566864186646
1.435,2.556300629861208,757.9399228331133,0.17655393965658836,0.023928815541945144,125.25839169039624,14.187596411660637,0.005875672778702542
1.44,2.5579208523325296,757.9403253357186,0.17664838423442172,0.023861093714241326,125.32687492239293,14.163611674186553,0.005882722563569206
1.445,2.559533335120005,757.9407308160593,0.17674248413809868,0.023793620290647015,125.39510502193393,14.139695157277254,0.005889716471615267
1.45,2.5611380897484235,757.9411391162436,0.17683624102938805,0.0237263940684581,125.46308320463702,14.11584652862372,0.005896654754391435
1.455,2.5627351270554546,757.9415500801242,0.17692965656662193,0.02365941384753407,125.53081068358306,14.092065456007315,0.005903537662346925
1.46,2.5643244571493344,757.9419635534175,0.1770227324043363,0.023592678430562727,125.59828866905738,14.068351607339087,0.005910365444743521
1.465,2.565906089411084,757.9423793837151,0.17711547019310875,0.023526186623177268,125.66551836842277,14.044704650697977,0.005917138349637918
1.47,2.5674800325789775,757.9427974202774,0.1772078715798867,0.02345993723370937,125.73250098636451,14.021124254341018,0.005923856624005478
1.475,2.569046294661388,757.9432175142766,0.1772999382073195,0.023393929073682235,125.79923772439895,13.9976100867669,0.005930520513571911
1.48,2.5706048830285377,757.9436395185712,0.17739167171414313,0.023328160957521906,125.86572978115139,13.974161816719985,0.005937130262951094
1.485,2.5721558044109782,757.9440632877224,0.17748307373503555,0.023262631702662066,125.93197835225564,13.950779113221426,0.005943686115625611
1.49,2.573699064859645,757.944488678119,0.17757414590017875,0.023197340129865438,125.99798463002618,13.927461645627202,0.005950188313853089
1.495,2.5752346698506647,757.9449155477078,0.17766488983581993,0.023132285062806054,126.06374980387262,13.904209083605869,0.005956637098838565
1.5,2.5767626242067436,757.9453437562233,0.17775530716356516,0.023067465328589012,126.12927505978239,13.881021097218694,0.0059630327105694705
1.5050000000000001,2.5782829321602545,757.9457731650323,0.17784539950066416,0.023002879757537516,126.1945615805244,13.857897356917558,0.005969375387912591
1.51,2.5797955973802797,757.9462036370705,0.17793516846007973,0.022938527183139518,126.2596105457061,13.834837533556025,0.005975665368649026
1.5150000000000001,2.581300622912212,757.9466350370317,0.1780246156498389,0.022874406442524055,126.3244231312924,13.811841298473912,0.005981902889333804
1.52,2.5827980112828586,757.947067231084,0.17811374267372737,0.02281051637594704,126.3890005101165,13.788908323445463,0.005988088185485059
1.5250000000000001,2.584287764439326,757.9475000870619,0.17820255113062822,0.022746855827276556,126.4533438513974,13.766038280766168,0.0059942214914413235
1.53,2.5857698837863343,757.9479334743756,0.17829104261466716,0.02268342364388362,126.51745432084084,13.743230843256182,0.006000303040415671
1.5350000000000001,2.587244370230453,757.948367263897,0.17837921871547036,0.02262021867645084,126.58133308083434,13.720485684246233,0.006006333064570861
1.54,2.5887112241150203,757.9488013281697,0.17846708101738668,0.022557239779542323,126.64498128987341,13.697802477685624,0.006012311794857778
1.545,2.5901704453132304,757.949235541149,0.17855463110021455,0.022494485811067468,126.70840010309453,13.675180898071519,0.006018239461196961
1.55,2.5916220331875612,757.9496697783404,0.1786418705386521,0.022431955632683374,126.771590671876,13.65262062053063,0.006024116292369507
1.555,2.593065986606968,757.9501039167665,0.17872880090229298,0.022369648109796098,126.83455414382907,13.630121320835926,0.006029942516032567
1.56,2.594502303998055,757.9505378348238,0.17881542375602036,0.022307562111269708,126.89729166309249,13.607682675369022,0.006035718358818437
1.565,2.595930983286209,757.9509714124874,0.17890174065919226,0.0222456965100225,126.95980436973343,13.585304361241802,0.006041444046173752
1.57,2.5973520219690958,757.951404531097,0.17898775316629462,0.022184050182546364,127.02209340022465,13.562986056223112,0.006047119802512784
1.575,2.598765417101609,757.9518370734202,0.17907346282661984,0.022122622009141002,127.08415988721414,13.540727438794386,0.006052745851161662
1.58,2.6001711652878234,757.9522689237016,0.17915887118398313,0.02206141087412019,127.14600495931195,13.51852818820311,0.006058322414313718
1.585,2.601569262742583,757.9526999674763,0.17924397977733092,0.022000415665364738,127.20762974154043,13.496387984388303,0.006063849713165914
1.59,2.6029597052395443,757.9531300917632,0.17932879013990513,0.021939635274933034,127.26903535472196,13.474306508112681,0.00606932796776149
1.595,2.6043424881641957,757.9535591849068,0.17941330379975715,0.021879068598683358,127.33022291585277,13.452283440900276,0.006074757397105867
1.6,2.605717606521806,757.9539871365662,0.1794975222797099,0.02181871453630044,127.39119353808088,13.430318465051833,0.006080138219169001
1.605,2.6070850549088975,757.9544138378384,0.17958144709676035,0.021758571991731118,127.45194833026417,13.408411263746759,0.006085470650780459
1.61,2.6084448275810272,757.9548391810372,0.179665079762898,0.021698639872584552,127.51248839757271,13.386561520928904,0.006090754907798931
1.615,2.609796918409851,757.9552630598674,0.17974842178429035,0.02163891709072651,127.57281484089417,13.364768921442051,0.006095991204965659
1.62,2.611141320917889,757.955685369322,0.17983147466162352,0.021579402562029112,127.63292875707953,13.343033150987946,0.006101179755980637
1.625,2.6124780283011626,757.9561060056154,0.17991423989031155,0.021520095206216852,127.69283123910218,13.321353896101808,0.006106320773550767
1.6300000000000001,2.6138070333930346,757.9565248663449,0.17999671895969618,0.021460993947449918,127.75252337546895,13.299730844290426,0.006111414469250934
1.635,2.615128328727351,757.95694185027,0.18007891335394294,0.021402097713668636,127.81200625087757,13.27816368389708,0.006116461053699463
1.6400000000000001,2.6164419065082547,757.9573568574509,0.18016082455133542,0.021343405437107724,127.87128094570326,13.256652104224884,0.0061214607364372085
1.645,2.6177477586299003,757.9577697891964,0.18024245402442446,0.02128491605418618,127.93034853610393,13.235195795521985,0.006126413725964603
1.6500000000000001,2.6190458767064007,757.9581805479619,0.18032380324042757,0.021226628505214975,127.98921009431785,13.213794448922988,0.006131320229821518
1.655,2.6203362520368283,757.9585890375205,0.1804048736603371,0.021168541735046533,128.04786668800938,13.192447756607125,0.006136180454436861
1.6600000000000001,2.621618875657837,757.9589951627654,0.18048566673978064,0.02111065469244612,128.1063193808985,13.171155411661465,0.006140994605289837
1.665,2.6228937383264714,757.9593988298064,0.18056618392848084,0.021052966330484937,128.1645692323699,13.14991710818019,0.006145762886822413
1.67,2.6241608305292767,757.9597999459586,0.1806464266702291,0.020995475606558234,128.22261729744972,13.12873254127757,0.006150485502443322
1.675,2.6254201425133776,757.9601984196244,0.180726396403397,0.020938181482011684,128.2804646271841,13.107601407006506,0.00615516265462384
1.68,2.6266716642580983,757.9605941604525,0.18080609456006003,0.020881082922778956,128.33811226799838,13.086523402518754,0.006159794544754983
1.685,2.627915385513886,757.9609870791834,0.18088552256670645,0.020824178898864395,128.395561262214,13.06549822594835,0.006164381373276319
1.69,2.6291512958011047,757.9613770876781,0.18096468184402112,0.02076746838449964,128.45281264789523,13.044525576455902,0.006168923339645772
1.695,2.6303793844033048,757.9617640989842,0.18104357380646144,0.020710950358451635,128.50986745853595,13.0236051543117,0.006173420642276089
1.7,2.631599640404715,757.962148027172,0.18112219986305705,0.020654623803439374,128.5667267236474,13.002736660758886,0.006177873478674965
1.705,2.63281205266623,757.9625287874887,0.18120056141651147,0.020598487706787245,128.623391468103,12.981919798181716,0.006182282045302729
1.71,2.6340166098524764,757.9629062962474,0.18127865986372887,0.020542541060040685,128.67986271252076,12.961154270017172,0.006186646537666287
1.715,2.635213300441228,757.9632804708014,0.18135649659589728,0.020486782858904973,128.7361414733294,12.940439780745143,0.006190967150338373
1.72,2.6364021127094928,757.9636512296588,0.18143407299777187,0.02043121210376579,128.7922287622423,12.919776036026562,0.006195244076848032
1.725,2.6375830347699973,757.9640184923021,0.1815113904486301,0.02037582779899379,128.84812558695666,12.899162742533301,0.006199477509840883
1.73,2.6387560545542907,757.9643821793208,0.18158845032144755,0.02032062895354318,128.90383295055477,12.878599608106276,0.006203667640952704
1.735,2.639921159829933,757.9647422123443,0.1816652539832146,0.020265614580720778,128.9593518517319,12.858086341702924,0.006207814660866341
1.74,2.641078338215342,757.965098513977,0.18174180279526062,0.020210783697949538,129.01468328503813,12.837622653341274,0.006211918759368274
1.745,2.6422275771653303,757.9654510079353,0.18181809811237426,0.0201561353274075,129.0698282402345,12.817208254271394,0.006215980125216099
1.75,2.643368864001868,757.9657996188739,0.1818941412837754,0.02010166849532043,129.1247877030032,12.79684285679712,0.0062199989462964
1.7550000000000001,2.644502185904926,757.966144272488,0.18196993365244396,0.02004738223244917,129.17956265446128,12.776526174408264,0.006223975409525321
1.76,2.6456275299225758,757.9664848954843,0.1820454765552277,0.019993275574010462,129.2341540712362,12.756257921765746,0.006227909700871031
1.7650000000000001,2.6467448829871154,757.9668214154922,0.18212077132333257,0.019939347559320156,129.28856292582776,12.7360378146121,0.006231802005433968
1.77,2.6478542319039517,757.9671537612031,0.18219581928139908,0.01988559723246353,129.34279018593438,12.71586556995429,0.006235652507310819
1.7750000000000001,2.6489555633747806,757.9674818622212,0.18227062174837425,0.019832023641661266,129.39683681508805,12.69574090590037,0.006239461389732472
1.78,2.650048863995694,757.9678056491233,0.18234518003707959,0.01977862583958269,129.45070377234387,12.675663541747388,0.006243228835003136
1.7850000000000001,2.6511341202618164,757.9681250534743,0.1824194954540551,0.01972540288345838,129.50439201216327,12.655633198016897,0.006246955024482008
1.79,2.652211318583126,757.968440007716,0.18249356930021532,0.019672353834603265,129.55790248489564,12.635649596330845,0.0062506401386860505
1.795,2.6532804452777463,757.9687504452992,0.18256740286994433,0.01961947775907309,129.61123613611966,12.61571245959355,0.006254284357159774
1.8,2.6543414865878376,757.9690563005695,0.1826409974517803,0.019566773727166913,129.6643939071406,12.59582151186169,0.006257887858581603
1.805,2.6553944286835205,757.969357508774,0.18271435432832325,0.019514240813493487,129.7173767349277,12.575976478366046,0.006261450820754267
1.81,2.6564392576634863,757.969654006135,0.1827874747756912,0.01946187809736542,129.77018555171554,12.556177085624046,0.006264973420529677
1.815,2.657475959570025,757.9699457297066,0.18286036006442932,0.01940968466213893,129.8228212856686,12.536423061262756,0.006268455833945968
1.82,2.6585045203861988,757.970232617499,0.18293301145862087,0.019357659595858338,129.87528486023575,12.51671413420011,0.006271898236102309
1.825,2.659524926046381,757.9705146084005,0.18300543021636403,0.01930580199090962,129.9275771944954,12.49705003455385,0.0062753008012323905
1.83,2.6605371624424095,757.9707916421432,0.1830776175899648,0.019254110943880073,129.97969920330016,12.477430493605963,0.0062786637027358325
1.835,2.6615412154246383,757.971063659409,0.18314957482514851,0.019202585556129567,130.0316517967015,12.457855243965724,0.006281987113069426
1.84,2.662537070813145,757.9713306016796,0.1832213031620615,0.019151224933063718,130.08343588068,12.43832401937094,0.006285271203894033
1.845,2.6635247143989926,757.9715924113398,0.18329280383449784,0.019100028184694095,130.1350523565854,12.418836554847935,0.006288516145968365
1.85,2.664504131951386,757.971849031635,0.18336407807015392,0.019048994425453075,130.18650212131928,12.39939258666386,0.0062917221091890714
1.855,2.665475309223413,757.9721004066075,0.18343512709103602,0.018998122773898108,130.23778606763577,12.379991852246551,0.006294889262651525
1.86,2.666438231955808,757.9723464812164,0.18350595211255824,0.01894741235336489,130.28890508348474,12.360634090372567,0.006298017774527177
1.865,2.667392885883608,757.9725872011971,0.183576554344508,0.0188968622912673,130.3398600527141,12.341319040972822,0.006301107812202053
1.87,2.668339256740431,757.9728225131381,0.18364693499045073,0.018846471719528354,130.3906518546404,12.322046445257772,0.006304159542197299
1.875,2.669277330264233,757.9730523644672,0.1837170952477812,0.01879623977454247,130.44128136408364,12.302816045710513,0.006307173130179959
1.8800000000000001,2.670207092201051,757.973276703374,0.18378703630826076,0.018746165596785894,130.49174945176125,12.283627585978566,0.006310148741040286
1.885,2.671128528312025,757.973495478925,0.1838567593571188,0.01869624833146717,130.5420569836354,12.264480811063159,0.006313086538771764
1.8900000000000001,2.6720416243763983,757.9737086409486,0.18392626557386657,0.018646487127937202,130.5922048215036,12.24537546715362,0.006315986686585903
1.895,2.6729463661966784,757.97391614007,0.18399555613200425,0.018596881139901024,130.64219382278966,12.226311301690805,0.006318849346875313
1.9000000000000001,2.673842739605503,757.9741179277445,0.18406463219872007,0.01854742952563531,130.69202484032306,12.207288063433245,0.0063216746811762545
1.905,2.674730730465927,757.9743139561526,0.18413349493566009,0.018498131447430528,130.74169872290042,12.188305502298856,0.006324462850275765
1.9100000000000001,2.6756103246814664,757.9745041783111,0.1842021454980341,0.018448986072237904,130.79121631463786,12.169363369555015,0.006327214014094317
1.915,2.6764815081971416,757.974688547988,0.18427058503523083,0.018399992571223663,130.8405784554158,12.150461417692574,0.0063299283317715905
1.92,2.6773442670030345,757.9748670196958,0.18433881469084337,0.018351150119750206,130.88978598090156,12.131599400422672,0.006332605961672603
1.925,2.6781985871447644,757.9750395487664,0.1844068356020401,0.018302457897831133,130.9388397220912,12.112777072812504,0.0063352470613070744
1.93,2.679044454719143,757.9752060912258,0.18447464890051624,0.018253915089442085,130.98774050600144,12.093994191086766,0.006337851787458576
1.935,2.6798818558865443,757.9753666038954,0.18454225571166044,0.01820552088312357,131.03648915506747,12.0752505128065,0.006340420296077119
1.94,2.68071077687178,757.9755210443373,0.1846096571549521,0.018157274471693085,131.08508648742892,12.056545796787796,0.006342952742334485
1.945,2.6815312039644903,757.9756693708154,0.18467685434424172,0.018109175052041845,131.13353331713697,12.037879803044168,0.006345449280663592
1.95,2.6823431235338417,757.9758115423928,0.18474384838693383,0.0180612218257257,131.18183045356108,12.019252292963383,0.006347910064654484
1.955,2.683146522020251,757.9759475188059,0.18481064038497272,0.018013413998251522,131.22997870210426,12.000663029099542,0.006350335247185571
1.96,2.6839413859484673,757.9760772605454,0.18487723143415263,0.017965750779575948,131.27797886370593,11.98211177532263,0.00635272498033656
1.965,2.6847277019298788,757.97620072883,0.18494362262429823,0.017918231383974522,131.3258317349703,11.963598296782669,0.006355079415414554
1.97,2.6855054566591603,757.9763178855476,0.185009815039723,0.017870855029709684,131.37353810850232,11.945122359813167,0.006357398703015652
1.975,2.686274636932464,757.9764286933574,0.18507580975834875,0.017823620939667405,131.4210987722692,11.926683732122912,0.006359682992914345
1.98,2.687035229636938,757.9765331155781,0.1851416078526123,0.017776528340701,131.4685145102573,11.908282182603063,0.006361932434182298
1.985,2.687787221762735,757.9766311162437,0.1852072103889646,0.017729576463993122,131.51578610211266,11.889917481437044,0.006364147175126751
1.99,2.688530600407691,757.9767226601003,0.18527261842786624,0.01768276454505866,131.56291432313517,11.87158940010407,0.006366327363292449
1.995,2.6892653527707093,757.9768077125392,0.1853378330243363,0.017636091823347588,131.60989994467943,11.853297711262142,0.006368473145533624
2.0,2.689991466171737,757.9768862396908,0.18540285522711572,0.01758955754284949,131.65674373354918,11.835042188931588,0.0063705846679105995
2.005,2.690708928041882,757.9769582083372,0.18546768607938777,0.017543160951572462,131.70344645251825,11.816822608340946,0.00637266207578306
2.0100000000000002,2.6914177259297993,757.9770235859287,0.18553232661861804,0.017496901301658412,131.75000886021803,11.798638745963311,0.006374705513792103
2.015,2.692117847514884,757.9770823406277,0.1855967778761394,0.01745077784968285,131.79643171083538,11.780490379609178,0.006376715125810631
2.02,2.6928092805927766,757.9771344412106,0.18566104087798058,0.017404789856055623,131.8427157547143,11.762377288247404,0.0063786910550490674
2.025,2.6934920130978584,757.9771798571624,0.18572511664402083,0.017358936585631615,131.88886173774569,11.74429925219176,0.006380633443952303
2.0300000000000002,2.6941660330955073,757.9772185586132,0.18578900618851313,0.01731321730733241,131.93487040174432,11.72625605298874,0.006382542434266934
2.035,2.694831328782062,757.977250516322,0.18585271052020935,0.0172676312940554,131.98074248454284,11.708247473391452,0.006384418167058789
2.04,2.6954878885054883,757.9772757017499,0.1859162306416823,0.01722217782316356,132.02647871950043,11.690273297510695,0.006386260782631517
2.045,2.696135700745403,757.9772940869523,0.18597956755026923,0.01717685617580336,132.0720798361859,11.672333310609272,0.006388070420644777
2.05,2.696774754135501,757.9773056446588,0.18604272223732074,0.017131665637447144,132.11754655983708,11.654427299268926,0.0063898472200241575
2.055,2.6974050374596565,757.9773103482385,0.18610569568850932,0.017086605497670004,132.1628796115818,11.636555051324486,0.006391591319001055
2.06,2.6980265396455767,757.9773081716568,0.1861684888841723,0.01704167504990171,132.20807970868904,11.618716355789456,0.006393302855156413
2.065,2.6986392497909026,757.9772990895652,0.18623110279850125,0.016996873592012088,132.25314756398274,11.600911003037206,0.0063949819653242755
2.07,2.6992431571407556,757.9772830771947,0.18629353840047086,0.01695220042563966,132.29808388651315,11.583138784597056,0.006396628785706414
2.075,2.6998382511076415,757.9772601104189,0.18635579665324722,0.016907654856618905,132.342889381132,11.565399493286849,0.006398243451802712
2.08,2.700424521272308,757.977230165741,0.1864178785142956,0.01686323619490216,132.38756474856834,11.547692923191073,0.006399826098426151
2.085,2.7010019573721844,757.9771932202372,0.186479784935862,0.016818943754211394,132.4321106857794,11.530018869555033,0.006401376859762558
2.09,2.7015705493301914,757.9771492516462,0.18654151686414397,0.01677477685263712,132.47652788535163,11.512377128971224,0.006402895869273164
2.095,2.7021302872332633,757.977098238279,0.1866030752400985,0.01673073481205435,132.52081703608388,11.494767499200949,0.00640438325979311
2.1,2.702681161346107,757.9770401590544,0.18666446099909278,0.016686816958374893,132.56497882273808,11.477189779253528,0.006405839163491591
2.105,2.703223162120162,757.9769749935141,0.1867256750707452,0.016643022621661677,132.60901392592262,11.459643769423675,0.00640726371185487
2.11,2.7037562801754156,757.9769027217523,0.18678671837956634,0.016599351135665803,132.65292302255745,11.442129271149392,0.0064086570357640175
2.115,2.7042805063305324,757.9768233244995,0.18684759184415264,0.016555801838408442,132.69670678529275,11.424646087194063,0.006410019265401454
2.12,2.704795831585336,757.9767367830548,0.1869082963778091,0.01651237407173112,132.74036588295743,11.407194021508595,0.006411350530326162
2.125,2.7053022471247843,757.9766430792879,0.18696883288850544,0.01646906718132701,132.78390098053043,11.38977287924226,0.0064126509594702175
2.13,2.705799744340028,757.9765421956905,0.18702920227838146,0.01642588051709785,132.82731273878258,11.372382466855688,0.006413920681082635
2.1350000000000002,2.706288314801235,757.9764341152849,0.1870894054445899,0.01638281343254535,132.87060181488593,11.355022591932496,0.00641515982282959
2.14,2.706767950288466,757.9763188217041,0.1871494432785233,0.016339865285328922,132.91376886185782,11.337693063354715,0.006416368511706014
2.145,2.7072386427796475,757.9761962991452,0.18720931666623863,0.016297035436959026,132.95681452886552,11.320393691208757,0.0064175468740866985
2.15,2.7077003844453094,757.9760665323464,0.18726902648866106,0.016254323252649992,132.99973946137598,11.303124286740392,0.006418695035751498
2.1550000000000002,2.708153167678402,757.9759295066586,0.18732857362088828,0.01621172810182166,133.04254430065373,11.285884662513569,0.0064198131218066576
2.16,2.7085969850626115,757.9757852079489,0.18738795893309115,0.01616924935744936,133.08522968441065,11.268674632207976,0.006420901256790299
2.165,2.7090318294005415,757.9756336226682,0.1874471832898577,0.01612688639653709,133.12779624633515,11.251494010768738,0.006421959564598582
2.17,2.709457693708414,757.9754747378262,0.18750624755041526,0.01608463859995695,133.17024461625064,11.234342614357692,0.006422988168512845
2.1750000000000003,2.7098745712030508,757.9753085409503,0.1875651525690125,0.016042505352173306,133.2125754203935,11.217220260267583,0.006423987191244853
2.18,2.7102824553366776,757.9751350201649,0.18762389919414144,0.016000486041803888,133.25478928085232,11.200126767100327,0.00642495675484966
2.185,2.710681339764998,757.974954164102,0.18768248826938558,0.015958580061007827,133.29688681617873,11.183061954575452,0.006425896980823705
2.19,2.711071218370061,757.9747659619507,0.18774092063292822,0.01591678680583995,133.338868641036,11.166025643642945,0.006426807990050577
2.195,2.7114520852617305,757.9745704034513,0.18779919711759724,0.01587510567621847,133.38073536622903,11.149017656474713,0.006427689902807592
2.2,2.7118239347593716,757.9743674788443,0.18785731855134674,0.01583353607557721,133.42248759905405,11.132037816355526,0.006428542838821724
2.205,2.7121867614276365,757.9741571789472,0.1879152857564979,0.015792077411413103,133.46412594275202,11.115085947857754,0.006429366917185619
2.21,2.712540560048882,757.9739394950813,0.18797309955043762,0.015750729094782093,133.505650997011,11.098161876683001,0.006430162256437631
2.215,2.7128853256348764,757.973714419093,0.18803076074540237,0.015709490540454705,133.54706335781344,11.081265429712353,0.006430928974539053
2.22,2.7132210534424344,757.9734819433801,0.18808827014820217,0.01566836116711506,133.58836361723561,11.064396435071174,0.006431667188844754
2.225,2.7135477389444747,757.9732420608213,0.18814562856090966,0.015627340396863736,133.62955236394555,11.047554721972023,0.006432377016181472
2.23,2.713865377867172,757.9729947648508,0.18820283678010716,0.015586427655760491,133.670630182662,11.030740120888572,0.0064330585727655374
2.235,2.7141739661688615,757.9727400494047,0.18825989559740694,0.01554562237344895,133.71159765452776,11.013952463437475,0.006433711974262069
2.24,2.714473500039572,757.9724779089146,0.18831680579950322,0.015504923983118995,133.75245535714964,10.997191582367158,0.006434337335792078
2.245,2.7147639759298174,757.9722083383609,0.18837356816762965,0.015464331921897643,133.79320386420716,10.980457311684093,0.006434934771874084
2.25,2.7150453905135277,757.9719313331897,0.18843018347838306,0.015423845630255043,133.83384374604606,10.963749486464,0.006435504396516191
2.255,2.7153177407236697,757.9716468893796,0.18848665250303526,0.015383464552500422,133.87437556918488,10.947067943011508,0.0064360463231419055
2.2600000000000002,2.715581023739156,757.9713550034086,0.18854297600786232,0.015343188136544485,133.91479989655022,10.930412518785507,0.006436560664627632
2.265,2.7158352369738634,757.9710556722266,0.18859915475440509,0.015303015833711627,133.95511728766658,10.913783052339722,0.006437047533332422
2.27,2.716080378113771,757.970748893323,0.18865518949878185,0.015262947099234942,133.99532829816172,10.897179383482843,0.00643750704102453
2.275,2.7163164450773554,757.970434664643,0.18871108099252343,0.015222981391654395,134.03543348036715,10.88060135308638,0.006437939298973514
2.2800000000000002,2.7165434360460456,757.970112984641,0.18876682998201497,0.01518311817321881,134.0754333829189,10.86404880321472,0.00643834441789106
2.285,2.716761349459694,757.9697838522665,0.18882243720864111,0.015143356909781115,134.11532855086037,10.84752157709285,0.006438722507948029
2.29,2.7169701839976765,757.9694472669228,0.18887790340918648,0.015103697070509606,134.15511952593212,10.831019519014099,0.0064390736788189525
2.295,2.7171699386195343,757.969103228538,0.1889332293151087,0.015064138128411637,134.19480684604963,10.814542474510151,0.006439398039605145
2.3000000000000003,2.717360612527763,757.9687517374902,0.18898841565329058,0.015024679559791473,134.23439104584327,10.79809029017727,0.006439695698916776
2.305,2.7175422051901075,757.9683927946437,0.1890434631456568,0.014985320844526273,134.2738726563855,10.781662813766195,0.006439966764833113
2.31,2.7177147163440325,757.9680264013518,0.1890983725091428,0.01494606146608835,134.3132522051664,10.765259894190663,0.006440211344900478
2.315,2.717878145972083,757.967652559408,0.18915314445618386,0.014906900911192724,134.35253021644726,10.748881381414169,0.0064404295461856255
2.32,2.718032494341998,757.9672712711118,0.18920777969402444,0.014867838670294526,134.3917072107647,10.732527126612073,0.00644062147520362
2.325,2.7181777619767056,757.9668825392117,0.18926227892530825,0.01482887423716361,134.43078370535397,10.71619698203494,0.006440787237981712
2.33,2.7183139496617286,757.9664863669129,0.1893166428479753,0.014790007108958792,134.46976021407696,10.699890801033263,0.006440926940049624
2.335,2.7184410584680054,757.9660827579127,0.18937087215490286,0.014751236786486177,134.50863724716328,10.68360843814263,0.0064410406864029626
2.34,2.718559089714111,757.9656717163305,0.18942496753460775,0.014712562773693155,134.5474153117158,10.667349748920124,0.006441128581578368
2.345,2.7186680450073526,757.965253246774,0.18947892967056124,0.014673984578161743,134.5860949112198,10.65111459010566,0.00644119072958281
2.35,2.7187679262221325,757.9648273542973,0.18953275924161034,0.014635501710805042,134.62467654584393,10.634902819524413,0.006441227233938949
2.355,2.718858735494175,757.9643940443884,0.18958645692210416,0.014597113685776025,134.6631607125335,10.61871429605769,0.006441238197699507
2.36,2.71894047525587,757.963953323022,0.18964002338133126,0.014558820020872639,134.70154790460566,10.602548879776236,0.00644122372338988
2.365,2.719013148192365,757.9635051965843,0.18969345928430045,0.01452062023697533,134.73983861231034,10.58640643175755,0.006441183913090505
2.37,2.719076757278811,757.9630496719291,0.1897467652911424,0.014482513858477904,134.77803332240222,10.570286814227373,0.006441118868375975
2.375,2.7191313057683835,757.9625867563543,0.18979994205735232,0.014444500413112505,134.81613251831368,10.554189890503709,0.0064410286903413645
2.38,2.7191767971759147,757.9621164575725,0.18985299023408736,0.014406579431735433,134.85413668036992,10.538115524927331,0.0064409134796340325
2.3850000000000002,2.7192132353200855,757.9616387837731,0.1899059104675075,0.01436875044880155,134.89204628531593,10.522063583018216,0.006440773336386994
2.39,2.719240624279389,757.9611537435496,0.18995870339953141,0.014331013001819881,134.9298618068587,10.506033931298084,0.0064406083602977
2.395,2.71925896842215,757.9606613459433,0.1900113696673737,0.014293366631686776,134.9675837153371,10.490026437400324,0.006440418650581775
2.4,2.71926827240399,757.9601616004343,0.19006390990362484,0.014255810882628065,135.0052124777774,10.474040970052215,0.006440204305982337
2.4050000000000002,2.7192685411443085,757.9596545169032,0.19011632473665296,0.014218345301909787,135.04274855818358,10.458077398980496,0.006439965424812067
2.41,2.719259779869948,757.9591401056932,0.19016861478994004,0.014180969440315907,135.08019241706123,10.442135595069399,0.006439702104886876
2.415,2.7192419940765125,757.9586183775482,0.19022078068272819,0.014143682851682937,135.1175445118804,10.426215430208519,0.006439414443592592
2.42,2.719215189545949,757.9580893436362,0.19027282302976498,0.014106485093083059,135.1548052968952,10.410316777353703,0.006439102537860305
2.4250000000000003,2.7191793723585547,757.9575530155629,0.19032474244115197,0.014069375724933214,135.19197522303335,10.394439510564153,0.006438766484152166
2.43,2.719134548859693,757.9570094053203,0.19037653952288525,0.014032354310605654,135.22905473828558,10.378583504874614,0.006438406378516951
2.435,2.71908072570342,757.9564585253462,0.19042821487620992,0.013995420416892656,135.26604428724306,10.36274863644964,0.006438022316526303
2.44,2.719017909822524,757.9559003884782,0.19047976909811232,0.013958573613652037,135.30294431144944,10.346934782467512,0.006437614393325175
2.445,2.7189461084305497,757.9553350079533,0.19053120278130833,0.013921813473815388,135.33975524939447,10.331141821123477,0.0064371827036317116
2.45,2.7188653290510754,757.9547623974461,0.19058251651383265,0.013885139573683656,135.37647753621846,10.315369631728675,0.006436727341697399
2.455,2.7187755794735957,757.9541825710039,0.19063371087972714,0.013848551492431554,135.4131116042065,10.299618094546698,0.00643624840137661
2.46,2.7186768677957556,757.9535955431026,0.1906847864584316,0.013812048812545927,135.44965788235282,10.283887090939622,0.006435745976067214
2.465,2.7185692024033066,757.9530013286156,0.1907357438251136,0.013775631119588294,135.4861167965959,10.268176503290306,0.006435220158744296
2.47,2.7184525919590388,757.9523999427963,0.1907865835508497,0.013739298002064212,135.5224887699501,10.252486214959518,0.006434671041979082
2.475,2.71832704544286,757.9517914013289,0.1908373062020649,0.013703049051826665,135.5587742221036,10.236816110420966,0.006434098717884804
2.48,2.718192572104091,757.951175720262,0.19088791234125468,0.01366688386355628,135.59497356993572,10.221166075089261,0.0064335032781886806
2.485,2.718049181497783,757.950552916054,0.190938402526476,0.013630802035127558,135.63108722715378,10.205535995442386,0.0064328848141830715
2.49,2.7178968834751793,757.9499230055575,0.19098877731151487,0.013594803167488128,135.66711560441155,10.189925758982572,0.006432243416742888
2.495,2.717735688162846,757.9492860059893,0.19103903724620336,0.013558886864430521,135.70305910953817,10.174335254160729,0.0064315791763575195
2.5,2.7175656060075055,757.9486419349867,0.19108918287580318,0.013523052733035676,135.73891814709629,10.158764370525285,0.006430892183071903
2.505,2.7173866477306334,757.9479908105446,0.19113921474167606,0.013487300383190397,135.77469311886196,10.143212998561962,0.006430182526552602
2.5100000000000002,2.7171988243560588,757.9473326510505,0.19118913338090948,0.013451629427856574,135.81038442355836,10.127681029784256,0.00642945029605259
2.515,2.717002147209891,757.9466674752798,0.19123893932634492,0.013416039483050752,135.84599245687414,10.112168356727642,0.006428695580414958
2.52,2.716796627893945,757.9459953023608,0.1912886331069668,0.013380530167564186,135.8815176117438,10.096674872856454,0.006427918468111371
2.525,2.716582278329801,757.9453161518271,0.19133821524730937,0.013345101103389448,135.91696027792293,10.081200472707526,0.006427119047186095
2.5300000000000002,2.716359110721364,757.9446300435687,0.1913876862680003,0.013309751915329276,135.95232084237668,10.06574505176004,0.006426297405309089
2.535,2.7161271375665406,757.9439369978438,0.19143704668561326,0.013274482231102466,135.98759968917625,10.050308506471499,0.006425453629762875
2.54,2.7158863716763397,757.9432370353002,0.19148629701243056,0.013239291681514614,136.02279719932707,10.034890734336031,0.006424587807420874
2.545,2.7156368261350607,757.9425301769232,0.19153543775700418,0.01320417990005438,136.057913751172,10.019491633749405,0.00642370002480175
2.5500000000000003,2.7153785143448577,757.9418164440896,0.19158446942356677,0.013169146523317046,136.09294971997002,10.004111104152058,0.006422790368014494
2.555,2.715111449997905,757.9410958585289,0.1916333925124322,0.013134191190716361,136.12790547818187,9.988749045933144,0.006421858922797302
2.56,2.7148356470728525,757.9403684423193,0.1916822075200557,0.013099313544441169,136.1627813955148,9.973405360416356,0.006420905774524167
2.565,2.7145511198690406,757.9396342179248,0.19173091493859665,0.01306451322976975,136.1975778386087,9.958079949966766,0.0064199310081646905
2.57,2.7142578829587705,757.9388932081368,0.19177951525657358,0.01302978989459869,136.2322951715054,9.942772717832666,0.006418934708346541
2.575,2.713955951228253,757.9381454361204,0.1918280089583337,0.012995143189824242,136.26693375526992,9.927483568274809,0.0064179169593066914
2.58,2.7136453398605287,757.9373909253919,0.19187639652430138,0.012960572769163538,136.30149394816698,9.912212406507019,0.006416877844915581
2.585,2.713326064319752,757.9366296997982,0.19192467843119707,0.012926078288997136,136.33597610581924,9.896959138643426,0.00641581744869841
2.59,2.7129981403938612,757.9358617835649,0.19197285515149584,0.012891659408758183,136.3703805808193,9.881723671830912,0.006414735853785757
2.595,2.712661584145913,757.9350872012366,0.19202092715408126,0.012857315790462199,136.4047077231975,9.86650591409073,0.006413633142975134
2.6,2.7123164119475107,757.9343059777151,0.19206889490382198,0.01282304709901149,136.43895788012028,9.851305774422103,0.006412509398692715
2.605,2.711962640472313,757.9335181382487,0.19211675886167637,0.01278885300211969,136.4731313959635,9.836123162777609,0.006411364703003911
2.61,2.7116002866719486,757.9327237084028,0.19216451948501512,0.012754733170079871,136.5072286125446,9.820957989984993,0.006410199137643925
2.615,2.711229367821097,757.9319227141096,0.19221217722705705,0.012720687276169986,136.54124986871898,9.805810167885541,0.006409012783966884
2.62,2.7108499014736065,757.9311151816164,0.19225973253744905,0.012686714996235903,136.57519550079408,9.79067960919326,0.006407805722999839
2.625,2.7104619054848436,757.9303011375081,0.1923071858619905,0.012652816008889381,136.60906584233413,9.77556622756261,0.006406578035418471
2.63,2.7100653980169738,757.9294806087122,0.19235453764258506,0.012618989995542708,136.6428612241236,9.760469937601224,0.006405329801543564
2.6350000000000002,2.709660397508032,757.9286536224619,0.19240178831764357,0.012585236640118904,136.67658197445706,9.745390654771754,0.006404061101378495
2.64,2.709246922715558,757.9278202063426,0.19244893832154658,0.012551555629438065,136.71022841875472,9.730328295524158,0.006402772014561392
2.645,2.708824992682097,757.9269803882519,0.19249598808509538,0.012517946652893066,136.74380087988402,9.715282777185998,0.006401462620406786
2.65,2.7083946267406795,757.9261341964044,0.1925429380354516,0.012484409402492852,136.77729967811817,9.700254017977596,0.006400132997900993
2.6550000000000002,2.707955844539659,757.9252816593561,0.19258978859584372,0.01245094357307334,136.8107251309247,9.68524193708494,0.006398783225676587
2.66,2.7075086659989127,757.9244228059556,0.19263654018612375,0.012417548861897165,136.8440775533647,9.67024645452349,0.0063974133820631955
2.665,2.7070531113537344,757.9235576653898,0.1926831932222332,0.012384224969037589,136.87735725771114,9.655267491269997,0.006396023545040547
2.67,2.7065892011241077,757.9226862671486,0.19272974811660046,0.012350971597092582,136.9105645537313,9.640304969165646,0.006394613792274708
2.6750000000000003,2.7061169561280813,757.9218086410382,0.19277620527798017,0.012317788451300379,136.94369974857565,9.625358810955781,0.006393184201104817
2.68,2.7056363974781346,757.9209248171746,0.1928225651115186,0.01228467523949237,136.9767631468196,9.610428940274987,0.006391734848549411
2.685,2.705147546578925,757.9200348259805,0.19286882801878344,0.01225163167207154,137.00975505049064,9.59551528163974,0.006390265811310218
2.69,2.7046504251331256,757.9191386981888,0.1929149943977131,0.01221865746204895,137.04267575902585,9.580617760462168,0.006388777165768154
2.695,2.7041450551304145,757.9182364648304,0.1929610646427525,0.012185752324945918,137.07552556937569,9.565736303016505,0.006387268987996452
2.7,2.703631458861879,757.9173281572466,0.19300703914469833,0.01215291597890535,137.10830477588652,9.550870836478563,0.006385741353747497
2.705,2.7031096589007957,757.9164138070681,0.19305291829093313,0.012120148144523285,137.14101367047505,9.536021288867868,0.006384194338474518
2.71,2.7025796781247107,757.915493446236,0.19309870246517813,0.01208744854502653,137.17365254244442,9.521187589109982,0.0063826280173104
2.715,2.7020415396889654,757.9145671069731,0.1931443920478132,0.012054816906042602,137.20622167872048,9.506369666957342,0.0063810424650967475
2.72,2.7014952670554324,757.9136348218116,0.1931899874155506,0.012022252955834166,137.23872136361078,9.491567453071232,0.00637943775635592
2.725,2.700940883959876,757.9126966235581,0.19323548894182685,0.011989756425017359,137.27115187909277,9.476780878924718,0.006377813965326165
2.73,2.700378414447101,757.911752545328,0.19328089699640108,0.011957327046850288,137.3035135045184,9.462009876903362,0.006376171165927295
2.735,2.699807882828827,757.9108026205016,0.1933262119458575,0.011924964556871982,137.33580651698168,9.447254380180624,0.006374509431805137
2.74,2.6992293137331247,757.9098468827715,0.1933714341530357,0.011892668693311634,137.36803119090322,9.432514322860422,0.006372828836282958
2.745,2.6986427320446413,757.9088853660822,0.19341656397773951,0.01186043919657923,137.40018779854486,9.417789639801082,0.006371129452423356
2.75,2.6980481629722566,757.9079181046949,0.19346160177595412,0.011828275809827976,137.43227660944245,9.403080266811068,0.006369411352961716
2.755,2.6974456319717453,757.9069451331108,0.1935065479007585,0.011796178278298623,137.4642978910653,9.388386140422055,0.006367674610385129
2.7600000000000002,2.6968351648296744,757.9059664861503,0.19355140270135454,0.011764146350017008,137.49625190811537,9.373707198131713,0.00636591929685019
2.765,2.6962167875711622,757.904982198864,0.1935961665241503,0.011732179775015781,137.52813892330778,9.359043378133972,0.006364145484275988
2.77,2.6955905265572486,757.9039923066227,0.1936408397116347,0.011700278306142595,137.55995919656067,9.3443946196005,0.0063623532442492825
2.775,2.694956408380438,757.902996845018,0.19368542260359906,0.011668441698182791,137.59171298587373,9.329760862376235,0.006360542648128638
2.7800000000000002,2.694314459972936,757.9019958499625,0.19372991553588903,0.011636669708755544,137.62340054643096,9.315142047291777,0.00635871376693978
2.785,2.6936647084925034,757.9009893575809,0.19377431884173374,0.011604962097359393,137.65502213155546,9.300538115831687,0.00635686667148821
2.79,2.693007181439114,757.8999774043184,0.19381863285040465,0.01157331862633528,137.68657799174616,9.285949010470558,0.006355001432247285
2.795,2.69234190653349,757.8989600268256,0.1938628578886238,0.011541739059855125,137.71806837568874,9.271374674321047,0.006353118119476868
2.8000000000000003,2.691668911839884,757.8979372620711,0.19390699427915664,0.011510223164932373,137.74949352924568,9.256815051486921,0.006351216803106475
2.805,2.6909882256395132,757.8969091472234,0.19395104234227364,0.011478770710372253,137.78085369650464,9.242270086697284,0.006349297552857736
2.81,2.6902998765573356,757.8958757197655,0.1939950023943018,0.01144738146781194,137.81214911873965,9.227739725670382,0.006347360438124712
2.815,2.6896038934324333,757.894837017376,0.19403887474911596,0.011416055210649582,137.8433800354801,9.213223914739956,0.006345405528098168
2.82,2.6889003054468064,757.8937930780437,0.19408265971667163,0.011384791715097799,137.87454668345904,9.198722601224167,0.006343432891644971
2.825,2.6881891419946053,757.8927439399489,0.19412635760450425,0.011353590759107003,137.90564929768755,9.18423573304946,0.00634144259743236
2.83,2.687470432811128,757.8916896415776,0.19416996871626416,0.01132245212341743,137.93668811040473,9.169763259119446,0.006339434713808131
2.835,2.686744207842635,757.8906302216039,0.19421349335320415,0.011291375590490836,137.9676633521435,9.155305128941212,0.006337409308923303
2.84,2.6860104973738905,757.8895657190018,0.19425693181273504,0.011260360945547675,137.9985752506956,9.140861292989465,0.0063353664506146
2.845,2.6852693319001455,757.8884961729312,0.1943002843898841,0.01122940797551986,138.02942403215616,9.126431702339739,0.006333306206524086
2.85,2.684520742251719,757.8874216228457,0.19434355137588763,0.011198516470061119,138.06020991991574,9.112016309023591,0.006331228643985289
2.855,2.683764759469573,757.8863421083827,0.1943867330596048,0.01116768622053207,138.09093313567223,9.09761506567268,0.006329133830138552
2.86,2.683001414925589,757.8852576694663,0.19442982972616216,0.01113691702097318,138.12159389846065,9.083227925861268,0.006327021831821949
2.865,2.682230740203,757.8841683462033,0.19447284165830842,0.011106208667132054,138.15219242562262,9.06885484376468,0.006324892715681298
2.87,2.6814527672111805,757.88307417898,0.19451576913512422,0.011075560957389782,138.1827289318828,9.05449577448583,0.006322746548066846
2.875,2.6806675280720427,757.881975208364,0.19455861243330616,0.011044973691839018,138.2132036302675,9.04015067373114,0.006320583395137038
2.88,2.6798750552282997,757.8808714751951,0.19460137182595247,0.011014446673155712,138.24361673123587,9.025819498118217,0.006318403322761809
2.8850000000000002,2.679075381336797,757.8797630204936,0.19464404758376605,0.010983979705735373,138.27396844354033,9.011502204871869,0.006316206396619334
2.89,2.6782685393693586,757.8786498855438,0.19468663997392557,0.010953572596503461,138.30425897341888,8.997198752110531,0.00631399268210663
2.895,2.6774545625138644,757.8775321118105,0.1947291492611992,0.01092322515411591,138.33448852539144,8.982909098564578,0.006311762244428672
2.9,2.6766334842669415,757.8764097410142,0.1947715757069085,0.01089293718970267,138.36465730151892,8.968633203839474,0.006309515148516833
2.9050000000000002,2.6758053383434577,757.8752828150554,0.19481391956994604,0.010862708516137442,138.3947655021304,8.954371028158214,0.006307251459109913
2.91,2.6749701587604613,757.874151376082,0.19485618110583833,0.010832538948710025,138.42481332515345,8.940122532599586,0.006304971240680808
2.915,2.674127979755613,757.873015466422,0.19489836056766172,0.010802428304469,138.45480096676818,8.92588767886614,0.006302674557509115
2.92,2.673278835861923,757.8718751286423,0.1949404582052092,0.010772376402819665,138.48472862081204,8.91166642949635,0.006300361473616309
2.9250000000000003,2.672422761835506,757.8707304054896,0.19498247426580081,0.010742383064942388,138.51459647935823,8.897458747659133,0.006298032052829713
2.93,2.671559792720798,757.8695813399413,0.1950244089935571,0.010712448114313971,138.5444047321971,8.883264597339089,0.0062956863587263325
2.935,2.6706899637878885,757.8684279751541,0.19506626263010193,0.01068257137620325,138.57415356733725,8.869083943158195,0.006293324454688091
2.94,2.669813310588033,757.8672703545072,0.19510803541394406,0.010652752678114805,138.6038431705645,8.854916750533672,0.006290946403854366
2.945,2.6689298689006704,757.8661085215593,0.1951497275810715,0.010622991849362428,138.63347372586517,8.840762985527146,0.0062885522691685115
2.95,2.668039674779193,757.8649425200828,0.19519133936444155,0.010593288721435059,138.66304541506298,8.826622614975019,0.006286142113339014
2.955,2.667142764507631,757.8637723940288,0.19523287099446723,0.010563643127647723,138.69255841816465,8.81249560636503,0.0062837159988774335
2.96,2.666239174636757,757.8625981875549,0.19527432269861428,0.01053405490343058,138.7220129130737,8.798381927939374,0.0062812739880680046
2.965,2.6653289419503,757.8614199449966,0.19531569470178153,0.010504523886055956,138.75140907586007,8.784281548598264,0.006278816142997214
2.97,2.66441210349158,757.8602377108873,0.1953569872260028,0.010475049914852342,138.78074708054885,8.770194437976354,0.006276342525531577
2.975,2.663488696538999,757.8590515299381,0.19539820049072415,0.010445632831005273,138.810027099316,8.756120566372573,0.006273853197339182
2.98,2.6625587586235215,757.8578614470504,0.19543933471260658,0.010416272477698931,138.83924930234977,8.742059904800753,0.006271348219875261
2.985,2.661622327513066,757.8566675073018,0.1954803901057049,0.010386968699987753,138.8684138579753,8.728012424944666,0.0062688276543961105
2.99,2.660679441221266,757.8554697559529,0.19552136688136626,0.010357721344869205,138.89752093258514,8.713978099184075,0.006266291561952026
2.995,2.659730138000274,757.8542682384393,0.19556226524831602,0.010328530261222161,138.9265706906968,8.69995690057363,0.00626374000339407
3.0,2.6587744563413422,757.853063000372,0.19560308541264612,0.010299395299815188,138.95556329494812,8.68594880284582,0.0062611730393738445
3.005,2.6578124349754493,757.8518540875361,0.19564382757781446,0.010270316313306938,138.98449890609245,8.671953780412082,0.006258590730343674
3.0100000000000002,2.6568441128663456,757.8506415458845,0.1956844919447161,0.010241293156195092,139.01337768305365,8.657971808344458,0.006255993136562621
3.015,2.655869529218306,757.8494254215426,0.19572507871160386,0.010212325684873281,139.04219978286446,8.644002862396999,0.0062533803180907154
3.02,2.6548887234623852,757.8482057607971,0.19576558807423394,0.010183413757526506,139.07096536077526,8.630046918968146,0.006250752334800539
3.025,2.6539017352705074,757.8469826101044,0.19580602022571666,0.010154557234238394,139.09967457014184,8.616103955140273,0.006248109246366206
3.0300000000000002,2.652908604535762,757.8457560160764,0.19584637535672728,0.010125755976839644,139.1283275625815,8.602173948625099,0.006245451112279787
3.035,2.6519093713919606,757.8445260254922,0.19588665365529617,0.010097009849058761,139.1569244878169,8.588256877818937,0.006242777991835801
3.04,2.650904076188889,757.8432926852802,0.19592685530707532,0.010068318716330696,139.1854654938723,8.574352721733677,0.006240089944151689
3.045,2.649892759516735,757.8420560425333,0.19596698049507427,0.010039682445986435,139.21395072687835,8.560461460066124,0.006237387028148335
3.0500000000000003,2.64887546217547,757.8408161444869,0.19600702939999123,0.010011100907015172,139.242380331315,8.546583073112108,0.006234669302575237
3.055,2.6478522252071923,757.8395730385398,0.19604700219986118,0.009982573970317016,139.2707544497529,8.532717541858705,0.0062319368259846075
3.06,2.6468230898549447,757.8383267722255,0.1960868990705039,0.009954101508381311,139.29907322318027,8.518864847867913,0.006229189656765028
3.065,2.6457880976078205,757.8370773932404,0.1961267201850301,0.009925683395641094,139.32733679064276,8.505024973405803,0.006226427853105216
3.0700000000000003,2.6447472901462055,757.8358249494065,0.1961664657144402,0.00989731950804341,139.35554528967788,8.491197901286931,0.006223651473038594
3.075,2.6437007093996754,757.834569488709,0.19620613582698768,0.00986900972350608,139.38369885585297,8.477383615040722,0.00622086057439672
3.08,2.642648397480612,757.8333110592507,0.1962457306889074,0.009840753921395141,139.41179762329224,8.463582098722007,0.006218055214863151
3.085,2.6415903967525196,757.8320497092958,0.19628525046366216,0.00981255198306539,139.43984172413113,8.44979333710799,0.006215235451918511
3.09,2.6405267497543026,757.8307854872196,0.1963246953127756,0.009784403791262782,139.4678312891181,8.436017315481308,0.006212401342901753
3.095,2.6394574992767943,757.8295184415562,0.1963640653949859,0.009756309230731603,139.49576644700278,8.422254019851447,0.006209552944948673
3.1,2.6383826882798176,757.8282486209449,0.19640336086716037,0.009728268187558323,139.52364732519598,8.408503436716233,0.006206690315058854
3.105,2.637302359974899,757.8269760741806,0.19644258188337824,0.009700280549829547,139.55147404910713,8.394765553301985,0.006203813510029253
3.11,2.6362165577370495,757.8257008501583,0.1964817285959058,0.009672346206932485,139.57924674284763,8.381040357308937,0.006200922586525279
3.115,2.635125325191808,757.8244229979244,0.19652080115422862,0.009644465050249193,139.6069655285322,8.367327837164867,0.006198017601010939
3.12,2.6340287061235252,757.823142566621,0.19655979970606777,0.009616636972427539,139.63463052701158,8.353627981759457,0.006195098609822622
3.125,2.632926744565031,757.821859605537,0.19659872439638001,0.009588861868098441,139.66224185715075,8.33994078070663,0.006192165669097159
3.13,2.6318194847040406,757.8205741640528,0.19663757536839746,0.009561139633129993,139.68979963657864,8.32626622407241,0.006189218834847039
3.1350000000000002,2.630706970973915,757.8192862916912,0.19667635276261253,0.00953347016535566,139.71730398095548,8.312604302641583,0.0061862581628875915
3.14,2.6295892479596468,757.8179960380622,0.19671505671782522,0.009505853363823034,139.74475500472755,8.298955007643258,0.00618328370891248
3.145,2.6284663604883245,757.816703452913,0.19675368737012772,0.009478289129522073,139.7721528203948,8.285318331017862,0.006180295528421099
3.15,2.627338353536011,757.8154085860748,0.19679224485394503,0.009450777364638792,139.79949753926056,8.271694265144161,0.006177293676793324
3.1550000000000002,2.6262052723166853,757.8141114875104,0.19683072930103296,0.009423317973273846,139.82678927070864,8.25808280310304,0.006174278209218077
3.16,2.6250671621911597,757.8128122072633,0.19686914084149906,0.009395910860710318,139.85402812293924,8.244483938409356,0.006171249180766441
3.165,2.6239240687534218,757.811510795503,0.19690747960282629,0.009368555934113995,139.88121420226415,8.230897665269309,0.006168206646322229
3.17,2.622776037742607,757.8102073024763,0.19694574571086285,0.00934125310182335,139.90834761382047,8.217323978320115,0.006165150660652679
3.1750000000000003,2.621623115125793,757.8089017785506,0.19698393928888197,0.009314002274023965,139.93542846089179,8.203762872878178,0.0061620812783417574
3.18,2.6204653470139,757.8075942741677,0.1970220604585309,0.009286803362067756,139.96245684559247,8.190214344689206,0.006158998553857763
3.185,2.6193027797401376,757.8062848398832,0.19706010933893608,0.009259656279114964,139.98943286822148,8.176678390164732,0.006155902541489987
3.19,2.6181354597805684,757.8049735263254,0.19709808604760273,0.009232560939488708,140.01635662791108,8.163155006144926,0.00615279329541264
3.1950000000000003,2.616963433827538,757.8036603842294,0.19713599069957305,0.009205517259278963,140.04322822201897,8.149644190121396,0.006149670869625407
3.2,2.6157867487155086,757.8023454644006,0.19717382340826947,0.009178525155737536,140.07004774673624,8.136145940014616,0.006146535318013225
3.205,2.614605451488926,757.8010288177453,0.19721158428471228,0.0091515845478394,140.09681529652235,8.122660254381243,0.006143386694291148
3.21,2.6134195893338066,757.799710495237,0.19724927343830087,0.009124695355722258,140.1235309646685,8.109187132207733,0.006140225052059597
3.215,2.6122292096396222,757.7983905479442,0.19728689097609572,0.00909785750120153,140.15019484277897,8.095726573100784,0.0061370504447538785
3.22,2.611034359937005,757.7970690269996,0.19732443700353308,0.009071070907257773,140.17680702128627,8.082278577098391,0.006133862925694612
3.225,2.60983508795334,757.7957459836248,0.19736191162377556,0.009044335498502466,140.20336758898227,8.0688431448423,0.006130662548042145
3.23,2.608631441556842,757.7944214691032,0.19739931493835666,0.009017651200715713,140.22987663348258,8.055420277407455,0.006127449364841952
3.235,2.607423468805656,757.7930955348005,0.1974366470466028,0.008991017941260813,140.25633424080922,8.042009976455658,0.0061242234289841276
3.24,2.6062112178984562,757.791768232142,0.19747390804620546,0.008964435648673894,140.28274049580278,8.028612244084083,0.0061209847932436065
3.245,2.604994737216958,757.7904396126287,0.19751109803271633,0.008937904253025989,140.30909548175785,8.015227082959623,0.006117733510244842
3.25,2.603774075283082,757.7891097278183,0.19754821710004583,0.008911423685565476,140.33539928078213,8.001854496186814,0.006114469632496786
3.255,2.602549280794884,757.7877786293387,0.19758526534003235,0.008884993879027154,140.36165197348512,7.988494487422665,0.006111193212362772
3.2600000000000002,2.601320402590236,757.7864463688713,0.19762224284286664,0.008858614767327655,140.3878536392839,7.975147060764098,0.0061079043020902685
3.265,2.6000874896762665,757.7851129981618,0.19765914969673481,0.008832286285821734,140.414004356145,7.961812220843262,0.006104602953785932
3.27,2.59885059119942,757.7837785690065,0.19769598598816968,0.008806008371050065,140.44010420083742,7.948489972734353,0.00610128921944019
3.275,2.5976097564685894,757.7824431332596,0.19773275180176603,0.008779780960943622,140.46615324872687,7.935180322029678,0.006097963150907374
3.2800000000000002,2.5963650349313365,757.7811067428235,0.19776944722046078,0.008753603994622711,140.492151573977,7.921883274765473,0.006094624799925262
3.285,2.5951164761909697,757.7797694496526,0.19780607232531827,0.008727477412550923,140.51809924939448,7.908598837479224,0.0060912742181001315
3.29,2.59386412998864,757.7784313057462,0.1978426271957416,0.00870140115638358,140.5439963465805,7.895327017153846,0.006087911456921441
3.295,2.5926080462146808,757.7770923631499,0.1978791119093255,0.008675375169073362,140.56984293582474,7.882067821257006,0.006084536567751601
3.3000000000000003,2.591348274896229,757.775752673951,0.19791552654200187,0.008649399394765816,140.59563908620893,7.868821257702822,0.0060811496018360256
3.305,2.5900848662032177,757.7744122902778,0.19795187116795626,0.008623473778859279,140.62138486554736,7.855587334874136,0.006077750610297363
3.31,2.5888178704410985,757.7730712642964,0.1979881458597122,0.008597598267944546,140.64708034044568,7.842366061600684,0.006074339644141202
3.315,2.587547338051934,757.7717296482089,0.19802435068810675,0.008571772809822244,140.67272557628445,7.829157447165443,0.00607091675425445
3.3200000000000003,2.586273319611751,757.7703874942513,0.19806048572231788,0.008545997353483286,140.69832063723663,7.81596150129807,0.00606748199140703
3.325,2.5849958658272363,757.7690448546908,0.19809655102989457,0.008520271849087284,140.72386558629057,7.802778234166631,0.006064035406254055
3.33,2.5837150275371945,757.7677017818246,0.1981325466767326,0.008494596247979982,140.74936048523023,7.789607656384898,0.006060577049333878
3.335,2.582430855705381,757.766358327976,0.19816847272715327,0.008468970502636734,140.77480539469326,7.776449778990941,0.006057106971073684
3.34,2.5811434014255203,757.7650145454942,0.1982043292438335,0.008443394566712677,140.8002003741182,7.763304613466739,0.006053625221784294
3.345,2.5798527159108464,757.7636704867501,0.19824011628792718,0.0084178683949557,140.82554548183353,7.7501721717052625,0.006050131851668755
3.35,2.5785588505020933,757.762326204136,0.1982758339189561,0.008392391943284786,140.85084077497623,7.7370524660406925,0.006046626910814332
3.355,2.577261856654335,757.7609817500618,0.198311482194967,0.008366965168677194,140.87608630960702,7.7239455092057545,0.006043110449203645
3.36,2.5759617859473574,757.7596371769537,0.19834706117239018,0.008341588029270153,140.9012821406052,7.710851314370762,0.006039582516704311
3.365,2.5746586900703714,757.7582925372516,0.19838257090622594,0.008316260484226864,140.9264283218054,7.697769895092912,0.006036043163082186
3.37,2.5733526208346458,757.7569478834073,0.19841801144987095,0.00829098249386132,140.95152490586887,7.684701265364081,0.006032492437988663
3.375,2.572043630154537,757.7556032678816,0.19845338285535644,0.008265754019467296,140.97657194445796,7.671645439546094,0.006028930390977619
3.38,2.5707317700656165,757.754258743143,0.19848868517309765,0.008240575023498183,141.0015694880515,7.658602432439338,0.006025357071487159
3.3850000000000002,2.569417092700485,757.7529143616649,0.1985239184522055,0.008215445469343385,141.02651758617253,7.645572259198072,0.006021772528861859
3.39,2.56809965030944,757.7515701759231,0.19855908274019768,0.008190365321535671,141.05141628717593,7.632554935409533,0.006018176812331663
3.395,2.566779495236135,757.7502262383947,0.19859417808331692,0.008165334545522818,141.0762656384809,7.619550477007321,0.006014569971034674
3.4,2.5654566799374905,757.7488826015547,0.1986292045262471,0.008140353107871312,141.10106568636218,7.60655890034922,0.006010952053996302
3.4050000000000002,2.5641312569602084,757.7475393178747,0.19866416211242502,0.008115420976042717,141.12581647617807,7.59358022213226,0.006007323110151664
3.41,2.5628032789598096,757.74619643982,0.1986990508837631,0.008090538118592634,141.15051805216615,7.580614459468827,0.006003683188325087
3.415,2.5614727986780004,757.7448540198483,0.1987338708809546,0.008065704504951778,141.17517045766644,7.5676616298034,0.006000032337252124
3.42,2.5601398689608366,757.743512110406,0.19876862214320282,0.008040920105620221,141.19977373492227,7.554721750986952,0.005996370605559399
3.4250000000000003,2.5588045427369455,757.7421707639285,0.19880330470851987,0.008016184891953182,141.2243279252985,7.541794841195376,0.005992698041786254
3.43,2.5574668730348193,757.7408300328344,0.19883791861346245,0.00799149883635053,141.248833069087,7.528880919002162,0.005989014694364924
3.435,2.556126912961891,757.7394899695281,0.1988724638934239,0.00796686191204731,141.27328920572037,7.515980003298518,0.0059853206116418246
3.44,2.5547847157209476,757.738150626392,0.19890694058237676,0.007942274093298483,141.29769637358208,7.5030921133643185,0.005981615841858051
3.4450000000000003,2.5534403345900776,757.73681205579,0.19894134871315813,0.007917735355174206,141.3220546102153,7.490217268789926,0.005977900433170307
3.45,2.552093822938195,757.7354743100599,0.19897568831721896,0.007893245673739833,141.34636395213806,7.477355489545415,0.005974174433631729
3.455,2.550745234205855,757.7341374415169,0.19900995942490257,0.007868805025855904,141.3706244350472,7.4645067959040885,0.0059704378912124574
3.46,2.549394621919895,757.7328015024452,0.19904416206520079,0.007844413389353409,141.39483609363825,7.451671208509969,0.005966690853780779
3.465,2.548042039675121,757.7314665451025,0.19907829626602586,0.007820070742838539,141.41899896180462,7.4388487483030294,0.005962933369123357
3.47,2.5466875411480587,757.7301326217108,0.19911236205397298,0.007795777065863173,141.4431130724625,7.426039436584938,0.005959165484926674
3.475,2.5453311800795158,757.7287997844617,0.19914635945458584,0.007771532338734389,141.4671784577449,7.413243294946012,0.00595538724879693
3.48,2.5439730102874436,757.7274680855062,0.19918028849212568,0.007747336542680198,141.49119514883148,7.40046034532921,0.005951598708241781
3.485,2.542613085650376,757.7261375769612,0.19921414918983021,0.007723189659663794,141.51516317613797,7.387690609958807,0.00594779991068991
3.49,2.5412514601193954,757.724808310898,0.1992479415696893,0.007699091672544549,141.53908256915068,7.3749341114026405,0.005943990903473061
3.495,2.5398881877024575,757.7234803393503,0.1992816656526973,0.007675042564897006,141.56295335661096,7.362190872502515,0.005940171733845282
3.5,2.5385233224754593,757.7221537143015,0.19931532145863534,0.00765104232116713,141.58677556635476,7.349460916434686,0.005936342448965247
3.505,2.5371569185674474,757.7208284876931,0.19934890900631697,0.007627090926496037,141.61054922549215,7.336744266641999,0.0059325030959151825
3.5100000000000002,2.535789030170787,757.7195047114119,0.1993824283133772,0.007603188366871516,141.63427436025177,7.324040946892615,0.005928653721683473
3.515,2.5344197115272613,757.7181824372987,0.19941587939651145,0.007579334628956501,141.65795099615548,7.3113509812138915,0.005924794373183275
3.52,2.5330490169373383,757.7168617171351,0.19944926227127122,0.007555529700235843,141.68157915786756,7.298674393949336,0.005920925097235392
3.525,2.531677000747159,757.715542602653,0.19948257695229626,0.007531773568849531,141.70515886936474,7.286011209694233,0.005917045940586591
3.5300000000000002,2.5303037173569014,757.7142251455201,0.19951582345311722,0.007508066223734731,141.72869015378998,7.27336145335083,0.005913156949892743
3.535,2.528929221208667,757.7129093973507,0.19954900178638094,0.007484407654463754,141.75217303361785,7.260725150065716,0.005909258171736842
3.54,2.527553566793935,757.7115954096903,0.1995821119636596,0.007460797851381359,141.7756075305131,7.248102325283232,0.005905349652612406
3.545,2.5261768086423433,757.7102832340272,0.19961515399566968,0.007437236805447452,141.79899366549108,7.235493004684597,0.0059014314389412076
3.5500000000000003,2.5247990013282435,757.708972921776,0.19964812789208755,0.0074137245083696745,141.82233145878135,7.222897214239549,0.005897503577056923
3.555,2.5234201994603738,757.7076645242904,0.19968103366176182,0.00739026095245085,141.84562092998303,7.210314980147237,0.005893566113222591
3.56,2.522040457687508,757.7063580928461,0.19971387131253554,0.007366846130716832,141.8688620979334,7.197746328886065,0.0058896190936144985
3.565,2.5206598306890298,757.7050536786538,0.19974664085145186,0.007343480036768693,141.89205498085843,7.18519128715635,0.005885662564339364
3.5700000000000003,2.5192783731796697,757.7037513328415,0.19977934228458305,0.007320162664905861,141.91519959624605,7.172649881928396,0.005881696571418469
3.575,2.517896139900985,757.7024511064686,0.19981197561722935,0.0072968940099830465,141.93829596099198,7.160122140386913,0.00587772116080457
3.58,2.5165131856251857,757.7011530505072,0.19984454085375447,0.007273674067528661,141.96134409127774,7.147608089977296,0.00587373637836626
3.585,2.515129565147517,757.6998572158569,0.19987703799777815,0.007250502833606475,141.98434400271165,7.135107758351821,0.0058697422699046245
3.59,2.513745333289174,757.6985636533254,0.19990946705201795,0.007227380304929338,142.0072957102117,7.122621173414138,0.005865738881137821
3.595,2.512360544890591,757.6972724136447,0.19994182801847538,0.007204306478725561,142.03019922814175,7.11014836326724,0.005861726257717487
3.6,2.5109752548134434,757.6959835474496,0.19997412089828417,0.007181281352847948,142.0530545701991,7.097689356256167,0.005857704445213539
3.605,2.5095895179348457,757.6946971052956,0.2000063456918897,0.007158304925644895,142.0758617495458,7.085244180917747,0.005853673489130324
3.61,2.5082033891484397,757.693413137637,0.2000385023989041,0.007135377196064728,142.0986207787013,7.072812866021509,0.005849633434891639
3.615,2.5068169233594975,757.6921316948445,0.20007059101827884,0.007112498163531531,142.12133166966873,7.060395440521212,0.005845584327856643
3.62,2.505430175485102,757.6908528271834,0.20010261154816653,0.007089667828044812,142.14399443383226,7.047991933593957,0.005841526213305074
3.625,2.5040432004501576,757.6895765848317,0.2001345639860867,0.007066886190060024,142.16660908207882,7.035602374593505,0.005837459136452931
3.63,2.5026560531866546,757.6883030178569,0.20016644832879438,0.007044153250583569,142.18917562470003,7.023226793087578,0.0058333831424378915
3.6350000000000002,2.5012687886305947,757.6870321762365,0.20019826457243928,0.007021469011058035,142.21169407150913,7.010865218812989,0.005829298276334768
3.64,2.499881461720338,757.6857641098325,0.20023001271244056,0.006998833473452541,142.23416443174784,6.998517681711132,0.005825204583141109
3.645,2.498494127394442,757.6844988684131,0.20026169274363986,0.006976246640152664,142.25658671419828,6.986184211884893,0.005821102107792443
3.65,2.4971068405890935,757.683236501627,0.2002933046601824,0.006953708514046134,142.27896092709463,6.973864839632359,0.005816990895148062
3.6550000000000002,2.4957196562368598,757.6819770590248,0.2003248484556633,0.006931219098417466,142.30128707823047,6.9615595954055145,0.005812870990006053
3.66,2.4943326292632086,757.6807205900338,0.20035632412301546,0.006908778397029021,142.32356517487494,6.9492685098421445,0.00580874243708926
3.665,2.492945814586172,757.6794671439793,0.20038773165464904,0.006886386414020309,142.34579522387526,6.936991613726338,0.005804605281060108
3.67,2.4915592671119486,757.6782167700588,0.20041907104234602,0.006864043153984431,142.36797723157784,6.924728938018581,0.005800459566506736
3.6750000000000003,2.4901730417354857,757.6769695173646,0.20045034227739303,0.006841748621872066,142.39011120392595,6.9124805138180605,0.005796305337957623
3.68,2.4887871933351646,757.675725434856,0.20048154535048235,0.0068195028230633005,142.41219714638547,6.900246372390961,0.005792142639867888
3.685,2.4874017767742997,757.6744845713844,0.20051268025183833,0.006797305763276273,142.4342350640378,6.888026545134563,0.0057879715166337204
3.69,2.4860168468949086,757.6732469756635,0.20054374697112468,0.00677515744863442,142.4562249615104,6.8758210636037385,0.005783792012578837
3.6950000000000003,2.484632458520125,757.6720126962952,0.2005747454975645,0.006753057885579765,142.4781668430649,6.863629959476852,0.005779604171968731
3.7,2.483248666447057,757.67078178174,0.20060567581985378,0.006731007080935603,142.5000607125323,6.851453264580458,0.005775408038997275
3.705,2.4818655254501154,757.6695542803425,0.20063653792627517,0.006709005041824414,142.5219065733963,6.839291010857004,0.005771203657800797
3.71,2.4804830902729584,757.6683302403019,0.20066733180461782,0.0066870517757259915,142.54370442873335,6.827143230387717,0.005766991072444825
3.715,2.4791014156327327,757.6671097096979,0.2006980574422845,0.006665147290399992,142.5654542812911,6.815009955362128,0.005762770326937992
3.72,2.47772055621111,757.6658927364604,0.20072871482621793,0.006643291593939515,142.58715613343304,6.802891218099148,0.0057585414652189144
3.725,2.476340566659444,757.6646793683965,0.20075930394300145,0.006621484694698272,142.6088099872124,6.790787051018399,0.005754304531169938
3.73,2.47496150158889,757.6634696531592,0.2007898247787917,0.006599726601339645,142.63041584432133,6.778697486659496,0.005750059568604149
3.735,2.473583415576479,757.6622636382749,0.20082027731941277,0.006578017322768437,142.65197370616016,6.766622557655173,0.005745806621278953
3.74,2.472206363154333,757.6610613711122,0.2008506615502951,0.006556356868175454,142.67348357379106,6.754562296748778,0.005741545732883217
3.745,2.4708303988166453,757.6598628989093,0.20088097745656353,0.0065347452469738335,142.69494544800278,6.742516736769207,0.005737276947050697
3.75,2.4694555770079893,757.6586682687422,0.2009112250229822,0.00651318246883913,142.71635932926762,6.730485910646597,0.005733000307347297
3.755,2.468081952131214,757.6574775275537,0.20094140423403622,0.006491668543650221,142.7377252178067,6.71846985138906,0.005728715857284352
3.7600000000000002,2.466709578534848,757.6562907221197,0.20097151507388297,0.006470203481524938,142.75904311354302,6.706468592096601,0.005724423640305997
3.765,2.4653385105219017,757.6551078990797,0.20100155752642726,0.006448787292765516,142.78031301616818,6.694482165939644,0.005720123699802314
3.77,2.463968802336368,757.653929104902,0.2010315315752789,0.006427419987889796,142.8015349250985,6.682510606171162,0.0057158160790968075
3.775,2.462600508172937,757.6527543859154,0.20106143720382152,0.0064061015775811895,142.82270883953703,6.670553946107008,0.005711500821459417
3.7800000000000002,2.4612336821625953,757.651583788273,0.2010912743951763,0.0063848320727154856,142.84383475843399,6.6586122191362636,0.005707177970094093
3.785,2.459868378383246,757.6504173579852,0.20112104313226442,0.006363611484315322,142.86491268054434,6.646685458703366,0.0057028475681516816
3.79,2.4585046508444086,757.649255140883,0.20115074339777714,0.00634243982357261,142.88594260439277,6.634773698316678,0.0056985096587176005
3.795,2.4571425534987474,757.6480971826509,0.20118037517423165,0.006321317101807478,142.9069245283267,6.62287697153241,0.005694164284824596
3.8000000000000003,2.455782140225875,757.6469435287897,0.20120993844394747,0.006300243330486364,142.92785845048533,6.610995311961419,0.005689811489440511
3.805,2.4544234648447856,757.645794224651,0.20123943318909604,0.006279218521185408,142.9487443688487,6.599128753254928,0.0056854513154809315
3.81,2.4530665810967593,757.6446493153986,0.2012688593916831,0.006258242685604224,142.96958228121073,6.587277329109552,0.005681083805797027
3.815,2.4517115426587033,757.6435088460435,0.2012982170335921,0.006237315835533729,142.99037218522395,6.575441073254798,0.005676709003188099
3.8200000000000003,2.4503584031251626,757.6423728614049,0.20132750609657254,0.006216437982865623,143.01111407837678,6.563620019456351,0.005672326950389494
3.825,2.4490072160225647,757.6412414061462,0.20135672656227738,0.006195609139564627,143.03180795803397,6.5518142015053416,0.005667937690085047
3.83,2.4476580347903365,757.640114524735,0.2013858784122571,0.006174829317673706,143.05245382141797,6.540023653219885,0.0056635412648950705
3.835,2.4463109127960503,757.63899226148,0.20141496162799113,0.006154098529290681,143.0730516656452,6.528248408436123,0.0056591377173887
3.84,2.444965903315654,757.6378746604897,0.20144397619088783,0.006133416786569244,143.0936014877115,6.516488501008025,0.005654727090071948
3.845,2.443623059549515,757.6367617657106,0.2014729220823097,0.006112784101699903,143.11410328452413,6.504743964800197,0.0056503094253999575
3.85,2.4422824346017675,757.6356536208856,0.20150179928357945,0.006092200486906821,143.13455705289135,6.4930148336859475,0.005645884765765117
3.855,2.4409440814972467,757.6345502695922,0.20153060777599896,0.006071665954433078,143.15496278955018,6.481301141541863,0.005641453153509232
3.86,2.439608053159959,757.6334517552,0.2015593475408611,0.006051180516533351,143.17532049116008,6.469602922244146,0.00563701463091169
3.865,2.4382744024309084,757.6323581209106,0.20158801855946298,0.006030744185463476,143.19563015432647,6.457920209664947,0.005632569240201557
3.87,2.436943182045689,757.6312694097138,0.2016166208131234,0.006010356973469017,143.2158917755984,6.446253037666995,0.005628117023545787
3.875,2.4356144446532006,757.6301856644278,0.20164515428318994,0.005990018892779073,143.23610535148813,6.434601440101668,0.00562365802306125
3.88,2.4342882427923653,757.6291069276559,0.20167361895106228,0.005969729955590769,143.25627087847255,6.422965450801918,0.005619192280802979
3.8850000000000002,2.432964628911734,757.6280332418263,0.2017020147981936,0.005949490174067301,143.2763883530086,6.411345103582096,0.005614719838776139
3.89,2.431643655345329,757.6269646491487,0.20173034180611918,0.005929299560318387,143.29645777153897,6.39974043222917,0.0056102407389243035
3.895,2.4303253743331377,757.6259011916544,0.20175859995645196,0.0059091581264024955,143.3164791305031,6.388151470504289,0.005605755023141366
3.9,2.4290098379960847,757.6248429111525,0.20178678923091703,0.005889065884303296,143.33645242634688,6.376578252132312,0.00560126273325985
3.9050000000000002,2.427697098357409,757.6237898492714,0.20181490961134121,0.005869022845936057,143.35637765552974,6.365020810805097,0.005596763911062757
3.91,2.426387207316771,757.6227420474127,0.20184296107969302,0.005849029023120133,143.37625481453793,6.353479180169367,0.005592258598271916
3.915,2.4250802166725087,757.6216995467944,0.20187094361806648,0.005829084427589483,143.39608389988794,6.341953393831707,0.005587746836559772
3.92,2.423776178094887,757.6206623884048,0.20189885720872672,0.005809189070961238,143.41586490814333,6.3304434853447615,0.0055832286675377586
3.9250000000000003,2.4224751431492253,757.6196306130448,0.20192670183408795,0.005789342964750312,143.4355978359142,6.318949488213951,0.005578704132768045
3.93,2.421177163268292,757.6186042612824,0.20195447747676445,0.0057695461203340955,143.45528267987805,6.307471435882018,0.005574173273751918
3.935,2.419882289776307,757.6175833734954,0.201982184119543,0.0057497985489711086,143.474919436775,6.296009361737434,0.005569636131941499
3.94,2.4185905738604805,757.6165679898247,0.20200982174543913,0.0057301002617618675,143.4945081034325,6.284563299097311,0.00556509274872813
3.9450000000000003,2.417302066595885,757.6155581502185,0.20203739033766402,0.005710451269671548,143.51404867675672,6.273133281217496,0.005560543165454061
3.95,2.4160168189161473,757.6145538943842,0.20206488987968588,0.0056908515834870705,143.5335411537609,6.261719341273863,0.005555987423400842
3.955,2.414734881639184,757.6135552618341,0.20209232035519148,0.0056713012138437284,143.55298553155285,6.250321512374078,0.005551425563800981
3.96,2.4134563054370504,757.6125622918357,0.20211968174815279,0.00565180017117853,143.5723818073669,6.238939827537276,0.0055468576278263305
3.9650000000000003,2.4121811408625384,757.611575023459,0.20214697404278278,0.00563234846576076,143.59172997854768,6.227574319707507,0.005542283656599733
3.97,2.410909438318185,757.6105934955254,0.2021741972236074,0.005612946107641642,143.61103004258572,6.216225021731799,0.005537703691183404
3.975,2.4096412480837284,757.6096177466561,0.20220135127541597,0.005593593106688769,143.63028199709728,6.204891966375268,0.005533117772590548
3.98,2.408376620284281,757.6086478152206,0.2022284361833381,0.005574289472532123,143.64948583986353,6.193575186297592,0.005528525941773739
3.985,2.407115604918638,757.607683739385,0.20225545193278888,0.005555035214602362,143.6686415688068,6.182274714069767,0.005523928239636533
3.99,2.4058582518266243,757.6067255570607,0.2022823985095507,0.005535830342073236,143.68774918203314,6.170990582149015,0.005519324707021819
3.995,2.4046046107182493,757.6057733059524,0.20230927589971315,0.005516674863903679,143.70680867780482,6.159722822897166,0.005514715384723433
4.0,2.4033547311402272,757.6048270235075,0.20233608408975984,0.005497568788776679,143.7258200545865,6.148471468554011,0.00551010031347449
4.005,2.4021086625059827,757.6038867469636,0.20236282306650302,0.005478512125145113,143.74478331101398,6.1372365512573035,0.0055054795339589966
4.01,2.4008664540613456,757.6029525132973,0.20238949281717533,0.0054595048811671475,143.76369844594373,6.126018103014577,0.005500853086800156
4.015,2.3996281549153977,757.6020243592737,0.20241609332935911,0.00544054706475576,143.78256545841813,6.114816155724745,0.0054962210125719824
4.0200000000000005,2.3983938140053565,757.6011023213931,0.20244262459108314,0.0054216386835107145,143.80138434771837,6.103630741148404,0.005491583351787585
4.025,2.3971634801282544,757.6001864359416,0.20246908659074664,0.005402779744771737,143.82015511332597,6.092461890931019,0.005486940144910787
4.03,2.3959372019050136,757.5992767389375,0.20249547931722087,0.005383970255547106,143.8388777549792,6.0813096365717225,0.005482291432344374
4.035,2.394715027812956,757.5983732661821,0.2025218027597681,0.005365210222570428,143.85755227263093,6.07017400944807,0.005477637254441729
4.04,2.393497006149077,757.5974760532058,0.20254805690814776,0.005346499652225919,143.87617866650828,6.0590550407833605,0.005472977651495038
4.045,2.3922831850633766,757.5965851353197,0.20257424175253053,0.005327838550608723,143.89475693706723,6.047952761672951,0.005468312663746956
4.05,2.391073612521339,757.5957005475607,0.20260035728360895,0.005309226923446932,143.91328708505512,6.036867203050102,0.005463642331378758
4.055,2.389868336338084,757.5948223247436,0.2026264034925068,0.005290664776165398,143.9317691114621,6.025798395713838,0.005458966694522028
4.0600000000000005,2.388667404140052,757.5939505014064,0.20265238037089403,0.005272152113804551,143.95020301758674,6.014746370293346,0.005454285793246774
4.065,2.3874708633999724,757.5930851118625,0.20267828791089124,0.005253688941087662,143.96858880498408,6.003711157277363,0.0054495996675731385
4.07,2.3862787613977643,757.5922261901449,0.20270412610518934,0.005235275262336505,143.98692647553423,5.992692786977142,0.005444908357459456
4.075,2.38509114525631,757.5913737700599,0.202729894946949,0.005216911081542002,144.0052160313872,5.981691289557343,0.005440211902814005
4.08,2.3839080619015798,757.590527885131,0.20275559442992472,0.0051985964022768245,144.02345747503458,5.9707066949976015,0.005435510343483012
4.085,2.38272955809921,757.5896885686516,0.20278122454835962,0.005180331227769352,144.041650809251,5.959739033124902,0.005430803719262432
4.09,2.38155568041385,757.5888558536296,0.20280678529711368,0.005162115560813259,144.05979603716892,5.948788333573764,0.005426092069885898
4.095,2.380386475246541,757.5880297728413,0.2028322766715541,0.005143949403844743,144.07789316221664,5.937854625820077,0.005421375435036544
4.1,2.3792219887932995,757.5872103587735,0.2028576986676875,0.005125832758849158,144.0959421881962,5.926937939139933,0.005416653854334886
4.105,2.378062267083283,757.5863976436794,0.20288305128204584,0.0051077656274414514,144.11394311921822,5.916038302644902,0.005411927367350701
4.11,2.3769073559366136,757.5855916595204,0.20290833451182275,0.005089748010769916,144.13189595978258,5.905155745239532,0.005407196013590829
4.115,2.375757301003333,757.5847924380213,0.20293354835475494,0.005071779909599767,144.14980071471015,5.894290295658045,0.00540245983251111
4.12,2.3746121477204714,757.5840000106125,0.20295869280926257,0.00505386132421407,144.16765738922643,5.883441982420515,0.00539771886350411
4.125,2.3734719413517813,757.5832144084857,0.2029837678743262,0.005035992254500419,144.18546598889,5.872610833870992,0.005392973145911116
4.13,2.37233672694406,757.5824356625354,0.20300877354963115,0.005018172699849095,144.203226519679,5.861796878132361,0.00538822271900979
4.135,2.3712065493676566,757.5816638034152,0.2030337098354401,0.0050004026592427794,144.2209389879166,5.851000143145869,0.005383467622026212
4.14,2.3700814532720567,757.5808988614787,0.20305857673274139,0.004982682131152014,144.2386034003602,5.840220656624709,0.005378707894122465
4.1450000000000005,2.3689614831271557,757.5801408668362,0.20308337424311732,0.004965011113627883,144.25621976412387,5.829458446094905,0.005373943574408738
4.15,2.367846683178108,757.5793898492959,0.20310810236889607,0.004947389604194861,144.27378808677008,5.818713538847659,0.00536917470193083
4.155,2.3667370974873654,757.5786458384204,0.20313276111301612,0.004929817599946377,144.29130837622958,5.8079859619815775,0.005364401315682316
4.16,2.365632769888797,757.5779088634671,0.20315735047918168,0.004912295097435107,144.30878064089538,5.797275742353784,0.005359623454591964
4.165,2.3645337440304854,757.5771789534462,0.2031818704717231,0.0048948220927714,144.3262048895399,5.786582906623481,0.005354841157535981
4.17,2.3634400633281234,757.5764561370602,0.20320632109575568,0.0048773985815110605,144.34358113141144,5.775907481201861,0.005350054463325332
4.175,2.3623517710085604,757.5757404427619,0.2032307023570364,0.004860024558756554,144.3609093761486,5.765249492296961,0.005345263410718064
4.18,2.3612689100624897,757.5750318986941,0.20325501426212614,0.0048427000190423754,144.3781896338792,5.754608965862404,0.0053404680384065316
4.1850000000000005,2.360191523288732,757.5743305327483,0.20327925681824227,0.004825424956438954,144.3954219151318,5.743985927643529,0.005335668385029797
4.19,2.3591196532462195,757.5736363725027,0.2033034300334245,0.004808199364435689,144.41260623093723,5.73338040312499,0.005330864489160768
4.195,2.3580533422990166,757.5729494452828,0.20332753391638375,0.00479102323604748,144.4297425927374,5.722792417578129,0.005326056389318668
4.2,2.356992632567604,757.5722697780985,0.203351568476671,0.004773896563695483,144.44683101248896,5.712221996007448,0.005321244123956081
4.205,2.3559375659746253,757.5715973977047,0.2033755337245227,0.004756819339316234,144.4638715025698,5.701669163199232,0.00531642773147151
4.21,2.3548881841954863,757.5709323305387,0.20339942967103258,0.004739791554240184,144.48086407588468,5.6911339436669035,0.005311607250196318
4.215,2.35384452870482,757.5702746027802,0.20342325632799377,0.00472281319930333,144.49780874576942,5.680616361700861,0.005306782718407372
4.22,2.352806640726402,757.5696242402895,0.20344701370807342,0.004705884264723623,144.51470552609854,5.6701164413127545,0.005301954174313878
4.225,2.351774561280332,757.5689812686678,0.20347070182465135,0.004689004740215022,144.5315544311871,5.659634206286516,0.005297121656070126
4.23,2.3507483311322717,757.5683457131943,0.20349432069199777,0.004672174614861858,144.5483554759004,5.649169680121579,0.005292285201762209
4.235,2.3497279908413367,757.567717598887,0.2035178703251085,0.004655393877235249,144.56510867555335,5.638722886085075,0.005287444849420869
4.24,2.3487135807086648,757.56709695044,0.20354135073988544,0.004638662515265467,144.58181404602237,5.628293847154028,0.005282600637008098
4.245,2.3477051408260055,757.5664837922844,0.20356476195296855,0.004621980516360653,144.59847160364228,5.6178825860686805,0.00527775260243009
4.25,2.3467027110236347,757.5658781485251,0.20358810398191915,0.0046053478672772865,144.6150813653202,5.607489125273705,0.0052729007835237264
4.255,2.345706330919629,757.5652800430026,0.20361137684504865,0.004588764554241099,144.6316433484303,5.597113486972634,0.005268045218069627
4.26,2.344716039867136,757.5646894992287,0.2036345805616045,0.004572230562815726,144.64815757092933,5.586755693068102,0.005263185943778523
4.265,2.34373187700433,757.5641065404495,0.2036577151515959,0.004555745878025766,144.66462405124943,5.576415765217357,0.005258322998304413
4.2700000000000005,2.3427538812010384,757.5635311895801,0.203680780635982,0.004539310484223661,144.68104280841544,5.566093724771573,0.005253456419230815
4.275,2.341782091109376,757.5629634692681,0.2037037770364951,0.004522924365214849,144.69741386193536,5.5557895928324115,0.005248586244084033
4.28,2.3408165451097354,757.5624034018285,0.20372670437583093,0.004506587504122952,144.7137372319197,5.545503390190423,0.005243712510319284
4.285,2.3398572813620904,757.5618510093072,0.20374956267746908,0.004490299883516921,144.73001293896982,5.535235137382639,0.005238835255334081
4.29,2.3389043377513605,757.561306313415,0.20377235196586563,0.004474061485274635,144.74624100429875,5.524984854630092,0.005233954516454232
4.295,2.3379577519393737,757.5607693355927,0.2037950722662707,0.0044578722907119605,144.76242144961773,5.514752561896408,0.005229070330947335
4.3,2.337017561309618,757.5602400969439,0.20381772360492342,0.004441732280444827,144.77855429725867,5.504538278824483,0.005224182736008663
4.305,2.3360838030198496,757.5597186183,0.20384030600886688,0.004425641434520133,144.79463957005865,5.494342024796035,0.00521929176877476
4.3100000000000005,2.3351565139462402,757.5592049201547,0.20386281950614488,0.0044095997322763725,144.81067729148393,5.484163818867468,0.005214397466309206
4.315,2.334235730736629,757.5586990227271,0.2038852641256146,0.004393607152476319,144.8266674855128,5.474003679830369,0.005209499865616335
4.32,2.333321489754069,757.5582009458968,0.2039076398971454,0.004377663673166274,144.84261017676062,5.463861626146575,0.0052045990036268626
4.325,2.332413827130716,757.5577107092679,0.20392994685142876,0.0043617692718104445,144.85850539036133,5.453737676009586,0.005199694917211729
4.33,2.331512778710783,757.5572283321027,0.20395218502017917,0.004345923925148912,144.87435315209376,5.443631847278878,0.0051947876431675975
4.335,2.330618380105054,757.5567538333871,0.20397435443594175,0.004330127609333615,144.89015348826132,5.433544157542193,0.005189877218230816
4.34,2.329730666633261,757.5562872317632,0.2039964551322947,0.004314380299785115,144.90590642581964,5.423474624049129,0.005184963679062786
4.345,2.328849673379215,757.5558285455955,0.20401848714365495,0.00429868197133011,144.92161199225467,5.413423263774284,0.005180047062264048
4.3500000000000005,2.327975435132607,757.5553777929032,0.20404045050548208,0.00428303259805707,144.93727021571166,5.40339009335014,0.005175127404359517
4.355,2.3271079864447537,757.5549349914262,0.20406234525408198,0.004267432153455227,144.95288112487162,5.393375129131047,0.005170204741812693
4.36,2.32624736156983,757.5545001585579,0.20408417142681215,0.0042518806102691325,144.96844474908139,5.383378387125432,0.005165279111010762
4.365,2.325393594521218,757.5540733114112,0.20410592906188357,0.0042363779406390375,144.98396111822865,5.373399883060569,0.005160350548278938
4.37,2.3245467190121882,757.5536544667508,0.20412761819856726,0.004220924115954489,144.99943026287315,5.3634396323141695,0.005155419089865422
4.375,2.3237067685128348,757.5532436410596,0.20414923887699427,0.004205519106996,145.01485221412037,5.353497649979907,0.005150484771955877
4.38,2.322873776190216,757.5528408504708,0.2041707911383637,0.004190162883787756,145.03022700375345,5.343573950798405,0.005145547630658251
4.385,2.322047774965871,757.5524461108354,0.2041922750247408,0.004174855415740514,145.0455546641059,5.333668549223495,0.00514060770201738
4.39,2.3212287974554244,757.5520594376524,0.2042136905792661,0.004159596671503484,145.06083522819432,5.323781459352634,0.005135665021999677
4.3950000000000005,2.3204168760266777,757.5516808461376,0.20423503784595204,0.004144386619108379,145.07606872958965,5.3139126949938635,0.00513071962650786
4.4,2.31961204273869,757.551310351154,0.2042563168698931,0.004129225225820571,145.09125520255108,5.304062269595687,0.005125771551365512
4.405,2.31881432940043,757.55094796728,0.20427752769706084,0.0041141124582841915,145.10639468189595,5.294230196314705,0.005120820832331939
4.41,2.3180237675093434,757.5505937087397,0.20429867037451502,0.00409904828237263,145.1214872031344,5.28441648794497,0.0051158675050865824
4.415,2.317240388310559,757.5502475894718,0.20431974495019728,0.004084032663334639,145.1365328023383,5.274621156986279,0.005110911605244025
4.42,2.3164642227349512,757.5499096230598,0.20434075147314304,0.0040690655656442426,145.1515315162765,5.264844215573043,0.005105953168338254
4.425,2.3156953014588915,757.5495798228002,0.20436168999327387,0.00405414695314775,145.1664833822828,5.255085675543187,0.005100992229837806
4.43,2.3149336548418127,757.5492582016332,0.20438256056161014,0.004039276788913163,145.18138843839168,5.24534554836658,0.005096028825129892
4.4350000000000005,2.3141793129864983,757.5489447722116,0.20440336323006222,0.004024455035378029,145.19624672320563,5.2356238452145085,0.005091062989535674
4.44,2.3134323056761628,757.5486395468305,0.2044240980516437,0.004009681654198422,145.2110582760311,5.225920576887695,0.00508609475829425
4.445,2.3126926624352633,757.5483425374965,0.2044447650802615,0.003994956606397543,145.2258231367451,5.216235753886322,0.0050811241665780745
4.45,2.3119604124661044,757.5480537558576,0.20446536437092971,0.003980279852214352,145.24054134593172,5.206569386337656,0.005076151249476792
4.455,2.3112355847101687,757.5477732132725,0.20448589597955863,0.003965651351252858,145.2552129447477,5.196921484066599,0.005071176042012804
4.46,2.310518207784255,757.5475009207405,0.20450635996316893,0.00395107106233047,145.26983797505963,5.187292056522962,0.005066198579124958
4.465,2.3098083100423157,757.5472368889701,0.20452675637968007,0.003936538943627891,145.28441647930865,5.177681112852492,0.005061218895684254
4.47,2.3091059195111368,757.5469811283103,0.20454708528812454,0.003922054952537271,145.29894850064775,5.168088661823834,0.00505623702647739
4.4750000000000005,2.3084110639526756,757.5467336488182,0.2045673467484356,0.003907619045812618,145.3134340828064,5.1585147119000085,0.005051253006222609
4.48,2.3077237707992952,757.54649446019,0.20458754082166175,0.003893231179417848,145.32787327022763,5.1489592711650864,0.005046266869553107
4.485,2.307044067216587,757.5462635718303,0.2046076675697537,0.003878891308677625,145.34226610793206,5.139422347396089,0.005041278651033016
4.49,2.3063719800381697,757.5460409927814,0.20462772705577906,0.0038645993881253667,145.35661264165552,5.129903947989399,0.005036288385140667
4.495,2.305707535828993,757.5458267317931,0.20464771934370873,0.0038503553716544643,145.37091291771242,5.120404080033062,0.00503129610628472
4.5,2.305050760819707,757.5456207972526,0.2046676444986315,0.00383615921236631,145.38516698313325,5.110922750232966,0.00502630184878728
4.505,2.3044016809704355,757.5454231972537,0.20468750258654014,0.00382201086272181,145.39937488552786,5.101459964985503,0.005021305646900178
4.51,2.303760321904731,757.5452339395272,0.20470729367454568,0.00380791027438952,145.41353667322284,5.092015730303556,0.0050163075347879294
4.515,2.3031267089738043,757.5450530315096,0.20472701783066344,0.0037938573983973697,145.4276523951245,5.082590051889484,0.005011307546544169
4.5200000000000005,2.302500867190075,757.5448804802737,0.20474667512402686,0.0037798521849809726,145.4417221008561,5.07318293506095,0.0050063057161744634
4.525,2.3018828212918496,757.5447162925981,0.2047662656246733,0.0037658945837355045,145.45574584062072,5.063794384824202,0.005001302077612889
4.53,2.3012725956764775,757.5445604748961,0.20478578940375772,0.003751984543464252,145.46972366533825,5.054424405799769,0.004996296664704704
4.535,2.3006702144654643,757.5444130332871,0.20480524653333831,0.0037381220123305497,145.4836556265081,5.045073002296004,0.004991289511223062
4.54,2.3000757014372484,757.5442739735247,0.20482463708658968,0.003724306937706673,145.4975417763461,5.035740178234678,0.004986280650851547
4.545,2.2994890800927372,757.5441433010675,0.2048439611375884,0.003710539266325745,145.511382167647,5.026425937224765,0.0049812701172010365
4.55,2.298910373587712,757.5440210210085,0.20486321876152583,0.003696818944131038,145.52517685392107,5.01713028248796,0.004976257943792084
4.555,2.2983396047987834,757.5439071381448,0.20488241003449373,0.003683145916427784,145.53892588925657,5.007853216932661,0.004971244164071929
4.5600000000000005,2.29777679625543,757.5438016569077,0.20490153503369632,0.003669520127732951,145.5526293284562,4.9985947430794555,0.004966228811396742
4.565,2.2972219702063623,757.5437045814326,0.20492059383723624,0.003655941521926894,145.5662872268994,4.989354863135275,0.004961211919048773
4.57,2.296675148551209,757.5436159154883,0.2049395865243258,0.0036424100421036647,145.57989964067835,4.980133578918864,0.004956193520218456
4.575,2.296136352907278,757.5435356625474,0.20495851317507333,0.0036289256307224216,145.59346662646064,4.970930891935073,0.0049511736480217046
4.58,2.295605604540898,757.5434638257157,0.20497737387069342,0.0036154882294583673,145.60698824162458,4.961746803300362,0.004946152335481871
4.585,2.2950829244345714,757.5434004078026,0.2049961686932939,0.003602097779353833,145.62046454412214,4.952581313817193,0.004941129615547189
4.59,2.2945683332179816,757.5433454112505,0.20501489772608497,0.003588754220669903,145.6338955926136,4.943434423899583,0.004936105521072589
4.595,2.2940618512355186,757.5432988382051,0.20503356105316678,0.0035754574930371135,145.6472814463309,4.934306133647577,0.004931080084837289
4.6000000000000005,2.293563498476972,757.543260690445,0.20505215875973762,0.0035622075353078254,145.6606221652116,4.925196442772885,0.004926053339526467
4.605,2.2930732946454166,757.5432309694519,0.20507069093188185,0.0035490042857064755,145.6739178097626,4.916105350673398,0.004921025317748994
4.61,2.2925912590876005,757.54320967634,0.2050891576567772,0.003535847681682755,145.68716844119336,4.907032856358937,0.004915996052018971
4.615,2.292117410862183,757.5431968119269,0.20510755902248345,0.003522737660061333,145.70037412128,4.897978958525784,0.004910965574773602
4.62,2.291651768669823,757.5431923766625,0.20512589511814824,0.00350967415689593,145.7135349124978,4.888943655482574,0.004905933918354595
4.625,2.2911943509217627,757.5431963707002,0.20514416603379682,0.003496657107618435,145.72665087788593,4.879926945224811,0.004900901115026173
4.63,2.2907451756696284,757.5432087938254,0.2051623718605365,0.00348368644689393,145.73972208117885,4.870928825360926,0.0048958671969563435
4.635,2.290304260674348,757.5432296455268,0.20518051269034726,0.0034707621087691418,145.75274858667174,4.861949293186752,0.00489083219623505
4.64,2.289871623335671,757.5432589249257,0.2051985886162848,0.0034578840265284765,145.76573045935106,4.8529883456117835,0.0048857961448553035
4.6450000000000005,2.2894472807614132,757.5432966308465,0.20521659973227208,0.0034450521328417325,145.77866776476043,4.844045979233566,0.004880759074731472
4.65,2.2890312496967113,757.5433427617462,0.2052345461333011,0.0034322663596212267,145.7915605691304,4.835122190264196,0.004875721017680287
4.655,2.2886235465935756,757.5433973157851,0.2052524279152255,0.0034195266381686876,145.80440893924498,4.826216974604597,0.004870682005439264
4.66,2.2882241875398917,757.5434602907563,0.20527024517496054,0.0034068328990335206,145.81721294257034,4.817330327771272,0.004865642069647577
4.665,2.2878331883292744,757.543531684156,0.20528799801027708,0.003394185072158844,145.82997264712208,4.808462244970455,0.0048606012418646195
4.67,2.287450564389826,757.5436114931139,0.20530568651999992,0.0033815830867409435,145.84268812159291,4.799612721025144,0.004855559553550752
4.675,2.28707633085428,757.5436997144627,0.20532331080380298,0.0033690268713743752,145.8553594352208,4.7907817504490815,0.004850517036085994
4.68,2.286710502488527,757.5437963446687,0.20534087096240589,0.0033565163539126803,145.8679866579154,4.781969327374106,0.004845473720750639
4.6850000000000005,2.2863530937620364,757.5439013799021,0.20535836709737065,0.0033440514616124854,145.88056986012703,4.773175445623935,0.004840429638744091
4.69,2.2860041187761624,757.5440148159662,0.2053757993112963,0.0033316321209955427,145.89310911297207,4.764400098641865,0.004835384821165348
4.695,2.2856635913348318,757.5441366483687,0.20539316770761706,0.0033192582579917554,145.90560448810288,4.755643279564315,0.004830339299031971
4.7,2.285331524872644,757.5442668722515,0.20541047239079524,0.003306929797802596,145.91805605783176,4.746904981148903,0.004825293103260445
4.705,2.285007932525811,757.5444054824602,0.2054277134661207,0.003294646665043013,145.93046389500205,4.738185195847746,0.004820246264685275
4.71,2.284692827060063,757.5445524734756,0.20544489103990182,0.0032824087836062724,145.94282807311072,4.72948391573591,0.004815198814039228
4.715,2.28438622094183,757.5447078394827,0.20546200521926686,0.003270216076804683,145.95514866618055,4.7208011325844454,0.004810150781972563
4.72,2.2840881262659622,757.5448715743015,0.20547905611235248,0.003258068467235919,145.96742574888134,4.712136837789251,0.004805102199033144
4.7250000000000005,2.2837985548271456,757.5450436714575,0.20549604382810716,0.0032459658769224977,145.97965939640318,4.7034910224438,0.0048000530956858
4.73,2.2835175180474474,757.5452241241112,0.20551296847647743,0.0032339082271796485,145.99184968457638,4.694863677268456,0.004795003502292327
4.735,2.283245027047955,757.5454129251292,0.20552983016821302,0.0032218954387534787,146.00399668974583,4.686254792682857,0.0047899534491309655
4.74,2.2829810925761556,757.5456100670139,0.20554662901505108,0.0032099274316904273,146.0161004888894,4.677664358735699,0.004784902966376288
4.745,2.2827257250777855,757.5458155419739,0.20556336512952308,0.0031980041254740816,146.0281611594937,4.669092365176764,0.004779852084118805
4.75,2.282478934624062,757.5460293418545,0.2055800386251367,0.0031861254388962637,146.0401787796708,4.6605388013872,0.004774800832344733
4.755,2.2822407309837285,757.5462514582077,0.20559664961618496,0.003174291290192429,146.05215342803544,4.652003656451153,0.0047697492409557295
4.76,2.282011123550147,757.5464818822232,0.20561319821792542,0.0031625015969144426,146.06408518382008,4.643486919086568,0.004764697339748543
4.765,2.281790121413532,757.5467206047979,0.20562968454639155,0.003150756276064506,146.07597412675338,4.634988577716413,0.00475964515843487
4.7700000000000005,2.2815777332879117,757.5469676164668,0.20564610871856956,0.003139055243969666,146.08782033717395,4.6265086204000125,0.004754592726620897
4.775,2.2813739675835416,757.547222907473,0.2056624708522117,0.0031273984164142264,146.09962389590999,4.618047034903838,0.00474954007382728
4.78,2.2811788323337474,757.5474864676988,0.20567877106601082,0.003115785708516027,146.1113848843913,4.609603808633404,0.00474448722946857
4.785,2.2809923352675034,757.547758286735,0.2056950094794157,0.0031042170348572775,146.12310338453057,4.6011789287035905,0.004739434222873313
4.79,2.2808144837361684,757.5480383538123,0.20571118621280318,0.0030926923093626732,146.13477947883368,4.592772381871135,0.0047343810832633755
4.795,2.28064528478622,757.5483266578713,0.2057273013872956,0.0030812114454285963,146.14641325028242,4.584384154604457,0.004729327839774152
4.8,2.280484745085896,757.5486231874928,0.20574335512493053,0.003069774355803098,146.158004782443,4.576014233016764,0.004724274521433791
4.805,2.2803328709980715,757.5489279309687,0.20575934754848044,0.003058380952713425,146.1695541593504,4.5676626029353615,0.004719221157183518
4.8100000000000005,2.2801896685068135,757.549240876232,0.20577527878161964,0.0030470311477479124,146.18106146561513,4.5593292498353835,0.004714167775856753
4.815,2.280055143290393,757.5495620109273,0.2057911489487467,0.0030357248519817925,146.19252678630917,4.55101415890858,0.004709114406199556
4.82,2.27992930064777,757.549891322342,0.2058069581751483,0.0030244619758610257,146.20395020707076,4.542717314997686,0.004704061076849634
4.825,2.2798121455717193,757.5502287974755,0.20582270658682422,0.003013242429326341,146.21533181399212,4.534438702664651,0.0046990078163569
4.83,2.2797036826752604,757.5505744229711,0.2058383943106486,0.003002066121699068,146.22667169372238,4.526178306125682,0.00469395465316239
4.835,2.279603916264889,757.5509281851854,0.20585402147419724,0.0029909329618033518,146.237969933357,4.517936109318892,0.0046889016156189175
4.84,2.27951285026696,757.5512900701199,0.20586958820590615,0.002979842857854012,146.24922662053874,4.509712095840031,0.0046838487319699066
4.845,2.279430488301017,757.5516600634902,0.2058850946349014,0.0029687957175769017,146.26044184334876,4.501506249009531,0.0046787960303701455
4.8500000000000005,2.2793568336061343,757.5520381506584,0.20590054089115473,0.0029577914480988245,146.2716156904058,4.4933185518089465,0.0046737435388645296
4.855,2.2792918891143343,757.5524243167014,0.20591592710531625,0.0029468299560660004,146.2827482507591,4.485148986947376,0.004668691285408922
4.86,2.2792356573769053,757.5528185463437,0.2059312534088669,0.0029359111475360713,146.29383961398534,4.476997536798631,0.004663639297848799
4.865,2.2791881406378907,757.5532208240263,0.20594651993395396,0.0029250349280946224,146.3048898700835,4.468864183467006,0.004658587603940215
4.87,2.279149340760393,757.5536311338387,0.20596172681354055,0.002914201202749326,146.31589910957004,4.460748908725198,0.004653536231328365
4.875,2.279119259300126,757.554049459588,0.20597687418124394,0.0029034098760444787,146.32686742337526,4.45265169407941,0.004648485207568643
4.88,2.2790978974317193,757.5544757847314,0.20599196217148186,0.002892660851957303,146.33779490293657,4.444572520708035,0.00464343456010512
4.885,2.2790852560223156,757.5549100924446,0.2060069909193138,0.002881954034010467,146.34868164009694,4.436511369526068,0.004638384316291703
4.89,2.279081335557888,757.5553523655553,0.20602196056058425,0.0028712893251705745,146.3595277271958,4.428468221124575,0.0046333345033705295
4.8950000000000005,2.279086136216875,757.5558025866105,0.20603687123176675,0.002860666627958632,146.37033325696956,4.420443055834398,0.004628285148493213
4.9,2.279099657796522,757.5562607378106,0.20605172307010416,0.00285008584435076,146.38109832264044,4.41243585366642,0.00462323627869917
4.905,2.279121899786541,757.5567268010768,0.20606651621345562,0.0028395468758865634,146.391823017819,4.404446594374546,0.004618187920936952
4.91,2.279152861295483,757.5572007579854,0.2060812508004335,0.0028290496235720856,146.40250743659072,4.396475257396779,0.00461314010204249
4.915,2.279192541124417,757.5576825898346,0.20609592697025353,0.0028185939879860687,146.41315167342063,4.388521821917459,0.004608092848760523
4.92,2.279240937693347,757.5581722775792,0.2061105448628686,0.0028081798691851644,146.4237558232376,4.380586266809169,0.004603046187722767
4.925,2.279298049114893,757.5586698018973,0.2061251046188217,0.0027978071668080485,146.4343199813412,4.372668570694207,0.004598000145469426
4.93,2.279363873120763,757.5591751431253,0.20613960637937662,0.0027874757799829187,146.44484424348374,4.364768711887339,0.004592954748427296
4.9350000000000005,2.279438407135429,757.5596882813246,0.206154050286374,0.0027771856074294272,146.4553287057792,4.3568866684564975,0.004587910022931351
4.94,2.279521648202666,757.5602091962161,0.2061684364823588,0.0027669365473684962,146.465773464783,4.34902241816638,0.004582865995202792
4.945,2.2796135930592087,757.5607378672471,0.2061827651104393,0.0027567284976220364,146.4761786174031,4.341175938538362,0.004577822691370698
4.95,2.27971423806137,757.5612742735268,0.20619703631441133,0.0027465613555250883,146.48654426097752,4.333347206794956,0.0045727801374500195
4.955,2.279823579258665,757.5618183938918,0.20621125023862055,0.0027364350180233165,146.49687049318757,4.325536199918924,0.004567738359363307
4.96,2.279941612320524,757.5623702068425,0.20622540702808334,0.002726349381587496,146.5071574121333,4.317742894598614,0.00456269738291864
4.965,2.28006833260987,757.5629296906079,0.20623950682835213,0.002716304342308745,146.5174051162485,4.309967267286245,0.00455765723383143
4.97,2.2802037351099367,757.5634968230833,0.20625354978563298,0.002706299795815376,146.52761370437426,4.302209294144143,0.004552617937702291
4.9750000000000005,2.2803478144977913,757.5640715818938,0.20626753604665438,0.0026963356373658496,146.53778327567596,4.294468951102182,0.004547579520038918
4.98,2.280500565071266,757.5646539443326,0.20628146575878115,0.002686411761768007,146.54791392971455,4.286746213804926,0.004542542006233896
4.985,2.280661980822417,757.5652438874248,0.20629533906988656,0.002676528063469714,146.5580057663659,4.279041057668215,0.004537505421586648
4.99,2.280832055364579,757.5658413878648,0.206309156128463,0.002666684436480489,146.56805888588963,4.271353457827225,0.0045324697912811985
4.995,2.281010782005746,757.5664464220813,0.20632291708349737,0.0026568807744598274,146.57807338885067,4.263683389192187,0.004527435140408176
5.0,2.2811981536757697,757.567058966174,0.20633662208457812,0.002647116970641232,146.5880493761859,4.256030826397371,0.004522401493942535
5.005,2.2813941629996433,757.5676789959786,0.20635027128177413,0.0026373929179181964,146.59798694912797,4.248395743855928,0.004517368876765618
5.01,2.2815988022248503,757.5683064870036,0.20636386482573846,0.0026277085087706513,146.60788620926945,4.240778115709807,0.0045123373136428365
5.015,2.281812063294552,757.5689414144957,0.20637740286759024,0.0026180636353485874,146.61774725848903,4.233177915883705,0.004507306829245781
5.0200000000000005,2.2820339377750942,757.5695837533765,0.20639088555901525,0.0026084581894009274,146.62757019901335,4.22559511803593,0.004502277448129869
5.025,2.2822644169290798,757.5702334783072,0.206404313052151,0.0025988920623567805,146.63735513334547,4.21802969561145,0.004497249194756513
5.03,2.2825034916430496,757.5708905636263,0.2064176854996841,0.002589365145256739,146.64710216432434,4.210481621793701,0.004492222093470717
5.035,2.2827511525004316,757.5715549834138,0.2064310030547385,0.0025798773288317443,146.65681139505557,4.202950869556728,0.004487196168523305
5.04,2.283007389709404,757.5722267114289,0.20644426587096937,0.0025704285034368296,146.66648292896858,4.195437411617954,0.0044821714440484856
5.045,2.2832721931757103,757.5729057211746,0.20645747410245505,0.0025610185591275806,146.6761168697496,4.187941220489392,0.004477147944086121
5.05,2.2835455524307147,757.5735919858353,0.20647062790378712,0.002551647385596323,146.68571332139658,4.180462268431381,0.004472125692559261
5.055,2.283827456704071,757.5742854783405,0.20648372742996593,0.002542314872246172,146.69527238815445,4.17300052750287,0.0044671047132964666
5.0600000000000005,2.284117894851987,757.5749861713041,0.2064967728364873,0.0025330209081296635,146.70479417456767,4.165555969516122,0.0044620850300093025
5.065,2.2844168554297313,757.5756940370868,0.2065097642792412,0.0025237653820203904,146.71427878541786,4.158128566086065,0.004457066666314708
5.07,2.2847243266201147,757.5764090477363,0.20652270191459526,0.0025145481823540755,146.72372632577392,4.150718288585956,0.004452049645712472
5.075,2.2850402963058305,757.5771311750486,0.20653558589929683,0.002505369197297776,146.73313690093207,4.143325108195797,0.004447033991607625
5.08,2.2853647519981637,757.5778603905094,0.20654841639055277,0.0024962283146934185,146.74251061646362,4.13594899585898,0.004442019727287908
5.085,2.2856976809091476,757.5785966653549,0.20656119354593533,0.0024871254221245573,146.75184757815722,4.128589922329741,0.004437006875946196
5.09,2.286039069880514,757.5793399705132,0.20657391752345827,0.0024780604068623613,146.76114789206449,4.1212478581308005,0.004431995460657942
5.095,2.2863889054556594,757.5800902766649,0.20658658848148617,0.0024690331559299337,146.77041166444448,4.113922773599842,0.004426985504403639
5.1000000000000005,2.286747173808843,757.5808475541853,0.2065992065788072,0.0024600435560507413,146.77963900180688,4.106614638848147,0.004421977030046246
5.105,2.287113860816951,757.5816117732043,0.2066117719745458,0.0024510914937104964,146.78883001085907,4.099323423806118,0.004416970060353685
5.11,2.2874889519889554,757.5823829035485,0.20662428482823206,0.0024421768551080233,146.79798479854676,4.092049098182889,0.004411964617976242
5.115,2.2878724325374638,757.5831609148019,0.20663674529971776,0.0024332995262146915,146.80710347200332,4.084791631510871,0.004406960725469097
5.12,2.288264287308453,757.5839457762478,0.20664915354924246,0.0024244593927277313,146.81618613858845,4.077550993106378,0.004401958405269723
5.125,2.28866450085259,757.5847374569286,0.2066615097373528,0.0024156563401272115,146.8252329058396,4.070327152113179,0.004396957679720424
5.13,2.28907305735525,757.5855359255888,0.20667381402496532,0.0024068902536317893,146.83424388150826,4.063120077464122,0.004391958571045741
5.135,2.289489940707601,757.5863411507345,0.2066860665732892,0.0023981610182532394,146.84321917351383,4.0559297379237025,0.004386961101375
5.14,2.2899151344369173,757.5871531005765,0.2066982675438855,0.0023894685187546335,146.85215888997755,4.0487561020506915,0.004381965292719722
5.1450000000000005,2.2903486217774125,757.5879717430893,0.20671041709859356,0.002380812639702419,146.86106313917878,4.041599138239711,0.004376971166996184
5.15,2.2907903856008636,757.588797045955,0.2067225153995867,0.0023721932654270227,146.86993202958655,4.034458814684865,0.0043719787460028275
5.155,2.2912404084871802,757.5896289766212,0.20673456260930198,0.0023636102800724808,146.8787656698182,4.02733509942032,0.004366988051442837
5.16,2.2916986726553477,757.5904675022468,0.20674655889049284,0.0023550635675594475,146.88756416866858,4.020227960284937,0.004361999104901548
5.165,2.2921651600337243,757.5913125897581,0.20675850440616197,0.002346553011632397,146.89632763507115,4.013137364961861,0.004357011927869038
5.17,2.292639852191315,757.5921642057951,0.2067703993196106,0.0023380784958250225,146.9050561781247,4.006063280944153,0.00435202654171754
5.175,2.293122730407783,757.5930223167684,0.20678224379437504,0.0023296399035050057,146.91374990705702,3.99900567557338,0.00434704296772404
5.18,2.2936137756050616,757.5938868888046,0.20679403799427232,0.002321237117841805,146.92240893124912,3.9919645160062496,0.004342061227047702
5.1850000000000005,2.2941129684170787,757.5947578878031,0.2068057820833403,0.0023128700218489925,146.9310333602012,3.984939769252197,0.004337081340752464
5.19,2.2946202891217125,757.5956352793829,0.20681747622587993,0.002304538498354423,146.93962330355498,3.97793140214103,0.004332103329784483
5.195,2.2951357177102127,757.596519028938,0.20682912058639885,0.0022962424300401463,146.9481788710615,3.9709393813595044,0.004327127214994727
5.2,2.29565923381952,757.5974091015847,0.2068407153296502,0.0022879816994149345,146.95670017260142,3.963963673419968,0.004322153017116433
5.205,2.296190816801367,757.598305462217,0.20685226062057965,0.0022797561888517922,146.96518731815527,3.957004244695941,0.004317180756787702
5.21,2.296730445654973,757.5992080754543,0.20686375662436102,0.0022715657805628224,146.9736404178212,3.950061061391754,0.004312210454528976
5.215,2.2972780990958186,757.6001169056959,0.20687520350634644,0.002263410356634339,146.98205958178778,3.9431340895771276,0.00430724213076562
5.22,2.297833755488718,757.6010319170699,0.20688660143209894,0.00225528979900406,146.9904449203494,3.936223295157801,0.004302275805805426
5.2250000000000005,2.2983973929162613,757.6019530734867,0.20689795056734597,0.002247203989493832,146.99879654388135,3.9293286439091117,0.004297311499861192
5.23,2.2989689891122778,757.6028803385885,0.20690925107800845,0.0022391528097891406,147.0071145628531,3.9224501014476223,0.004292349233028239
5.235,2.2995485215299287,757.6038136758025,0.20692050313015795,0.002231136141469452,147.01539908780558,3.915587633263689,0.004287389025306981
5.24,2.3001359672755752,757.604753048291,0.2069317068900424,0.002223153865990016,147.02365022936232,3.9087412046940813,0.004282430896580478
5.245,2.3007313031765135,757.6056984190034,0.20694286252404648,0.0022152058647098563,147.0318680982089,3.9019107809535534,0.00427747486663698
5.25,2.3013345057152543,757.6066497506278,0.20695397019871434,0.0022072920188758384,147.04005280510205,3.8950963271084453,0.004272520955147518
5.255,2.3019455510968863,757.6076070056423,0.20696503008071315,0.0021994122096483156,147.04820446085128,3.8882978081072577,0.00426756918168843
5.26,2.3025644151837854,757.6085701462665,0.2069760423368527,0.0021915663180874546,147.0563231763258,3.8815151887552326,0.00426261956571898
5.265,2.3031910735625933,757.6095391345126,0.20698700713405216,0.002183754225176548,147.06440906243836,3.8747484337439344,0.004257672126603867
5.2700000000000005,2.3038255014793636,757.6105139321377,0.2069979246393566,0.00217597581181057,147.07246223015014,3.867997507626803,0.004252726883590879
5.275,2.3044676739061485,757.6114945006942,0.20700879501990702,0.0021682309588171847,147.08048279045676,3.8612623748477475,0.004247783855833381
5.28,2.3051175654765887,757.6124808014831,0.20701961844295372,0.002160519546947505,147.08847085439098,3.8545429997176663,0.004242843062368005
5.285,2.3057751505521007,757.613472795603,0.20703039507582963,0.0021528414568948075,147.0964265330111,3.8478393464420475,0.004237904522137109
5.29,2.3064404031579193,757.6144704439045,0.20704112508596048,0.0021451965692874833,147.10434993740137,3.8411513790984624,0.004232968253966516
5.295,2.307113297048875,757.6154737070384,0.20705180864084136,0.002137584764705471,147.1122411786626,3.834479061663175,0.004228034276587936
5.3,2.3077938056459004,757.6164825454114,0.20706244590804393,0.002130005923675378,147.12010036791065,3.8278223579895956,0.004223102608616754
5.305,2.308481902101385,757.6174969192331,0.2070730370551961,0.0021224599266846567,147.12792761626903,3.8211812318339096,0.004218173268574417
5.3100000000000005,2.3091775592361583,757.6185167884717,0.2070835822499863,0.002114946654178863,147.13572303486546,3.814555646834482,0.00421324627486627
5.315,2.3098807496044094,757.6195421129021,0.20709408166014612,0.0021074659865736017,147.14348673482655,3.807945566536512,0.004208321645803914
5.32,2.310591445431158,757.6205728520608,0.20710453545345167,0.0021000178042538983,147.15121882727232,3.801350954372383,0.004203399399583082
5.325,2.311309618676728,757.621608965294,0.2071149437977096,0.0020926019875839265,147.15891942331314,3.7947717736853406,0.004198479554305957
5.33,2.3120352409747156,757.6226504117128,0.20712530686075517,0.0020852184169084798,147.16658863404209,3.7882079877107877,0.0041935621279591126
5.335,2.3127682836960104,757.6236971502408,0.2071356248104415,0.0020778669725605033,147.17422657053405,3.781659559598995,0.004188647138435785
5.34,2.3135087178872653,757.6247491395707,0.20714589781463472,0.0020705475348646264,147.1818333438362,3.775126452397325,0.0041837346035138645
5.345,2.3142565143344562,757.6258063382098,0.2071561260412062,0.0020632599841425296,147.18940906496894,3.7686086290719847,0.004178824540878128
5.3500000000000005,2.315011643501866,757.6268687044387,0.20716630965802504,0.002056004200718514,147.19695384491473,3.7621060524911702,0.004173916968098285
5.355,2.315774075595174,757.6279361963553,0.20717644883295316,0.002048780064922726,147.2044677946209,3.7556186854458704,0.004169011902651169
5.36,2.316543780500956,757.6290087718344,0.2071865437338349,0.0020415874570987335,147.21195102498652,3.749146490633923,0.0041641093618988425
5.365,2.317320727849299,757.6300863885712,0.20719659452849523,0.002034426257604629,147.21940364686748,3.742689430679868,0.004159209363110727
5.37,2.3181048869538325,757.631169004041,0.20720660138472652,0.0020272963468225954,147.2268257710612,3.7362474681199203,0.004154311923441789
5.375,2.3188962268738456,757.6322565755432,0.20721656447028966,0.0020201976051579086,147.23421750831383,3.7298205654208734,0.004149417059954613
5.38,2.319694716354868,757.6333490601609,0.2072264839528981,0.002013129913050459,147.24157896930316,3.723408684965974,0.004144524789597646
5.385,2.320500323890278,757.6344464148035,0.20723636000022194,0.0020060931509716844,147.24891026464775,3.7170117890728958,0.004139635129227217
5.39,2.3213130176624417,757.6355485961686,0.20724619277986914,0.0019990871994380187,147.25621150488794,3.710629839980497,0.004134748095585857
5.3950000000000005,2.3221327656038055,757.6366555607834,0.2072559824593926,0.001992111939005781,147.26348280049697,3.7042627998658717,0.004129863705324253
5.4,2.322959535338594,757.6377672649663,0.20726572920626868,0.001985167250286522,147.27072426186032,3.6979106308319936,0.004124981974979648
5.405,2.323793294243387,757.6388836648687,0.207275433187907,0.0019782530139398936,147.27793599928856,3.6915732949238373,0.004120102920997725
5.41,2.3246340093893836,757.6400047164369,0.20728509457162647,0.0019713691106908633,147.28511812299496,3.6852507541169013,0.00411522655971108
5.415,2.3254816476024476,757.6411303754536,0.20729471352466788,0.0019645154213205995,147.29227074311035,3.6789429703324217,0.004110352907361055
5.42,2.3263361754059533,757.6422605975002,0.20730429021416724,0.0019576918266855188,147.29939396965892,3.672649905426749,0.004105481980076272
5.425,2.3271975590802887,757.6433953379972,0.20731382480717128,0.0019508982077062111,147.3064879125749,3.666371521205667,0.004100613793894411
5.43,2.3280657646062903,757.6445345521679,0.20732331747060814,0.0019441344453882939,147.31355268167675,3.660107779414619,0.004095748364740817
5.4350000000000005,2.3289407577241965,757.6456781950781,0.20733276837130551,0.001937400420809405,147.32058838668556,3.6538586417521315,0.00409088570845021
5.44,2.3298225038776783,757.6468262216001,0.20734217767595906,0.0019306960151418368,147.32759513719765,3.6476240698608886,0.004086025840745377
5.445,2.330710968272235,757.6479785864518,0.20735154555115304,0.00192402110963762,147.33457304270476,3.6414040253402673,0.004081168777258802
5.45,2.3316061158198313,757.6491352441615,0.20736087216332635,0.0019173755856529019,147.34152221256497,3.6351984697382407,0.004076314533511451
5.455,2.3325079111967217,757.6502961491065,0.20737015767879582,0.0019107593246311643,147.34844275602475,3.6290073645630456,0.004071463124934323
5.46,2.333416318788706,757.6514612554785,0.2073794022637198,0.0019041722081293078,147.35533478218815,3.622830671275903,0.00406661456684732
5.465,2.334331302748373,757.652630517321,0.20738860608412396,0.0018976141177990305,147.3621984000407,3.6166683513018207,0.004061768874480724
5.47,2.3352528269409834,757.6538038884963,0.20739776930586265,0.00189108493541459,147.36903371841697,3.6105203660231253,0.004056926062954156
5.4750000000000005,2.3361808550011216,757.6549813227217,0.2074068920946473,0.0018845845428523726,147.37584084602616,3.604386676789409,0.004052086147297969
5.48,2.3371153502792135,757.656162773537,0.20741597461600522,0.0018781128221203056,147.38261989141822,3.598267244911862,0.004047249142432301
5.485,2.3380562758975847,757.6573481943407,0.20742501703531072,0.0018716696553356387,147.38937096301095,3.5921620316723724,0.00404241506318839
5.49,2.3390035946976155,757.6585375383577,0.2074340195177415,0.0018652549247559756,147.39609416905478,3.5860709983186467,0.004037583924287712
5.495,2.3399572692951955,757.6597307586745,0.2074429822283124,0.0018588685127553094,147.40278961766145,3.5799941060724803,0.004032755740363216
5.5,2.340917262028528,757.6609278082088,0.20745190533182944,0.0018525103018566312,147.40945741676728,3.5739313161256456,0.0040279305259385565
5.505,2.341883535012971,757.6621286397427,0.20746078899292592,0.0018461801747062523,147.41609767416347,3.567882589647348,0.004023108295449243
5.51,2.342856050089498,757.6633332058934,0.20746963337601443,0.00183987801410796,147.42271049745793,3.5618478877808735,0.004018289063221971
5.515,2.3438347688789194,757.6645414591467,0.20747843864532525,0.001833603702995655,147.42929599410732,3.5558271716502325,0.004013472843495676
5.5200000000000005,2.344819652731006,757.6657533518269,0.20748720496485626,0.001827357124469024,147.43585427137722,3.5498204023575615,0.00400865965040097
5.525,2.3458106627780797,757.6669688361301,0.2074959324984136,0.0018211381617645264,147.44238543637584,3.5438275409889686,0.004003849497981108
5.53,2.346807759884814,757.6681878640957,0.20750462140955953,0.0018149466982925464,147.44888959601283,3.5378485486126703,0.003999042400171512
5.535,2.3478109047011815,757.669410387638,0.2075132718616554,0.0018087826176067566,147.45536685703448,3.531883386284047,0.003994238370820656
5.54,2.3488200576129383,757.6706363585187,0.20752188401780747,0.0018026458034427293,147.46181732598117,3.525932015044515,0.0039894374236696915
5.545,2.3498351787939225,757.6718657283777,0.20753045804091205,0.001796536139685706,147.46824110922412,3.5199943959257998,0.003984639572373235
5.55,2.350856228157227,757.6730984487067,0.20753899409359933,0.0017904535104106259,147.47463831292148,3.5140704899495225,0.003979844830479096
5.555,2.351883165406847,757.6743344708791,0.2075474923382808,0.0017843977998483406,147.4810090430565,3.5081602581307103,0.003975053211448973
5.5600000000000005,2.3529159499895442,757.675573746124,0.20755595293709106,0.001778368892427026,147.48735340539244,3.502263661478084,0.003970264728638283
5.565,2.353954541145831,757.6768162255557,0.2075643760519374,0.0017723666727368784,147.493671505512,3.496380660996819,0.003965479395316765
5.57,2.354998897862546,757.6780618601489,0.20757276184443973,0.001766391025572872,147.49996344877118,3.490511217689517,0.003960697224648409
5.575,2.3560489789231553,757.6793106007665,0.20758111047598218,0.0017604418358979634,147.50622934034007,3.484655292558228,0.003955918229711964
5.58,2.357104742861048,757.6805623981359,0.20758942210765122,0.0017545189888871755,147.51246928515528,3.4788128466061035,0.0039511424234809755
5.585,2.3581661480091576,757.6818172028766,0.20759769690028945,0.0017486223698893377,147.51868338796228,3.472983840838683,0.003946369818844189
5.59,2.359233152453971,757.6830749654769,0.20760593501443167,0.0017427518644724568,147.5248717532667,3.4671682362662186,0.003941600428585707
5.595,2.3603057140844674,757.6843356363204,0.20761413661036074,0.0017369073583840334,147.53103448537777,3.46136599390424,0.003936834265405275
5.6000000000000005,2.3613837905468533,757.6855991656638,0.20762230184804212,0.0017310887375976828,147.5371716883588,3.4555770747765338,0.00393207134189856
5.605,2.362467339292803,757.6868655036628,0.2076304308871813,0.0017252958882720652,147.5432834660715,3.449801439915005,0.003927311670577334
5.61,2.36355631753493,757.6881346003506,0.20763852388715695,0.0017195286967987206,147.54936992212563,3.444039050363293,0.003922555263849853
5.615,2.3646506822943247,757.6894064056627,0.20764658100708017,0.0017137870497596392,147.55543115992467,3.438289867175941,0.003917802134040942
5.62,2.3657503903567645,757.6906808694165,0.20765460240572578,0.001708070833976289,147.56146728261402,3.432553851422643,0.003913052293372494
5.625,2.3668553983195437,757.6919579413353,0.20766258824159373,0.0017023799364658575,147.56747839312817,3.42683096418673,0.003908305753983437
5.63,2.367965662548428,757.6932375710286,0.20767053867283866,0.0016967142444914323,147.57346459413785,3.4211211665700336,0.003903562527910352
5.635,2.3690811392237685,757.6945197080155,0.207678453857333,0.0016910736455169513,147.57942598809828,3.4154244196907038,0.0038988226271073323
5.64,2.370201784298211,757.6958043017053,0.2076863339525951,0.001685458027258504,147.5853626771953,3.409740684688675,0.0038940860634267154
5.6450000000000005,2.371327553542085,757.6970913014209,0.207694179115854,0.0016798672776380218,147.59127476339492,3.4040699227228246,0.0038893528486388354
5.65,2.372458402501872,757.6983806563798,0.20770198950397617,0.001674301284835672,147.59716234838834,3.3984120949770387,0.0038846229944128692
5.655,2.373594286544862,757.6996723157162,0.20770976527353194,0.0016687599372423162,147.6030255336426,3.3927671626567197,0.0038798965123364774
5.66,2.374735160818394,757.7009662284637,0.20771750658072063,0.0016632431235129603,147.60886442034487,3.387135086995428,0.0038751734138967706
5.665,2.3758809802937697,757.7022623435763,0.2077252135814388,0.0016577507325180253,147.61467910945387,3.3815158292507648,0.003870453710499836
5.67,2.3770316997262673,757.7035606099116,0.20773288643120394,0.0016522826533978167,147.6204697016434,3.375909350711576,0.003865737413451824
5.675,2.3781872736983085,757.7048609762513,0.20774052528522433,0.001646838775512636,147.62623629735498,3.3703156126932177,0.0038610245339783613
5.68,2.379347656580257,757.706163391285,0.20774813029832123,0.0016414189884982413,147.63197899674023,3.364734576545312,0.003856315083205756
5.6850000000000005,2.3805128025728295,757.7074678036302,0.20775570162500048,0.0016360231822148312,147.63769789971465,3.3591662036464034,0.0038516090721802962
5.69,2.38168266566868,757.7087741618167,0.20776323941937327,0.001630651246803468,147.64339310589915,3.353610455412264,0.003846906511849579
5.695,2.3828571996940506,757.7100824143056,0.20777074383522934,0.001625303072633962,147.6490647146748,3.3480672932899482,0.0038422074130816885
5.7,2.3840363582711532,757.7113925094754,0.20777821502595634,0.0016199785503622245,147.6547128251236,3.3425366787666246,0.003837511786646648
5.705,2.3852200948590485,757.7127043956391,0.20778565314461447,0.0016146775708770916,147.66033753608406,3.337018573363057,0.003832819643235484
5.71,2.386408362716826,757.7140180210313,0.20779305834385492,0.0016094000253585724,147.6659389460913,3.331512938642948,0.0038281309934417983
5.715,2.387601114943718,757.7153333338252,0.20780043077599555,0.001604145805223642,147.67151715343357,3.32601973620585,0.003823445847780713
5.72,2.3887983044430747,757.7166502821203,0.20780777059293828,0.0015989148021853569,147.67707225609146,3.3205389276970143,0.003818764216670569
5.7250000000000005,2.3899998839617025,757.7179688139579,0.2078150779462464,0.001593706908197648,147.68260435179545,3.3150704747997457,0.0038140861104517493
5.73,2.391205806054651,757.71928887731,0.20782235298706028,0.0015885220155152742,147.68811353796428,3.309614339245743,0.0038094115393685064
5.735,2.392416023123763,757.7206104200945,0.20782959586617653,0.0015833600166376448,147.6935999117634,3.3041704828069074,0.003804740513587657
5.74,2.3936304873832808,757.7219333901646,0.20783680673396226,0.0015782208043695776,147.69906357004288,3.298738867306163,0.003800073043180541
5.745,2.3948491508976013,757.7232577353226,0.20784398574043572,0.001573104271764191,147.7045046093962,3.293319454608737,0.0037954091381415945
5.75,2.396071965547704,757.7245834033107,0.2078511330351795,0.001568010312184433,147.70992312609783,3.287912206633442,0.0037907488083704344
5.755,2.397298883068109,757.7259103418245,0.20785824876742218,0.0015629388192450692,147.71531921616292,3.28251708534344,0.003786092063690308
5.76,2.3985298550141336,757.7272384985035,0.20786533308595082,0.001557889686874958,147.72069297528392,3.277134052757979,0.003781438913830303
5.765,2.399764832798044,757.7285678209441,0.20787238613919365,0.0015528628092581662,147.7260444988912,3.271763070942651,0.003776789368443678
5.7700000000000005,2.401003767657145,757.7298982566917,0.20787940807513156,0.0015478580808969556,147.73137388208914,3.2664041020215677,0.0037721434370901964
5.775,2.402246610689121,757.7312297532521,0.20788639904138206,0.001542875396552063,147.7366812197174,3.2610571081671313,0.0037675011292543368
5.78,2.403493312820963,757.7325622580846,0.20789335918510968,0.0015379146513063667,147.74196660628644,3.2557220516126333,0.003762862454327752
5.785,2.404743824843498,757.7338957186125,0.20790028865311116,0.0015329757405043558,147.74723013603938,3.250398894641546,0.00375822742162735
5.79,2.405998097381154,757.7352300822175,0.207907187591725,0.0015280585598164583,147.7524719028872,3.2450875996005415,0.003753596040377892
5.795,2.4072560809256713,757.7365652962487,0.20791405614691746,0.0015231630051777243,147.7576920004713,3.239788128888312,0.0037489683197299414
5.8,2.408517725806713,757.7379013080183,0.2079208944641916,0.0015182889728527853,147.7628905220978,3.234500444968997,0.003744344268742592
5.805,2.409782982224749,757.7392380648097,0.20792770268867417,0.0015134363593737844,147.76806756080103,3.229224510360543,0.00373972389640129
5.8100000000000005,2.4110518002225207,757.7405755138738,0.2079344809650236,0.0015086050616059355,147.77322320927746,3.223960287648529,0.0037351072116006924
5.815,2.412324129717093,757.7419136024365,0.2079412294375183,0.001503794976684736,147.7783575599495,3.2187077394740817,0.0037304942231623645
5.82,2.413599920472175,757.7432522776959,0.20794794824996357,0.0014990060020820932,147.78347070489923,3.2134668285480785,0.003725884939817766
5.825,2.4148791221293355,757.7445914868288,0.20795463754578095,0.001494238035542845,147.78856273593257,3.2082375176386355,0.003721279370225818
5.83,2.4161616841811853,757.7459311769885,0.20796129746791436,0.0014894909751514357,147.7936337445127,3.20301976958568,0.0037166775229560264
5.835,2.417447556001748,757.7472712953113,0.2079679281589204,0.0014847647192677697,147.79868382182485,3.1978135472880163,0.0037120794065059145
5.84,2.4187366868205107,757.748611788914,0.20797452976087377,0.0014800591665944049,147.80371305870906,3.19261881371826,0.0037074850292842833
5.845,2.4200290257519503,757.7499526049004,0.2079811024154584,0.001475374216111773,147.80872154572577,3.1874355319094945,0.0037028943996285086
5.8500000000000005,2.4213245217704484,757.7512936903596,0.2079876462638722,0.0014707097671458644,147.81370937308816,3.1822636649705522,0.003698307525787938
5.855,2.422623123738967,757.7526349923711,0.20799416144691912,0.0014660657193028425,147.81867663072796,3.177103176072279,0.003693724415941058
5.86,2.42392478038484,757.7539764580044,0.20800064810491325,0.0014614419725371903,147.82362340822786,3.1719540284631464,0.0036891450781790206
5.865,2.4252294403275925,757.7553180343232,0.20800710637777148,0.0014568384270857466,147.8285497948875,3.1668161854551298,0.0036845695205226783
5.87,2.426537052055607,757.7566596683861,0.20801353640491727,0.0014522549835362954,147.83345587965556,3.161689610439655,0.0036799977509062503
5.875,2.4278475639530854,757.7580013072487,0.20801993832537385,0.0014476915427610484,147.83834175119637,3.156574266873097,0.0036754297771942213
5.88,2.4291609242775922,757.759342897967,0.20802631227766757,0.0014431480059856469,147.8432074978215,3.151470118293042,0.0036708656071651412
5.885,2.430477081186157,757.7606843875978,0.20803265839992185,0.0014386242747221212,147.84805320755692,3.1463771283034245,0.0036663052485283935
5.89,2.4317959827136995,757.7620257232022,0.2080389768297598,0.0014341202508382828,147.8528789680743,3.1412952605910935,0.003661748708908128
5.8950000000000005,2.4331175767982627,757.7633668518463,0.208045267704399,0.0014296358364901832,147.8576848667585,3.1362244789106,0.0036571959958598957
5.9,2.434441811260327,757.764707720605,0.20805153116055358,0.001425170934191873,147.86247099063857,3.131164747101055,0.0036526471168547205
5.905,2.435768633827171,757.7660482765618,0.2080577673345298,0.0014207254467473879,147.86723742645577,3.1261160290705785,0.0036481020792955947
5.91,2.4370979921130758,757.7673884668143,0.20806397636212742,0.0014162992773208457,147.87198426059436,3.1210782888134387,0.0036435608905016864
5.915,2.4384298336428096,757.7687282384715,0.208070158378736,0.001411892329367992,147.87671157914951,3.116051490394175,0.0036390235577247053
5.92,2.4397641058327273,757.7700675386614,0.20807631351923583,0.0014075045067066094,147.88141946785848,3.1110355979650093,0.0036344900881332435
5.925,2.4411007560133737,757.7714063145274,0.20808244191809494,0.0014031357134476447,147.8861080121686,3.1060305757496502,0.003629960488829005
5.93,2.44243973141148,757.7727445132363,0.20808854370926944,0.0013987858540659105,147.89077729716803,3.1010363880609666,0.003625434766831283
5.9350000000000005,2.443780979171687,757.7740820819743,0.20809461902630105,0.0013944548333308174,147.89542740765447,3.0960529992844874,0.003620912929093054
5.94,2.4451244463394355,757.7754189679549,0.20810066800221738,0.0013901425563773483,147.90005842806548,3.091080373896326,0.0036163949824855957
5.945,2.4464700798818053,757.7767551184157,0.20810669076962962,0.0013858489286364163,147.9046704425474,3.086118476446384,0.0036118809338144403
5.95,2.4478178266713124,757.7780904806256,0.20811268746063258,0.0013815738559060868,147.9092635348858,3.0811672715765157,0.0036073707898041274
5.955,2.449167633505853,757.779425001881,0.20811865820690306,0.0013773172442815942,147.91383778857434,3.07622672400345,0.0036028645571140267
5.96,2.4505194470934044,757.7807586295149,0.2081246031395993,0.001373079000226784,147.91839328674527,3.071296798537187,0.0035983622423232243
5.965,2.45187321407108,757.7820913108914,0.2081305223894599,0.0013688590305038107,147.92293011223856,3.0663774600636433,0.003593863851946211
5.97,2.4532288809907357,757.7834229934156,0.20813641608670308,0.0013646572422447828,147.9274483475322,3.0614686735632706,0.003589369392417903
5.9750000000000005,2.4545863943371296,757.7847536245271,0.20814228436112595,0.001360473542881161,147.93194807481143,3.056570404093439,0.003584878870109195
5.98,2.4559457005144347,757.7860831517114,0.20814812734200344,0.0013563078402155896,147.93642937589922,3.0516826168072684,0.003580392291312118
5.985,2.457306745863504,757.7874115224927,0.20815394515818805,0.0013521600423510142,147.94089233232552,3.046805276935756,0.0035759096622552554
5.99,2.458669476649294,757.788738684445,0.20815973793800857,0.0013480300577626758,147.94533702525757,3.0419383498068098,0.003571430989089036
5.995,2.4600338390772247,757.7900645851846,0.2081655058093701,0.0013439177952269796,147.9497635355695,3.037081800827136,0.0035669562779010156
6.0,2.4613997792815216,757.7913891723828,0.20817124889965258,0.0013398231638936256,147.95417194377262,3.0322355955014637,0.003562485534701306
6.005,2.462767243340668,757.7927123937565,0.20817696733581126,0.001335746073214251,147.95856233008487,3.0273996994142003,0.003558018765437719
6.01,2.4641361772666626,757.7940341970822,0.20818266124427492,0.0013316864330146778,147.9629347743614,3.02257407824884,0.003553555975981333
6.015000000000001,2.465506527019567,757.7953545301856,0.20818833075104667,0.001327644153423349,147.967289356164,3.0177586977693927,0.0035490971721414983
6.0200000000000005,2.4668782384976806,757.7966733409565,0.2081939759816021,0.0013236191449436797,147.97162615469165,3.0129535238399745,0.0035446423596515453
6.025,2.468251257551176,757.7979905773383,0.20819959706099023,0.0013196113183823023,147.9759452488501,3.008158522406017,0.003540191544183646
6.03,2.4696255299731957,757.7993061873422,0.20820519411373153,0.0013156205849215,147.98024671718238,3.0033736595140237,0.00353574473133466
6.035,2.471001001512576,757.8006201190368,0.20821076726391932,0.0013116468560472891,147.98453063793846,2.9985989012925796,0.003531301926640864
6.04,2.472377617865862,757.8019323205633,0.2082163166351175,0.0013076900436219145,147.98879708900586,2.993834213972262,0.00352686313556393
6.045,2.4737553246891206,757.8032427401239,0.20822184235046218,0.001303750059811785,147.99304614797933,2.989079563866455,0.0035224283635055197
6.05,2.475134067590875,757.8045513259979,0.2082273445325594,0.0012998268171600165,147.99727789209146,2.984334917391412,0.0035179976157933947
6.055,2.476513792143004,757.8058580265289,0.20823282330358686,0.0012959202285142406,148.00149239828235,2.979600241046883,0.00351357089769588
6.0600000000000005,2.477894443874599,757.8071627901427,0.20823827878519174,0.0012920302070991733,148.00568974313046,2.974875501436314,0.003509148214408106
6.065,2.4792759682819447,757.8084655653328,0.20824371109859244,0.0012881566664443237,148.00987000292216,2.9701606652473056,0.003504729571066338
6.07,2.4806583108233027,757.8097663006791,0.2082491203644764,0.0012842995204565661,148.01403325358274,2.9654556992719394,0.0035003149727343523
6.075,2.482041416927971,757.8110649448336,0.20825450670310205,0.0012804586833477635,148.01817957074581,2.9607605703870665,0.0034959044244176254
6.08,2.483425231991993,757.8123614465384,0.20825987023419665,0.001276634069707337,148.02230902968464,2.956075245574766,0.0034914979310498515
6.085,2.484809701386299,757.8136557546112,0.20826521107705814,0.001272825594429817,148.0264217053813,2.951399691902467,0.003487095497506996
6.09,2.486194770453337,757.8149478179652,0.20827052935045323,0.0012690331727873909,148.03051767245822,2.9467338765435294,0.003482697128593942
6.095,2.4875803845142963,757.8162375855921,0.20827582517271928,0.0012652567203574048,148.03459700524735,2.942077766757211,0.0034783028290584096
6.1000000000000005,2.48896648886666,757.8175250065838,0.20828109866166233,0.0012614961530948703,148.0386597777218,2.937431329909358,0.00347391260357774
6.105,2.49035302879051,757.8188100301142,0.20828634993465908,0.0012577513872599369,148.04270606356485,2.9327945334522356,0.003469526456772677
6.11,2.4917399495470036,757.8200926054617,0.20829157910855509,0.0012540223394903423,148.04673593610187,2.9281673449453107,0.003465144393194285
6.115,2.4931271963837562,757.8213726819906,0.20829678629976667,0.001250308926728869,148.05074946836922,2.923549732034952,0.0034607664173375956
6.12,2.4945147145342457,757.8226502091742,0.2083019716241792,0.0012466110662957266,148.05474673304624,2.9189416624753117,0.003456392533628657
6.125,2.4959024492222657,757.8239251365746,0.2083071351972491,0.0012429286758160105,148.05872780252423,2.9143431041078927,0.0034520227464380493
6.13,2.49729034566226,757.8251974138681,0.2083122771339022,0.0012392616732919983,148.06269274883846,2.9097540248825204,0.0034476570600680658
6.135,2.4986783490628546,757.8264669908228,0.2083173975486356,0.001235609977030628,148.06664164373703,2.9051743928367912,0.0034432954787660926
6.140000000000001,2.5000664046281105,757.8277338173255,0.20832249655541624,0.0012319735057156947,148.0705745586132,2.900604176117125,0.003438938006711922
6.1450000000000005,2.501454457560134,757.8289978433588,0.2083275742677829,0.0012283521783353663,148.07449156457403,2.8960433429581025,0.0034345846480310013
6.15,2.5028424530612594,757.8302590190277,0.20833263079874464,0.0012247459142542632,148.07839273237303,2.8914918617035905,0.0034302354067818736
6.155,2.5042303363357292,757.831517294537,0.20833766626088293,0.0012211546331410252,148.08227813247848,2.886949700785974,0.003425890286969295
6.16,2.505618052592801,757.832772620218,0.20834268076625015,0.0012175782550402677,148.0861478350064,2.882416828747354,0.00342154929253181
6.165,2.507005547047506,757.8340249465053,0.20834767442647165,0.0012140167003002126,148.09000190978858,2.8778932142186773,0.003417212427354729
6.17,2.5083927649246784,757.8352742239646,0.20835264735264453,0.0012104698896445033,148.09384042630617,2.8733788259409985,0.0034128796952578406
6.175,2.5097796514587896,757.8365204032683,0.20835759965543946,0.0012069377440999183,148.0976634537571,2.868873632744519,0.0034085511000082535
6.18,2.5111661518989004,757.8377634352239,0.2083625314449998,0.0012034201850680333,148.10147106099004,2.8643776035699022,0.0034042266453082385
6.1850000000000005,2.51255221150757,757.8390032707495,0.20836744283104322,0.0011999171342530284,148.10526331657175,2.859890707447234,0.0033999063348079395
6.19,2.5139377755667325,757.8402398609021,0.20837233392276103,0.0011964285137331877,148.1090402887212,2.8554129135173847,0.0033955901720933456
6.195,2.5153227893756775,757.8414731568533,0.2083772048289196,0.001192954245888815,148.11280204537678,2.8509441910108904,0.00339127816069887
6.2,2.5167071982578535,757.8427031099179,0.20838205565776016,0.0011894942534735526,148.11654865413055,2.846484509269358,0.0033869703040954493
6.205,2.5180909475579196,757.843929671528,0.20838688651709988,0.0011860484595424266,148.1202801822954,2.842033837724283,0.003382666605702994
6.21,2.5194739826494708,757.8451527932638,0.2083916975142319,0.001182616787522972,148.12399669683944,2.837592145918487,0.003378367068878615
6.215,2.5208562489311683,757.8463724268261,0.20839648875602626,0.0011791991611434158,148.1276982644531,2.833159403484872,0.003374071696928942
6.22,2.52223769183538,757.8475885240678,0.20840126034883025,0.001175795504503603,148.13138495148368,2.82873558016789,0.0033697804930984806
6.2250000000000005,2.523618256823391,757.848801036966,0.20840601239856915,0.001172405742003327,148.13505682400213,2.8243206458022416,0.0033654934605818008
6.23,2.5249978893949585,757.8500099176543,0.20841074501064677,0.0011690297984130466,148.13871394773824,2.8199145703343698,0.0033612106025120185
6.235,2.5263765350826026,757.8512151183937,0.20841545829004612,0.0011656675988023773,148.14235638814665,2.8155173238011098,0.0033569319219728558
6.24,2.527754139462079,757.8524165916054,0.20842015234123007,0.0011623190686105846,148.14598421034282,2.8111288763512006,0.0033526574219872487
6.245,2.5291306481457427,757.8536142898422,0.2084248272682419,0.0011589841335752533,148.14959747916862,2.8067491982238932,0.00334838710552928
6.25,2.5305060067939418,757.8548081658208,0.20842948317460633,0.001155662719802546,148.15319625912852,2.802378259770475,0.0033441209755129117
6.255,2.531880161107456,757.8559981723927,0.2084341201634296,0.0011523547536960593,148.156780614455,2.79801603143284,0.003339859034803789
6.26,2.5332530568398046,757.8571842625778,0.2084387383373011,0.0011490601620268404,148.16035060904494,2.793662483765025,0.0033356012862081
6.265000000000001,2.534624639788768,757.8583663895339,0.20844333779839302,0.0011457788718624395,148.16390630652498,2.7893175874117433,0.0033313477324842474
6.2700000000000005,2.5359948558096055,757.8595445065913,0.20844791864836237,0.0011425108106366776,148.1674477701882,2.78498131312993,0.003327098376331841
6.275,2.537363650805654,757.8607185672215,0.20845248098845037,0.0011392559060789049,148.17097506305888,2.780653631767247,0.0033228532204032353
6.28,2.538730970742461,757.8618885250729,0.20845702491938467,0.0011360140862835065,148.17448824782986,2.7763345142836235,0.0033186122672926445
6.285,2.540096761637465,757.863054333938,0.2084615505414787,0.0011327852796393847,148.17798738692687,2.772023931729747,0.0033143755195475613
6.29,2.5414609695750356,757.8642159477902,0.20846605795453407,0.0011295694148991911,148.18147254244627,2.767721855268595,0.003310142979657989
6.295,2.542823540695238,757.8653733207503,0.20847054725793965,0.0011263664211090406,148.18494377621906,2.7634282561539103,0.003305914650067736
6.3,2.5441844212097773,757.8665264071244,0.20847501855057446,0.0011231762276774635,148.1884011497489,2.7591431057517237,0.003301690533163771
6.305,2.545543557389848,757.867675161369,0.2084794719309062,0.0011199987643053602,148.1918447242759,2.754866375518817,0.0032974706312873915
6.3100000000000005,2.546900895582985,757.8688195381295,0.20848390749689474,0.0011168339610546669,148.19527456071506,2.7505980370242322,0.003293254946723702
6.315,2.548256382199999,757.8699594922056,0.20848832534609021,0.0011136817482785596,148.1986907197195,2.7463380619277324,0.003289043481712657
6.32,2.5496099637327254,757.8710949785894,0.2084927255755369,0.0011105420566898244,148.20209326161944,2.742086422001285,0.0032848362384386605
6.325,2.5509615867400552,757.8722259524305,0.20849710828187107,0.0011074148172913205,148.20548224648513,2.7378430891075283,0.003280633219041483
6.33,2.5523111978665733,757.8733523690751,0.20850147356122514,0.0011042999614440494,148.20885773406616,2.7336080352212293,0.0032764344256059857
6.335,2.5536587438276874,757.8744741840297,0.2085058215093252,0.0011011974207978848,148.21221978385393,2.729381232407754,0.003272239860172911
6.34,2.5550041714291614,757.8755913530016,0.2085101522213957,0.0010981071273593317,148.21556845502144,2.7251626528445008,0.0032680495247287274
6.345,2.5563474275513327,757.8767038318615,0.20851446579225646,0.0010950290134225339,148.21890380648546,2.7209522687993766,0.003263863421216297
6.3500000000000005,2.5576884591695417,757.8778115766846,0.20851876231622787,0.0010919630116367157,148.22222589684668,2.7167500526521997,0.00325968155152484
6.355,2.559027213337446,757.8789145437127,0.20852304188722742,0.0010889090549374755,148.22553478445144,2.7125559768731926,0.0032555039175004813
6.36,2.560363637208337,757.8800126893959,0.20852730459867544,0.001085867076613903,148.22883052733235,2.7083700140443456,0.0032513305209363303
6.365,2.561697678017551,757.8811059703542,0.20853155054359127,0.0010828370102401643,148.23211318326963,2.70419213683793,0.0032471613635829065
6.37,2.5630292831046764,757.8821943434193,0.2085357798144992,0.0010798187897422926,148.23538280973213,2.7000223180378216,0.0032429964471383404
6.375,2.5643583998950628,757.8832777655962,0.2085399925035246,0.0010768123493300715,148.23863946393823,2.6958605305180368,0.0032388357732586756
6.38,2.565684975922908,757.8843561941054,0.20854418870230013,0.0010738176235634907,148.24188320279748,2.6917067472640164,0.003234679343548188
6.385,2.567008958811877,757.8854295863432,0.20854836850206118,0.0010708345472849377,148.24511408297087,2.687560941351183,0.003230527159569566
6.390000000000001,2.5683302962990653,757.8864978999258,0.20855253199355314,0.0010678630556853102,148.24833216081296,2.683423085966182,0.0032263792228343466
6.3950000000000005,2.5696489362147226,757.8875610926478,0.20855667926712593,0.001064903084236525,148.2515374924318,2.6792931543854706,0.0032222355348129786
6.4,2.5709648265070926,757.8886191225276,0.20856081041264185,0.0010619545687572814,148.25473013363157,2.6751711199965063,0.003218096096925372
6.405,2.57227791522125,757.8896719477652,0.20856492551956993,0.0010590174453458917,148.2579101399718,2.6710569562763715,0.0032139609105508414
6.41,2.5735881505248073,757.8907195267873,0.20856902467689384,0.001056091650445694,148.2610775667108,2.666950636812911,0.0032098299770187727
6.415,2.574895480685868,757.8917618182055,0.20857310797320605,0.0010531771207782084,148.26423246886424,2.6628521352833934,0.0032057032976184467
6.42,2.576199854099598,757.8927987808623,0.20857717549661628,0.0010502737934081955,148.26737490114897,2.658761425475592,0.003201580873589822
6.425,2.577501219265299,757.8938303737874,0.20858122733484508,0.0010473816056771436,148.27050491804147,2.6546784812664908,0.003197462706133239
6.43,2.5787995248138387,757.894856556245,0.2085852635751328,0.001044500495267967,148.2736225737218,2.650603276643304,0.003193348796400317
6.4350000000000005,2.5800947194838493,757.8958772876898,0.20858928430433257,0.0010416304001388324,148.2767279221318,2.6465357856822274,0.0031892391455035423
6.44,2.5813867521500136,757.8968925278141,0.20859328960882015,0.0010387712585874925,148.27982101691947,2.6424759825694,0.003185133754507278
6.445,2.5826755717983887,757.8979022365037,0.20859727957458607,0.0010359230091854558,148.28290191149657,2.638423841579699,0.003181032624437235
6.45,2.5839611275555465,757.8989063738857,0.20860125428714604,0.001033085590841949,148.28597065898373,2.6343793370976374,0.003176935756271592
6.455,2.5852433686630225,757.8999049002832,0.20860521383163294,0.0010302589427384405,148.28902731226748,2.6303424435962164,0.003172843150950356
6.46,2.5865222445073104,757.9008977762647,0.2086091582927073,0.0010274430043922267,148.2920719239457,2.626313135657751,0.0031687548093665913
6.465,2.5877977045934446,757.901884962597,0.20861308775464893,0.0010246377155913107,148.2951045463844,2.6222913879527785,0.0031646707323756645
6.47,2.5890696985758312,757.9028664202955,0.20861700230126817,0.001021843016457612,148.2981252316636,2.6182771752608143,0.003160590920786585
6.4750000000000005,2.5903381762309743,757.9038421105771,0.20862090201599684,0.001019058847382203,148.30113403163335,2.614270472449319,0.003156515375371134
6.48,2.5916030874891445,757.9048119949107,0.20862478698179981,0.001016285149088141,148.30413099786063,2.610271254494384,0.00315244409685532
6.485,2.5928643824062463,757.9057760349693,0.2086286572812658,0.0010135218625660666,148.30711618168456,2.6062794964597553,0.00314837708592839
6.49,2.594122011196322,757.9067341926815,0.20863251299651941,0.0010107689291366498,148.31008963416366,2.602295173517447,0.0031443143432343923
6.495,2.5953759242025636,757.9076864301821,0.20863635420931115,0.0010080262903865622,148.31305140613088,2.5983182609268303,0.003140255869381083
6.5,2.5966260719306464,757.9086327098654,0.20864018100093032,0.0010052938882305314,148.31600154814126,2.5943487340551674,0.0031362016649315906
6.505,2.5978724050188915,757.9095729943346,0.20864399345229434,0.0010025716648476874,148.31894011052637,2.59038656835677,0.003132151730413212
6.51,2.599114874272422,757.910507246455,0.20864779164386224,0.0009998595627432262,148.3218671433426,2.586431739393452,0.003128106066309185
6.515000000000001,2.600353430632483,757.9114354293044,0.2086515756557235,0.0009971575246851333,148.32478269642502,2.582484222813757,0.003124064673067374
6.5200000000000005,2.601588025211416,757.9123575062254,0.208655345567512,0.0009944654937654558,148.3276868193362,2.578543994373333,0.0031200275510921524
6.525,2.602818609261136,757.9132734407754,0.20865910145849434,0.000991783413337403,148.33057956141963,2.574611029914228,0.0031159947007529704
6.53,2.6040451342089206,757.9141831967803,0.20866284340748442,0.000989111227076224,148.33346097174888,2.570685305385182,0.003111966122376347
6.535,2.605267551625056,757.9150867382834,0.2086665714929312,0.0009864488789166936,148.33633109918077,2.566766796821,0.003107941816254333
6.54,2.6064858132594253,757.9159840295996,0.2086702857928337,0.0009837963131135912,148.3391899923048,2.5628554803627557,0.0031039217826366017
6.545,2.6076998710083306,757.9168750352634,0.20867398638482848,0.0009811534741795732,148.34203769949596,2.558951332237242,0.003099906021738806
6.55,2.6089096769518836,757.9177597200842,0.20867767334610504,0.0009785203069452519,148.34487426886466,2.555054328777089,0.0030958945337347748
6.555,2.610115183319998,757.9186380490936,0.20868134675349265,0.0009758967564974582,148.34769974830888,2.55116444640029,0.0030918873187647587
6.5600000000000005,2.611316342530579,757.919509987601,0.20868500668337647,0.0009732827682389179,148.3505141854649,2.547281661630233,0.0030878843769277338
6.565,2.612513107154697,757.9203755011409,0.20868865321178384,0.0009706782878269088,148.35331762775866,2.543405951075312,0.0030838857082895388
6.57,2.613705429955564,757.9212345555283,0.20869228641430093,0.000968083261232532,148.3561101223571,2.5395372914488594,0.0030798913128752808
6.575,2.6148932638528963,757.9220871168054,0.20869590636615842,0.0009654976346797627,148.35889171621912,2.5356756595488443,0.003075901190677366
6.58,2.6160765619626734,757.9229331512984,0.20869951314214877,0.0009629213547043198,148.36166245604727,2.531821032277715,0.0030719153416480095
6.585,2.617255277560691,757.9237726255631,0.2087031068167113,0.0009603543680931118,148.36442238833828,2.52797338662218,0.00306793376570716
6.59,2.618429364123099,757.9246055064417,0.2087066874638501,0.0009577966219427008,148.36717155933528,2.5241326996729567,0.003063956462735109
6.595,2.6195987752891527,757.925431761009,0.20871025515721855,0.0009552480635991471,148.36991001507772,2.52029894860464,0.0030599834325803123
6.6000000000000005,2.620763464902519,757.9262513566289,0.20871380997003772,0.0009527086407160669,148.37263780135424,2.5164721106953576,0.003056014675052099
6.605,2.621923386973232,757.9270642608998,0.20871735197518035,0.0009501783011948782,148.37535496375196,2.5126521633067247,0.0030520501899283926
6.61,2.623078495719764,757.9278704417127,0.2087208812450899,0.0009476569932424489,148.37806154760997,2.5088390839034034,0.003048089976948513
6.615,2.624228745530192,757.928669867195,0.20872439785186384,0.0009451446653117451,148.38075759806802,2.505032850033148,0.003044134035820798
6.62,2.6253740910050234,757.9294625057694,0.20872790186717344,0.0009426412661590734,148.38344316002045,2.501233439346267,0.003040182366215507
6.625,2.6265144869175794,757.9302483260976,0.20873139336234636,0.0009401467447851305,148.38611827816453,2.4974408295757615,0.0030362349677723354
6.63,2.6276498882575723,757.9310272971392,0.208734872408287,0.0009376610504918366,148.38878299695494,2.4936549985566874,0.0030322918400934175
6.635,2.6287802501907094,757.9317993880949,0.20873833907555867,0.0009351841328237912,148.39143736065142,2.4898759242063844,0.003028352982750743
6.640000000000001,2.629905528103014,757.9325645684662,0.2087417934343043,0.0009327159416246958,148.3940814132737,2.486103584543743,0.0030244183952792525
6.6450000000000005,2.6310256775596614,757.9333228079978,0.2087452355543282,0.0009302564269792178,148.39671519864896,2.4823379576695284,0.0030204880771841566
6.65,2.632140654350032,757.9340740767377,0.20874866550501742,0.0009278055392690011,148.399338760367,2.4785790217855403,0.0030165620279341255
6.655,2.633250414445783,757.9348183449795,0.20875208335542267,0.0009253632291149369,148.40195214182717,2.4748267551750383,0.0030126402469685073
6.66,2.6343549140466336,757.9355555833225,0.20875548917418046,0.0009229294474327671,148.40455538619426,2.4710811362218017,0.0030087227336906184
6.665,2.635454109537678,757.9362857626139,0.20875888302959345,0.0009205041453757612,148.40714853644482,2.4673421433906455,0.003004809487474859
6.67,2.636547957535889,757.9370088540092,0.20876226498955297,0.0009180872743899095,148.40973163532348,2.463609755246383,0.0030009005076600966
6.675,2.637636414846684,757.9377248289132,0.2087656351216191,0.0009156787861570088,148.4123047253887,2.45988395043444,0.0029969957935566866
6.68,2.6387194385111434,757.9384336590423,0.2087689934929436,0.0009132786326494465,148.41486784896992,2.4561647076997097,0.0029930953444399504
6.6850000000000005,2.6397969857618278,757.9391353163643,0.20877234017034924,0.000910886766073694,148.41742104821247,2.4524520058672694,0.002989199159557093
6.69,2.6408690140707054,757.9398297731602,0.2087756752202536,0.000908503138924683,148.41996436503527,2.4487458238611355,0.002985307238120781
6.695,2.6419354811042357,757.9405170019651,0.20877899870874778,0.0009061277039297069,148.4224978411754,2.445046140685073,0.0029814195793159614
6.7,2.6429963447719933,757.9411969756295,0.20878231070152062,0.0009037604141023864,148.42502151814622,2.4413529354412478,0.0029775361822935286
6.705,2.6440515631810184,757.94186966726,0.2087856112639369,0.0009014012226869839,148.4275354372814,2.4376661873111405,0.002973657046177051
6.71,2.6451010946851388,757.942535050281,0.2087889004609622,0.0008990500832119585,148.4300396396934,2.4339858755740926,0.0029697821700565286
6.715,2.6461448978385924,757.9431930983745,0.20879217835724048,0.0008967069494346895,148.43253416631728,2.4303119795883212,0.002965911552995026
6.72,2.647182931446034,757.9438437855433,0.20879544501701952,0.0008943717753946243,148.43501905786954,2.4266444788093593,0.0029620451940225176
6.7250000000000005,2.6482151545154458,757.9444870860491,0.20879870050422783,0.0008920445153584103,148.43749435489136,2.422983352771174,0.002958183092142429
6.73,2.6492415263088156,757.9451229744769,0.20880194488240084,0.0008897251238726367,148.43996009770808,2.4193285811045016,0.0029543252463255735
6.735,2.6502620062943407,757.9457514256725,0.2088051782147572,0.0008874135557093754,148.4424163264718,2.415680143518068,0.0029504716555165946
6.74,2.6512765541977767,757.9463724148068,0.20880840056412525,0.0008851097659185144,148.44486308112133,2.4120380198168165,0.0029466223186279963
6.745,2.652285129953937,757.9469859173138,0.20881161199301926,0.0008828137097737098,148.44730040142449,2.4084021898832346,0.0029427772345464935
6.75,2.653287693758703,757.9475919089546,0.20881481256356607,0.0008805253428243127,148.44972832693838,2.4047726336954733,0.002938936402127126
6.755,2.654284206019832,757.9481903657548,0.2088180023375808,0.00087824462084173,148.4521468970512,2.40114933130878,0.002935099820199524
6.76,2.655274627409617,757.9487812640698,0.2088211813764943,0.0008759714998709462,148.454556150943,2.39753226287351,0.0029312674875621035
6.765000000000001,2.65625891881501,757.9493645805208,0.208824349741428,0.000873705936177292,148.4569561276271,2.393921408616662,0.002927439402988243
6.7700000000000005,2.6572370413909265,757.9499402920607,0.20882750749312207,0.0008714478862975639,148.45934686591124,2.390316748859788,0.0029236155652205688
6.775,2.6582089565096907,757.9505083759104,0.20883065469200968,0.0008691973069871983,148.46172840443842,2.3867182640006295,0.0029197959729770364
6.78,2.6591746258149738,757.9510688096241,0.20883379139814578,0.0008669541552709891,148.46410078164877,2.3831259345309195,0.002915980624945303
6.785,2.6601340111705714,757.9516215710257,0.2088369176712807,0.0008647183883906697,148.46646403581968,2.3795397410181307,0.0029121695197887234
6.79,2.6610870747149677,757.9521666382744,0.20884003357078954,0.0008624899638552275,148.46881820502827,2.3759596641231635,0.0029083626561408043
6.795,2.6620337788094535,757.9527039898006,0.2088431391557451,0.0008602688393888934,148.4711633271909,2.372385684582204,0.0029045600326111118
6.8,2.6629740860933047,757.9532336043719,0.208846234484848,0.0008580549729810556,148.47349944002622,2.368817783224301,0.0029007616477798102
6.805,2.663907959431248,757.9537554610287,0.20884931961649897,0.0008558483228346533,148.47582658109428,2.365255940953336,0.0028969675002034835
6.8100000000000005,2.6648353619692515,757.9542695391503,0.20885239460872948,0.0008536488474156927,148.4781447877598,2.3617001387654875,0.0028931775884097565
6.815,2.6657562570813433,757.9547758183908,0.20885545951927356,0.0008514565054020456,148.48045409723096,2.3581503577313097,0.00288939191090303
6.82,2.6666706084260037,757.9552742787442,0.20885851440549882,0.000849271255732567,148.48275454652324,2.35460657901309,0.0028856104661591836
6.825,2.6675783798923445,757.9557649004811,0.20886155932447795,0.0008470930575562952,148.48504617249745,2.3510687838470323,0.002881833252631224
6.83,2.6684795356570974,757.9562476642142,0.20886459433292007,0.0008449218702811765,148.48732901182422,2.3475369535605086,0.0028780602687440734
6.835,2.6693740401301618,757.9567225508332,0.20886761948724172,0.0008427576535236661,148.48960310102154,2.3440110695543503,0.002874291512900131
6.84,2.6702618580121746,757.9571895415723,0.20887063484349896,0.0008406003671570581,148.4918684764197,2.3404911133199904,0.0028705269834741393
6.845,2.6711429542394445,757.9576486179444,0.20887364045745746,0.0008384499712614869,148.49412517419842,2.3369770664218614,0.002866766678818666
6.8500000000000005,2.6720172940420905,757.9580997618076,0.20887663638452544,0.0008363064261718654,148.49637323035196,2.3334689105144317,0.002863010597259048
6.855,2.6728848428883634,757.9585429553003,0.20887962267982307,0.0008341696924282857,148.4986126807261,2.3299666273247133,0.002859258737098791
6.86,2.6737455665433543,757.9589781809082,0.2088825993981159,0.0008320397308235652,148.50084356098364,2.326470198669185,0.0028555110966145924
6.865,2.674599431012714,757.959405421398,0.20888556659388394,0.0008299165023540458,148.50306590664078,2.32297960643641,0.0028517676740616566
6.87,2.6754464026019105,757.9598246598853,0.20888852432125532,0.0008277999682667521,148.50527975303322,2.319494832603853,0.0028480284676687994
6.875,2.6762864478593587,757.9602358797681,0.208891472634075,0.0008256900900105849,148.50748513535197,2.316015859220605,0.00284429347564368
6.88,2.6771195336362257,757.9606390647949,0.20889441158583902,0.0008235868292830941,148.5096820886099,2.3125426684240926,0.002840562696167984
6.885,2.677945627028975,757.9610341989975,0.2088973412297625,0.0008214901479820653,148.51187064767714,2.30907524242291,0.0028368361274025734
6.890000000000001,2.6787646954397086,757.9614212667597,0.20890026161871453,0.0008194000082519083,148.51405084724811,2.3056135635134205,0.002833113767482746
6.8950000000000005,2.679576706518133,757.9618002527494,0.20890317280528564,0.0008173163724356376,148.51622272187635,2.302157614062701,0.0028293956145233096
6.9,2.6803816282224284,757.9621711419883,0.2089060748417231,0.0008152392031208761,148.51838630594193,2.2987073765250297,0.0028256816666139125
6.905,2.6811794287606565,757.9625339197834,0.208908967779998,0.000813168463092226,148.52054163368612,2.2952628334249394,0.0028219719218240376
6.91,2.6819700766521386,757.9628885717964,0.20891185167174103,0.0008111041153768948,148.52268873917902,2.2918239673736043,0.002818266378198415
6.915,2.682753540668308,757.9632350839754,0.2089147265683089,0.0008090461231974528,148.52482765635366,2.2883907610519953,0.0028145650337619323
6.92,2.683529789894598,757.9635734426247,0.2089175925207208,0.0008069944500170809,148.52695841897437,2.2849631972271616,0.0028108678865151225
6.925,2.684298793670745,757.9639036343358,0.20892044957972425,0.0008049490594927154,148.52908106067017,2.2815412587354937,0.0028071749344389975
6.93,2.6850605216531775,757.9642256460575,0.20892329779573204,0.0008029099155199197,148.53119561490368,2.2781249284988974,0.0028034861754906095
6.9350000000000005,2.685814943754778,757.964539465027,0.20892613721888756,0.0008008769821864129,148.53330211500412,2.2747141895081664,0.002799801607607808
6.94,2.6865620302077597,757.9648450788397,0.20892896789900223,0.0007988502238165696,148.5354005941365,2.2713090248390504,0.0027961212287048744
6.945,2.6873017515029014,757.9651424753806,0.2089317898856204,0.0007968296049253295,148.53749108533424,2.2679094176357326,0.002792445036677202
6.95,2.688034078452903,757.9654316428937,0.2089346032279572,0.0007948150902623253,148.5395736214689,2.2645153511267906,0.0027887730293970014
6.955,2.6887589821310995,757.9657125699132,0.20893740797496294,0.0007928066447661749,148.5416482352821,2.261126808608787,0.0027851052047179084
6.96,2.689476433935286,757.965985245334,0.20894020417526146,0.0007908042336082385,148.54371495935595,2.2577437734621193,0.0027814415604707613
6.965,2.690186405525922,757.9662496583418,0.20894299187721396,0.0007888078221472899,148.5457738261444,2.2543662291347193,0.002777782094468131
6.97,2.6908888688904136,757.9665057984836,0.2089457711288581,0.0007868173759729064,148.54782486794392,2.2509941591577975,0.0027741268045001714
6.9750000000000005,2.691583796280822,757.9667536555982,0.20894854197797097,0.0007848328608605163,148.54986811692476,2.2476275471296505,0.0027704756883390725
6.98,2.6922711602785876,757.9669932198866,0.20895130447200885,0.0007828542428144252,148.5519036051018,2.2442663767313005,0.0027668287437349866
6.985,2.6929509337317517,757.9672244818423,0.2089540586581697,0.0007808814880232364,148.55393136436552,2.240910631710405,0.0027631859684204042
6.99,2.693623089820121,757.967447432322,0.20895680458333346,0.0007789145629025151,148.55595142645305,2.2375602958967944,0.0027595473601061487
6.995,2.694287601992006,757.9676620624755,0.20895954229412378,0.0007769534340505818,148.55796382297888,2.2342153531864923,0.0027559129164856843
7.0,2.694944444029813,757.9678683638164,0.2089622718368491,0.000774998068290816,148.55996858540638,2.230875787557142,0.002752282635231175
7.005,2.6955935899863137,757.968066328152,0.20896499325756376,0.0007730484326278189,148.56196574507788,2.227541583052137,0.002748656513997723
7.01,2.6962350142506555,757.9682559476544,0.20896770660200953,0.0007711044942893604,148.56395533318678,2.224212723795941,0.0027450345504194964
7.015000000000001,2.69686869148417,757.96843721479,0.20897041191567625,0.0007691662206829086,148.56593738080704,2.2208891939783255,0.0027414167421138933
7.0200000000000005,2.6974945966867887,757.9686101223904,0.20897310924374385,0.0007672335794372229,148.56791191886575,2.2175709778695896,0.0027378030866777427
7.025,2.6981127051324028,757.9687746635823,0.20897579863114255,0.000765306538359247,148.5698789781724,2.214258059804895,0.002734193581691393
7.03,2.6987229924356764,757.968930831858,0.2089784801224952,0.0007633850654753503,148.57183858939146,2.2109504241993885,0.00273058822471498
7.035,2.699325434486967,757.9690786210053,0.20898115376217716,0.0007614691289885838,148.57379078307153,2.207648055532643,0.002726987013292449
7.04,2.6999200075195207,757.9692180251787,0.20898381959425902,0.0007595586973195707,148.5757355896183,2.204350938363674,0.0027233899449478865
7.045,2.700506688043968,757.9693490388282,0.20898647766256598,0.0007576537390641244,148.57767303932306,2.201059057315487,0.002719797017189474
7.05,2.70108545291589,757.969471656771,0.2089891280106212,0.0007557542230337894,148.57960316233635,2.197772397089989,0.002716208227505886
7.055,2.701656279269899,757.9695858741201,0.20899177068170438,0.0007538601182138183,148.58152598869586,2.1944909424526453,0.0027126235733701733
7.0600000000000005,2.702219144587568,757.9696916863563,0.20899440571879588,0.000751971393803367,148.5834415483004,2.1912146782472863,0.0027090430522362266
7.065,2.702774026631101,757.969789089257,0.20899703316463472,0.0007500880191738291,148.5853498709377,2.1879435893808687,0.0027054666615425947
7.07,2.703320903511618,757.969878078967,0.20899965306166304,0.0007482099639086867,148.5872509862585,2.1846776608381795,0.0027018943987090096
7.075,2.7038597536224263,757.9699586519283,0.20900226545208392,0.0007463371977621969,148.58914492380399,2.181416877666701,0.002698326261140137
7.08,2.7043905557076493,757.970030804951,0.20900487037780596,0.0007444696906989057,148.59103171298028,2.178161224991219,0.002694762246222167
7.085,2.704913288795111,757.9700945351419,0.20900746788050073,0.0007426074128526829,148.59291138308552,2.174910687998784,0.0026912023513264976
7.09,2.7054279322652937,757.9701498399768,0.20901005800154795,0.000740750334565899,148.59478396328475,2.171665251953221,0.002687646573806389
7.095,2.7059344657838498,757.9701967172283,0.2090126407820924,0.0007388984263488085,148.5966494826365,2.168424902180197,0.00268409491100058
7.1000000000000005,2.706432869370878,757.9702351650378,0.20901521626298947,0.0007370516589183912,148.59850797006806,2.1651896240816275,0.002680547360230004
7.105,2.7069231233330675,757.9702651818443,0.2090177844848616,0.0007352100031580822,148.60035945440174,2.1619594031208473,0.0026770039188013448
7.11,2.7074052083332885,757.9702867664552,0.2090203454880444,0.0007333734301562805,148.6022039643305,2.158734224836918,0.00267346458400381
7.115,2.7078791053223803,757.9702999179757,0.20902289931264262,0.0007315419111664201,148.60404152844373,2.155514074829897,0.0026699293531126204
7.12,2.7083447956090367,757.97030463588,0.20902544599847653,0.000729715417645152,148.60587217520333,2.152298938775052,0.0026663982233858514
7.125,2.708802260791253,757.9703009199395,0.20902798558513758,0.000727893921212754,148.60769593296922,2.149088802408229,0.002662871192067853
7.13,2.7092514828264997,757.9702887702949,0.20903051811193527,0.0007260773936909856,148.60951282997544,2.145883651539967,0.0026593482563861542
7.135,2.7096924439628345,757.9702681873842,0.20903304361795225,0.000724265807063836,148.61132289435554,2.142683472040967,0.0026558294135548195
7.140000000000001,2.710125126809354,757.9702391720148,0.20903556214199165,0.0007224591335150543,148.61312615411904,2.1394882498561105,0.0026523146607714105
7.1450000000000005,2.7105495142669804,757.9702017252908,0.2090380737226317,0.0007206573453892336,148.61492263717642,2.13629797099003,0.0026488039952202854
7.15,2.7109655895991813,757.9701558486861,0.20904057839817355,0.0007188604152290179,148.61671237131577,2.1331126215210268,0.002645297414069616
7.155,2.711373336362446,757.9701015439713,0.20904307620669546,0.0007170683157365194,148.6184953842276,2.1299321875867414,0.002641794914474623
7.16,2.711772738477257,757.9700388132862,0.209045567186001,0.0007152810198102069,148.62027170348185,2.126756655397979,0.0026382964935746578
7.165,2.7121637801582654,757.9699676590677,0.20904805137367277,0.0007134985005066518,148.62204135655202,2.123586011224475,0.0026348021484963718
7.17,2.712546445985507,757.9698880841212,0.2090505288070211,0.0007117207310771013,148.62380437079295,2.1204202414086253,0.0026313118763508585
7.175,2.712920720834288,757.9698000915495,0.20905299952313722,0.0007099476849295506,148.62556077346443,2.1172593323513516,0.002627825674236762
7.18,2.713286589946633,757.9697036848233,0.20905546355884255,0.0007081793356650028,148.62731059170912,2.1141032705257357,0.0026243435392374745
7.1850000000000005,2.7136440388608913,757.9695988677106,0.20905792095074127,0.0007064156570398652,148.62905385257602,2.1109520424629826,0.0026208654684241866
7.19,2.713993053483407,757.9694856443472,0.20906037173517011,0.0007046566230018989,148.63079058299869,2.1078056347659615,0.0026173914588531436
7.195,2.7143336200178574,757.9693640191653,0.2090628159482505,0.0007029022076529362,148.63252080981835,2.104664034095263,0.0026139215075686316
7.2,2.7146657250371304,757.9692339969649,0.2090652536258387,0.000701152385284521,148.63424455976235,2.1015272271826477,0.002610455611600293
7.205,2.714989355412409,757.9690955828426,0.20906768480357757,0.0006994071303409475,148.63596185946707,2.098395200817202,0.0026069937679660546
7.21,2.7153044983852466,757.9689487822617,0.20907010951684715,0.000697666417454593,148.63767273545662,2.0952679418586926,0.002603535973669496
7.215,2.715611141496404,757.9687936009818,0.20907252780081598,0.0006959302214092735,148.63937721416528,2.0921454372238153,0.002600082225702723
7.22,2.715909272658116,757.968630045129,0.20907493969039195,0.0006941985171752732,148.64107532191682,2.0890276738994595,0.0025966325210437895
7.2250000000000005,2.716198880082689,757.968458121125,0.2090773452202734,0.0006924712798730148,148.64276708494643,2.085914638929052,0.0025931868566595098
7.23,2.716479952354944,757.9682778357575,0.20907974442490032,0.0006907484848077874,148.64445252938015,2.082806319425732,0.0025897452295029415
7.235,2.716752478360598,757.9680891961095,0.2090821373385049,0.0006890301074337286,148.64613168125683,2.0797027025587838,0.002586307636516138
7.24,2.7170164473588634,757.9678922096296,0.20908452399506333,0.000687316123388253,148.64780456650774,2.0766037755667224,0.0025828740746276814
7.245,2.7172718489106193,757.9676868840606,0.20908690442834582,0.0006856065084563447,148.64947121097805,2.073509525743826,0.002579444540755386
7.25,2.717518672951165,757.9674732275106,0.20908927867186877,0.0006839012386046899,148.6511316404069,2.0704199404531227,0.0025760190318038787
7.255,2.717756909718191,757.9672512483813,0.20909164675894443,0.0006822002899462752,148.65278588044856,2.0673350071130216,0.002572597544667249
7.26,2.7179865498246736,757.9670209554391,0.2090940087226335,0.000680503638774226,148.65443395665275,2.0642547132102087,0.002569180076226683
7.265000000000001,2.7182075841866555,757.9667823577433,0.20909636459579428,0.0006788112615267096,148.65607589448544,2.0611790462863673,0.0025657666233530555
7.2700000000000005,2.7184200040962723,757.9665354647167,0.20909871441103578,0.0006771231348204838,148.65771171930953,2.0581079939509905,0.002562357182904621
7.275,2.7186238011493544,757.9662802860753,0.20910105820076633,0.0006754392354160997,148.65934145640531,2.055041543868189,0.002558951751729545
7.28,2.7188189673185708,757.966016831897,0.2091033959971472,0.0006737595402511612,148.66096513095144,2.0519796837694146,0.002555550326663651
7.285,2.7190054948808666,757.9657451125522,0.2091057278321407,0.0006720840264058288,148.66258276804513,2.048922401440363,0.002552152904532897
7.29,2.7191833764907125,757.965465138773,0.20910805373746436,0.0006704126711357915,148.6641943926833,2.0458696847336078,0.0025487594821511726
7.295,2.7193526051073875,757.9651769215825,0.20911037374463842,0.0006687454518380674,148.66580002978262,2.0428215215555925,0.0025453700563227225
7.3,2.719513174068324,757.9648804723648,0.20911268788494047,0.0006670823460836918,148.66739970416083,2.0397778998791782,0.0025419846238399946
7.305,2.7196650770162476,757.9645758027946,0.20911499618945265,0.0006654233315838125,148.66899344055642,2.0367388077307256,0.002538603181486012
7.3100000000000005,2.719808307972603,757.964262924906,0.20911729868901643,0.0006637683862220947,148.67058126361036,2.0337042332025574,0.0025352257260322668
7.315,2.719942861264566,757.9639418510232,0.20911959541427969,0.00066211748802111,148.6721631978855,2.030674164440127,0.002531852254241045
7.32,2.72006873159854,757.9636125938284,0.2091218863956518,0.0006604706151744605,148.67373926784848,2.027648589654397,0.002528482762863366
7.325,2.7201859139870455,757.9632751662937,0.20912417166335004,0.0006588277460134575,148.67530949788878,2.024627497109094,0.0025251172486412564
7.33,2.7202944038222787,757.9629295817476,0.20912645124735546,0.0006571888590389693,148.676873912301,2.0216108751330055,0.00252175570830574
7.335,2.7203941968028946,757.9625758538075,0.2091287251774587,0.0006555539328883865,148.6784325353038,2.01859871210732,0.002518398138579059
7.34,2.7204852890076108,757.9622139964463,0.20913099348321618,0.0006539229463671947,148.67998539102206,2.0155909964778407,0.0025150445361727144
7.345,2.720567676821894,757.9618440239244,0.20913325619399561,0.0006522958784162246,148.68153250350568,2.012587716742411,0.0025116948977896326
7.3500000000000005,2.7206413570116026,757.9614659508571,0.20913551333893263,0.0006506727081429523,148.68307389671216,2.009588861463045,0.0025083492201222572
7.355,2.7207063266495863,757.9610797921458,0.20913776494697578,0.0006490534147890324,148.68460959452506,2.0065944192534424,0.0025050074998546673
7.36,2.720762583189355,757.9606855630456,0.2091400110468435,0.0006474379777613263,148.6861396207366,2.0036043787910303,0.0025016697336607096
7.365,2.720810124391604,757.9602832790964,0.20914225166706893,0.0006458263765997162,148.6876639990662,2.0006187288045685,0.0024983359182060728
7.37,2.720848948397895,757.9598729561909,0.2091444868359571,0.0006442185910078666,148.68918275314306,1.9976374580861067,0.002495006050146467
7.375,2.720879053657124,757.9594546105051,0.2091467165816293,0.0006426146008213134,148.6906959065245,1.9946605554786756,0.002491680126129643
7.38,2.7209004389992,757.9590282585663,0.20914894093198083,0.0006410143860379617,148.69220348267896,1.9916880098881613,0.0024883581427936276
7.385,2.7209131035614615,757.9585939171847,0.20915115991472483,0.0006394179267864492,148.69370550500378,1.988719810271082,0.002485040096768686
7.390000000000001,2.7209170468623496,757.9581516035197,0.20915337355735042,0.0006378252033563799,148.69520199680866,1.9857559456463798,0.0024817259846756042
7.3950000000000005,2.720912268727783,757.9577013350124,0.2091555818871663,0.0006362361961669626,148.69669298133311,1.9827964050832836,0.0024784158031276103
7.4,2.72089876936481,757.9572431294519,0.20915778493125897,0.0006346508857969807,148.6981784817301,1.979841177713018,0.002475109548728694
7.405,2.720876549287959,757.9567770049073,0.2091599827165362,0.0006330692529537018,148.69965852108336,1.9768902527167485,0.0024718072180754834
7.41,2.720845609392852,757.9563029797947,0.2091621752696856,0.0006314912785025897,148.70113312239113,1.9739436193372133,0.00246850880775561
7.415,2.720805950882542,757.9558210728087,0.2091643626172175,0.000629916943436481,148.70260230858338,1.971001266866749,0.0024652143143495384
7.42,2.720757575341086,757.955331302989,0.20916654478542404,0.0006283462289050407,148.70406610250566,1.9680631846588446,0.002461923734428977
7.425,2.720700484659875,757.9548336896527,0.20916872180042173,0.0006267791161842045,148.70552452693602,1.9651293621162464,0.0024586370645586562
7.43,2.720634681111148,757.9543282524604,0.20917089368811081,0.0006252155867053795,148.70697760456923,1.962199788702436,0.0024553543012947893
7.4350000000000005,2.720560167274333,757.9538150113488,0.2091730604742175,0.0006236556220251504,148.70842535803345,1.9592744539298144,0.002452075441186801
7.44,2.7204769461094944,757.953293986596,0.20917522218425355,0.0006220992038542279,148.70986780987454,1.9563533473711034,0.0024488004807758324
7.445,2.7203850208836915,757.952765198755,0.20917737884355828,0.0006205463140274153,148.71130498257259,1.9534364586476094,0.002445529416596426
7.45,2.720284395244345,757.9522286687184,0.20917953047725857,0.0006189969345323064,148.7127368985264,1.9505237774405453,0.0024422622451750688
7.455,2.720175073145628,757.9516844176522,0.20918167711031022,0.0006174510474795126,148.71416358006985,1.947615293479379,0.0024389989630318365
7.46,2.720057058921744,757.9511324670605,0.20918381876745856,0.0006159086351311108,148.7155850494565,1.9447109965530738,0.0024357395666789808
7.465,2.7199303572133555,757.9505728387188,0.2091859554732795,0.000614369679871129,148.71700132887577,1.9418108764985182,0.0024324840526225235
7.47,2.719794973040762,757.9500055547388,0.2091880872521402,0.0006128341642337458,148.71841244043776,1.9389149232116902,0.002429232417360889
7.4750000000000005,2.719650911730385,757.9494306375026,0.20919021412823988,0.0006113020708740323,148.71981840618923,1.9360231266361636,0.002425984657386454
7.48,2.7194981789878274,757.948848109726,0.20919233612557098,0.0006097733825959072,148.72121924809852,1.9331354767742004,0.002422740769184223
7.485,2.719336780824426,757.9482579943939,0.20919445326795952,0.0006082480823231303,148.7226149880714,1.9302519636753317,0.0024195007492333327
7.49,2.7191667236301877,757.9476603148229,0.20919656557902652,0.0006067261531270153,148.7240056479362,1.9273725774473738,0.002416264594005768
7.495,2.718988014100417,757.9470550945967,0.2091986730822281,0.0006052075781976756,148.72539124945934,1.9244973082450918,0.0024130322999678256
7.5,2.7188006593085126,757.9464423576293,0.20920077580081717,0.0006036923408714935,148.7267718143308,1.9216261462811364,0.002409803863578868
7.505,2.71860466663269,757.9458221280996,0.2092028737578833,0.0006021804246026177,148.72814736417934,1.9187590818147857,0.002406579281292746
7.51,2.7184000438286264,757.9451944305148,0.20920496697631463,0.0006006718129901917,148.7295179205581,1.915896105162809,0.0024033585495565946
7.515000000000001,2.7181867989562805,757.9445592896454,0.20920705547883742,0.0005991664897500985,148.7308835049598,1.9130372066882821,0.00240014166481221
7.5200000000000005,2.7179649404523807,757.9439167305881,0.20920913928797835,0.0005976644387419523,148.73224413880237,1.9101823768113808,0.0023969286234948885
7.525,2.7177344770573586,757.9432667787008,0.20921121842610357,0.000596165643941088,148.7335998434441,1.9073316059982706,0.002393719422034759
7.53,2.7174954178876636,757.9426094596656,0.2092132929153816,0.0005946700894653163,148.73495064016916,1.904484884771824,0.0023905140568556615
7.535,2.7172477723628186,757.9419447994243,0.20921536277782177,0.0005931777595471576,148.73629655020284,1.9016422037005911,0.0023873125243764406
7.54,2.716991550277552,757.9412728242401,0.20921742803523757,0.0005916886385603628,148.73763759469725,1.8988035534094398,0.002384114821009862
7.545,2.7167267617289927,757.9405935606343,0.20921948870928483,0.0005902027109923894,148.73897379474604,1.8959689245686033,0.0023809209431638646
7.55,2.716453417188602,757.9399070354474,0.2092215448214252,0.0005887199614706879,148.74030517137072,1.893138307904247,0.0023777308872405143
7.555,2.716171527429518,757.9392132757761,0.20922359639296406,0.0005872403747354196,148.74163174553485,1.8903116941875902,0.0023745446496372187
7.5600000000000005,2.7158811035982837,757.9385123090337,0.20922564344501451,0.0005857639356655113,148.74295353813062,1.8874890742454018,0.002371362226745718
7.565,2.7155821571423444,757.937804162888,0.20922768599853475,0.0005842906292516118,148.74427056999303,1.8846704389491962,0.0023681836149532574
7.57,2.715274699881564,757.9370888653209,0.20922972407429238,0.0005828204406219162,148.74558286188636,1.881855779225656,0.002365008810641619
7.575,2.7149587439358887,757.9363664445669,0.20923175769290153,0.000581353355015359,148.74689043451838,1.879045086045902,0.0023618378101882527
7.58,2.714634301796635,757.935636929172,0.20923378687478747,0.0005798893578072117,148.74819330852674,1.876238350435845,0.0023586706099653454
7.585,2.7143013862543373,757.9349003479329,0.20923581164022345,0.0005784284344825094,148.74949150449334,1.8734355634655293,0.002355507206340914
7.59,2.7139600104697923,757.9341567299552,0.20923783200929555,0.0005769705706614225,148.75078504293066,1.8706367162594122,0.002352347595677911
7.595,2.713610187902102,757.9334061045934,0.20923984800193912,0.0005755157520729167,148.75207394429597,1.8678417999857813,0.002349191774335278
7.6000000000000005,2.7132519323794666,757.9326485015082,0.20924185963790418,0.0005740639645798992,148.75335822897787,1.8650508058669635,0.002346039738667087
7.605,2.7128852580274287,757.9318839506069,0.20924386693679137,0.0005726151941531109,148.75463791731016,1.8622637251688146,0.002342891485023561
7.61,2.7125101793394077,757.9311124821007,0.2092458699180176,0.000571169426896048,148.75591302955888,1.859480549210857,0.002339747009750245
7.615,2.7121267111051583,757.9303341264451,0.2092478686008519,0.0005697266490190849,148.75718358593573,1.8567012693558416,0.002336606309188989
7.62,2.71173486848103,757.929548914397,0.20924986300438114,0.0005682868468641743,148.7584496065853,1.853925877019817,0.0023334693796771603
7.625,2.711334666918653,757.9287568769552,0.20925185314754574,0.0005668500068791972,148.75971111159834,1.8511543636617613,0.002330336217548584
7.63,2.7109261222349152,757.9279580454173,0.2092538390491057,0.0005654161156424431,148.76096812099922,1.8483867207935827,0.002327206819132793
7.635,2.7105092505408823,757.9271524513208,0.20925582072767573,0.0005639851598371866,148.76222065475903,1.8456229399698223,0.0023240811807559293
7.640000000000001,2.7100840683114793,757.9263401264989,0.20925779820169194,0.0005625571262759479,148.76346873278297,1.842863012797584,0.002320959298740031
7.6450000000000005,2.7096505923146665,757.9255211030228,0.20925977148944644,0.0005611320018752959,148.7647123749235,1.8401069309263116,0.0023178411694038973
7.65,2.709208839680807,757.9246954132565,0.2092617406090544,0.0005597097736798893,148.76595160096792,1.8373546860576466,0.0023147267890624083
7.655,2.708758827832103,757.9238630897993,0.20926370557848833,0.0005582904288375039,148.76718643065124,1.834606269935275,0.002311616154027353
7.66,2.7083005745516497,757.923024165541,0.20926566641554542,0.0005568739546228575,148.7684168836438,1.8318616743547196,0.002308509260606787
7.665,2.707834097913144,757.9221786736045,0.20926762313788155,0.0005554603384128587,148.7696429795642,1.8291208911532562,0.00230540610510582
7.67,2.707359416349606,757.9213266473997,0.2092695757629789,0.0005540495677102177,148.770864737967,1.8263839122196353,0.0023023066838260106
7.675,2.70687654858337,757.9204681205674,0.20927152430817964,0.0005526416301189149,148.77208217835548,1.8236507294840696,0.0022992109930661192
7.68,2.706385513694471,757.919603127033,0.2092734687906539,0.0005512365133675972,148.77329532016935,1.8209213349278885,0.0022961190291215317
7.6850000000000005,2.7058863310509245,757.91873170095,0.20927540922743312,0.0005498342052852675,148.77450418279756,1.818195720573593,0.00229303078828498
7.69,2.705379020376766,757.9178538767534,0.20927734563537828,0.0005484346938244675,148.77570878556605,1.8154738784944446,0.0022899462668460003
7.695,2.7048636016826353,757.9169696891039,0.20927927803121293,0.0005470379670371845,148.7769091477504,1.812755800804587,0.002286865461091618
7.7,2.7043400953334547,757.9160791729411,0.20928120643149184,0.0005456440130978226,148.7781052885637,1.8100414796685682,0.002283788367305835
7.705,2.7038085219793286,757.9151823634273,0.20928313085263367,0.0005442528202793279,148.77929722716917,1.8073309072915325,0.002280714981770285
7.71,2.7032689026228485,757.9142792960009,0.20928505131088979,0.0005428643769759472,148.78048498266804,1.8046240759286734,0.0022776453007637516
7.715,2.702721258550322,757.9133700063209,0.2092869678223768,0.0005414786716795698,148.78166857411202,1.8019209778754948,0.0022745793205627887
7.72,2.7021656113986934,757.9124545303182,0.20928888040304564,0.0005400956930022758,148.7828480204914,1.7992216054771972,0.0022715170374412717
7.7250000000000005,2.701601983087113,757.9115329041427,0.2092907890687137,0.0005387154296528927,148.78402334074727,1.7965259511190061,0.0022684584476709833
7.73,2.7010303958834627,757.9106051642132,0.20929269383503432,0.0005373378704593363,148.78519455375985,1.7938340072354928,0.002265403547521199
7.735,2.700450872336272,757.9096713471639,0.2092945947175286,0.0005359630043453781,148.7863616783606,1.7911457663009696,0.0022623523332592353
7.74,2.699863435340844,757.9087314898954,0.20929649173155498,0.0005345908203527795,148.78752473332048,1.788461220838743,0.0022593048011500683
7.745,2.699268108071529,757.9077856295214,0.20929838489234118,0.0005332213076182725,148.78868373736205,1.785780363411579,0.002256260947456851
7.75,2.6986649140474337,757.9068338034181,0.2093002742149537,0.0005318544553954859,148.7898387091479,1.7831031866308884,0.0022532207684405614
7.755,2.6980538770650693,757.9058760491723,0.20930215971432956,0.0005304902530321376,148.79098966729256,1.7804296831472597,0.0022501842603604863
7.76,2.697435021263634,757.9049124046303,0.20930404140524614,0.000529128689991754,148.79213663035102,1.777759845659578,0.002247151419473901
7.765000000000001,2.69680837105804,757.9039429078463,0.20930591930235257,0.0005277697558310735,148.79327961683057,1.7750936669056248,0.002244122242036521
7.7700000000000005,2.6961739512037672,757.9029675971302,0.20930779342014,0.000526413440221561,148.7944186451794,1.7724311396711325,0.002241096724302212
7.775,2.6955317867302733,757.9019865109979,0.20930966377297242,0.0005250597329270191,148.79555373379827,1.7697722567804488,0.00223807486252341
7.78,2.694881903005409,757.900999688217,0.20931153037505748,0.000523708623824899,148.79668490102935,1.767117011105526,0.0022350566529508583
7.785,2.694224325669228,757.9000071677583,0.20931339324047693,0.0005223601028841204,148.7978121651677,1.7644653955566534,0.002232042091834
7.79,2.693559080697943,757.8990089888416,0.20931525238315765,0.0005210141601861779,148.79893554445005,1.761817403091379,0.002229031175420744
7.795,2.6928861943381546,757.8980051908865,0.20931710781690185,0.0005196707859031693,148.80005505706646,1.7591730267053094,0.002226023899957826
7.8,2.6922056931703384,757.8969958135582,0.20931895955535842,0.0005183299703186982,148.8011707211491,1.7565322594409665,0.0022230202616906
7.805000000000001,2.691517604043496,757.895980896719,0.20932080761205288,0.0005169917038061083,148.80228255478366,1.7538950943786515,0.002220020256863374
7.8100000000000005,2.690821954138167,757.8949604804736,0.2093226520003589,0.0005156559768491859,148.8033905759983,1.7512615246452394,0.0022170238817192304
7.815,2.6901187709015146,757.8939346051209,0.20932449273352793,0.0005143227800205977,148.80449480277508,1.7486315434051065,0.002214031132500324
7.82,2.689408082109854,757.8929033111982,0.2093263298246612,0.0005129921040023921,148.80559525303892,1.7460051438688582,0.0022110420054477385
7.825,2.6886899158041735,757.8918666394344,0.20932816328673892,0.0005116639395646428,148.80669194466878,1.743382319284327,0.0022080564968017537
7.83,2.6879643003521734,757.8908246307934,0.20932999313259254,0.0005103382775857484,148.80778489548695,1.7407630629452318,0.002205074602801726
7.835,2.687231264384244,757.8897773264276,0.20933181937493373,0.0005090151090312801,148.80887412327,1.7381473681822421,0.0022020963196863292
7.84,2.686490836854992,757.8887247677212,0.20933364202632693,0.0005076944249740815,148.80995964573805,1.7355352283715726,0.0021991216436934614
7.845,2.6857430469796855,757.8876669962435,0.20933546109921797,0.0005063762165733185,148.81104148056602,1.7329266369261134,0.0021961505710604576
7.8500000000000005,2.6849879242952657,757.886604053792,0.20933727660590698,0.00050506047509438,148.81211964537255,1.7303215873039572,0.0021931830980240234
7.855,2.684225498597266,757.8855359823467,0.20933908855857672,0.0005037471918881314,148.81319415773126,1.7277200729995987,0.0021902192208204194
7.86,2.683455800000298,757.8844628241119,0.20934089696926567,0.0005024363584106141,148.8142650351599,1.7251220875523945,0.002187258935685422
7.865,2.682678858875454,757.8833846214715,0.20934270184989615,0.0005011279662025018,148.81533229513144,1.722527624537826,0.002184302238854475
7.87,2.6818947059102625,757.8823014170298,0.20934450321224776,0.0004998220069086019,148.8163959550633,1.7199366775758993,0.0021813491265626843
7.875,2.681103372046579,757.8812132535679,0.2093463010679851,0.0004985184722575116,148.81745603232832,1.7173492403224695,0.002178399595044937
7.88,2.6803048885400007,757.8801201740837,0.2093480954286315,0.000497217354080923,148.81851254424407,1.714765306477576,0.0021754536405359224
7.885,2.6794992868982606,757.8790222217484,0.20934988630559656,0.000495918644293478,148.81956550808374,1.7121848697768336,0.0021725112592702253
7.890000000000001,2.6786865989400903,757.8779194399465,0.20935167371015,0.0004946223349118762,148.82061494106566,1.709607923999701,0.00216957244748237
7.8950000000000005,2.677866856734125,757.876811872233,0.2093534576534491,0.0004933284180349308,148.82166086036386,1.70703446296094,0.002166637201406891
7.9,2.677040092657205,757.8756995623719,0.20935523814651266,0.0004920368858624778,148.82270328309778,1.7044644805188154,0.002163705517278398
7.905,2.676206339333803,757.8745825542948,0.20935701520024821,0.0004907477306756315,148.82374222634294,1.7018979705666202,0.00216077739133162
7.91,2.675365629693757,757.8734608921386,0.2093587888254264,0.0004894609448554975,148.82477770712032,1.6993349270408133,0.002157852819801497
7.915,2.674517996912226,757.8723346202046,0.2093605590327077,0.0004881765208636265,148.82580974240727,1.696775343912606,0.0021549317989231994
7.92,2.6736634744668435,757.8712037829955,0.20936232583261716,0.0004868944512605314,148.8268383491269,1.6942192151960376,0.002152014324932241
7.925,2.6728020960782173,757.8700684251751,0.20936408923557082,0.0004856147286863384,148.82786354415876,1.6916665349396254,0.0021491003940644726
7.930000000000001,2.671933895766491,757.868928591605,0.20936584925185084,0.0004843373458791088,148.8288853443285,1.6891172972343749,0.0021461900025562214
7.9350000000000005,2.671058907792393,757.8677843273047,0.20936760589163156,0.00048306229565568795,148.82990376641845,1.6865714962054967,0.002143283146644258
7.94,2.6701771667132066,757.8666356774871,0.2093693591649548,0.0004817895709298306,148.83091882715706,1.6840291260203504,0.0021403798225659598
7.945,2.669288707324373,757.8654826875204,0.20937110908175577,0.000480519164693247,148.8319305432298,1.681490180880225,0.00213748002655925
7.95,2.668393564714855,757.8643254029621,0.20937285565183864,0.00047925107003353424,148.83293893126844,1.6789546550282202,0.0021345837548627897
7.955,2.6674917742093136,757.8631638695215,0.20937459888490217,0.00047798528011541795,148.83394400786196,1.6764225427410915,0.002131691003715887
7.96,2.66658337142285,757.8619981330935,0.20937633879051554,0.00047672178819848873,148.83494578954588,1.6738938383370647,0.002128801769358717
7.965,2.6656683922037647,757.8608282397212,0.2093780753781436,0.00047546058761864036,148.835944292813,1.6713685361677475,0.002125916048032202
7.97,2.664746872687676,757.8596542356297,0.2093798086571231,0.0004742016718056113,148.8369395341029,1.6688466306258776,0.002123033835978256
7.9750000000000005,2.6638188492408625,757.8584761671888,0.20938153863668776,0.00047294503426461887,148.8379315298126,1.6663281161372994,0.002120155129439642
7.98,2.6628843585137525,757.8572940809462,0.20938326532594453,0.0004716906685937068,148.83892029628618,1.6638129871686493,0.0021172799246602374
7.985,2.661943437384861,757.8561080235913,0.20938498873389846,0.0004704385684655741,148.8399058498252,1.6613012382193946,0.0021144082178848685
7.99,2.660996123013638,757.854918041987,0.2093867088694294,0.000469188727644728,148.84088820667841,1.6587928638294527,0.002111540005359596
7.995,2.660042452785012,757.8537241831349,0.2093884257413164,0.0004679411399695095,148.8418673830524,1.6562878585712972,0.002108675283331528
8.0,2.659082464361586,757.8525264942054,0.20939013935821468,0.00046669579936905103,148.84284339510103,1.6537862170575124,0.0021058140480491264
8.005,2.6581161956287978,757.851325022505,0.20939184972868,0.000465452699845497,148.84381625893596,1.6512879339329614,0.0021029562957619987
8.01,2.6571436847464587,757.8501198155043,0.20939355686114564,0.0004642118354907686,148.84478599061654,1.6487930038822782,0.0021001020227212237
8.015,2.6561649700945322,757.8489109208069,0.20939526076394657,0.0004629732004689768,148.84575260615995,1.6463014216220986,0.0020972512251791185
8.02,2.6551800903240106,757.8476983861766,0.20939696144529674,0.0004617367890329954,148.84671612153124,1.643813181908487,0.0020944038993895918
8.025,2.654189084303323,757.8464822595063,0.2093986589133129,0.0004605025955070675,148.84767655265344,1.641328279529233,0.0020915600416078805
8.03,2.6531919911685398,757.8452625888452,0.20940035317599232,0.00045927061430318494,148.8486339153975,1.6388467093112138,0.0020887196480909296
8.035,2.652188850270419,757.844039422368,0.20940204424123615,0.000458040839903889,148.84958822559258,1.6363684661127536,0.0020858827150971064
8.040000000000001,2.651179701223927,757.842812808402,0.20940373211682753,0.00045681326687845546,148.8505394990159,1.6338935448309198,0.0020830492388865963
8.045,2.6501645838559367,757.8415827953958,0.2094054168104547,0.000455587889865892,148.85148775140294,1.6314219403939534,0.002080219215721102
8.05,2.649143538254056,757.8403494319468,0.20940709832968918,0.0004543647035909247,148.85243299843745,1.6289536477684892,0.00207739264186425
8.055,2.6481166047149842,757.8391127667707,0.20940877668200886,0.0004531437028471942,148.85337525576156,1.6264886619520607,0.0020745695135812787
8.06,2.6470838237926397,757.837872848727,0.20941045187477636,0.00045192488251304596,148.85431453896572,1.6240269779802496,0.0020717498271394593
8.065,2.646045236247183,757.8366297267902,0.20941212391526176,0.00045070823753492106,148.85525086359894,1.621568590919258,0.00206893357880776
8.07,2.6450008830924414,757.8353834500748,0.20941379281062136,0.0004494937629429524,148.85618424515872,1.6191134958729907,0.002066120764857294
8.075,2.6439508055456016,757.8341340678063,0.20941545856792002,0.0004482814538345493,148.85711469910106,1.616661687975692,0.002063311381560957
8.08,2.64289504507392,757.8328816293459,0.20941712119411027,0.00044707130538980004,148.85804224083077,1.6142131623989637,0.002060505425193895
8.085,2.6418336433451,757.8316261841628,0.20941878069605444,0.00044586331285524985,148.85896688571117,1.611767914344466,0.002057702892033123
8.09,2.6407666422732823,757.830367781857,0.20942043708050387,0.0004446574715591114,148.85988864905445,1.6093259390508723,0.002054903778358014
8.095,2.6396940839701064,757.8291064721335,0.20942209035412085,0.0004434537768952328,148.86080754613153,1.606887231786628,0.002052108080449889
8.1,2.638616010789977,757.8278423048235,0.2094237405234582,0.0004422522243381176,148.86172359216218,1.6044517878568476,0.0020493157945925336
8.105,2.6375324652818213,757.8265753298593,0.20942538759498078,0.00044105280942708503,148.86263680232514,1.602019602596134,0.002046526917071764
8.11,2.6364434902336193,757.8253055972958,0.20942703157504547,0.000439855527781096,148.86354719174804,1.59959067137541,0.0020437414441759625
8.115,2.6353491286248665,757.824033157285,0.20942867246992225,0.0004386603750831075,148.86445477551746,1.5971649895948052,0.002040959372195623
8.120000000000001,2.634249423670362,757.8227580600972,0.2094303102857746,0.00043746734709470327,148.8653595686691,1.5947425526904164,0.0020381806974239065
8.125,2.633144418773382,757.8214803560961,0.2094319450286803,0.0004362764396406447,148.86626158619774,1.5923233561272678,0.0020354054161561674
8.13,2.6320341575687203,757.8202000957597,0.20943357670461202,0.0004350876486233029,148.8671608430473,1.5899073954059944,0.002032633524690521
8.135,2.630918683876581,757.8189173296554,0.20943520531945792,0.00043390097000740743,148.86805735412074,1.587494666055876,0.002029865019327359
8.14,2.6297980417448628,757.8176321084605,0.20943683087900242,0.00043271639983428155,148.8689511342705,1.5850851636414514,0.0020270998963699293
8.145,2.6286722754037766,757.8163444829386,0.20943845338894665,0.0004315339342067858,148.869842198308,1.5826788837556183,0.0020243381521238345
8.15,2.627541429307371,757.8150545039581,0.20944007285488941,0.0004303535693033583,148.8707305609942,1.5802758220261783,0.0020215797828976286
8.155,2.6264055480888793,757.8137622224705,0.20944168928234735,0.0004291753013631524,148.87161623704924,1.5778759741090076,0.002018824785002296
8.16,2.6252646766014776,757.8124676895278,0.20944330267673625,0.00042799912669988196,148.87249924114278,1.5754793356945296,0.0020160731547518673
8.165000000000001,2.6241188598743763,757.8111709562611,0.2094449130433909,0.0004268250416871533,148.8733795879038,1.5730859025009538,0.0020133248884628765
8.17,2.622968143152799,757.8098720738975,0.20944652038754666,0.0004256530427721163,148.8742572919108,1.570695670280685,0.002010579982455
8.175,2.621812571854817,757.80857109374,0.20944812471435895,0.00042448312646098786,148.87513236770172,1.5683086348136197,0.002007838433050486
8.18,2.620652191610557,757.807268067183,0.20944972602888534,0.0004233152893325111,148.87600482976418,1.5659247919134958,0.002005100236574819
8.185,2.619487048219783,757.8059630456927,0.20945132433610458,0.000422149528023671,148.87687469254516,1.5635441374212515,0.0020023653893561275
8.19,2.6183171876903173,757.8046560808226,0.20945291964089896,0.0004209858392429589,148.87774197044146,1.5611666672113083,0.0019996338877258644
8.195,2.6171426561963838,757.8033472241946,0.20945451194807319,0.0004198242197562828,148.87860667780936,1.5587923771849976,0.0019969057280181985
8.2,2.6159635001162345,757.8020365275128,0.20945610126233682,0.0004186646664000357,148.87946882895494,1.5564212632767724,0.0019941809065707086
8.205,2.6147797659912633,757.8007240425463,0.2094576875883231,0.000417507176067201,148.88032843814392,1.5540533214477044,0.001991459419723761
8.21,2.6135915005628294,757.7994098211421,0.2094592709305715,0.00041635174572022404,148.88118551959184,1.5516885476916238,0.001988741263821218
8.215,2.6123987507321456,757.7980939152083,0.2094608512935464,0.0004151983723773154,148.8820400874739,1.54932693802869,0.001986026435209799
8.22,2.6112015635962966,757.7967763767261,0.20946242868161982,0.00041404705312512085,148.88289215591533,1.5469684885114532,0.001983314930239798
8.225,2.609999986408909,757.7954572577347,0.2094640030990898,0.0004128977851052247,148.88374173900087,1.5446131952185012,0.0019806067452644398
8.23,2.6087940666153555,757.7941366103416,0.20946557455016349,0.00041175056552662114,148.88458885076545,1.5422610542604467,0.0019779018766406036
8.235,2.607583851814214,757.7928144867084,0.20946714303897523,0.00041060539165241317,148.88543350520374,1.5399120617736446,0.0019752003207281653
8.24,2.6063693897916544,757.7914909390608,0.20946870856956995,0.0004094622608120872,148.88627571626046,1.537566213926109,0.001972502073890737
8.245000000000001,2.605150728483688,757.7901660196745,0.20947027114592082,0.00040832117038840733,148.88711549784014,1.5352235069112985,0.0019698071324949903
8.25,2.6039279160097375,757.788839780885,0.20947183077191314,0.0004071821178294945,148.8879528637975,1.5328839369539662,0.0019671154929114176
8.255,2.6027010006356774,757.7875122750742,0.20947338745136163,0.00040604510063591345,148.88878782794708,1.530547500304006,0.0019644271515136284
8.26,2.601470030806584,757.7861835546789,0.2094749411879945,0.00040491011637255734,148.88962040405366,1.5282141932422415,0.0019617421046791337
8.265,2.6002350551105744,757.784853672179,0.20947649198547055,0.00040377716265592987,148.890450605842,1.5258840120743364,0.0019590603487886233
8.27,2.5989961223107256,757.7835226801043,0.2094780398473636,0.0004026462371658321,148.8912784469871,1.523556953136513,0.0019563818802267644
8.275,2.597753281309727,757.7821906310239,0.20947958477717912,0.00040151733763284117,148.89210394112382,1.5212330127895335,0.0019537066953814654
8.28,2.5965065811809582,757.7808575775529,0.2094811267783391,0.00040039046184979873,148.89292710183756,1.5189121874243452,0.0019510347906446862
8.285,2.595256071133955,757.7795235723414,0.2094826658541984,0.000399265607659487,148.8937479426736,1.516594473456135,0.0019483661624116863
8.290000000000001,2.5940018005446492,757.7781886680809,0.2094842020080297,0.00039814277296591804,148.89456647712774,1.5142798673298992,0.0019457008070818506
8.295,2.592743818921657,757.7768529174944,0.20948573524303984,0.00039702195572220917,148.89538271865575,1.5119683655145728,0.0019430387210579256
8.3,2.5914821759356643,757.7755163733415,0.20948726556235492,0.0003959031539416689,148.8961966806639,1.5096599645085205,0.0019403799007468483
8.305,2.5902169213865456,757.7741790884097,0.20948879296903627,0.00039478636568587465,148.89700837651864,1.507354660833745,0.0019377243425589788
8.31,2.5889481052319,757.7728411155186,0.20949031746606603,0.0003936715890755568,148.89781781953687,1.5050524510412988,0.0019350720429089374
8.315,2.587675777554999,757.7715025075119,0.20949183905636276,0.00039255882227887524,148.89862502299565,1.5027533317055677,0.0019324229982148225
8.32,2.5863999885924627,757.7701633172602,0.20949335774276712,0.0003914480635221034,148.89943000012272,1.5004572994296081,0.0019297772048990616
8.325,2.58512078870305,757.7688235976551,0.2094948735280575,0.00039033931107810334,148.90023276410597,1.498164350839502,0.0019271346593876153
8.33,2.583838228394471,757.7674834016108,0.2094963864149359,0.0003892325632768096,148.90103332808394,1.4958744825896215,0.00192449535811084
8.335,2.582552358293019,757.7661427820577,0.20949789640604302,0.0003881278184939028,148.90183170515547,1.4935876913570547,0.0019218592975026778
8.34,2.58126322916952,757.7648017919449,0.20949940350394475,0.00038702507516109495,148.90262790837008,1.4913039738468012,0.0019192264740015355
8.345,2.579970891909806,757.7634604842341,0.20950090771114685,0.0003859243317549982,148.90342195073762,1.4890233267862614,0.0019165968840494526
8.35,2.5786753975398007,757.7621189119005,0.20950240903008163,0.0003848255868072133,148.9042138452187,1.4867457469303655,0.001913970524093001
8.355,2.5773767971968407,757.7607771279285,0.20950390746312264,0.0003837288388933959,148.90500360473425,1.4844712310561334,0.001911347390582435
8.36,2.5760751421538894,757.7594351853112,0.20950540301257128,0.0003826340866431443,148.9057912421561,1.4821997759677292,0.0019087274799726036
8.365,2.5747704837917134,757.7580931370472,0.20950689568067135,0.00038154132872926543,148.9065767703165,1.479931378491093,0.0019061107887220882
8.370000000000001,2.573462873622218,757.7567510361395,0.20950838546959605,0.0003804505638774608,148.9073602019985,1.4776660354789215,0.001903497313294125
8.375,2.5721523632614867,757.7554089355924,0.20950987238146207,0.0003793617908557947,148.90814154994564,1.4754037438053764,0.0019008870501557341
8.38,2.5708390044522327,757.7540668884101,0.209511356418317,0.00037827500848417443,148.90892082685244,1.4731445003709818,0.0018982799957786445
8.385,2.5695228490377042,757.7527249475943,0.2095128375821531,0.0003771902156240228,148.90969804537394,1.470888302097415,0.0018956761466384206
8.39,2.568203948983253,757.7513831661422,0.20951431587489502,0.0003761074111875545,148.91047321811615,1.4686351459323237,0.0018930754992153914
8.395,2.566882356351106,757.7500415970446,0.2095157912984132,0.0003750265941276495,148.91124635764564,1.4663850288441918,0.0018904780499937681
8.4,2.565558123321047,757.748700293283,0.20951726385451183,0.00037394776344692755,148.9120174764801,1.4641379478270817,0.0018878837954625829
8.405,2.564231302166059,757.7473593078291,0.20951873354494233,0.0003728709181878223,148.9127865870977,1.4618938998955737,0.0018852927321147946
8.41,2.5629019452721193,757.7460186936404,0.20952020037139116,0.00037179605744145315,148.91355370192795,1.4596528820894317,0.0018827048564482374
8.415000000000001,2.5615701051147126,757.7446785036608,0.20952166433549316,0.00037072318033790086,148.91431883336082,1.4574148914686182,0.001880120164964715
8.42,2.5602358342777367,757.7433387908156,0.2095231254388198,0.000369652286054878,148.91508199373757,1.4551799251178863,0.001877538654170964
8.425,2.5588991854308922,757.7419996080127,0.20952458368289192,0.00036858337380820267,148.9158431953602,1.4529479801418619,0.0018749603205777262
8.43,2.5575602113476927,757.7406610081368,0.2095260390691686,0.00036751644286026953,148.91660245048192,1.4507190536695667,0.0018723851607007323
8.435,2.556218964883739,757.7393230440514,0.20952749159905953,0.00036645149251072367,148.91735977131668,1.4484931428495735,0.0018698131710597587
8.44,2.5548754989938267,757.737985768592,0.20952894127391394,0.0003653885221047288,148.91811517002984,1.4462702448544515,0.00186724434817962
8.445,2.553529866711109,757.7366492345693,0.2095303880950329,0.00036432753102384323,148.9188686587475,1.4440503568759968,0.0018646786885892165
8.45,2.552182121163302,757.7353134947616,0.20953183206365852,0.00036326851869408457,148.91962024954725,1.4418334761296012,0.0018621161888225362
8.455,2.5508323155527357,757.7339786019186,0.20953327318098589,0.00036221148457700827,148.9203699544674,1.4396195998495598,0.0018595568454176906
8.46,2.5494805031716594,757.7326446087525,0.2095347114481527,0.0003611564281775683,148.92111778549784,1.4374087252933594,0.0018570006549179247
8.465,2.5481267373831806,757.7313115679437,0.20953614686625063,0.0003601033490354001,148.92186375458934,1.4352008497370667,0.0018544476138706498
8.47,2.5467710716356606,757.7299795321305,0.20953757943631557,0.00035905224673247387,148.92260787364427,1.4329959704795334,0.0018518977188284494
8.475,2.545413559444559,757.7286485539154,0.20953900915933854,0.0003580031208845842,148.9233501545259,1.4307940848378655,0.0018493509663481131
8.48,2.544054254405913,757.7273186858542,0.2095404360362562,0.00035695597114879734,148.9240906090492,1.4285951901515475,0.0018468073529916468
8.485,2.542693210179081,757.7259899804635,0.2095418600679616,0.0003559107972151446,148.92482924899002,1.4263992837779909,0.0018442668753252966
8.49,2.5413304804993113,757.7246624902084,0.2095432812552948,0.00035486759881386533,148.92556608607603,1.424206363096578,0.001841729529920568
8.495000000000001,2.53996611916139,757.7233362675108,0.20954469959905347,0.0003538263757073036,148.92630113199596,1.4220164255042882,0.0018391953133532397
8.5,2.5386001800312914,757.7220113647372,0.20954611509998378,0.0003527871276969483,148.92703439839028,1.4198294684196662,0.0018366642222043938
8.505,2.537232717030731,757.7206878342066,0.2095475277587907,0.00035174985461553025,148.92776589686065,1.4176454892785177,0.001834136253059414
8.51,2.535863784147906,757.7193657281781,0.20954893757612908,0.00035071455633386143,148.92849563896053,1.4154644855378078,0.0018316114025090295
8.515,2.534493435422947,757.7180450988601,0.20955034455261384,0.00034968123275313384,148.92922363620454,1.4132864546714294,0.0018290896671483013
8.52,2.5331217249577467,757.716725998396,0.20955174868881124,0.000348649883811555,148.9299499000594,1.4111113941740236,0.0018265710435776755
8.525,2.5317487069023183,757.7154084788748,0.2095531499852487,0.00034762050947685066,148.93067444195287,1.4089393015568263,0.001824055528401959
8.53,2.530374435463707,757.7140925923163,0.20955454844240656,0.00034659310975269583,148.93139727326488,1.4067701743514087,0.0018215431182313803
8.535,2.5289989648932565,757.7127783906822,0.20955594406072744,0.0003455676846714214,148.9321184053366,1.404604010105603,0.0018190338096805586
8.540000000000001,2.5276223494946026,757.7114659258601,0.20955733684060834,0.0003445442343002405,148.93283784946138,1.4024408063871616,0.001816527599369568
8.545,2.5262446436118573,757.7101552496761,0.20955872678240975,0.00034352275873416135,148.93355561689384,1.4002805607797661,0.001814024483922905
8.55,2.5248659016366717,757.7088464138776,0.20956011388644796,0.00034250325810200485,148.93427171884088,1.3981232708865983,0.0018115244599705498
8.555,2.5234861779973414,757.7075394701469,0.209561498153004,0.0003414857325595262,148.93498616647076,1.3959689343264354,0.0018090275241469343
8.56,2.522105527164945,757.7062344700829,0.2095628795823161,0.0003404701822952258,148.93569897090413,1.3938175487371385,0.0018065336730920059
8.565,2.520724003643365,757.704931465216,0.20956425817458837,0.0003394566075236754,148.93641014322301,1.391669111771827,0.0018040429034501884
8.57,2.5193416619745075,757.7036305069887,0.2095656339299837,0.000338445008491125,148.93711969446193,1.389523621102285,0.0018015552118714523
8.575000000000001,2.5179585567292375,757.702331646771,0.20956700684863203,0.00033743538546903313,148.93782763561686,1.3873810744152177,0.0017990705950102683
8.58,2.5165747425116733,757.7010349358409,0.20956837693062333,0.00033642773875947084,148.93853397763635,1.385241469415579,0.001796589049526686
8.585,2.5151902739510437,757.6997404254,0.20956974417601604,0.0003354220686888533,148.9392387314305,1.383104803822899,0.0017941105720852726
8.59,2.513805205705059,757.6984481665536,0.20957110858483005,0.00033441837561314287,148.939941907862,1.3809710753745403,0.001791635159356206
8.595,2.512419592452684,757.6971582103271,0.20957247015705474,0.00033341665991178354,148.94064351775526,1.3788402818221022,0.001789162808014202
8.6,2.51103348889659,757.6958706076448,0.20957382889264253,0.0003324169219927005,148.94134357188736,1.3767124209345942,0.001786693514739614
8.605,2.5096469497568448,757.6945854093476,0.20957518479151652,0.0003314191622864387,148.94204208099708,1.3745874904949218,0.001784227276217354
8.61,2.5082600297724404,757.6933026661711,0.20957653785356423,0.0003304233812509587,148.94273905577606,1.37246548830298,0.0017817640891379964
8.615,2.5068727836959073,757.6920224287638,0.209577888078645,0.00032942957936597984,148.9434345068777,1.3703464121722175,0.0017793039501966931
8.620000000000001,2.5054852662939138,757.6907447476642,0.20957923546658416,0.00032843775713757204,148.94412844490833,1.3682302599326492,0.0017768468560942806
8.625,2.5040975323428096,757.6894696733203,0.20958058001718,0.00032744791509270487,148.94482088043614,1.366117029427504,0.0017743928035361962
8.63,2.502709636628291,757.688197256066,0.20958192173019816,0.0003264600537836326,148.94551182398232,1.3640067185161495,0.0017719417892335773
8.635,2.5013216339418722,757.6869275461409,0.20958326060537844,0.00032547417378265094,148.94620128603003,1.3618993250708278,0.0017694938099021829
8.64,2.499933579079628,757.6856605936655,0.20958459664242954,0.0003244902756862775,148.94688927701554,1.3597948469794938,0.001767048862263492
8.645,2.498545526839589,757.6843964486636,0.20958592984103538,0.0003235083601102128,148.9475758073371,1.3576932821426344,0.0017646069430436208
8.65,2.497157532019553,757.683135161035,0.20958726020085022,0.00032252842769331765,148.94826088734624,1.3555946284760239,0.0017621680489744247
8.655,2.495769649415412,757.6818767805789,0.20958858772150477,0.0003215504790927788,148.94894452735662,1.3534988839076236,0.0017597321767924114
8.66,2.4943819338180355,757.6806213569669,0.20958991240260147,0.00032057451498788335,148.94962673763507,1.3514060463802582,0.0017572993232398445
8.665000000000001,2.4929944400125232,757.6793689397655,0.2095912342437204,0.0003196005360753879,148.9503075284108,1.3493161138485936,0.0017548694850636534
8.67,2.491607222774166,757.6781195784101,0.20959255324441475,0.0003186285430730929,148.9509869098663,1.3472290842817354,0.0017524426590165435
8.675,2.4902203368686178,757.6768733222276,0.2095938694042166,0.00031765853671541144,148.95166489214643,1.345144955660282,0.001750018841855892
8.68,2.4888338370469407,757.6756302204086,0.20959518272263253,0.0003166905177567458,148.95234148534954,1.343063725978847,0.001747598030344871
8.685,2.4874477780466977,757.6743903220325,0.20959649319914905,0.00031572448696725783,148.95301669953636,1.3409853932431914,0.0017451802212513357
8.69,2.486062214586075,757.6731536760379,0.2095978008332288,0.00031476044513604443,148.95369054472124,1.338909955472664,0.0017427654113489482
8.695,2.484677201365901,757.6719203312487,0.20959910562431538,0.000313798393067111,148.95436303088098,1.3368374106974161,0.0017403535974160644
8.700000000000001,2.4832927930628435,757.6706903363437,0.20960040757182996,0.00031283833158234596,148.9550341679462,1.3347677569607581,0.001737944776236858
8.705,2.4819090443323604,757.6694637398834,0.20960170667517583,0.00031188026151769867,148.95570396580996,1.33270099231646,0.0017355389446002093
8.71,2.480526009800968,757.6682405902795,0.20960300293373524,0.0003109241837259503,148.9563724343192,1.33063711483102,0.0017331360993008218
8.715,2.4791437440701203,757.6670209358215,0.20960429634687378,0.0003099700990730974,148.95703958328357,1.3285761225810522,0.0017307362371381167
8.72,2.477762301707557,757.6658048246459,0.2096055869139373,0.0003090180084409218,148.95770542246666,1.3265180136554697,0.0017283393549173472
8.725,2.476381737252106,757.6645923047638,0.20960687463425626,0.00030806791272357595,148.9583699615947,1.3244627861529574,0.0017259454494484901
8.73,2.4750021052041147,757.663383424029,0.20960815950714265,0.00030711981282995467,148.95903321034814,1.3224104381840707,0.0017235545175473624
8.735,2.4736234600311717,757.6621782301665,0.20960944153189429,0.0003061737096804812,148.95969517837014,1.32036096786879,0.0017211665560345109
8.74,2.4722458561576244,757.6609767707399,0.20961072070779196,0.000305229604209281,148.96035587525813,1.3183143733385394,0.0017187815617363284
8.745000000000001,2.4708693479712225,757.6597790931808,0.20961199703410333,0.00030428749736116856,148.96101531057246,1.3162706527338215,0.001716399531483941
8.75,2.46949398981172,757.6585852447547,0.20961327051008044,0.0003033473900936255,148.9616734938277,1.3142298042061573,0.0017140204621143294
8.755,2.4681198359784386,757.6573952725921,0.20961454113496336,0.00030240928337398385,148.96233043450158,1.3121918259157968,0.0017116443504692062
8.76,2.4667469407179574,757.6562092236536,0.20961580890797799,0.00030147317818121167,148.96298614202612,1.310156716033584,0.0017092711933961457
8.765,2.4653753582325955,757.6550271447611,0.2096170738283392,0.0003005390755032935,148.96364062579656,1.3081244727387458,0.0017069009877474554
8.77,2.464005142667192,757.6538490825625,0.2096183358952492,0.0002996069763388213,148.9642938951626,1.306095094220675,0.0017045337303813063
8.775,2.4626363481185036,757.6526750835637,0.20961959510790035,0.00029867688169457374,148.96494595943724,1.3040685786768036,0.0017021694181606046
8.78,2.4612690286210777,757.6515051940927,0.20962085146547366,0.00029774879258691225,148.9655968278881,1.3020449243143026,0.0016998080479541204
8.785,2.459903238157569,757.6503394603321,0.2096221049671413,0.0002968227100395584,148.96624650974607,1.3000241293480364,0.0016974496166353595
8.790000000000001,2.4585390306436996,757.6491779282828,0.2096233556120655,0.0002958986350847965,148.96689501419687,1.298006192002183,0.0016950941210836902
8.795,2.4571764599394963,757.6480206437967,0.20962460339940092,0.00029497656876144936,148.9675423503896,1.2959911105082718,0.001692741558183219
8.8,2.4558155798333434,757.64686765254,0.2096258483282935,0.00029405651211588546,148.96818852742837,1.2939788831067158,0.001690391924823908
8.805,2.4544564440541348,757.645719000027,0.20962709039788271,0.00029313846620019414,148.96883355438064,1.291969508044939,0.0016880452179004587
8.81,2.4530991062544225,757.6445747315823,0.20962832960730066,0.00029222243207299996,148.969477440269,1.2899629835788238,0.0016857014343134248
8.815,2.451743620023483,757.6434348923752,0.20962956595567409,0.00029130841079783384,148.97012019407964,1.28795930797092,0.001683360570968096
8.82,2.450390038869564,757.6422995273812,0.20963079944212373,0.00029039640344375676,148.97076182475385,1.2859584794918122,0.0016810226247756096
8.825000000000001,2.449038416233862,757.6411686814176,0.20963203006576603,0.0002894864110839256,148.97140234119667,1.2839604964184097,0.0016786875926518342
8.83,2.4476888054718726,757.6400423991038,0.20963325782571277,0.000288578434796029,148.9720417522684,1.2819653570352358,0.001676355471518484
8.835,2.44634125986827,757.6389207248982,0.2096344827210725,0.00028767247566104397,148.97268006679317,1.2799730596327938,0.0016740262583019936
8.84,2.4449958326173724,757.637803703057,0.20963570475095042,0.0002867685347634871,148.97331729355045,1.2779836025087816,0.0016716999499346399
8.845,2.4436525768389217,757.6366913776724,0.20963692391444966,0.000285866613190362,148.9739534412837,1.275996983966535,0.0016693765433534132
8.85,2.4423115455576556,757.6355837926308,0.20963814021067123,0.00028496671203122434,148.97458851869183,1.274013202316165,0.001667056035501138
8.855,2.440972791719995,757.634480991651,0.20963935363871508,0.00028406883237732094,148.97522253443776,1.2720322558730808,0.001664738423325344
8.86,2.4396363681727258,757.6333830182425,0.2096405641976805,0.0002831729753214696,148.97585549714015,1.2700541429590464,0.0016624237037793867
8.865,2.438302327680585,757.6322899157444,0.2096417718866667,0.00028227914195738863,148.9764874153816,1.2680788619007866,0.0016601118738213184
8.870000000000001,2.436970722904062,757.6312017272824,0.2096429767047735,0.0002813873333793925,148.97711829770063,1.2661064110309626,0.0016578029304150043
8.875,2.43564160641788,757.6301184958083,0.20964417865110166,0.00028049755068191223,148.97774815259993,1.2641367886868609,0.001655496870529002
8.88,2.4343150306879138,757.6290402640575,0.20964537772475395,0.0002796097949590055,148.97837698853803,1.2621699932112844,0.0016531936911376645
8.885,2.4329910480905705,757.6279670745882,0.20964657392483504,0.0002787240673040685,148.9790048139378,1.260206022951328,0.0016508933892200295
8.89,2.431669710888827,757.6268989697382,0.20964776725045287,0.00027784036880916334,148.97963163717813,1.2582448762591885,0.0016485959617609167
8.895,2.4303510712525025,757.6258359916659,0.2096489577007184,0.00027695870056491684,148.9802574666023,1.2562865514910186,0.0016463014057498187
8.9,2.4290351812334228,757.6247781823049,0.209650145274747,0.0002760790636596692,148.98088231050974,1.254331047007661,0.001644009718181996
8.905,2.4277220927865817,757.6237255834062,0.2096513299716582,0.00027520145917955786,148.9815061771644,1.2523783611735808,0.0016417208960573697
8.91,2.426411857744435,757.6226782364931,0.20965251179057712,0.0002743258882074883,148.98212907478649,1.250428492357522,0.0016394349363816124
8.915000000000001,2.4251045278389447,757.6216361829032,0.209653690730634,0.00027345235182340215,148.98275101156077,1.2484814389315195,0.001637151836165044
8.92,2.4238001546750123,757.6205994637425,0.20965486679096607,0.0002725808511030733,148.98337199562846,1.2465371992714795,0.001634871592423722
8.925,2.4224987897534005,757.6195681199284,0.20965603997071652,0.00027171138711855537,148.98399203509538,1.2445957717562668,0.0016325942021783318
8.93,2.421200484443306,757.6185421921433,0.20965721026903686,0.0002708439609368068,148.984611138024,1.242657154768212,0.0016303196624552817
8.935,2.41990529000616,757.6175217208785,0.20965837768508555,0.000269978573620318,148.98522931244145,1.2407213466922757,0.0016280479702855915
8.94,2.4186132575673422,757.6165067463859,0.2096595422180305,0.00026911522622556416,148.98584656633153,1.2387883459164806,0.001625779122705985
8.945,2.4173244381408585,757.6154973087238,0.2096607038670476,0.0002682539198038117,148.98646290764296,1.2368581508311525,0.0016235131167577819
8.950000000000001,2.416038882600198,757.614493447708,0.20966186263132341,0.0002673946553994007,148.98707834428117,1.2349307598292765,0.0016212499494879832
8.955,2.414756641703885,757.6134952029577,0.20966301851005345,0.0002665374340507303,148.9876928841166,1.2330061713058194,0.0016189896179481728
8.96,2.4134777660654843,757.6125026138458,0.20966417150244507,0.00026568225678836964,148.9883065349765,1.231084383658003,0.0016167321191955897
8.965,2.4122023061800224,757.6115157195459,0.20966532160771548,0.0002648291246362226,148.98891930465325,1.2291653952847124,0.0016144774502920402
8.97,2.4109303123931514,757.6105345589822,0.20966646882509501,0.00026397803860946995,148.98953120089624,1.2272492045866894,0.0016122256083049627
8.975,2.4096618349284245,757.6095591708769,0.20966761315382476,0.0002631289997159099,148.99014223141992,1.225335809966019,0.001609976590306344
8.98,2.408396923855627,757.6085895936989,0.20966875459316003,0.00026228200895373453,148.99075240389593,1.223425209826249,0.0016077303933737784
8.985,2.407135629118912,757.6076258657126,0.20966989314236795,0.0002614370673130436,148.9913617259611,1.2215174025719524,0.0016054870145893894
8.99,2.4058780005042903,757.6066680249263,0.20967102880073088,0.00026059417577345824,148.99197020520955,1.2196123866087738,0.0016032464510408833
8.995000000000001,2.4046240876686267,757.6057161091403,0.20967216156754406,0.0002597533353058053,148.99257784920067,1.217710160343067,0.0016010086998204732
9.0,2.4033739401063006,757.6047701558958,0.209673291442119,0.000258914546869572,148.9931846654512,1.2158107221818715,0.0015987737580259326
9.005,2.4021276071790427,757.6038302025236,0.20967441842378096,0.0002580778114147563,148.99379066144328,1.2139140705326197,0.001596541622759515
9.01,2.400885138081784,757.6028962860917,0.2096755425118727,0.00025724312987916633,148.99439584461658,1.2120202038030468,0.0015943122911290107
9.015,2.39964658187333,757.6019684434553,0.20967666370575158,0.00025641050319043603,148.99500022237615,1.21012912040097,0.0015920857602466675
9.02,2.398411987441394,757.601046711204,0.20967778200479353,0.000255579932263169,148.99560380208467,1.2082408187341278,0.00158986202723024
9.025,2.397181403534109,757.6001311257115,0.20967889740839002,0.0002547514180011191,148.99620659107038,1.2063552972100329,0.001587641089201918
9.03,2.395954878724249,757.5992217230825,0.20968000991595215,0.0002539249612941805,148.9968085966192,1.2044725542357404,0.0015854229432893689
9.035,2.3947324614415777,757.5983185392037,0.2096811195269074,0.00025310056302073114,148.99740982598266,1.2025925882177757,0.0015832075866246708
9.040000000000001,2.39351419993626,757.5974216096897,0.20968222624070398,0.00025227822404447106,148.99801028637015,1.2007153975618303,0.0015809950163453487
9.045,2.392300142312044,757.5965309699344,0.2096833300568073,0.00025145794521692856,148.99860998495663,1.1988409806727673,0.0015787852295933156
9.05,2.3910903364888654,757.5956466550565,0.20968443097470466,0.00025063972737414565,148.9992089288751,1.1969693359542406,0.001576578223515896
9.055,2.3898848302368583,757.5947686999516,0.2096855289939013,0.00024982357133934664,148.99980712522432,1.1951004618087786,0.0015743739952647805
9.06,2.388683671138164,757.593897139237,0.2096866241139254,0.00024900947791947533,149.00040458106096,1.1932343566373338,0.0015721725419970366
9.065,2.38748690662176,757.5930320073045,0.20968771633432395,0.00024819744790801994,149.0010013034076,1.1913710188394369,0.0015699738608740716
9.07,2.3862945839244776,757.5921733382645,0.20968880565466788,0.00024738748208140643,149.00159729924493,1.1895104468126783,0.0015677779490626373
9.075000000000001,2.385106750126647,757.5913211659995,0.2096898920745477,0.0002465795812019776,149.00219257551953,1.1876526389529345,0.0015655848037337962
9.08,2.3839234521123345,757.5904755241079,0.20969097559357885,0.00024577374601424573,149.00278713913616,1.1857975936537848,0.0015633944220639247
9.085,2.382744736605787,757.5896364459575,0.2096920562113973,0.000244969977248021,149.0033809969656,1.1839453093068009,0.0015612068012336767
9.09,2.3815706501308997,757.5888039646292,0.20969313392766487,0.00024416827561452785,149.00397415583686,1.1820957843009043,0.0015590219384289882
9.095,2.38040123904846,757.587978112971,0.20969420874206454,0.0002433686418096817,149.00456662254507,1.1802490170227236,0.0015568398308400432
9.1,2.379236549514845,757.587158923541,0.2096952806543062,0.0002425710765100686,149.00515840384367,1.178405005855885,0.0015546604756622704
9.105,2.3780766275200604,757.5863464286624,0.20969634966412182,0.00024177558037636972,149.0057495064522,1.17656374918144,0.0015524838700953186
9.11,2.376921518845678,757.5855406603655,0.20969741577127102,0.000240982154049207,149.00633993704864,1.174725245377091,0.0015503100113440434
9.115,2.3757712691036614,757.5847416504432,0.2096984789755363,0.0002401907981527123,149.00692970227723,1.1728894928176874,0.0015481388966174894
9.120000000000001,2.3746259236935434,757.5839494303931,0.20969953927672882,0.00023940151329024145,149.00751880874063,1.1710564898743858,0.0015459705231298706
9.125,2.373485527842045,757.583164031473,0.2097005966746833,0.00023861430004808745,149.0081072630078,1.1692262349152183,0.0015438048880995613
9.13,2.3723501265594926,757.5823854846426,0.209701651169264,0.0002378291589910631,149.00869507160618,1.167398726304183,0.0015416419887500617
9.135,2.3712197646802196,757.5816138206197,0.20970270276035954,0.0002370460906663566,149.0092822410297,1.1655739624018835,0.001539481822309004
9.14,2.37009448681824,757.5808490698214,0.20970375144788891,0.0002362650955989874,149.00986877773073,1.1637519415645574,0.0015373243860091054
9.145,2.3689743374084196,757.5800912624209,0.20970479723179614,0.0002354861742957991,149.01045468812814,1.1619326621447805,0.001535169677087183
9.15,2.3678593606614147,757.5793404282873,0.2097058401120566,0.00023470932724079237,149.0110399785994,1.1601161224904344,0.0015330176927850986
9.155,2.366749600605607,757.5785965970445,0.20970688008867122,0.00023393455489925254,149.01162465548845,1.1583023209454755,0.00153086843034878
9.16,2.3656451010413133,757.5778597980096,0.2097079171616733,0.0002331618577129627,149.012208725098,1.1564912558488436,0.0015287218870291585
9.165000000000001,2.3645459055834777,757.5771300602522,0.20970895133112233,0.00023239123610446243,149.01279219369715,1.1546829255352933,0.0015265780600811978
9.17,2.363452057615163,757.5764074125325,0.20970998259711088,0.00023162269047214543,149.01337506751386,1.1528773283342475,0.0015244369467648255
9.175,2.3623636003309882,757.5756918833612,0.2097110109597585,0.00023085622119464478,149.0139573527426,1.1510744625706852,0.0015222985443439619
9.18,2.36128057668991,757.5749835009375,0.20971203641921857,0.0002300918286258191,149.01453905553672,1.1492743265639438,0.0015201628500874525
9.185,2.360203029459403,757.5742822932086,0.20971305897567208,0.0002293295130992626,149.01512018201598,1.1474769186286657,0.001518029861268099
9.19,2.3591310011675337,757.5735882878081,0.20971407862933467,0.00022856927492318076,149.01570073825923,1.1456822370735436,0.0015158995751635852
9.195,2.3580645341478763,757.5729015121154,0.20971509538045016,0.00022781111438502355,149.01628073031176,1.14389028020233,0.0015137719890555153
9.200000000000001,2.3570036704908923,757.5722219931941,0.20971610922929784,0.00022705503174625302,149.01686016417784,1.1421010463125254,0.0015116471002303298
9.205,2.3559484520895744,757.5715497578518,0.20971712017618577,0.00022630102724709828,149.01743904582838,1.1403145336964502,0.0015095249059783572
9.21,2.354898920590129,757.5708848325775,0.20971812822145813,0.0002255491011012157,149.0180173811933,1.1385307406398728,0.0015074054035947126
9.215,2.353855117438352,757.5702272436025,0.20971913336548864,0.000224799253500564,149.018595176169,1.1367496654231475,0.0015052885903783656
9.22,2.352817083829621,757.5695770168377,0.20972013560868769,0.00022405148460996147,149.01917243661106,1.1349713063197848,0.0015031744636330253
9.225,2.351784860755987,757.568934177934,0.20972113495149586,0.00022330579457207597,149.01974916834166,1.133195661597649,0.0015010630206662183
9.23,2.350758488955493,757.5682987522194,0.20972213139439114,0.00022256218350188338,149.02032537714197,1.131422729517476,0.001498954258790164
9.235,2.3497380089599753,757.5676707647608,0.2097231249378821,0.0002218206514917695,149.0209010687599,1.1296525083341267,0.0014968481753208618
9.24,2.348723461043709,757.5670502402996,0.20972411558251552,0.00022108119860589294,149.02147624890245,1.1278849962950552,0.0014947447675789569
9.245000000000001,2.347714885271912,757.5664372033144,0.20972510332886934,0.0002203438248853952,149.02205092324317,1.1261201916416173,0.0014926440328888353
9.25,2.346712321448735,757.5658316779562,0.20972608817756028,0.00021960853034267303,149.02262509741482,1.1243580926074912,0.0014905459685794838
9.255,2.34571580916645,757.5652336881113,0.2097270701292367,0.00021887531496669112,149.0231987770168,1.1225986974200353,0.0014884505719835867
9.26,2.3447253877527956,757.5646432573368,0.2097280491845864,0.00021814417871716818,149.02377196760767,1.1208420042986649,0.0014863578404383845
9.265,2.343741096320849,757.5640604089228,0.20972902534432938,0.0002174151215299908,149.0243446747126,1.119088011456263,0.0014842677712847746
9.27,2.342762973715726,757.5634851658285,0.20972999860922567,0.00021668814331131405,149.0249169038159,1.117336717097508,0.0014821803618681616
9.275,2.3417910585651294,757.5629175507448,0.20973096898006793,0.00021596324394307454,149.02548866036858,1.1155881194203374,0.0014800956095375674
9.28,2.340825389225419,757.5623575860292,0.2097319364576894,0.00021524042327700885,149.02605994978074,1.113842216614231,0.0014780135116464717
9.285,2.339866003832828,757.5618052937695,0.20973290104295647,0.00021451968114026234,149.02663077742923,1.1120990068617231,0.0014759340655519314
9.290000000000001,2.3389129402488997,757.5612606957179,0.2097338627367767,0.00021380101732932852,149.02720114864997,1.1103584883366422,0.0014738572686154104
9.295,2.3379662361123734,757.560723813356,0.20973482154009118,0.00021308443161575187,149.0277710687455,1.1086206592056762,0.0014717831182019117
9.3,2.3370259287840005,757.5601946678278,0.20973577745388272,0.00021236992373998903,149.02834054297756,1.1068855176265608,0.0014697116116807912
9.305,2.336092055399083,757.5596732800043,0.20973673047916808,0.00021165749341720374,149.0289095765745,1.1051530617497014,0.0014676427464249055
9.31,2.3351646528116783,757.559159670418,0.2097376806170063,0.0002109471403310543,149.02947817472378,1.1034232897163154,0.001465576519811412
9.315,2.334243757647788,757.5586538593269,0.20973862786849068,0.00021023886413957531,149.03004634257948,1.101696199660102,0.0014635129292209278
9.32,2.333329406248958,757.5581558666483,0.20973957223475734,0.00020953266446889612,149.03061408525477,1.0999717897053438,0.0014614519720383195
9.325000000000001,2.332421634726101,757.557665712024,0.20974051371697708,0.00020882854091920514,149.03118140782945,1.0982500579686232,0.0014593936456518707
9.33,2.3315204789025166,757.557183414753,0.20974145231636393,0.00020812649305840426,149.03174831534236,1.096531002556886,0.001457337947454065
9.335,2.3306259743683277,757.5567089938577,0.209742388034167,0.0002074265204281503,149.03231481279892,1.0948146215691963,0.0014552848748407578
9.34,2.329738156422925,757.556242468016,0.20974332087167902,0.00020672862253744978,149.03288090516355,1.0931009130947702,0.0014532344252119538
9.345,2.328857060130026,757.5557838556277,0.20974425083022818,0.0002060327988687753,149.03344659736732,1.0913898752147702,0.001451186595970987
9.35,2.327982720259538,757.5553331747469,0.20974517791118674,0.00020533904887160232,149.0340118943002,1.0896815060003013,0.0014491413845252883
9.355,2.327115171343233,757.554890443148,0.20974610211596267,0.0002046473719685981,149.03457680081863,1.08797580351425,0.001447098788285574
9.36,2.3262544476160465,757.5544556782581,0.20974702344600843,0.00020395776754910343,149.03514132173814,1.086272765809243,0.0014450588046666052
9.365,2.3254005830723528,757.5540288972236,0.20974794190281254,0.00020327023497539122,149.03570546184068,1.0845723909295284,0.0014430214310863856
9.370000000000001,2.3245536114067087,757.5536101168418,0.2097488574879083,0.00020258477357609599,149.03626922586707,1.0828746769088997,0.0014409866649669092
9.375,2.3237135660707247,757.5531993536283,0.20974977020286548,0.00020190138265254012,149.03683261852458,1.0811796217726188,0.0014389545037333713
9.38,2.3228804802132563,757.5527966237483,0.20975068004929884,0.0002012200614721124,149.03739564447932,1.0794872235353024,0.0014369249448149006
9.385,2.3220543867378645,757.552401943084,0.2097515870288599,0.00020054080927465955,149.03795830836378,1.0777974802028882,0.0014348979856437865
9.39,2.3212353182424716,757.5520153271658,0.20975249114324557,0.00019986362526581877,149.03852061476928,1.0761103897704878,0.001432873623656196
9.395,2.3204233070773954,757.55163679124,0.20975339239418972,0.00019918850862346883,149.0390825682534,1.0744259502243914,0.0014308518562914136
9.4,2.319618385284477,757.5512663501997,0.20975429078347188,0.00019851545849102105,149.03964417333253,1.0727441595398877,0.0014288326809925474
9.405,2.31882058465568,757.550904018653,0.2097551863129088,0.0001978444739839265,149.04020543448925,1.071065015683307,0.0014268160952057786
9.41,2.318029936671705,757.5505498108535,0.20975607898436313,0.00019717555418292905,149.04076635616485,1.0693885166098123,0.0014248020963810576
9.415000000000001,2.317246472561143,757.5502037407686,0.20975696879973496,0.00019650869814062463,149.04132694276677,1.067714660265475,0.0014227906819713628
9.42,2.316470223238582,757.54986582201,0.2097578557609706,0.00019584390487468117,149.04188719866107,1.0660434445850422,0.0014207818494333896
9.425,2.315701219364308,757.5495360679029,0.2097587398700539,0.00019518117337444444,149.04244712818002,1.0643748674940403,0.0014187755962268137
9.43,2.314939491281915,757.5492144914149,0.20975962112901514,0.00019452050259412927,149.0430067356142,1.0627089269065213,0.0014167719198149749
9.435,2.314185069078543,757.5489011052258,0.20976049953992235,0.00019386189145946994,149.04356602522046,1.0610456207271954,0.0014147708176641479
9.44,2.313437982522001,757.5485959216579,0.20976137510489024,0.00019320533886088396,149.04412500121393,1.0593849468491534,0.0014127722872442168
9.445,2.3126982611215317,757.5482989527442,0.20976224782607128,0.0001925508436601645,149.0446836677758,1.0577269031560308,0.0014107763260279558
9.450000000000001,2.311965934064457,757.5480102101586,0.20976311770566491,0.00019189840468361992,149.04524202904554,1.056071487519704,0.0014087829314916925
9.455,2.311241030277463,757.5477297052859,0.20976398474590846,0.00019124802072880605,149.04580008912853,1.0544186978024888,0.0014067921011146022
9.46,2.310523578362776,757.5474574491502,0.20976484894908634,0.00019059969055764257,149.04635785208842,1.0527685318548075,0.0014048038323793543
9.465,2.3098136066599575,757.5471934524855,0.20976571031752092,0.0001899534129031829,149.04691532195469,1.051120987517422,0.0014028181227714238
9.47,2.309111143181622,757.5469377256651,0.20976656885358183,0.00018930918646271213,149.0474725027148,1.0494760626190767,0.0014008349697797239
9.475,2.30841621567573,757.5466902787705,0.2097674245596768,0.00018866700990454886,149.0480293983222,1.0478337549787582,0.0013988543708959276
9.48,2.3077288515608614,757.5464511215217,0.2097682774382608,0.00018802688186112933,149.04858601268808,1.0461940624033206,0.0013968763236150905
9.485,2.307049077988995,757.546220263347,0.20976912749182705,0.0001873888009358374,149.0491423496895,1.0445569826897687,0.0013949008254349837
9.49,2.3063769217803443,757.5459977133117,0.2097699747229161,0.00018675276569607842,149.04969841316128,1.0429225136228666,0.0013929278738567048
9.495000000000001,2.3057124094866195,757.5457834801888,0.2097708191341068,0.00018611877468013366,149.05025420690387,1.0412906529774435,0.001390957466384021
9.5,2.3050555673254345,757.5455775723876,0.2097716607280253,0.00018548682639022828,149.05080973467543,1.0396613985159886,0.001388989600523973
9.505,2.304406421244036,757.5453799980247,0.20977249950733615,0.00018485691929940503,149.0513650001996,1.0380347479909744,0.0013870242737862217
9.51,2.3037649968532974,757.5451907648522,0.20977333547475127,0.00018422905184459044,149.05192000715775,1.0364106991424409,0.0013850614836836488
9.515,2.3031313194919063,757.5450098803286,0.20977416863302095,0.00018360322243348573,149.0524747591965,1.0347892497003386,0.001383101227731711
9.52,2.3025054141599517,757.5448373515478,0.2097749989849428,0.0001829794294376325,149.05302925992007,1.0331703973820983,0.0013811435034490284
9.525,2.3018873055835605,757.5446731853092,0.2097758265333529,0.0001823576711993185,149.0535835128978,1.031554139894994,0.001379188308356752
9.53,2.3012770181480877,757.5445173880471,0.20977665128113457,0.00018173794602464614,149.0541375216566,1.0299404749337007,0.0013772356399791407
9.535,2.300674575963195,757.5443699659008,0.20977747323120957,0.00018112025219044927,149.05469128968835,1.028329400182676,0.0013752854958429387
9.540000000000001,2.300080002795655,757.5442309246444,0.20977829238654694,0.00018050458793736799,149.0552448204423,1.0267209133137054,0.0013733378734779422
9.545,2.299493322134857,757.5441002697559,0.20977910875015404,0.000179890951476774,149.05579811733267,1.0251150119883032,0.0013713927704163895
9.55,2.298914557125236,757.5439780063476,0.20977992232508547,0.00017927934098385288,149.05635118373078,1.0235116938552449,0.0013694501841935121
9.555,2.298343730632201,757.5438641392363,0.20978073311443404,0.00017866975460453612,149.0569040229729,1.0219109565529862,0.0013675101123469416
9.56,2.297780865174195,757.5437586728718,0.20978154112133984,0.0001780621904485948,149.05745663835222,1.0203127977071869,0.0013655725524172452
9.565,2.2972259829890347,757.5436616114083,0.20978234634898102,0.00017745664659657304,149.05800903312675,1.0187172149331427,0.0013636375019473463
9.57,2.2966791059656164,757.5435729586328,0.20978314880058288,0.00017685312109289763,149.0585612105113,1.0171242058333032,0.0013617049584830488
9.575000000000001,2.296140255710651,757.543492718036,0.20978394847940865,0.00017625161195280905,149.0591131736853,1.0155337679997163,0.0013597749195724666
9.58,2.2956094534800333,757.5434208927414,0.20978474538876865,0.00017565211715549106,149.0596649257849,1.013945899011542,0.0013578473827665421
9.585,2.2950867202459575,757.5433574855762,0.2097855395320111,0.00017505463465099428,149.06021646991076,1.012360596437504,0.0013559223456184786
9.59,2.294572076627958,757.5433024989998,0.20978633091253096,0.00017445916235339003,149.06076780912,1.010777857833404,0.0013539998056842557
9.595,2.2940655429604,757.543255935175,0.20978711953376106,0.00017386569814768402,149.06131894643426,1.0091976807445806,0.0013520797605220687
9.6,2.293567139223203,757.5432177958971,0.20978790539918085,0.00017327423988299577,149.06186988483137,1.0076200627034224,0.0013501622076928339
9.605,2.293076885109694,757.5431880826644,0.2097886885123074,0.0001726847853794604,149.06242062725354,1.006045001231834,0.0013482471447596395
9.61,2.2925947999570204,757.5431667966072,0.20978946887670424,0.00017209733242143604,149.06297117659912,1.004472493838748,0.0013463345692882405
9.615,2.2921209028143603,757.5431539385595,0.2097902464959724,0.00017151187876439077,149.06352153573062,1.0029025380225984,0.0013444244788465183
9.620000000000001,2.291655212373036,757.5431495089867,0.20979102137375907,0.00017092842212814105,149.06407170746647,1.0013351312688326,0.001342516871004966
9.625,2.29119774703507,757.5431535080577,0.20979179351374885,0.0001703469602037214,149.06462169458922,0.9997702710523925,0.0013406117433361633
9.63,2.2907485248430075,757.5431659355733,0.20979256291967224,0.0001697674906466549,149.0651714998372,0.9982079548352218,0.001338709093415242
9.635,2.2903075635488093,757.5431867910372,0.2097933295952968,0.00016919001108380358,149.06572112591255,0.9966481800687588,0.0013368089188193796
9.64,2.289874880543393,757.5432160735857,0.20979409354443598,0.0001686145191066751,149.06627057547314,0.9950909441914413,0.0013349112171282516
9.645,2.2894504929258543,757.5432537820578,0.20979485477093993,0.00016804101227824888,149.0668198511406,0.9935362446312039,0.0013330159859235352
9.65,2.289034417432741,757.5432999149249,0.20979561327870433,0.00016746948812632268,149.0673689554919,0.991984078802988,0.001331123222789352
9.655,2.288626670507581,757.5433544703615,0.20979636907166152,0.00016689994415031119,149.0679178910677,0.9904344441112389,0.0013292329253117821
9.66,2.288227268229907,757.5434174461744,0.209797122153789,0.0001663323778146357,149.06846666036395,0.9888873379474215,0.0013273450910792962
9.665000000000001,2.2878362263850853,757.543488839874,0.20979787252910062,0.00016576678655549153,149.06901526584002,0.9873427576925179,0.0013254597176822801
9.67,2.2874535603930948,757.5435686486034,0.2097986202016551,0.00016520316777428475,149.06956370991037,0.9858007007145518,0.0013235768027134603
9.675,2.287079285378645,757.5436568692086,0.2097993651755473,0.00016464151884436391,149.07011199495278,0.9842611643710794,0.001321696343767431
9.68,2.286713416099728,757.543753498169,0.2098001074549165,0.00016408183710450697,149.0706601233,0.9827241460067271,0.001319818338441077
9.685,2.2863559670180087,757.5438585316678,0.20980084704393795,0.00016352411986561582,149.07120809724785,0.9811896429556776,0.0013179427843331077
9.69,2.28600695222716,757.543971965521,0.20980158394683096,0.00016296836440425437,149.07175591904695,0.979657652539217,0.0013160696790444713
9.695,2.2856663855235198,757.5440937952491,0.20980231816785044,0.00016241456796930372,149.07230359091088,0.9781281720682171,0.0013141990201778978
9.700000000000001,2.2853342803342147,757.544224016006,0.20980304971129504,0.00016186272777555375,149.07285111500784,0.9766011988406923,0.0013123308053383036
9.705,2.2850106497880787,757.5443626226499,0.20980377858149865,0.00016131284101031704,149.0733984934688,0.9750767301442794,0.0013104650321323478
9.71,2.284695506643572,757.5445096096731,0.20980450478283857,0.00016076490482707482,149.0739457283792,0.973554763253801,0.00130860169816882
9.715,2.2843888633599496,757.5446649712728,0.20980522831972698,0.0001602189163520479,149.07449282178703,0.9720352954337441,0.0013067408010582144
9.72,2.284090732024993,757.5448287012806,0.20980594919661902,0.0001596748726779004,149.07503977569462,0.9705183239358334,0.001304882338413103
9.725,2.283801124426409,757.5450007932332,0.20980666741800447,0.00015913277087026303,149.07558659206677,0.9690038460015035,0.0013030263078477216
9.73,2.283520051979391,757.5451812403026,0.20980738298841556,0.00015859260796149827,149.07613327282226,0.9674918588594849,0.001301172706978333
9.735,2.2832475257982376,757.5453700353663,0.20980809591241883,0.00015805438095717314,149.0766798198423,0.9659823597282685,0.0012993215334228235
9.74,2.2829835566237517,757.5455671709376,0.2098088061946229,0.00015751808682988808,149.0772262349619,0.9644753458137063,0.0012974727848010558
9.745000000000001,2.2827281548950684,757.5457726392359,0.20980951383967011,0.00015698372252569636,149.07777251997828,0.9629708143114649,0.0012956264587344743
9.75,2.2824813306769025,757.5459864321172,0.20981021885224466,0.00015645128495800006,149.07831867664234,0.9614687624046453,0.0012937825528464538
9.755,2.282243093731579,757.546208541144,0.20981092123706402,0.00015592077101391196,149.07886470666702,0.9599691872662204,0.0012919410647619066
9.76,2.2820134534461363,757.5464389575159,0.20981162099888692,0.00015539217754822167,149.07941061171869,0.9584720860566763,0.001290101992107628
9.765,2.281792418904544,757.5466776721402,0.20981231814250517,0.00015486550138969817,149.07995639342565,0.9569774559264353,0.0012882653325119108
9.77,2.2815799988146823,757.5469246755616,0.20981301267275118,0.0001543407393351271,149.08050205336943,0.9554852940135165,0.001286431083604883
9.775,2.281376201580735,757.5471799580332,0.20981370459449014,0.00015381788815555243,149.08104759309347,0.9539955974459441,0.0012845992430181297
9.78,2.2811810352300474,757.5474435094467,0.20981439391262727,0.00015329694459038638,149.0815930140941,0.9525083633394283,0.0012827698083850228
9.785,2.280994507485687,757.5477153194025,0.20981508063210008,0.00015277790535358807,149.08213831782936,0.9510235887997589,0.0012809427773403535
9.790000000000001,2.2808166256931983,757.5479953771406,0.20981576475788577,0.0001522607671278482,149.08268350571012,0.9495412709205051,0.001279118147520651
9.795,2.280647396893315,757.5482836716109,0.20981644629499333,0.000151745526570703,149.08322857910878,0.9480614067853971,0.0012772959165638282
9.8,2.2804868277486205,757.5485801914031,0.20981712524847076,0.00015123218030879405,149.08377353935037,0.9465839934660414,0.0012754760821094848
9.805,2.2803349246164015,757.5488849248178,0.20981780162339758,0.00015072072494391628,149.0843183877213,0.9451090280242906,0.001273658641798568
9.81,2.280191693475227,757.549197859797,0.20981847542489174,0.0001502111570473558,149.0848631254605,0.9436365075099794,0.001271843593273666
9.815,2.2800571399979357,757.5495189839938,0.20981914665810217,0.00014970347316586795,149.08540775376795,0.9421664289632756,0.001270030934178677
9.82,2.2799312694781375,757.549848284704,0.20981981532821575,0.00014919766981609595,149.0859522737961,0.94069878941244,0.0012682206621590926
9.825000000000001,2.2798140869033254,757.5501857489354,0.20982048144044982,0.00014869374349047668,149.08649668665836,0.9392335858761587,0.0012664127748616783
9.83,2.2797055968813162,757.5505313633396,0.20982114500005913,0.00014819169065174287,149.08704099342032,0.9377708153613284,0.0012646072699347497
9.835,2.2796058037134683,757.5508851142811,0.20982180601232844,0.00014769150773875255,149.0875851951084,0.9363104748653645,0.001262804145027856
9.84,2.2795147113210774,757.5512469877694,0.2098224644825792,0.00014719319116107763,149.08812929270107,0.9348525613740164,0.0012610033977920544
9.845,2.279432323318691,757.5516169695279,0.20982312041616252,0.00014669673730475615,149.08867328713745,0.9333970718636514,0.0012592050258795986
9.85,2.279358642940462,757.5519950449262,0.20982377381846556,0.0001462021425269671,149.08921717930852,0.9319440032990981,0.0012574090269442063
9.855,2.2792936731135547,757.552381199049,0.20982442469490462,0.00014570940316170419,149.08976097006584,0.9304933526359067,0.0012556153986407565
9.86,2.2792374163844733,757.552775416628,0.20982507305093145,0.00014521851551453865,149.09030466021255,0.92904511681822,0.0012538241386255487
9.865,2.279189874992534,757.5531776821116,0.20982571889202642,0.00014472947586821264,149.09084825051232,0.9275992927810104,0.0012520352445560081
9.870000000000001,2.2791510507961883,757.5535879795965,0.20982636222370477,0.00014424228047749124,149.0913917416803,0.9261558774479783,0.001250248714090937
9.875,2.2791209453465533,757.5540062928968,0.20982700305150978,0.00014375692557467459,149.09193513439186,0.9247148677337684,0.0012484645448902327
9.88,2.2790995598137327,757.5544326054768,0.20982764138101903,0.0001432734073645391,149.09247842927374,0.9232762605418906,0.0012466827346151222
9.885,2.2790868950604017,757.5548669005188,0.20982827721783756,0.00014279172202976713,149.09302162691284,0.9218400527669159,0.0012449032809278959
9.89,2.2790829515681312,757.5553091608573,0.20982891056760408,0.00014231186572598008,149.09356472784725,0.9204062412924262,0.0012431261814921332
9.895,2.2790877295110143,757.555759369046,0.20982954143598423,0.00014183383458708218,149.09410773257505,0.9189748229931836,0.0012413514339724423
9.9,2.279101228682016,757.5562175072915,0.2098301698286767,0.00014135762472038753,149.09465064154531,0.9175457947331099,0.0012395790360346796
9.905,2.279123448566621,757.5566835575218,0.2098307957514065,0.00014088323221187648,149.09519345516705,0.9161191533674303,0.001237808985345698
9.91,2.279154388269219,757.5571575013191,0.2098314192099311,0.00014041065312141762,149.09573617380016,0.9146948957406832,0.0012360412795735583
9.915000000000001,2.2791940465867695,757.557639319988,0.2098320402100337,0.00013993988348793527,149.09627879776428,0.9132730186888363,0.0012342759163872846
9.92,2.279242421935227,757.5581289944892,0.2098326587575293,0.0001394709193247284,149.0968213273297,0.9118535190373298,0.0012325128934570718
9.925,2.2792995124232154,757.5586265055068,0.20983327485825806,0.00013900375662454593,149.09736376272656,0.9104363936031598,0.0012307522084540432
9.93,2.279365315778505,757.5591318333832,0.2098338885180912,0.00013853839135500502,149.09790610413532,0.9090216391929588,0.0012289938590504563
9.935,2.279439829421681,757.5596449581852,0.2098344997429247,0.00013807481946357335,149.09844835169622,0.9076092526050467,0.0012272378429194649
9.94,2.2795230503926915,757.5601658596398,0.20983510853868478,0.00013761303687308632,149.09899050549978,0.9061992306275456,0.0012254841577353194
9.945,2.279614975424489,757.5606945171996,0.20983571491132189,0.00013715303948663582,149.099532565596,0.9047915700404007,0.001223732801173136
9.950000000000001,2.279715600869665,757.5612309099793,0.20983631886681603,0.00013669482318318706,149.10007453198523,0.903386267613528,0.0012219837709090892
9.955,2.279824922774058,757.5617750168208,0.2098369204111708,0.00013623838382237344,149.1006164046271,0.9019833201088068,0.001220237064620192
9.96,2.279942936803477,757.5623268162296,0.2098375195504187,0.00013578371724021218,149.10115818343138,0.9005827242782576,0.001218492679984475
9.965,2.2800696383172703,757.5628862864405,0.2098381162906153,0.0001353308192538051,149.10169986826722,0.8991844768660068,0.001216750614680781
9.97,2.28020502229515,757.5634534053532,0.2098387106378443,0.0001348796856571549,149.1022414589536,0.897788574606498,0.001215010866388934
9.975,2.2803490834107087,757.5640281505983,0.20983930259821182,0.00013443031222576884,149.10278295526894,0.8963950142264246,0.0012132734327895403
9.98,2.2805018159583543,757.5646104994735,0.20983989217785146,0.00013398269471257744,149.10332435694124,0.8950037924429768,0.0012115383115641532
9.985,2.2806632139267595,757.565200429009,0.2098404793829187,0.00013353682885243993,149.1038656636579,0.893614905965741,0.0012098055003950802
9.99,2.2808332709259314,757.5657979159039,0.2098410642195957,0.00013309271035816613,149.10440687505587,0.892228351494983,0.001208074996965541
9.995000000000001,2.281011980260576,757.5664029365913,0.20984164669408598,0.00013265033492492224,149.1049479907313,0.8908441257235135,0.0012063467989594813
10.0,2.2811993348586346,757.5670154671768,0.20984222681261885,0.0001322096982264311,149.10548901023006,0.889462225335041,0.001204620904061725
