time_s,V_A,P_A,f_o,f_c,p_o,p_c,z
0,1,760,0.1368,0.05263,40,46,4.4219e-07
0.005,1.0178673576418948,759.9669459613034,0.13680023501811217,0.05262827025528762,40.67274848274277,43.391722708334186,7.060822261109919e-05
0.01,1.0354996818841105,759.9343629550268,0.13680877357484048,0.05262030592360654,41.364012915492054,41.071884085811924,0.00013672449821516353
0.015,1.0529002396503016,759.9022448855485,0.13682521588210236,0.0526064395639077,42.07488506989219,39.00854957871532,0.00019922921711784024
0.02,1.0700723508947967,759.8705855300282,0.13684918317744518,0.052586982694711945,42.80650347994234,37.17315750262047,0.00025851412183199973
0.025,1.087019274184022,759.839378766941,0.13688032170874495,0.05256222328757411,43.56006066440809,35.540484631030665,0.000314924956424322
0.03,1.1037442236570416,759.8086185458573,0.1369182989113869,0.052532429502302615,44.33681019080253,34.08812204174308,0.0003687686898221781
0.035,1.1202503723031945,759.7782988835753,0.13696280003035904,0.05249785310111115,45.13806074980079,32.7959455342847,0.00042032082036557236
0.04,1.1365408473866532,759.7484138725328,0.13701352884696122,0.05245872898822723,45.96518184267557,31.646143067811565,0.00046982500507350227
0.045,1.152618730873399,759.718957681101,0.13707020636390665,0.05241527665092375,46.81960264616389,30.6229461005429,0.0005174967684497878
0.05,1.1684870620588754,759.6899245500155,0.13713256873705373,0.052367702210549316,47.70280595633129,29.71230651367361,0.0005635279583188742
0.055,1.1841488385146872,759.6613087914793,0.137200365983727,0.05231619972779266,48.61632211169819,28.901686092711227,0.0006080896503788392
0.06,1.1996070160910028,759.633104789674,0.137273361254284,0.052260951951340694,49.561721349511934,28.179932112160493,0.0006513338655427699
0.065,1.2148645092702415,759.6053070007292,0.1373513300273603,0.05220213114259324,50.54060259777414,27.53712462839915,0.0006933956773480112
0.07,1.2299241918703823,759.5779099520263,0.13743405914865753,0.052139900010554754,51.554574675791294,26.96442789288685,0.000734395261555722
0.075,1.2447888976357984,759.5509082415772,0.13752134606978664,0.05207441244363494,52.60523625064461,26.453974539228042,0.0007744394935086461
0.08,1.2594614203860244,759.5242965378875,0.137612998667625,0.05200581368400896,53.694163309631705,25.99883049941129,0.0008136224320891825
0.085,1.2739445149335373,759.4980695789703,0.13770883410876594,0.05193424140931039,54.82286239414665,25.592818477159927,0.0008520277542821311
0.09,1.28824089781852,759.4722221714577,0.13780867799659816,0.05185982652213764,55.99271891722687,25.230398482810646,0.0008897304022068292
0.095,1.3023532476497537,759.446749190081,0.1379123640621978,0.051782693410645925,57.20495084630894,24.9066351135485,0.0009267970336198883
0.1,1.3162842055581694,759.4216455770119,0.1380197337413662,0.051702960316773114,58.46054731238449,24.617145048172016,0.0009632867453140002
0.105,1.3300363756651419,759.3969063411656,0.13813063576237017,0.051620739692344916,59.76019431358018,24.358044258481904,0.0009992518004455918
0.11,1.3436123255593233,759.3725265574777,0.138244925737045,0.05153613854970319,61.104190861941994,24.125894324842218,0.0010347383681716714
0.115,1.3570145868983623,759.3485013659931,0.13836246562147253,0.05144925892924174,62.49234181275735,23.917632135094706,0.0010697874923181851
0.12,1.3702456559265723,759.324825970962,0.13848312328569753,0.051360198244992085,63.92384806255707,23.730533916893638,0.001104435586100904
0.125,1.3833079939320603,759.3014956400583,0.13860677218780473,0.051269049547735285,65.3971912956921,23.562170733733325,0.0011387150452596105
0.13,1.3962040277119447,759.2785057034781,0.13873329104551038,0.051175901768753876,66.91001554250646,23.410384831297836,0.0011726545727901775
0.135,1.4089361500339677,759.2558515530454,0.13886256351919923,0.051080839956305114,68.45901486088077,23.273259668607988,0.0012062795912864295
0.14,1.4215067201034453,759.2335286412537,0.13899447790054842,0.05098394549877219,70.03984739325536,23.149096353124325,0.0012396125667197416
0.145,1.433918064023383,759.2115324803591,0.13912892679938227,0.050885296355046926,71.64702749751244,23.036386875856493,0.0012726733764324791
0.15,1.446172475259745,759.189858641374,0.13926580688562415,0.05078496723094424,73.27400273808705,22.93379440825718,0.0013054795798047867
0.155,1.458272215079908,759.1685027532835,0.13940501856057355,0.05068302983148482,74.91293587113485,22.840122310307784,0.0013380468445025801
0.16,1.470219512993558,759.1474605018414,0.13954646581946129,0.05057955290706674,76.55519931926857,22.754320376122518,0.0013703888590984226
0.165,1.4820165672112855,759.1267276289077,0.13969005586269517,0.050474602577892366,78.19096671370859,22.67543893526795,0.0014025179650619776
0.17,1.4936655450218506,759.1062999314554,0.13983569911482827,0.05036824227367637,79.81017426292125,22.602652816795388,0.0014344448250403826
0.17500000000000002,1.5051685832784467,759.0861732607392,0.13998330881182433,0.0502605330596117,81.40206584002318,22.53521610739718,0.0014661790457306681
0.18,1.5165277887433823,759.0663435217763,0.1401328010844287,0.05015153359222534,82.95631871930047,22.47247952985994,0.0014977289371828036
0.185,1.5277452385613939,759.0468066724154,0.1402840946276354,0.0500413003624003,84.46276927342471,22.413860898827856,0.0015291019190980099
0.19,1.5388229806175024,759.0275587230946,0.14043711075645401,0.04992988771993261,85.91233520222089,22.35884832709148,0.0015603044756926656
0.195,1.5497630339662405,759.0085957361251,0.14059177322604186,0.04981734801940821,87.29696296420727,22.306987255691794,0.0015913423334445187
0.2,1.560567389217772,758.9899138253469,0.14074800820308073,0.04970373170051743,88.61022763703221,22.257874888158184,0.001622220536891424
0.20500000000000002,1.57123800891661,758.9715091559104,0.14090574427001046,0.04958908735700621,89.8471312021205,22.211154246542964,0.001652943529669421
0.21,1.5817768279586617,758.9533779435765,0.14106491227479842,0.04947346186263071,91.00475033569735,22.166504816297547,0.0016835152824450465
0.215,1.5921857539276185,758.9355164547745,0.141225445424862,0.04935690038818813,92.08161213622769,22.12364829262759,0.001713939212815856
0.22,1.6024666674881334,758.9179210060813,0.14138727920258112,0.04923944649870827,93.07788223350575,22.082339151850526,0.001744218314391922
0.225,1.6126214227432611,758.9005879638737,0.1415503513434211,0.0491211422097873,93.99499290921582,22.042362380602835,0.0017743551872690117
0.23,1.6226518476092973,758.883513743798,0.14171460175921738,0.04900202806870822,94.83561659115455,22.003526245560945,0.001804352136878724
0.23500000000000001,1.6325597441553923,758.8666948103273,0.14187997250622753,0.04888214319549678,95.60330182601926,21.965664715986104,0.001834211139713632
0.24,1.6423468890013218,758.850127676382,0.142046407729796,0.04876152538091263,96.30249481312657,21.928625960788708,0.0018639340010758508
0.245,1.652015033593712,758.8338089026068,0.14221385360737604,0.04864021108035081,96.93792177996723,21.892282221878016,0.0018935222183034462
0.25,1.6615659046383917,758.817735097144,0.14238225830688397,0.0485182355370464,97.51475592399771,21.85651477054507,0.0019229771871917649
0.255,1.6710012043721,758.8019029147496,0.14255157189438336,0.04839563278215975,98.03822590710143,21.82122131172854,0.001952300099338024
0.26,1.6803226109004026,758.7863090562493,0.1427217462788372,0.04827243568115141,98.5133369039119,21.786315429311014,0.0019814919490232226
0.265,1.689531778590046,758.7709502681356,0.14289273515490458,0.04814867602948442,98.94502767684763,21.75171581136944,0.0020105536809204958
0.27,1.6986303382692436,758.7558233412439,0.14306449385239287,0.048024384511146836,99.33794392506212,21.717359207304494,0.0020394860111679664
0.275,1.7076198977086063,758.7409251110046,0.143236979376672,0.04789959083760294,99.69613035487309,21.68318559319091,0.002068289630629264
0.28,1.7165020417840973,758.7262524557887,0.1434101502003728,0.04777432370742891,100.02368908153295,21.649145874482517,0.0020969650987575535
0.28500000000000003,1.7252783328749945,758.7118022968452,0.14358396627773662,0.04764861088629155,100.32424978342027,21.61519692036263,0.0021255129110383897
0.29,1.7339503111435794,758.697571597515,0.14375838896037704,0.047522479232599564,100.60124464452417,21.581300657386894,0.0021539335110616533
0.295,1.7425194948471354,758.6835573628607,0.14393338098713696,0.04739595473138969,100.85760430685387,21.54742586697664,0.002182227264995627
0.3,1.7509873806593341,758.6697566386111,0.14410890632814727,0.04726906254317305,101.09610414657132,21.513543052377237,0.0022103945318806533
0.305,1.7593554439148051,758.656166510979,0.14428493023153752,0.047141827006400024,101.3190942094654,21.479629324788068,0.002238435595777902
0.31,1.7676251389564523,758.642784105786,0.14446141909847626,0.04701427169519723,101.52863726064092,21.445664043789208,0.002266350725202219
0.315,1.7757978994180976,758.6296065878347,0.14463834042597043,0.046886419446825596,101.72657882985521,21.411628510942002,0.0022941401768660627
0.32,1.7838751384005271,758.616631160653,0.14481566285558017,0.04675829233861215,101.91450727471552,21.37751236232376,0.0023218041073874676
0.325,1.791858248961924,758.6038550653491,0.14499335595613336,0.046629911805981715,102.0937731305328,21.343302659918724,0.0023493427224878607
0.33,1.7997486041243618,758.5912755808101,0.14517139039746954,0.04650129855829087,102.26561926501203,21.30898899573789,0.002376756207280224
0.335,1.807547557405831,758.5788900223738,0.14534973769976103,0.0463724727002422,102.43107555660363,21.27456257505221,0.002404044737290939
0.34,1.815256442906282,758.5666957418689,0.1455283703399449,0.046243453689903465,102.59105732047524,21.24001808002588,0.0024312084531157986
0.34500000000000003,1.8228765756132974,758.5546901269618,0.14570726168425888,0.046114260374362566,102.74637611377184,21.205353446732058,0.0024582474628987746
0.35000000000000003,1.8304092517401622,758.5428706003919,0.14588638589944747,0.045984911034710335,102.89775090102098,21.170565846777563,0.0024851618970814673
0.355,1.8378557488572782,758.5312346199551,0.14606571802025764,0.045855423370503676,103.04573692191903,21.135652171221476,0.002511951901847213
0.36,1.8452173262894924,758.5197796774539,0.14624523381033083,0.04572581455546133,103.19089241365518,21.100611696809896,0.002538617601363842
0.365,1.8524952252178226,758.5085032987329,0.1464249098313262,0.04559610121854322,103.33362326108488,21.065445143994626,0.0025651591109682346
0.37,1.8596906690477806,758.4974030428443,0.14660472334975722,0.04546629949171872,103.47429598385871,21.03015327629745,0.0025915765557182396
0.375,1.8668048635980654,758.486476501709,0.14678465233551866,0.04533642501300915,103.6132220095596,20.994737541323847,0.00261787006139352
0.38,1.8738389973039662,758.4757212997359,0.14696467545274133,0.04520649293323091,103.75065482060528,20.959200439526224,0.002644039749204261
0.385,1.8807942415607284,758.4651350931513,0.14714477199524112,0.045076517957179894,103.88681187542981,20.923544491984067,0.0026700857493352245
0.39,1.8876717507282805,758.4547155700235,0.1473249219493967,0.04494651430685875,104.02188468670221,20.887772247983065,0.002696008201333366
0.395,1.8944726627101858,758.4444604490872,0.14750510584393478,0.04481649581104317,104.15603967926357,20.851886872584735,0.0027218072444908674
0.4,1.9011980990145474,758.4343674796587,0.1476853047915021,0.04468647588257368,104.28943365124572,20.81589154962331,0.00274748302637309
0.405,1.9078491648099192,758.4244344416174,0.14786550053533867,0.04455646749725833,104.42217182994023,20.779790095187554,0.0027730356945698895
0.41000000000000003,1.9144269491830046,758.4146591449041,0.1480456754179642,0.04442648321357623,104.55431849555009,20.74358684991258,0.002798465397791188
0.41500000000000004,1.9209325258927858,758.4050394278598,0.1482258121594235,0.04429653529392198,104.68601193523457,20.707285328335697,0.0028237723025801654
0.42,1.9273669531316857,758.3955731578856,0.14840589401645699,0.044166635622745455,104.81737071319228,20.67088935440275,0.002848956578787713
0.425,1.933731273074408,758.3862582325524,0.14858590498836435,0.04403679559655759,104.94834566439906,20.63440376139419,0.002874018391895782
0.43,1.9400265134355932,758.3770925761352,0.14876582934202126,0.04390702638531869,105.07901900221025,20.59783256049414,0.002898957923593843
0.435,1.9462536870574167,758.3680741406407,0.14894565181011782,0.04377733882718456,105.2094664694704,20.561179745227015,0.00292377536250235
0.44,1.9524137919445819,758.3592009057925,0.14912535762880919,0.043647743408809704,105.33972747294352,20.524449498923463,0.0029484709015882493
0.445,1.958507811033469,758.3504708795615,0.14930493264700273,0.043518250201895654,105.46973808495517,20.487646761939178,0.0029730447313337845
0.45,1.9645367137420984,758.3418820949256,0.14948436292096984,0.04338886910320416,105.59955234015203,20.45077539635586,0.002997497060957263
0.455,1.9705014551661066,758.3334326116295,0.14966363499417562,0.04325960967197645,105.72917689004923,20.41383952543922,0.003021828102608625
0.46,1.9764029762188642,758.3251205158482,0.14984273586986518,0.04313048114010682,105.85861100106645,20.376843668606693,0.003046038069326325
0.465,1.9822422040975733,758.3169439193193,0.1500216529461633,0.0430014924580899,105.98785107684972,20.339792314837805,0.003070127180049595
0.47000000000000003,1.988020052740396,758.3089009584913,0.15020037395290348,0.04287265233974068,106.11689507371608,20.30268951005252,0.0030940956644600333
0.47500000000000003,1.9937374226538953,758.3009897948361,0.15037888700989735,0.04274396922074842,106.24573941285612,20.265539425104123,0.003117943755841342
0.48,1.9993952007982325,758.2932086150072,0.15055718064844248,0.04261545123644553,106.3744149014548,20.228345644700052,0.003141671701112537
0.485,2.0049942615813663,758.2855556290833,0.15073524369164987,0.04248710631923704,106.5029271413012,20.191112103179375,0.0031652797463554865
0.49,2.0105354665087125,758.2780290711494,0.150913065314311,0.0423589421472582,106.63130021104202,20.153842412308602,0.0031887681467991412
0.495,2.016019664358911,758.270627199017,0.15109063503956371,0.042230966152295414,106.75953839884232,20.116540378072383,0.0032121371596168435
0.5,2.0214476912162067,758.2633482942039,0.1512679427556883,0.04210318551198839,106.88759315347492,20.079210424080287,0.0032353870382691237
0.505,2.026820371281044,758.2561906602559,0.15144497859052078,0.041975607222411074,107.01549687348003,20.041855891732666,0.0032585180542457006
0.51,2.0321385165351007,758.2491526235066,0.15162173299529996,0.04184823805230826,107.14325204149378,20.004480453248394,0.0032815304786466587
0.515,2.0374029272246132,758.242232532179,0.15179819672134218,0.04172108456081291,107.27082695809558,19.967087793167263,0.003304424586182456
0.52,2.0426143909731205,758.2354287580416,0.1519743608722251,0.041594153059607675,107.39816180890027,19.92968157155281,0.0033272006565748177
0.525,2.047773684332978,758.2287396933357,0.15215021677367557,0.0414674496881445,107.52530837062484,19.89226497311768,0.0033498589789096194
0.53,2.052881571960688,758.2221637525136,0.1523257560592495,0.0413409803726992,107.65226467032217,19.85484126311689,0.0033723998449940854
0.535,2.0579388076188545,758.2156993703504,0.15250097061125611,0.04121475086715907,107.77898404104161,19.817413703283634,0.003394823549469522
0.54,2.0629461337572237,758.2093450025919,0.1526758525670577,0.04108876673465387,107.9054940886573,19.77998535029752,0.003417130393091282
0.545,2.06790428175195,758.2030991255997,0.1528503943188364,0.04096303335720066,108.03181573760611,19.742559203297205,0.003439320680427673
0.55,2.072813972286717,758.1969602357061,0.15302458851001782,0.04083755594532344,108.15790392181131,19.705138277655106,0.003461394718586176
0.555,2.0776759150942152,758.1909268495693,0.15319842802531758,0.040712339531973875,108.2837594533404,19.667725466783118,0.0034833528193040563
0.56,2.082490809443364,758.1849975032873,0.1533719059746268,0.04058738898676021,108.40940662942499,19.630323588556415,0.003505195297946697
0.5650000000000001,2.0872593442435083,758.1791707522974,0.15354501570235007,0.040462709018845085,108.53481037096333,19.592935414538687,0.0035269224730122457
0.5700000000000001,2.0919821928554634,758.1734451809348,0.15371775088728862,0.04033830409608937,108.65995927471606,19.55556359969956,0.003548534668365499
0.5750000000000001,2.0966600144312366,758.1678193999282,0.15389010549877702,0.040214178476056336,108.78486853117958,19.5182106812683,0.003570032212527103
0.58,2.1012934873541487,758.1622919842846,0.15406207311167555,0.0400903367020635,108.90951535982109,19.480879355338182,0.003591415427680869
0.585,2.105883232412098,758.1568616160923,0.15423364848217988,0.03996678247071994,109.03391232296175,19.44357188266656,0.0036126846549616584
0.59,2.110429910979609,758.1515269019748,0.15440482553400403,0.039843520074743184,109.15805195893333,19.406290828233296,0.0036338402221507376
0.595,2.1149341568250635,758.1462864998922,0.15457559875939686,0.03972055340181981,109.28192245699658,19.369038567424482,0.0036548824652111894
0.6,2.119396566793987,758.1411391364667,0.15474596341094488,0.03959788579789967,109.40550673987127,19.33181722151626,0.003675811731076764
0.605,2.1238177911930034,758.1360834389021,0.15491591363983398,0.039475521393227624,109.5287992447004,19.29462927596296,0.0036966283509916363
0.61,2.1281983845702532,758.1311182124165,0.15508544551365383,0.03935346294865014,109.65181846712466,19.257476547282977,0.0037173326839087697
0.615,2.132538974262756,758.1262421269247,0.15525455365308022,0.039231714259779706,109.77455685020873,19.220361363362294,0.0037379250677873352
0.62,2.1368401385630778,758.121453943521,0.15542323363702515,0.03911027843927112,109.89700339570149,19.183285720333654,0.0037584058541288304
0.625,2.141102433024434,758.1167524655782,0.1555914814851734,0.0389891582861285,110.01914109047298,19.146251463207715,0.003778775400586681
0.63,2.1453264572375166,758.1121364145883,0.15575929236324995,0.038868357206658016,110.1409679669668,19.109260728535684,0.0037990340529099856
0.635,2.149512723267249,758.1076046747005,0.15592666307959677,0.038747877433584925,110.26250472336773,19.07231507127665,0.0038191821792366853
0.64,2.1536618155968634,758.1031559954971,0.1560935890932136,0.03862772216468143,110.38374392660683,19.035416527978576,0.00383922012940712
0.645,2.157774262970715,758.0987892301524,0.15626006688665683,0.038507893868683016,110.50467203592791,18.998566774104123,0.003859148266575057
0.65,2.1618505867068465,758.0945032456441,0.15642609307766397,0.038388394918283726,110.62527249258646,18.961767437768106,0.003878966955606938
0.655,2.165891336759953,758.0902968557151,0.156591663758809,0.03826922805875752,110.74554559570156,18.925020330017535,0.0038986765546551393
0.66,2.1698969904789682,758.0861690089882,0.15675677630514048,0.03815039511888603,110.86551468941671,18.888326802550008,0.003918277437510984
0.665,2.1738680891652065,758.0821185352961,0.15692142696973635,0.038031898730317884,110.9851725491525,18.85168861096967,0.003937769964406808
0.67,2.177805116844862,758.0781443708903,0.1570856129975273,0.03791374081896534,111.10450124502677,18.81510715737043,0.003957154506955486
0.675,2.181708562902086,758.0742454420657,0.157249331541253,0.03779592337615103,111.2234855938884,18.77858387653937,0.0039764314357402285
0.68,2.1855789313875,758.0704206478498,0.15741257949527077,0.03767844857548608,111.34212831989916,18.74212029372181,0.003995601118360256
0.685,2.1894166669937136,758.0666689975071,0.15757535474348205,0.03756131788302469,111.4604565298557,18.705717577071816,0.004014663932948974
0.6900000000000001,2.193222270894671,758.0629893954213,0.1577376542346104,0.037444533434641894,111.57846307860237,18.669377233500864,0.004033620247792126
0.6950000000000001,2.196996185256362,758.0593808555985,0.15789947588323194,0.03732809667988123,111.69612359631115,18.633100423672467,0.004052470440682405
0.7000000000000001,2.200738869730723,758.0558423595547,0.1580608173190576,0.03721200927004344,111.81342521956435,18.596888409928955,0.004071214886689645
0.705,2.204450785335832,758.0523728862468,0.15822167614122426,0.037096272876319794,111.93037402820816,18.56074246407243,0.004089853960448019
0.71,2.2081323465013796,758.048971501136,0.1583820506820003,0.036980888645177866,112.04700151013233,18.524663591708492,0.004108388043153648
0.715,2.211784016739238,758.045637178562,0.15854193850666623,0.036865858273223404,112.16330069964849,18.488653077906633,0.004126817509233827
0.72,2.2154061999580565,758.0423690035748,0.15870133810751882,0.03675118279854912,112.27924825097836,18.45271187870096,0.004145142740077926
0.725,2.218999328505107,758.0391660083912,0.15886024753526803,0.0366368635718701,112.39483903934723,18.41684110541436,0.004163364113960964
0.73,2.22256382249555,758.0360272479503,0.15901866501553605,0.03652290181883453,112.51007326559548,18.381041799644603,0.004181482010781193
0.735,2.226100066604888,758.0329518430236,0.1591765892961836,0.03640929839305996,112.62495300572584,18.345314803996438,0.004199496814847693
0.74,2.229608489166217,758.0299388332853,0.1593340184873713,0.03629605460293603,112.73947308647789,18.309661207311333,0.004217408904929464
0.745,2.2330894121664535,758.0269874559249,0.15949095223586726,0.036183170661806145,112.85364142704347,18.27408155454154,0.004235218668362397
0.75,2.23654326219441,758.0240967538606,0.1596473886795645,0.03607064785817846,112.96745375727494,18.238576917177053,0.0042529264847989716
0.755,2.239970448503141,758.0212658022078,0.159803326206423,0.0359584873023732,113.08090782717382,18.20314827944434,0.004270532735165043
0.76,2.243371374891476,758.0184936862115,0.15995876328307973,0.035846690048648586,113.19400202232671,18.16779659811477,0.004288037800787102
0.765,2.2467463175432445,758.0157797281689,0.1601137001724111,0.03573525587333801,113.30673195534865,18.13252218014884,0.004305442069830868
0.77,2.2500956648496833,758.0131230419453,0.16026813555792288,0.03562418567640948,113.41909567703165,18.097325903863023,0.004322745924448565
0.775,2.25341982814728,758.0105226987843,0.16042206780015603,0.03551348058760264,113.53109173674953,18.062208764410165,0.00433994974556272
0.78,2.2567191883414757,758.0079778264565,0.16057549568798232,0.03540314143192344,113.64271802263396,18.027171601989345,0.004357053915726742
0.785,2.259994026198318,758.0054877387482,0.16072841938814658,0.035293168053619435,113.753978993928,17.9922147797677,0.004374058818828356
0.79,2.263244655185962,758.0030516886999,0.1608808386174273,0.03518356061722041,113.8648769639741,17.957338816694726,0.004390964838319542
0.795,2.266471482811866,758.0006687546671,0.1610327517986645,0.03507432020827065,113.97540807528894,17.922544679692976,0.004407772356399249
0.8,2.269674865456966,757.9983381099765,0.16118415805817618,0.03496544741158476,114.08557182529351,17.887833092134652,0.004424481755947665
0.805,2.272855087399834,757.9960590620244,0.1613350574305742,0.03485694216565597,114.19537085086468,17.85320440629346,0.004441093423687771
0.81,2.276012383969383,757.9938310092252,0.16148545056710314,0.03474880397019563,114.30480992022817,17.81865872250762,0.004457607748951391
0.8150000000000001,2.279147157311232,757.9916530398095,0.16163533601757035,0.034641033820250286,114.41388653813515,17.784196999692302,0.004474025112179619
0.8200000000000001,2.28225973738555,757.9895243762315,0.16178471324112365,0.03453363206380035,114.52260135241042,17.749819825236557,0.004490345897660775
0.8250000000000001,2.2853504168396896,757.9874443103266,0.16193358216321152,0.034426598717572,114.63095387411914,17.715527637103683,0.004506570487206335
0.8300000000000001,2.2884193710765794,757.9854123519389,0.16208194417449345,0.03431993275742361,114.73894004239773,17.681320403730997,0.004522699254845027
0.835,2.291466983749199,757.9834276236842,0.1622297980631148,0.034213635008007455,114.84656214085788,17.64719892752988,0.004538732588429327
0.84,2.2944935572667475,757.9814893992462,0.1623771436325297,0.03410770557271304,114.95381997796586,17.613163685556668,0.004554670870418709
0.845,2.2974993934586525,757.9795969533867,0.1625239806934376,0.03400214454978281,115.06071334452487,17.579215152545892,0.004570514483234155
0.85,2.3004847935745745,757.9777495619453,0.16267030906378344,0.03389695203231216,115.16724201367505,17.545353800910306,0.004586263809258168
0.855,2.303450058284404,757.9759465018401,0.16281612856875755,0.033792128108249456,115.27340574089351,17.511580100740876,0.004601919230834763
0.86,2.306395319007209,757.9741873652689,0.1629614409226622,0.03368767152428904,115.37919889804364,17.477893774796087,0.004617481121336141
0.865,2.3093208738685327,757.9724714338855,0.16310624598062892,0.03358358234711558,115.48462116122141,17.44429528240671,0.004632949862956004
0.87,2.312227035185835,757.9707979629045,0.1632505434402266,0.03347986075527877,115.58967265879292,17.410785145827433,0.004648325838631921
0.875,2.31511406882136,757.9691662940761,0.16339433351810287,0.03337650655878454,115.69435204202065,17.377363682361857,0.004663609428833271
0.88,2.3179822375263606,757.9675757749434,0.16353761646639167,0.03327351954244103,115.79865786397798,17.344031195811528,0.004678801013856891
0.885,2.320831800941096,757.9660257588431,0.16368039257271327,0.03317089946585856,115.90258857954915,17.310787976475932,0.004693900973827068
0.89,2.323662989097392,757.9645156544406,0.16382266241155283,0.033068645885111395,116.00614445128271,17.277634178461263,0.004708909684803048
0.895,2.3264759649550517,757.9630449957658,0.16396442719967347,0.03296675790059322,116.10933024399442,17.244569646212632,0.004723827513275612
0.9,2.329271022186628,757.9616130724662,0.16410568691975255,0.032865235488186144,116.2121409989142,17.21159483031774,0.004738654845221796
0.905,2.3320483916360097,757.9602192916211,0.16424644215648926,0.032764078196651114,116.31457595433181,17.17870989135123,0.0047533920576735235
0.91,2.3348082996132398,757.9588630687631,0.16438669354356744,0.03266328553997487,116.41663435268815,17.145914969797442,0.004768039527281148
0.915,2.337550967894515,757.957543827878,0.16452644176365586,0.032562856997369986,116.51831544057507,17.113210186050406,0.004782597630313464
0.92,2.3402766137221853,757.9562610014048,0.16466568754840796,0.03246279201327484,116.61961846873552,17.080595640413847,0.0047970667426576975
0.925,2.3429854641485885,757.9550140042907,0.1648044313727665,0.03236309021588582,116.7205492121795,17.04807172510764,0.0048114472186320855
0.93,2.3456777268379434,757.9538022868041,0.1649426740772331,0.03226375097231627,116.82110669792759,17.01563848915185,0.004825739434114701
0.935,2.3483536044719675,757.9526253084788,0.1650804165608557,0.03216477360806995,116.92128975321131,16.983295951717118,0.004839943765264761
0.9400000000000001,2.351013298847911,757.9514825306999,0.16521765969389174,0.032066157469475706,117.02109886827041,16.95104419126489,0.004854060582469386
0.9450000000000001,2.3536570074533683,757.9503734229008,0.16535440439080537,0.03196790187150381,117.12053463940374,16.918883271042915,0.004868090255402978
0.9500000000000001,2.356284923466279,757.9492974625625,0.16549065161026763,0.03187000609776595,117.21959776896917,16.88681323908522,0.004882033153027213
0.9550000000000001,2.3588972366613743,757.9482541335784,0.16562640233465056,0.03177246941470477,117.31829418509759,16.85483414891063,0.004895889643131047
0.96,2.3614941412534463,757.9472429121088,0.16576165739259482,0.03167529119437238,117.41667934140828,16.8229462386222,0.004909660088350369
0.965,2.3640758250564953,757.946263286121,0.16589641772016167,0.03157847073737583,117.51474964602008,16.791149543508375,0.00492334485390408
0.97,2.366642472012953,757.9453147508227,0.1660306843114847,0.031482007308755736,117.61243424931797,16.75944388638586,0.004936944307390932
0.975,2.3691942623661864,757.9443968082392,0.16616445818556624,0.03138590014546133,117.70978737357991,16.727829339074813,0.004950458811764001
0.98,2.3717313731723815,757.9435089664436,0.1662977403947492,0.03129014846565835,117.80680566701936,16.69630585480685,0.0049638887306764
0.985,2.374253977923098,757.9426507402738,0.16643053203208028,0.031194751463996657,117.9034209185643,16.664873367259954,0.004977234426908497
0.99,2.376762246955744,757.9418216504255,0.1665628342030239,0.031099708318078255,117.99966615993175,16.633531861416987,0.004990496261471666
0.995,2.3792563473505473,757.9410212237266,0.16669464803490205,0.031005018188199774,118.09559734060586,16.602281334125223,0.005003674594075397
1.0,2.3817364432119046,757.9402489927444,0.16682597468834173,0.030910680219924536,118.19116274601879,16.571121730875994,0.005016769784002449
1.0050000000000001,2.3842026954438946,757.9395044960414,0.16695681534315676,0.030816693541019794,118.28636279444072,16.540053011092596,0.005029782189224463
1.01,2.3866552620734254,757.9387872776375,0.16708717119766142,0.030723057265645434,118.38120529587333,16.50907511161321,0.005042712166853404
1.0150000000000001,2.3890942753155926,757.9380969305331,0.16721704363526932,0.030629770377143227,118.47570226383942,16.478187896622053,0.00505556006445505
1.02,2.3915198928924117,757.9374329993235,0.16734643385849177,0.03053683198758771,118.56985046594606,16.447391305789377,0.005068326239066555
1.025,2.393932272401878,757.9367950288386,0.1674753430707477,0.03044424120841344,118.66364666663532,16.416685278319903,0.005081011047686351
1.03,2.3963315699626326,757.9361825667157,0.1676037724858994,0.030351997143603135,118.75708876798795,16.38606974898107,0.005093614846761257
1.035,2.398717941693316,757.9355951605925,0.16773172331780897,0.03026009889713951,118.85017467208472,16.355544652540317,0.005106137992738088
1.04,2.401091508804265,757.9350324245012,0.16785919702059415,0.030168545403614837,118.94290419715225,16.325109824549145,0.005118580828702328
1.045,2.403452338877543,757.9344940744729,0.16798619541746773,0.030077335337393457,119.03528010511745,16.294764948137498,0.005130943677212965
1.05,2.405800640085625,757.9339795591408,0.16811271936403277,0.029986468055046157,119.12729744078295,16.264510106019536,0.005143226914640689
1.055,2.408136558209538,757.9334884458037,0.16823877014529984,0.029895942610393012,119.21895467366976,16.234345203581263,0.00515543089347554
1.06,2.4104602390303067,757.9330203017613,0.1683643490462795,0.029805758057254075,119.31025027329889,16.20427014620869,0.005167555966207561
1.065,2.4127718283289576,757.9325746943127,0.1684894573519823,0.029715913449449422,119.40118270919137,16.174284839287814,0.005179602485326793
1.07,2.4150714428254596,757.9321512461531,0.16861409653603868,0.029626407705944578,119.49177690731833,16.144389091348295,0.005191570792699527
1.075,2.4173591769476617,757.9317496224922,0.16873826821742532,0.029537239642701833,119.58206675442686,16.11458264347924,0.005203461221660687
1.08,2.4196351462086096,757.9313694484667,0.16886197388184507,0.02944840817591692,119.67200549163653,16.08486534421668,0.005215274111181418
1.085,2.4218994655393744,757.9310103503256,0.1689852150075993,0.029359912221669265,119.76161527785253,16.05523701006508,0.005227009801135365
1.09,2.4241523575842754,757.9306715978566,0.16910799457784467,0.02927174959724426,119.85089698073185,16.02569727161108,0.005238668964437664
1.095,2.4263939534542507,757.930352759474,0.16923031438287334,0.029183918993841127,119.93984068187014,15.996245905330644,0.005250252001542167
1.1,2.4286241605338263,757.9300541403826,0.16935217315153525,0.029096421340678618,120.02845350129179,15.966883070907988,0.005261758628695538
1.105,2.4308432293138003,757.9297749012768,0.16947357432518645,0.02900925412147264,120.11672405160076,15.937608336654504,0.005273189618459015
1.11,2.433051315208352,757.9295145214192,0.16959452003897746,0.028922415775023195,120.20464526761603,15.908421434733887,0.005284545450159473
1.115,2.43524827301868,757.9292734873192,0.1697150082981013,0.02883590775991256,120.29222375012408,15.879322615377557,0.005295825675976205
1.12,2.43743439637527,757.929050793357,0.16983504387750412,0.02874972658913151,120.3794729454985,15.850311199680537,0.005307031290738043
1.125,2.4396097884455474,757.9288460862067,0.16995462845486903,0.028663871037515155,120.46639757813887,15.821386949108748,0.0053181626439792965
1.1300000000000001,2.441774319483421,757.9286598102203,0.17007375992029725,0.028578342645863352,120.55299170651497,15.792550163648976,0.005329219296116346
1.135,2.4439283458224037,757.9284907154971,0.17019244377781778,0.028493137392903836,120.63926369486367,15.763800098085786,0.005340202433501113
1.1400000000000001,2.4460719154500707,757.9283386337122,0.1703106807686604,0.028408254737090258,120.72521466960005,15.735136652060717,0.005351112215900084
1.145,2.4482049107619543,757.9282039773834,0.17042846907627296,0.028323696005605085,120.8108418701877,15.706560071524999,0.00536194825176915
1.1500000000000001,2.4503276903622804,757.9280854516417,0.1705458152238681,0.028239456441731682,120.89613787301782,15.678069385196848,0.005372711856375881
1.155,2.452440238592422,757.9279831130278,0.1706627189266066,0.02815553625317437,120.98110300224582,15.64966463548775,0.0053834029722884865
1.16,2.454542470373045,757.9278972687515,0.1707791786368475,0.028071936568470564,121.06573901913288,15.621346052835616,0.005394021287457966
1.165,2.456634766033938,757.9278265047383,0.17089520167272737,0.027988652051794658,121.15006466448504,15.593112525322283,0.005404568255530641
1.17,2.4587170521358206,757.9277710940368,0.17101078662116034,0.027905683733460866,121.23407631957105,15.564964267652122,0.005415043595816591
1.175,2.4607892682620816,757.9277312612775,0.1711259323196368,0.027823032461082284,121.31777100735347,15.536901456456919,0.005425447077399412
1.18,2.462851808032019,757.9277054959991,0.17124064694044527,0.02774069228239867,121.40113412967759,15.508922813312607,0.005435780288086353
1.185,2.4649045454149796,757.9276942818273,0.17135492786694864,0.027658665103229316,121.48417036064095,15.48102874755029,0.0054460427194867244
1.19,2.46694744435239,757.9276977571319,0.17146877435050206,0.0275769514688473,121.5668810375474,15.4532193762835,0.005456234226145101
1.195,2.4689808969741223,757.9277143660001,0.1715821955136026,0.027495544738067017,121.64928703406747,15.425493216014797,0.005466356515333878
1.2,2.4710047348008177,757.927744776933,0.17169518743675174,0.027414447764286715,121.73137938178823,15.39785090413173,0.005476408853520169
1.205,2.473018952611214,757.9277890095681,0.1718077499943213,0.027333660638934665,121.81315765364799,15.370292461294962,0.005486391218046952
1.21,2.475023957138148,757.9278453937117,0.17191989243136344,0.027253176630082056,121.89463571747937,15.342816396135978,0.005496305383708457
1.215,2.477019545965231,757.9279147605594,0.17203161014694626,0.027172999087969125,121.97580667175797,15.315423450855556,0.005506150467253061
1.22,2.4790057442123317,757.9279970017742,0.17214290380834743,0.02709312752734115,122.05667009370525,15.288113513469744,0.005515926590798749
1.225,2.480982893963078,757.9280906420148,0.17225378250258744,0.02701355533997485,122.13722022590196,15.260885058975353,0.005525635417354391
1.23,2.482950870300371,757.9281962200248,0.17236424291140096,0.026934284938964582,122.21745917075826,15.233738644250751,0.00553527633964672
1.235,2.4849097039489414,757.9283136032943,0.1724742858509517,0.02685531573078335,122.29738641116336,15.206674132325604,0.005544849507041251
1.24,2.4868594256335164,757.9284426593134,0.17258391213740337,0.02677664712190417,122.37700143000642,15.179691386229578,0.005554355068903495
1.245,2.4888001134515876,757.928583022971,0.17269312442910723,0.02669827718160283,122.45630835490967,15.152789932571826,0.005563793478223378
1.25,2.490731907523958,757.92873402462,0.1728019277963188,0.026620202228414977,122.53531739466324,15.12596885749925,0.005573165585514426
1.2550000000000001,2.4926547863253283,757.9288957882994,0.17291032102335177,0.026542423143682024,122.6140229092245,15.099228395098216,0.005582471205258075
1.26,2.4945687977358646,757.9290680972658,0.17301830559349438,0.026464938849628184,122.69242606351305,15.07256828656802,0.0055917105967735175
1.2650000000000001,2.4964739896357333,757.9292507347757,0.17312588299003484,0.02638774826847767,122.77052802244849,15.04598827310796,0.005600884019379947
1.27,2.4983704329626284,757.9294433084144,0.17323305589001434,0.02631084945595658,122.84833536282319,15.019487870519978,0.005609991942265464
1.2750000000000001,2.5002581895237923,757.9296454953308,0.17333982649776483,0.026234240810911896,122.92585251840507,14.993066683860144,0.005619034751513078
1.28,2.502137298884536,757.9298571421305,0.17344619586609125,0.02615792156803871,123.00307870251963,14.966724535609082,0.005628012630760427
1.285,2.504007813454109,757.9300779975638,0.17355216571276516,0.02608189047935904,123.08001614311546,14.940461122692332,0.005636925880550283
1.29,2.505869785641761,757.9303078103812,0.17365773775555815,0.026006146296894895,123.15666706814116,14.914276142035437,0.0056457748014254105
1.295,2.50772322645306,757.9305463869714,0.1737629140449674,0.02593068753700601,123.23302995223895,14.888169166248277,0.005654559701867588
1.3,2.509568192439074,757.9307934703186,0.1738676962654803,0.02585551297528889,123.30910739881968,14.862139904692318,0.005663280881625405
1.305,2.5114047380543787,757.9310488063259,0.17397208611843182,0.025780621375407174,123.38490182124376,14.836188060434251,0.005671938640849442
1.31,2.5132329103462485,757.9313121512079,0.17407608536468316,0.025706011458863486,123.46041496138864,14.810313314300144,0.005680533281110607
1.315,2.515052755774476,757.9315832626938,0.17417969576375245,0.025631681948214472,123.5356484547412,14.784515347386188,0.005689065103053239
1.32,2.516864295666119,757.9318619633066,0.1742829190177026,0.025557631611108335,123.61059938534316,14.75879385234454,0.005697534367682599
1.325,2.518667570184662,757.932148026762,0.17438575687143282,0.025483859181531867,123.68526828755758,14.733148510508332,0.005705941366041678
1.33,2.5204626049112444,757.9324412608017,0.17448821103323348,0.025410363421578375,123.75965362359152,14.707578971271753,0.005714286370959161
1.335,2.5222494323244584,757.9327414581842,0.17459028322633693,0.025337143081836384,123.83375528848691,14.682084914128819,0.005722569662165095
1.34,2.524028072645696,757.9330484417256,0.17469197512493254,0.0252641969495656,123.90757484279911,14.656666024613349,0.005730791500830279
1.345,2.525798561618736,757.9333619954538,0.17479328847006065,0.02519152376216341,123.9811108495943,14.631321968055138,0.005738952172956445
1.35,2.5275609308808837,757.9336819136578,0.17489422498507606,0.02511912227021834,124.05436266492941,14.606052415128989,0.005747051957976258
1.355,2.5293152120694447,757.9340079906269,0.17499478639333363,0.025046991224318946,124.12732964486138,14.580857036509707,0.005755091135322385
1.36,2.531061436821725,757.9343400206506,0.1750949744181882,0.02497512937505376,124.20001114544714,14.555735502872093,0.005763069984427492
1.365,2.532799633791633,757.9346778051049,0.17519479077463687,0.024903535478945093,124.27241305294687,14.53068748720995,0.005770988780616118
1.37,2.5345298173485986,757.9350211792988,0.17529423713766057,0.024832208320926075,124.34457252019577,14.505712673620428,0.005778847779543118
1.375,2.536252018745228,757.9353699384353,0.1753933152295364,0.024761146652350387,124.41648974529564,14.480810733077362,0.005786647260111428
1.3800000000000001,2.537966258087807,757.9357239037888,0.17549202674388104,0.02469034924810092,124.4881432361201,14.455981329231966,0.005794387485876743
1.385,2.53967255758194,757.9360828917825,0.17559037337933575,0.02461981487843109,124.55952229425395,14.43122412944163,0.005802068723285111
1.3900000000000001,2.5413709409377674,757.9364467153553,0.17568835683903025,0.024549542309188845,124.63063025124627,14.406538805460945,0.0058096912410860934
1.395,2.5430614239866234,757.9368152056119,0.17578597881187422,0.024479530317912272,124.70146282861067,14.381925024235349,0.005817255298394594
1.4000000000000001,2.5447440301937516,757.9371881760641,0.17588324099960378,0.02440977767197904,124.77201637117365,14.357382455502785,0.005824761163411835
1.405,2.546418777196434,757.9375654537496,0.1759801450883691,0.02434028314963823,124.84230270933917,14.33291076772463,0.005832209096823565
1.41,2.5480856828133613,757.9379468652836,0.1760766927649257,0.024271045528735814,124.91233285981652,14.308509629384224,0.0058395993595615
1.415,2.5497447641839637,757.9383322389932,0.1761728857155396,0.024202063588857268,124.98209855443876,14.284178708466763,0.005846932211627816
1.42,2.5513960370757656,757.9387214064373,0.17626872562234105,0.02413333611269415,125.05159210170986,14.259917672687495,0.005854207911162464
1.425,2.553039515839237,757.9391142026977,0.17636421415868808,0.024064861887763245,125.12083064613502,14.23572618962009,0.005861426714121987
1.43,2.5546752137054227,757.9395104655437,0.17645935299437884,0.023996639704364817,125.18983012140411,14.211603926547637,0.005868588874909359
1.435,2.5563031479993823,757.939910022809,0.1765541438160179,0.02392866834146365,125.25858747993932,14.187550551615086,0.005875694653801792
1.44,2.557923331263811,757.9403127140723,0.1766485882901271,0.023860946593191552,125.32709822023074,14.163565732735478,0.005882744303847639
1.445,2.559535771632669,757.9407183897939,0.17674268806453425,0.023793473268434073,125.3953470325131,14.139649137918573,0.005889738071284105
1.45,2.5611404861276834,757.9411268784962,0.17683644482475347,0.023726247146334034,125.46334039587092,14.115800434979153,0.005896676216079289
1.455,2.562737486627841,757.9415380214662,0.1769298602343944,0.023659267022971112,125.53107720070948,14.092019291560595,0.005903558990328611
1.46,2.56432677535638,757.9419516841959,0.17702293591560547,0.023592531725292146,125.59855922314685,14.06830537401421,0.005910386631593448
1.465,2.565908368045008,757.9423676983141,0.17711567354853977,0.023526040037060575,125.66578420216572,14.044658350498924,0.005917159397768418
1.47,2.567482275819363,757.942785906996,0.17720807479356324,0.023459790756770283,125.73275126075241,14.021077888560496,0.005923877539813884
1.475,2.5690485040984252,757.9432061680075,0.17730014127449334,0.02339378270922351,125.79947137914937,13.997563659326671,0.005930541298600082
1.48,2.570607060851868,757.9436283326352,0.1773918746333245,0.02332801470633657,125.86594706071236,13.974115331401878,0.005937150919733702
1.485,2.5721579514004302,757.944052259054,0.17748327650006795,0.023262485569187814,125.9321777146885,13.950732572557268,0.005943706644750724
1.49,2.5737011797684684,757.9444778092343,0.1775743484910221,0.023197194128575693,125.99816810164505,13.927415053691613,0.0059502087122218
1.495,2.575236751535091,757.9449048408038,0.17766509223440619,0.023132139206635465,126.06392090687606,13.904162444013908,0.00595665736371327
1.5,2.5767646732383964,757.9453332087471,0.17775550936505669,0.023067319620645618,126.12943824159292,13.880974412025957,0.005963052842548106
1.5050000000000001,2.57828495081211,757.9457627697194,0.177845601513444,0.02300273419111851,126.1947221075916,13.857850626696766,0.005969395390912211
1.51,2.579797585579066,757.9461933932027,0.17793537027370068,0.022938381765914787,126.2597663842327,13.834790760892524,0.005975685241852491
1.5150000000000001,2.5813025823697697,757.9466249389274,0.17802481726763206,0.022874261171993628,126.32457227231247,13.811794484505437,0.0059819226353847125
1.52,2.582799942004856,757.9470572778556,0.17811394408581163,0.022810371258876125,126.38914835067554,13.788861470700036,0.005988107803785402
1.5250000000000001,2.5842896671703133,757.9474902757698,0.17820275233314867,0.02274671086613544,126.453493543051,13.765991391141522,0.0059942409828340325
1.53,2.585771755516104,757.9479238129481,0.17829124357459647,0.02268327886352571,126.51759582400905,13.743183921594003,0.006000322398251198
1.5350000000000001,2.5872462107529954,757.9483577521587,0.17837941942335309,0.02262007408405896,126.58146101847048,13.720438732882151,0.006006352287939214
1.54,2.5887130349834226,757.9487919608159,0.17846728147981408,0.02255709537049733,126.64509021448266,13.697755497141397,0.006012330886567782
1.545,2.590172226466676,757.9492263177012,0.1785548313077355,0.022494341591990378,126.70849304809288,13.675133890704663,0.0060182584205563956
1.55,2.591623780806147,757.9496607094508,0.1786420704455528,0.02243181163592333,126.77168506264783,13.652573592805647,0.006024135110623046
1.555,2.5930677019365813,757.9500949980601,0.17872900051113028,0.022369504332477506,126.83466327073727,13.63007427357853,0.006029961195370913
1.56,2.5945039903164293,757.9505290558059,0.17881562308919013,0.0223074185357028,126.89743241699261,13.607635606954302,0.006035736905940502
1.565,2.595932639111961,757.9509627772189,0.17890193968804907,0.02224555315692234,126.95997919299641,13.5852572771193,0.006041462456587626
1.57,2.5973536456642563,757.9513960440892,0.17898795185976632,0.02218390707467003,127.0223006257968,13.56293896238862,0.006047138071234673
1.575,2.5987670110598264,757.951828726777,0.1790736611956448,0.022122479138062957,127.08440301489478,13.540680335809986,0.006052763982476389
1.58,2.6001727339536025,757.9522607030632,0.17915906926150993,0.022061268215315965,127.14628663999937,13.518481073850767,0.0060583404172773175
1.585,2.60157080188358,757.9526918859838,0.17924417750599247,0.02200027326148506,127.20793914804456,13.496340867762788,0.0060638675767645525
1.59,2.6029612153067276,757.9531221476047,0.179328987513915,0.02193949313070828,127.26936286649233,13.47425939161688,0.006069345692090849
1.595,2.604343971719497,757.9535513693808,0.1794135008388902,0.021878926700250063,127.33055675860848,13.452236323421078,0.006074774987528266
1.6,2.6057190665672447,757.9539794395068,0.17949771901041253,0.021818572864898148,127.39152225068065,13.430271344355752,0.006080155682305822
1.605,2.6070864871025754,757.9544062735775,0.17958164345660335,0.021758430592463015,127.45228028095003,13.408364149169769,0.0060854879749520216
1.61,2.6084462329485025,757.9548317458165,0.1796652757586493,0.021698498740496567,127.51282232614672,13.386514412124635,0.006090772095251511
1.615,2.6097982992653823,757.9552557453718,0.1797486174425183,0.02163877620632678,127.57315049131891,13.364721814872725,0.006096008261713202
1.62,2.611142678187872,757.955678172199,0.1798316699871641,0.021579261922071352,127.63326013678846,13.34298604687408,0.0061011966838676575
1.625,2.6124793594774585,757.9560989347301,0.17991443483466527,0.02151995484713493,127.69314133272592,13.321306803712591,0.006106337564203375
1.6300000000000001,2.613808339822878,757.9565179166542,0.1799969135347382,0.02146085386127202,127.75279959116597,13.299683763096725,0.006111431125764526
1.635,2.615129613049339,757.9569350118886,0.1800791075926049,0.021401957877162255,127.81223404091565,13.27811661012414,0.006116477583098154
1.6400000000000001,2.61644316808871,757.9573501328322,0.18016101842860904,0.021343265868520228,127.87145873310494,13.256605043122812,0.006121477135380693
1.645,2.6177489964923844,757.9577631819905,0.18024264750853183,0.02128477677638701,127.93047973057755,13.23514875333821,0.0061264299900168386
1.6500000000000001,2.619047092564527,757.9581740514716,0.18032399634590301,0.021226489507468166,127.98929470155626,13.213747424573015,0.006131336363058095
1.655,2.620337448894604,757.9585826398599,0.18040506642450982,0.021168402989856804,128.04790654326263,13.192400745266012,0.006136196465169882
1.6600000000000001,2.621620050743451,757.9589888752297,0.18048585910350382,0.021110516241608403,128.10633548405207,13.171108423227665,0.006141010483705637
1.665,2.622894891741912,757.9593926519751,0.18056637588438254,0.021052828178032692,128.16458195844277,13.1498701441441,0.0061457786326433415
1.67,2.6241619637642346,757.9597938715588,0.18064661823876976,0.02099533773600242,128.22265055504428,13.128685598344626,0.006150501120373342
1.675,2.6254212574401743,757.9601924407181,0.1807265876128283,0.02093804387115497,128.28054274559912,13.107554480563602,0.006155178150762889
1.68,2.62667275859591,757.9605882872972,0.1808062853424615,0.02088094562128623,128.33823106706745,13.086476505649939,0.006159809908646184
1.685,2.6279164602122624,757.9609813077033,0.18088571292779765,0.020824041901821883,128.39573115303978,13.065451358493117,0.006164396607206017
1.69,2.629152352699873,757.9613714096366,0.18096487180997026,0.020767331672146956,128.4530431554093,13.044478734745013,0.006168938449441454
1.695,2.630380424393275,757.9617585106029,0.18104376338319872,0.020710813926340454,128.51015916013125,13.023558338272904,0.006173435630058808
1.7,2.631600661794202,757.9621425367643,0.18112238900028643,0.02065448768910944,128.56706413250953,13.002689880196682,0.006177888336443513
1.705,2.6328130564240766,757.9625233905748,0.1812007501274673,0.020598351901276585,128.62376253995652,12.981873051772727,0.006182296776031505
1.71,2.6340175977477953,757.9629009842017,0.18127884818450363,0.020542405538031345,128.6802508600236,12.961107552395344,0.006186661148044184
1.715,2.6352142720409586,757.9632752464272,0.18135668450450468,0.020486647636705116,128.73654093962222,12.940393096602536,0.006190981637283168
1.72,2.6364030671638377,757.9636460977781,0.18143426046363512,0.020431077203752746,128.79263698906894,12.919729391407838,0.00619525843571485
1.725,2.637583972932179,757.9640134485938,0.18151157749118985,0.02037569320752751,128.84853379514684,12.89911613453961,0.00619949174414694
1.73,2.6387569779882454,757.964377215327,0.1815886369845803,0.020320494639247483,128.9042317997135,12.87855302929826,0.006203681758081461
1.735,2.6399220672046524,757.9647373365672,0.18166544020867387,0.020265480586239303,128.95973579377306,12.858039803599613,0.0062078286521799995
1.74,2.64107922968207,757.9650937260753,0.18174198857699986,0.020210650028033798,129.0150456903067,12.837576157750728,0.006211932624478873
1.745,2.64222845372037,757.9654463023147,0.18181828347493095,0.02015600196457844,129.07016232619867,12.817161797287792,0.006215993868587199
1.75,2.6433697271811343,757.9657949863981,0.1818943262716633,0.020101535407524795,129.125087449557,12.796796430773034,0.006220012575601465
1.7550000000000001,2.6445030363171744,757.9661397097905,0.1819701182706205,0.020047249415909577,129.17982954032553,12.776479779246186,0.006223988926647357
1.76,2.645628368297288,757.9664803982218,0.18204566081491172,0.019993143020313037,129.23439102462092,12.756211556131213,0.006227923108653422
1.7650000000000001,2.6467457096182554,757.9668169820605,0.18212095522458097,0.019939215268197766,129.28877276213797,12.735991479055867,0.006231815304631185
1.77,2.647855046725649,757.9671493937404,0.18219600280095008,0.01988546522070852,129.34297365648962,12.715819269591654,0.006235665695116858
1.7750000000000001,2.6489563662407964,757.9674775633704,0.18227080486147568,0.01983189192715509,129.39699470861177,12.695694646061021,0.006239474463006264
1.78,2.650049654992235,757.9678014187871,0.18234536273788834,0.01977849442636008,129.45083893661487,12.675617323970895,0.006243241793371675
1.7850000000000001,2.6511348997248656,757.9681208887442,0.1824196777561572,0.019725271761379077,129.5045085444078,12.655587019964646,0.006246967870406871
1.79,2.65221208697104,757.9684359043433,0.18249375122531347,0.01967222298748352,129.55800695688148,12.635603454018389,0.006250652875896974
1.795,2.6532812028274773,757.9687464014986,0.18256758441967302,0.01961934718498206,129.6113401014118,12.615666352938932,0.006254296986690387
1.8,2.654342233535367,757.9690523146105,0.1826411786294103,0.019566643423503154,129.66450045202436,12.595775440623642,0.006257900381527316
1.805,2.655395165220487,757.9693535794205,0.1827145351351253,0.019514110779480492,129.71748283577335,12.575930442816885,0.006261463237794517
1.81,2.656439983726319,757.9696501355653,0.18278765519003387,0.019461748347836465,129.77030501601195,12.556131090191712,0.006264985729112221
1.815,2.657476675296968,757.9699419173311,0.18286054008374583,0.019409555198499382,129.82296121663154,12.536377106735017,0.006268468034228634
1.82,2.6585052254776227,757.9702288577244,0.18293319115021148,0.01935753036923001,129.87544929595273,12.516668206667608,0.006271910338005926
1.825,2.6595256148553417,757.9705108732738,0.18300561010800256,0.019305672622221763,129.92773692379023,12.497004021308411,0.00627531287858885
1.83,2.6605378345926174,757.9707879287781,0.18307779772611044,0.019253981400874722,129.97985697893986,12.477384385674275,0.0062786757621781505
1.835,2.6615418608508232,757.971059925433,0.1831497560804998,0.019202455207924796,130.03180598741585,12.457808853177195,0.006281999276647248
1.84,2.6625376897343807,757.9713268471733,0.18322148550825848,0.019151093800421598,130.0835805062401,12.438277351221252,0.006285283468784343
1.845,2.6635252785154173,757.9715885243186,0.18329298979089143,0.019099894450594294,130.13518825595077,12.41878907542769,0.006288528857435605
1.85,2.6645046149396547,757.9718449079742,0.18336427001076477,0.019048856377712635,130.18663072065766,12.399343795265908,0.0062917355912879514
1.855,2.6654757242794225,757.9720960989774,0.18343532393568565,0.018997981191897655,130.23790483964103,12.379941986165369,0.006294903363700344
1.86,2.666438606534721,757.9723420973285,0.1835061515656541,0.018947268893149346,130.28901061290085,12.360583648126068,0.0062980321746727835
1.865,2.6673931914761955,757.9725826353157,0.18357675887584196,0.018896715171569357,130.3399556675936,12.341267495054193,0.0063011228503647345
1.87,2.6683394650589793,757.9728176594009,0.18364714706119814,0.018846319165239697,130.3907415290414,12.321993269749385,0.0063041755559962685
1.875,2.6692774618165074,757.9730473012239,0.18371731318358933,0.01879608299343927,130.4413644467911,12.302761604614375,0.006307189885325245
1.8800000000000001,2.670207181748779,757.9732715607848,0.18378725724301556,0.018746006656168077,130.49182442084276,12.283572499649164,0.006310165838351665
1.885,2.671128532179392,757.9734901083342,0.18385698700343156,0.018696084554250297,130.54212583407144,12.264424297749583,0.006313104487493179
1.8900000000000001,2.6720414912640473,757.9737028661482,0.18392650429484084,0.018646315367931782,130.59226971954308,12.245316608327773,0.006316006085524066
1.895,2.6729460951325548,757.9739099627795,0.18399580609047284,0.018596701280046042,130.64225436859786,12.226250077404261,0.0063188702143633
1.9000000000000001,2.673842338463009,757.9741113792924,0.18406489283616964,0.018547241969062593,130.69208003292067,12.207224609820484,0.006321696935594045
1.905,2.674730215933503,757.9743070967511,0.18413376497777326,0.018497937113450956,130.7417469641964,12.188240110417889,0.006324486310799464
1.9100000000000001,2.6756097222221307,757.9744970962198,0.18420242296112582,0.018448786391680645,130.79125541410994,12.169296484037911,0.006327238401562723
1.915,2.6764808520069865,757.9746813587628,0.18427086723206934,0.018399789482221186,130.8406056343462,12.150393635521995,0.0063299532694669845
1.92,2.6773435994545713,757.9748598637876,0.18433909827525702,0.018350946035531262,130.8897982662043,12.131531459745872,0.006332630981587126
1.925,2.678197918415858,757.9750324601374,0.18440711963381196,0.018302253494702624,130.93886465416443,12.112709066247044,0.006335272037767196
1.93,2.679043792055609,757.9751990919468,0.18447493264235465,0.018253710897059947,130.9878091878808,12.093926145528975,0.006337876624598357
1.935,2.679881203411802,757.9753597075074,0.1845425388413688,0.018205317135274682,131.03657711440195,12.07518251278842,0.00634044494816875
1.94,2.6807101348470925,757.9755142497278,0.18460993965089295,0.018157071185105664,131.08517354798798,12.05647785425527,0.006342977206081684
1.945,2.681530573412485,757.9756626807846,0.184677136104448,0.01810897229819885,131.13365455764472,12.037811900071327,0.006345473543552162
1.95,2.682342503149803,757.9758049509685,0.1847441295171205,0.018061019527407664,131.18200233364252,12.01918439215542,0.006347934142004564
1.955,2.6831459117401613,757.9759410251406,0.18481092088124132,0.018013212161082988,131.23015182265272,12.000595146650861,0.006350359138571162
1.96,2.6839407848219246,757.9760708601964,0.1848775113670152,0.01796554935453592,131.27812059938898,11.982043910757929,0.0063527486957795825
1.965,2.684727109672415,757.9761944200916,0.18494390200043753,0.017918030365372737,131.32595629476975,11.963530449535522,0.006355102957039241
1.97,2.6855048728113213,757.9763116657882,0.18501009388181955,0.017870654400724502,131.37365251124257,11.945054530424839,0.006357422074949902
1.975,2.686274061335141,757.9764225613118,0.1850760880682722,0.0178234206983879,131.42121205475487,11.926615922368146,0.00635970619630384
1.98,2.687034662310448,757.9765270713833,0.18514188562220324,0.017776328492553017,131.46863436487052,11.908214397494254,0.0063619554689663335
1.985,2.6877866628663525,757.976625160982,0.1852074876017044,0.01772937702055555,131.51591838075407,11.889849727832319,0.006364170040135208
1.99,2.6885300497969675,757.9767167921786,0.18527289508197473,0.017682565506790864,131.56307243165512,11.871521680104667,0.006366350059181405
1.995,2.6892648100547234,757.9768019283641,0.18533810913021478,0.01763589318168238,131.61010080970377,11.853230023413936,0.006368495674460569
2.0,2.68999093219103,757.9768805446414,0.1854031307354317,0.017589359333917157,131.65697902952576,11.834974547080321,0.0063706070244245825
2.005,2.690708402682694,757.9769526009177,0.1854679609880851,0.017542963176587822,131.70371994325927,11.816755014192653,0.006372684260375016
2.0100000000000002,2.6914172087112265,757.977018062262,0.18553260094417312,0.01749670394846506,131.75032372016872,11.798571196750078,0.006374727529248632
2.015,2.6921173383572454,757.97707689929,0.18559705161654733,0.017450580919860122,131.79678467997905,11.780422876936523,0.006376736972556113
2.02,2.6928087802133045,757.9771290857756,0.18566131399349228,0.017404593379042908,131.8430938117908,11.76230984273494,0.006378712728718621
2.025,2.6934915211267056,757.9771745847258,0.18572538914704423,0.01735874055306007,131.88925345921496,11.74423186235867,0.006380654946689865
2.0300000000000002,2.69416554867147,757.9772133636314,0.1857892781143654,0.017313021694451498,131.93526123786853,11.726188712253078,0.006382563771037823
2.035,2.6948308528662945,757.9772454029743,0.1858529818243734,0.017267436132869633,131.98113480280796,11.708180193055169,0.006384439332882924
2.04,2.695487421233766,757.9772706699714,0.18591650131650786,0.017221983119231947,132.02687134802898,11.690206080701323,0.006386281777076077
2.045,2.696135241555123,757.9772891332144,0.18597983761875592,0.017176661912614594,132.07247018774555,11.672266153687456,0.0063880912470454096
2.05,2.696774302526092,757.9773007657194,0.18604299171979183,0.01713147180053232,132.11793011375042,11.654360198995672,0.006389867881399702
2.055,2.697404594557471,757.9773055484582,0.186105964535488,0.01708641212351442,132.16324263158154,11.63648801908038,0.00639161180987531
2.06,2.698026105092264,757.9773034486357,0.18616875710769473,0.017041482130352663,132.2084118550705,11.618649389622371,0.006393323177561623
2.065,2.6986388226747526,757.9772944385659,0.18623137043151494,0.016996681103880442,132.25343721940885,11.600844096237493,0.006395002123850881
2.07,2.6992427379006196,757.9772784991675,0.1862938054219845,0.016952008384117225,132.29832968688646,11.58307194260351,0.0063966487785820985
2.075,2.6998378401745358,757.9772556063634,0.18635606304062496,0.0169074632778811,132.34309352733496,11.565332721911712,0.006398263277140748
2.08,2.700424117946852,757.9772257320733,0.18641814428620537,0.016863045065387005,132.38772764813638,11.547626218950919,0.0063998457593565
2.085,2.7010015605717275,757.97718885191,0.1864800501240343,0.01681875305075986,132.43223560581274,11.529952226039272,0.006401396361024713
2.09,2.701570160735618,757.9771449542795,0.18654178141132075,0.016774586615472334,132.47663448623115,11.512310559652349,0.006402915204535271
2.095,2.702129906561,757.9770940100661,0.186603339153329,0.016730545035060107,132.5209228452036,11.494701003179227,0.006404402430638461
2.1,2.702680787751222,757.9770359962235,0.18666472430403983,0.016686627621753353,132.56510565698724,11.477123351469501,0.0064058581737248856
2.105,2.703222794413714,757.9769708911313,0.18672593780338012,0.01664283369860366,132.60917587565893,11.459577402469149,0.006407282566491612
2.11,2.7037559177797497,757.9768986771355,0.18678698055218906,0.016599162618759655,132.65309302429702,11.442062962735939,0.006408675736925564
2.115,2.7042801488279196,757.9768193355698,0.1868478534632789,0.016555613722796448,132.69688676708788,11.42457983622312,0.006410037814682852
2.12,2.7047954788879935,757.9767328489643,0.18690855743913046,0.01651218635957205,132.74057210301015,11.407127829297858,0.006411368928078407
2.125,2.7053018991739473,757.9766391993289,0.1869690933930231,0.016468879874131124,132.78409301369393,11.389706746613015,0.0064126692060515415
2.13,2.705799401158872,757.9765383694491,0.187029462223035,0.016425693617356373,132.82748505064626,11.37231639510338,0.006413938776615263
2.1350000000000002,2.706287976367687,757.9764303421401,0.18708966482377692,0.016382626941228703,132.87080876725202,11.35495658203934,0.006415177767667736
2.14,2.706767616573929,757.9763151010545,0.18714970209157902,0.01633967920317978,132.91400523851783,11.337627116170932,0.006416386306232209
2.145,2.7072383137009353,757.9761926302069,0.18720957491446277,0.016296849763491744,132.95707170436185,11.320327807204908,0.0064175645188888335
2.15,2.70770005993312,757.9760629143818,0.18726928417241656,0.016254137987855626,133.00001237931508,11.3030584664721,0.006418712531352764
2.1550000000000002,2.7081528476525563,757.9759259389051,0.18732883074163723,0.016211543245450547,133.0428179953769,11.285818906453486,0.006419830468768729
2.16,2.7085966694928048,757.9757816898049,0.1873882154906824,0.016169064910421256,133.0854890938072,11.268608941148534,0.0064209184554923195
2.165,2.7090315182624214,757.9756301535455,0.18744743928283422,0.016126702359772805,133.12804318588374,11.251428385472865,0.006421976615412587
2.17,2.7094573869837264,757.9754713171609,0.18750650297782612,0.016084454974393182,133.17047405559936,11.23427705560159,0.006423005071801949
2.1750000000000003,2.7098742692637785,757.9753051691712,0.18756540741989347,0.016042322145486725,133.21279106249256,11.21715477094492,0.0064240039462950945
2.18,2.7102821583693832,757.975131697228,0.18762415346199568,0.016000303258239687,133.25499858348078,11.200061349019942,0.006424973361482168
2.185,2.7106810475309038,757.9749508888758,0.18768274195818038,0.015958397697221297,133.2970979511508,11.182996607142988,0.006425913440062287
2.19,2.711070933725444,757.9747627410039,0.18774117367040918,0.015916604913782998,133.33908418942764,11.165960383562526,0.006426824294315869
2.195,2.711451808740985,757.974567237566,0.18779944948809904,0.015874924266771184,133.38096236692164,11.148952487535452,0.006427706050949703
2.2,2.7118236660283386,757.9743643666615,0.1878575702598244,0.015833355144675054,133.42273433347142,11.13197273760887,0.006428558832047717
2.205,2.712186499038315,757.974154116389,0.1879155368341598,0.015791896935983814,133.46440193891567,11.11502095232989,0.006429382759693838
2.21,2.712540304941493,757.9739364838055,0.18797334997439333,0.01575054909181583,133.5059469551991,11.098096970223816,0.006430177946145985
2.215,2.7128850809866707,757.9737114661565,0.1880310104420197,0.015709311064606442,133.5473507320662,11.081200630236056,0.006430944503455454
2.22,2.7132208187620477,757.9734790470555,0.18808851912831911,0.015668182211484343,133.58862517302248,11.064331740909969,0.006431682558626381
2.225,2.7135475126497264,757.9732392168441,0.18814587686051354,0.015627161936618755,133.62976710114995,11.04749012579446,0.0064323922312826244
2.23,2.7138651570318095,757.9729919658641,0.18820308446582493,0.015586249644178882,133.67077333953074,11.030675608438433,0.006433073641048048
2.235,2.714173748962667,757.9727372906185,0.1882601427066053,0.015545444781235379,133.71171131160582,11.013888025761117,0.006433726900806857
2.24,2.714473285951523,757.9724751886584,0.18831705234013188,0.015504746802496474,133.75257613761264,10.997127217282106,0.006434352122289334
2.245,2.71476376480329,757.9722056558413,0.1883738141424351,0.0154641551512512,133.79332464986857,10.980393019084344,0.006434949419059609
2.25,2.715045180425022,757.9719286854721,0.1884304293856531,0.015423668909270714,133.83398835286349,10.963685161111423,0.006435518978335153
2.255,2.7153175295390914,757.9716442733447,0.18848689892252563,0.015383287463564424,133.87454261446607,10.947003463414465,0.006436060925109935
2.2600000000000002,2.7155808133595905,757.9713524210581,0.18854322244621535,0.01534301103454104,133.9149992141227,10.930347990594692,0.006436575214509182
2.265,2.7158350239105884,757.9710531193039,0.18859940234593978,0.015302837902222331,133.95533445069628,10.913718236993997,0.006437062198569107
2.27,2.7160801646017196,757.9707463720613,0.18865543760033118,0.015262768801882636,133.99555845619759,10.897114418776413,0.006437521726797575
2.275,2.716316230620826,757.9704321746173,0.18871132993188713,0.015222802492737738,134.03566746946132,10.880536167729606,0.006437954055102831
2.2800000000000002,2.716543220369801,757.9701105254069,0.18876707991264458,0.015182938562726482,134.07566024141437,10.86398336157123,0.006438359268471327
2.285,2.7167611349496172,757.9697814256632,0.18882268722133863,0.015143177243083002,134.11554131009797,10.847456071072413,0.00643873731882431
2.29,2.716969971401736,757.9694448733219,0.18887815330514748,0.015103517490388199,134.15532731687208,10.830953997715358,0.006439088419378813
2.295,2.7171697281490763,757.9691008679306,0.18893347910093616,0.01506395863029384,134.19500636937434,10.814476937002995,0.006439412710850631
2.3000000000000003,2.7173604031443124,757.9687494119462,0.18898866699990316,0.015024498939419345,134.2345898785321,10.798024380921984,0.006439710552781388
2.305,2.7175419969601116,757.968390504776,0.1890437163687422,0.014985138874177815,134.27407523301653,10.781596464127505,0.006439981849973207
2.31,2.7177145099789626,757.9680241460236,0.18909862678446193,0.014945878739412012,134.31346068869573,10.765193276557065,0.006440226538842498
2.315,2.7178779424026267,757.9676503405417,0.1891534000118796,0.014906717264005694,134.35274090282223,10.748814449246693,0.0064404448843839186
2.32,2.7180322944524544,757.9672690936538,0.18920803798717986,0.01486765305341465,134.3919100138571,10.732459577405265,0.006440637177323646
2.325,2.7181775659427148,757.9668804008932,0.18926253908574714,0.014828687277774312,134.43097294010585,10.716129000685287,0.0064408031737188945
2.33,2.718313757193603,757.9664842635029,0.1893169035777502,0.014789819742417838,134.46993044837404,10.699822662819207,0.006440942914207664
2.335,2.7184408735300036,757.9660807021596,0.1893711359561085,0.014751047210026158,134.50879529067552,10.683539628074843,0.006441057074601899
2.34,2.718558911949036,757.965669705203,0.1894252336871145,0.014712371506231725,134.54756027572338,10.66728042414286,0.006441145273788649
2.345,2.718667872450701,757.9652512726333,0.18947919677076827,0.014673792631034537,134.5862254035176,10.65104505102325,0.006441207511767916
2.35,2.718767763174628,757.9648254274633,0.189533028447516,0.01463530824883888,134.62480796418865,10.634832812575521,0.0064412442855056205
2.355,2.7188585844161377,757.9643921705282,0.18958672883492678,0.01459691827490518,134.66330858505322,10.61864368354245,0.0064412556130325725
2.36,2.7189403334893245,757.9639514942342,0.189640296863722,0.014558623479930614,134.70172156073406,10.602477893635678,0.006441241330360529
2.365,2.719013015329671,757.9635034104049,0.18969373384926208,0.01452042291654939,134.74004321141263,10.58633517577454,0.0064412016378359235
2.37,2.719076640937534,757.9630479453938,0.18974704272326195,0.014482314473244112,134.7782653353985,10.570214934681614,0.006441136981996911
2.375,2.7191312026978554,757.9625850809575,0.18980022145622577,0.014444299611724384,134.81639361035727,10.55411758244099,0.006441047053724982
2.38,2.7191767006106358,757.9621148170962,0.1898532700481535,0.014406378331990207,134.8544280362889,10.538043119052666,0.006440931853020135
2.3850000000000002,2.7192131588948856,757.9616372070991,0.18990619300304457,0.014368547389639528,134.89235883526484,10.521990598356146,0.006440792077447423
2.39,2.7192405662332937,757.9611522260647,0.18995898821622342,0.014330808300750193,134.93019057641698,10.505960462483122,0.006440627401041414
2.395,2.7192589215699665,757.9606598716697,0.19001165549132587,0.014293161206770788,134.96792368604085,10.489952752684049,0.006440437793389847
2.4,2.719268242340728,757.9601601798555,0.19006419726931906,0.014255604349352587,135.00555218355228,10.473966949817463,0.006440223636427421
2.4050000000000002,2.719268536322577,757.9596531666533,0.1901166146389613,0.01421813694420944,135.0430734013977,10.458002822327783,0.006439985100510611
2.41,2.719259793760809,757.9591388119553,0.19016890623462104,0.014180759975072923,135.08049068549448,10.442060660655608,0.006439721971960973
2.415,2.7192420166562785,757.958617119697,0.19022107230153054,0.014143473265079563,135.117807672313,10.426140416279953,0.006439434289057416
2.42,2.7192152199052826,757.9580881191797,0.19027311466543742,0.014106275497485533,135.1550514352787,10.41024172796342,0.006439122336785389
2.4250000000000003,2.7191794055828877,757.95755181447,0.1903250335741942,0.014069166493594755,135.1922245466404,10.39436454616564,0.0064387861538944425
2.43,2.7191345838244856,757.9570082247456,0.1903768299455981,0.014032145594347258,135.2292853497946,10.37850866419498,0.006438425886734185
2.435,2.7190807610228362,757.956457362485,0.19042850452206397,0.013995212264670227,135.26623785146714,10.36267393197924,0.006438041651581277
2.44,2.719017944978255,757.9558992418416,0.19048005787910013,0.013958366087470276,135.30312697940246,10.346860234861461,0.006437633541895784
2.445,2.71894614324374,757.9553338770314,0.19053149071993306,0.013921606555372654,135.33996592490587,10.331067428000988,0.0064372016695661595
2.45,2.7188653636041247,757.9547612821444,0.19058280362853844,0.013884933249163052,135.3767258202047,10.315295388841088,0.006436746128282953
2.455,2.7187756138492283,757.9541814712768,0.19063399718626675,0.013848345751056064,135.41338636775166,10.299543996096915,0.006436267011467404
2.46,2.71867690211299,757.9535944590509,0.1906850719942681,0.013811843627783654,135.44995011345446,10.283813127227418,0.006435764415809287
2.465,2.718569236894171,757.9530002603623,0.19073602859539618,0.013775426488448372,135.48641265381227,10.26810267245369,0.006435238429308682
2.47,2.718452626304735,757.9523988897951,0.19078686758408672,0.013739093904890259,135.52277139206478,10.252412509123785,0.006434689147709562
2.475,2.7183270795048373,757.9517903632169,0.1908375895081089,0.013702845481576301,135.55904212154314,10.23674252501906,0.006434116660686929
2.48,2.718192605831884,757.9511746967733,0.1908881949242567,0.01366668081740786,135.59522315603513,10.221092607923747,0.006433521059080415
2.485,2.718049215606941,757.9505519079644,0.1909386843842722,0.013630599514492104,135.63132068480368,10.20546264564069,0.006432902433851564
2.49,2.7178969181431536,757.9499220128951,0.1909890584429357,0.013594601172934167,135.66733762618924,10.189852525827504,0.006432260875606651
2.495,2.7177357229488797,757.9492850279374,0.19103931765389434,0.013558685393682398,135.70327634821498,10.174262136375713,0.006431596474929401
2.5,2.7175656409629814,757.9486409714046,0.1910894625591912,0.013522851786586047,135.73912868485766,10.158691367993125,0.00643090932170223
2.505,2.7173866826009268,757.9479898608832,0.1911394937033146,0.013487099959158833,135.77489738408153,10.143140110536121,0.006430199505849665
2.5100000000000002,2.7171988590894647,757.947331715036,0.19118941162152517,0.013451429525316423,135.81058959696884,10.127608255721391,0.006429467116583225
2.515,2.7170021828909325,757.9466665541077,0.19123921683210063,0.013415840112388066,135.84619001806863,10.112095699941404,0.006428712241181242
2.52,2.7167966650239315,757.945994396483,0.19128890987277883,0.013380331332828004,135.8816997849897,10.096602334594632,0.006427934968996628
2.525,2.7165823164595286,757.9453152604847,0.19133849128193461,0.013344902798608428,135.91712048216834,10.081128050919656,0.006427135389448824
2.5300000000000002,2.716359155393188,757.94462917592,0.1913879618568166,0.013309553934211172,135.95247100955336,10.065672688092862,0.006426313636686799
2.535,2.716127188818881,757.9439361538364,0.19143732183756973,0.013274284565715933,135.9877672450319,10.050236197975748,0.0064254697524314345
2.54,2.715886433473179,757.9432362211144,0.19148657188438703,0.013239094219869355,136.02296198104608,10.034818450312295,0.006424603848202526
2.545,2.715636905358521,757.9425294032599,0.19153571259199656,0.013203982466621276,136.05808241075408,10.019419325449654,0.006423716025940322
2.5500000000000003,2.71537861500688,757.9418157170975,0.19158474435829417,0.013168949018729004,136.09313780340193,10.004038743616409,0.006422806353620503
2.555,2.7151115672913675,757.9410951702293,0.19163366734737727,0.013133993758846243,136.1281108177597,9.988676673201567,0.00642187485951237
2.56,2.7148357929574756,757.9403678113424,0.19168248267389182,0.013099115884922732,136.16297779664473,9.97333289375683,0.006420921734591276
2.565,2.7145512796506357,757.9396336208255,0.19173118988360358,0.01306431572355133,136.19775312375626,9.958007495040722,0.006419946901217302
2.57,2.714258076178287,757.938892675146,0.19177979063584477,0.013029592076328903,136.23248407383372,9.942700147535035,0.00641895064691097
2.575,2.713956162716683,757.9381449432458,0.19182828425665707,0.012994945430001736,136.26715144565568,9.927410985077673,0.006417932854892254
2.58,2.7136455801639983,757.9373904885812,0.1918766720763911,0.012960374826949547,136.30173251837314,9.912139747660186,0.006416893756758974
2.585,2.713326327618055,757.9366293097523,0.19192495406570043,0.01292588028829664,136.33622779318927,9.896886441018141,0.006415833347402274
2.59,2.7129984255449053,757.9358614381027,0.1919731308057891,0.012891461395140493,136.3706366343191,9.8816509479042,0.006414751729317388
2.595,2.7126618991786247,757.9350869124047,0.19202120303931944,0.01285711761239722,136.40495494912633,9.86643311979015,0.006413649033008506
2.6,2.7123167380272504,757.9343057164613,0.19206917045827265,0.012822849161762405,136.43918879097512,9.85123301980207,0.006412525204614006
2.605,2.7119629722613654,757.9335178961722,0.19211703395032156,0.012788655402440181,136.47335655316903,9.836050478735872,0.006411380401676616
2.61,2.7116006223086004,757.932723482453,0.1921647940571835,0.012754535944671684,136.50744435728953,9.8208853867788,0.006410214720569021
2.615,2.711229752203751,757.9319225712768,0.19221245241124627,0.012720489611007395,136.54146565918577,9.805737423646942,0.006409028454835336
2.62,2.7108503285489016,757.9311151125667,0.19226000815906258,0.012686517016994569,136.57541431695913,9.790606756940736,0.006407821451076615
2.625,2.7104623511369117,757.9303011060118,0.19230746129533915,0.012652618166450955,136.60929029251625,9.775493387699676,0.006406593708341447
2.63,2.7100658552587404,757.929480604082,0.1923548127355119,0.012618792400111203,136.64308130345762,9.760397144816025,0.006405345392579336
2.6350000000000002,2.7096608610571153,757.9286536365921,0.19240206295020543,0.012585039378187704,136.67679689097133,9.745317934545318,0.006404076589535687
2.64,2.7092474098208474,757.9278202642591,0.1924492128709269,0.012551358428967228,136.7104397276282,9.73025557449377,0.0064027874698950665
2.645,2.708825526748886,757.9269805240019,0.19249626305737688,0.012517749149220221,136.7440041938936,9.715209956667888,0.006401478136547194
2.65,2.708395189529603,757.9261343830871,0.1925432130106501,0.012484211898486478,136.77749316588745,9.70018117777498,0.0064001484978908835
2.6550000000000002,2.7079565096714955,757.925282002978,0.1925900651292185,0.012450744947386197,136.81090747870982,9.685168788622885,0.006398799002174835
2.66,2.707509501099269,757.9244234038373,0.192636819712593,0.01241734807996182,136.84424723664443,9.670172733118408,0.006397429705374434
2.665,2.707054102451184,757.9235584968139,0.1926834754409243,0.012384022247869546,136.87751198014612,9.65519325844641,0.006396040360823991
2.67,2.706590313727239,757.922687281908,0.1927300323142124,0.012350767451109378,136.91070170921486,9.640230364606888,0.006394630968523506
2.6750000000000003,2.706118134927435,757.9218097591194,0.1927764903324573,0.012317583689681314,136.94381642385068,9.625284051599841,0.006393201528472981
2.68,2.705637590281639,757.9209259632129,0.19282284996484086,0.01228447062461985,136.97686859463448,9.610354225541169,0.006391752129143076
2.685,2.7051487433795107,757.9200359853979,0.19286911244301963,0.012251427366355854,137.00988605699175,9.595440641425153,0.006390283002853013
2.69,2.7046516243558294,757.9191398684882,0.19291527835523592,0.012218453493656491,137.04281225213637,9.58054320291481,0.0063887942616065105
2.695,2.704146269748829,757.9182376640243,0.1929613483478708,0.012185548538785156,137.07567726214054,9.565661786469699,0.006387286030379557
2.7,2.7036326810460123,757.9173293741084,0.19300732244768146,0.012152712482406151,137.10848183477248,9.550796387050994,0.006385758314328424
2.705,2.7031109282605383,757.9164150966988,0.19305320186422106,0.012119944452825535,137.141213080654,9.535946784159467,0.006384211349866811
2.71,2.7025809981213067,757.915494813211,0.19309898636739062,0.012087244615910694,137.17387264576183,9.52111301986739,0.006382645092078037
2.715,2.702042877074862,757.9145685046655,0.19314467572219554,0.01205461314105801,137.20646221109232,9.50629513714217,0.006381059495089772
2.72,2.701496606807965,757.9136362290816,0.19319027060392713,0.012022049542143939,137.23896383686986,9.491493009473949,0.006379454691203954
2.725,2.7009422207960103,757.9126980328907,0.19323577154965135,0.011989553431337828,137.2713860196434,9.476706537964866,0.006377830786673988
2.73,2.700379756128832,757.9117539671938,0.19328117913293238,0.011957124394028375,137.3037453133797,9.461935618452326,0.006376187896328368
2.735,2.699809250465434,757.910804083717,0.19332649391769835,0.01192476202418433,137.33602701361366,9.44718014736584,0.006374526133002329
2.74,2.6992306926840897,757.9098483670371,0.19337171573028986,0.011892466446787734,137.36823638537237,9.432440157346017,0.0063728454626050144
2.745,2.698644226955885,757.9088870135585,0.19341684667097123,0.011860236146305674,137.40037885201048,9.41771527428762,0.006371146313927429
2.75,2.698049762947813,757.9079199002203,0.19346188542378379,0.011828072072322768,137.4324510154268,9.403005732593067,0.006369428418302796
2.755,2.697447300659874,757.9069470270227,0.19350683198872753,0.011795974224839018,137.46445287562136,9.388311532262358,0.0063676917757311165
2.7600000000000002,2.6968368466393007,757.9059684028232,0.19355168645393647,0.011763942540139424,137.49638684175778,9.373632657014964,0.006365936404325335
2.765,2.696218488776854,757.9049841465265,0.1935964500025309,0.01173197616290704,137.5282852547083,9.358968888299284,0.0063641625472355984
2.77,2.695592232271814,757.9039942649441,0.1936411227019192,0.011700075045907565,137.56012081019878,9.344320218173431,0.006362370219205139
2.775,2.694958113746393,757.9029988073263,0.19368570504166036,0.011668238837208482,137.59186823658246,9.329686562184943,0.006360559522026089
2.7800000000000002,2.694316173149706,757.9019978269337,0.19373019751623108,0.011636467177932663,137.62356631565544,9.315067831296465,0.006358730560761511
2.785,2.6936664321610104,757.9009913525106,0.19377460038400424,0.011604759882328642,137.6552012718093,9.300463980399476,0.00635688339033041
2.79,2.6930089505166896,757.8999794633561,0.19381891436355603,0.011573116433202446,137.68674622620256,9.285874883632703,0.006355018163317525
2.795,2.6923436935589846,757.8989621134504,0.19386313903713823,0.011541537131302062,137.71821536182532,9.2713006142177,0.006353134791036282
2.8000000000000003,2.6916707422858948,757.897939409524,0.1939072753552594,0.01151002128966273,137.7496252794097,9.256741010181026,0.006351233480615941
2.805,2.690990098907696,757.8969113544897,0.19395132334385703,0.011478568889538542,137.78097643195701,9.242196067102746,0.006349314237708646
2.81,2.6903017619232035,757.8958779462265,0.19399528296983803,0.011447179954915529,137.81226679616526,9.227665789671581,0.006347377055150469
2.815,2.6896058430310923,757.894839330991,0.194039155443344,0.011415853611628808,137.84350810900736,9.213149965489542,0.006345422196957426
2.82,2.6889022878764255,757.8937954376116,0.19408294017549443,0.0113845902850655,137.8746946590241,9.198648697913983,0.006343449534653741
2.825,2.688191123789725,757.8927463016415,0.19412663746851339,0.01135338975759345,137.9058153553878,9.184161938685419,0.006341459136270836
2.83,2.6874724044443163,757.8916919928371,0.194170247898484,0.01132225161373074,137.9368615234416,9.169689592731375,0.00633945113100684
2.835,2.686746188138234,757.8906325865113,0.1942137720331949,0.011291175442904778,137.96784493689196,9.155231560215444,0.006337425645932395
2.84,2.686012522510955,757.8895681440047,0.19425721033526497,0.011260160911487405,137.99875744126592,9.14078776324829,0.006335382785698709
2.845,2.685271374348149,757.8884986225128,0.19430056248083924,0.011229208253141682,138.02960259068072,9.126358256729043,0.00633332247720227
2.85,2.6845227826943256,757.8874240720558,0.19434382885103957,0.011198317192131456,138.06038945223503,9.111942979795701,0.006331244809375484
2.855,2.6837667909046283,757.8863445481053,0.19438700985702279,0.011167487431523623,138.09111774805518,9.097541865068449,0.006329149877518707
2.86,2.683003458774693,757.8852601267646,0.19443010603173597,0.011136718586739088,138.12178079312687,9.083154823352913,0.0063270378053584585
2.865,2.682232853947342,757.8841708938529,0.1944731179685875,0.011106010228679306,138.15238742121454,9.068781757282938,0.006324908732344185
2.87,2.681454927911562,757.8830767877782,0.19451604523989494,0.011075362666496065,138.1829332388881,9.05442273723787,0.006322762558199813
2.875,2.6806697625097504,757.8819779115234,0.194558888544135,0.01104477539545835,138.21341914890573,9.040077655162003,0.006320599453045694
2.88,2.679877540646655,757.8808744952387,0.194601649442292,0.011014247287572585,138.24384716878816,9.025746269568028,0.006318419797073773
2.8850000000000002,2.6790781020659216,757.8797663372721,0.19464432656667235,0.010983779331157226,138.27421553083653,9.011428792040807,0.006316223257169816
2.89,2.6782714467675506,757.8786534376242,0.194686919917276,0.010953371526212275,138.30452423505076,8.997125222580344,0.006314009833333823
2.895,2.677457574751541,757.8775357962946,0.19472942949410296,0.01092302387273773,138.33477328143087,8.982835561186635,0.006311779525565793
2.9,2.6766365064888116,757.8764134388914,0.19477185545907594,0.010892736254059754,138.36495646619545,8.968559781096046,0.006309532373085877
2.9050000000000002,2.675808352965695,757.8752865042519,0.19481419869008437,0.010862508037612599,138.39504015455816,8.954297737205266,0.006307268588532341
2.91,2.6749731624868995,757.8741550523008,0.1948564595608112,0.010832338950381134,138.42507956265013,8.940049378636038,0.006304988267907794
2.915,2.6741309872570374,757.8730191475972,0.19489863845673464,0.010802228714847208,138.45505322695865,8.925814646380175,0.006302691508289716
2.92,2.673281841960504,757.8718788083072,0.19494073548667387,0.010772177252611589,138.4849561830004,8.911593523839274,0.006300378337086762
2.9250000000000003,2.6724258213638956,757.8707341507388,0.19498275132179088,0.010742184077684715,138.5148014539495,8.89738591415405,0.00629804893032672
2.93,2.6715629236576137,757.8695851726686,0.195024685949189,0.010712249199399245,138.54458889287676,8.883191819199471,0.006295703284645228
2.935,2.6706931193157457,757.8684318378206,0.1950665391584429,0.010682372770029288,138.57431610244626,8.869011269567979,0.006293341345148437
2.94,2.669816454479091,757.8672742026178,0.1951083112601964,0.010652554564188762,138.60399774512751,8.854844218532161,0.006290963193051924
2.945,2.66893299314811,757.866112345241,0.1951500026846912,0.010622794270510818,138.63363856005728,8.840690602601475,0.006288568941360418
2.95,2.6680427825607054,757.8649463230995,0.19519161374323535,0.010593091665290115,138.66321040484556,8.826550378796606,0.006286158673548692
2.955,2.6671458963058625,757.8637762253126,0.1952331448984448,0.010563446412757208,138.69273501982204,8.812423480665496,0.006283732514884474
2.96,2.6662422989890198,757.8626020089845,0.19527459592603255,0.010533858675499443,138.72220566586995,8.79830994032267,0.006281290404779152
2.965,2.665332189115407,757.8614239131301,0.19531596804252466,0.010504327573475233,138.75161761252733,8.784209594552486,0.0062788326834008566
2.97,2.664415467861922,757.8602418187592,0.1953572606422903,0.010474853544801191,138.78097321478967,8.770122524609613,0.006276359181401557
2.975,2.66349212634773,757.8590557151786,0.1953984736709039,0.010445436628849104,138.81027268429096,8.756048737796078,0.006273869883562627
2.98,2.662562188744415,757.8578656313556,0.19543960726863724,0.010416076724430241,138.83951000952402,8.741988214582012,0.006271364828887679
2.985,2.661625759086295,757.8566716919659,0.19548066203921902,0.010386773396029097,138.86865931700748,8.727940870910983,0.0062688441852479645
2.99,2.660682866497911,757.8554739315487,0.1955216381416764,0.010357526526588941,138.89775672593572,8.713906688195353,0.006266308001066585
2.995,2.6597335454148667,757.8542723911085,0.19556253576822813,0.010328335976545868,138.92681010809125,8.699885641741801,0.006263756332234818
3.0,2.6587778551809964,757.8530671410664,0.19560335524158673,0.010299201513927483,138.95578747783605,8.685877690040156,0.006261189272501564
3.005,2.6578158597591934,757.8518582568515,0.1956440968877743,0.010270122901057742,138.98471902230762,8.67188279169116,0.00625860691946539
3.0100000000000002,2.656847583046762,757.85064576669,0.19568476083061198,0.010241100047920584,139.01361149766927,8.657900930924141,0.006256009309933882
3.015,2.65587299732532,757.8494296378268,0.19572534692616492,0.010212133059199616,139.04245610212485,8.643932126209716,0.006253396401264867
3.02,2.6548922663053482,757.8482100625478,0.19576585600101168,0.010183221337094121,139.0712327537078,8.629976281766256,0.006250768449103425
3.025,2.653905315553706,757.8469869534276,0.19580628767933733,0.010154365153402121,139.09995058295044,8.616033441142148,0.006248125337217131
3.0300000000000002,2.652912248631947,757.8457604313652,0.19584664244746863,0.01012556415597216,139.12860608823397,8.602103544901572,0.006245467214955164
3.035,2.6519132153022977,757.8445306711947,0.19588692100869132,0.010096817835551695,139.1571942058042,8.588186507093326,0.0062427942982940555
3.04,2.6509080869252997,757.8432975227408,0.1959271227589125,0.01006812662956726,139.1857192852131,8.57428240154588,0.006240106401719041
3.045,2.649896863500954,757.8420609860038,0.19596724769813217,0.010039490538018852,139.2141813264607,8.560391228259235,0.006237403525230121
3.0500000000000003,2.648879571413076,757.8408210915335,0.19600729595067834,0.010010909470224018,139.24258881238848,8.546512978168963,0.006234685713645774
3.055,2.6478563059120477,757.8395779496691,0.1960472679563452,0.00998238310628185,139.27095794375606,8.532647612519948,0.00623195311900206
3.06,2.646827159630385,757.8383316675657,0.19608716410483681,0.00995391116485817,139.299270587925,8.518795077561181,0.006229205857497816
3.065,2.645792185936996,757.8370823066653,0.19612698461787104,0.009925493484765754,139.32753510641757,8.504955348537516,0.006226444001209787
3.0700000000000003,2.6447513924645345,757.8358298753993,0.19616672952009093,0.00989713004817416,139.35574843785926,8.491128426259433,0.00622366756265445
3.075,2.643705023579831,757.8345746532696,0.1962063997899997,0.00986882014501494,139.38391067918067,8.477314218725104,0.00622087688251585
3.08,2.642652907506568,757.8333164438017,0.1962459947397639,0.009840564274426799,139.41202176224493,8.463512790606705,0.006218071721312013
3.085,2.6415950442447453,757.8320552469958,0.19628551436938355,0.009812362436409738,139.4400816870521,8.449724141904241,0.006215252079042941
3.09,2.640531433794363,757.8307910628519,0.1963249586788586,0.009784214630963756,139.46809045360212,8.435948272617706,0.006212417955708633
3.095,2.639462159594697,757.829523986388,0.19636432798799303,0.009756120627314019,139.49602363584833,8.422185150570224,0.006209569461207417
3.1,2.6383873115056904,757.8282541197408,0.1964036226352584,0.00972808017935334,139.52388941068776,8.408434744327083,0.006206706715345905
3.105,2.637306962370237,757.8269815452325,0.1964428428820354,0.009700093096256612,139.55170655879834,8.394697032919407,0.006203829814929263
3.11,2.636221149228398,757.8257063046551,0.19648198885989057,0.009672159283227087,139.57946075131167,8.380972005147964,0.006200938807763944
3.115,2.6351299671457995,757.8244285046021,0.19652106088539667,0.009644278509200764,139.60717144095403,8.367259636882457,0.006198033814771308
3.12,2.634033462530967,757.8231481971845,0.19656005911538707,0.009616450659919947,139.63484447301803,8.353559915893026,0.006195114895273086
3.125,2.632931572240539,757.8218653115,0.19659898333647455,0.009588675890843472,139.66247189440844,8.339872858819602,0.006192181968556232
3.13,2.631824339567216,757.820579895856,0.19663783368781676,0.009560954100851525,139.69005174947057,8.326198457656657,0.006189235091194936
3.1350000000000002,2.630711985061019,757.8192921963496,0.1966766108783376,0.009533284774800086,139.71757407533119,8.312536671620887,0.006186274551400349
3.14,2.629594373593276,757.8180020621998,0.1967153144736869,0.009505668228312473,139.74504497613773,8.298887525699792,0.006183300172588538
3.145,2.628471505163985,757.8167094934064,0.1967539444738646,0.00947810446138868,139.77246445189016,8.285251019893373,0.006180311954759503
3.15,2.6273436254310116,757.8154147625114,0.19679250162243142,0.009450592933567637,139.79982444763243,8.271627108873382,0.00617731019931136
3.1550000000000002,2.6262106866629678,757.8141178165598,0.19683098577491331,0.009423133749861068,139.82712652844458,8.25801580144711,0.006174294847682376
3.16,2.6250726393325414,757.8128186006041,0.19686939678140028,0.00939572701923184,139.85437231829383,8.244417106753225,0.006171265839107394
3.165,2.6239296013876294,757.8115172446261,0.19690773497710415,0.009368372498064458,139.88155567847204,8.230831005650172,0.006168223312204644
3.17,2.622781746817396,757.8102139403658,0.19694600085650782,0.009341069826992981,139.9086675535511,8.217257469901545,0.0061651674714548335
3.1750000000000003,2.6216289418148255,757.8089085403648,0.19698419403932738,0.009313819282389125,139.93571490764177,8.203696521222655,0.00616209815960131
3.18,2.6204711863799184,757.8076010446231,0.19702231452556282,0.009286620864252892,139.96269774074403,8.190148159613502,0.006159015376644076
3.185,2.6193085786647994,757.8062915605263,0.19706036257260476,0.009259474383032536,139.98964833901235,8.17661238439838,0.006155919249962211
3.19,2.618141184103623,757.8049801596197,0.19709833835265717,0.009232379713497215,140.0165614163958,8.163089190236029,0.006152809857512438
3.1950000000000003,2.6169690762587523,757.803666922245,0.19713624205844144,0.009205336716712892,140.04341088144352,8.14957856661572,0.006149687279985017
3.2,2.6157923072988,757.8023519050269,0.19717407381514984,0.009178345299503224,140.07023291842208,8.136080509687286,0.0061465515756191
3.205,2.6146109238674495,757.8010351583562,0.19721183373330625,0.00915140538319852,140.09698965675503,8.122595018196362,0.006143402796988043
3.21,2.6134249781755337,757.79971673885,0.19724952193972461,0.009124516875891357,140.1236703351995,8.109122088799985,0.006140241002553958
3.215,2.6122345344050526,757.7983967158949,0.19728713858181254,0.009097679667594229,140.15032125520273,8.09566171849671,0.0061370662638583155
3.22,2.611039626720715,757.7970751259809,0.19732468372911857,0.009070893707347025,140.17694376552268,8.08221390923918,0.006133878619133408
3.225,2.609840315192068,757.7957520334794,0.19736215751112612,0.009044158901961466,140.20351010358038,8.068778662792804,0.006130678135486833
3.23,2.6086366259833995,757.7944274663952,0.19739955998177103,0.00901747521104093,140.2300386423129,8.055355979705675,0.006127464841745651
3.235,2.607428703160957,757.793101578587,0.19743689143929705,0.008990842418588212,140.25648982591605,8.041945864948643,0.006124238895198685
3.24,2.606216474755917,757.7917742931759,0.19747415173457844,0.008964260632813399,140.2828794173785,8.028548316111696,0.006121000217176868
3.245,2.6050000040160866,757.7904456774112,0.1975113409893047,0.008937729764225353,140.30921396998266,8.015163338702008,0.0061177488782619745
3.25,2.6037794093503366,757.7891158571936,0.19754845943129587,0.008911249645283946,140.33550575240363,8.001790943029784,0.006114485010593098
3.255,2.6025546203296988,757.7877847576381,0.1975855069250458,0.008884820375641157,140.36174746729847,7.98843112296257,0.006111208535574605
3.2600000000000002,2.6013257944022974,757.7864525454701,0.19762248376624703,0.008858441738186774,140.38795185708045,7.975083887295639,0.006107919617481213
3.265,2.600092945576529,757.7851192355233,0.19765938998120774,0.008832113713604177,140.41412005546127,7.961749236811524,0.006104618270928688
3.27,2.598856034928278,757.7837847865627,0.19769622549626362,0.008805836356038967,140.44024741807598,7.948427169757502,0.0061013044556483586
3.275,2.5976151577430535,757.782449299008,0.1977329904751927,0.008779609546730035,140.46630297445358,7.935117702574572,0.006097978279970541
3.2800000000000002,2.596370388504492,757.7811128512141,0.1977696850484718,0.00875343318885614,140.49231098254504,7.921820839652661,0.006094639817787841
3.285,2.5951218468063653,757.7797755684978,0.19780630941648292,0.008727307136094856,140.51825884034992,7.908536593383788,0.006091289190151236
3.29,2.5938694834289726,757.7784373992798,0.1978428634966802,0.008701231448742701,140.54415131768357,7.895264958709173,0.0060879263472559415
3.295,2.59261355807655,757.7770986140819,0.19787934768028304,0.008675205838748909,140.56999021551425,7.882005980665564,0.006084551560456648
3.3000000000000003,2.5913539924528513,757.7757591313465,0.19791576184934567,0.008649230392955698,140.59577499088175,7.868759645675175,0.006081164747944702
3.305,2.590090735302342,757.7744188976832,0.19795210592665657,0.008623305168213117,140.62150528834488,7.855525944849502,0.006077765856165222
3.31,2.588823786625022,757.7730779130919,0.19798837991221577,0.00859743016452116,140.64718110790366,7.842304878188544,0.0060743548851182085
3.315,2.5875532176695866,757.7717362514996,0.19802458391027733,0.008571605304118431,140.67282297120516,7.829096456571286,0.0060709319053838156
3.3200000000000003,2.5862791471586077,757.7703940359837,0.19806071809297904,0.008545830460164288,140.6984336408947,7.8159006996677,0.006067497035740999
3.325,2.5850016596028964,757.7690513537198,0.19809678257489025,0.00852010554945083,140.7239880849621,7.802717624529483,0.006064050361474059
3.33,2.583720796542412,757.7677082474653,0.19813277741013402,0.008494430531286904,140.74950075350344,7.789547239149739,0.006060591923361301
3.335,2.5824366855874095,757.7663648479521,0.19816870275793144,0.008468805289078283,140.77495176278407,7.77638957107121,0.006057121845844453
3.34,2.5811493504142993,757.765021179459,0.19820455864812983,0.008443229800905942,140.80033869178365,7.763244625314131,0.006053640152068558
3.345,2.5798587306185583,757.7636771800449,0.19824034500458113,0.00841770412269086,140.82566771713854,7.750112389070607,0.00605014678298474
3.35,2.578564904806238,757.7623329298426,0.19827606191309263,0.008392228190520027,140.85094203509706,7.736992884308371,0.006046641817977074
3.355,2.577268080142223,757.7609886400402,0.19831170959980815,0.008366801835951796,140.87617006931623,7.723886168922996,0.006043125466260915
3.36,2.5759681181627934,757.759644169485,0.19834728791357892,0.00834142517156826,140.90134618963876,7.710792204218556,0.006039597588002062
3.365,2.5746650188679485,757.7582995181768,0.198382796854405,0.00831609819736942,140.9264703960646,7.697710990195054,0.006036058183200512
3.37,2.5733591192954175,757.7569550279163,0.198418236782074,0.008290820645802076,140.95155313984807,7.684642613112671,0.00603250757348453
3.375,2.5720502713347595,757.7556105485,0.19845360753847807,0.008265592634441855,140.97658982820988,7.671587035064573,0.006028945617515327
3.38,2.570738455159003,757.7542660598209,0.19848890910245198,0.008240414179028153,141.00157984633248,7.658544250976318,0.006025372296372428
3.3850000000000002,2.5694238697289706,757.7529217624087,0.19852414167369506,0.008215285130670798,141.0265333180838,7.645514312402149,0.006021787793363847
3.39,2.56810660910758,757.7515777510682,0.1985593053466193,0.008190205418978838,141.05145502973554,7.632497243715421,0.006018192195152306
3.395,2.566786559359515,757.7502339109657,0.19859440000686657,0.008165175129214525,141.0763391838343,7.619493015393491,0.006014585396766102
3.4,2.565463731640181,757.7488902532727,0.19862942566264702,0.00814019425533917,141.10118241982227,7.606501631885602,0.006010967409741525
3.4050000000000002,2.564138243112642,757.7475468953231,0.1986643824001908,0.008115262733929606,141.12594944241073,7.593523139921276,0.006007338355241994
3.41,2.5628101703769124,757.7462039137189,0.19869927028834455,0.008090380512443884,141.15066404168658,7.580557560617128,0.006003698301438366
3.415,2.56147958509995,757.7448613799371,0.19873408939040227,0.008065547543674827,141.1753266766381,7.567604913880067,0.006000047311642702
3.42,2.560146545136757,757.7435193514649,0.1987688397553638,0.008040763792483639,141.19990945984193,7.55466521655941,0.005996385437130634
3.4250000000000003,2.558811114457298,757.7421778918978,0.1988035214320448,0.008016029220766892,141.22444000955676,7.541738489117296,0.005992712736038064
3.43,2.5574733413102955,757.7408370487641,0.19883813444933496,0.007991343804477994,141.2489581792854,7.528824748694533,0.005989029251822019
3.435,2.5561332853955525,757.7394968812168,0.19887267885269577,0.007966707510219415,141.27344985065622,7.515924014889296,0.005985335038365128
3.44,2.5547909951862455,757.7381574368112,0.19890715467247633,0.007942120316586157,141.29788416950637,7.503036305953538,0.005981630139414159
3.4450000000000003,2.553446525805866,757.7368187698688,0.19894156194487544,0.007917582196086249,141.32226319515863,7.490161641446391,0.005977914604822727
3.45,2.552099927898921,757.7354809298668,0.1989759006971121,0.007893093128571126,141.3465736940714,7.477300041496696,0.005974188480559477
3.455,2.550751254820218,757.734143969253,0.19901017096230883,0.007868653088793611,141.37081790061788,7.464451525529035,0.005970451814697916
3.46,2.549400559577534,757.7328079396822,0.19904437276569487,0.007844262056051054,141.3950196206665,7.451616114520491,0.005966704654575222
3.465,2.5480478956300803,757.7314728931888,0.199078506134376,0.007819920009925277,141.41917135403142,7.438793829690785,0.005962947047834611
3.47,2.5466933166518486,757.7301388819484,0.1991125710934856,0.007795626930297216,141.44328685399708,7.425984692468665,0.005959179042144033
3.475,2.5453368928531646,757.7288059742233,0.1991465676781845,0.007771382790811052,141.467353642727,7.413188730800324,0.005955400699774324
3.48,2.5439786678532625,757.7274742122386,0.19918049590887,0.007747187576415272,141.49135872743207,7.4004059624034175,0.005951612058972382
3.485,2.542618695939707,757.7261436484333,0.19921435580578487,0.007723041269874105,141.5153274636175,7.387636410172137,0.005947813167768721
3.49,2.5412571076806745,757.7248144086606,0.1992481474244481,0.007698943829293662,141.53923708453218,7.374880127891675,0.0059440041392529825
3.495,2.5398938690865593,757.7234864601496,0.19928187075049983,0.007674895265594195,141.56309200085798,7.362137101542275,0.0059401849439308
3.5,2.5385290012271375,757.7221598230586,0.19931552578941916,0.00765089557395475,141.58689889538067,7.349407340759961,0.005936355600421756
3.505,2.53716268695033,757.7208346729062,0.1993491126014895,0.0076269447052882446,141.61068072288396,7.33669092565066,0.005932516269058911
3.5100000000000002,2.535794832593216,757.719510919784,0.19938263115583096,0.007603042684739287,141.63442572489626,7.323987815180515,0.005928666867712467
3.515,2.5344255547279024,757.7181886750783,0.1994160814826583,0.007579189488137792,141.65812420895955,7.311298064308675,0.005924807500031216
3.52,2.5330549391766817,757.7168680207936,0.1994494636042161,0.007555385097689346,141.6817690393276,7.298621713496961,0.005920938242323092
3.525,2.5316829179778217,757.7155488919916,0.19948277750288912,0.007531629527485148,141.70536586671963,7.285958730704098,0.005917059034160678
3.5300000000000002,2.5303097217681034,757.7142315080965,0.19951602325546813,0.007507922718041267,141.72889251561182,7.273309214096297,0.0059131700673815775
3.535,2.52893529109733,757.7129158125487,0.19954920084215913,0.00748426468469061,141.7523547020883,7.260673138369701,0.005909271292536682
3.54,2.527559646144849,757.7116018242959,0.19958231026115997,0.007460655427853243,141.77575845119452,7.24805051523102,0.005905362728643236
3.545,2.5261829849624933,757.710289730612,0.19961535153924226,0.007437094922304943,141.79912133616494,7.235441443309356,0.005901444550698608
3.5500000000000003,2.524805205260147,757.7089794347734,0.199648324662579,0.007413583181073554,141.82243428074827,7.222845871664598,0.005897516668319885
3.555,2.5234264410386813,757.7076710629151,0.19968122966159438,0.007390120178284506,141.84571341229127,7.210263860492236,0.005893579191411774
3.56,2.5220467837737086,757.706364701143,0.19971406655705745,0.007366705896274534,141.868969740117,7.197695450884683,0.005889632195000648
3.565,2.5206661587644703,757.7050602791413,0.1997468353320078,0.007343340349467801,141.8921942737988,7.185140609285075,0.005885675617818516
3.5700000000000003,2.519284787162122,757.7037580038178,0.19977953599931278,0.007320023524209557,141.91536400981104,7.1725994508400435,0.005881709652850348
3.575,2.5179026073603654,757.7024578175342,0.19981216855538794,0.007296755424303621,141.93848535626879,7.160071943473079,0.00587773424633613
3.58,2.5165196494181057,757.7011597482001,0.19984473300715347,0.007273536044366704,141.96155346718726,7.14755810041017,0.00587374942139415
3.585,2.5151361257525298,757.6998639936412,0.1998772293890655,0.007250365356211052,141.9845389007875,7.135058021889453,0.005869755350089103
3.59,2.51375192572258,757.6985704508168,0.19990965768317695,0.00722724337451873,142.00745699231425,7.122571655700212,0.005865751942798205
3.595,2.512367177087767,757.6972792379403,0.1999420178841634,0.00720417009906246,142.0303233230015,7.11009907100616,0.005861739309759584
3.6,2.510981960495302,757.6959904296331,0.19997430998866383,0.007181145529698776,142.0531477283838,7.097640311466361,0.005857717520560215
3.605,2.509596207859969,757.6947039628973,0.2000065339995157,0.007158169666548797,142.07592190495646,7.085195340222295,0.005853686516452322
3.61,2.5082101570808866,757.6934200568019,0.20003868992274187,0.007135242498746886,142.09866186836277,7.072764278775392,0.005849646492302228
3.615,2.506823737060343,757.6921386458765,0.20007077775654242,0.007112364029540306,142.1213628322227,7.060347090814152,0.005845597389872852
3.62,2.505437018737455,757.6908597949077,0.20010279750291746,0.00708953425599378,142.14402200512365,7.047943812192706,0.005841539265477008
3.625,2.504050308111634,757.6895837838388,0.20013474917031096,0.007066753165171421,142.1666341596608,7.035554597908513,0.005837472363638472
3.63,2.5026633864431282,757.6883104125557,0.20016663275268687,0.007044020766320281,142.18920303257732,7.023179337163628,0.0058333965095625625
3.6350000000000002,2.501276253731938,757.6870396810585,0.2001984482500452,0.007021337059440357,142.2117286238733,7.0108180299580525,0.005829311703249278
3.64,2.4998890070749127,757.685771677456,0.200230195650808,0.0069987020506130935,142.23420816196762,6.998470730099046,0.0058252180257110635
3.645,2.4985019982522463,757.684506720965,0.2002618749130286,0.00697611576187145,142.25663160546995,6.98613763252938,0.005821115770454594
3.65,2.4971149780837267,757.6832445854712,0.20029348606641953,0.006953578177608585,142.27900606710529,6.973818599163165,0.0058170047295771615
3.6550000000000002,2.495727946569353,757.6819852709747,0.20032502911098082,0.006931089297824496,142.30133154687357,6.961513630000399,0.005812884903078763
3.66,2.4943409992011225,757.6807288634585,0.200356504026656,0.006908649134522971,142.32360834327488,6.949222782464311,0.005808756372037011
3.665,2.492954503649968,757.6794756939819,0.20038791073622222,0.006886257733921941,142.34583760561787,6.936946277650405,0.005804619448623423
3.67,2.491568201776223,757.6782255301101,0.20041924929389723,0.00686391506357206,142.36801852697948,6.924683960328786,0.005800473913664154
3.6750000000000003,2.4901820935798873,757.6769783718431,0.200450519699681,0.0068416211234733244,142.39015110735969,6.912435830499455,0.005796319767159207
3.68,2.4887962782826656,757.6757343078762,0.20048172194162106,0.0068193759198828625,142.4122356104073,6.900201942799395,0.005792157088093604
3.685,2.4874111624267283,757.6744937016213,0.20051285597074436,0.006797179478438051,142.4342731163732,6.887982521093307,0.005787986200093547
3.69,2.486026463024851,757.6732563001135,0.2005439218211402,0.006775031781293138,142.45626287331274,6.875777409552707,0.005783806877888235
3.6950000000000003,2.484642180077034,757.6720221033527,0.2005749194928086,0.006752932828448121,142.47820488122593,6.863586608177592,0.005779619121477668
3.7,2.483258411044428,757.6707911977131,0.20060584897465747,0.006730882625564674,142.5001009596051,6.851410170625845,0.005775423006412619
3.705,2.4818755815170523,757.6695639603697,0.2006367102182505,0.006708881197365983,142.52195905374697,6.839248331208865,0.005771218862605611
3.71,2.480493397712641,757.6683401309608,0.200667503257023,0.006686928526785778,142.5437736790603,6.827100928182884,0.005767006462319986
3.715,2.479111859631194,757.6671197094864,0.20069822809097498,0.00666502461382406,142.56554483554513,6.8149679615479,0.005762785805555743
3.72,2.4777309820767957,757.6659027089339,0.20072888470908942,0.006643169466106997,142.587269616818,6.802849442333595,0.005758556907215844
3.725,2.476350901681324,757.6646892491993,0.20075947302065164,0.0066213631460046015,142.6089263279213,6.790745469181102,0.005754319900530335
3.73,2.4749717396895585,757.6634794368297,0.2007899930437138,0.006599605637053286,142.63053775316706,6.778656100558154,0.005750074864802559
3.735,2.473593622444081,757.6622733821162,0.20082044476550232,0.00657789694624967,142.6520933000173,6.766581403088338,0.0057458218943908885
3.74,2.4722164904859842,757.6610710331277,0.20085082819119288,0.006556237070951499,142.6735968365139,6.754521345532113,0.005741560945191327
3.745,2.4708406891318537,757.6598726888751,0.2008811432178588,0.0065346260769277575,142.69504877655726,6.742476137791973,0.00573729229655575
3.75,2.469466055204934,757.6586782080631,0.20091138989413732,0.006513063933099806,142.71644892456183,6.730445680680072,0.005733015816478529
3.755,2.4680925550291355,757.6574875615313,0.20094156823006606,0.006491550633053698,142.73779724016313,6.718429953726224,0.005728731477716609
3.7600000000000002,2.466720188604457,757.6563007492798,0.20097167822564507,0.006470086176789431,142.75909372336113,6.706428956930427,0.005724439280269989
3.765,2.4653490281458854,757.6551178335294,0.20100171986353776,0.006448670574125566,142.78035736069953,6.694442734040554,0.00572013928008646
3.77,2.4639792094050796,757.6539389311428,0.2010316931095206,0.006427303846092738,142.80159692602507,6.6824713667724325,0.005715831583537368
3.775,2.4626108162776084,757.652764113917,0.2010615979377971,0.006405986011051714,142.82277863288778,6.670514904883527,0.005711516258605368
3.7800000000000002,2.461243912059951,757.6515934358682,0.20109143432905782,0.0063847170803018145,142.84392367575057,6.658573386841507,0.005707193355089749
3.785,2.4598785842593136,757.650426971178,0.20112120225807495,0.006363497071096564,142.8650109968973,6.646646866066483,0.005702862942228913
3.79,2.4585149072513532,757.6492647830247,0.20115090170312944,0.006342325997844538,142.88603117732868,6.634735387850971,0.005698525078860863
3.795,2.457152806852669,757.6481068083932,0.2011805326858842,0.006321203846174404,142.90699361169644,6.622838907019534,0.005694179706299686
3.8000000000000003,2.455792381147011,757.6469531300368,0.20121009516607988,0.006300130642394983,142.92790349684762,6.610957487666934,0.0056898269056772964
3.805,2.45443379474849,757.6458038868402,0.2012395890761491,0.006279106430660418,142.9487695546587,6.599091237363518,0.005685466813157504
3.81,2.453076931702975,757.6446589809732,0.2012690144636863,0.006258131179868545,142.96958564144242,6.587240080336766,0.005681099332826561
3.815,2.451721852316701,757.6435184630055,0.20129837130929248,0.006237204902474117,142.99035397859018,6.575404054071433,0.005676724512368357
3.8200000000000003,2.4503688158800387,757.6423825503657,0.20132765952956053,0.006216327652027114,143.01108411711093,6.563583319735531,0.005672342556802712
3.825,2.4490176682028317,757.6412511137572,0.20135687917408948,0.006195499396683395,143.03177037738158,6.551777781488551,0.005667953344212109
3.83,2.447668424295775,757.6401241656758,0.20138603023857365,0.006174720139172707,143.05241338558855,6.539987448566018,0.005663556886218416
3.835,2.4463214226458776,757.6390019878946,0.2014151126259202,0.0061539899410501305,143.07302726206007,6.5282125292264395,0.005659153444891497
3.84,2.4449764823601408,757.6378844298295,0.20144412638801712,0.006133308769419623,143.0936044606616,6.516452912173059,0.005654742880176927
3.845,2.443633603438565,757.6367714914803,0.20147307152486443,0.006112676624281182,143.11414498139314,6.504708597405876,0.005650325192074706
3.85,2.442292893823459,757.6356632620302,0.20150194798645538,0.006092093540252675,143.1346248159494,6.492979656769292,0.005645900472182521
3.855,2.440954417540221,757.6345597943479,0.20153075574429846,0.00607155953681362,143.15503403977192,6.481266132684319,0.005641468774252496
3.86,2.4396182494045355,757.63346114986,0.20155949477913968,0.006051074624077155,143.17541285710078,6.469568072403422,0.005637030154151548
3.865,2.438284454033767,757.6323673817063,0.20158816506771476,0.00603063881793455,143.1957492429425,6.457885517201362,0.005632584664049476
3.87,2.4369530869838196,757.6312785351441,0.2016167665982227,0.006010252127984869,143.2160002972042,6.446218499427978,0.005628132346539427
3.875,2.435624207142735,757.6301946582164,0.20164529934845665,0.005989914567054107,143.23620003639192,6.434567057070358,0.0056236732482465345
3.88,2.4342978661894246,757.6291157927747,0.20167376329804237,0.005969626146055687,143.2563967900389,6.422931223404196,0.005619207409887342
3.8850000000000002,2.4329741166909615,757.6280419813186,0.2017021584321927,0.005949386876919796,143.27654466519627,6.411311031864418,0.005614734873450499
3.89,2.4316530111075814,757.6269732662751,0.20173048473405808,0.0059291967713223925,143.29663018628696,6.399706515970496,0.0056102556806809185
3.895,2.430334600389244,757.6259096884462,0.20175874218444556,0.00590905584167644,143.31665794111575,6.388117709019366,0.005605769872833376
3.9,2.429018991510123,757.6248513335371,0.20178693074414528,0.005888964113535962,143.3366325758865,6.3765446808494275,0.005601277536372875
3.9050000000000002,2.4277062929400914,757.6237982880015,0.20181505037098513,0.005868921613714215,143.3565741609374,6.364987503092461,0.005596778759703728
3.91,2.4263964248663346,757.6227504882511,0.20184310109612819,0.005848928322435568,143.37646702343002,6.353446122995814,0.005592273477737861
3.915,2.425089387288852,757.6217079342857,0.20187108291957442,0.005828984239700017,143.3963111633644,6.341920540559484,0.005587761690475271
3.92,2.4237854342642446,757.6206708274576,0.20189899575095438,0.005809089425096859,143.41610230652424,6.330410921116359,0.005583243604052415
3.9250000000000003,2.4224845159681716,757.6196391282785,0.20192683960799082,0.0057892438669397295,143.435841291148,6.318917232242158,0.005578719178042818
3.93,2.421186577427311,757.6186127931794,0.20195461451023816,0.005769447552334571,143.45552904209987,6.307439438161793,0.005574188367842222
3.935,2.419891686321792,757.6175918753871,0.20198232043889436,0.005749700493487354,143.475163397342,6.295977582201004,0.005569651226587933
3.94,2.418600149984983,757.6165766166027,0.20200995730858037,0.0057300027458250195,143.49473453912705,6.284531861100637,0.005565107995574809
3.9450000000000003,2.4173117711120504,757.6155668616565,0.20203752517410864,0.005710354273764046,143.5142487703469,6.273102148555111,0.0055605585198940525
3.95,2.4160265497029947,757.6145626105485,0.20206502403547924,0.005690755077304435,143.53370609100162,6.2616884445644265,0.005556002799545667
3.955,2.4147445388794733,757.6135639046681,0.20209245386286873,0.0056712051759508116,143.55311856738064,6.250290785974789,0.005551440882492104
3.96,2.413465847990528,757.6125708291996,0.20211981459861916,0.005651704607476541,143.5725060929642,6.238909248251122,0.005546872866083928
3.9650000000000003,2.412190551184105,757.6115834417726,0.20214710623855744,0.005632253375260695,143.59183589057125,6.227543878993628,0.005542298803434865
3.97,2.4109187032282198,757.6106017845309,0.20217432876613978,0.005612851488706422,143.61113294768123,6.216194711109705,0.005537718738269638
3.975,2.4096503665179925,757.6096259056679,0.2022014821657529,0.005593498957142771,143.63040870363045,6.204861783232836,0.005533132719401943
3.98,2.4083855980641595,757.6086558490053,0.20222856642389264,0.005574195790597624,143.6496352033575,6.193545133074812,0.00552854079265762
3.985,2.4071244423085854,757.6076916482709,0.20225558153149314,0.005554941996733722,143.6687741784286,6.182244790032587,0.005523942994222843
3.99,2.4058669588922696,757.6067333493068,0.20228252747236738,0.005535737585538694,143.68783322108965,6.170960792428865,0.005519339371737931
3.995,2.4046131893863385,757.6057809831125,0.2023094042319111,0.005516582564361058,143.70685456098363,6.159693166926861,0.005514729959938347
4.0,2.403363188438641,757.6048345915244,0.202336211796328,0.005497476942469129,143.72582920358295,6.148441948942538,0.005510114802770369
4.005,2.4021170004985226,757.6038942074141,0.20236295015066358,0.00547842072837873,143.74478106878897,6.137207167271909,0.005505493938252385
4.01,2.4008746759183928,757.602959869026,0.20238961928082283,0.005459413930774662,143.76371754327138,6.125988854468883,0.00550086740738451
4.015,2.39963626271635,757.6020316115124,0.20241621918170213,0.005440456555810153,143.78257490746654,6.114787042158355,0.005496235250419033
4.0200000000000005,2.3984018095881243,757.6011094715684,0.2024427498393668,0.005421548612016511,143.80136184689786,6.103601761863557,0.005491597507537811
4.025,2.397171365209202,757.6001934858426,0.2024692112401459,0.005402690107854019,143.82008488410054,6.092433045110764,0.00548695421892481
4.03,2.3959449779746267,757.5992836900971,0.20249560337261588,0.005383881050203558,143.83875038320147,6.0812809231963145,0.005482305424893629
4.035,2.3947226958437455,757.5983801186028,0.20252192622819876,0.005365121443219145,143.85737814073374,6.070145426934508,0.005477651166005379
4.04,2.393504567590854,757.5974828084202,0.202548179792994,0.0053464112961552675,143.87596282858274,6.059026588041278,0.005472991482358209
4.045,2.392290641682661,757.5965917955565,0.20257436405511,0.005327750616341346,143.8945086014203,6.047924437892256,0.005468326414225007
4.05,2.391080964957876,757.5957071128602,0.20260047900883746,0.005309139406272917,143.91302851786372,6.036839006778983,0.0054636560016359526
4.055,2.3898755854863754,757.5948287955687,0.20262652464379163,0.0052905776721011155,143.93152890296906,6.025770325812838,0.005458980284804769
4.0600000000000005,2.388674551717488,757.5939568796559,0.20265250094814694,0.005272065421103753,143.9500140064628,6.014718426357875,0.005454299304001752
4.065,2.387477911291272,757.593091399703,0.20267840791402914,0.005253602658377969,143.96847673591319,6.003683339002807,0.00544961309930605
4.07,2.386285709544778,757.5922323867494,0.20270424554688432,0.005235189383340263,143.9868404627059,5.992665091571156,0.0054449217100862694
4.075,2.385097995267835,757.5913798771447,0.20273001383218822,0.00521682560392381,144.0051328102272,5.981663716032143,0.005440225176776295
4.08,2.383914816020425,757.5905339053472,0.2027557127625298,0.005198511325028234,144.0233442683186,5.970679242878332,0.00543552353943057
4.085,2.382736218774508,757.589694504908,0.20278134232795672,0.005180246550402841,144.04152051567715,5.959711702206482,0.005430816837925609
4.09,2.381562249183585,757.5888617074287,0.20280690252184086,0.005162031281112613,144.0597137151527,5.948761123137354,0.005426105111731357
4.095,2.380392953410645,757.588035545374,0.20283239334516084,0.005143865519122203,144.07785856506925,5.937827534987129,0.005421388400460387
4.1,2.379228431540425,757.5872160889191,0.20285781478933199,0.0051257492688279995,144.0959523406192,5.926911001326364,0.005416666790642712
4.105,2.3780686642197244,757.5864033245072,0.20288316685520852,0.005107682529389218,144.1140060455844,5.916011509866849,0.005411940265468742
4.11,2.376913732304056,757.5855973084242,0.20290844953926515,0.005089665302767586,144.132002017061,5.905129111732799,0.0054072088950103386
4.115,2.3757636624736316,757.584798059247,0.20293366284034595,0.005071697589625278,144.14993405469886,5.894263823796005,0.005402472702390302
4.12,2.3746184811768973,757.5840055951085,0.20295880675955486,0.005053779388542296,144.1678050115161,5.8834156623453975,0.005397731709791854
4.125,2.3734782833865373,757.5832199816289,0.20298388129681902,0.005035910698145315,144.1856089846236,5.872584686655096,0.005392985998197319
4.13,2.3723430258435654,757.5824411888841,0.20300888645152265,0.005018091519391295,144.20335101583484,5.861770869781959,0.005388235531113194
4.135,2.3712127893638173,757.5816692722508,0.20303382221516383,0.00500032185541794,144.2210567463754,5.850974262893099,0.005383480382589559
4.14,2.3700876314493162,757.5809042709502,0.20305868859293652,0.004982601702385269,144.23870946981688,5.840194901990686,0.005378720601071148
4.1450000000000005,2.3689676867461578,757.5801462759388,0.2030834855936464,0.004964931050715365,144.25632483561395,5.829432868834376,0.005373956302545905
4.15,2.36785290687411,757.5793952545254,0.20310821321412814,0.004947309903826278,144.27389767011454,5.818688134020062,0.005369187445351105
4.155,2.3667432849901138,757.5786512020695,0.2031328714537717,0.004929738262371286,144.29142620264525,5.807960693440185,0.005364414023813547
4.16,2.3656389022555895,757.5779141729383,0.2031574603131359,0.0049122161255846924,144.3088887184284,5.797250597927764,0.005359636114253451
4.165,2.3645398156909074,757.5771842051364,0.203181979799528,0.0048947434859332685,144.3263092958141,5.78655788258975,0.00535485376476172
4.17,2.3634461306156287,757.5764613682506,0.2032064299300471,0.0048773203299664735,144.34367600604313,5.775882610256206,0.005350067067205548
4.175,2.3623578232953704,757.5757456465947,0.20323081070087332,0.004859946660710637,144.36099118299418,5.765224766753019,0.005345276000897269
4.18,2.3612750123871646,757.5750371173837,0.20325512212864807,0.004842622464018782,144.37825633728593,5.754584423672786,0.005340480675795152
4.1850000000000005,2.360197791330415,757.5743358414924,0.2032793642266333,0.0048253477286907456,144.39547175130085,5.743961637344242,0.005335681178108412
4.19,2.359126052434713,757.5736417487617,0.20330353697954448,0.004808122467634898,144.4126370995886,5.7333563428476175,0.005330877408479547
4.195,2.3580597957000586,757.5729548391918,0.20332764038738155,0.004790946680851238,144.42975238214922,5.722768540182913,0.0053260693669085575
4.2,2.3569990454421235,757.5722751284598,0.20335167445534014,0.004773820363735443,144.4468261117412,5.712198244732418,0.005321257074911713
4.205,2.355943918405301,757.5716026917817,0.2033756392090481,0.0047567434943714525,144.463886609175,5.701645529279132,0.005316440636296887
4.21,2.3548944761675594,757.5709375684021,0.2033995346660483,0.004739716061670152,144.48088686721792,5.691110426318717,0.0053116201086524885
4.215,2.353850784892778,757.5702798001402,0.2034233608437826,0.004722738050709652,144.4978506059887,5.680592974640917,0.005306795552268661
4.22,2.352812881689507,757.5696294099556,0.2034471177571495,0.004705809451100581,144.51476119578234,5.670093195257468,0.00530196700157802
4.225,2.3517808645106633,757.5689864590191,0.20347080543999754,0.004688930237810653,144.53160256105835,5.6596111442434855,0.0052971345468743785
4.23,2.3507546625993716,757.5683509031438,0.203494423867876,0.004672100428922086,144.5483863140795,5.649146781092774,0.00529229812293346
4.235,2.3497343136111204,757.5677227654703,0.20351797305356092,0.00465532001449392,144.56511494645807,5.6387001275704245,0.005287457766443429
4.24,2.3487199961381613,757.5671021557515,0.20354145305764626,0.004638588947378183,144.58180027540007,5.628271286903804,0.005282613651408718
4.245,2.347711604549267,757.5664890090723,0.20356486384429273,0.004621907255461291,144.5984353114311,5.617860198037444,0.005277765674911638
4.25,2.3467091411851997,757.5658833268482,0.20358820541455258,0.004605274937944359,144.61502017302792,5.607466862288758,0.005272913839158337
4.255,2.3457128616123653,757.5652852636395,0.20361147788330877,0.004588691907604608,144.63156779558216,5.597091423494209,0.0052680583850180235
4.26,2.3447226314781306,757.5646947381928,0.2036346811901667,0.004572158210295522,144.64807137888891,5.586733806038195,0.00526319918586446
4.265,2.3437384507824954,757.5641117505083,0.20365781533512642,0.0045556738460171015,144.6645309229482,5.576394009920715,0.005258336241697645
4.2700000000000005,2.3427606488163786,757.563536495077,0.203680880492785,0.004539238684374789,144.68094530376217,5.566072214968161,0.005253469872157894
4.275,2.3417890971735162,757.5629688960573,0.20370387659505865,0.0045228527762156585,144.6973149596313,5.5557683510576314,0.005248599952602174
4.28,2.3408237375860965,757.5624089190343,0.20372680361105258,0.004506516144612937,144.71364008944633,5.545482386368964,0.005243726426470341
4.285,2.3398645700541185,757.5618565640079,0.20374966154076676,0.004490228789566626,144.72992069320716,5.535214320902159,0.005238849293762394
4.29,2.3389116081114945,757.5613118387465,0.20377245039288341,0.004473990704641449,144.7461567788352,5.524964161969437,0.005233968567817562
4.295,2.3379653148165467,757.5607750090351,0.203795170464461,0.0044578016696565775,144.76234861735756,5.514732159756092,0.005229084705033084
4.3,2.337025380959496,757.560245897394,0.2038178215571371,0.00444166183163899,144.77849602779438,5.504518147199499,0.005224197400647157
4.305,2.3360918065403427,757.5597245038234,0.20384040367091166,0.004425571190588684,144.79459901014565,5.494322124299657,0.005219306654659778
4.3100000000000005,2.3351645915590855,757.5592108283233,0.20386291680578472,0.004409529746505659,144.81065756441137,5.484144091056565,0.005214412467070948
4.315,2.334243759587018,757.5587048841289,0.2038853609794895,0.004393537486405266,144.82667026529748,5.473984062470173,0.005209514860611639
4.32,2.3333294453373017,757.5582067468623,0.20390773629339898,0.004377594336048163,144.84262917933333,5.463842123612795,0.005204613965336562
4.325,2.3324217025144436,757.5577164459625,0.20393004278884705,0.004361700264722449,144.8585389684601,5.453718284276763,0.005199709838404962
4.33,2.3315207224549153,757.5572340838403,0.20395228064025397,0.004345855144795753,144.87439707060884,5.443612637667281,0.005194802672213916
4.335,2.3306264252665785,757.5567596176794,0.20397444977527032,0.004330059029230215,144.89020436994977,5.433525145425554,0.0051898923863325334
4.34,2.3297387824844473,757.5562930322247,0.20399655016811852,0.004314311936895868,144.90596118150629,5.423455793884624,0.0051849789521038765
4.345,2.3288577941085213,757.5558343274762,0.20401858181879853,0.004298613867792707,144.92166750527844,5.413404583044494,0.005180062369527945
4.3500000000000005,2.327983512377887,757.5553835306608,0.20404054477666145,0.004282964785551968,144.93732689307294,5.403371536805707,0.005175142698501747
4.355,2.327115996843739,757.5549406728167,0.20406243909796618,0.0042673646487142135,144.95294339385669,5.393356682414271,0.0051702200073063115
4.36,2.3262553118010696,757.5545057869522,0.2040842648545237,0.004251813405482076,144.96850789079295,5.383360054267814,0.005165294356224971
4.365,2.325401507272353,757.5540788978769,0.20410602210511758,0.00423631101280014,144.98402502881183,5.373381674105265,0.005160365797429668
4.37,2.3245547139992424,757.5536600707434,0.20412771100173865,0.004220857359470483,144.99950412183176,5.363421600006175,0.005155434466495997
4.375,2.3237148279375472,757.5532492536457,0.2041493314237406,0.004205452533735216,145.0149382856918,5.3534797855152565,0.005150500255679342
4.38,2.322881849087266,757.5528464465838,0.20417088337112343,0.004190096535594339,145.03032752039204,5.343556230632509,0.005145563164979706
4.385,2.322055845188005,757.5524516820427,0.20419236693108306,0.004174789301650438,145.04567142854322,5.333650963874377,0.0051406232717550624
4.39,2.321236989943312,757.552065043324,0.20421378232721435,0.004159530669334575,145.0609689911267,5.323764058365107,0.005135680774373195
4.3950000000000005,2.32042515258229,757.5516864677152,0.20423512939118624,0.004144320761035069,145.0762209753,5.313895459053873,0.005130735523494996
4.4,2.3196203331049388,757.551315955216,0.2042564081229987,0.004129159576751927,145.0914273810631,5.304045165940679,0.005125787519120465
4.405,2.3188225559669084,757.5509535172362,0.20427761855728938,0.004114047091803807,145.1065799989377,5.294213190582763,0.005120836787410296
4.41,2.318031928724563,757.5505992039555,0.20429876084639514,0.004098983197641766,145.12164272349924,5.284399583809054,0.005115883443419656
4.415,2.317248473879328,757.550253025146,0.20431983502235085,0.004083967868051785,145.13666942623195,5.274604349876894,0.0051109275150785565
4.42,2.316472222102466,757.549914994587,0.20434084113061818,0.004069001069434242,145.1516715688685,5.2648275000690115,0.005105969037458354
4.425,2.315703222082054,757.5495851336076,0.20436177925315793,0.004054082745408383,145.16659547861292,5.255069054904335,0.005101008066268669
4.43,2.3149414933992123,757.5492634503756,0.20438264942077947,0.004039212871375429,145.18148269233743,5.245329020962405,0.005096044624489058
4.4350000000000005,2.3141870641532836,757.5489499568563,0.2044034516794811,0.00402439141315309,145.19634917832383,5.235607408577741,0.005091078744805423
4.44,2.3134399797542673,757.5486446718883,0.20442418611371643,0.004009618312611065,145.21114178450293,5.225904234344938,0.005086110480806176
4.445,2.3127002551216638,757.5483476013538,0.2044448527494024,0.003994893549197371,145.22589335829403,5.216219503294556,0.005081139850488614
4.45,2.3119679210800936,757.5480587576999,0.20446545164180108,0.003980217081824262,145.24062438229308,5.206553226175048,0.00507616689069964
4.455,2.3112430491817264,757.5477781688703,0.2044859829331584,0.003965588809436728,145.25530415235858,5.196905426413889,0.005071191689245796
4.46,2.310525605675365,757.547505821621,0.20450644655730618,0.0039510087793245925,145.26994194529985,5.187276092859025,0.00506621420486006
4.465,2.3098157025343644,757.54724175784,0.20452684274666072,0.003936476823914634,145.28453412514847,5.177665260335942,0.00506123457629825
4.47,2.3091133329624207,757.546985974985,0.2045471714871153,0.003921992953377827,145.2990809125922,5.168072926730884,0.005056252795138482
4.4750000000000005,2.3084184639426595,757.5467384607045,0.2045674327101388,0.003907557217125428,145.313583379746,5.1584990817750755,0.005051268820466704
4.48,2.3077311047976585,757.5464992183311,0.20458762643634285,0.003893169600502508,145.32803767202572,5.148943728719149,0.005046282663761281
4.485,2.3070513413739575,757.5462682785502,0.204607752855528,0.003878829968559773,145.34240829466486,5.139406897496357,0.005041294430720189
4.49,2.306379182233646,757.5460456439113,0.20462781198806587,0.0038645383045391476,145.35673290243315,5.1298885871296465,0.005036304133987095
4.495,2.305714659499502,757.5458313253677,0.20464780390646878,0.003850294554531468,145.3710408333501,5.120388804720127,0.005031311815287297
4.5,2.3050578175296126,757.5456253372043,0.20466772872462952,0.003836098639687421,145.38527414444255,5.1109075630859735,0.0050263175323875964
4.505,2.304408661589402,757.5454276808503,0.20468758645541382,0.003821950549319152,145.39945862955244,5.101444862985473,0.0050213212924821
4.51,2.303767228168395,757.5452383675947,0.20470737718939516,0.0038078502162879222,145.4136285318305,5.092000712960297,0.005016323143789577
4.515,2.3031335458639712,757.5450574057023,0.20472710100816024,0.0037937975845318624,145.4277356682901,5.08257511940123,0.005011323124963097
4.5200000000000005,2.3025076283237484,757.5448847990455,0.2047467579489461,0.0037797926270016673,145.4417844676534,5.073168085214015,0.005006321254530741
4.525,2.3018895131586947,757.5447205580217,0.2047663481140355,0.0037658352677484427,145.45581706954727,5.063779618070261,0.005001317583919099
4.53,2.3012792177134114,757.5445646870209,0.2047858715583836,0.00375192546932511,145.46979588903758,5.054409721045116,0.004996312137460681
4.535,2.300676761945464,757.5444171912476,0.20480532834150594,0.0037380631895937667,145.4837086617263,5.045058397855329,0.004991304942912317
4.54,2.300082184142182,757.5442780799879,0.20482471857713513,0.0037242483441308673,145.4976028184584,5.035725654854542,0.004986296054450122
4.545,2.2994955054093604,757.5441473577874,0.20484404233683542,0.0037104808826090986,145.5114582583441,5.026411494434372,0.004981285503264963
4.55,2.298916755351241,757.5440250313433,0.20486329971661693,0.0036967607365040425,145.52526592366195,5.017115920541027,0.004976273332400649
4.555,2.2983459284716643,757.5439110990011,0.2048824907013651,0.003683087916389976,145.53903138414782,5.007838932014203,0.004971259534314335
4.5600000000000005,2.2977831443735557,757.5438055843233,0.20490161570200688,0.0036694621271666453,145.5527511005557,4.998580541161022,0.004966244286717883
4.565,2.297228328953661,757.5437084727113,0.20492067446394127,0.003655883551671467,145.56642726572196,4.989340740356274,0.00496122747950506
4.57,2.296681482211979,757.543619764165,0.20493966698716826,0.0036423521899044383,145.58005987964668,4.980119529599957,0.004956209112675867
4.575,2.296142630490248,757.5435394631422,0.2049585933673309,0.0036288679739120387,145.59363534783304,4.970916912985006,0.004951189225410432
4.58,2.2956118280611753,757.5434675788282,0.20497745380148544,0.003615430763687501,145.60712566111297,4.961732898944223,0.0049461678984328
4.585,2.2950890897908214,757.5434041127554,0.2049962483493614,0.0036020405134510876,145.6205834222483,4.95256748298544,0.004941145157266556
4.59,2.2945744326306516,757.5433490673183,0.20501497707528582,0.0035886971758845054,145.6340289966177,4.943420664457062,0.004936121028773052
4.595,2.2940678955216507,757.5433024467425,0.2050336401448146,0.003575400636035318,145.64739218746297,4.93429244541083,0.0049310955754200475
4.6000000000000005,2.2935694769977792,757.543264250618,0.20505223755189178,0.003562150896948262,145.6606966536788,4.9251828252571475,0.004926068795173969
4.605,2.293079215682241,757.5432344821934,0.20507076945749858,0.0035489478397200637,145.67400339005084,4.916091802686194,0.0049210407513870895
4.61,2.2925971178667277,757.5432131414902,0.2050892358967595,0.003535791441949892,145.6872619866449,4.907019377172342,0.00491601145516186
4.615,2.2921232081417093,757.5432002299425,0.2051076369835788,0.0035226816241305226,145.7004324143046,4.897965547517517,0.004910980947815464
4.62,2.291657508368517,757.5431957478163,0.205125972818091,0.003509618310353545,145.7135886085196,4.888930311403594,0.004905949267470601
4.625,2.2912000259238,757.54319969526,0.20514424343509177,0.0034966014752109116,145.7267387209566,4.8799136680863695,0.004900916426958251
4.63,2.290750796193973,757.5432120720365,0.20516244901851102,0.003483630990030958,145.73982453678795,4.870915612151055,0.0048958824900591415
4.635,2.2903098186341784,757.5432328777952,0.20518058956597054,0.0034707068559005566,145.75285732904095,4.861936144042464,0.004890847455624819
4.64,2.289877124688929,757.5432621114429,0.2051986652396626,0.0034578289569146066,145.76583006891548,4.852975260273299,0.004885811379513541
4.6450000000000005,2.289452715883651,757.5432997725317,0.20521667605176258,0.0034449972836675317,145.7787552386719,4.844032958744742,0.004880774266049447
4.65,2.2890366171422354,757.5433458591833,0.2052346221407261,0.0034322117364753344,145.79164081260467,4.835109233689982,0.00487573616242456
4.655,2.288628868723449,757.5434003662662,0.20525250374268017,0.0034194721462574855,145.80448429842423,4.826204076246941,0.0048706971457640495
4.66,2.2882294856521392,757.5434632915881,0.20527032094740197,0.0034067784484126027,145.81729055839025,4.817317482571962,0.004865657245265173
4.665,2.2878384497995037,757.5435346376453,0.20528807364745472,0.003394130720138182,145.83005583590108,4.808449457090995,0.004860616425883265
4.67,2.287455770743824,757.5436144026839,0.205305761907006,0.003381528915745808,145.8427751161342,4.799599995146523,0.0048555747081794895
4.675,2.2870814768825505,757.5437025814575,0.20532338591584112,0.0033689728999970144,145.8554355119856,4.790769083309263,0.004850532152912926
4.68,2.2867155890337485,757.5437991693015,0.20534094580521467,0.0033564625774949197,145.86806170441395,4.7819567182680744,0.004845488801177248
4.6850000000000005,2.2863581409640266,757.5439041566947,0.20535844181409177,0.003343997778048099,145.88063639619332,4.773162885927854,0.0048404447251885726
4.69,2.286009128714189,757.5440175447238,0.20537587391475248,0.003331578521429695,145.89316104322745,4.764387587861028,0.004835399916534257
4.695,2.285668546987969,757.5441393347563,0.20539324207129597,0.003319204833134376,145.90563965025925,4.7556308257525055,0.004830354364334187
4.7,2.2853364206056135,757.5442695185347,0.20541054647690346,0.003306876573557917,145.91809560043285,4.746892583017651,0.004825308127398181
4.705,2.285012767011229,757.5444080896305,0.20542778726520888,0.003294593648518326,145.93050159730478,4.7381728534764544,0.004820261244200183
4.71,2.2846976185784404,757.5445550339091,0.2054449647006915,0.0032823558678212947,145.94287310061566,4.7294716185652845,0.004815213791201636
4.715,2.2843909621326945,757.5447103570956,0.2054620786759088,0.003270163308694859,145.95520450545405,4.720788885766542,0.004810165737339787
4.72,2.2840928518093078,757.5448740298347,0.20547912969693943,0.003258015609872445,145.96747918194785,4.712124612027987,0.004805117224286627
4.7250000000000005,2.2838032816846043,757.5450460553386,0.20549611770840656,0.003245912810885106,145.97969894979596,4.703478802060546,0.004800068236539908
4.73,2.2835222345493356,757.5452264429391,0.20551304254943115,0.0032338550265770282,145.9918690955214,4.694851469550235,0.00479501872906307
4.735,2.283249710403501,757.5454151926363,0.20552990422001324,0.003221842256948209,146.00398961912418,4.686242614497052,0.004789968701856116
4.74,2.2829857220952596,757.5456122962444,0.20554670284397722,0.003209874412196917,146.01608210722753,4.677652226124369,0.004784918189223006
4.745,2.282730297159371,757.5458177357743,0.20556343869420463,0.0031979512962831648,146.02816052983815,4.669080280863198,0.00477986726579795
4.75,2.2824834514973977,757.5460314988749,0.20558011194978923,0.003186072783240163,146.04018571783695,4.660526763179072,0.004774815978399966
4.755,2.282245195092024,757.5462535771231,0.20559672272258786,0.0031742387917135895,146.05218180954535,4.651991662774474,0.004769764356867078
4.76,2.2820155471254817,757.5464839512083,0.20561327125912945,0.003162449147033182,146.06411866504607,4.64347495543654,0.004764712463679606
4.765,2.2817945100693082,757.5467226187366,0.20562975759031718,0.0031507038272277675,146.07599386254466,4.634976638172079,0.0047596603067402024
4.7700000000000005,2.28158207643839,757.5469695869577,0.20564618162255993,0.0031390028988375744,146.08781473650404,4.626496720046035,0.004754607862115496
4.775,2.2813782771045443,757.5472248200464,0.20566254379862012,0.0031273460444110534,146.09959630426425,4.618035151265046,0.004749555241353505
4.78,2.281183108622346,757.5474883220006,0.20567884406908357,0.003115733299377128,146.1113368898271,4.609591937386258,0.004744502432005002
4.785,2.280996564825424,757.5477600999764,0.20569508234551243,0.0031041647271439396,146.1230334936117,4.601167088355457,0.004739449411789258
4.79,2.2808186811819717,757.5480401044983,0.2057112591848373,0.0030926399288305232,146.13469785164816,4.592760544882807,0.004734396316916497
4.795,2.2806494476078645,757.548328349633,0.20572737442871472,0.0030811590178445635,146.14632662721172,4.584372323825274,0.004729343108660162
4.8,2.280488860236609,757.5486248407739,0.205743428016432,0.0030697220376692536,146.15791854092305,4.576002431646219,0.0047242897721715745
4.805,2.2803369847849413,757.5489294573557,0.20575942117778198,0.003058328109263796,146.16947026645076,4.5676507387791165,0.00471923659715951
4.8100000000000005,2.2801937814618523,757.5492422723797,0.205775353168134,0.003046977764881051,146.18098381786447,4.559317323675561,0.0047141834082073935
4.815,2.2800592478093007,757.5495632903556,0.20579122394148938,0.003035671037400282,146.1924593195809,4.551002191181807,0.004709130194479087
4.82,2.2799333838272875,757.5498925112836,0.20580703349784815,0.003024407926821487,146.20389677160003,4.542705341297851,0.004704076955974588
4.825,2.2798161906318923,757.5502299323865,0.20582278186686073,0.003013188411972329,146.21529588280944,4.534426769352317,0.004699023699478962
4.83,2.279707693110668,757.5505754917467,0.20583846970970407,0.003002012020729156,146.22665016167088,4.526166371177768,0.004693970576292898
4.835,2.279607881565511,757.550929213492,0.20585409676873284,0.0029908789370676247,146.2379621377865,4.517924187365844,0.004688917527458022
4.84,2.2795167728820527,757.5512910479987,0.2058696634918773,0.002979788840837751,146.24923166918495,4.509700178909867,0.004683864652751482
4.845,2.2794343650152356,757.5516610012768,0.2058851698248876,0.0029687417708136135,146.26045877306075,4.501494350534021,0.0046788119400890445
4.8500000000000005,2.2793606639065405,757.552039047649,0.20590061599493148,0.0029577375647464287,146.27164211400617,4.493306668114963,0.004673759438653126
4.855,2.2792956730445924,757.5524251732224,0.2059160021253754,0.002946776134513311,146.28278109306333,4.485137114554673,0.004668707175294756
4.86,2.2792393936161766,757.5528193670907,0.2059313283067228,0.0029358574153461165,146.29387777347293,4.476985680038366,0.004663655168767419
4.865,2.279191830425828,757.5532216025642,0.2059465947682178,0.002924981243345081,146.30493410216252,4.468852336130049,0.004658603467811464
4.87,2.2791529861364257,757.553631832161,0.20596180187907645,0.002914147354882063,146.31594786999474,4.46073703225978,0.00465355214741601
4.875,2.279122870074193,757.5540499462163,0.20597695051288714,0.0029033551259903096,146.32691703642794,4.452639651620519,0.004648501387103247
4.88,2.2791014727258507,757.5544760565944,0.20599203977853997,0.0028926051931514717,146.33784368293092,4.444560313362104,0.004643451003750311
4.885,2.279088794091399,757.5549101632953,0.20600706967603488,0.0028818975563655504,146.34872780950366,4.436499017484537,0.004638400997357201
4.89,2.279084834170838,757.555352266319,0.20602204020537193,0.002871232215632545,146.3595694161462,4.428455763987816,0.004633351367923918
4.8950000000000005,2.2790895929641675,757.5558023656656,0.20603695136655106,0.002860609170952454,146.3703685028585,4.42043055287194,0.004628302115450461
4.9,2.279103070497065,757.556260450819,0.20605180325167388,0.0028500283564658847,146.38112674847534,4.412423367611628,0.004623253258209995
4.905,2.2791252669858335,757.5567264331931,0.20606659663658966,0.002839489217383494,146.3918582952405,4.404434069000446,0.00461820495013282
4.91,2.2791561823363526,757.5572003513349,0.2060813311837013,0.002828991995112063,146.40255698940643,4.396462717611616,0.004613157124238887
4.915,2.2791958146832347,757.5576821329604,0.20609600740669087,0.0028185363238936102,146.41320183803631,4.388509259265141,0.004608109880581642
4.92,2.2792441640875487,757.5581717804359,0.20611062528874144,0.0028081222157022726,146.42379352839404,4.380573695734756,0.004603063215885549
4.925,2.2793012282684915,757.558669274066,0.20612518497039609,0.0027977495691514837,146.43435093916554,4.372655999244281,0.004598017156803942
4.93,2.2793670038153064,757.5591745718109,0.20613968675116312,0.0027874181692556063,146.444894138967,4.3647561212073915,0.004592971760727803
4.9350000000000005,2.279441491819092,757.5596876909715,0.20615413050825016,0.002777128104468824,146.45540927279617,4.356874082217114,0.004587927003790263
4.94,2.2795246833137326,757.5602085604665,0.20616851675285186,0.002766879011075865,146.46587299689426,4.349009806241876,0.0045828829804884594
4.945,2.2796165821505636,757.5607372108285,0.20618284526538797,0.0027566710453081887,146.47629533841655,4.341163325940529,0.00457783965023178
4.95,2.27971717126738,757.5612735415541,0.20619711671594046,0.00274650372956849,146.4866612078238,4.333334541467732,0.004572797134663792
4.955,2.2798264538115895,757.5618175711829,0.2062113309809015,0.002736377151957542,146.49697338863274,4.32552347124162,0.004567755411345316
4.96,2.279944433508148,757.5623693216565,0.20622548791398138,0.0027262914167425767,146.50723517513427,4.317730137060051,0.004562714453719589
4.965,2.280071109058217,757.5629287866882,0.20623958756339528,0.002716246489122452,146.51745367236842,4.3099545291140275,0.0045576742703479335
4.97,2.280206470623495,757.5634959188325,0.2062536302793302,0.0027062421172757544,146.52766307352545,4.302196580544788,0.004552634923318033
4.9750000000000005,2.2803505079680746,757.5640706720433,0.20626761633828042,0.0026962781055710834,146.53783096612412,4.294456256316253,0.004547596461124182
4.98,2.2805032157751084,757.5646530243528,0.20628154587675304,0.002686354355916845,146.54796914146942,4.2867335344709625,0.004542558907681856
4.985,2.280664575803874,757.5652429095658,0.2062954193118199,0.0026764705717043412,146.55805791987115,4.279028346050083,0.004537522333535386
4.99,2.2808345867630746,757.5658403229056,0.20630923667350082,0.0026666267315607665,146.56809630715404,4.271340686129604,0.004532486743787746
4.995,2.2810132562863545,757.566445292608,0.20632299778433008,0.002656822961833837,146.57809018049548,4.263670583818352,0.004527452108272146
5.0,2.281200583720581,757.5670578164536,0.20633670265985424,0.0026470592512975086,146.58804195947351,4.256018036065212,0.004522418429583405
5.005,2.2813965549953283,757.567677846709,0.20635035162928403,0.00263733536274362,146.59799341575092,4.2483829795814305,0.0045173857626293465
5.01,2.281601156466917,757.5683053385317,0.20636394495095806,0.0026276511142114883,146.6079000466649,4.240765376532675,0.004512354150124973
5.015,2.2818143771781236,757.5689402576935,0.20637748282474966,0.0026180063622100354,146.61777726080754,4.233165193382019,0.004507323625199839
5.0200000000000005,2.28203619881111,757.5695825517156,0.20639096556256709,0.00260840088516488,146.62760668652518,4.225582376205324,0.004502294237712179
5.025,2.282266613616695,757.5702321980382,0.20640439329803717,0.002598834587981896,146.63738348104835,4.218016902052805,0.004497266009166693
5.03,2.282505632681937,757.5708892289383,0.2064177658399748,0.0025893076067159916,146.6471145731178,4.210468803759625,0.004492238908795763
5.035,2.282753243198725,757.5715536096391,0.20643108339960412,0.0025798197905188454,146.65680243888875,4.2029380426148855,0.004487212969792299
5.04,2.2830094050530105,757.5722252312222,0.2064443466384635,0.0025703706669447535,146.66645483349504,4.195424497378938,0.004482188296114027
5.045,2.283274144127536,757.5729041639651,0.2064575551297093,0.0025609605408293324,146.67606675310032,4.187928246279108,0.0044771648206844185
5.05,2.283547460422302,757.5735904078674,0.20647070887334154,0.0025515894121725816,146.68563819770458,4.180449289315393,0.004472142543503474
5.055,2.2838293248921633,757.5742838875844,0.2064838082885308,0.002542256979251997,146.69521729579364,4.172987554233149,0.004467121530559135
5.0600000000000005,2.2841197280192578,757.5749845794766,0.20649685351451647,0.00253296314463531,146.70476902186104,4.165543015503063,0.004462101802739756
5.065,2.284418655816944,757.5756924490391,0.2065098447529844,0.0025237077665945873,146.7142536402314,4.15811563605414,0.004457083390356231
5.07,2.2847260932621114,757.5764074604432,0.2065227821992201,0.0025144907025287356,146.72373119362294,4.150705379932082,0.004452066323550487
5.075,2.285042021013978,757.5771295691515,0.206535666104567,0.0025053117748509365,146.73317008439187,4.143312200609227,0.004447050639275972
5.08,2.2853664383719905,757.5778587735385,0.20654849647816984,0.002496170977073053,146.74256965480097,4.135936096394845,0.004442036338887389
5.085,2.285699324619971,757.5785950273696,0.20656127356724444,0.002487068133516925,146.75191728930452,4.128577022516459,0.004437023458673421
5.09,2.2860406712768784,757.5793383115973,0.20657399747450467,0.0024780031712112287,146.76120737973937,4.121234960305586,0.004432012013735079
5.095,2.2863904589606228,757.580088585257,0.2065866684229946,0.0024689759298167032,146.77046270686068,4.11390986620521,0.004427002036060569
5.1000000000000005,2.2867486621537823,757.5808457934902,0.20659928671058733,0.0024599861959174914,146.77970039947337,4.106601683193233,0.004421993568675461
5.105,2.287115288126095,757.5816099519254,0.20661185225242082,0.002451034030314311,146.78891557769828,4.099310427514861,0.004416986599322066
5.11,2.2874903320729434,757.5823810502336,0.20662436510458088,0.002442119392823568,146.79811146667956,4.09203608843353,0.004411981136101573
5.115,2.287873785780972,757.5831590711285,0.20663682535964525,0.0024332422179949727,146.8072772505782,4.084778648542543,0.004406977192123741
5.12,2.2882656204195055,757.5839439553343,0.20664923332922666,0.002424402287732854,146.816336010458,4.077538050084101,0.004401974810703747
5.125,2.288665815871279,757.5847356621094,0.2066615892192273,0.0024155994503326974,146.82537671774844,4.070314252412619,0.004396974021573221
5.13,2.2890743519310646,757.5855341514861,0.20667389323884122,0.0024068335592670313,146.83434999083428,4.063107216077086,0.004391974853144389
5.135,2.289491198226512,757.5863393644681,0.2066861456869918,0.0023981043993168997,146.84329289864542,4.055916882303211,0.004386977346651008
5.14,2.289916363838088,757.5871513184943,0.2066983464762809,0.002389412033825071,146.85218688897479,4.048743268515211,0.0043819814900448
5.1450000000000005,2.2903498036164196,757.5879699277667,0.20671049603798874,0.0023807561534461494,146.86106418536235,4.041586289587961,0.004376987341838423
5.15,2.290791531619102,757.5887952189989,0.20672259423783304,0.002372136854497142,146.8699147547678,4.034445972025806,0.004371994883813522
5.155,2.291241507878144,757.5896271176451,0.20673464144056575,0.0023635538763900916,146.87874679063717,4.027322244761465,0.0043670041649198806
5.16,2.2916997286011784,757.5904656166279,0.20674663768084697,0.00235500719435972,146.88756113078,4.020215101038974,0.004362015189810559
5.165,2.2921661884104045,757.5913107063692,0.2067585830135541,0.0023464967700743988,146.8963430292625,4.013124529004036,0.0043570279652637885
5.17,2.2926408571902774,757.5921623318422,0.20677047771729182,0.002338022405513428,146.90508015671315,4.006050472631562,0.004352042527674384
5.175,2.2931236983942958,757.5930204276076,0.2067823220996901,0.002329583880743658,146.913782485467,3.9989928717405983,0.0043470589173773945
5.18,2.2936146865142644,757.5938849484133,0.20679411637605555,0.0023211810427804245,146.92243964410633,3.9919516836873834,0.004342077162200562
5.1850000000000005,2.294113840404026,757.5947559277971,0.2068058603868522,0.0023128140051139417,146.9310568725578,3.984926940013123,0.004337097241460565
5.19,2.294621135314191,757.5956333224394,0.2068175543489021,0.0023044826122698998,146.9396500457461,3.9779185953265515,0.004332119182733623
5.195,2.2951365421439225,757.5965170816852,0.20682919850461393,0.0022961866917647913,146.94821209558228,3.970926600936789,0.004327143016821549
5.2,2.2956600174411124,757.5974071311717,0.20684079319467982,0.0022879260008041575,146.95674010754666,3.963950888936162,0.0043221687868418525
5.205,2.296191552272948,757.598303455741,0.20685233848852463,0.0022797004895797877,146.96523965538458,3.956991445137865,0.004317196501561425
5.21,2.2967311298008664,757.59920602776,0.20686383452004925,0.002271510062784579,146.97370765101994,3.9500482410661437,0.0043122261770398695
5.215,2.2972786472235076,757.6001146757195,0.2068752821020031,0.0022633541408565647,146.98214457569424,3.9431211074996937,0.004307257912956725
5.22,2.2978341792889014,757.601029524326,0.20688668064342686,0.002255233145201798,146.99055007949138,3.9362101674812364,0.004302291636833873
5.2250000000000005,2.2983977259970474,757.6019505735792,0.2068980301443206,0.002247147075820277,146.99892416241133,3.9293154210107715,0.0042973273486713115
5.23,2.2989692842997362,757.6028778184813,0.20690933062707886,0.002239095916822621,147.0072653556762,3.922436863605747,0.004292365051193854
5.235,2.299548769002602,757.6038111193445,0.20692058271760716,0.0022310792241167308,147.01553260844173,3.915574369983356,0.004287404820557186
5.24,2.300136185808813,757.6047504859424,0.20693178637408993,0.002223097025911729,147.02375581329412,3.908727946512208,0.004282446651579816
5.245,2.300731489922895,757.6056958459214,0.20694294192584908,0.002215149084765622,147.0319837040498,3.9018975220900076,0.0042774905840886005
5.25,2.3013346632351643,757.6066471708376,0.2069540495012274,0.0022072353120057508,147.04016366367367,3.8950830713869093,0.004272536632681665
5.255,2.301945687402974,757.6076044315028,0.20696510923246647,0.002199355614386758,147.04827630918274,3.888284567145893,0.0042675848128496344
5.26,2.302564517491365,757.6085675574707,0.2069761214244058,0.002191509770378172,147.05639929219905,3.88150194351761,0.004262635160896019
5.265,2.303191153688857,757.6095365492778,0.20698708607626845,0.002183697782169848,147.06450224789344,3.8747352011290386,0.004257687676352588
5.2700000000000005,2.3038255522151667,757.6105113389995,0.2069980034902375,0.002175919437414327,147.07252751048344,3.8679842769665482,0.004252742393700551
5.275,2.3044676985870227,757.6114919046173,0.20700887375657198,0.002168174668661406,147.08053270161372,3.861249150759765,0.004247799323656389
5.28,2.3051175683434866,757.6124782085569,0.20701969703593015,0.002160463359602128,147.08855063233364,3.8545297877803315,0.004242858484909569
5.285,2.305775121533189,757.6134701903549,0.20703047359475477,0.002152785324914514,147.0964950011357,3.8478261323997756,0.004237919906834072
5.29,2.3064403536791658,757.6144678433412,0.20704120346095248,0.0021451405439453734,147.10437991280688,3.8411381782949823,0.004232983592618959
5.295,2.3071132180285527,757.6154710972442,0.20705188693490953,0.002137528799918669,147.11225411925707,3.834465859737806,0.00422804957619832
5.3,2.307793703233727,757.6164799353835,0.20706252408191045,0.0021299500468345907,147.12010749413645,3.827809163215484,0.004223117864800543
5.305,2.308481776561807,757.6174943090007,0.2070731151032241,0.0021224041409684397,147.1279443610378,3.8211680456998343,0.004218188480971893
5.3100000000000005,2.309177420833323,757.6185141929237,0.207083660111513,0.0021148910028999657,147.13574800971435,3.8145424823035357,0.004213261436684635
5.315,2.3098806010227477,757.6195395356693,0.20709415932195477,0.002107410479190934,147.1435190831611,3.8079324263571297,0.004208336755511869
5.32,2.310591230459378,757.6205702114138,0.207104613244797,0.002099962206314329,147.151253205126,3.8013377673791915,0.004203414492882147
5.325,2.3113093155001914,757.6216062294264,0.20711502184219843,0.002092546211268516,147.15894998866446,3.7947585135622433,0.0041984946446646226
5.33,2.312034877309267,757.6226476203993,0.2071253849896634,0.0020851625826755296,147.1666118998296,3.78819469187261,0.004193577197362604
5.335,2.312767893327638,757.6236943519579,0.20713570282774285,0.0020778112199475625,147.1742462759838,3.7816462705472107,0.004188662165743271
5.34,2.3135083117896764,757.6247463498638,0.20714597567478724,0.002070491895523849,147.18186462688962,3.7751131780954053,0.004183749583311176
5.345,2.314256094745718,757.6258035600295,0.20715620373676555,0.0020632044639910304,147.18944035876612,3.7685953712839138,0.004178839472120543
5.3500000000000005,2.315011162632423,757.6268658701957,0.2071663874526334,0.0020559486111899243,147.19699659038596,3.76209275311961,0.0041739318785834765
5.355,2.3157735444067242,757.6279333212666,0.20717652666237074,0.0020487244515295967,147.2045270829065,3.7556053588482623,0.004169026785767104
5.36,2.3165432324668576,757.6290059026711,0.20718662141305919,0.00204153195185703,147.2120241861061,3.7491331777493158,0.004164124198304494
5.365,2.3173201729075235,757.6300835390391,0.20719667201714395,0.002034370890268875,147.21947244159273,3.742676139772587,0.004159224148025252
5.37,2.318104312286921,757.6311661562012,0.2072066787529147,0.0020272410672251655,147.22689349799043,3.736234183563497,0.004154326664006161
5.375,2.318895612759878,757.6322537019231,0.20721664182190463,0.0020201423396097465,147.2342770747388,3.729807264466208,0.004149431766826372
5.38,2.31969405210185,757.6333461462247,0.20722656134626027,0.00201307462014973,147.241626999347,3.7233953542459064,0.004144539468336202
5.385,2.320499489806678,757.63444329731,0.2072364380858196,0.0020060373671729166,147.2489438151049,3.716998280813652,0.004139649844247656
5.39,2.32131202953399,757.6355452966783,0.20724627148000557,0.0019990309803026326,147.25622712119568,3.7106161711295416,0.00413476283870355
5.3950000000000005,2.322131671283787,757.6366521443294,0.2072560615288182,0.001992055459538877,147.26347691761936,3.7042490251935742,0.004129878451703884
5.4,2.3229584091904405,757.6377638323287,0.2072658082618083,0.001985110783702145,147.27069535985868,3.69789683637986,0.0041249966862155485
5.405,2.3237921296069093,757.6388802069389,0.20727551225152505,0.001978196542437592,147.27792421058345,3.691559476311145,0.004120117599722267
5.41,2.324632826314695,757.640001260155,0.2072851735366399,0.001971312710106732,147.28512724405036,3.6852369358013073,0.0041152411954038
5.415,2.325480452814928,757.6411269296387,0.2072947923615724,0.0019644591144054643,147.2922682612241,3.6789291593336215,0.004110367496827284
5.42,2.326334958809009,757.6422571485961,0.20730436897176147,0.0019576355771271764,147.29940848187567,3.6726360902159385,0.004105496528162876
5.425,2.3271963323664577,757.6433919013564,0.2073139034270756,0.0019508420567418234,147.30652634437547,3.666357715048664,0.004100628294963376
5.43,2.3280645253027474,757.6445311243148,0.20732339596851407,0.0019440783836841863,147.31357997833803,3.660093979344455,0.004095762820042967
5.4350000000000005,2.328939501534616,757.6456747702348,0.20733284676675875,0.0019373444334814872,147.32062232809105,3.653844842989739,0.004090900119921344
5.44,2.3298212399222225,757.6468228114771,0.20734225592414549,0.0019306401332850167,147.3276515553794,3.6476102824847056,0.0040860402042584044
5.445,2.330709688301606,757.6479751801119,0.2073516236946495,0.00192396530469997,147.3346178564408,3.6413902401650438,0.004081183096580378
5.45,2.331604821715154,757.6491318439018,0.20736095019237552,0.0019173198640871681,147.34156474183877,3.635184688862954,0.004076328807764098
5.455,2.332506610644929,757.6502927646225,0.20737023555595183,0.001910703711856483,147.3485068508545,3.6289935962832818,0.004071477350822052
5.46,2.3334149988387103,757.6514578699195,0.20737948005228923,0.0019041166607180779,147.35538819556592,3.622816901501914,0.004066628749997331
5.465,2.334329970946665,757.6526271402374,0.207388683748781,0.001897558660809702,147.36224327015898,3.616654588199618,0.004061783011635241
5.47,2.335251488495555,757.6538005262819,0.20739784682127194,0.001891029585355934,147.36909918545243,3.610506615031302,0.004056940152031115
5.4750000000000005,2.3361794953553003,757.6549779567033,0.2074069695294232,0.0018845292523145798,147.37589838645803,3.6043729224112373,0.00405210019432139
5.48,2.3371139808045944,757.6561594179985,0.2074160519190854,0.0018780576277478672,147.382664650785,3.5982534991640485,0.004047263142746658
5.485,2.3380548949534457,757.6573448469718,0.20742509421248964,0.0018716145514146244,147.38943276344048,3.5921482927130888,0.004042429017537526
5.49,2.3390021956090528,757.6585341906246,0.20743409660016532,0.0018651998900833075,147.3961539290248,3.586057259174171,0.004037597835308778
5.495,2.3399558621117214,757.659727423033,0.20744305917286512,0.0018588135787733662,147.4028337122072,3.5799803771219247,0.004032769604142535
5.5,2.340915839050849,757.6609244748051,0.20745198217066113,0.0018524554440771668,147.409515497223,3.573917589310253,0.0040279443455296885
5.505,2.3418820967131726,757.6621253090599,0.20746086572466368,0.0018461253946727815,147.41615884013615,3.5678688654681974,0.004023122070637772
5.51,2.342854605142329,757.663329888523,0.20746970996534192,0.0018398233380730977,147.42275408061414,3.561834174969147,0.004018302790816086
5.515,2.3438333043351043,757.664538138866,0.20747851514595075,0.0018335490911533683,147.42935077332552,3.555813457002219,0.004013486528349424
5.5200000000000005,2.3448181754527075,757.6657500369942,0.20748728134785208,0.001827302597631464,147.43591640050485,3.5498066927877208,0.004008673289977365
5.525,2.34580917978406,757.6669655351891,0.20749600873683524,0.0018210837405022522,147.44242878788125,3.5438138433860256,0.00400386308983358
5.53,2.346806214016347,757.6681845069294,0.2075046977470284,0.0018148922086304625,147.4489201969607,3.5378348046517814,0.003999055964859638
5.535,2.347809325950878,757.6694070108031,0.20751334817707998,0.0018087281460398073,147.45538104325308,3.531869624758497,0.0039942518979177305
5.54,2.3488183748318296,757.6706328756419,0.20752196060655426,0.0018025911394505415,147.46181470390067,3.525918165059047,0.0039894509376654395
5.545,2.3498333414902737,757.6718620781352,0.20753053511437958,0.0017964811325798789,147.4682216388219,3.519980406671678,0.003984653090729228
5.55,2.350854283540055,757.6730946883451,0.2075390714633301,0.001790398294590521,147.47460046569276,3.5140564063471076,0.003979858337192691
5.555,2.3518811953415417,757.6743306994563,0.2075475696755522,0.001784342609595177,147.48095312924417,3.5081461587576968,0.003975066678923832
5.5600000000000005,2.3529139574842346,757.6755699671602,0.20755603021996247,0.0017783137412050228,147.4873208061481,3.502249551098948,0.0039702781554748125
5.565,2.3539525406622017,757.6768124564197,0.207564453220818,0.0017723116032140988,147.49365837570826,3.496366554015238,0.003965492776564514
5.57,2.354996897383394,757.6780581102855,0.20757283886969513,0.001766336059753775,147.4999527960625,3.4904971215253338,0.0039607105577601125
5.575,2.3560469797878443,757.6793068715953,0.20758118735098643,0.001760386977200484,147.50624595530888,3.4846412083938403,0.003955931514315053
5.58,2.357102693057902,757.6805586277984,0.2075894990320066,0.001754464096645756,147.512482263459,3.4787987267779434,0.003951155675606435
5.585,2.3581640705839053,757.6818134185681,0.20759777378328206,0.0017485675096201873,147.5186761751262,3.4729697077225063,0.003946383031238691
5.59,2.3592310307691764,757.6830711475645,0.20760601192401396,0.0017426969875678699,147.52484747355726,3.467154073107076,0.003941613606418055
5.595,2.3603035485704638,757.6843317852099,0.20761421355212842,0.001736852460413567,147.531001417391,3.461351798988588,0.0039368474088836165
5.6000000000000005,2.3613815953612534,757.6855952980459,0.20762237876642622,0.0017310338577161525,147.53713837509227,3.4555628614068046,0.0039320844466133155
5.605,2.3624650830383347,757.6868615825838,0.20763050789021234,0.0017252409485406252,147.54326773946272,3.4497871816307177,0.003927324745431844
5.61,2.363554051661242,757.6881306859254,0.20763860077854643,0.0017194738366032164,147.54938171961945,3.4440247949528615,0.003922568293641736
5.615,2.364648424942411,757.6894025190152,0.2076466577323426,0.0017137323088455975,147.55545284277824,3.4382756280083346,0.00391781511399929
5.62,2.3657481335857247,757.6906770012428,0.207654678995114,0.0017080161906776992,147.56150065583168,3.4325396209931007,0.003913065225778949
5.625,2.3668530903489864,757.6919540315682,0.2076626648786423,0.001702325260497332,147.56751300480033,3.426816697746261,0.003908318653058494
5.63,2.3679633375743507,757.6932336590426,0.20767061523168603,0.0016966596258465466,147.5734949099183,3.4211068952222257,0.0039035753841443572
5.635,2.3690786262194603,757.6945155973744,0.20767853096715788,0.001691018635979774,147.57944672688197,3.4154099880504996,0.0038988354871573763
5.64,2.3701990539829003,757.6957999588753,0.2076864117269248,0.0016854025461825912,147.58536831615265,3.4097260646432668,0.003894098935373947
5.6450000000000005,2.371324656222232,757.6970867841909,0.20769425738137695,0.001679811448844002,147.5912596272307,3.4040551569972957,0.003889365719122675
5.65,2.372455432937455,757.6983760733215,0.20770206793051427,0.0016742453439640079,147.59712066011613,3.3983972651125876,0.0038846358384035614
5.655,2.373591317848534,757.6996677504438,0.2077098436000603,0.0016687040690401467,147.60298245509208,3.3927523325232727,0.003879909310410366
5.66,2.37473220704195,757.7009616968794,0.20771758475158839,0.0016631873663407813,147.6088450706532,3.387120269752443,0.003875186162178018
5.665,2.3758780317035195,757.70225783457,0.2077252916296355,0.0016576950633761722,147.61467341322623,3.381501016878481,0.003870466411384864
5.67,2.3770287568214035,757.7035561238692,0.20773296435144945,0.0016522270752410452,147.6204931605589,3.375894544276588,0.003865750066779714
5.675,2.3781842639984103,757.7048564315006,0.20774060332044247,0.001646783116568877,147.62626195362336,3.370300752167921,0.00386103715732175
5.68,2.3793445878630934,757.7061587964808,0.20774820841862543,0.0016413632709982697,147.63198879416288,3.3647196697829633,0.003856327674505681
5.6850000000000005,2.380509708980865,757.7074631971346,0.20775577971385054,0.0016359674897570378,147.63768150389586,3.3591512799188785,0.0038516216230200183
5.69,2.38167947455056,757.7087694623187,0.2077633177342651,0.001630595395358997,147.64335957187276,3.3535954499245784,0.0038469190400044744
5.695,2.382853963438845,757.7100776803669,0.20777082220727155,0.0016252471826395558,147.64901293903114,3.3480522482664865,0.003842219906289788
5.7,2.3840330654915243,757.7113877285603,0.20777829348542984,0.0016199225993180821,147.6546604169107,3.3425215861559456,0.003837524247165351
5.705,2.3852167063955676,757.7126995241091,0.2077857318065865,0.0016146214751991735,147.66031469628967,3.337003403693702,0.003832832079692076
5.71,2.386404947092771,757.7140131349066,0.20779313697569096,0.0016093439498547674,147.6659653698569,3.331497750001265,0.00382814338987884
5.715,2.3875975995029286,757.7153283529399,0.20780050963053906,0.0016040895700199262,147.67158558091873,3.3260044648880247,0.003823458220906152
5.72,2.388794717228033,757.7166452374917,0.20780784958936188,0.001598858464873069,147.6771829835091,3.320523594007567,0.0038187765604677654
5.7250000000000005,2.3899962736181553,757.7179637593551,0.20781515693344044,0.0015936505765578141,147.6827559429907,3.315055116796977,0.003814098414174625
5.73,2.3912020924270867,757.7192837247077,0.20782243222293603,0.0015884655066019772,147.6882882478245,3.3095988919533217,0.003809423820396732
5.735,2.392412265790165,757.7206052348731,0.20782967516501596,0.0015833034633128437,147.69378837283458,3.3041549933448198,0.003804752759075595
5.74,2.3936266730336055,757.7219281579893,0.20783688613083237,0.0015781641823717943,147.69925131877406,3.298723326823238,0.003800085255492104
5.745,2.394845241896282,757.7232524150954,0.20784406534263625,0.0015730475055011984,147.70467409202502,3.2933038360113174,0.0037954213247848034
5.75,2.3960680347705163,757.7245780743685,0.20785121260852976,0.0015679535693624872,147.71005927736277,3.2878965695867954,0.003790760953882641
5.755,2.3972949632908853,757.725905039829,0.2078583282227145,0.0015628821627543463,147.71543549278132,3.282501452397789,0.0037861041616503695
5.76,2.3985259600184246,757.7272332383635,0.2078654123888701,0.0015578331410280681,147.7207920874521,3.27711843257322,0.0037814509616576333
5.765,2.39976091091813,757.7285625469494,0.20787246544207522,0.0015528062651231115,147.72613288658462,3.271747424368861,0.003776801376190993
5.7700000000000005,2.4009997966683545,757.7298929448048,0.20787948743931306,0.0015478014941483348,147.7314631463926,3.2663884131442362,0.0037721554090009214
5.775,2.402242646232277,757.7312244631669,0.2078864782960629,0.0015428188886314382,147.73677747366756,3.2610414205866243,0.0037675130544391434
5.78,2.4034893760900498,757.7325570124852,0.20789343827895876,0.0015378582597265756,147.74205164078023,3.2557063789235667,0.00376287432901379
5.785,2.4047399149701976,757.7338905164912,0.20790036759005504,0.0015329194621200345,147.74731057500594,3.250383235654289,0.0037582392460343023
5.79,2.4059941566719294,757.7352248620044,0.2079072665374471,0.0015280022768819537,147.7525403956674,3.2450719117956806,0.0037536078251456623
5.795,2.407252145752896,757.7365600965162,0.2079141349919339,0.0015231067958490837,147.75774638204987,3.2397724404806403,0.003748980058103059
5.8,2.4085136073421713,757.7378959288725,0.20792097377285113,0.0015182324348353223,147.76292976307926,3.234484610483005,0.0037443559951296744
5.805,2.409778666073942,757.7392324910907,0.20792778250868904,0.0015133794587270316,147.76808998152603,3.2292085175786416,0.003739735613452909
5.8100000000000005,2.411047347086607,757.7405698097983,0.20793456112451503,0.0015085479209511184,147.77322692499845,3.2239441810852982,0.0037351189084795866
5.815,2.4123196503801667,757.7419078849955,0.20794130962032908,0.0015037378215075842,147.77834059349652,3.218691601002976,0.003730505880209709
5.82,2.4135954659320324,757.7432466006011,0.20794802830307982,0.0014989489398663828,147.78346449068175,3.2134506965797853,0.0037258965478698856
5.825,2.4148747046417225,757.7445858628786,0.2079547174317578,0.0014941810930241006,147.78856638920607,3.2082214016355106,0.0037212909270794912
5.83,2.4161572674808056,757.7459255681435,0.20796137728543684,0.0014894340816757176,147.79365302419723,3.203003643721928,0.0037166890346980136
5.835,2.417443157351714,757.7472657195066,0.20796800785529387,0.0014847079121579456,147.7987234715991,3.1977974250944303,0.0037120908701632773
5.84,2.4187321586721886,757.7486060925637,0.20797460974037474,0.0014800021588873733,147.80374800430235,3.1926025902580952,0.0037074964689719804
5.845,2.4200243923134175,757.7499468131547,0.20798118260475568,0.0014753170605800964,147.80874203047037,3.187419226424534,0.0037029058112034137
5.8500000000000005,2.421319858275401,757.7512878812795,0.20798772644843666,0.0014706526172361136,147.81370555010312,3.182247333593745,0.003698318896857577
5.855,2.422618321952025,757.7526290541812,0.20799424194182736,0.001466008350301601,147.81864957358962,3.177086736557251,0.003693735764001362
5.86,2.423919837164586,757.7539703875511,0.2080007289311282,0.0014613843695622183,147.82357157502207,3.171937475509857,0.003689156403901793
5.865,2.425224443234672,757.7553119220769,0.20800718730397397,0.0014567807552268587,147.82846970898404,3.166799579817703,0.0036845808101785985
5.87,2.426531960463659,757.7566534728646,0.20801361754325953,0.0014521971626287628,147.83335129011007,3.161672922529943,0.003680009010571439
5.875,2.4278423110591105,757.7579949598728,0.20802001985803253,0.00144763344255996,147.83821948494233,3.1565574486889174,0.003675441017088952
5.88,2.4291555905682864,757.759336481411,0.20802639399153372,0.0014430897782826474,147.8430704042284,3.1514532257954526,0.0036708768149817292
5.885,2.4304716964885924,757.7606779327281,0.20803274021630014,0.001438565975350773,147.847906536218,3.146360181942175,0.0036663164195296326
5.89,2.4317904245957904,757.7620191051195,0.2080390590753295,0.0014340616463536888,147.85273283845305,3.141278173862187,0.003661759861175972
5.8950000000000005,2.4331119154583933,757.7633601422376,0.20804535019487388,0.0014295770579479817,147.8575458986339,3.1362073001667734,0.003657207118966471
5.9,2.4344361360492246,757.7647010106364,0.2080516136613621,0.001425112148494951,147.8623459505043,3.1311475380193197,0.0036526581975950983
5.905,2.435762726952722,757.7660413463412,0.2080578504153482,0.0014206662472164074,147.86713553776133,3.126098638902207,0.0036481131481435536
5.91,2.4370918504642405,757.7673813137061,0.2080640600321217,0.001416239657004588,147.87191351178964,3.121060715034435,0.003643571947545716
5.915,2.43842348478873,757.7687208906596,0.20807024256871803,0.0014118323371833353,147.8766800268397,3.1160337513458334,0.003639034598899192
5.92,2.4397576081311403,757.7700600551301,0.20807639808217265,0.0014074442470764915,147.88143523716192,3.1110177327662307,0.00363450110530159
5.925,2.4410941986964216,757.7713987850461,0.20808252662952098,0.001403075346007899,147.88617929700675,3.1060126442254568,0.0036299714698505166
5.93,2.442433221227807,757.772737044872,0.20808862830073363,0.001398725570187889,147.8909049810682,3.1010184616488052,0.0036254456973827866
5.9350000000000005,2.4437745435517217,757.7740747021373,0.2080947034228961,0.0013943946894224813,147.8955519353733,3.096035096133969,0.003620923805256535
5.94,2.4451180999604434,757.7754116911665,0.20810075216177693,0.00139008258296387,147.90017073947635,3.091062503959381,0.003616405802203625
5.945,2.446463824577778,757.7767479462639,0.2081067746843013,0.0013857891298134804,147.9048004696713,3.0861006413632044,0.003611891696897043
5.95,2.4478116621071826,757.7780834126116,0.20811277113333065,0.0013815142327120165,147.90934901859112,3.0811494711490672,0.003607381496328531
5.955,2.449161557040332,757.7794180351473,0.20811874164028674,0.0013772577935474521,147.91390410831315,3.076208957036273,0.003602875207475208
5.96,2.450513455828479,757.7807517609007,0.2081246863344321,0.0013730197183684295,147.91850111118794,3.0712790639587517,0.0035983728369732544
5.965,2.451867306049565,757.78208453826,0.2081306053493651,0.0013687999159435846,147.92305927210032,3.0663597574267136,0.0035938743911833365
5.97,2.453222984329262,757.7834162459859,0.20813649898214168,0.0013645981740138164,147.92758689667156,3.0614509572367954,0.0035893798848232205
5.9750000000000005,2.4545805184901863,757.7847469113793,0.2081423671660052,0.0013604145402219435,147.9320832754675,3.0565526814347472,0.0035848893146038356
5.98,2.4559398710244023,757.786076497728,0.20814820999405292,0.0013562489479799025,147.93655226767223,3.0516649049679523,0.003580402684938823
5.985,2.457300968663302,757.7874049333491,0.20815402764472404,0.001352101269675005,147.94100097411047,3.046787579636505,0.0035759200043875236
5.99,2.4586637062134757,757.7887321157399,0.20815982036288092,0.0013479713304448899,147.94543410193438,3.0419206388921167,0.00357144128484258
5.995,2.4600279236496654,757.7900578892849,0.2081655885192906,0.001343858865788579,147.9498532484131,3.037063982150192,0.0035669665441848387
6.0,2.461393740815727,757.7913823705644,0.20817133183587913,0.0013397640741126763,147.95425657351228,3.0322176848572355,0.0035624957689948367
6.005,2.4627611577116615,757.7927055595783,0.2081770503126465,0.001335686955417182,147.95864407723192,3.027381747013246,0.003558028959272574
6.01,2.4641298039253043,757.7940270987322,0.20818274484635066,0.0013316268699465105,147.9630188425454,3.0225559263979638,0.003553566155200494
6.015000000000001,2.465499656294264,757.7953469656652,0.20818841549306724,0.0013275837776958446,147.96738106223546,3.017740207865014,0.0035491073592912614
6.0200000000000005,2.4668709129017405,757.7966653516061,0.20819406177324198,0.0013235580207836349,147.97172908763793,3.012934720945147,0.0035446525500567407
6.025,2.4682435737477344,757.7979822565549,0.20819968368687497,0.00131954959920988,147.9760629187528,3.008139465638362,0.003540201727496931
6.03,2.469617638832246,757.7992976805115,0.20820528123396614,0.0013155585129745807,147.9803825555801,3.0033544419446585,0.0035357548916118324
6.035,2.4709931058603214,757.8006116212719,0.20821085441960813,0.001311584758465911,147.98468758970077,2.998579648442556,0.0035313120426367635
6.04,2.4723697329360177,757.8019238465155,0.2082164037805811,0.0013076279549851186,147.98893497235724,2.9938149353030967,0.0035268732053750163
6.045,2.473747491398012,757.803234329023,0.20822192938695663,0.001303688050594608,147.99316402398298,2.989060285001028,0.0035224383827569213
6.05,2.475126301072544,757.8045429922181,0.2082274314237024,0.0012997649122172424,147.9973977847576,2.98431564805952,0.0035180075829371027
6.055,2.4765060888700274,757.8058497666568,0.20823291005765887,0.0012958584232323014,148.0015880936731,2.979580978975239,0.003513580813061514
6.0600000000000005,2.4778867536559583,757.8071545566187,0.20823836550770572,0.0012919684250396373,148.00578497632975,2.9748562170537403,0.0035091580827211082
6.065,2.479268302582541,757.8084573688793,0.2082437977582069,0.0012880949289116631,148.00998602006578,2.9701413666136136,0.003504739391232589
6.07,2.4806506651910967,757.8097581371322,0.20824920697157795,0.0012842378200134388,148.0141704865518,2.965436383504162,0.0035003247451075867
6.075,2.4820337753540276,757.8110567990618,0.20825459329863868,0.0012803969912974142,148.01832747442717,2.9607412265977597,0.00349591415049974
6.08,2.4834176271921424,757.812353349314,0.20825995674569633,0.0012765724381139023,148.02246004600744,2.9560558937956634,0.003491507607804892
6.085,2.4848020800900006,757.8136476559063,0.2082652976133503,0.0012727639466163074,148.02655643526154,2.9513803020537472,0.0034871051296800266
6.09,2.486187197841892,757.8149397787274,0.20827061576563127,0.0012689716134713868,148.03062321034287,2.9467144889399215,0.003482706710378778
6.095,2.487572886272238,757.8162296297669,0.20827591141688986,0.0012651952842248934,148.0346915468919,2.942058395383239,0.003478312358228803
6.1000000000000005,2.488959061583841,757.817517130923,0.2082811847423524,0.001261434834865706,148.03874139775658,2.937411972714554,0.003473922080433558
6.105,2.4903456031426816,757.8188021701485,0.20828643599336552,0.0012576900854404383,148.04278593168937,2.932775150816082,0.0034695358871575594
6.11,2.4917325643253987,757.820084797024,0.20829166505870747,0.0012539611155620131,148.04681966667064,2.9281479607125824,0.0034651537739016107
6.115,2.493119662874295,757.8213647509665,0.20829687255014512,0.0012502474887709123,148.05084261257173,2.923530233095567,0.003460775763627501
6.12,2.494506990211383,757.8226421163774,0.20830205826952988,0.0012465493464344328,148.05485476619535,2.9189220228033013,0.003456401848898009
6.125,2.4958945961513863,757.8239169392464,0.2083072221088931,0.0012428667655818649,148.05885612579934,2.914323359716479,0.0034520320256606852
6.13,2.4972824806943046,757.8251892195733,0.20831236406823475,0.0012391997462132083,148.0628466913837,2.9097342438350986,0.003447666293915529
6.135,2.498670548383822,757.8264588696011,0.20831748434518219,0.001235548149099478,148.0667904780919,2.9051546197477287,0.0034433046611719877
6.140000000000001,2.500058682798034,757.8277257824326,0.20832258318072525,0.0012319118014824143,148.07070431338695,2.900584419873897,0.003438947136537561
6.1450000000000005,2.5014467935699782,757.8289898755289,0.2083276607622998,0.0012282905688155658,148.0746047617197,2.8960235921052693,0.003434593726873545
6.15,2.5028348556932407,757.8302511261268,0.20833271714158486,0.0012246844148800754,148.0784784769084,2.891472122126057,0.003430244434034466
6.155,2.5042226894068467,757.8315093709848,0.2083377526817748,0.0012210930784713652,148.0823676563975,2.8869299073482653,0.003425899271102717
6.16,2.505610388133837,757.8327646949746,0.20834276719369907,0.001217516695445576,148.08625425557716,2.882397001121307,0.0034215582312591207
6.165,2.506997897406557,757.8340170488908,0.20834776079213577,0.0012139551841321224,148.0901335546456,2.8778733714377602,0.0034172213183263265
6.17,2.508385041994789,757.8352662744327,0.2083527338463423,0.0012104082817850697,148.09399036932672,2.8733589153251744,0.0034128885446023426
6.175,2.509771919722963,757.8365124599736,0.2083576861501761,0.001206876135085575,148.09783317642987,2.868853690269189,0.003408559903221654
6.18,2.511158408309491,757.8377554955905,0.20836261794832944,0.0012033585697219021,148.10165599564155,2.8643576272867746,0.003404235402484933
6.1850000000000005,2.512544399501197,757.8389952839711,0.20836752945742282,0.0011998554313797333,148.1054535327228,2.859870665308783,0.0033999150497405813
6.19,2.5139299761509886,757.8402318995948,0.208372420511663,0.0011963668381654406,148.10922983968487,2.855392851075243,0.00339559883936441
6.195,2.5153147922152073,757.841465033568,0.2083772917766681,0.001192892314918579,148.11298873662125,2.8509239948187646,0.0033912867938073322
6.2,2.5166989118681857,757.8426947431757,0.2083821431289983,0.0011894319497583886,148.11672951508967,2.8464641317320054,0.003386978908905791
6.205,2.5180824325424913,757.8439211153902,0.20838697438124107,0.0011859858764717507,148.12045109949898,2.842013315246153,0.003382675178338474
6.21,2.519465354238123,757.8451441502116,0.20839178553339646,0.0011825540950586653,148.1241534898491,2.8375715453612065,0.0033783756021053815
6.215,2.5208474780809205,757.8463636717717,0.20839657699861788,0.0011791363106550472,148.12783660891782,2.8331387062372375,0.0033740801921430053
6.22,2.522228575312643,757.8475794777758,0.20840134925214177,0.0011757321840886832,148.13150036787889,2.8287146646274817,0.003369788962181492
6.2250000000000005,2.5236088699001615,757.8487917662815,0.20840610182868555,0.0011723420474277825,148.13514485369805,2.8242995509878326,0.0033655018987782744
6.23,2.5249883618434765,757.850000537289,0.20841083472824926,0.001168965900672346,148.13877006637532,2.8198933653182916,0.003361219001933354
6.235,2.526367042386985,757.8512057830895,0.20841554796683096,0.0011656037322985522,148.14237821613128,2.8154961029116783,0.003356940272158612
6.24,2.527744726995318,757.8524073412107,0.20842024188162342,0.001162255299421436,148.14601582200706,2.811107664557558,0.0033526657202424645
6.245,2.5291213301575284,757.853605136816,0.208424916644259,0.0011589204823003417,148.14962584736958,2.806728003464896,0.0033483953510275873
6.25,2.530496746762461,757.8547990782941,0.2084295724508219,0.001155599139655853,148.1532357645373,2.802357062788898,0.0033441291702530885
6.255,2.5318709795868775,757.8559891681455,0.20843420929695897,0.0011522912748186324,148.15684091287008,2.7979948439122517,0.0033398671777227743
6.26,2.5332438312690244,757.8571752354726,0.20843882756376167,0.001148996616349231,148.16042929724918,2.7936412383436355,0.0033356093835907085
6.265000000000001,2.5346154067494595,757.8583573711627,0.20844342704878938,0.0011457153084835755,148.16400637609397,2.7892963037423395,0.003331355782447648
6.2700000000000005,2.5359856958323888,757.8595355664231,0.20844800777101383,0.001142447337828726,148.16756906259934,2.7849600346698224,0.003327106374807937
6.275,2.5373545775086916,757.8607097168947,0.20845256995560227,0.0011391925454301193,148.17108072091878,2.78063236657856,0.003322861166776064
6.28,2.5387219873001587,757.8618797671978,0.20845711372197234,0.0011359508436574468,148.17459083180805,2.7763132645584165,0.003318620161454574
6.285,2.540087834556094,757.8630456397786,0.2084616392384371,0.0011327221133457144,148.17807895921035,2.77200268037748,0.003314383363130437
6.29,2.54145210890932,757.8642073257773,0.20846614652425266,0.0011295063409522477,148.18154088521445,2.767700608538478,0.003310150772290831
6.295,2.5428146579639637,757.865364695623,0.20847063586582673,0.0011263033213938405,148.18498941016443,2.7634069664049536,0.003305922395670414
6.3,2.5441754990492207,757.8665177640589,0.20847510723063165,0.0011231130779345766,148.18842364690494,2.759121763355341,0.0033016982324978934
6.305,2.5455346691025684,757.8676665625101,0.20847956054933406,0.0011199356601622546,148.19184170444888,2.754845019379935,0.0032974782811292422
6.3100000000000005,2.546892084438526,757.8688110200573,0.20848399597009298,0.001116770960997075,148.19527090814884,2.7505766905729443,0.003293262545231055
6.315,2.5482476589446224,757.8699510638713,0.2084884136497526,0.0011136188688388546,148.19870350248718,2.7463167315345656,0.0032890510285014515
6.32,2.549601317940435,757.8710866311177,0.20849281372715295,0.0011104792859800614,148.20210996651173,2.742065102799036,0.0032848437339990876
6.325,2.5509529911839617,757.8722176628091,0.2084971963257237,0.0011073521228061535,148.20552142311948,2.7378217676805465,0.003280640664569077
6.33,2.5523026643784372,757.8733441471416,0.2085015614733677,0.001104237360489399,148.2089149755053,2.7335867185564706,0.0032764418206958036
6.335,2.553650254164501,757.8744660144234,0.20850590932254728,0.0011011348912857892,148.21226740898027,2.7293599115458624,0.0032722472056056456
6.34,2.5549957355398716,757.8755832439655,0.20851023991550288,0.001098044683518121,148.2156103923986,2.7251413335976213,0.003268056820172099
6.345,2.556339035352021,757.8766957748627,0.2085145533818907,0.0010949666433928576,148.21896938322257,2.72093094633457,0.0032638706671147357
6.3500000000000005,2.5576801146227,757.877803574987,0.2085188497935538,0.001091900721627973,148.22230216203621,2.7167287295342377,0.0032596887477678465
6.355,2.559018914665423,757.8789065957343,0.20852312925669306,0.0010888468435279075,148.22558496226375,2.712534652587824,0.0032555110642222725
6.36,2.560355382235545,757.8800047933269,0.20852739186526756,0.0010858049402510718,148.2288543155413,2.70834868730568,0.003251337618193061
6.365,2.5616894759205597,757.8810981336222,0.20853163769305147,0.0010827749585651848,148.2321217770091,2.7041708118841443,0.0032471684110669283
6.37,2.56302112035205,757.88218655488,0.20853586686635667,0.0010797568081231015,148.23539056113592,2.7000009886711633,0.0032430034453581
6.375,2.5643502905021096,757.8832700365633,0.20854007942782077,0.0010767504583539286,148.23866328693268,2.695839204986719,0.0032388427219023157
6.38,2.5656769537641653,757.884348552149,0.20854427544119838,0.0010737558647768164,148.24191786446298,2.691685442972096,0.0032346862415841013
6.385,2.5670010304678654,757.8854220366758,0.20854845504510722,0.0010707729282447005,148.24515759611515,2.687539661605999,0.003230534006845613
6.390000000000001,2.5683223705550504,757.8864903685225,0.20855261849390372,0.0010678014674096626,148.2483761937887,2.6834017854433316,0.0032263860221293694
6.3950000000000005,2.5696410372878633,757.8875535989615,0.20855676567992606,0.0010648415589468146,148.25157809326106,2.6792718463454697,0.003222242285567638
6.4,2.5709568562828595,757.8886115877838,0.2085608969110835,0.0010618929829722752,148.25476258259033,2.675149753697989,0.003218102801609635
6.405,2.572269713485695,757.889664243286,0.2085650123887583,0.0010589555956754444,148.25792919125408,2.671035448236111,0.0032139675731655856
6.41,2.5735797540771035,757.8907116821982,0.2085691118566093,0.0010560295801140447,148.2610785181842,2.6669290053984707,0.0032098365965310396
6.415,2.574886978057085,757.8917539045202,0.20857319531463658,0.0010531149362880763,148.26421056338074,2.6628304251850676,0.003205709871705998
6.42,2.5761913846144258,757.8927909096034,0.2085772627641685,0.001050211663235256,148.26732561228638,2.658739707184641,0.0032015873987111597
6.425,2.5774928150944487,757.8938225705597,0.20858131446500902,0.0010473195727551234,148.27047949094282,2.654656770964039,0.0031974691815949263
6.43,2.5787912030159235,757.8948488345613,0.20858535053749377,0.0010444385818264908,148.2736102965614,2.6505815832417112,0.0031933552218615575
6.4350000000000005,2.5800864600801603,757.8958696316587,0.20858937112995873,0.0010415685837322098,148.27673412967073,2.6465140996556147,0.003189245521489779
6.44,2.5813785674920524,757.8968849470281,0.20859337627340907,0.0010387095559005663,148.27985994619036,2.642454310705336,0.0031851400808757878
6.445,2.582667372352974,757.8978946605515,0.20859736623181638,0.001035861310789302,148.28296607064854,2.638402138359566,0.003181038902948945
6.45,2.5839529505299064,757.898898831867,0.20860134087460552,0.0010330239413093565,148.28606021262124,2.634357621289549,0.00317694198623659
6.455,2.5852352695073075,757.899897435536,0.20860530025607693,0.0010301974092021085,148.28913114114187,2.6303207433220877,0.0031728493313747477
6.46,2.586514232623327,757.9008903959909,0.20860924453720858,0.0010273816001072481,148.29216541309825,2.6262914562551805,0.0031687609402098554
6.465,2.5877897641703056,757.9018776543966,0.20861317384300537,0.0010245764232471558,148.29519420362146,2.6222697221201625,0.003164676814014163
6.47,2.58906180604335,757.9028591657449,0.2086170882701567,0.0010217818103408418,148.29820068347863,2.6182555120719497,0.0031605969537636933
6.4750000000000005,2.59033028642817,757.9038348749283,0.20862098794088166,0.0010189976737264139,148.30119199390816,2.614248789397696,0.0031565213603431596
6.48,2.5915951048304824,757.904804704603,0.20862487302505292,0.0010162238919381773,148.30417018747198,2.610249503126738,0.003152450035122877
6.485,2.5928563506639155,757.9057687235847,0.20862874337152823,0.0010134605730488318,148.30713343792686,2.6062576986096357,0.0031483829768836234
6.49,2.5941140239284683,757.9067269318737,0.20863259898030756,0.0010107077170583773,148.3100817452728,2.602273375846389,0.0031443201856254
6.495,2.595367984114514,757.9076792219313,0.20863644007560664,0.0010079651619334046,148.31305419833745,2.5982964654042155,0.0031402616633176748
6.5,2.5966181996377626,757.9086255698154,0.20864026671312458,0.0010052328693424925,148.31601958310026,2.5943269514447787,0.0031362074102642325
6.505,2.5978646085259944,757.9095659284409,0.20864407899777468,0.0010025107655088688,148.31895267707822,2.590364803041965,0.003132157427141402
6.51,2.599107147179076,757.9105002497203,0.20864787703035487,0.000999798776278529,148.3218987638261,2.586409988498678,0.003128111714601625
6.515000000000001,2.6003457269465446,757.9114284671017,0.20865166095648066,0.0009970967996951175,148.32481321346827,2.5824624643801295,0.003124070273471211
6.5200000000000005,2.6015803485305913,757.912350581113,0.20865543077500232,0.000994404836568721,148.32769626993831,2.578522231031353,0.0031200331037434864
6.525,2.602810965357655,757.9132665570818,0.2086591865635341,0.0009917228306080775,148.3305654713035,2.574589264631544,0.0031160002056246
6.53,2.604037494403018,757.9141763330227,0.2086629284597302,0.0009890506827949154,148.33343457777784,2.570663523202365,0.0031119715796048782
6.535,2.6052599635411933,757.9150799298473,0.20866665641556653,0.0009863884277314101,148.3362975804765,2.5667450212473404,0.0031079472255456297
6.54,2.6064782098129644,757.9159772267067,0.2086703706865875,0.0009837358820608164,148.33917024209097,2.5628336796900735,0.0031039271446191854
6.545,2.6076923038019753,757.916868275945,0.20867407116210737,0.0009810931252016996,148.34204573521848,2.558929532781467,0.003099911336317766
6.55,2.6089021846178793,757.9177530327443,0.20867775794853433,0.0009784600822911702,148.3448986485586,2.5550325491424966,0.0030958998006873043
6.555,2.6101077748811963,757.9186314402357,0.20868143116947832,0.000975836664646147,148.34773625983507,2.55114269055548,0.0030918925380397865
6.5600000000000005,2.611308958854428,757.9195034140329,0.20868509100482108,0.000973222743901707,148.35055432085457,2.5472599013415937,0.003087889548830865
6.565,2.6125057629431345,757.9203689733965,0.20868873741327237,0.0009706183494978081,148.35335434119156,2.543384194247148,0.00308389083296088
6.57,2.613698023098693,757.92122800004,0.20869237066310606,0.0009680232895890827,148.35613805733553,2.5395154870931163,0.003079896390175269
6.575,2.6148857110705,757.9220804735828,0.20869599080043602,0.0009654375312077731,148.358905583455,2.535653765751793,0.0030759062204368795
6.58,2.6160689080664588,757.9229264526091,0.20869959769270524,0.0009628611691214997,148.3616565913661,2.531799070834038,0.003071920323852508
6.585,2.61724761408657,757.9237659371188,0.20870319133991372,0.0009602942033302622,148.3643910810689,2.527951402339852,0.003067938700422154
6.59,2.6184217676142807,757.9245988830326,0.20870677183562897,0.0009577365656151667,148.36713773196644,2.52411073008122,0.003063961350130446
6.595,2.619591259306369,757.9254252121741,0.20871033935163236,0.000955188133114145,148.36989803902807,2.5202770005054673,0.003059988272839608
6.6000000000000005,2.6207560153769416,757.926244872304,0.2087138940081958,0.0009526488212990621,148.3726408747825,2.5164501776286485,0.0030560194682476907
6.605,2.6219160095427356,757.9270578448666,0.20871743584509364,0.0009501186008255665,148.3753857749093,2.5126302486016177,0.003052054936261158
6.61,2.6230710958214094,757.9278640276726,0.20872096509428936,0.0009475973078169306,148.3780906633583,2.50881714214967,0.0030480946760801245
6.615,2.624221342905694,757.9286634688564,0.20872448164687546,0.0009450850194057525,148.38077116262463,2.505010891813841,0.003044138688068051
6.62,2.625366720779969,757.9294561476125,0.2087279855517148,0.0009425817004511602,148.38343165859632,2.5012114823815956,0.003040186971914175
6.625,2.6265070695462143,757.9302419529791,0.2087314770683761,0.0009400871645770019,148.38608908113156,2.4974188331327594,0.0030362395260502177
6.63,2.627642474007848,757.931020943806,0.20873495605919468,0.0009376015106296221,148.38873445132083,2.4936329868780356,0.0030322963513079305
6.635,2.6287728454623487,757.9317930591258,0.2087384226584121,0.0009351246418879604,148.39138372485704,2.489853900856081,0.003028357447028599
6.640000000000001,2.6298980730044397,757.9325582227111,0.2087418770338714,0.0009326564374211152,148.39405685123526,2.4860815216021406,0.0030244228123886257
6.6450000000000005,2.6310182323620905,757.9333164866116,0.20874531907096652,0.0009301969798027207,148.396740208608,2.482315885622841,0.0030204924479503782
6.65,2.632133186749507,757.9340677580202,0.2087487489943973,0.0009277461092795096,148.3994138590437,2.478556923674632,0.003016566351744721
6.655,2.633242912198492,757.934812020675,0.20875216684353654,0.0009253037978588253,148.40207430893193,2.4748046236243604,0.003012644523426616
6.66,2.6343474534806597,757.9355493049528,0.20875557254483737,0.0009228700978298089,148.40472808419443,2.4710590081362622,0.003008726963640582
6.665,2.6354466032787935,757.9362794717686,0.20875896642067437,0.0009204447796786526,148.4073532627039,2.4673199756984525,0.0030048136697095385
6.67,2.6365404342167036,757.9370025698444,0.20876234835811877,0.0009180279238046958,148.40995752384384,2.463587561870834,0.003000904642571274
6.675,2.6376289301845293,757.9377185886249,0.2087657183813993,0.0009156195129274714,148.41253983867395,2.4598617588712863,0.0029969998819887995
6.68,2.6387118980618873,757.9384274002426,0.20876907678530499,0.0009132193369654703,148.41508430849402,2.4561424728499497,0.0029930993852741827
6.6850000000000005,2.63978943695662,757.9391290703184,0.20877242341855248,0.0009108275037308485,148.41759909239028,2.4524297519698233,0.002989203153806848
6.69,2.640861527321105,757.939823586065,0.20877575831314119,0.0009084439898855202,148.4200939334064,2.4487235861632484,0.0029853111871385963
6.695,2.6419280834497254,757.9405108914294,0.20877908160917732,0.0009060686933428675,148.4226093954494,2.445023931340207,0.0029814234833173575
6.7,2.642989049462399,757.9411909501741,0.20878239339196092,0.0009037015549859164,148.42510458963912,2.441330760353372,0.002977540041478186
6.705,2.6440443727584633,757.9418637282959,0.20878569374115563,0.0009013425168930133,148.42759993201352,2.4376440474639476,0.002973660860630919
6.71,2.645094008460413,757.9425291971341,0.20878898272434543,0.0008989915303434965,148.43010362842955,2.4339637709183295,0.0029697859398924394
6.715,2.646137916763003,757.9431873315815,0.20879226040684637,0.0008966485511610807,148.43256051550352,2.430289910822738,0.0029659152783480377
6.72,2.6471760439097918,757.9438380972182,0.2087955268686276,0.0008943135205743985,148.43500466017673,2.426622440903576,0.0029620488749289705
6.7250000000000005,2.6482083511653,757.9444814698871,0.2087987821657981,0.0008919863955274173,148.4374993027991,2.4229613418641045,0.0029581867286526255
6.73,2.649234804937514,757.9451174288365,0.2088020263567005,0.0008896671378047918,148.43996804753655,2.419306596641648,0.0029543288385853006
6.735,2.6502553467805297,757.9457459379098,0.2088052595309523,0.0008873556823100948,148.44243223223418,2.415658176006538,0.0029504752031885785
6.74,2.6512699492128395,757.9463669801806,0.208808481732601,0.0008850519986268577,148.44486807863424,2.4120160662781576,0.0029466258217408178
6.745,2.652278569416311,757.9469805295341,0.20881169302701905,0.0008827560384514616,148.44730887706962,2.408380245778317,0.0029427806929805196
6.75,2.6532811840735606,757.9475865717069,0.20881489345019705,0.0008804677756002138,148.44976406692828,2.404750702750777,0.002938939816240644
6.755,2.65427773072734,757.9481850690177,0.20881808310314054,0.0008781871399838757,148.45218630026943,2.401127405582788,0.002935103189627528
6.76,2.6552682059443735,757.9487760193895,0.20882126199135048,0.0008759141277491319,148.45457378415867,2.397510352537966,0.0029312708130382692
6.765000000000001,2.656252524010742,757.9493593715581,0.2088244302450674,0.0008736486428369703,148.45698896952058,2.3938995002095296,0.002927442683769163
6.7700000000000005,2.657230700581118,757.9499351349394,0.20882758784081903,0.0008713907027018606,148.45941749023183,2.3902948564842568,0.002923618802295416
6.775,2.6582026424191985,757.9505032544535,0.20883073492963286,0.0008691402011283114,148.46181904107806,2.386696373417299,0.002919799165399817
6.78,2.6591683649883158,757.9510637393482,0.208833871485216,0.0008668971564503721,148.4642040516541,2.383104059178733,0.0029159837736502953
6.785,2.660127778653722,757.9516165372727,0.2088369976450214,0.0008646614708046538,148.466561783521,2.379517868982551,0.002912172624171484
6.79,2.66108090259696,757.952161659512,0.2088401133804296,0.0008624331642524678,148.46890131199146,2.3759378121321433,0.0029083657174886245
6.795,2.6620276753100995,757.9526990706054,0.20884321878924167,0.0008602121659578038,148.47124110135982,2.3723638566761918,0.0029045630512280966
6.8,2.6629680254675065,757.9532287300709,0.20884631398127115,0.0008579983977822401,148.47357138339942,2.3687959666171894,0.0029007646228446323
6.805,2.6639018929922544,757.9537506040648,0.20884939904856054,0.0008557917934446088,148.47590110399784,2.3652341115537454,0.002896970430107599
6.8100000000000005,2.6648293187047054,757.9542647156103,0.20885247392850387,0.0008535923979660039,148.47822553428566,2.3616783121425176,0.0028931804745261627
6.815,2.665750266792735,757.9547710447999,0.20885553868106507,0.0008514001688533272,148.48053540652148,2.3581285492134167,0.002889394754461384
6.82,2.6666646794761037,757.9552695596008,0.20885859339963095,0.0008492150393858857,148.4828281503018,2.3545847923570937,0.0028856132674092375
6.825,2.667572496102835,757.9557602268823,0.20886163817540898,0.0008470369436744108,148.48511708040743,2.3510470108728474,0.00288183601100694
6.83,2.668473649110079,757.9562430101173,0.20886467311396778,0.0008448658067778107,148.48738863827532,2.3475151701955297,0.002878062982428091
6.835,2.6693681805000047,757.956717932066,0.2088676981499488,0.0008427016752140511,148.48964856257945,2.34398929180201,0.0028742941834149563
6.84,2.670256053049338,757.9571849728674,0.2088707133447214,0.0008405445044984205,148.49190900633153,2.3404693554885623,0.0028705296120685227
6.845,2.671137211183467,757.9576441030011,0.20887371878774563,0.0008383942306533118,148.49416868635532,2.336955331797342,0.002866769265752368
6.8500000000000005,2.672011586466273,757.9580952867855,0.2088767145847532,0.0008362507784035893,148.4964186262022,2.3334471855245136,0.002863013141425839
6.855,2.6728791473751072,757.9585385079257,0.20887970078451593,0.0008341141124566701,148.4986671237241,2.329944900295105,0.002859261237608607
6.86,2.6737399177832186,757.9589737788327,0.20888267735040691,0.0008319842592414242,148.5009095819135,2.3264484884138255,0.0028555135553819415
6.865,2.674593840200496,757.9594010701977,0.20888564437954493,0.0008298611500263907,148.50312856523067,2.322957918397998,0.002851770091561206
6.87,2.675440871910512,757.9598203604769,0.20888860193676373,0.0008277447374919253,148.50534391540654,2.319473167923825,0.0028480308440933127
6.875,2.6762809217606223,757.9602316046613,0.20889155016659988,0.0008256349187096125,148.50754355580122,2.315994188855315,0.002844295808271834
6.88,2.677114021118779,757.9606348182467,0.2088944890193475,0.0008235317290911962,148.50973131341456,2.312520997755245,0.0028405649857145537
6.885,2.677940161466575,757.9610299971534,0.20889741850971985,0.0008214351579064314,148.51191147324576,2.3090535897175797,0.0028368383758498395
6.890000000000001,2.6787592855297064,757.9614171136651,0.20890033873322358,0.0008193451362171215,148.51409624221466,2.305591932896729,0.0028331159752020977
6.8950000000000005,2.679571354144091,757.9617961491343,0.20890324975184388,0.0008172616205316286,148.5162661118018,2.302136006553703,0.0028293977817123394
6.9,2.6803762683273953,757.9621670574693,0.20890615172267005,0.0008151844976359338,148.51843717239376,2.2986857573958814,0.0028256837897007126
6.905,2.681174077147277,757.9625298615546,0.20890904456779105,0.0008131138236103949,148.5206029747074,2.29524121183131,0.0028219740019735
6.91,2.681964768901551,757.9628845560636,0.2089119283076346,0.0008110495839953924,148.52275982121316,2.2918023631604676,0.002818268417728774
6.915,2.6827482866516297,757.9632311151066,0.20891480304078802,0.0008089917088615745,148.52489304916705,2.2883691789093756,0.0028145670331048843
6.92,2.6835245922522044,757.9635695216164,0.2089176688253136,0.0008069401555891983,148.52702556735284,2.2849416385488,0.002810869845912968
6.925,2.684293596859291,757.9638997369489,0.20892052580628867,0.0008048948210767418,148.5291399505174,2.2815196932107757,0.0028071768505197143
6.93,2.685055342238715,757.9642217793055,0.2089233739156866,0.000802855753738789,148.53124281866266,2.2781033658543532,0.002803488049563405
6.9350000000000005,2.6858098113527364,757.9645356414546,0.20892621318286556,0.0008008229322601823,148.53334054639623,2.274692646523507,0.002799803441768923
6.94,2.6865569523947195,757.9648413014847,0.20892904369633886,0.000798796292780742,148.53544346554335,2.2712875052234827,0.002796123023353666
6.945,2.6872967184359564,757.9651387401285,0.2089318655327745,0.0007967757812032601,148.53753371461565,2.267887915879975,0.0027924467912299774
6.95,2.6880290526486523,757.9654279345267,0.20893467878517963,0.000794761330316574,148.5396244546543,2.264493846420915,0.0027887747414151475
6.955,2.6887539868705748,757.9657088975295,0.20893748340140741,0.0007927529777063403,148.54171045933717,2.261105314794397,0.002785106876127632
6.96,2.6894714873179506,757.9659816159291,0.20894027944208876,0.0007907506804919062,148.5437796894451,2.2577223008113596,0.002781443192617084
6.965,2.690181512485915,757.9662460736665,0.20894306697788662,0.0007887543878778423,148.54583616717105,2.2543447802137333,0.0027777836876987276
6.97,2.6908840031036205,757.9665022487175,0.20894584610726302,0.0007867640291112557,148.5478848500556,2.250972718852622,0.0027741283569274757
6.9750000000000005,2.691578937768027,757.9667501332802,0.2089486168667834,0.0007847795782858731,148.54991943477071,2.247606104287742,0.0027704771986417063
6.98,2.692266338579824,757.9669897354889,0.20895137921902904,0.0007828010620524174,148.55194328087978,2.244244949333262,0.0027668302145375475
6.985,2.692946157486973,757.9672210383134,0.20895413325005827,0.000780828418016731,148.5539728793022,2.240889224407987,0.0027631874003166343
6.99,2.6936183639371016,757.9674440312176,0.20895687901250296,0.0007788616091300353,148.5559937971907,2.237538911461093,0.002759548753529608
6.995,2.694282895160075,757.9676586934586,0.20895961661396392,0.0007769005581399232,148.5580097661093,2.2341939730311937,0.0027559142689182947
7.0,2.6949397432386144,757.9678650224946,0.20896234606797662,0.0007749452551968662,148.560024154374,2.2308544043587264,0.002752283945799406
7.005,2.6955889256640266,757.9680630240648,0.2089650673445922,0.0007729957218914522,148.56203396994354,2.227520215901941,0.0027486577856497916
7.01,2.6962303944342527,757.9682526832024,0.20896778053463416,0.0007710518940145058,148.56402025391773,2.224191377020805,0.0027450357837150376
7.015000000000001,2.696864120843561,757.9684339912554,0.20897048568624846,0.0007691137362305731,148.5660015990044,2.2208678702926874,0.0027414179375047612
7.0200000000000005,2.697490045106141,757.9686069311887,0.20897318290551056,0.0007671811728384744,148.56797139666654,2.2175496587495496,0.002737804241486161
7.025,2.6981081668463656,757.9687715029404,0.208975872193286,0.0007652542032974052,148.56992789168916,2.214236742137262,0.0027341946956124723
7.03,2.698718493974277,757.9689277088286,0.20897855353595923,0.0007633328371540682,148.57187568895617,2.210929125158275,0.002730589300547842
7.035,2.6993209837098866,757.9690755375083,0.20898122701419045,0.0007614170158231179,148.57383231468123,2.2076267795904325,0.0027269880516760992
7.04,2.699915606775725,757.9692149815959,0.20898389268114145,0.0007595067022358676,148.57577514285805,2.2043296870118088,0.0027233909462041047
7.045,2.7005022964744945,757.9693460255934,0.2089865506579563,0.0007576018088759325,148.5777198761017,2.20103780440845,0.002719797977263342
7.05,2.7010810824040226,757.9694686764035,0.2089892008908648,0.000755702374543466,148.57966052141748,2.19775115085518,0.0027162091478950714
7.055,2.7016519509019807,757.9695829311144,0.2089918434072938,0.0007538083798683367,148.58159081397213,2.194469716956343,0.002712624456473648
7.0600000000000005,2.7022148635873986,757.9696887816305,0.20899447828263623,0.0007519197712167724,148.58350210072518,2.1911934765531367,0.0027090438985327625
7.065,2.7027697852661987,757.9697862212768,0.20899710558100754,0.0007500365019080204,148.5854106349191,2.187922406345331,0.0027054674702655774
7.07,2.7033166706340164,757.9698752421668,0.20899972538938652,0.0007481585101810301,148.58730376975666,2.1846564757578393,0.002701895166498739
7.075,2.703855545708258,757.9699558488948,0.20900233765807036,0.0007462858314212153,148.58918667144104,2.1813957023174786,0.002698326990187687
7.08,2.704386389017797,757.9700280381439,0.20900494243055412,0.0007444184340185379,148.59106908523924,2.178140070569691,0.0026947629385149574
7.085,2.704909167748922,757.9700918050412,0.2090075397725851,0.000742556270790096,148.59295244793648,2.174889557222082,0.002691203007324187
7.09,2.7054238449885433,757.9701471451083,0.2090101297564699,0.0007406992904171246,148.5948256088325,2.1716441365012003,0.0026876471921335357
7.095,2.7059303873897074,757.9701940547832,0.20901271244774466,0.000738847445417339,148.59669991054366,2.1684037847198447,0.002684095488706659
7.1000000000000005,2.706428817498957,757.9702325365635,0.20901528780209147,0.0007370007677797674,148.5985703430527,2.1651685178475177,0.0026805478998864008
7.105,2.706919112010823,757.9702625884934,0.2090178558704769,0.0007351592215269686,148.60042469729618,2.161938318162225,0.002677004422262743
7.11,2.7074012415763553,757.9702842083484,0.20902041671393798,0.0007333227627921399,148.6022656341622,2.1587131637697126,0.002673465051744235
7.115,2.707875169335887,757.9702973945156,0.2090229704071767,0.0007314913376624964,148.6041013176805,2.1554930273995683,0.002669929783313982
7.12,2.708340873717119,757.9703021464004,0.20902551699584476,0.0007296649138377086,148.60592238625125,2.152277892814288,0.0026663986139091253
7.125,2.7087983717545,757.9702984645767,0.20902805644427924,0.0007278435166838664,148.6077331954031,2.149067772779144,0.002662871545922793
7.13,2.7092476344962275,757.9702863489388,0.20903058881684167,0.0007260270992918527,148.609550991873,2.1458626439799993,0.0026593485746525935
7.135,2.7096886393091317,757.9702657998128,0.2090331141629361,0.0007242156268745195,148.61136187486656,2.142662488740025,0.0026558296967020994
7.140000000000001,2.710121345436261,757.9702368192618,0.2090356325713349,0.0007224090356464512,148.6131691737043,2.1394672746515413,0.002652314905725093
7.1450000000000005,2.7105457515263836,757.9701994074353,0.2090381440449901,0.0007206073233799923,148.61497536140868,2.136277000592305,0.002648804201490698
7.15,2.7109618632720447,757.9701535641387,0.20904064857232674,0.0007188104985754859,148.61677593557832,2.1330916709090744,0.0026452975848149586
7.155,2.7113696515350383,757.970099292072,0.20904314622395967,0.0007170185113549886,148.61855444955256,2.129911260577315,0.002641795050422537
7.16,2.7117690963125773,757.9700365936224,0.20904563704334475,0.0007152313295958997,148.62033244000966,2.1267357530175475,0.002638296595022523
7.165,2.7121601531727677,757.9699654761251,0.20904812113570956,0.0007134488785224553,148.62209519489446,2.12356510998916,0.002634802210700565
7.17,2.712542840225937,757.9698859366271,0.20905059845828142,0.0007116711885674857,148.62384784536258,2.1203993470586004,0.0026313119006742447
7.175,2.7129171516436394,757.9697979763881,0.20905306902595555,0.000709898248828154,148.6255953945942,2.117238458725734,0.0026278256637115175
7.18,2.7132830612372225,757.9697016009244,0.20905553290464765,0.0007081300115039743,148.62735000333439,2.114082420751326,0.0026243434944836427
7.1850000000000005,2.7136405495959663,757.9695968151686,0.20905799014252308,0.0007063664429612453,148.62909169563474,2.110931215623871,0.0026208653893351436
7.19,2.7139895791293127,757.9694836304195,0.20906044083396158,0.0007046074748188847,148.6308363700227,2.107784808077491,0.0026173913406108114
7.195,2.7143301689371806,757.9693620410219,0.20906288493104339,0.0007028531417149823,148.63257775979207,2.1046432159818806,0.0026139213521809875
7.2,2.714662310281716,757.969232050055,0.20906532245851966,0.0007011034262108065,148.6343090673707,2.1015064304449522,0.002610455421985536
7.205,2.7149859802729295,757.9690936657603,0.2090677534799663,0.0006993582831280589,148.63602137702685,2.0983744283113377,0.0026069935447169215
7.21,2.715301159160551,757.9689468964768,0.2090701780467024,0.0006976176748670845,148.63773255950727,2.0952471898558436,0.0026035357160381716
7.215,2.7156078206939727,757.9687917545904,0.20907259623260457,0.0006958815490985724,148.63942836563444,2.092124687859321,0.0026000819297634656
7.22,2.7159059795285425,757.9686282333033,0.20907500799677667,0.0006941499348910158,148.64111444993318,2.08900693744954,0.0025966321893200017
7.2250000000000005,2.7161956235329985,757.968456339088,0.20907741337557934,0.0006924228056808978,148.64280182959712,2.085893924950697,0.0025931864914049106
7.23,2.7164767346085332,757.9682760819802,0.20907981242321697,0.0006907001226035323,148.6444905324385,2.082785630155229,0.0025897448312364136
7.235,2.7167492915913534,757.9680874757078,0.20908220520377094,0.0006889818401345027,148.64617110320964,2.0796820290556473,0.00258630720322574
7.24,2.717013281677305,757.9678905291714,0.20908459175643487,0.000687267929749862,148.64785290580272,2.0765831066860034,0.0025828736038141795
7.245,2.717268714728729,757.9676852356816,0.20908697205112312,0.0006855584132145433,148.64953165653887,2.0734888744739903,0.0025794440357060147
7.25,2.7175155745746977,757.9674716077236,0.20908934614411523,0.000683853250903248,148.65119120119522,2.07039931182769,0.0025760184937192888
7.255,2.7177538487763875,757.9672496555789,0.20909171407573934,0.0006821524133313866,148.65284417391342,2.0673144031232358,0.00257259697407499
7.26,2.7179835156863827,757.9670193998056,0.2090940759210987,0.0006804558467382517,148.65448848874334,2.064234119838651,0.0025691794697730737
7.265000000000001,2.7182045730826934,757.9667808427214,0.2090964316884596,0.0006787635453480618,148.65612076695655,2.061158458919734,0.0025657659800490456
7.2700000000000005,2.7184170257117546,757.9665339798361,0.2090987813613238,0.0006770755208230167,148.65774476051476,2.058087426557852,0.00256235650641185
7.275,2.718620858131171,757.9662788281399,0.2091011249993055,0.000675391729609725,148.65937853779928,2.0550209999044724,0.002558951042869052
7.28,2.7188160601842304,757.9660153999325,0.20910346264221458,0.0006737121440968131,148.66100123549356,2.051959164087048,0.0025555495857245377
7.285,2.7190026128787044,757.9657437215889,0.2091057943676777,0.0006720367081040961,148.66262433205816,2.048901889058755,0.002552152127246985
7.29,2.719180519463945,757.9654637886368,0.20910812016245053,0.0006703654311959631,148.66424633285393,2.0458491799360163,0.0025487586687507483
7.295,2.719349780819895,757.965175600215,0.20911044002422924,0.0006686983152224526,148.66586284500158,2.0428010377397956,0.0025453692104471163
7.3,2.719510384590557,757.9648791760602,0.20911275401217705,0.0006670353185028085,148.6674574004148,2.039757440368904,0.002541983746310096
7.305,2.7196623228424346,757.9645745301466,0.20911506216116094,0.0006653764150028551,148.66905295237186,2.0367183736434313,0.002538602272682001
7.3100000000000005,2.7198055786416737,757.9642616973567,0.20911736455904498,0.0006637215424542108,148.67063303570785,2.0336838039465017,0.0025352247805442724
7.315,2.719940159593376,757.9639406621533,0.209119661166654,0.0006620707286727887,148.67220381397908,2.03065374629801,0.0025318512739209076
7.32,2.720066062749149,757.9636114315588,0.20912195200121186,0.0006604239610308024,148.67377149945452,2.0276281939408287,0.002528481750891307
7.325,2.7201832791374687,757.9632740272559,0.20912423711539133,0.00065878120130916,148.67534618013696,2.0246071263368988,0.0025251162056746075
7.33,2.720291801634578,757.9629284695949,0.20912651655458966,0.0006571424177546817,148.67690996686903,2.021590526067018,0.0025217546335380213
7.335,2.720391621200035,757.9625747879471,0.20912879038052626,0.0006555075654861499,148.67847674211004,2.018578368664787,0.0025183970276473635
7.34,2.720482742884817,757.9622129662155,0.20913105855907965,0.0006538766692209174,148.68004095355394,2.0155706676085563,0.0025150433917582263
7.345,2.720565162985778,757.9618430186413,0.20913332112161467,0.0006522497069339289,148.68159228862407,2.0125674109877347,0.0025116937223610275
7.3500000000000005,2.720638876038215,757.9614649673749,0.20913557811409653,0.0006506266456985864,148.68313005064465,2.0095685808469588,0.0025083480142537185
7.355,2.7207038767115996,757.9610788403733,0.20913782958824606,0.0006490074479654156,148.68466450015464,2.0065741564245085,0.002505006261517406
7.36,2.720760161535998,757.9606846586196,0.20914007558340644,0.0006473920859730267,148.68618558502203,2.0035841224361035,0.0025016684597094657
7.365,2.720807733111702,757.960282407102,0.20914231607139155,0.0006457805797309699,148.6876978148907,2.0005984899029787,0.002498334612021053
7.37,2.7208465885535675,757.9598721081112,0.20914455109322846,0.0006441728991761254,148.68921568252742,1.9976172423941467,0.002495004713424662
7.375,2.7208767254761095,757.9594537831182,0.20914678068722387,0.0006425690172082864,148.6907310042705,1.9946403648905775,0.002491678759454294
7.38,2.720898141514006,757.9590274675006,0.20914900491147528,0.0006409688922838179,148.69224118816925,1.9916678342228629,0.002488356743205011
7.385,2.720910836072959,757.95859317366,0.20915122378558326,0.00063937251005376,148.69375280280047,1.9886996424092225,0.002485038662262741
7.390000000000001,2.720914809911252,757.9581508884709,0.20915343728838343,0.0006377798858600989,148.69526214492092,1.985735797988923,0.002481724519195185
7.3950000000000005,2.7209100623748426,757.9577006425969,0.20915564547177917,0.0006361909833386678,148.6967503790027,1.9827762808712284,0.0024784143076203896
7.4,2.720896593493216,757.957242456365,0.20915784836507803,0.0006346057806758647,148.69823531647984,1.9798210787382131,0.002475108023801122
7.405,2.720874404762826,757.9567763736155,0.20916004603214944,0.0006330242323603345,148.69971062502302,1.976870165976165,0.002471805659770234
7.41,2.7208434962072263,757.9563023934589,0.2091622384717049,0.0006314463393791552,148.70117489672145,1.9739235431429096,0.0024685072156944063
7.415,2.720803867789436,757.9558205114819,0.2091644256771899,0.0006298721062218355,148.702632846202,1.9709812127804267,0.0024652126923240636
7.42,2.7207555217907724,757.9553307606183,0.20916660769566278,0.0006283014984079811,148.7041011643904,1.9680431555995421,0.0024619220833260722
7.425,2.7206984603008904,757.9548331641179,0.20916878455910848,0.0006267344940038145,148.70555753608502,1.9651093590547248,0.0024586353847710833
7.43,2.720632690158865,757.9543277789758,0.2091709563397707,0.0006251710404992449,148.7070179221322,1.9621797932811595,0.0024553525869887706
7.4350000000000005,2.7205582083636757,757.9538145798948,0.20917312300546362,0.0006236111612399782,148.7084762952447,1.9592544715577367,0.002452073694274259
7.44,2.720475016485522,757.953293577654,0.2091752845706771,0.0006220548461001435,148.7099268673497,1.9563333881602272,0.002448798704673721
7.445,2.720383119651085,757.9527648070022,0.20917744108088468,0.0006205020629503154,148.71135927901153,1.953416524863952,0.002445527612019706
7.45,2.7202825231504733,757.9522282986833,0.20917959257077592,0.0006189527860970897,148.71279189051802,1.9505038668169403,0.0024422604114539776
7.455,2.720173236338741,757.9516841017954,0.20918173909775387,0.0006174069750335588,148.71421035307523,1.9475953907210286,0.0024389970951516566
7.46,2.7200552542560725,757.9511321899838,0.20918388063103105,0.000615864651574132,148.71562037992058,1.9446911091250136,0.0024357376673185328
7.465,2.719928580957319,757.9505725824557,0.20918601719265184,0.0006143257995127547,148.71703108994774,1.941791012754424,0.002432482124682304
7.47,2.7197932239953113,757.9500053142275,0.20918814882244235,0.0006127903901374752,148.71844625460204,1.938895085082336,0.0024292304614847177
7.4750000000000005,2.719649192642825,757.9494304240336,0.20919027556169817,0.0006112583944422559,148.71985257811838,1.9360033091661177,0.0024259826719472562
7.48,2.719496496717967,757.9488479508084,0.2091923974500054,0.0006097297835077075,148.72126223671486,1.9331156681754544,0.0024227387502099833
7.485,2.719335130059186,757.9482578698208,0.20919451446194498,0.0006082045757849593,148.7226700630999,1.9302321728502798,0.0024194987000009586
7.49,2.7191651002439206,757.9476602092273,0.20919662662823638,0.0006066827498414221,148.7240631665442,1.92735281077305,0.0024162625167836404
7.495,2.718986416687904,757.9470550031741,0.20919873398325675,0.0006051642808559294,148.7254456983786,1.9244775674261274,0.002413030195365434
7.5,2.7187990937622986,757.9464423000154,0.2092008365722701,0.0006036491361043491,148.72682399144358,1.9216064234895371,0.002409801728880662
7.505,2.7186031384750726,757.9458221226213,0.2092029344171973,0.0006021373002379432,148.72819000536268,1.9187393699231141,0.0024065771140663337
7.51,2.718398544759144,757.945194450928,0.2092050274988794,0.0006006287868090717,148.729547707653,1.9158764147110965,0.0024033563537908657
7.515000000000001,2.718185326241821,757.9445593274982,0.20920711585713436,0.0005991235664719658,148.73091545133968,1.9130175406272791,0.002400139441550943
7.5200000000000005,2.7179634925532627,757.943916781443,0.20920919951874353,0.0005976216207920531,148.73227635545905,1.9101627366650296,0.0023969263733508803
7.525,2.7177330652245613,757.9432668746798,0.2092112785365724,0.0005961229116181475,148.73363650030092,1.9073119800608795,0.002393717140753633
7.53,2.717494043683007,757.942609605452,0.20921335290897308,0.0005946274400725588,148.73499719233024,1.9044652714848072,0.002390511744001287
7.535,2.717246425671565,757.9419449670588,0.20921542263057205,0.0005931352102045047,148.7363540267205,1.9016226133584282,0.00238731018395577
7.54,2.7169902279392897,757.9412730052991,0.20921748774240997,0.0005916461933708697,148.73769029210635,1.898783988636725,0.0023841124539719706
7.545,2.7167254627761426,757.9405937527953,0.20921954826905104,0.0005901603709775818,148.73902816446363,1.895949386046469,0.002380918549843731
7.55,2.716452159756302,757.9399072848585,0.20922160427028277,0.0005886777008772122,148.74035249063806,1.8931187801193252,0.002377728461773791
7.555,2.7161703073068955,757.939213571964,0.20922365572269017,0.0005871981996153189,148.7416683365492,1.8902921808533923,0.0023745421936045
7.5600000000000005,2.715879909629008,757.9385126243544,0.20922570263417303,0.0005857218612986579,148.74298101493198,1.887469584696476,0.002371359743885656
7.565,2.715580986165523,757.937804489728,0.20922774504168337,0.0005842486589173527,148.74430285744629,1.884650975327939,0.0023681811060637784
7.57,2.715273553060606,757.9370892065433,0.20922978297419223,0.0005827785726202619,148.74561379178,1.881836340552184,0.0023650062754158483
7.575,2.7149576412964986,757.9363668465811,0.20923181648197758,0.0005813115657033536,148.74692941786716,1.8790256578887958,0.0023618352429959264
7.58,2.7146332351432507,757.935637373299,0.20923384553927155,0.000579847656893976,148.7482436146842,1.8762189388077404,0.002358668013360647
7.585,2.714300344282439,757.9349008085327,0.20923587016254547,0.0005783868347641129,148.7495483386378,1.8734161763186306,0.0023555045835949354
7.59,2.7139589900159145,757.9341572000885,0.20923789038640456,0.0005769290748228345,148.75083736823345,1.8706173553819567,0.00235234494748949
7.595,2.713609194817053,757.9334065969286,0.20923990624210495,0.0005754743540058215,148.75212596617007,1.8678224616416579,0.002349189099257826
7.6000000000000005,2.7132509838233334,757.932649052915,0.20924191776567183,0.0005740226470914135,148.75340148047115,1.8650314794344245,0.0023460370324539788
7.605,2.712884341934008,757.9318845355804,0.20924392493547125,0.0005725739693339534,148.75466910562847,1.8622444182332836,0.0023428887509661643
7.61,2.712509286381013,757.9311130810416,0.20924592777492268,0.0005711283034105865,148.7559415071689,1.8594612672820268,0.002339744250165477
7.615,2.7121258383439404,757.930334733349,0.20924792631261288,0.000569685629041381,148.75721474116384,1.8566820138987759,0.0023366035246975064
7.62,2.711734028797359,757.9295495552436,0.20924992058683442,0.000568245919089536,148.75848281579044,1.853906640970528,0.002333466567376904
7.625,2.7113338721364744,757.9287575755507,0.20925191061440646,0.0005668091611710502,148.75975350169224,1.85113514069347,0.002330333374881119
7.63,2.7109253555097492,757.9279587684059,0.20925389637996075,0.0005653753664589605,148.76102288938517,1.8483675201068333,0.002327203950194445
7.635,2.71050850605941,757.9271531872712,0.20925587791754338,0.0005639445113950075,148.7622734016311,1.8456037643577956,0.002324078286716494
7.640000000000001,2.710083343064286,757.9263408696418,0.20925785524764645,0.0005625165806170552,148.7635206543658,1.8428438636390039,0.002320956380240589
7.6450000000000005,2.709649906827338,757.9255218923369,0.20925982841336666,0.0005610915435058022,148.7647599962806,1.8400877983692878,0.0023178382222225793
7.65,2.7092081986210887,757.9246962577038,0.20926179741609738,0.0005596693991642949,148.76598921195293,1.837335567973939,0.0023147238124030375
7.655,2.7087582120957294,757.9238639535703,0.2092637622488733,0.0005582501523915669,148.7672124202658,1.8345871755192888,0.0023116131520962463
7.66,2.7082999781455297,757.9230250375336,0.20926572294323345,0.0005568337798464256,148.76844742953247,1.8318426060480115,0.002308506234443147
7.665,2.7078335196283265,757.9221795516994,0.20926767952249548,0.0005554202658561431,148.76967186797464,1.8291018493799067,0.002305403054966553
7.67,2.707358885318694,757.9213275841771,0.20926963203089938,0.0005540095781521663,148.7708999919323,1.826364884552738,0.0023023036041854355
7.675,2.7068760602971484,757.9204691079952,0.20927158045485383,0.0005526017266222834,148.77212799676843,1.8236317179893187,0.0022992078850024595
7.68,2.7063850484580585,757.9196041299671,0.20927352479831446,0.0005511967086733544,148.77335074849427,1.8209023479955937,0.0022961158965810243
7.6850000000000005,2.705885883299893,757.9187327095817,0.20927546509300787,0.0005497945022520554,148.7745546259207,1.8181767601873464,0.002293027632135424
7.69,2.7053785913328854,757.9178548932729,0.20927740135978715,0.0005483950915171876,148.7757604531166,1.8154549441032508,0.002289943086906188
7.695,2.7048632243160613,757.9169707704693,0.20927933364190893,0.0005469984462545443,148.77695278548762,1.8127368797944599,0.0022868622515757357
7.7,2.7043397566233045,757.9160802968429,0.20928126191799754,0.0005456045814679674,148.77813763249588,1.8100225771656973,0.0022837851307635614
7.705,2.7038082039298423,757.9151834990965,0.2092831862004443,0.0005442134879539054,148.77932296739016,1.807312030115035,0.0022807117214900673
7.71,2.7032686003433217,757.9142804351992,0.20928510651632015,0.0005428251461129826,148.78051483090644,1.8046052256147667,0.0022776420174529044
7.715,2.7027209816630378,757.9133711650975,0.20928702289289,0.0005414395371296562,148.7816985353768,1.801902151032424,0.0022745760126717737
7.72,2.7021653871020312,757.9124557538621,0.20928893535781273,0.0005400566406983799,148.78288645679015,1.7992027927297203,0.00227151370056747
7.7250000000000005,2.7016017927690927,757.911534161774,0.20929084389400168,0.0005386764692517894,148.78407344366542,1.796507159054057,0.00226845508515711
7.73,2.70103022465096,757.9106064314605,0.20929274852124335,0.0005372990092190893,148.7852473860871,1.7938152408440102,0.002265400161824843
7.735,2.7004507156210225,757.9096726166214,0.20929464926248204,0.0005359242440878041,148.78641139370788,1.7911270269034423,0.0022623489250277913
7.74,2.6998633115097617,757.9087327910565,0.2092965461472734,0.0005345521524513416,148.78757242996912,1.7884425026075008,0.0022593013675773826
7.745,2.6992680365347264,757.907786993521,0.2092984391917959,0.0005331827231414423,148.78872214107344,1.7857616603198336,0.002256257485668093
7.75,2.6986648703811777,757.9068351914225,0.20930032838256737,0.0005318159655959793,148.78986458834575,1.7830845064895546,0.002253217282501679
7.755,2.6980538513607066,757.905877445453,0.20930221374358804,0.0005304518619536268,148.79101660284041,1.7804110288254476,0.002250180751690353
7.76,2.6974350090544865,757.9049138022026,0.20930409529383331,0.0005290903992897377,148.79216462474812,1.7777412183764714,0.0022471478887227257
7.765000000000001,2.696808400374954,757.9039443502098,0.2093059730664934,0.0005277315538151764,148.79331138903257,1.7750750585902824,0.0022441186851570537
7.7700000000000005,2.6961740311297944,757.902969098432,0.20930784706468245,0.0005263753231602607,148.7944602329045,1.7724125478137063,0.0022410931401377243
7.775,2.6955318896686777,757.9019880287266,0.2093097172818614,0.0005250217121710151,148.7956071016993,1.7697536894126609,0.0022380712553673136
7.78,2.694882020079096,757.9010012087908,0.20931158374505163,0.0005236707024285758,148.7967336893897,1.7670984704575177,0.0022350530239148504
7.785,2.694224455232162,757.9000086887249,0.20931344647060857,0.0005223222812733262,148.79786228211407,1.7644468819984025,0.0022320384411722368
7.79,2.6935592623381823,757.8990105698205,0.20931530549468114,0.0005209764235630242,148.79897937368497,1.7617989061915802,0.0022290274977095604
7.795,2.6928864225267772,757.8980068236283,0.20931716080713483,0.000519633136364875,148.8000883426637,1.7591545480520094,0.0022260201961754275
7.8,2.6922059407893095,757.8969974575018,0.20931901241028675,0.0005182924177992033,148.80119441161762,1.7565138062167913,0.0022230165357797014
7.805000000000001,2.6915178635456023,757.8959825406386,0.20932086032760988,0.0005169542505706846,148.80231087063208,1.753876668281728,0.0022200165096939997
7.8100000000000005,2.690822227552808,757.8949621274021,0.2093227045781282,0.0005156186220432334,148.80341747879822,1.7512431251295801,0.002217020113065705
7.815,2.690119103949343,757.8939363220618,0.20932454519456886,0.0005142855082442791,148.80452948240423,1.7486131593941554,0.0022140273364235803
7.82,2.689408457148916,757.8929050724179,0.20932638216041477,0.0005129549211965449,148.80564088940739,1.7459867797815765,0.0022110381845093104
7.825,2.6886903077532005,757.8918684084039,0.20932821548596056,0.0005116268539261136,148.80674412638342,1.7433639811821189,0.0022080526544109476
7.83,2.68796470244338,757.8908263977453,0.2093300451934769,0.0005103012909009848,148.8078326298928,1.740744752205915,0.00220507073969347
7.835,2.6872316884449403,757.8897791083072,0.20933187130246605,0.0005089782175653151,148.80892168663,1.7381290821165816,0.002202092434427202
7.84,2.686491320719616,757.8887266186192,0.2093336938372498,0.0005076576172027968,148.80999862945268,1.7355169585415748,0.0021991177316482372
7.845,2.6857435664804177,757.8876688817829,0.2093355127834106,0.0005063394998263595,148.81106867480503,1.7329083888868049,0.002196146635515644
7.8500000000000005,2.684988458646973,757.8866059444522,0.20933732815439332,0.0005050238553761081,148.8121434132061,1.7303033656079512,0.0021931791415965257
7.855,2.6842260416545702,757.8855378694641,0.2093391399688715,0.0005037106706767534,148.81322104376218,1.7277018788174547,0.0021902152441723916
7.86,2.6834563745266133,757.8844647395088,0.2093409482504648,0.000502399929316353,148.8142935452671,1.7251039161291073,0.0021872549361452156
7.865,2.682679491992055,757.8833866030207,0.20934275301205235,0.0005010916217510713,148.81536988433723,1.7225094703150052,0.0021842982133153666
7.87,2.6818953664509975,757.8823034214432,0.20934455424315082,0.0004997857556130003,148.81644581959765,1.7199185471480425,0.002181345079025651
7.875,2.6811040458086524,757.8812152611463,0.20934635196347634,0.0004984823176617338,148.81750514962692,1.7173311364542012,0.0021783955271113503
7.88,2.68030556977285,757.880122176925,0.20934814618695707,0.0004971812974640714,148.81856022996345,1.714747230216736,0.002175449552849704
7.885,2.679500011119184,757.8790242683755,0.20934993693954188,0.000495882676701065,148.8196093589583,1.7121668142687287,0.0021725071478209726
7.890000000000001,2.678687378182399,757.8779215468425,0.20935172422435677,0.0004945864533176432,148.82064898147686,1.7095898870128223,0.0021695683110623852
7.8950000000000005,2.6778676559231744,757.8768139917255,0.2093535080358213,0.0004932926310886462,148.8216831605715,1.7070164513578485,0.002166633044288852
7.9,2.677040900637317,757.8757016793456,0.20935528839270406,0.0004920011959334869,148.8227298587456,1.7044464962019992,0.002163701340568595
7.905,2.6762071540571837,757.874584666033,0.2093570653101849,0.0004907121380802836,148.82376724638843,1.7018800138588512,0.0021607731952837032
7.91,2.675366502325507,757.8734630670871,0.20935883881510226,0.0004894254379314918,148.82480881902924,1.6993169887673285,0.0021578485988505884
7.915,2.674518920516171,757.8723368491361,0.20936060889965416,0.0004881411011641521,148.82585110314304,1.6967574254339184,0.0021549275540429834
7.92,2.6736644142636306,757.8712060195986,0.2093623755659581,0.00048685912650766423,148.82688918930165,1.6942013228026116,0.0021520100601440753
7.925,2.672803042328708,757.8700706565352,0.20936413883364036,0.00048557950071430116,148.82790951063603,1.6916486701445994,0.002149096110267907
7.930000000000001,2.6719348499764437,757.8689308197322,0.2093658987148994,0.0004843022142356531,148.8289325859218,1.689099459748433,0.002146185699633399
7.9350000000000005,2.6710599280649037,757.8677866284503,0.20936765523726705,0.00048302724831356743,148.8299431342675,1.6865536763198115,0.0021432788185231605
7.94,2.6701782316990608,757.8666380237304,0.2093694083872091,0.00048175461223848575,148.83094713932988,1.6840113274287671,0.0021403754717407753
7.945,2.6692897852434117,757.865485037336,0.20937115817137406,0.0004804843010032936,148.83195182689283,1.6814724088991866,0.0021374756565136275
7.95,2.6683946470541087,757.8643277452807,0.20937290460609756,0.00047921630276855803,148.83296450667345,1.678936910871679,0.002134579366347719
7.955,2.667492874558824,757.8631662218888,0.20937464770787098,0.00047795060660578003,148.8339694497745,1.6764048242570107,0.0021316865953949983
7.96,2.666584537499932,757.8620005569995,0.20937638749441032,0.00047668719944906967,148.83497958833308,1.673876138095153,0.002128797336470145
7.965,2.665669594950705,757.8608306978488,0.2093781239551328,0.00047542608899586085,148.83598961594424,1.6713508588351196,0.002125911593792282
7.97,2.664748085727194,757.8596566941495,0.2093798571010413,0.0004741672680135779,148.83698839713935,1.6688289802570273,0.0021230293631029186
7.9750000000000005,2.663820065009977,757.8584786164532,0.2093815869463587,0.0004729107264504344,148.83797701656553,1.6663104937498663,0.0021201506385944056
7.98,2.662885604307999,757.8572965555549,0.20938331350804082,0.00047165645199216173,148.8389640189099,1.6637953887437646,0.002117275413211772
7.985,2.661944746276193,757.8561105654418,0.20938503679696874,0.00047040443738944113,148.8399404802099,1.661283658971529,0.0021144036827139764
7.99,2.6609974573952497,757.8549206036397,0.20938675680472538,0.00046915468837406603,148.8409105655302,1.658775309378191,0.002111535450436385
7.995,2.660043795733195,757.8537267432428,0.20938847354427811,0.0004679071951415098,148.84189030453723,1.6562703312521618,0.002108670710231157
8.0,2.6590838090055686,757.8525290441657,0.20939018702745385,0.0004666619499364574,148.84286748275053,1.653768717767516,0.00210580945741167
8.005,2.658117585277511,757.8513276162702,0.20939189727372712,0.0004654189390119703,148.84384398526305,1.6512704567181602,0.002102951683525132
8.01,2.6571451342367887,757.8501224715877,0.20939360428498707,0.0004641781608897231,148.84482326098188,1.6487755467790743,0.0021000973876414107
8.015,2.6561664369666476,757.848913586513,0.2093953080572772,0.00046293961851994614,148.84580145154666,1.6462839905577888,0.0020972465715550634
8.02,2.6551815610634124,757.8477010447799,0.20939700860654936,0.00046170330156210444,148.84676058926212,1.6437957785405295,0.002094399228341254
8.025,2.654190556292364,757.8464849078019,0.20939870594177779,0.00046046920276423213,148.84772219153916,1.6413109041626126,0.0020915553534025704
8.03,2.653193523773373,757.8452652996161,0.20940040008418337,0.00045923730786074735,148.84867349075446,1.6388293542915147,0.002088714937318531
8.035,2.652190436983415,757.8440421876824,0.20940209102821764,0.000458007620597525,148.84961747338747,1.6363511323740851,0.0020858779825603203
8.040000000000001,2.6511813005617673,757.8428155775854,0.20940377877446487,0.0004567801403594848,148.85055894524285,1.6338762377754197,0.00208304448860958
8.045,2.650166184144511,757.8415855542113,0.2094054633358223,0.0004555548575452803,148.85151182174724,1.6314046613402198,0.0020802144486164018
8.05,2.6491451405362896,757.8403521816856,0.2094071447235489,0.00045433176521257113,148.85245554458513,1.6289363965634556,0.0020773878578796445
8.055,2.648118278202294,757.839115591008,0.20940882295656105,0.0004531108494960136,148.8534054511078,1.6264714302081715,0.002074564706600798
8.06,2.6470855439478664,757.8378757179063,0.2094104980254629,0.000451892117212027,148.85435552019825,1.6240097687750494,0.002071744999586282
8.065,2.6460469651557106,757.8366325952818,0.2094121699356372,0.0004506755649357054,148.85529885895585,1.6215514088592367,0.0020689287342003718
8.07,2.6450026106433406,757.835386305761,0.20941383869988348,0.0004494611841296824,148.8562277595118,1.6190963420151268,0.002066115903954965
8.075,2.643952547213016,757.8341369291289,0.2094155043285291,0.00044824896690095724,148.8571581593026,1.6166445605324964,0.002063306503068211
8.08,2.6428968565671638,757.8328845626284,0.20941716683601463,0.0004470389037966925,148.85807731376812,1.6141960550296595,0.002060500524373073
8.085,2.6418354910736404,757.8316291495324,0.20941882621403282,0.0004458310003509154,148.8589904286785,1.6117508309883573,0.002057697972048934
8.09,2.6407684956944535,757.830370743084,0.2094204824692271,0.0004446252514913985,148.85990848648942,1.6093088831441682,0.0020548988418939863
8.095,2.639695934365289,757.8291094189116,0.2094221356119551,0.00044342165010186416,148.86083050151257,1.6068702041955603,0.0020521031281653833
8.1,2.6386178899736117,757.8278452745251,0.20942378565549044,0.0004422201873700307,148.86174810813424,1.6044347851375849,0.002049310823853862
8.105,2.6375344121500395,757.8265783681452,0.20942543260676602,0.0004410208581129877,148.86267016247504,1.6020026206030766,0.002046521924726192
8.11,2.636445461752568,757.8253086538087,0.20942707646009398,0.00043982366644683657,148.86359249770888,1.5995737148397053,0.00204373643412219
8.115,2.6353511040629285,757.8240362077767,0.2094287172261301,0.0004386286057422976,148.8644996304472,1.5971480606388806,0.0020409543461060507
8.120000000000001,2.6342513950276074,757.8227610952597,0.20943035491223227,0.0004374356704286867,148.8654028694157,1.594725652086017,0.002038175655934387
8.125,2.6331464345405546,757.8214834320919,0.20943198953234543,0.0004362448509563424,148.8663012128957,1.5923064789366264,0.002035400355337831
8.13,2.6320362361852947,757.8202032339752,0.2094336210885602,0.0004350561460579191,148.8671908611304,1.5898905398110588,0.0020326284431887933
8.135,2.630920776809021,757.8189204740592,0.2094352495774149,0.000433869557948956,148.8680755890182,1.5874778370735216,0.00202985992138793
8.14,2.629800133730059,757.8176352414471,0.20943687500807812,0.0004326850795837941,148.8689733433428,1.5850683626654796,0.002027094783091553
8.145,2.6286743629186797,757.8163476004834,0.20943849738918047,0.00043150270596760805,148.86986319722496,1.5826621111010633,0.0020243330238138737
8.15,2.627543579323375,757.8150576825975,0.20944011673432353,0.00043032242726530643,148.87075732328452,1.580259071255767,0.0020215746342487242
8.155,2.626407754549733,757.8137654553185,0.20944173304012073,0.0004291442459095824,148.87165306051284,1.577859245879144,0.002018819616694979
8.16,2.625266892043518,757.8124709225015,0.20944334630722966,0.0004279681616674763,148.8725457712378,1.5754626346117937,0.002016067970792449
8.165000000000001,2.6241210708167473,757.8111741740295,0.20944495654605655,0.00042679416810517744,148.8734213540789,1.573069229708569,0.002013319689774295
8.17,2.6229703502682957,757.8098752772394,0.2094465637622274,0.00042562226047831737,148.87430036842568,1.5706790256970171,0.00201057476902413
8.175,2.6218148533879684,757.8085743709621,0.20944816797061777,0.00042445242935201376,148.87516774993932,1.5682920113279868,0.002007833198826773
8.18,2.6206545202387654,757.8072713875201,0.20944976916405358,0.00042328467933698197,148.87602941078262,1.5659081920896971,0.0020050949839168857
8.185,2.6194893812623934,757.8059663611125,0.20945136734538847,0.000422119008222583,148.87689209850305,1.5635275651460185,0.0020023601217314183
8.19,2.618319513803688,757.804659378589,0.2094529625224564,0.00042095541039807743,148.87776360205322,1.5611501233792962,0.0019996286058852975
8.195,2.617144992590246,757.8033505235164,0.20945455470410368,0.00041979388057331,148.87862815113684,1.5587758602991484,0.0019969004306942153
8.2,2.615965910152839,757.802039899027,0.20945614389892084,0.0004186344124087309,148.87949845345216,1.5564047678976114,0.001994175589018334
8.205,2.6147822125452467,757.8007274449602,0.2094577301017316,0.0004174770096195094,148.8803692904683,1.5540368508522846,0.0019914540850203707
8.21,2.613593948368737,757.7994132152638,0.20945931331792525,0.00041632166907680236,148.88123013271255,1.551672104874988,0.0019887359147013188
8.215,2.6124011898799306,757.7980972900581,0.2094608935544622,0.0004151683861210508,148.8820812736916,1.5493105237352802,0.0019860210723318884
8.22,2.6112040283322746,757.7967797700493,0.20946247081929079,0.00041401715504081946,148.8829316977647,1.5469520999322455,0.001983309551096579
8.225,2.6100025212379396,757.7954607185636,0.2094640451182489,0.0004128679723345925,148.88377237975251,1.544596828753224,0.0019806013466563007
8.23,2.608796624384668,757.7941400868808,0.20946561644699735,0.00041172084071730813,148.88460749392834,1.5422447138315016,0.0019778964623465398
8.235,2.6075864087324145,757.7928179528163,0.20946718481067592,0.0004105757561640212,148.8854521521507,1.5398957492334988,0.001975194892459229
8.24,2.6063719369923173,757.7914943850419,0.2094687502153988,0.0004094327150783165,148.88629580846475,1.5375499299236064,0.001972496632269721
8.245000000000001,2.6051533190032856,757.79016950327,0.20947031267027366,0.0004082917114142406,148.88713898583882,1.5352072473327127,0.0019698016736996336
8.25,2.6039305715694154,757.7888433257638,0.20947187217639776,0.0004071527442767068,148.88798570236423,1.532867700159411,0.001967110015507906
8.255,2.6027036675031168,757.7875158228982,0.20947342873174515,0.00040601581516435797,148.88883230158524,1.5305312905181947,0.001964421659683719
8.26,2.6014726921901072,757.7861870872425,0.20947498234402084,0.0004048809198402976,148.88966093127468,1.528198011634876,0.0019617365995022334
8.265,2.600237706343478,757.7848571844492,0.20947653301661143,0.00040374805520359685,148.89049194348274,1.5258678589693775,0.0019590548306217524
8.27,2.598998836020297,757.7835262502381,0.20947808075954663,0.0004026172151997307,148.8913140176745,1.5235408231896004,0.00195637634392448
8.275,2.5977560521152916,757.7821942532685,0.2094796255705294,0.0004014884012293029,148.89212942611144,1.5212169064513499,0.0019537011415155458
8.28,2.5965093570481907,757.7808611960644,0.2094811674493416,0.00040036161325662675,148.8929427232839,1.5188961085545265,0.0019510292231425155
8.285,2.595258837254426,757.7795271712357,0.20948270640090916,0.00039923684754971506,148.8937680640193,1.5165784230170272,0.0019483605821853903
8.290000000000001,2.5940045571236254,757.7781922475989,0.20948424243101174,0.0003981141012246823,148.8945850680281,1.5142638452898307,0.0019456952141553682
8.295,2.592746652520551,757.7768565697361,0.20948577554753106,0.0003969933685952862,148.8954087760434,1.5119523658225518,0.0019430331094155253
8.3,2.5914850573543395,757.7755200672959,0.20948730574652819,0.00039587465243820085,148.8962332569472,1.5096439892651905,0.0019403742726533588
8.305,2.590219803191104,757.7741827737343,0.20948883303028965,0.00039475795158924135,148.89705213661185,1.5073387133573783,0.001937718701480326
8.31,2.588950974795851,757.7728447788479,0.20949035740441777,0.00039364326288115976,148.89785711870414,1.5050365320977677,0.0019350663895980954
8.315,2.5876786522910495,757.7715061671863,0.20949187887268603,0.00039253058324001383,148.89866436183186,1.502737440122993,0.0019324173315161597
8.32,2.5864029383725544,757.7701670468217,0.20949339744183873,0.00039141990895100095,148.8994611329298,1.5004414305706033,0.0019297715200856048
8.325,2.5851237740193347,757.7688273556155,0.20949491310811838,0.0003903112421647256,148.90025262635965,1.498148507390582,0.0019271289594142821
8.33,2.583841210442379,757.7674871472382,0.20949642587348677,0.00038920458128489894,148.90104904880786,1.4958586670944527,0.001924489645699912
8.335,2.5825553262960006,757.7661465040636,0.20949793574205924,0.0003880999237738285,148.9018506957927,1.493571904439187,0.0019218535733017809
8.34,2.5812662192983864,757.7648055280054,0.20949944271956192,0.00038699726645973756,148.90264827371414,1.4912882132026806,0.0019192207356103221
8.345,2.5799739536644286,757.7634642858786,0.20950094680861792,0.0003858966073630205,148.9034509699519,1.4890075893024604,0.0019165911282341146
8.35,2.578678480869406,757.7621227271552,0.20950244800704063,0.00038479794799912417,148.904254555916,1.4867300358306117,0.0019139647544905282
8.355,2.577379874975662,757.7607809286313,0.20950394631906202,0.00038370128645310897,148.90504447753383,1.4844555479823387,0.0019113416089764216
8.36,2.576078204769356,757.7594389615215,0.2095054417472525,0.0003826066207980072,148.9058303172288,1.4821841214615754,0.0019087216869710464
8.365,2.574773586893786,757.7580969460809,0.20950693429683923,0.00038151394788442817,148.90661242014068,1.4799157491854535,0.0019061049806730968
8.370000000000001,2.5734660420455797,757.7567549035988,0.2095084239689995,0.0003804232671836093,148.90738646789413,1.477650429903284,0.0019034914886904807
8.375,2.5721555395651134,757.7554128024735,0.20950991076211797,0.0003793345795235457,148.90815603470014,1.4753881654730971,0.0019008812130682973
8.38,2.5708421709142613,757.754070736511,0.20951139467845084,0.000378247882990993,148.9089388728593,1.4731289502392995,0.0018982741472483846
8.385,2.5695260001002422,757.7527287712419,0.20951287572196448,0.0003771631760135899,148.90971524229792,1.4708727804676984,0.0018956702870502517
8.39,2.568207161533338,757.7513870436667,0.20951435389707976,0.00037608045564536816,148.91049587135237,1.4686196483707588,0.0018930696235871056
8.395,2.5668856265337094,757.7500455245478,0.20951582920282624,0.00037499972251736933,148.9112788325848,1.4663695556109473,0.0018904721587549844
8.4,2.5655613950719087,757.7487042137894,0.20951730163938273,0.00037392097671767904,148.9120597819052,1.4641225021729718,0.001887877892485889
8.405,2.564234559308676,757.7473632049195,0.20951877121061913,0.0003728442167172374,148.9128242331238,1.4618784826398492,0.0018852868183159052
8.41,2.562905186588274,757.7460225660992,0.2095202379175873,0.00037176944114612466,148.91359273485207,1.459637493281459,0.0018826989319413352
8.415000000000001,2.561573423499741,757.7446824451429,0.20952170176601584,0.00037069664742744743,148.914350342928,1.4573995259954189,0.0018801142238175372
8.42,2.560239199614543,757.7433427710168,0.20952316275322716,0.000369625836807672,148.91510294302566,1.4551645846770869,0.0018775326985294404
8.425,2.55890254702251,757.7420035759443,0.20952462087963503,0.0003685570089002547,148.91585663000214,1.4529326675177539,0.0018749543538474397
8.43,2.557563555703555,757.7406649502499,0.20952607614703808,0.0003674901625484105,148.91662014825448,1.4507037695002287,0.0018723791836239936
8.435,2.5562223092859777,757.7393269776073,0.20952752855900025,0.00036642529643699954,148.91737716216224,1.4484778862118353,0.001869807182580611
8.44,2.5548789188644347,757.7379897688369,0.20952897811765928,0.00036536240905713803,148.91814053134743,1.4462550117858042,0.0018672383435878195
8.445,2.5535333212645566,757.7366532608918,0.20953042482164522,0.00036430150127993144,148.91890500774844,1.4440351495620014,0.0018646726706985038
8.45,2.5521855681788024,757.73531750515,0.20953186867264714,0.00036324257268819234,148.91966087058626,1.441818296753912,0.0018621101603721367
8.455,2.550835743476322,757.7339825849024,0.2095333096725903,0.0003621856224674524,148.92040700925708,1.4396044489333508,0.0018595508070463806
8.46,2.54948394842024,757.732648600308,0.20953474782323395,0.000361130649459166,148.92115341596715,1.437393600990229,0.0018569946043891135
8.465,2.548130253645708,757.7313156210894,0.2095361831267549,0.00036007765296673574,148.92189068894308,1.4351857493572027,0.0018544415479289369
8.47,2.546774607286316,757.729983596017,0.20953761558171033,0.0003590266335177685,148.9226230806691,1.432980896657942,0.0018518916409472216
8.475,2.5454170850796505,757.7286525995722,0.20953904518831024,0.0003579775907794147,148.9233647226996,1.4307790389837376,0.0018493448783288707
8.48,2.544057759919109,757.7273227033622,0.20954047194850942,0.00035693052420797416,148.9241069067519,1.4285801727100653,0.0018468012554242637
8.485,2.5426967526144924,757.7259940255682,0.209541895864622,0.0003558854329063027,148.92484865692268,1.4263842919885295,0.0018442607647300266
8.49,2.5413340880481967,757.724666590475,0.2095433169367604,0.00035484231672075153,148.92559463185694,1.4241913956170122,0.0018417234046904354
8.495000000000001,2.539969731640928,757.7233403642747,0.20954473516452146,0.00035380117590011207,148.92634138411708,1.4220014852688396,0.0018391891774548245
8.5,2.5386037791295157,757.7220154401632,0.20954615055011086,0.0003527620103510173,148.9270711956502,1.4198145562069142,0.0018366580766392285
8.505,2.537236295716489,757.720691881472,0.20954756309334213,0.00035172481968155173,148.92780306249364,1.4176306053917025,0.0018341300982741683
8.51,2.5358674202980347,757.7193698225935,0.20954897279676973,0.0003506896033696637,148.92852742317348,1.4154496263655916,0.0018316052337945827
8.515,2.5344971278622515,757.7180492393214,0.20955037965996026,0.000349656361511893,148.92924555292686,1.41327162029198,0.001829083484742462
8.52,2.53312541527757,757.7167301285626,0.20955178368247715,0.00034862509420821445,148.92996169858517,1.4110965873010481,0.0018265648512478974
8.525,2.5317523781036124,757.7154125823521,0.20955318486398236,0.00034759580163524036,148.93069065796993,1.408924522870381,0.001824049327051234
8.53,2.5303780848538073,757.7140966665453,0.2095545832067497,0.00034656848356525924,148.93141183726925,1.4067554239509164,0.001821536908055731
8.535,2.529002690316436,757.7127825292949,0.20955597871127604,0.00034554313988844303,148.93214026867906,1.4045892836357703,0.001819027584822076
8.540000000000001,2.5276261208301243,757.7114701000811,0.20955737137723465,0.0003445197706637573,148.93287001503032,1.4024261052130595,0.0018165213618412492
8.545,2.5262484074599065,757.7101594085233,0.20955876120508876,0.0003434983760493096,148.93359539006772,1.40026588726413,0.0018140182370902096
8.55,2.524869643726411,757.708850543756,0.20956014819581995,0.00034247895643183966,148.9343070021354,1.398108625562659,0.001811518204570815
8.555,2.5234899142698644,757.7075435861684,0.2095615323490347,0.0003414615118058868,148.93502168878092,1.3959543164953991,0.0018090212592666943
8.56,2.5221093369974823,757.70623864744,0.2095629136663316,0.0003404460424082919,148.93572647137006,1.3938029550036448,0.001806527394063469
8.565,2.5207278461039193,757.7049356652168,0.2095642921469386,0.0003394325481173111,148.93642660905516,1.3916545439123484,0.0018040366129298984
8.57,2.519345492820487,757.7036346878307,0.2095656677901784,0.00033842102933037937,148.937131446195,1.3895090809688442,0.0018015489125658387
8.575000000000001,2.5179623639732363,757.702335797146,0.2095670405960469,0.00033741148655373526,148.9378428457492,1.387366562434491,0.0017990642875426812
8.58,2.5165785619436667,757.7010390893192,0.20956841056573577,0.00033640392009597184,148.93855029730585,1.385226984097487,0.0017965827318226356
8.585,2.5151941629845247,757.6997446357984,0.2095697776988035,0.0003353983303036159,148.9392635188605,1.3830903428070787,0.0017941042408490748
8.59,2.5138091125867152,757.6984523854743,0.20957114199537397,0.00033439471694215897,148.93997815546177,1.380956640817222,0.001791628817876802
8.595,2.512423485168323,757.6971624078376,0.2095725034560529,0.00033339308077196607,148.94068068649446,1.3788258749714908,0.0017891564581581003
8.6,2.5110373569572015,757.6958747739735,0.20957386208033518,0.0003323934223085917,148.941378605215,1.3766980421559898,0.0017866871570791079
8.605,2.50965084906915,757.6945895963601,0.2095752178682019,0.00033139574226255725,148.94207404859512,1.3745731375531385,0.0017842209075206532
8.61,2.5082639918736747,757.6933069031439,0.20957657081999337,0.00033040004084571245,148.94276183147693,1.3724511599526854,0.0017817577076832403
8.615,2.5068767474129308,757.6920266590971,0.20957792093546274,0.000329406317818321,148.94344533169445,1.3703321108673001,0.001779297559806771
8.620000000000001,2.5054892133483455,757.6907489544412,0.20957926821272013,0.00032841457439593166,148.94414227104647,1.3682159862945587,0.0017768404577185165
8.625,2.5041014545697293,757.6894738490213,0.20958061265300554,0.0003274248110059732,148.94483439840627,1.3661027837411062,0.0017743863976628332
8.63,2.5027136113409854,757.6882014716447,0.2095819542554035,0.00032643702884023034,148.94553034992592,1.3639924977985225,0.0017719353714142473
8.635,2.5013256630994545,757.6869318034204,0.20958329302000495,0.0003254512277267341,148.9462294467113,1.361885129259833,0.0017694873801779901
8.64,2.4999376028810154,757.6856648379031,0.20958462894700655,0.00032446740768560066,148.9469276058959,1.359780678378265,0.0017670424243079927
8.645,2.498549527581466,757.6844006636713,0.2095859620365432,0.0003234855700903706,148.94760957543338,1.3576791413214067,0.0017646004977555925
8.65,2.497161504957275,757.6831393425141,0.20958729228706519,0.0003225057154887977,148.9482962206557,1.35558051558585,0.001762161596657544
8.655,2.4957736949278235,757.6818810196771,0.2095886196988127,0.00032152784555805,148.94897250068388,1.3534847952019942,0.0017597257117021481
8.66,2.4943860226334853,757.680625627156,0.20958994427174257,0.0003205519595179337,148.94964434867606,1.351391982964331,0.0017572928472470337
8.665000000000001,2.492998517691275,757.6793731917344,0.20959126600513311,0.00031957805785126625,148.9503171329871,1.3493020777326548,0.001754863001449665
8.67,2.491611274730977,757.678123798964,0.20959258489728108,0.0003186061420065119,148.95100084678637,1.3472150759030126,0.0017524361685035124
8.675,2.490224377316105,757.6768775241519,0.20959390094896882,0.0003176362128394582,148.95167828151207,1.3451309744836752,0.0017500123436656593
8.68,2.488837948126096,757.6756344774885,0.20959521415842144,0.00031666827184840575,148.95236268554385,1.343049769030761,0.0017475915198395702
8.685,2.487451919809002,757.6743945984531,0.20959652452647268,0.00031570231821890826,148.95304870040627,1.340971461983759,0.0017451737009190754
8.69,2.486066341114982,757.6731579306652,0.20959783205304008,0.00031473835282560446,148.95372748702948,1.3388960515174757,0.0017427588838909802
8.695,2.4846813003549673,757.6719245530835,0.2095991367372875,0.0003137763770775404,148.95439619300845,1.336823534397496,0.0017403470634437626
8.700000000000001,2.4832968979690664,757.6706945551337,0.2096004385777082,0.00031281639220861584,148.9550662360776,1.3347539071209877,0.001737938233884512
8.705,2.481913215154572,757.6694680089465,0.2096017375742617,0.00031185839933506305,148.95572750160255,1.3326871668272497,0.0017355323905430928
8.71,2.4805301959824435,757.6682448648071,0.20960303372713607,0.0003109023976980977,148.95638443254754,1.3306233154859521,0.001733129536633212
8.715,2.479147912306074,757.66702518629,0.2096043270342956,0.00030994838868991076,148.95705009320363,1.3285623504750008,0.0017307296677407434
8.72,2.4777664414311635,757.6658090417233,0.20960561749528764,0.0003089963735327357,148.9577180679987,1.3265042690854545,0.0017283327793416994
8.725,2.476385902174188,757.6645965356546,0.20960690510917998,0.00030804635391346806,148.95838531344972,1.324449067262418,0.001725938864693748
8.73,2.4750063297939264,757.6633876990367,0.20960818987519936,0.00030709833036776424,148.95905754632645,1.3223967437941853,0.0017235479217778263
8.735,2.47362768333204,757.6621824958677,0.2096094717939986,0.0003061523022867797,148.9597314669628,1.320347300086505,0.0017211599529347453
8.74,2.4722500602222945,757.6609810114159,0.20961075086510117,0.00030520827168123926,148.96038931645953,1.318300732664336,0.0017187749522079886
8.745000000000001,2.4708735233226116,757.6597833005592,0.2096120270866866,0.0003042662394567061,148.96104856862988,1.3162570394452384,0.001716392916070037
8.75,2.4694982104395424,757.6585894831225,0.20961330045765356,0.000303326207805656,148.9617018542685,1.3142162158103368,0.001714013836683695
8.755,2.468124107338755,757.6573995467181,0.20961457097817057,0.0003023881765046348,148.96234908566012,1.312178262236134,0.001711637714857359
8.76,2.4667512034009498,757.6562134820665,0.2096158386480034,0.0003014521454522253,148.9629942765334,1.310143179061781,0.0017092645511477336
8.765,2.4653795944525427,757.6550313720542,0.20961710346431206,0.0003005181167026534,148.96365310723496,1.308110962948836,0.0017068943397425247
8.77,2.4640093465218382,757.6538532736828,0.20961836542785575,0.00029958609123925,148.9643045722376,1.3060816117737093,0.001704527076978168
8.775,2.4626406192758052,757.6526793240985,0.20961962453552122,0.00029865607177926836,148.9649637458013,1.3040551202888337,0.0017021627537978626
8.78,2.4612733401113807,757.6515094609251,0.20962088078865104,0.00029772805709048927,148.9656247752137,1.3020314908794757,0.0016998013743185255
8.785,2.459907535362794,757.6503437066826,0.20962213418706868,0.0002968020477719836,148.96628263089576,1.3000107226401008,0.001697442936939661
8.790000000000001,2.4585432988257216,757.6491821415591,0.20962338472977388,0.0002958780458550891,148.96692657184644,1.29799281238579,0.0016950874360398469
8.795,2.4571807107552432,757.6480248339059,0.20962463241459006,0.00029495605262730597,148.96757444204246,1.2959777575797704,0.0016927348671701716
8.8,2.455819896042856,757.6468718897345,0.209625877240714,0.00029403607031695496,148.96821273212802,1.2939655541877564,0.0016903852232633648
8.805,2.4544607876332107,757.6457232521036,0.20962711920869687,0.00029311809773328493,148.96884686457636,1.291956204373823,0.0016880385081113152
8.81,2.453103431277529,757.644578959671,0.2096283583170144,0.00029220213594259657,148.96948531450374,1.2899497065891892,0.0016856947189456913
8.815,2.451747914272932,757.6434390861538,0.20962959456382632,0.0002912881868107894,148.9701317854706,1.2879460579497122,0.0016833538506147582
8.82,2.4503943330246143,757.6423037126023,0.20963082794871496,0.00029037625199330026,148.97077417063758,1.2859452554400728,0.0016810158977563156
8.825000000000001,2.449042771620945,757.6411729095078,0.20963205846971722,0.0002894663330471952,148.9714230357119,1.283947296381696,0.0016786808556184857
8.83,2.4476931738909804,757.6400466297486,0.209633286127965,0.0002885584289394781,148.97207379226742,1.28195218256074,0.00167634872737195
8.835,2.4463456070606493,757.6389249294539,0.20963451092291627,0.00028765254127334294,148.9727139027594,1.2799599117267342,0.0016740195089546815
8.84,2.4450001481034,757.6378078727992,0.20963573285290804,0.0002867486716214521,148.97334859788538,1.2779704814164523,0.0016716931959185886
8.845,2.443656910336386,757.6366955537925,0.20963695191604909,0.00028584682204264655,148.97398210850196,1.2759838881050543,0.0016693697819273729
8.85,2.4423159335568747,757.6355880053746,0.20963816811217686,0.00028494699329480893,148.974608112163,1.2740001305374369,0.0016670492647321367
8.855,2.4409771760187695,757.6344851929515,0.20963938144167493,0.0002840491845913162,148.97523003775183,1.2720192100254901,0.001664731646687068
8.86,2.4396407300323943,757.6333871926205,0.20964059190136874,0.0002831533981662865,148.97586525631846,1.2700411235039453,0.0016624169222192202
8.865,2.4383066577554535,757.6322940555187,0.20964179949152315,0.00028225963515106416,148.97649743657936,1.2680658690742093,0.0016601050878618032
8.870000000000001,2.436975090713025,757.6312058893062,0.2096430042097317,0.000281367898048236,148.97713284799056,1.2660934426473274,0.0016577961362078035
8.875,2.435646020529941,757.6301226871111,0.20964420605606468,0.0002804781867009528,148.97777224218947,1.2641238444818728,0.0016554900677273104
8.88,2.4343194332372797,757.6290444374641,0.20964540503094373,0.0002795905008947926,148.978411700539,1.2621570749939497,0.0016531868831676632
8.885,2.4329954214612175,757.6279712157594,0.20964660113354625,0.00027870484287052983,148.97903503773134,1.2601931311301482,0.0016508865769484153
8.89,2.431674049986568,757.6269030745722,0.20964779436154327,0.000277821213769317,148.97966340045318,1.2582320109505873,0.0016485891454940949
8.895,2.4303554682647004,757.625840134565,0.20964898471369703,0.0002769396164744423,148.98028225454945,1.256273709819193,0.0016462945803652435
8.9,2.429039613937419,757.624782345381,0.2096501721905806,0.0002760600497846426,148.9808968261629,1.2543182296688082,0.0016440028850818573
8.905,2.4277265081936936,757.6237297240224,0.20965135679137809,0.00027518251423378664,148.9815120991871,1.2523655697932088,0.001641714058349421
8.91,2.426416241505409,757.6226823431239,0.20965253851347906,0.00027430701195101326,148.9821394374236,1.2504157272425735,0.0016394280947572238
8.915000000000001,2.425108889270201,757.6216402629859,0.20965371735718102,0.0002734335442735205,148.98276052631059,1.2484686997588446,0.001637144990130583
8.92,2.423804575199449,757.6206035821073,0.20965489331967654,0.0002725621135866923,148.98338923647688,1.2465244835073348,0.0016348647374668803
8.925,2.4225032340076504,757.619572248483,0.2096560664023197,0.00027169271863507715,148.98402001698753,1.2445830805080969,0.0016325873404586682
8.93,2.4212049073480273,757.6185462951174,0.20965723660481908,0.0002708253604276844,148.98464477960258,1.2426444893826096,0.0016303127965812641
8.935,2.419909679639425,757.6175257888423,0.20965840392593477,0.0002699600408599417,148.98525893576385,1.240708707411503,0.001628041100833812
8.94,2.418617641000335,757.6165108006171,0.20965956836358304,0.00026909676154795884,148.98587546307036,1.238775731871434,0.0016257722481863594
8.945,2.417328876057807,757.6155013968738,0.20966072991732518,0.0002682355241069561,148.98648335111545,1.2368455601311301,0.0016235062338319276
8.950000000000001,2.4160433300726756,757.6144975346108,0.20966188858761098,0.00026737632749609366,148.98708730287203,1.2349181938871767,0.0016212430608756887
8.955,2.414761065159651,757.6134992623373,0.20966304437234443,0.00026651917319795885,148.98769954266302,1.2329936310718994,0.0016189827255409656
8.96,2.4134821554507706,757.6125066378718,0.20966419727063734,0.00026566406274710464,148.98831572737487,1.231071869339941,0.0016167252235033465
8.965,2.4122067068028894,757.6115197432888,0.2096653472814884,0.0002648109980522713,148.9889308028368,1.229152905443748,0.0016144705487903842
8.97,2.41093476143068,757.6105386112215,0.2096664944038399,0.00026395997990478684,148.98955163241723,1.2272367380602085,0.0016122186989921373
8.975,2.409666278160696,757.6095632097974,0.20966763863850138,0.0002631110075371788,148.99017461926212,1.2253233684722935,0.0016099696764537218
8.98,2.4084013418949413,757.6085936043664,0.2096687799850619,0.0002622640829307093,148.99078282604896,1.2234127938263906,0.0016077234759894954
8.985,2.4071400130391156,757.6076298412825,0.20966991844169774,0.00026141920716576635,148.9913914694725,1.2215050122731792,0.001605480094170551
8.99,2.4058824136121415,757.6066720136508,0.20967105400725838,0.00026057638243311235,148.9919954939432,1.2196000199948862,0.0016032395240282
8.995000000000001,2.4046285408358754,757.6057201193311,0.20967218668187793,0.0002597356086843865,148.99259346984059,1.217697817074466,0.0016010017657184616
9.0,2.4033783787347343,757.6047741460998,0.20967331646543458,0.0002588968856697564,148.9931893144944,1.2157984039916923,0.0015987668201201575
9.005,2.4021320145157974,757.6038341600308,0.2096744433552289,0.000258060215348541,148.9937996299027,1.2139017777844074,0.0015965346818885477
9.01,2.40088950982671,757.6029002076946,0.20967556735214582,0.00025722559871827475,148.99440317010118,1.2120079365831076,0.0015943053475553745
9.015,2.3996510020242425,757.6019723921426,0.2096766884536302,0.00025639303816380984,148.9950142033072,1.2101168760095613,0.0015920788092044613
9.02,2.3984164379840607,757.6010506735078,0.20967780666061847,0.00025556253276341864,148.99562793783147,1.2082285977550598,0.0015898550698961438
9.025,2.397185834232915,757.6001350640928,0.20967892197316693,0.00025473408289786235,148.9962394638524,1.2063431012330927,0.0015876341285872727
9.03,2.3959592758998918,757.5992256273594,0.20968003439082455,0.00025390769035132563,148.99683681061322,1.2044603835346408,0.0015854159800667027
9.035,2.394736832115221,757.5983224145699,0.20968114391166318,0.0002530833561805413,148.99743887581698,1.2025804425225581,0.0015832006204146059
9.040000000000001,2.3935186214872517,757.5974255132348,0.20968225053553619,0.00025226108233582863,148.99803149092253,1.2007032743494177,0.0015809880427413877
9.045,2.3923045825270393,757.5965348779636,0.20968335426264073,0.00025144086780711183,148.99862028945597,1.1988288810046626,0.0015787782506154846
9.05,2.3910947529104782,757.5956505363765,0.2096844550918748,0.00025062271337012863,148.99921317235675,1.1969572611570842,0.0015765712416897907
9.055,2.389889211683324,757.594772546373,0.2096855530218831,0.00024980662052739925,148.99981532661326,1.195088412095538,0.001574367011144052
9.06,2.388688041327429,757.5939009679827,0.2096866480530468,0.0002489925904730191,149.00041321868392,1.1932223311892618,0.0015721655542337326
9.065,2.387491323588993,757.5930358604417,0.2096877401839047,0.0002481806244611954,149.00101828155084,1.1913590157283032,0.0015699668661661758
9.07,2.386299006705575,757.5921771862053,0.2096888294152122,0.0002473707216986016,149.00162567017898,1.1894984674209745,0.001567770949971457
9.075000000000001,2.3851111466791375,757.5913249856189,0.20968991574713508,0.00024656288326482394,149.00222342044978,1.1876406842407004,0.0015655778021285013
9.08,2.383927813023567,757.5904793086586,0.20969099917879175,0.0002457571103056694,149.0028151360338,1.1857856638082367,0.0015633874184333401
9.085,2.382749102012368,757.5896402240191,0.20969207970924586,0.00024495340412508795,149.00340670501103,1.1839334029394455,0.0015611997932548432
9.09,2.381575056082956,757.5888077618789,0.20969315733877442,0.00024415176531814904,149.0039907850009,1.1820839001895427,0.0015590149240775032
9.095,2.3804056361693835,757.5879818944147,0.20969423206734047,0.00024335219333722986,149.00457110051167,1.1802371568782437,0.0015568328132108437
9.1,2.3792409193379185,757.5871626760975,0.20969530389298258,0.00024255468955065398,149.00516446060107,1.1783931701402375,0.0015546534557596581
9.105,2.378080961803542,757.5863501465353,0.20969637281650685,0.00024175925468490113,149.00575623536983,1.1765519380892602,0.0015524768483920098
9.11,2.3769258743655652,757.5855443831874,0.20969743883721434,0.00024096589011750308,149.00635085876635,1.1747134569071,0.0015503029845037404
9.115,2.3757756576263094,757.5847453864467,0.20969850195497045,0.00024017459585566703,149.0069502076771,1.17287772656634,0.0015481318640550707
9.120000000000001,2.3746302950351024,757.5839531447162,0.20969956217008734,0.00023938537171735807,149.00755036130403,1.1710447476152206,0.0015459634880032247
9.125,2.3734898664831685,757.5831677133681,0.20970061948321655,0.00023859821897395775,149.00813433462662,1.1692145169972183,0.0015437978512201683
9.13,2.372354428889225,757.582389131654,0.2097016738927915,0.00023781313820886145,149.00872359840423,1.1673870327963074,0.0015416349503469837
9.135,2.371224105142731,757.5816174836333,0.20970272539971715,0.0002370301307473965,149.00930411905233,1.165562290609882,0.0015394747779397101
9.14,2.3700988508628624,757.580852738939,0.2097037740037134,0.00023624919611061712,149.00988032369042,1.1637402920254971,0.0015373173366853162
9.145,2.3689786792314464,757.5800949064792,0.2097048197043488,0.00023547033450312455,149.0104571866736,1.1619210364972083,0.0015351626256979863
9.15,2.3678636678034253,757.5793440388427,0.20970586250047252,0.0002346935469649495,149.01104703980184,1.1601045209927527,0.0015330106399737793
9.155,2.3667538785826143,757.5786001778083,0.2097069023936285,0.00023391883400462107,149.01163063219306,1.1582907433437075,0.001530861375800357
9.16,2.365649420837176,757.5778633964492,0.209707939383014,0.0002331461965871337,149.01222246036212,1.1564796994941362,0.0015287148264612343
9.165000000000001,2.364550238444441,757.5771336572061,0.2097089734689224,0.00023237563421560866,149.01281677453238,1.154671391520533,0.001526570995402424
9.17,2.3634563647705926,757.5764109822195,0.20971000465188816,0.00023160714728460603,149.01340577879677,1.1528658180499143,0.0015244298804189405
9.175,2.362367871600915,757.5756954190541,0.20971103293236726,0.00023084073654690778,149.01398386983973,1.1510629762200737,0.0015222914768620738
9.18,2.3612848324536975,757.574987015976,0.20971205830977657,0.00023007640245741547,149.0145651006802,1.1492628633233892,0.0015201557802340191
9.185,2.3602073227054703,757.5742858222063,0.209713080785381,0.00022931414551469892,149.01513772524382,1.1474654764500722,0.0015180227858253375
9.19,2.3591352953771465,757.5735918070312,0.20971410035856905,0.00022855396540554443,149.01570667524675,1.1456708174037322,0.0015158924965657902
9.195,2.3580688004546757,757.5729050028153,0.20971511702862397,0.00022779586259774202,149.01628394152326,1.1438788840437881,0.0015137649090987185
9.200000000000001,2.3570079004564555,757.5722254499398,0.20971613079614118,0.00022703983752738783,149.0168661496228,1.1420896738474466,0.0015116400193798242
9.205,2.3559526809178464,757.5715532030781,0.20971714166235994,0.00022628589053592496,149.01744711623908,1.1403031834809416,0.0015095178220449095
9.21,2.3549031812953665,757.5708882873205,0.20971814962709803,0.0002255340217863367,149.0180344763749,1.1385194113525987,0.0015073983145828117
9.215,2.3538593661595915,757.5702306800873,0.20971915469030833,0.00022478423112839074,149.0186243990311,1.1367383588784685,0.001505281499241318
9.22,2.3528213037815386,757.5695804244648,0.20972015685368958,0.00022403651901349925,149.0192000554051,1.1349600230059949,0.0015031673713529587
9.225,2.3517890445742213,757.5689375520916,0.2097211561167804,0.00022329088557231552,149.01977589204554,1.133184401712897,0.001501055927693522
9.23,2.3507626861746447,757.5683021236076,0.2097221524811581,0.00022254733095490565,149.02034784069505,1.1314114909598199,0.0014989471619740308
9.235,2.3497422307115787,757.567674140303,0.20972314594701122,0.0002218058551614833,149.02091375477028,1.1296412906492308,0.0014968410740522353
9.24,2.3487276629674163,757.5670535926948,0.20972413651383856,0.0002210664581817343,149.0214776468124,1.1278738013840004,0.0014947376648797965
9.245000000000001,2.3477190537137074,757.5664405241839,0.20972512418122385,0.00022032914026378985,149.02205671064064,1.1261090198583892,0.0014926369295298586
9.25,2.3467164533653118,757.5658349654932,0.20972610895158741,0.0002195939013460424,149.0226292708804,1.1243469440167648,0.0014905388647686753
9.255,2.345719969578323,757.565236981395,0.20972709082581187,0.0002188607412690257,149.02320948577113,1.1225875691441605,0.0014884434634867335
9.26,2.344729564327403,757.5646465489999,0.20972806980354164,0.00021812966008789316,149.0237929874715,1.1208308969029523,0.0014863507281936143
9.265,2.343745248748601,757.5640636748958,0.20972904588532182,0.00021740065781471077,149.02437472801307,1.119076926715017,0.00148426065806667
9.27,2.3427670910615563,757.5634883996403,0.20973001907323033,0.00021667373443069453,149.02494219784197,1.1173256552755877,0.0014821732482904037
9.275,2.3417951453785397,757.562920755063,0.20973098936704138,0.00021594888968261747,149.0255149587269,1.1155770802526919,0.0014800884953125658
9.28,2.3408295075166765,757.5623607969541,0.20973195677000026,0.00021522612310734203,149.02607831303288,1.1138311972293045,0.0014780063926570727
9.285,2.3398701284959396,757.5618084967658,0.20973292128057816,0.00021450543493790265,149.02663806555495,1.112088008454886,0.0014759269436299641
9.290000000000001,2.338917037709952,757.5612638714033,0.20973388289884667,0.00021378682507281998,149.02720216854303,1.1103475124085571,0.0014738501460888783
9.295,2.3379702975804304,757.5607269566971,0.20973484162585188,0.0002130702932296358,149.02777617958947,1.1086097059649753,0.0014717759955736231
9.3,2.337029971888212,757.5601977887624,0.2097357974643809,0.0002123558388759143,149.02834597642905,1.1068745861753115,0.0014697044877625598
9.305,2.336096126031595,757.5596764042976,0.20973675041541423,0.00021164346145323494,149.02892348584234,1.1051421498548364,0.0014676356181215072
9.31,2.335168719279832,757.5591627804023,0.20973770047817483,0.00021093316130348723,149.02950370229897,1.1034123989745752,0.0014655693894679318
9.315,2.3342477951516054,757.5586569412076,0.20973864765477346,0.00021022493809944685,149.0300744411422,1.1016853311569894,0.001463505798548247
9.32,2.333333407529673,757.5581589164515,0.20973959194656797,0.00020951879133698518,149.03063926280197,1.0999609436340259,0.0014614448414792516
9.325000000000001,2.3324256299146406,757.5576687460301,0.20974053335557896,0.00020881472011129528,149.03120436775112,1.098239232748516,0.0014593865131048312
9.33,2.331524496117385,757.5571864481595,0.20974147188353257,0.00020811272399324281,149.0317620415272,1.0965201967534024,0.001457330811013684
9.335,2.3306299758150133,757.5567120064485,0.20974240752911713,0.00020741280335922588,149.03231614422492,1.094803837199163,0.0014552777373598748
9.34,2.3297421283040864,757.5562454524328,0.2097433402931347,0.00020671495749899119,149.03288390206023,1.0930901506569597,0.00145322728758713
9.345,2.3288609961791855,757.5557868085812,0.20974427017829167,0.00020601918577147486,149.03345028041534,1.091379134926786,0.0014511794586322992
9.35,2.3279866628129535,757.5553361180989,0.20974519718761378,0.00020532548678539416,149.03401979789479,1.089670785531146,0.0014491342444225873
9.355,2.3271191294237537,757.5548933815793,0.20974612132101098,0.0002046338605145368,149.03459449084548,1.0879651023936066,0.0014470916448635215
9.36,2.326258383609009,757.5544585925595,0.20974704257829047,0.0002039443071672434,149.03517023294825,1.0862620861451069,0.0014450516608274062
9.365,2.3254044855121205,757.5540317815943,0.2097479609632413,0.00020325682572297079,149.03572977561825,1.0845617331025512,0.001443014287559256
9.370000000000001,2.3245574776808198,757.5536129700209,0.20974887647618357,0.0002025714153172626,149.03629508621674,1.0828640409946804,0.0014409795219531253
9.375,2.32371745120896,757.5532022026182,0.20974978912253295,0.00020188807396529217,149.03685170732456,1.081169004564696,0.0014389473571305982
9.38,2.322884373173079,757.552799463189,0.20975069890038586,0.00020120680238209916,149.03740417893607,1.0794766257085768,0.0014369177955756468
9.385,2.3220582539544132,757.5524047566922,0.20975160580988608,0.0002005276003333845,149.0379577555872,1.077786903714126,0.0014348908364116403
9.39,2.3212391507102836,757.552018110632,0.20975250985300764,0.0001998504665229005,149.03852473726948,1.076099834903838,0.001432866475007033
9.395,2.320427109093744,757.5516395465881,0.20975341103362877,0.00019917539976401944,149.03908558365094,1.0744154166562097,0.001430844707906246
9.4,2.3196222079871514,757.551269101134,0.20975430935507472,0.0001985023979058886,149.0396551241478,1.0727336441084294,0.0014288255289414875
9.405,2.318824406784414,757.5509067554054,0.2097552048155138,0.00019783146204914963,149.04022750289576,1.0710545197530752,0.0014268089412822192
9.41,2.3180337306881675,757.5505525208507,0.2097560974170345,0.0001971625914802059,149.04079443818156,1.0693780418326007,0.001424794942793916
9.415000000000001,2.3172502312669434,757.5502064207897,0.20975698716307276,0.00019649578470292033,149.04135081695807,1.0677042068703653,0.0014227835291954398
9.42,2.316473961660062,757.5498684786165,0.20975787405595003,0.00019583104000510404,149.0419105646178,1.0660330115392391,0.0014207746962795961
9.425,2.31570497448365,757.5495387171437,0.20975875809995528,0.00019516835563012416,149.04246179537589,1.0643644523618567,0.001418768439772891
9.43,2.314943236604943,757.5492171219547,0.2097596392925857,0.0001945077326740637,149.04300950658532,1.0626985315124853,0.0014167647623583117
9.435,2.314188784979629,757.5489037086941,0.20976051763543835,0.00019384916984606216,149.04356642040275,1.0610352462327544,0.0014147636607851049
9.44,2.31344166315152,757.548598495636,0.2097613931318599,0.00019319266557596448,149.04412808042605,1.05937459347164,0.001412765131362376
9.445,2.3127019317032,757.5483015073808,0.20976226578668447,0.00019253821749517093,149.0446889906152,1.0577165690788772,0.0014107691690517987
9.450000000000001,2.3119696164537458,757.5480127542453,0.20976313560130175,0.0001918858245637374,149.0452566212856,1.0560611712155652,0.0014087757716661367
9.455,2.311244693299002,757.5477322265264,0.20976400257420397,0.00019123548773874845,149.0458271500151,1.0544084015781237,0.0014067849412366896
9.46,2.3105272116810083,757.547459943519,0.20976486671062725,0.00019058720492854322,149.04638270077774,1.0527582562037305,0.001404796673231171
9.465,2.309817205245222,757.5471959180763,0.20976572801207402,0.0001899409746542978,149.0469395733277,1.051110732691015,0.0014028109647661088
9.47,2.30911474168374,757.5469401751593,0.2097665864846747,0.00018929679375080397,149.04749222219303,1.0494658259551004,0.0014008278099076966
9.475,2.3084198200480803,757.5466927143807,0.20976744212847676,0.00018865466225447466,149.0480390765559,1.047823536056211,0.0013988472087332622
9.48,2.307732431901964,757.5464535325679,0.20976829494247734,0.00018801458054456616,149.0485844623563,1.0461838635766725,0.0013968691619433257
9.485,2.3070526253940513,757.5462226467031,0.20976914492982196,0.0001873765461875739,149.0491453886243,1.0445468043739194,0.0013948936649323574
9.49,2.306380433992642,757.5460000682795,0.2097699920952209,0.00018674055744234187,149.04969965763487,1.0429123559248852,0.0013929207147341245
9.495000000000001,2.3057159313977835,757.5457858213808,0.20977083644473724,0.00018610661021715297,149.05026242792886,1.0412805121886028,0.0013909503045438356
9.5,2.3050590886058666,757.5455798965085,0.20977167797592924,0.00018547470611790444,149.05082857833034,1.0396512755365184,0.0013889824370362804
9.505,2.3044099157778257,757.5453822968005,0.20977251669028585,0.00018484484452729367,149.0513926136729,1.0380246449923698,0.0013870171111688347
9.51,2.303768457735467,757.545193036193,0.20977335259336968,0.00018421702276288498,149.05194280398825,1.0364006164399568,0.0013850543224747163
9.515,2.303134750948958,757.5450121254609,0.20977418568763354,0.00018359123857031735,149.05249844063405,1.0347791868583105,0.0013830940675351917
9.52,2.302508854948298,757.544839581404,0.20977501598079623,0.000182967488078513,149.0530447697071,1.0331603509457254,0.0013811363405587963
9.525,2.3018907385944187,757.5446753951871,0.20977584346897546,0.00018234577330178864,149.05358761945104,1.0315441114616892,0.00137918114456753
9.53,2.301280422716367,757.5445195723548,0.20977666815401222,0.00018172609278056036,149.0541359056365,1.0299304662969262,0.0013772284773523602
9.535,2.3006779466849108,757.544372123254,0.20977749004032314,0.0001811084437500861,149.05469366884935,1.0283194116008576,0.0013752783348227786
9.540000000000001,2.300083352175611,757.5442330580049,0.20977830913399756,0.00018049282316513876,149.05524778716855,1.0267109435347261,0.001373330712806756
9.545,2.299496677211686,757.544102385396,0.20977912543901867,0.00017987922814103406,149.0558098428229,1.0251050584006072,0.0013713856073866637
9.55,2.298917897083582,757.5439800996439,0.20977993895262984,0.00017926766053677048,149.0563749029158,1.023501758581916,0.0013694430210976455
9.555,2.298347041378252,757.54386620711,0.2097807496798905,0.0001786581179300628,149.0569294608773,1.021901040813176,0.0013675029506158294
9.56,2.2977841423717478,757.5437607144795,0.20978155762475956,0.0001780505976794502,149.0574795076079,1.0203029017538467,0.0013655653924497942
9.565,2.2972292465293456,757.5436636302741,0.20978236279350707,0.00017744509579664967,149.05802928891663,1.0187073366262898,0.001363630341604396
9.57,2.2966823707458746,757.5435749574107,0.20978316518910575,0.00017684161078551012,149.05857193220012,1.0171143436225722,0.0013616977962234145
9.575000000000001,2.296143497893544,757.5434946928362,0.20978396480881595,0.00017624014414046083,149.05911115186387,1.0155239245480245,0.0013597677581732596
9.58,2.2956126664106904,757.5434228425316,0.20978476165727758,0.00017564069219714546,149.0596657636616,1.0139360747574666,0.0013578402228557867
9.585,2.2950899003262943,757.5433594098741,0.20978555573956803,0.0001750432526781539,149.0602173804791,1.012350791669907,0.0013559151875870738
9.59,2.2945752503591272,757.5433044007495,0.20978634706341875,0.0001744478204817598,149.0607735274779,1.0107680694387382,0.0013539926464766084
9.595,2.294068712990139,757.5432578147141,0.20978713562822265,0.0001738543959540442,149.06133479622474,1.00918790846032,0.0013520725999278743
9.6,2.293570283936793,757.5432196511633,0.20978792143368702,0.0001732629794821706,149.06189662521317,1.0076103091504875,0.0013501550483848966
9.605,2.293079998263468,757.5431899131654,0.20978870448733006,0.0001726735671779611,149.06244255398457,1.0060352668649464,0.0013482399873656961
9.61,2.292597879664683,757.5431686023214,0.20978948479167012,0.00017208615644335478,149.06299497448788,1.0044627788240086,0.0013463274140477466
9.615,2.2921239827539046,757.5431557206751,0.20979026235819548,0.00017150074085006946,149.06353779126346,1.0028928380012923,0.001344417321571143
9.620000000000001,2.29165828327057,757.5431512672825,0.20979103718189734,0.00017091732324513279,149.06407704965494,1.0013254475083544,0.0013425097129776604
9.625,2.2912007908089222,757.5431552422122,0.20979180926432928,0.00017033590238432045,149.06461861095303,0.999760605921998,0.0013406045869346858
9.63,2.290751536818453,757.5431676456287,0.20979257861117417,0.00016975647421492473,149.06517309971255,0.9981983086835199,0.0013387019391366318
9.635,2.2903105477196615,757.5431884768425,0.2097933452292549,0.00016917903530240012,149.06572195799097,0.9966385522667165,0.001336801766134188
9.64,2.289877862694578,757.5432177337744,0.20979410912600543,0.0001686035802685584,149.06627966163143,0.9950813310374746,0.0013349040625791528
9.645,2.2894534606046193,757.5432554174705,0.2097948702972884,0.0001680301119975491,149.06684045629126,0.9935266480161906,0.0013330088313457163
9.65,2.2890373570492373,757.5433015266119,0.20979562874754332,0.00016745862813711418,149.0673945591242,0.99197450063433,0.0013311160700863662
9.655,2.288629578495931,757.543356058725,0.20979638448320387,0.00016688912471766684,149.06793958722554,0.9904248846836914,0.001329225774899488
9.66,2.28823015401222,757.5434190097938,0.209797137510423,0.00016632159725343706,149.06848736016454,0.9888777957056989,0.0013273379415795021
9.665000000000001,2.287839106794404,757.5434903760739,0.20979788783585482,0.00016575604201094486,149.06902693361707,0.987333229936641,0.0013254525666508523
9.67,2.287456420945274,757.5435701600242,0.20979863545518,0.00016519246152332863,149.0695630709993,0.9857911899286449,0.001323569652479301
9.675,2.28708211760192,757.5436583574536,0.20979938037314724,0.0001646308520525563,149.0701104201857,0.9842516717604913,0.0013216891955699858
9.68,2.286716217234718,757.5437549639145,0.2098001225959583,0.0001640712100164312,149.0706606178333,0.9827146718682982,0.0013198111926612667
9.685,2.2863587509322425,757.5438599709366,0.20980086213264815,0.0001635135296921258,149.071211535279,0.9811801847186647,0.0013179356387104653
9.69,2.28600972709686,757.5439733759995,0.20980159898526993,0.00016295780947445294,149.07176899993934,0.9796482087476837,0.0013160625323140886
9.695,2.28566913611139,757.5440951818002,0.20980233315134206,0.00016240405115125822,149.07232910134383,0.9781187456898428,0.0013141918750440048
9.700000000000001,2.2853370022765715,757.5442253801575,0.20980306464011728,0.00016185224964346238,149.0728730173808,0.9765917904082845,0.0013123236624319687
9.705,2.2850133414376033,757.5443639650748,0.20980379345511582,0.0001613024016984761,149.07342083088727,0.9750673398808078,0.0013104578917310036
9.71,2.284698185249455,757.5445109225682,0.20980451960785693,0.00016075450030039116,149.07396263584064,0.973545387495506,0.0013085945571058512
9.715,2.2843915290290533,757.5446662546774,0.2098052430966907,0.00016020854648025784,149.07449930422118,0.9720259342236204,0.001306733659415508
9.72,2.2840933718414647,757.5448299615703,0.20980596392108178,0.0001596645403477187,149.07503571941774,0.970508980136086,0.0013048751987507076
9.725,2.2838037348240148,757.5450020323221,0.20980668208795542,0.00015912247663260414,149.0755873494071,0.9689945201004126,0.0013030191707398126
9.73,2.283522632467888,757.5451824586133,0.20980739760440684,0.00015858235176324366,149.07613218494632,0.9674825509111683,0.0013011655725358934
9.735,2.283250095640235,757.5453712201025,0.20980811048187276,0.0001580441574418605,149.0766864874507,0.9659730649649789,0.0012993143976028564
9.74,2.2829861097379656,757.545568326334,0.20980882071486653,0.0001575078975758739,149.07724394541273,0.9644660658411245,0.0012974656490216381
9.745000000000001,2.2827306813092236,757.5457737724442,0.20980952830689653,0.00015697357018314926,149.07779791089726,0.9629615516574727,0.0012956193252289653
9.75,2.2824838279007182,757.5459875451646,0.20981023326668338,0.00015644116996606355,149.07833939043255,0.9614595174518534,0.0012937754220733449
9.755,2.282245564700068,757.5462096313609,0.20981093560004427,0.00015591069223242962,149.07888576215703,0.959959959104527,0.001291933936013912
9.76,2.2820159111941667,757.5464400125926,0.20981163531778396,0.0001553821305237785,149.07942313246537,0.9584628708484302,0.0012900948622110665
9.765,2.2817948563690105,757.5466786991338,0.20981233241401556,0.00015485548845566396,149.079957086141,0.9569682559101245,0.0012882582033788427
9.77,2.2815824093297086,757.5469256813462,0.20981302689307813,0.00015433076261263815,149.08049857821268,0.9554761111336209,0.001286423956952458
9.775,2.281378583400395,757.5471809446368,0.20981371876248736,0.00015380794801237972,149.0810476036809,0.9539864320356661,0.0012845921192359212
9.78,2.2811833936879164,757.5474444698358,0.20981440803200221,0.00015328703865149316,149.0815943859929,0.9524992134378696,0.001282762685913849
9.785,2.2809968499485302,757.5477162436539,0.2098150947070632,0.00015276803041722254,149.08214884616658,0.9510144517519253,0.001280935654044923
9.790000000000001,2.2808189448555836,757.5479962758347,0.20981577878344407,0.00015225092634417705,149.08270648509384,0.9495321496227652,0.001279111025805048
9.795,2.2806496892840262,757.5482845499148,0.2098164602701715,0.0001517357212093956,149.08325124082327,0.948052302343322,0.0012772887974480944
9.8,2.280489092164056,757.5485810514191,0.20981713917281547,0.0001512224107227626,149.08379460864057,0.9465749062266186,0.001275468965961834
9.805,2.2803371675843698,757.5488857537586,0.2098178155026515,0.0001507109873757072,149.08433585810255,0.9450999548925813,0.001273651526180375
9.81,2.2801939177013644,757.5491986524943,0.20981848926184857,0.00015020144993115912,149.0848706583579,0.943627447283491,0.0012718364772587789
9.815,2.2800593391948705,757.5495197538754,0.20981916044747762,0.00014969380014125214,149.08540317256018,0.9421573848832487,0.0012700238204004929
9.82,2.279933441806494,757.5498490360702,0.20981982906753982,0.00014918803170388978,149.08595204166852,0.9406897621392123,0.0012682135512740995
9.825000000000001,2.279816232085972,757.5501864826948,0.20982049513010517,0.00014868414030777674,149.08649509212708,0.9392245754991388,0.001266405667002781
9.83,2.2797077214487778,757.5505320595342,0.20982115864733644,0.00014818211710525414,149.08704545355732,0.9377618175607115,0.0012646001617485805
9.835,2.2796079070313815,757.5508857751189,0.20982181961617105,0.00014768196430396644,149.08760021959066,0.936301490170553,0.0012627970369688114
9.84,2.2795167891851658,757.5512476275272,0.20982247803779797,0.00014718368136347625,149.08815413478226,0.934843592839077,0.0012609962923062284
9.845,2.2794343746811903,757.5516175922627,0.20982313392286295,0.00014668726180243837,149.0886931915199,0.9333881200035877,0.0012591979234907874
9.85,2.2793606679924294,757.5519956500161,0.20982378727668075,0.00014619270096643533,149.0892385081108,0.9319350679041473,0.001257401927543451
9.855,2.2792956764911856,757.5523817614649,0.20982443811438353,0.00014569998941068888,149.0897742564955,0.9304844287759807,0.0012556082984644253
9.86,2.279239396494906,757.5527759458898,0.2098250864286604,0.00014520913177248386,149.0903066010035,0.929036206429844,0.0012538170392021766
9.865,2.2791918296667504,757.5531781919186,0.20982573222310066,0.00014472012522190103,149.09084334108238,0.9275903984691458,0.0012520281479557675
9.870000000000001,2.2791529796030807,757.553588473683,0.2098263755064931,0.0001442329634541641,149.09139121275336,0.9261469996245972,0.0012502416207360184
9.875,2.279122848816206,757.5540067645117,0.20982701628882805,0.00014374764046981561,149.09193464307273,0.92470600510617,0.001248457453847768
9.88,2.2791014394241955,757.5544330334967,0.20982765457935781,0.00014326414931620495,149.0924866100953,0.9232674092871952,0.0012466756430274453
9.885,2.2790887500770576,757.5548672989972,0.20982829037239506,0.0001427824941318862,149.09304178368203,0.9218312155143424,0.0012448961908165434
9.89,2.2790847814980837,757.5553095412378,0.20982892367565817,0.00014230267028259082,149.09358779402567,0.9203974199303209,0.0012431190943662255
9.895,2.279089534322131,757.5557597348118,0.20982955449729906,0.00014182467205331375,149.09412770934966,0.9189660178942899,0.0012413443502004588
9.9,2.2791030080404093,757.5562178441945,0.20983018284783522,0.00014134849190197007,149.09466859247604,0.9175370034392075,0.001239571953828696
9.905,2.279125202081171,757.5566838509434,0.20983080873362933,0.00014087412591178326,149.09520195564386,0.9161103734400324,0.0012378019029274693
9.91,2.279156116818151,757.5571577705347,0.2098314321495512,0.00014040157737842847,149.09573191884883,0.9146861305230137,0.0012360341994560825
9.915000000000001,2.2791957505405733,757.557639572043,0.20983205310428937,0.00013993083944295457,149.09627625578517,0.913264269067671,0.0012342688393311588
9.92,2.2792441015871563,757.5581292327805,0.2098326716058151,0.00013946190743284716,149.0968195338983,0.911844785414017,0.0012325058198240848
9.925,2.2793011652226713,757.558626706788,0.2098332876673448,0.00013899477205220773,149.09736621396124,0.9104276722645936,0.0012307451355667487
9.93,2.2793669412173188,757.5591319925114,0.2098339012891527,0.0001385294329923622,149.0979186386056,0.909012929374476,0.0012289867863836353
9.935,2.2794414301883834,757.5596450966368,0.2098345124696468,0.0001380658915721348,149.0984723460609,0.9076005577645078,0.0012272307730348683
9.94,2.2795246274287764,757.5601659840399,0.20983512122090492,0.00013760414038396313,149.0990097571703,0.9061905514578033,0.0012254770912423685
9.945,2.2796165290614825,757.560694629243,0.20983572754837249,0.00013714417452146703,149.09955352126093,0.9047829066972423,0.0012237257382344882
9.950000000000001,2.2797171248507024,757.5612309750524,0.20983633146918876,0.00013668598295119223,149.10008850425925,0.9033776149074229,0.0012219767078243062
9.955,2.2798264185395163,757.5617750425112,0.20983693297710118,0.00013622956973439283,149.10061951776976,0.9019746792440023,0.001220230002290063
9.96,2.2799444084938014,757.5623268237769,0.2098375320740088,0.00013577493326485704,149.10115226357047,0.900574098416479,0.0012184856207284305
9.965,2.2800710871570873,757.5628862816482,0.20983812876977065,0.00013532206611519907,149.10169875415633,0.899175866538117,0.0012167435589754592
9.97,2.2802064474908232,757.5634533847158,0.20983872307419935,0.00013487096252045127,149.10223929345744,0.8977799792372324,0.0012150038138693464
9.975,2.2803504765318556,757.5640280792991,0.20983931500050162,0.00013442161256682072,149.1027889799351,0.8963864288892276,0.001213266379994778
9.98,2.2805031809377465,757.5646103931863,0.20983990454169413,0.00013397402139039076,149.10334187500052,0.8949952194421199,0.0012115312601593813
9.985,2.280664555583441,757.5652003066688,0.20984049170397184,0.00013352818516921937,149.10388881622848,0.8936063478846384,0.0012097984522693897
9.99,2.2808345906834884,757.5657977826944,0.2098410764977236,0.0001330840969020145,149.10442591972466,0.8922198087706557,0.001208067952510174
9.995000000000001,2.281013274409595,757.5664027798373,0.20984165893250029,0.0001326417492840906,149.10496634809027,0.8908355965902081,0.0012063397569775725
10.0,2.281200595397913,757.5670152598009,0.20984223901896346,0.00013220113551790615,149.10549840359357,0.8894537061646384,0.0012046138620478487
