time_s,V_A,P_A,f_o,f_c,p_o,p_c,z
0,1,760,0.1368,0.05263,40,46,4.4219e-07
0.005,1.017867426431263,759.966945819242,0.1368002353415619,0.05262826967313508,40.67273108896555,43.39191814184784,7.060557847403895e-05
0.01,1.035499742986193,759.9343628277035,0.13680877463945504,0.05262030477706474,41.36399250110694,41.07209990680857,0.0001367215779291027
0.015,1.0529003034631745,759.9022447537078,0.13682521614239218,0.0526064391773063,42.07486378366433,39.00864853910487,0.00019922790652335615
0.02,1.0700724149512015,759.8705853982086,0.13684918295220153,0.0525869827801457,42.8064803389734,37.17318027736894,0.0002585138613010563
0.025,1.0870193384688176,759.8393786351514,0.13688032097925928,0.05256222384777729,43.560035243533314,35.54043800379882,0.0003149256521079733
0.03,1.103744289595206,759.8086184116834,0.13691829710921555,0.052532431041002386,44.33678053007708,34.08794736567387,0.00036877114890649466
0.035,1.1202504390926036,759.7782987482318,0.13696279755513857,0.05249785522608982,45.13802773581866,32.79571070576612,0.00042032410688962375
0.04,1.1365409135201456,759.748413738468,0.1370135263727455,0.05245873107702381,45.96514746951193,31.645934640743906,0.000469827926857297
0.045,1.1526187958392673,759.7189575491669,0.13707020411946694,0.05241527849975651,46.81956768902866,30.6227875884342,0.0005174990019443849
0.05,1.1684871260107685,759.6899244199802,0.13713256664067114,0.05236770390123729,47.70277030852723,29.712183951868774,0.0005635296961701984
0.055,1.184148901583667,759.6613086631273,0.1372003639685541,0.05231620132275767,48.61628566889017,28.901592029508134,0.0006080909952886457
0.06,1.199607078275943,759.6331046630187,0.137273359321054,0.05226095345441693,49.56168430634367,28.179863043411125,0.0006513348659668035
0.065,1.2148645705472991,759.6053068758182,0.13735132818972365,0.05220213254519753,50.540565342433226,27.53707896404262,0.0006933963553574504
0.07,1.2299242521640366,759.5779098289505,0.1374340575068344,0.05213990122117488,51.5545406958948,26.9644170655435,0.0007343954596076305
0.075,1.2447889567561572,759.5509081205607,0.1375213448831287,0.052074413222713486,52.605214188108974,26.454029372295675,0.0007744387867100222
0.08,1.2594614783668054,759.524296418931,0.1376129979086158,0.052005814070070606,53.69415448661469,25.998935360354803,0.0008136210363035867
0.085,1.2739445719941502,759.4980694618586,0.1377088335096372,0.05193424166561228,54.82286072033416,25.592926456388042,0.0008520263165565443
0.09,1.2882409541258115,759.4722220559986,0.1378086773561458,0.05185982683979557,55.99271952553316,25.230481037526456,0.0008897293160438702
0.095,1.302353303265938,759.4467490761735,0.13791236331376108,0.051782693847170214,57.20495227338638,24.906688778294658,0.0009267963465594608
0.1,1.316284260455032,759.4216454646529,0.1380197329356936,0.05170296081788304,58.460551332298806,24.617183316573218,0.0009632862710653092
0.105,1.330036429782629,759.396906230403,0.13813063499011283,0.05162074016949139,59.76020447996482,24.35808232484196,0.0009992513294010505
0.11,1.3436123788929226,759.3725264483076,0.13824492501895827,0.05153613898331742,61.10420707321837,24.125934172250254,0.001034737873005356
0.115,1.3570146394834406,759.3485012583608,0.13836246492460785,0.05144925934906456,62.49236237433906,23.917670453587764,0.0010697870186499381
0.12,1.3702457077968588,759.324825864833,0.13848312258121792,0.0513601986809816,63.92387159843204,23.73056373973201,0.0011044352301022903
0.125,1.383308045106056,759.3014955354084,0.1386067714679809,0.0512690500084667,65.39721682960509,23.562189975939972,0.0011387148356413962
0.13,1.3962040781925003,759.2785056002975,0.13873329032201276,0.05117590224366093,66.91004196376082,23.410395017171226,0.0011726544884826519
0.135,1.4089361998180554,759.2558514513257,0.13886256280910617,0.051080840428276264,68.45903918978603,23.273264845359,0.0012062795763982273
0.14,1.4215067691903034,759.2335285410019,0.13899447721118524,0.05098394596162101,70.03985102043627,23.149099064641117,0.0012396125861131005
0.145,1.43391811242147,759.2115323815731,0.1391289261299418,0.050885296811548894,71.64700014991773,23.036387312844194,0.0012726734274726966
0.15,1.446172522981044,759.1898585440724,0.1392658062068413,0.05078496770981845,73.27386095954478,22.93378826975208,0.0013054797217944719
0.155,1.4582722621421729,759.1685026573716,0.13940501786036263,0.050683030333157596,74.91268664944691,22.8401109763117,0.0013380470583511028
0.16,1.470219559421925,759.1474604072511,0.1395464650419348,0.0505795534711506,76.55470410319703,22.754298210640098,0.0013703892224947156
0.165,1.4820166130155015,759.1267275354998,0.13969005501245066,0.05047460318191729,78.19028423620718,22.675411694697818,0.0014025183985445903
0.17,1.493665590224482,759.1062998390644,0.13983569814137378,0.0503682429364388,79.80918867580566,22.60261893026863,0.0014344453502183655
0.17500000000000002,1.505168627879186,759.086173169258,0.13998330773022746,0.05026053375230284,81.40088473938631,22.535181485083378,0.0014661795810799658
0.18,1.5165278327552318,759.0663434310412,0.14013279986163046,0.05015153431759388,82.95491104109944,22.472444569546667,0.0014977294772063146
0.185,1.5277452819843722,759.0468065823818,0.1402840932740448,0.050041301105638786,84.46126746272502,22.413827761851426,0.001529102434035463
0.19,1.538823023459686,759.0275586336962,0.14043710926117997,0.04992988848131466,85.91079751193624,22.358816755873598,0.0015603049691293794
0.195,1.549763076235207,759.0085956473642,0.14059177159362493,0.04981734879965583,87.29552988093502,22.306956018289664,0.0015913428224181483
0.2,1.5605674309200603,758.9899137373078,0.14074800645912638,0.049703732497495275,88.60894977272453,22.257842255486366,0.0016222210452973519
0.20500000000000002,1.5712380500672019,758.971509068617,0.14090574241704035,0.049589088178882045,89.84617881385553,22.211118600873633,0.0016529440798117706
0.21,1.5817768685567835,758.9533778572024,0.1410649103620835,0.04947346269497838,91.00405349044516,22.166469443872575,0.001683515829011625
0.215,1.59218579397424,758.9355163694565,0.14122544349260097,0.04935690121910346,92.08110384371999,22.1236158295663,0.0017139397194609709
0.22,1.6024667069833385,758.917920921904,0.14138727727910436,0.04923944731754673,93.07744445234988,22.082311364633906,0.0017442187567860434
0.225,1.6126214616938916,758.9005878808265,0.14155034942976233,0.04912114301658242,93.99459716370441,22.04233857768308,0.0017743555749803227
0.23,1.622651886024548,758.8835136618527,0.14171459985051918,0.0490020288661633,94.8352685083942,22.00350568037323,0.0018043524802050846
0.23500000000000001,1.632559782060578,758.8666947295058,0.1418799705986238,0.048882144000587734,95.60310489885991,21.965643686774616,0.0018342114896729223
0.24,1.6423469264067487,758.8501275967076,0.14204640582928202,0.04876152619639053,96.30244599174178,21.928603851297094,0.0018639343661613745
0.245,1.6520150705353507,758.8338088242427,0.14221385173588771,0.04864021192763518,96.93809230393165,21.89225539054065,0.0018935226486346112
0.25,1.6615659411294565,758.8177350201845,0.14238225648484365,0.04851823641875276,97.51509807481254,21.856483456863028,0.0019229776794171892
0.255,1.6710012404214674,758.8019028392915,0.14255157014623257,0.048395633695022464,98.0385957166723,21.821187336821293,0.0019523006282900109
0.26,1.6803226465270147,758.7863089823809,0.1427217446217383,0.04827243663078206,98.51365409304559,21.786278849323352,0.0019814925138552553
0.265,1.6895318137742814,758.7709501956837,0.1428927335711698,0.04814867699544202,98.94516985712154,21.75168092162215,0.0020105542224715263
0.27,1.6986303730288062,758.7558232701916,0.14306449233880944,0.04802438549737681,99.33778899490916,21.71732632342426,0.002039486525030866
0.275,1.7076199320138339,758.7409250409992,0.14323697788062023,0.047899591825765156,99.69585460303989,21.683156541784502,0.00206829009181614
0.28,1.7165020756262706,758.7262523866449,0.14341014869313984,0.047774324690455776,100.02337643499175,21.64912078122123,0.0020969655056529177
0.28500000000000003,1.7252783662483122,758.7118022284583,0.143583964744683,0.04764861185993879,100.32401777933438,21.615175075174566,0.002125513273546649
0.29,1.7339503440547939,758.6975715299133,0.1437583874092921,0.0475224801975032,100.60109560421502,21.581281496625024,0.002153933836972566
0.295,1.7425195273163292,758.6835572959911,0.1439333794037113,0.04739595569566565,100.85759038512768,21.547407456831355,0.002182227580969949
0.3,1.7509874126982958,758.6697565725543,0.1441089047275274,0.04726906350895603,101.09616263285407,21.51352508242232,0.0022103948421747853
0.305,1.75935547555572,758.6561664457312,0.14428492860652564,0.047141827985140994,101.31917372147991,21.479610662310566,0.002238435915907905
0.31,1.7676251702241226,758.6427840413152,0.14446141743921798,0.04701427269497132,101.52870912382295,21.445644156548894,0.0022663510624265828
0.315,1.7757979303063662,758.6296065241738,0.14463833874646662,0.046886420460526906,101.72660264224162,21.411608760524036,0.0022941405124301787
0.32,1.7838751689556358,758.6166310976719,0.14481566112401245,0.04675829338226311,101.91446060454851,21.377490517419837,0.0023218044719163487
0.325,1.7918582791544326,758.6038550031064,0.14499335419788553,0.04662991286477467,102.09368528675788,21.343277975645545,0.002349343126433545
0.33,1.7997486339898223,758.5912755191536,0.14517138858239387,0.046501299641407895,102.26549709945583,21.308961884021706,0.0023767566448278567
0.335,1.8075475869249116,758.5788899613265,0.14534973584057498,0.046372473797763,102.43095524915869,21.27453492156353,0.002404045182527551
0.34,1.8152564720665896,758.5666956814442,0.14552836844695252,0.04624345479414357,102.59097671389343,21.23999145804857,0.0024312088844174145
0.34500000000000003,1.8228766044296048,758.5546900671127,0.14570725975242,0.04611426148701765,102.74635348905737,21.2053273418318,0.002458247887351105
0.35000000000000003,1.830409280197031,758.542870541213,0.14588638395109144,0.045984912149547315,102.89776812537579,21.170539711792888,0.00248516232234394
0.355,1.8378557769771677,758.5312345614018,0.1460657160489769,0.04585542449123533,103.04580762649115,21.135626830818747,0.002511952316481502
0.36,1.845217354056923,758.5197796196196,0.1462452318343431,0.04572581567673866,103.19097580558844,21.100587938386003,0.002538617994577161
0.365,1.8524952526517289,758.508503241608,0.14642490784963375,0.04559610234389316,103.33370421639074,21.065423120121178,0.0025651594806073517
0.37,1.8596906961520403,758.4974029864358,0.14660472136483216,0.0454663006209919,103.47436178171189,21.030133192441948,0.0025915768989503217
0.375,1.8668048903664594,758.4864764460327,0.14678465035216073,0.045336426143355986,103.61326324336146,20.994719600596685,0.0026178703754511667
0.38,1.8738390237615354,758.4757212447313,0.14696467346201803,0.045206494069235784,103.75067655556482,20.959184328587853,0.002644040038333615
0.385,1.8807942676982838,758.4651350388157,0.14714477000006843,0.04507651909507498,103.88682933392023,20.9235298196752,0.002670086018976209
0.39,1.8876717766654731,758.4547155160781,0.14732491990539903,0.04494651547017219,104.02191447013344,20.887758906233827,0.002696008452569354
0.395,1.894472688509722,758.4444603953822,0.14750510372967499,0.04481649701076811,104.15609500733166,20.851874747949434,0.0027218074786669825
0.4,1.9011981246624485,758.4343674262329,0.14768530261722332,0.04468647711358808,104.28950836744484,20.815880777386322,0.0027474832416457453
0.405,1.9078491903637216,758.4244343883535,0.14786549828598652,0.04455646876886556,104.42227000928426,20.779780652111963,0.002773035891082693
0.41000000000000003,1.9144269748830496,758.4146590912673,0.14804567300929003,0.04442648457287188,104.5544765896258,20.743578212631448,0.0027984655820614307
0.41500000000000004,1.9209325517371574,758.4050393738885,0.14822580959837128,0.044296536739976654,104.68620869192885,20.707277445461333,0.002823772475415665
0.42,1.9273669789047791,758.3955731041159,0.14840589138562946,0.044166637114258014,104.8175331762686,20.670882450791936,0.00284895673791752
0.425,1.9337312990385287,758.3862581784341,0.14858590220854592,0.044036797180687946,104.94850520431561,20.634397414167196,0.0028740185424181277
0.43,1.9400265396738703,758.3770925215208,0.14876582639424454,0.04390702807590769,105.07916997876724,20.597826581770455,0.0028989580679459953
0.435,1.946253713435233,758.3680740858589,0.14894564874465147,0.04377734059861448,105.2095642380052,20.561174238874642,0.0029237754997689324
0.44,1.952413818239323,758.359200851354,0.14912535452222167,0.043647745219577344,105.33971753909748,20.524444691092505,0.002948471029424302
0.445,1.958507837495644,758.350470824958,0.14930492943620677,0.04351825209129519,105.46965335621879,20.487642248129404,0.002973044854721542
0.45,1.9645367403042944,758.341882040298,0.14948435962942994,0.04338887105731693,105.59939002240237,20.450771209715686,0.0029974971797210913
0.455,1.9705014816510693,758.3334325573084,0.14966363166554472,0.04325961166123671,105.7289415350675,20.413835853481,0.0030218282146928176
0.46,1.9764030025998782,758.3251204618721,0.14984273251675823,0.04313048315537526,105.85831824343566,20.376840424557617,0.003046038176056729
0.465,1.9822422304825627,758.3169438654627,0.15002164955198793,0.043001494509165926,105.98752743651512,20.33978912667938,0.0030701272863088874
0.47000000000000003,1.9880200790861238,758.3089009047936,0.15020037052543583,0.042872654417255414,106.11657384445256,20.302686114615998,0.003094095773934584
0.47500000000000003,1.9937374488373736,758.3009897414721,0.1503788835655646,0.04274397130732817,106.24546006482538,20.2655354877963,0.0031179438733106714
0.48,1.9993952269850834,758.293208561657,0.15055717716445063,0.04261545334766992,106.37418692604876,20.228341284955768,0.003141671824599065
0.485,2.0049942877796845,758.2855555757229,0.15073524016749512,0.042487108454483544,106.50275379694155,20.19110747968212,0.00316527987363292
0.49,2.010535492650455,758.2780290179265,0.15091306176349087,0.04235894429895682,106.63115884806824,20.153837976785926,0.0031887682717965512
0.495,2.016019690380321,758.2706271460801,0.15109063147501728,0.042230968314101225,106.75939927404492,20.116536609359198,0.003212137275900639
0.5,2.021447717278309,758.2633482412278,0.1512679391491478,0.04210318770137186,106.88747148225605,20.07920713643879,0.003235387148053674
0.505,2.026820397349612,758.2561906073271,0.1514449749484671,0.041975609437069746,107.01537125167468,20.041853241220416,0.0032585181555304255
0.51,2.032138542463352,758.249152570934,0.15162172934237853,0.04184824027854014,107.14309386703788,20.004478529738584,0.003281530570638324
0.515,2.037402952518024,758.2422324808936,0.15179819309869563,0.041721086770170265,107.27063423164215,19.967086529960046,0.003304424670582453
0.52,2.0426144156047745,758.2354287080334,0.15197435727549097,0.041594155249205414,107.39798696291582,19.929680691216966,0.0033272007373298016
0.525,2.047773708168382,758.2287396448626,0.15215021321321248,0.04146745185137564,107.52514647181866,19.892264383963884,0.0033498590574731623
0.53,2.052881595166094,758.2221637052736,0.15232575252704256,0.04134098251635066,107.65210702950932,19.854840899795445,0.0033723999220952295
0.535,2.057938830224216,758.2156993242497,0.15250096709950453,0.04121475299301905,107.77886282257397,19.817413451702105,0.003394823626633289
0.54,2.06294615579267,758.2093449575747,0.15267584907328677,0.041088768844613065,107.90540799945677,19.779985174510635,0.003417130470744815
0.545,2.067904303297498,758.2030990815475,0.15285039084428273,0.040963035453679804,108.03173670888083,19.742559125493653,0.003439320758174178
0.55,2.072813993291147,758.196960192701,0.15302458505485877,0.04083755802689044,108.15784313089324,19.70513828513628,0.003461394796620844
0.555,2.0776759356007224,758.1909268075243,0.15319842458732424,0.040712341599705465,108.28372150243891,19.667725558019686,0.0034833528976092485
0.56,2.0824908294743616,758.1849974621887,0.15337190255758434,0.040587391040909616,108.40936613854709,19.630323773797304,0.0035051953763603695
0.5650000000000001,2.087259363725527,758.1791707122774,0.15354501230899198,0.04046271105700503,108.5347714491234,19.592935688262575,0.003526922551665312
0.5700000000000001,2.091982216875376,758.1734451325191,0.15371774740637845,0.04033830619647689,108.659931952365,19.555563984485488,0.0035485347457609017
0.5750000000000001,2.0966600572931515,758.1678193165255,0.15389010163026506,0.04021418085392991,108.78484228520966,19.518211274007587,0.0035700322842074908
0.58,2.101293543334657,758.162291876532,0.1540620689712444,0.04009033927410385,108.90949721144884,19.480880098080192,0.0035914154957690098
0.585,2.105883323478923,758.1568614431418,0.15423364362451905,0.039966785555776464,109.0338916279133,19.443572928935538,0.0036126847122952294
0.59,2.1104300364629385,758.1515266650741,0.15440481998460623,0.039843523655548184,109.15802056884623,19.406292171086225,0.0036338402686064424
0.595,2.11493431141478,758.1462862089152,0.1545755926401743,0.03972055739153239,109.28187920907936,19.36904016263986,0.0036548825023802003
0.6,2.119396767984704,758.141138758873,0.15474595636904773,0.03959789044692538,109.40546286579674,19.331819176629597,0.0036758117540407276
0.605,2.123818016474417,758.1360830165357,0.1549159061333575,0.03947552637347261,109.52876699933331,19.294631422350278,0.0036966283666507644
0.61,2.1281986579646683,758.1311177006332,0.15508543707482228,0.039353468594841234,109.6517872132765,19.2574790466936,0.00371733268580571
0.615,2.1325392844411817,758.1262415468012,0.1552545445101564,0.039231720409902075,109.77451925398137,19.220364135478835,0.003737925059530043
0.62,2.1368404789187623,758.1214533073504,0.15542322392661534,0.03911028499591333,109.89695900949779,19.183288714776445,0.0037584058381762635
0.625,2.1411028155641585,758.1167517510358,0.15559147097763268,0.038989165411638965,110.01910250816796,19.14625475222448,0.003778775374325556
0.63,2.145326859816655,758.1121356628325,0.15575928147862333,0.03886836460034801,110.14094591665929,19.109264158330486,0.0037990340226916057
0.635,2.1495131685072426,758.1076038437122,0.15592665140288614,0.03874788539274305,110.26248553783326,19.072318787758164,0.0038191821400264062
0.64,2.153662289976226,758.1031551104247,0.1560935768776151,0.038627730509810894,110.38371780843192,19.03542044059663,0.003839220085028266
0.645,2.157774764189253,758.0987882952803,0.15626005418001776,0.038507902565596615,110.50463929660445,18.99857086361141,0.0038591482182520004
0.65,2.16185112285173,758.0945022459373,0.15642607973354214,0.03838840406990005,110.62524669930323,18.961771751474917,0.003878966902021381
0.655,2.165891889521538,758.090295825191,0.1565916501042148,0.038269237430892805,110.74553683958165,18.92502474797436,0.003898676500343928
0.66,2.1698975797212494,758.086167910765,0.15675676199701086,0.03815040495771232,110.86550666387924,18.88833144721207,0.003918277378826401
0.665,2.1738687010471085,758.0821173951075,0.1569214122524328,0.03803190886290674,110.9851532391618,18.85169339476092,0.00393776990459474
0.67,2.177805753277491,758.0781431851898,0.15708559784311701,0.03791375126485987,111.10447375014449,18.815112088808302,0.003957154446214712
0.675,2.18170922848057,758.0742442023052,0.15724931587048946,0.0377959341901811,111.22346549649232,18.77858898128846,0.003976431373613615
0.68,2.185579611118926,758.0704193818743,0.1574125635616107,0.03767845957595969,111.34212589000414,18.74212547896752,0.0039956010580061594
0.685,2.189417378153701,758.0666676732517,0.15757533826604014,0.03756132927200563,111.46045245188319,18.70572294451777,0.004014663871820889
0.6900000000000001,2.193222999147329,758.0629880395337,0.15773763745278443,0.037444545043029985,111.5784428100045,18.6693826975698,0.004033620188628497
0.6950000000000001,2.196996936364831,758.0593794573708,0.15789945870732927,0.03732810857076587,111.69609469621723,18.633106015740523,0.004052470383072041
0.7000000000000001,2.2007396448749272,758.055840916779,0.15806079972868103,0.037212021456082114,111.81340594365349,18.596894135658165,0.004071214830797396
0.705,2.2044515726450435,758.0523714209636,0.15822165832675011,0.03709628522085292,111.93037448423627,18.560748253884455,0.004089853908391648
0.71,2.2081331606457164,758.0489699861251,0.15838203241920418,0.03698090131020621,112.04699834590168,18.524669527994394,0.004108387993309221
0.715,2.211784842936987,758.0456356412986,0.15854192002932752,0.0368658710940528,112.16327565039089,18.488659077352647,0.004126817463821393
0.72,2.215407046771546,758.0423674281625,0.1587013192829405,0.03675119586928751,112.27920461053766,18.452717984171993,0.004145142698943989
0.725,2.21900019268226,758.0391644008754,0.15886022840618375,0.03663687686137197,112.39478352807693,18.416847294307544,0.0041633640783852715
0.73,2.222564694575658,758.0360256259037,0.15901864572295488,0.03652291522616588,112.51001079128243,18.38104801815187,0.0041814819824858565
0.735,2.2261009598265025,758.0329501818453,0.15917656965231056,0.03640931205178308,112.62488487251457,18.345321131548907,0.004199496792157609
0.74,2.2296093893607623,758.0299371592766,0.15933399870644774,0.03629606836003348,112.73940432630046,18.309667576511305,0.004217408888836598
0.745,2.2330903777520423,758.0269856605729,0.15949093148800528,0.036183185108350835,112.85356778680921,18.27408826216592,0.004235218654419629
0.75,2.236544313301569,758.0240947997611,0.1596473666881883,0.036070663191132404,112.96737396606164,18.238584065422316,0.004252926471220738
0.755,2.239971578127588,758.0212637023536,0.15980330308441656,0.035958503441418765,113.08082165172185,18.203155831800647,0.004270532721916143
0.76,2.2433725482505364,758.0184915051913,0.159958739538185,0.035846706632422044,113.1939097050823,18.167804376188197,0.00428803778949436
0.765,2.2467475936760133,758.0157773562898,0.1601136749930231,0.035735273478983504,113.30663705915099,18.132530483560753,0.004305442057208791
0.77,2.25009707847756,758.0131204146866,0.16026810847245937,0.03562420463902727,113.41900271673016,18.097334909701445,0.004322745908530467
0.775,2.2534213608792033,758.0105198502881,0.16042203907799799,0.035513500715005676,113.53100574852937,18.062218381915915,0.004339949727101085
0.78,2.256720793334964,758.0079748437237,0.16057546598723207,0.035403162255246624,113.64264529140122,18.027181599698892,0.004357053896689465
0.785,2.2599957226078753,758.0054845861989,0.16072838845197487,0.0352931897552883,113.75392054658869,17.992225235394393,0.0043740588011484775
0.79,2.263246489848201,758.0030482793525,0.16088080579642297,0.03518358365919096,113.86483077802824,17.95734993484425,0.004390964824372777
0.795,2.266473430673531,758.000665135107,0.16103271741524258,0.03507434436090359,113.97537531055346,17.922556318064256,0.004407772350254596
0.8,2.2696768752397007,757.99833437554,0.1611841227720406,0.03496547220535577,114.0855535284974,17.887844979782322,0.0044244817626492945
0.805,2.272857148323621,757.99605523273,0.16133502139733416,0.0348569674899077,114.19536487378764,17.853216490156456,0.0044410934453281955
0.81,2.2760145693887117,757.9938269486372,0.16148541288724771,0.03474883046528034,114.30480884477997,17.818671395231444,0.004457607781949918
0.8150000000000001,2.2791494526660454,757.9916487749535,0.1616352969015522,0.03464106133695592,114.41388499442003,17.78421021763208,0.004474025156014968
0.8200000000000001,2.282262107220558,757.9895199729815,0.16178467316232362,0.03453366026613546,114.52259292903868,17.749833457033525,0.004490345950836126
0.8250000000000001,2.285352837025331,757.9874398134973,0.1619335414522607,0.03442662737094006,114.63093230679604,17.715541590754277,0.00450657054950016
0.8300000000000001,2.288421941032648,757.9854075766208,0.16208190161314345,0.0343199627275116,114.73890283627232,17.681335074298598,0.004522699334833107
0.835,2.2914697132393105,757.9834225516954,0.16222975354450378,0.03421366637096174,114.84650427527039,17.647214341822195,0.004538732689371062
0.84,2.294496442761783,757.9814840371504,0.16237709720192167,0.034107738296588475,114.95373642924201,17.613179806733093,0.004554670995321297
0.845,2.297502413895809,757.9795913403918,0.16252393259591144,0.034002178460671065,115.06059915030933,17.579231862079457,0.004570514634538637
0.85,2.3004879061917065,757.9777437776646,0.16267025979021282,0.033896986781690355,115.16709233568476,17.545370881152373,0.004586263988486439
0.855,2.3034531945116212,757.9759406739479,0.16281607890075986,0.03379216314106449,115.27321592677714,17.511597217843704,0.004601919438215151
0.86,2.306398549102114,757.9741813628219,0.162961390094074,0.033687707384296314,115.37896990771318,17.47791120721212,0.0046174813643259285
0.865,2.3093242356517214,757.9724651863637,0.16310619358621517,0.03358361932172191,115.48435430442409,17.44431316584752,0.004632950146948755
0.87,2.312230515358692,757.9707914950226,0.16325048964135222,0.033479898729531124,115.5893691833455,17.410803392373055,0.004648326165710676
0.875,2.3151176449911186,757.9691596475108,0.16339427857061567,0.03337654535058638,115.69401465040332,17.377382167845152,0.00466360979971137
0.88,2.317985876948066,757.9675690106925,0.1635375607309024,0.033273558895275925,115.79829084994793,17.34404975617121,0.004678801427497513
0.885,2.3208354593236504,757.9660189594663,0.1636803365235869,0.033170939042433546,115.9021979635986,17.310806404560516,0.0046939014270346545
0.89,2.3236666359605547,757.9645088766686,0.16382260639358634,0.03306868544000588,116.00573620943598,17.277652343848352,0.004708910175688424
0.895,2.3264796465182584,757.9630381529486,0.16396437082793036,0.03296679770607315,116.10890584070611,17.244587788997773,0.004723828050192692
0.9,2.3292747265204303,757.9616061866835,0.16410563035502762,0.03286527542937248,116.21170714521142,17.211612939351404,0.004738655426636101
0.905,2.3320521074245013,757.960212383851,0.16424638554319382,0.03276411817034849,116.31414044397387,17.17872797914818,0.004753392680429109
0.91,2.334812016665982,757.9588561579493,0.16438663700001147,0.032663325461609966,116.4162060907155,17.14593307774193,0.004768040186293018
0.915,2.337554677727068,757.9575369298728,0.16452638537089515,0.03256289680895386,116.51790447055983,17.113228390104588,0.0047825983182279794
0.92,2.340280310179471,757.956254127835,0.16466563133848933,0.03246283169179468,116.61923599954602,17.080614057031585,0.004797067449503058
0.925,2.3429891297509906,757.9550071872468,0.16480437562130548,0.03236312956413733,116.72020112340266,17.04809020561911,0.004811447952626125
0.93,2.3456813483680006,757.9537955506413,0.16494261897312004,0.032263789855006116,116.82080031705877,17.01565694946987,0.004825740199333944
0.935,2.3483571742192337,757.9526186675571,0.16508036218170555,0.03216481196935059,116.92103408351056,16.983314389136552,0.004839944560564556
0.9400000000000001,2.351016811798386,757.9514759944624,0.1652176060682157,0.032066195288483736,117.02090295331793,16.951062612332507,0.004854061406447042
0.9450000000000001,2.353660461964993,757.9503669946447,0.16535435148601052,0.0319679391709205,117.12040748356259,16.918901694341603,0.004868091106276392
0.9500000000000001,2.3562883219871122,757.9492911381343,0.1654905993200323,0.031870042952822766,117.21954825733457,16.886831698232434,0.004882034028503044
0.9550000000000001,2.358900585599231,757.9482479015998,0.1656263504857225,0.03177250594877197,117.31832588277877,16.854852675235392,0.0048958905407102
0.96,2.3614974430452644,757.947236768271,0.16576160592838315,0.03167532745222459,117.41674099256618,16.822964664962285,0.004909661009602978
0.965,2.364079081134322,757.9462572278384,0.16589636662215945,0.03157850673623804,117.5147942430035,16.791167695760148,0.004923345800987479
0.97,2.366645683282165,757.9453087763793,0.1660306335694403,0.03148204305389783,117.61248631354053,16.759461784917036,0.004936945279761005
0.975,2.3691974295662095,757.9443909162587,0.1661644077998657,0.031385935639026016,117.7098179059035,16.727846939007147,0.004950459809891768
0.98,2.3717344967652974,757.9435031560585,0.16629769036976993,0.0312901837065777,117.8067897436414,16.696323154081735,0.004963889754410269
0.985,2.3742570584136335,757.9426450104802,0.16643048236122193,0.03119478645332594,117.90340257129122,16.664890416002464,0.00497723547538988
0.99,2.3767652848394656,757.9418160002774,0.16656278488149365,0.03109974305824048,117.99965715394583,16.63354870062386,0.004990497333938903
0.995,2.3792593432175164,757.9410156521601,0.16669459906214482,0.03100505268314061,118.0955542764623,16.602297974110716,0.005003675690182344
1.0,2.3817393976068724,757.9402434987289,0.16682592605850796,0.030910714473062154,118.19109474304351,16.571138193115107,0.005016770903254411
1.0050000000000001,2.384205609001865,757.9394990783832,0.16695676704881798,0.030816727556878292,118.2862793764891,16.540069305077857,0.0050297833312815
1.01,2.386658135369069,757.9387819352557,0.1670871232337165,0.030723091047652768,118.38110901779395,16.509091248398995,0.00504271333137521
1.0150000000000001,2.389097131696845,757.9380916191246,0.16721699583541952,0.030629804043233465,118.47558452543466,16.478203952725867,0.005055561259616345
1.02,2.391522750031305,757.9374276853497,0.16734638609724461,0.03053686562658924,118.56970677498836,16.44740733911568,0.005068327471048553
1.025,2.3939351395246566,757.9367896947856,0.16747529528281224,0.030444274866379507,118.66347665845066,16.416701320311866,0.0050810123196632214
1.03,2.3963344464701652,757.9361772137217,0.16760372467559498,0.030352030817275385,118.75689508387336,16.386085800899124,0.005093616158393712
1.035,2.398720814349279,757.9355898137968,0.16773167557815194,0.03026013252050545,118.84996297471355,16.3555606775681,0.005106139339101145
1.04,2.401094383865704,757.9350270719402,0.16785914931169693,0.030168579004163518,118.94268126948724,16.325125839264132,0.005118582212569136
1.045,2.4034552929912736,757.93448857029,0.1679861472153666,0.0300773692837303,119.03505092114993,16.294781167440057,0.0051309451284904896
1.05,2.4058036769991915,757.9339738961351,0.16811267064580526,0.029986502362369046,119.12707289676453,16.264526536199295,0.005143228435462385
1.055,2.4081396685086762,757.9334826418354,0.16823872097646586,0.02989597723142406,119.21874817691179,16.234361812537326,0.005155432480973938
1.06,2.4104633975173706,757.9330144047667,0.16836429959721172,0.029805792870704166,119.31007775537286,16.204286856478998,0.005167557611401848
1.065,2.4127749914448207,757.9325687872421,0.16848940791364728,0.029715948248959793,119.40106263856711,16.174301521309594,0.00517960417199876
1.07,2.4150745751640477,757.932145396458,0.16861404734673713,0.02962644232415418,119.49170384524932,16.144405653706333,0.005191572506889364
1.075,2.4173622710439138,757.9317438444195,0.1687382193321651,0.02953727404392031,119.58200240597323,16.114599093959622,0.0052034629590595235
1.08,2.419638198979875,757.9313637478867,0.16886192531996952,0.02944844234582041,119.67195936280253,16.084881676099066,0.005215275870352803
1.085,2.421902476435258,757.9310047283018,0.16898516677392952,0.029359946157783427,119.76157576879919,16.05525322810528,0.0052270115814603245
1.09,2.4241552184712316,757.930666411738,0.16910794517121577,0.029271784398353574,119.8508526877472,16.025713572030728,0.005238670431917704
1.095,2.4263965377870096,757.9303484288281,0.16923026200180294,0.02918395597710903,119.93979119366476,15.996262524202454,0.005250252760095612
1.1,2.4286265447490685,757.9300504147147,0.16935211876813508,0.029096459794900068,120.02839237054025,15.966899895338038,0.005261758903197091
1.105,2.4308453474303056,757.9297720089811,0.1694735169845632,0.029009294744249743,120.1166573118669,15.937625490739604,0.005273189197248792
1.11,2.43305305163852,757.929512855603,0.16959445817702493,0.028922459709581946,120.20458712039067,15.908439110405064,0.005284543977098661
1.115,2.4352497609545547,757.9292726028808,0.16971494388250583,0.028835953567605016,120.29218290766624,15.87934054921389,0.005295823576407816
1.12,2.437435576760058,757.9290509033933,0.16983497564873282,0.028749775187530007,120.37944579381629,15.850329597033758,0.0053070283276485915
1.125,2.4396105982746468,757.9288474139319,0.1699545550336584,0.028663923431437983,120.4663769071078,15.821406038898491,0.005318158562097022
1.1300000000000001,2.4417749225829586,757.9286617954547,0.17007368360516695,0.028578397154488958,120.55297738372215,15.792569655110306,0.005329214609831226
1.135,2.4439286446708617,757.9284937130235,0.17019236294058115,0.028493195205273526,120.63924836735082,15.763820221410255,0.005340196799724478
1.1400000000000001,2.446071857451827,757.9283428357595,0.17031059462638054,0.028408316426012867,120.72519100897577,15.735157509076291,0.005351105459443912
1.145,2.4482046518022056,757.9282088367808,0.17042838025772902,0.028323759652895374,120.81080646648368,15.706581285086509,0.005361940915444154
1.1500000000000001,2.450327116586934,757.9280913931601,0.17054572143820554,0.028239523716268092,120.89609590445623,15.67809131221322,0.00537270349296633
1.155,2.4524393386939076,757.9279901858644,0.17066261977935152,0.028155607440958984,120.98106049380188,15.649687349179306,0.005383393516032238
1.16,2.4545414030590424,757.9279048997128,0.1707790769004132,0.02807200964646011,121.06570141155564,15.621369150748443,0.005394011307443647
1.165,2.456633392699763,757.927835223319,0.1708950944279082,0.027988729147236165,121.15001984052769,15.593136467874903,0.00540455718877698
1.17,2.458715388739435,757.92778084905,0.17101067399537911,0.02790576475289974,121.23401696911222,15.56498904779008,0.005415031480382895
1.175,2.46078747044,757.9277414729695,0.17112581724297843,0.02782311526850669,121.31769399095192,15.536926634146006,0.005425434501381451
1.18,2.462849715225792,757.9277167947988,0.17124052581723262,0.027740779494723793,121.4010521047556,15.508948967098329,0.005435766569661965
1.185,2.464902198715338,757.9277065178611,0.17135480137064496,0.0276587562281115,121.48409251397797,15.48105578344384,0.005446028001878638
1.19,2.4669449947445794,757.9277103490437,0.17146864556146973,0.027577044261284305,121.56681642664543,15.453246816700027,0.005456219113450666
1.195,2.4689781753978632,757.9277279987442,0.17158206005333193,0.027495642383181394,121.64922505505054,15.425521797236879,0.00546634021855832
1.2,2.4710018110305807,757.9277591808333,0.17169504651501147,0.027414549379219996,121.73131961558573,15.39788045235316,0.005476391630143287
1.205,2.4730159702993686,757.927803612603,0.17180760662007885,0.02733376403155448,121.81310132845167,15.370322506402708,0.005486373659905188
1.21,2.475020720184184,757.92786101473,0.17191974204668894,0.02725328511922292,121.89457141749854,15.342847680867584,0.005496286618302148
1.215,2.4770161260177375,757.9279311112252,0.1720314544772323,0.027173111418395113,121.97573110994769,15.315455694479104,0.005506130814547714
1.22,2.4790022515070183,757.9280136293994,0.1721427455981378,0.027093241702512674,122.05658163624035,15.288146263287965,0.0055159065566116544
1.225,2.4809791587619787,757.9281082998128,0.17225361709953907,0.0270136747425264,122.13712422977176,15.260919100780255,0.005525614151217261
1.23,2.4829469083165265,757.9282148562419,0.17236407067508572,0.026934409307030113,122.21736012674688,15.233773917944664,0.005535253903842358
1.235,2.4849055591564793,757.9283330356315,0.1724741080216241,0.026855444162487873,122.2972905659268,15.206710423383683,0.005544826118716979
1.24,2.486855168740037,757.9284625780613,0.17258373083901693,0.026776778073361797,122.37691678849102,15.179728323378026,0.005554331098824575
1.245,2.4887957930250297,757.9286032267,0.17269294082983777,0.026698409802329487,122.45624003779537,15.152827321993206,0.005563769145900043
1.25,2.490727486488879,757.9287547277727,0.17280173969919865,0.026620338110406094,122.53526155924078,15.126007121141287,0.0055731405604311285
1.2550000000000001,2.492650302155162,757.928916830516,0.1729101291544578,0.026542561757152375,122.61398260004229,15.099267420683033,0.0055824456416567894
1.26,2.4945642916130764,757.9290892871464,0.17301811090505495,0.026465079500791213,122.69240440910399,15.072607918487078,0.005591684687568786
1.2650000000000001,2.4964695050433328,757.9292718528174,0.17312568666223163,0.026387890098406683,122.77052823679836,15.046028310527849,0.005600857994910359
1.27,2.4983659912371428,757.929464285588,0.17323285813887407,0.02631099230605523,122.84835533484735,15.01952829094225,0.005609965859177997
1.2750000000000001,2.5002537976214567,757.9296663463809,0.17333962704924538,0.02623438487895611,122.92588695611184,14.993107552123522,0.005619008574620426
1.28,2.5021329702774824,757.9298777989528,0.1734459951088359,0.026158066571597454,123.0031243544781,14.966765784775559,0.005627986434240535
1.285,2.50400355396529,757.9300984098531,0.1735519640341068,0.026082036137918416,123.08006878465716,14.940502678002867,0.005636899729794663
1.29,2.505865592141874,757.9303279483953,0.17365753554234736,0.026006292331410316,123.1567215020766,14.914317919362576,0.005645748751794685
1.295,2.507719126985142,757.9305661866164,0.17376271135142965,0.025930833905290853,123.23308376268913,14.88821119495069,0.005654533789507567
1.3,2.5095641994115314,757.9308128992498,0.17386749317967254,0.02585565961260048,123.30915682286968,14.862182189451886,0.005663255130957613
1.305,2.5114008490993953,757.9310678636856,0.17397188274560713,0.02578076820636903,123.38494193923265,14.836230586222182,0.005671913062926284
1.31,2.5132291145061902,757.9313308599442,0.17407588176784694,0.025706158439707506,123.46044036853411,14.810356067336622,0.005680507870954583
1.315,2.5150490328912753,757.9316016706377,0.1741794919648638,0.025631829065967383,123.53565336749746,14.784558313668507,0.005689039839343132
1.32,2.516860640332679,757.9318800809447,0.17428271505486398,0.025557778838828052,123.61058219272047,14.758837004935046,0.00569750925115469
1.325,2.5186639717493287,757.9321658785719,0.17438555275557413,0.025484006512449052,123.68522810050891,14.733191819773289,0.005705916388214472
1.33,2.5204590609174073,757.9324588537304,0.17448800678412324,0.02541051084155333,123.75959234678825,14.70762243578383,0.005714261531112796
1.335,2.5222459404920294,757.9327587990983,0.17459007885683792,0.02533729058157272,123.83367618694506,14.682128529603562,0.005722544959205634
1.34,2.5240246420231975,757.9330655097972,0.17469177068913025,0.02526434448872712,123.90748087574302,14.656709776947503,0.005730766950617375
1.345,2.525795195976939,757.9333787833567,0.17479308399530197,0.02519167132016353,123.98100766717177,14.631365852678528,0.005738927782241602
1.35,2.527557631750875,757.9336984196906,0.17489402048843786,0.025119269834031337,124.05425781436723,14.606096430847364,0.0057470277297439675
1.355,2.529311977694828,757.934024221063,0.17499458188021866,0.02504713878961509,124.1272325694674,14.580901184759417,0.005755067067563179
1.36,2.5310582611260153,757.9343559920655,0.1750947698808197,0.024975276947406068,124.1999331835368,14.555779787013032,0.005763046068913984
1.365,2.5327965083491453,757.9346935395837,0.1751945861987322,0.024903683069229073,124.27236090642906,14.530731909563508,0.005770965005788354
1.37,2.53452674467124,757.9350366727746,0.1752940325406669,0.0248323559183104,124.34451698671529,14.505757223759698,0.00577882414895857
1.375,2.5362489944212343,757.935385203035,0.17539311061138338,0.024761294259398867,124.41640267155309,14.480855400405327,0.005786623767978606
1.3800000000000001,2.53796328096444,757.9357389439799,0.1754918221135987,0.024690496858830357,124.48801920661867,14.456026109793976,0.005794364131187301
1.385,2.5396696267216607,757.9360977114105,0.17559016874782443,0.024619962484643307,124.55936783598213,14.431269021767836,0.005802045505709925
1.3900000000000001,2.5413680531833016,757.9364613232935,0.1756881522122798,0.024549689906639922,124.63044980204316,14.406583805751133,0.0058096681574614445
1.395,2.543058580928016,757.9368295997311,0.1757857742027362,0.024479677896496365,124.70126634541221,14.381970130806394,0.005817232351148262
1.4000000000000001,2.5447412296364766,757.9372023629398,0.1758830364124349,0.024409925227820792,124.77181870484972,14.357427665666396,0.005824738350271565
1.405,2.5464160181095568,757.9375794372218,0.1759799405319388,0.024340430676258427,124.84210811715296,14.332956078788046,0.005832186417129227
1.41,2.548082964281771,757.9379606489437,0.17607648824905417,0.024271193019546524,124.91213581709854,14.30855503838289,0.005839576812819241
1.415,2.549742085239011,757.9383458265096,0.17617268124868943,0.024202211037614538,124.9819030373348,14.284224212468708,0.005846909797241777
1.42,2.551393397231661,757.9387348003406,0.1762685212127811,0.02413348351263617,125.05141100832738,14.259963268898654,0.005854185629102688
1.425,2.553036915691897,757.9391274028474,0.17636400982015907,0.024065009229124794,125.12066095825692,14.235771875410636,0.0058614045659157125
1.43,2.5546726552464896,757.9395234684113,0.1764591487464765,0.02399678697398268,125.18965411296765,14.211649699655133,0.005868566864006059
1.435,2.5563006297336752,757.9399228333574,0.17655393966408156,0.023928815536591885,125.25839169587015,14.187596409242477,0.005875672778512746
1.44,2.5579208522156525,757.9403253359362,0.17664838424195106,0.023861093708860793,125.32687492789285,14.16361167176937,0.0058827225633922495
1.445,2.559533334995043,757.9407308162978,0.17674248414556837,0.0237936202853106,125.39510502738955,14.139695154864146,0.005889716471420981
1.45,2.5611380896270846,757.9411391164732,0.1768362410368606,0.023726394063119258,125.46308321009374,14.115846526212074,0.005896654754198994
1.455,2.56273512693569,757.9415500803501,0.17692965657408247,0.0236594138422038,125.53081068903082,14.092065453598646,0.005903537662152591
1.46,2.564324457025349,757.9419635536548,0.1770227324117571,0.023592678425261734,125.59828867447499,14.068351604933707,0.005910365444538085
1.465,2.565906089296797,757.9423793839276,0.17711547020056526,0.023526186617849377,125.66551837386591,14.044704648292866,0.005917138349444529
1.47,2.567480032458628,757.9427974205063,0.17720787158728987,0.023459937228420817,125.73250099176825,14.021124251940494,0.005923856623797528
1.475,2.569046294542584,757.9432175145021,0.17729993821471046,0.023393929068402403,125.79923772979257,13.997610084369331,0.005930520513362087
1.48,2.5706048829148904,757.9436395187831,0.1773916717215509,0.023328160952229365,125.86572978655727,13.974161814322382,0.005937130262746473
1.485,2.5721558042911727,757.9440632879516,0.17748307374237923,0.0232626316974166,125.9319783576136,13.950779110830801,0.005943686115405159
1.49,2.573699064747523,757.9444886783276,0.17757414590755852,0.02319734012459306,125.99798463540996,13.927461643234725,0.005950188313642747
1.495,2.575234669735051,757.9449155479266,0.17766488984315149,0.023132285057568973,126.06374980922081,13.904209081219497,0.005956637098617011
1.5,2.5767626240906907,757.945343756444,0.17775530717087448,0.0230674653233681,126.12927506511325,13.881021094835491,0.005963032710342855
1.5050000000000001,2.5782829320513954,757.9457731652334,0.1778453995080071,0.023002879752291493,126.19456158587967,13.857897354532723,0.0059693753876954555
1.51,2.5797955972646878,757.9462036372913,0.1779351684673488,0.022938527177947733,126.25961055100655,13.834837531179716,0.005975665368414264
1.5150000000000001,2.5813006228025115,757.9466350372362,0.1780246156571332,0.02287440643731338,126.32442313661058,13.811841296096555,0.0059819028891062356
1.52,2.5827980111715303,757.9470672312939,0.17811374268098762,0.022810516370761216,126.38900051540968,13.788908321072823,0.0059880881852498674
1.5250000000000001,2.584287764326646,757.9475000872765,0.17820255113785163,0.022746855822117554,126.4533438566625,13.766038278399176,0.005994221491198514
1.53,2.5857698836810488,757.9479334745689,0.17829104262193932,0.02268342363868857,126.51745432614145,13.743230840884376,0.006000303040184459
1.5350000000000001,2.5872443701194126,757.9483672641082,0.17837921872266221,0.02262021867131456,126.5813330860755,13.72048568188544,0.0060063330643223105
1.54,2.5887112240077057,757.9488013283703,0.17846708102459397,0.022557239774394482,126.64498129512513,13.69780247532381,0.006012311794613104
1.545,2.590170445206067,757.9492355413502,0.17855463110739744,0.02249448580593727,126.70840010832832,13.675180895714131,0.0060182394609477686
1.55,2.5916220330783855,757.9496697785485,0.17864187054579198,0.022431955627584585,126.7715906770773,13.652620618179576,0.006024116292111266
1.555,2.5930659865048638,757.9501039169533,0.17872880090948415,0.022369648104659405,126.83455414906757,13.630121318479333,0.006029942515786122
1.56,2.5945023038913737,757.9505378350258,0.17881542376313758,0.02230756210618703,126.8972916682765,13.6076826730231,0.00603571835855659
1.565,2.595930983181716,757.9509714126835,0.17890174066630757,0.022245696504940987,126.95980437491515,13.585304358897327,0.00604144404591225
1.57,2.5973520218667523,757.9514045312867,0.17898775317341298,0.022184050177462427,127.0220934054086,13.562986053878928,0.0060471198022521945
1.575,2.5987654169963745,757.9518370736205,0.17907346283367456,0.022122622004103438,127.08415989235063,13.540727436460298,0.006052745850888692
1.58,2.600171165188419,757.9522689238833,0.17915887119108911,0.0220614108690449,127.14600496448556,13.518528185862307,0.006058322414051389
1.585,2.6015692626403464,757.9526999676689,0.17924397978437123,0.02200041566033729,127.2076297466657,13.496387982058124,0.006063849712891032
1.59,2.6029597051379483,757.9531300919546,0.17932879014692948,0.021939635269917074,127.26903535983469,13.474306505785508,0.006069327967483691
1.595,2.604342488066745,757.9535591850847,0.17941330380681167,0.0218790685936451,127.33022292098748,13.452283438569506,0.006074757396834529
1.6,2.6057176064204866,757.9539871367588,0.17949752228668298,0.021818714531321566,127.39119354315531,13.430318462734052,0.006080138218882046
1.605,2.6070850548122784,757.9544138380155,0.17958144710377436,0.021758571986722125,127.45194833536799,13.408411261423588,0.0060854706505019
1.61,2.6084448274828804,757.9548391812209,0.17966507976986262,0.021698639867611478,127.51248840264029,13.386561518614002,0.006090754907511157
1.615,2.609796918311568,757.9552630600532,0.17974842179122205,0.021638917085777275,127.57281484593678,13.364768919133205,0.006095991204672166
1.62,2.611141320824234,757.9556853694912,0.1798314746686063,0.021579402557042396,127.63292876215938,13.343033148671438,0.006101179755696816
1.625,2.6124780282039897,757.9561060057996,0.17991423989720287,0.021520095201296732,127.69283124411457,13.32135389380085,0.006106320773250456
1.6300000000000001,2.613807033299076,757.9565248665177,0.17999671896661681,0.021460993942508205,127.75252338050223,13.299730841985193,0.006111414468956159
1.635,2.6151283286332125,757.9569418504451,0.18007891336082824,0.021402097708752527,127.81200625588492,13.278163681598432,0.006116461053398686
1.6400000000000001,2.61644190641332,757.9573568576305,0.18016082455817745,0.021343405432222996,127.87128095067818,13.256652101933865,0.006121460736128751
1.645,2.6177477585396223,757.9577697893584,0.1802424540313254,0.021284916049258307,127.93034854112167,13.235195793221797,0.006126413725667028
1.6500000000000001,2.619045876613188,757.9581805481378,0.1803238032472404,0.021226628500351206,127.9892100992708,13.213794446638106,0.006131320229508419
1.655,2.6203362519457913,757.9585890376889,0.18040487366716107,0.021168541730174413,128.04786669296985,13.192447754321023,0.00613618045412609
1.6600000000000001,2.6216188755672736,757.958995162933,0.18048566674658498,0.021110654687588153,128.1063193858446,13.171155409379152,0.006140994604975752
1.665,2.6228937382351716,757.9593988299794,0.1805661839352337,0.021052966325664314,128.16456923727765,13.149917105907406,0.006145762886499718
1.67,2.624160830441904,757.9597999461149,0.18064642667704311,0.0209954756016929,128.22261730240183,13.128732538994498,0.006150485502131195
1.675,2.6254201424241703,757.9601984197915,0.18072639641013102,0.02093818147720444,128.28046463207752,13.107601404738055,0.006155162654298361
1.68,2.6266716641699683,757.9605941606162,0.18080609456678867,0.02088108291797546,128.33811227288723,13.086523400251616,0.006159794544428661
1.685,2.627915385427769,757.9609870793392,0.1808855225734509,0.020824178894049222,128.3955612671143,13.065498223678947,0.006164381372952911
1.69,2.6291512957133656,757.9613770878442,0.18096468185068879,0.02076746837974022,128.45281265273886,13.044525574200568,0.006168923339309588
1.695,2.6303793843188337,757.9617640991357,0.1810435738131823,0.020710950353653303,128.50986746341803,13.0236051520473,0.006173420641948962
1.7,2.6315996403192172,757.962148027331,0.18112219986971417,0.020654623798687287,128.56672672848282,13.00273665850634,0.00617787347833738
1.705,2.632812052581274,757.9625287876474,0.1812005614231445,0.020598487702052533,128.62339147292005,12.981919795934065,0.006182282044961417
1.71,2.6340166097700037,757.9629062963941,0.18127865987040612,0.020542541055273655,128.67986271736999,12.961154267761676,0.006186646537332162
1.715,2.635213300357188,757.9632804709601,0.18135649660248124,0.020486782854205642,128.73614147811006,12.940439778507297,0.00619096714998938
1.72,2.636402112627761,757.963651229806,0.1814340730043979,0.020431212099035728,128.79222876705316,12.919776033781195,0.006195244076505794
1.725,2.637583034688145,757.9640184924531,0.18151139045520867,0.02037582779429808,128.84812559173287,12.8991627402972,0.006199477509491268
1.73,2.6387560544724744,757.9643821794741,0.18158845032798823,0.020320628948874875,128.90383295530262,12.878599605877518,0.006203667640597074
1.735,2.639921159750729,757.9647422124834,0.18166525398981398,0.020265614576009644,128.95935185652243,12.858086339463506,0.006207814660520097
1.74,2.6410783381348115,757.9650985141282,0.18174180280176466,0.02021078369330756,129.01468328975875,12.837622651120096,0.006211918759007088
1.745,2.64222757708649,757.965451008078,0.1818180981189029,0.0201561353227475,129.0698282449725,12.817208252045939,0.0062159801248588805
1.75,2.6433688639233233,757.9657996190176,0.18189414129027473,0.020101668490681585,129.12478770771983,12.79684285457746,0.0062199989459346405
1.7550000000000001,2.6445021858264215,757.9661442726357,0.181969933658894,0.020047382227845995,129.17956265914128,12.776526172198404,0.0062239754091560845
1.76,2.64562752984623,757.9664848956176,0.1820454765617429,0.019993275569359807,129.23415407596346,12.756257919543524,0.006227909700511723
1.7650000000000001,2.646744882910101,757.9668214156356,0.1821207713297579,0.019939347554734636,129.28856293048932,12.73603781240756,0.006231802005061088
1.77,2.64785423182794,757.9671537613417,0.18219581928783143,0.019885597227872774,129.34279019060045,12.715865567748574,0.0062356525069389625
1.7750000000000001,2.6489555632996,757.9674818623569,0.18227062175479924,0.01983202363707571,129.39683681974878,12.695740903696388,0.006239461389359614
1.78,2.6500488639203916,757.967805649265,0.18234518004344313,0.019778625835041617,129.45070377695927,12.675663539555574,0.006243228834621015
1.7850000000000001,2.651134120188301,757.9681250536024,0.1824194954604798,0.019725402878872766,129.50439201682292,12.655633195813364,0.0062469550241090735
1.79,2.6522113185093668,757.9684400078521,0.18249356930656435,0.019672353830072445,129.55790248950004,12.635649594142341,0.0062506401383018466
1.795,2.6532804452047256,757.9687504454333,0.1825674028762808,0.01961947775455128,129.61123614071428,12.615712457407817,0.006254284356773772
1.8,2.6543414865158614,757.9690563006955,0.18264099745814624,0.019566773722623575,129.66439391175666,12.595821509670222,0.0062578878581998655
1.805,2.6553944286114826,757.9693575089091,0.18271435433460287,0.019514240809012675,129.71737673948041,12.575976476192006,0.006261450820359957
1.81,2.656439257592643,757.9696540062589,0.1827874747820229,0.019461878092846694,129.7701855563058,12.55617708343973,0.00626497342014287
1.815,2.6574759594994566,757.9699457298354,0.18286036007070192,0.019409684657662952,129.82282129021573,12.536423059090497,0.006268455833550655
1.82,2.658504520316093,757.9702326176285,0.1829330114648646,0.019357659591403165,129.87528486476128,12.51671413203376,0.0062718982357027565
1.825,2.659524925977333,757.970514608519,0.18300543022265928,0.01930580198641696,129.9275771990583,12.497050032377311,0.0062753008008402476
1.83,2.6605371623734415,757.9707916422719,0.1830776175961645,0.019254110939456563,129.97969920779323,12.477430491448821,0.0062786637023299705
1.835,2.6615412153565674,757.9710636595289,0.18314957483138478,0.019202585551679436,130.03165180122073,12.457855241801381,0.006281987112668777
1.84,2.6625370707454956,757.9713306018017,0.18322130316825772,0.019151224928642494,130.08343588517013,12.438324017214802,0.00628527120348765
1.845,2.6635247143318956,757.9715924114644,0.18329280384065108,0.01910002818030389,130.13505236104368,12.418836552700744,0.006288516145555931
1.85,2.664504131884957,757.9718490317474,0.18336407807637062,0.01904899442101678,130.1865021258235,12.399392584503758,0.006291722108785436
1.855,2.6654753091574865,757.9721004067295,0.183435127097158,0.018998122769530317,130.2377860720709,12.379991850106014,0.006294889262234667
1.86,2.6664382318904303,757.9723464813325,0.18350595211869958,0.018947412348982964,130.28890508793347,12.360634088228128,0.006298017774112914
1.865,2.6673928858188236,757.972587201313,0.18357655435062523,0.018896862286902738,130.3398600571453,12.341319038833495,0.006301107811784461
1.87,2.6683392566762056,757.9728225132575,0.1836469349965177,0.018846471715200094,130.39065185903453,12.322046443128885,0.006304159541772662
1.875,2.6692773302004205,757.9730523645745,0.18371709525391258,0.01879623977016746,130.44128136852427,12.302816043568425,0.006307173129764143
1.8800000000000001,2.670207092137922,757.9732767034894,0.183787036314308,0.018746165592471702,130.49174945614064,12.28362758385397,0.006310148740612862
1.885,2.671128528249441,757.973495479037,0.1838567593631659,0.018696248327152984,130.54205698801417,12.264480808938737,0.006313086538344293
1.8900000000000001,2.672041624314177,757.9737086410563,0.183926265579922,0.018646487123616853,130.5922048258884,12.245375465027472,0.006315986686159468
1.895,2.67294636613533,757.9739161401837,0.18399555613798807,0.01859688113563242,130.642193827122,12.226311299579743,0.006318849346439157
1.9000000000000001,2.673842739544188,757.9741179278476,0.18406463220476257,0.018547429521324137,130.69202484469764,12.20728806130992,0.0063216746807478845
1.905,2.674730730405523,757.9743139562615,0.18413349494163347,0.018498131443169287,130.74169872722476,12.188305500190133,0.006324462849838093
1.9100000000000001,2.6756103246215766,757.9745041784191,0.1842021455039897,0.018448986067989448,130.79121631894873,12.16936336745007,0.006327214013654145
1.915,2.676481508137324,757.9746885480881,0.18427058504122468,0.018399992566947403,130.84057845975437,12.15046141557963,0.006329928331336473
1.92,2.6773442669443597,757.9748670198043,0.18433881469674823,0.018351150115538253,130.88978598517522,12.131599398328543,0.006332605961225558
1.925,2.678198587086032,757.9750395488659,0.184406835607991,0.018302457893585762,130.9388397263979,12.112777070708713,0.006335247060866067
1.93,2.679044454661229,757.9752060913287,0.1844746489064166,0.018253915085233184,130.9877405102715,12.093994188993683,0.006337851787010807
1.935,2.6798818558293886,757.9753666039994,0.184542255717527,0.018205520878939035,131.03648915931254,12.075250510720688,0.006340420295624851
1.94,2.680710776814187,757.9755210444313,0.18460965716087502,0.018157274467467663,131.0850864917147,12.056545794689955,0.00634295274188947
1.945,2.681531203908426,757.975669370918,0.18467685435007045,0.01810917504788448,131.13353332135418,12.037879800966486,0.0063454492802062406
1.95,2.682343123477623,757.9758115424889,0.18474384839279293,0.01806122182154627,131.1818304577999,12.019252290879209,0.0063479100642009545
1.955,2.6831465219647828,757.9759475189031,0.18481064039079872,0.018013413994095923,131.2299787063191,12.000663027022489,0.006350335246727717
1.96,2.683941385893891,757.9760772606452,0.1848772314399341,0.017965750775452493,131.27797886788795,11.98211177325514,0.00635272497987282
1.965,2.684727701874568,757.9762007289191,0.1849436226301426,0.01791823137980547,131.32583173919775,11.963598294701685,0.006355079414958836
1.97,2.68550545660547,757.9763178856446,0.1850098150454788,0.017870855025604582,131.37353811266544,11.945122357751222,0.006357398702548466
1.975,2.6862746368788284,757.9764286934501,0.18507580976411644,0.017823620935553616,131.42109877644052,11.926683730058455,0.006359682992448604
1.98,2.687035229583763,757.9765331156701,0.18514160785836214,0.01777652833660002,131.46851451441572,11.90828218054242,0.006361932433714181
1.985,2.6877872217107024,757.9766311163387,0.18520721039466434,0.017729576459928283,131.51578610623432,11.889917479387284,0.006364147174652193
1.99,2.6885306003546128,757.9767226601855,0.18527261843362738,0.017682764540949334,131.56291432730106,11.871589398040959,0.006366327362825529
1.995,2.6892653527193073,757.9768077126306,0.18533783303002088,0.017636091819293504,131.60989994878977,11.853297709215662,0.006368473145056988
2.0,2.6899914661205866,757.9768862397801,0.1854028552327942,0.017589557538799743,131.65674373765466,11.835042186886419,0.006370584667433062
2.005,2.6907089279904404,757.9769582084216,0.18546768608508618,0.0175431609475082,131.70344645663815,11.816822606291424,0.006372662075307955
2.0100000000000002,2.691417725880102,757.9770235860192,0.18553232662424016,0.017496901297649223,131.75000886428234,11.798638743930406,0.006374705513307333
2.015,2.692117847464144,757.9770823407093,0.185596777881814,0.01745077784563564,131.79643171493737,11.780490377564815,0.0063767151253323155
2.02,2.692809280543449,757.9771344412966,0.18566104088359542,0.017404789852051527,131.842715758773,11.762377286216061,0.006378691054563216
2.025,2.6934920130492004,757.9771798572483,0.18572511664961253,0.017358936581644155,131.8888617417872,11.74429925016551,0.0063806334434635
2.0300000000000002,2.6941660330457697,757.9772185586916,0.18578900619414943,0.01731321730331263,131.93487040581795,11.726256050952628,0.006382542433783508
2.035,2.6948313287346077,757.9772505164076,0.18585271052575714,0.017267631290099488,131.9807424885522,11.708247471374795,0.006384418166564393
2.04,2.6954878884570492,757.9772757018287,0.18591623064726934,0.01722217781917919,132.02647872353782,11.690273295485346,0.006386260782141807
2.045,2.6961357006981026,757.977294087033,0.18597956755581405,0.017176856171849407,132.07207984019277,11.672333308593206,0.006388070420149835
2.05,2.6967747540891778,757.9773056447413,0.1860427222428292,0.017131665633519387,132.1175465638172,11.654427297260849,0.006389847219524645
2.055,2.697405037411775,757.9773103483119,0.18610569569407484,0.01708660549370092,132.16287961560303,11.636555049303757,0.006391591318508396
2.06,2.6980265396001357,757.9773081717376,0.18616848888964913,0.017041675045996626,132.208079712646,11.618716353788301,0.006393302854652878
2.065,2.698639249744836,757.977299089641,0.18623110280400068,0.0169968735880906,132.2531475679557,11.600911001031033,0.006394981964823384
2.07,2.6992431570953577,757.9772830772707,0.1862935384059447,0.016952200421736587,132.29808389046758,11.583138782596487,0.006396628785202327
2.075,2.699838251063589,757.9772601104976,0.18635579665867588,0.016907654852748394,132.34288938505335,11.565399491296317,0.006398243451293098
2.08,2.7004245212263203,757.9772301658105,0.1864178785197846,0.016863236190987955,132.38756475253308,11.547692921187029,0.006399826097923645
2.085,2.701001957328651,757.977193220313,0.1864797849412702,0.01681894375035547,132.43211068968566,11.53001886756896,0.006401376859250314
2.09,2.70157054928641,757.9771492517192,0.18654151686955733,0.016774776848777376,132.47652788926123,11.512377126983942,0.006402895868761409
2.095,2.702130287189474,757.9770982383498,0.18660307524550948,0.016730734808196264,132.52081703999175,11.494767497214154,0.0064043832592809965
2.1,2.7026811613041133,757.977040159129,0.18666446100444553,0.016686816954558772,132.56497882660355,11.477189777279701,0.006405839162972445
2.105,2.70322316207622,757.9769749935805,0.18672567507615362,0.016643022617805273,132.60901392982805,11.459643767437337,0.006407263711342214
2.11,2.703756280133584,757.9769027218235,0.1867867183849078,0.016599351131857672,132.65292302641447,11.442129269177984,0.006408657035243357
2.115,2.704280506289031,757.9768233245698,0.1868475918494821,0.016555801834608908,132.6967067891407,11.424646085225332,0.0064100192648792855
2.12,2.704795831542627,757.9767367831197,0.1869082963831674,0.016512374067910687,132.74036588682614,11.407194019533286,0.0064113505298072585
2.125,2.7053022470847345,757.9766430793586,0.18696883289378577,0.016469067177562764,132.7839009843426,11.389772877284456,0.006412650958942113
2.13,2.7057997442981443,757.9765421957542,0.1870292022837074,0.016425880513300618,132.82731274262736,11.372382464887538,0.006413920680559724
2.1350000000000002,2.706288314761045,757.9764341153516,0.18708940544986521,0.016382813428784563,132.8706018186942,11.355022589975697,0.006415159822300722
2.14,2.7067679502490902,757.9763188217714,0.18714944328377187,0.01633986528158737,132.9137688656464,11.337693061403893,0.006416368511173916
2.145,2.707238642738283,757.9761962992052,0.1872093166715346,0.0162970354331832,132.95681453268816,11.320393689247158,0.006417546873559996
2.15,2.7077003844069734,757.9760665324131,0.18726902649387242,0.016254323248935148,132.99973946513742,11.303124284797859,0.006418695035214922
2.1550000000000002,2.708153167638666,757.9759295067198,0.18732857362613103,0.016211728098084077,133.0425443044375,11.28588466056388,0.006419813121273605
2.16,2.7085969850239477,757.9757852080114,0.18738795893830013,0.016169249353736086,133.08522968817007,11.26867463026585,0.006420901256253269
2.165,2.709031829363215,757.9756336227324,0.18744718329502866,0.01612688639285118,133.1277962500668,11.251494008835204,0.006421959564057108
2.17,2.709457693668538,757.9754747378826,0.187506247555642,0.016084638596230705,133.17024462002232,11.234342612411382,0.006422988167977626
2.1750000000000003,2.709874571166306,757.975308541013,0.18756515257415754,0.01604250534850591,133.2125754241062,11.217220258339793,0.006423987190700257
2.18,2.710282455299031,757.9751350202238,0.18762389919930186,0.016000486038125348,133.25478928457576,11.200126765168973,0.006424956754306691
2.185,2.7106813397279113,757.9749541641606,0.18768248827452652,0.01595858005734327,133.2968868198882,11.18306195264846,0.006425896980278462
2.19,2.7110712183345735,757.9747659620118,0.18774092063802522,0.015916786802207022,133.33886864471341,11.166025641725911,0.006426807989500253
2.195,2.7114520852235624,757.9745704035046,0.18779919712274987,0.015875105672545325,133.38073536994628,11.149017654544904,0.006427689902263453
2.2,2.7118239347240154,757.9743674789029,0.18785731855642776,0.015833536071955655,133.42248760271966,11.132037814441995,0.006428542838269436
2.205,2.7121867613920805,757.9741571790039,0.18791528576157765,0.015792077407792416,133.46412594641635,11.115085945944475,0.006429366916633101
2.21,2.7125405600125294,757.973939495135,0.18797309955552716,0.01575072909115427,133.50565100068238,11.09816187476737,0.006430162255886112
2.215,2.7128853256011007,757.973714419151,0.18803076075042888,0.015709490536872255,133.54706336143917,11.081265427811122,0.006430928973980424
2.22,2.713221053406052,757.9734819434311,0.1880882701532779,0.015668361163497072,133.5883636208965,11.064396433158565,0.006431667188291491
2.225,2.7135477389104308,757.9732420608761,0.1881456285659279,0.015627340393287132,133.62955236756503,11.047554720072545,0.006432377015621764
2.23,2.7138653778335673,757.9729947649054,0.18820283678510874,0.015586427652195825,133.67063018626916,11.030740118992853,0.00643305857220388
2.235,2.7141739661332727,757.9727400494538,0.18825989560244288,0.015545622369859463,133.71159765815958,11.013952461533767,0.0064337119737041286
2.24,2.714473500007275,757.9724779089694,0.18831680580446267,0.015504923979584584,133.7524553607262,10.997191580480989,0.00643433733522562
2.245,2.714763975895345,757.97220833841,0.18837356817262704,0.015464331918335806,133.79320386781077,10.980457309789111,0.006434934771311717
2.25,2.7150453904806744,757.9719313332411,0.18843018348333887,0.01542384562672312,133.8338437496198,10.96374948457851,0.0064355043959491865
2.255,2.715317740691934,757.9716468894319,0.1884866525079616,0.015383464548989676,133.87437557273708,10.947067941132778,0.006436046322571601
2.2600000000000002,2.7155810237045928,757.9713550034542,0.18854297601283668,0.015343188132999086,133.91479990013684,10.930412516895577,0.006436560664062465
2.265,2.715835236942909,757.9710556722781,0.18859915475930034,0.015303015830223162,133.9551172911962,10.913783050468028,0.00643704753275859
2.27,2.7160803780811915,757.9707488933703,0.188655189503701,0.015262947095729206,133.9953283017082,10.897179381605543,0.006437507040453195
2.275,2.716316445045726,757.970434664691,0.18871108099741607,0.015222981388167692,134.0354334838946,10.880601351215137,0.006437939298399257
2.2800000000000002,2.7165434360159786,757.9701129846909,0.1887668299868694,0.01518311816975958,134.07543338641855,10.864048801352274,0.006438344417312584
2.285,2.7167613494264566,757.9697838523093,0.18882243721354808,0.01514335690628395,134.11532855439765,10.847521575218119,0.006438722507375142
2.29,2.716970183967858,757.9694472669711,0.18887790341402,0.015103697067065313,134.1551195294165,10.831019517156351,0.0064390736782380985
2.295,2.7171699385888664,757.9691032285837,0.18893322931995066,0.01506413812496121,134.1948068495398,10.814542472650386,0.006439398039025127
2.3000000000000003,2.717360612497246,757.9687517375351,0.18898841565812066,0.015024679556349544,134.23439104932496,10.798090288320168,0.0064396956983354195
2.305,2.7175422051615725,757.9683927946911,0.18904346315044263,0.01498532084111615,134.27387265983506,10.781662811919345,0.006439966764246975
2.31,2.717714716312276,757.9680264013925,0.18909837251397865,0.014946061462642131,134.3132522086517,10.765259892332054,0.006440211344319577
2.315,2.717878145943307,757.967652559453,0.18915314446095735,0.014906900907791388,134.35253021988768,10.748881379570046,0.006440429545598057
2.32,2.7180324943131278,757.9672712711557,0.18920777969879116,0.014867838666898005,134.39170721419995,10.732527124769462,0.006440621474615254
2.325,2.7181777619463143,757.966882539252,0.18926227893009345,0.014828874233753732,134.43078370880247,10.716196980187924,0.006440787237395244
2.33,2.718313949634498,757.9664863669577,0.18931664285269587,0.014790007105595408,134.46976021747875,10.699890799201297,0.006440926939456276
2.335,2.7184410584379064,757.9660827579517,0.1893708721596655,0.014751236783092413,134.5086372505951,10.683608436300737,0.006441040685813978
2.34,2.71855908968625,757.9656717163724,0.1894249675393221,0.014712562770334107,134.54741531511294,10.667349747089451,0.006441128580984266
2.345,2.7186680449802063,757.9652532468161,0.18947892967525523,0.014673984574817287,134.586094914602,10.65111458827971,0.006441190728986523
2.35,2.718767926192255,757.9648273543341,0.18953275924634166,0.014635501707433645,134.62467654925288,10.634902817689595,0.006441227233346487
2.355,2.718858735468101,757.9643940444305,0.18958645692676238,0.014597113682457205,134.66316071588983,10.618714294239984,0.006441238197099398
2.36,2.71894047522746,757.9639533230595,0.18964002338601996,0.014558820017531816,134.70154790798364,10.602548877951287,0.006441223722792864
2.365,2.7190131481654256,757.9635051966233,0.18969345928895567,0.014520620233658587,134.73983861566427,10.586406429940405,0.006441183912489986
2.37,2.7190767572532013,757.9630496719694,0.18974676529576665,0.014482513855183406,134.77803332573367,10.570286812417459,0.006441118867772191
2.375,2.719131305739412,757.9625867563885,0.1897999420620232,0.014444500409784367,134.81613252167844,10.554189888682721,0.006441028689742337
2.38,2.7191767971507868,757.962116457612,0.18985299023868588,0.014406579428459328,134.85413668368267,10.538115523123329,0.00644091347902752
2.3850000000000002,2.7192132352934135,757.9616387838093,0.18990591047212274,0.014368750445513334,134.89204628864044,10.522063581210205,0.006440773335782152
2.39,2.719240624253374,757.9611537435861,0.1899587034041264,0.014331012998546208,134.92986181016872,10.506033929494766,0.006440608359690745
2.395,2.719258968397941,757.9606613459817,0.19001136967193125,0.014293366628439982,134.96758371861998,10.490026435605804,0.00644041864997096
2.4,2.7192682723761648,757.9601616004666,0.1900639099082306,0.014255810879346518,135.00521248109467,10.474040968246202,0.00644020430537637
2.4050000000000002,2.7192685411200177,757.9596545169398,0.19011632474119378,0.014218345298674944,135.0427485614542,10.458077397189795,0.006439965424199482
2.41,2.7192597798449327,757.9591401057281,0.19016861479448322,0.014180969437079322,135.08019242033328,10.442135593278076,0.006439702104274476
2.415,2.7192419940508907,757.9586183775815,0.19022078068727163,0.014143682848446085,135.1175445151527,10.426215428417045,0.006439414442980199
2.42,2.719215189522917,757.9580893436726,0.190272823034259,0.014106485089881736,135.15480530013178,10.410316775573902,0.006439102537242882
2.4250000000000003,2.7191793723321114,757.9575530155935,0.19032474244568975,0.014069375721700313,135.19197522630117,10.39443950877388,0.006438766483539111
2.43,2.7191345488360974,757.9570094053543,0.19037653952736966,0.014032354307411118,135.22905474151509,10.378583503096948,0.006438406377898512
2.435,2.7190807256800023,757.9564585253797,0.19042821488068304,0.013995420413706196,135.26604429046418,10.362748634674615,0.0064380223159067025
2.44,2.7190179097968614,757.9559003885079,0.19047976910260964,0.013958573610448093,135.30294431468786,10.346934780686626,0.006437614392707953
2.445,2.718946108408542,757.9553350079874,0.19053120278574173,0.013921813470657374,135.3397552525869,10.331141819357768,0.006437182703008109
2.45,2.7188653290261056,757.9547623974754,0.19058251651830105,0.013885139570500412,135.37647753943577,10.31536962995455,0.0064367273410772296
2.455,2.718775579450679,757.9541825710354,0.1906337108841557,0.013848551489276922,135.41311160739528,10.299618092782005,0.006436248400752488
2.46,2.718676867773771,757.9535955431347,0.19068478646283718,0.013812048809407786,135.44965788552486,10.283887089180364,0.006435745975440782
2.465,2.7185692023780965,757.9530013286427,0.19073574382955735,0.013775631116422616,135.48611679979518,10.268176501521843,0.006435220158121609
2.47,2.7184525919378437,757.9523999428282,0.19078658355522518,0.01373929799894762,135.52248877310032,10.252486213207325,0.0064346710413496575
2.475,2.7183270454194512,757.9517914013572,0.19083730620646375,0.013703049048693195,135.55877422527035,10.236816108663126,0.006434098717257653
2.48,2.7181925720818323,757.9511757202913,0.19088791234562705,0.013666883860441825,135.5949735730835,10.221166073337683,0.006433503277558924
2.485,2.7180491814771,757.9505529160847,0.1909384025308169,0.013630802032035691,135.63108723027875,10.20553599369831,0.006432884813550228
2.49,2.717896883450751,757.9499230055827,0.19098877731589967,0.013594803164364622,135.66711560756787,10.189925757227885,0.006432243416114292
2.495,2.7177356881423385,757.949286006019,0.19103903725052315,0.01355888686135374,135.70305911264785,10.174335252421592,0.00643157917572261
2.5,2.717565605985614,757.9486419350139,0.19108918288013327,0.01352305272995144,135.73891815021312,10.158764368783618,0.0064308921824379655
2.505,2.7173866477091564,757.9479908105719,0.19113921474599094,0.013487300380117058,135.77469312196797,10.143212996823886,0.0064301825259172034
2.5100000000000002,2.717198824336467,757.9473326510796,0.1911891333851886,0.013451629424808913,135.81038442663848,10.127681028054734,0.006429450295413724
2.515,2.7170021471865518,757.9466674753035,0.19123893933066718,0.013416039479972,135.84599245998498,10.11216835498767,0.006428695579780233
2.52,2.716796627873975,757.945995302388,0.19128863311123254,0.01338053016452606,135.88151761481407,10.096674871130038,0.00642791846747122
2.525,2.7165822783093954,757.9453161518533,0.19133821525157227,0.013345101100353302,135.91696028099096,10.081200470981752,0.006427119046545671
2.5300000000000002,2.7163591106995786,757.9446300435927,0.1913876862722723,0.013309751912286538,135.95232084545128,10.065745050031992,0.00642629740466953
2.535,2.716127137547885,757.9439369978711,0.19143704668983347,0.013274482228096931,135.98759969221356,10.050308504755918,0.0064254536291183904
2.54,2.7158863716542414,757.9432370353227,0.19148629701668812,0.013239291678482154,136.02279720239096,10.03489073261136,0.006424587806779926
2.545,2.7156368261155857,757.9425301769486,0.19153543776121681,0.013204179897054186,136.05791375420372,10.01949163203554,0.006423700024156565
2.5500000000000003,2.715378514325797,757.9418164441147,0.19158446942776453,0.013169146520327508,136.09294972299085,10.004111102441755,0.006422790367367895
2.555,2.715111449976092,757.9410958585503,0.1916333925166575,0.013134191187706944,136.12790548122237,9.988749044216098,0.006421858922153313
2.56,2.714835647054922,757.9403684423447,0.19168220752421958,0.013099313541475883,136.16278139851116,9.973405358714148,0.0064209057738744075
2.565,2.7145511198483163,757.9396342179465,0.19173091494278868,0.013064513226784156,136.19757784162505,9.958079948257684,0.006419931007517583
2.57,2.7142578829397452,757.93889320816,0.19177951526073328,0.013029789891636312,136.2322951744986,9.942772716131367,0.0064189347076964234
2.575,2.7139559512104197,757.9381454361447,0.1918280089624688,0.01299514318687952,136.26693375824527,9.92748356657946,0.00641791695865429
2.58,2.713645339839111,757.9373909254116,0.19187639652847385,0.012960572766191895,136.301493951169,9.91221240480252,0.006416877844266662
2.585,2.7133260643024117,757.9366296998221,0.19192467843530697,0.012926078286070425,136.33597610877635,9.896959136954102,0.006415817448043712
2.59,2.7129981403745127,757.9358617835859,0.1919728551556225,0.012891659405819341,136.37038058378826,9.88172367013745,0.006414735853132622
2.595,2.7126615841274226,757.9350872012582,0.1920209271581874,0.012857315787538083,136.4047077261518,9.866505912402216,0.006413633142320138
2.6,2.7123164119307077,757.9343059777382,0.19206889490789694,0.012823047096109716,136.43895788305207,9.851305772741144,0.006412509398034861
2.605,2.711962640451667,757.9335181382669,0.1921167588657916,0.01278885299918892,136.47313139892398,9.836123161086778,0.006411364702349781
2.61,2.711600286655037,757.9327237084248,0.19216451948907276,0.012754733167190443,136.50722861546382,9.82095798830816,0.006410199136984544
2.615,2.7112293678031207,757.9319227141301,0.19221217723111939,0.012720687273277144,136.54124987164133,9.805810166207538,0.006409012783307959
2.62,2.7108499014554597,757.9311151816362,0.19225973254150378,0.012686714993348489,136.57519550371106,9.790679607517056,0.00640780572234025
2.625,2.710461905468919,757.9303011375299,0.1923071858660081,0.012652816006028607,136.60906584522428,9.775566225895464,0.006406578034755539
2.63,2.710065397997319,757.9294806087295,0.19235453764664026,0.01261898999265483,136.64286122704053,9.760469935924815,0.006405329800884067
2.6350000000000002,2.7096603974914855,757.9286536224822,0.19240178832165034,0.012585236637265806,136.6765819773393,9.745390653107169,0.0064040611007146605
2.64,2.7092469226988443,757.9278202063623,0.19244893832554621,0.012551555626590064,136.71022842163165,9.730328293861298,0.006402772013896937
2.645,2.708824992663426,757.9269803882692,0.19249598808911014,0.012517946650034155,136.7438008827718,9.715282775519379,0.0064014626197437365
2.65,2.708394626725428,757.9261341964249,0.19254293803941436,0.012484409399671261,136.77729968096858,9.700254016323706,0.006400132997233308
2.6550000000000002,2.7079558445211798,757.9252816593727,0.1925897885998375,0.012450943570229384,136.8107251337972,9.685241935423386,0.006398783225011725
2.66,2.7075086659826657,757.9244228059742,0.19263654019008025,0.012417548859079981,136.84407755621052,9.670246452871055,0.006397413381395046
2.665,2.707053111337454,757.923557665408,0.19268319322618155,0.012384224966226187,136.87735726055087,9.65526748961956,0.006396023544371704
2.67,2.7065892011081845,757.9226862671669,0.1927297481205344,0.012350971594291486,136.91056455656107,9.640304967518679,0.006394613791604648
2.6750000000000003,2.706116956112456,757.9218086410564,0.19277620528190195,0.012317788448507979,136.94369975139645,9.625358809311816,0.006393184200433714
2.68,2.70563639746228,757.9209248171921,0.1928225651154332,0.01228467523670509,136.9767631496357,9.610428938632719,0.006391734847877738
2.685,2.705147546563931,757.9200348259986,0.19286882802267905,0.012251631669297857,137.0097550532928,9.595515280002166,0.006390265810636909
2.69,2.7046504251173644,757.9191386982059,0.19291499440160803,0.01221865745927568,137.04267576182795,9.58061775882468,0.0063887771650948605
2.695,2.704145055116026,757.9182364648484,0.19296106464662233,0.012185752322190654,137.07552557215942,9.56573630138523,0.006387268987320996
2.7,2.703631458846242,757.917328157263,0.19300703914857334,0.01215291597614633,137.10830477867432,9.550870834845945,0.006385741353072568
2.705,2.7031096588869863,757.9164138070861,0.19305291829477766,0.01212014814178612,137.14101367324054,9.5360212872428,0.006384194337796974
2.71,2.702579678109235,757.915493446252,0.19309870246903277,0.01208744854228205,137.17365254521758,9.521187587482343,0.006382628016633815
2.715,2.7020415396757027,757.914567106991,0.1931443920516329,0.012054816903323207,137.2062216814681,9.506369665338383,0.0063810424644171766
2.72,2.701495267040159,757.9136348218269,0.19318998741938445,0.012022252953104556,137.23872136636896,9.4915674514487,0.006379437755677657
2.725,2.700940883947127,757.9126966235757,0.19323548894562215,0.011989756422315393,137.27115188182282,9.47678087731176,0.006377813964644627
2.73,2.700378414431172,757.9117525453422,0.19328089700022433,0.011957327044128191,137.30351350726883,9.462009875283405,0.006376171165248246
2.735,2.6998078828165584,757.9108026205191,0.1933262119496289,0.011924964554187095,137.33580651969444,9.447254378573561,0.006374509431121694
2.74,2.699229313716507,757.9098468827844,0.19337143415684874,0.011892668690596795,137.3680311936461,9.432514321242953,0.006372828835603162
2.745,2.6986427320328175,757.9088853660994,0.19341656398148754,0.011860439193911066,137.4001878012407,9.417789638199803,0.006371129451738069
2.75,2.698048162955094,757.9079181047066,0.19346160177975516,0.011828275807121647,137.4322766121765,9.403080265196527,0.006369411352281032
2.755,2.697445631960329,757.9069451331276,0.19350654790448357,0.011796178275646819,137.4642978937446,9.38838613882645,0.006367674609698058
2.7600000000000002,2.6968351648121005,757.9059664861611,0.19355140270514204,0.011764146347320328,137.49625191083953,9.373707196520503,0.006365919296168492
2.765,2.6962167875601177,757.9049821988806,0.19359616652785294,0.011732179772379987,137.52813892597086,9.359043376543928,0.0063641454835871945
2.77,2.695590526539388,757.9039923066326,0.1936408397154072,0.011700278303456605,137.55995919927392,9.344394617992984,0.006362353243566461
2.775,2.6949564083697286,757.9029968450343,0.1936854226072798,0.011668441695562646,137.59171298852098,9.329760860791641,0.00636054264743818
2.7800000000000002,2.6943144599549016,757.9019958499715,0.19372991553964522,0.011636669706081173,137.62340054913233,9.315142045688287,0.006358713766255737
2.785,2.693664708482092,757.9009893575968,0.19377431884539306,0.011604962094754541,137.6550221341872,9.300538114252433,0.006356866670796146
2.79,2.693007181421011,757.8999774043269,0.19381863285414339,0.011573318623673362,137.68657799443477,9.285949008871397,0.006355001431561935
2.795,2.69234190652334,757.8989600268412,0.1938628578922622,0.011541739057265219,137.7180683783053,9.271374672747022,0.006353118118783255
2.8000000000000003,2.6916689118218047,757.8979372620793,0.1939069942828769,0.011510223162283662,137.74949353192085,9.25681504989236,0.006351216802419748
2.805,2.6909882256295874,757.8969091472386,0.19395104234589158,0.011478770707796961,137.78085369910642,9.242270085128384,0.00634929755216263
2.81,2.690299876539367,757.8958757197732,0.19399500239800263,0.011447381465177105,137.81214912140075,9.227739724080664,0.006347360437436544
2.815,2.689603893422698,757.8948370173908,0.1940388747527139,0.011416055208088584,137.84338003806744,9.21322391317608,0.006345405527401622
2.82,2.688900305429025,757.8937930780511,0.19408265972035219,0.011384791712477428,137.87454668610553,9.198722599639506,0.006343432890955312
2.825,2.6881891419850272,757.8927439399633,0.19412635760808258,0.011353590756559988,137.90564930026073,9.184235731490508,0.006341442596734424
2.83,2.687470432793603,757.8916896415848,0.19416996871992373,0.011322452120812029,137.93668811303604,9.16976325754003,0.006339434713116939
2.835,2.686744207833182,757.890630221618,0.1942134933567633,0.011291375587957505,137.9676633547028,9.15530512738709,0.0063374093082240275
2.84,2.686010497356681,757.8895657190089,0.19425693181637305,0.011260360942957678,137.99857525331132,9.140861291415458,0.006335366449921843
2.845,2.6852693318907863,757.888496172945,0.19430028439342442,0.011229407972999934,138.0294240347019,9.126431700790357,0.006333306205823519
2.85,2.684520742234877,757.8874216228528,0.19434355137950357,0.0111985164674869,138.06020992251547,9.112016307455137,0.0063312286432909435
2.855,2.6837647594602787,757.886342108396,0.19438673306312676,0.011167686218025292,138.09093313820463,9.097615064127963,0.006329133829436736
2.86,2.6830014149091586,757.8852576694733,0.1944298297297556,0.011136917018415043,138.12159390104415,9.083227924298486,0.006327021831125997
2.865,2.682230740193745,757.8841683462161,0.19447284166181225,0.011106208664638182,138.15219242814197,9.068854842224544,0.006324892714978273
2.87,2.6814527671951995,757.8830741789869,0.19451576913869478,0.011075560954847977,138.18272893444978,9.054495772928819,0.00632274654736928
2.875,2.6806675280628025,757.8819752083764,0.19455861243679223,0.011044973689357829,138.213203632774,9.040150672195521,0.006320583394432847
2.88,2.679875055212799,757.880871475202,0.1946013718294999,0.011014446670630425,138.2436167337862,9.025819496567056,0.006318403322062625
2.8850000000000002,2.6790753813275514,757.8797630205054,0.19464404758723458,0.010983979703266665,138.2739684460342,9.011502203340706,0.006316206395914011
2.89,2.6782685393543617,757.8786498855507,0.19468663997744967,0.010953572593994826,138.3042589759524,8.997198750565284,0.006313992681405833
2.895,2.6774545625045945,757.8775321118219,0.19472914926465046,0.010923225151659503,138.3344885278728,8.982909097037815,0.006311762243722251
2.9,2.6766334842524677,757.8764097410211,0.19477157571040918,0.010892937187210775,138.3646573040355,8.968633202300182,0.0063095151478144325
2.9050000000000002,2.675805338334149,757.8752828150663,0.1948139195733803,0.010862708513693184,138.3947655045994,8.954371026635805,0.006307251458402425
2.91,2.6749701587465236,757.874151376089,0.1948561811093155,0.010832538946234913,138.42481332765306,8.94012253106628,0.0063049712399768166
2.915,2.6741279797462543,757.8730154664324,0.19489836057107907,0.010802428302036765,138.454800969225,8.92588767734805,0.006302674556800587
2.92,2.673278835848528,757.8718751286494,0.19494045820866285,0.010772376400361343,138.48472862329467,8.911666427969045,0.006300361472910745
2.9250000000000003,2.672422761826087,757.8707304054997,0.19498247426920146,0.010742383062522079,138.51459648180298,8.897458746145338,0.006298032052120169
2.93,2.671559792707948,757.8695813399485,0.19502440899698734,0.010712448111872405,138.54440473466286,8.883264595817785,0.006295686358019218
2.935,2.670689963778406,757.8684279751637,0.19506626263348595,0.01068257137379479,138.57415356977,8.869083941648677,0.006293324453977552
2.94,2.669813310575726,757.8672703545145,0.1951080354173509,0.010652752675689924,138.6038431730134,8.854916749018361,0.006290946403145727
2.945,2.6689298688911225,757.8661085215685,0.1951497275844389,0.010622991846965774,138.63347372828594,8.8407629840219,0.0062885522684569956
2.95,2.668039674767423,757.86494252009,0.19519133936782515,0.010593288719026765,138.6630454174951,8.826622613465677,0.00628614211262888
2.955,2.667142764498021,757.8637723940376,0.19523287099781814,0.01056364312526286,138.69255842057348,8.812495604864056,0.0062837159981649566
2.96,2.6662391746255154,757.8625981875623,0.1952743227019748,0.01053405490103874,138.72201291548927,8.798381926435969,0.006281273987356408
2.965,2.665328941940634,757.861419945005,0.19531569470511587,0.010504523883682892,138.75140907825696,8.784281547101576,0.006278816142283788
2.97,2.6644121034808523,757.8602377108946,0.19535698722934053,0.010475049912476801,138.78074708294793,8.770194436478842,0.006276342524818554
2.975,2.6634886965292863,757.8590515299461,0.19539820049404186,0.010445632828644053,138.8100271017009,8.756120564880195,0.006273853196624816
2.98,2.66255875861329,757.8578614470578,0.19543933471592173,0.010416272475339512,138.8392493047326,8.742059903309086,0.006271348219160847
2.985,2.661622327503321,757.8566675073093,0.1954803901090059,0.010386968697638443,138.86841386034817,8.728012423456633,0.00626882765368081
2.99,2.6606794412115122,757.8554697559603,0.19552136688465913,0.010357721342525704,138.89752093495184,8.713978097698192,0.006266291561236259
2.995,2.6597301379905147,757.8542682384464,0.19556226525160017,0.010328530258884866,138.92657069305744,8.699956899089987,0.006263740002677838
3.0,2.6587744563320443,757.8530630003793,0.19560308541591695,0.010299395297487392,138.95556329729894,8.685948801365656,0.0062611730386567645
3.005,2.6578124349656984,757.8518540875428,0.19564382758108156,0.010270316310981787,138.98449890844083,8.671953778932886,0.006258590729626511
3.0100000000000002,2.6568441128574802,757.8506415458917,0.19568449194796525,0.010241293153882771,139.01337768538883,8.657971806869947,0.0062559931358442695
3.015,2.6558695292085903,757.8494254215491,0.1957250787148537,0.010212325682560437,139.04219978520038,8.644002860922317,0.006253380317372617
3.02,2.6548887234539276,757.8482057608043,0.1957655880774618,0.010183413755229418,139.07096536309504,8.630046917499211,0.006250752334080957
3.025,2.653901735260855,757.8469826101106,0.195806020228949,0.010154557231938048,139.0996745724651,8.616103953670187,0.006248109245647166
3.0300000000000002,2.6529086045276835,757.8457560160836,0.19584637535993413,0.010125755974557539,139.1283275648861,8.602173947161663,0.006245451111559017
3.035,2.651909371382406,757.8445260254982,0.19588665365851063,0.010097009846771142,139.15692449012727,8.588256876353535,0.006242777991115809
3.04,2.650904076181163,757.8432926852872,0.19592685531026155,0.010068318714063315,139.185465496162,8.574352720275657,0.006240089943429773
3.045,2.649892759506951,757.8420560425387,0.19596698049827457,0.010039682443708894,139.21395072917852,8.560461458604461,0.006237387027427679
3.0500000000000003,2.6488754621680686,757.8408161444938,0.19600702940315717,0.010011100904762257,139.24238033359015,8.546583071659425,0.00623466930185222
3.055,2.6478522251967993,757.8395730385448,0.19604700220305157,0.009982573968046499,139.2707544520459,8.532717540399682,0.006231936825263611
3.06,2.6468230898478375,757.8383267722324,0.1960868990736499,0.009954101506142593,139.29907322544108,8.518864846420481,0.006229189656040951
3.065,2.645788097596947,757.8370773932446,0.19612672018820926,0.00992568339337856,139.32733679292758,8.505024971949771,0.006226427852383793
3.0700000000000003,2.644747290139364,757.8358249494133,0.19616646571756668,0.009897319505818623,139.35554529192456,8.491197899844662,0.006223651472313499
3.075,2.6437007093884377,757.8345694887128,0.1962061358301544,0.009869009721252398,139.38369885812875,8.477383613588005,0.006220860573674791
3.08,2.642648397474008,757.8333110592573,0.19624573069201473,0.009840753919184021,139.41179762552508,8.463582097284819,0.0062180552141370814
3.085,2.641590396741024,757.832049709299,0.19628525046681533,0.009812551980821342,139.4398417263971,8.449793335658878,0.006215235451196009
3.09,2.6405267497479055,757.8307854872259,0.19632469531586413,0.00978440378906506,139.4678312913374,8.436017314049117,0.0062124013421747505
3.095,2.6394574992651347,757.829518441559,0.19636406539812454,0.009756309228497894,139.49576644925824,8.422254018406203,0.006209552944225539
3.1,2.6383826882735995,757.8282486209511,0.19640336087023047,0.009728268185373735,139.52364732740193,8.408503435288951,0.006206690314330958
3.105,2.637302359963161,757.8269760741833,0.19644258188650146,0.009700280547606804,139.5514740513514,8.394765551860852,0.006203813509305436
3.11,2.6362165577309824,757.8257008501644,0.19648172859895782,0.00967234620476078,139.5792467450405,8.381040355886485,0.0062009225857965295
3.115,2.6351253251800704,757.824422997927,0.19652080115733567,0.009644465048037978,139.6069655307648,8.367327835728052,0.006198017600286396
3.12,2.6340287061175847,757.8231425666268,0.19655979970910206,0.009616636970268473,139.63463052919167,8.353627980341756,0.006195098609093057
3.125,2.632926744553361,757.8218596055394,0.19659872439947015,0.009588861865899252,139.66224185937116,8.339940779274324,0.006192165668371854
3.13,2.6318194846982013,757.8205741640585,0.19663757537141432,0.009561139630983333,139.68979963874622,8.326266222659383,0.0061892188341166965
3.1350000000000002,2.6307069709623736,757.8192862916935,0.1966763527656852,0.00953347016316893,139.71730398316328,8.312604301213955,0.006186258162161495
3.14,2.629589247953885,757.8179960380677,0.19671505672082498,0.009505853361688556,139.7447550068828,8.298955006234833,0.006183283708181396
3.145,2.628466360476963,757.8167034529154,0.1967536873731824,0.009478289127348173,139.77215282258962,8.285318329595055,0.006180295527694189
3.15,2.627338353530306,757.8154085860801,0.19679224485692803,0.009450777362516285,139.79949754140364,8.271694263740267,0.006177293676061532
3.1550000000000002,2.626205272305547,757.8141114875126,0.19683072930406922,0.009423317971113093,139.82678927289015,8.258082801685184,0.006174278208490337
3.16,2.6250671621854895,757.8128122072684,0.19686914084446552,0.009395910858599582,139.85402812507039,8.244483937009932,0.006171249180033975
3.165,2.6239240687425442,757.8115107955051,0.19690747960584376,0.009368555931966654,139.8812142044321,8.23089766385651,0.006168206645593648
3.17,2.622776037736954,757.8102073024812,0.1969457457138131,0.0093412530997242,139.9083476159399,8.217323976925101,0.006165150659919569
3.1750000000000003,2.6216231151152076,757.8089017785528,0.19698393929188032,0.00931400227189025,139.93542846304598,8.203762871470527,0.006162081277612328
3.18,2.6204653470082477,757.8075942741723,0.19702206046146511,0.00928680335998002,139.9624568477004,8.19021434329855,0.006158998553124042
3.185,2.6193027797298685,757.8062848398856,0.1970601093419151,0.009259656276995045,139.98943287036175,8.176678388762301,0.006155902540759707
3.19,2.6181354597749036,757.8049735263298,0.19709808605052115,0.00923256093741223,140.01635663000764,8.163155004758575,0.006152793294678335
3.1950000000000003,2.6169634338176055,757.8036603842318,0.19713599070253254,0.009205517257172967,140.04322822414517,8.149644188724245,0.006149670868894279
3.2,2.61578674870982,757.802345464405,0.19717382341117226,0.009178525153672176,140.0700477488215,8.136145938632533,0.006146535317278361
3.205,2.6146054514793438,757.8010288177477,0.19721158428765215,0.009151584545747413,140.09681529863443,8.122660252989414,0.006143386693559178
3.21,2.613419589328084,757.7997104952411,0.19724927344118823,0.009124695353667897,140.1235309667427,8.109187130829877,0.0061402250513242
3.215,2.612229209630399,757.7983905479466,0.19728689097901586,0.00909785749912361,140.15019484487684,8.09572657171431,0.006137050444021076
3.22,2.6110343599312413,757.7970690270035,0.19732443700640515,0.009071070905214307,140.17680702334943,8.082278575724736,0.006133862924958705
3.225,2.6098350879444814,757.7957459836272,0.19736191162667596,0.009044335496438623,140.20336759106584,8.068843143461201,0.006130662547308521
3.23,2.6086314415510334,757.7944214691069,0.19739931494121354,0.009017651198683049,140.22987663553477,8.055420276037976,0.0061274493641055566
3.235,2.607423468797163,757.793095534803,0.1974366470494835,0.008991017939211038,140.25633424287858,8.04200997507994,0.0061242234282496985
3.24,2.6062112178926005,757.7917682321455,0.19747390804904727,0.008964435646651968,140.2827404978441,8.028612242718767,0.006120984792506742
3.245,2.604994737208828,757.7904396126312,0.19751109803557734,0.008937904250990242,140.30909548381305,8.015227081589282,0.006117733509509626
3.25,2.603774075277179,757.7891097278216,0.19754821710287265,0.008911423683554236,140.33539928281266,8.001854494825647,0.006114469631759469
3.255,2.6025492807871107,757.7877786293412,0.1975852653428738,0.008884993877005374,140.36165197552623,7.988494486057692,0.006111193211626788
3.2600000000000002,2.6013204025842884,757.7864463688746,0.19762224284567848,0.008858614765327075,140.38785364130365,7.975147059407079,0.006107904301352516
3.265,2.600087489668841,757.7851129981644,0.19765914969955678,0.008832286283813835,140.41400435817206,7.961812219483635,0.006104602953049201
3.27,2.5988505911934325,757.7837785690094,0.19769598599096655,0.008806008369060134,140.4401042028464,7.948489971381486,0.006101289218702014
3.275,2.5976097564615004,757.7824431332621,0.1977327518045687,0.008779780958949499,140.46615325074,7.935180320675371,0.006097963150169921
3.2800000000000002,2.5963650349253156,757.7811067428263,0.1977694472232427,0.008753603992643433,140.49215157597519,7.9218832734167695,0.006094624799186676
3.285,2.595116476184204,757.7797694496551,0.19780607232810177,0.00872747741057045,140.51809925139378,7.908598836130201,0.0060912742173619815
3.29,2.593864129982595,757.7784313057488,0.1978426271985085,0.008701401154414978,140.5439963485679,7.8953270158093245,0.006087911456182455
3.295,2.5926080462082237,757.7770923631524,0.19787911191209007,0.0086753751671064,140.56984293781036,7.882067819913226,0.006084536567012779
3.3000000000000003,2.5913482748901715,757.7757526739535,0.1979155265447537,0.008649399392807936,140.59563908818546,7.868821256362508,0.006081149601096647
3.305,2.590084866197053,757.7744122902803,0.1979518711707021,0.008623473776905676,140.62138486751942,7.8555873335355555,0.006077750609557897
3.31,2.588817870435041,757.7730712642989,0.1979881458624489,0.008597598265997451,140.64708034241127,7.842366060264609,0.006074339643401439
3.315,2.587547338046042,757.7717296482114,0.19802435069083404,0.008571772807881843,140.67272557824313,7.829157445832012,0.006070916753514368
3.3200000000000003,2.586273319605709,757.7703874942537,0.1980604857250393,0.008545997351547055,140.6983206391912,7.815961499966273,0.006067481990666886
3.325,2.5849958658215995,757.7690448546933,0.19809655103260357,0.008520271847159915,140.7238655882361,7.802778232838297,0.006064035405513386
3.33,2.583715027531183,757.767701781827,0.1981325466794386,0.008494596246054718,140.74936048717373,7.7896076550574245,0.006060577048593356
3.335,2.5824308556999793,757.7663583279784,0.1981684727298442,0.008468970500722225,140.7748053966258,7.776449777667649,0.006057106970332456
3.34,2.5811434014195576,757.7650145454965,0.1982043292465239,0.008443394564798494,140.8002003760505,7.763304612143644,0.006053625221043396
3.345,2.579852715905662,757.7636704867524,0.19824011629060032,0.00841786839305387,140.82554548375325,7.750172170386957,0.0060501318509269975
3.35,2.5785588504961985,757.7623262041383,0.19827583392163076,0.008392391941381815,140.8508407768972,7.737052464722033,0.006046626910073058
3.355,2.5772618566493475,757.7609817500639,0.1983114821976226,0.008366965166787858,140.87608631151406,7.723945507892377,0.0060431104484613895
3.36,2.5759617859415407,757.7596371769558,0.19834706117504902,0.008341588027378439,140.90128214251473,7.7108513130565655,0.006039582515962668
3.365,2.574658690065562,757.7582925372537,0.19838257090886427,0.008316260482349838,140.92642832369992,7.697769893784401,0.00603604316233946
3.37,2.5733526208285125,757.7569478834093,0.1984180114525194,0.008290982491977014,140.95152490777087,7.684701264052903,0.006032492437247048
3.375,2.5720436301499,757.7556032678837,0.19845338285797756,0.008265754017602519,140.97657194634007,7.671645438242441,0.00602893039023444
3.38,2.570731770059595,757.7542587431451,0.19848868517572996,0.008240575021625327,141.00156948994191,7.658602431132712,0.0060253570707451826
3.3850000000000002,2.569417092695907,757.7529143616669,0.19852391845481096,0.008215445467489745,141.02651758804336,7.6455722578988645,0.00602177252811835
3.39,2.5680996503035316,757.7515701759252,0.19855908274281395,0.008190365319674226,141.05141628905477,7.632554934107454,0.006018176811589341
3.395,2.566779495231615,757.7502262383966,0.1985941780859068,0.008165334543680272,141.07626564034044,7.619550475712553,0.006014569970290851
3.4,2.565456679931694,757.7488826015566,0.19862920452884741,0.008140353106021238,141.1010656882295,7.606558899051684,0.006010952053253651
3.4050000000000002,2.5641312569557466,757.7475393178765,0.19866416211499938,0.008115420974211227,141.12581647802645,7.593580220841925,0.006007323109407542
3.41,2.562803278954125,757.7461964398219,0.1986990508863475,0.008090538116753889,141.15051805402197,7.580614458175828,0.006003683187582123
3.415,2.5614727986735955,757.74485401985,0.19873387088351346,0.008065704503131304,141.17517045950365,7.567661628517492,0.006000032336507719
3.42,2.5601398689552624,757.7435121104079,0.19876862214577137,0.00804092010379277,141.1997737367667,7.554721749698483,0.005996370604816137
3.4250000000000003,2.5588045427325965,757.7421707639301,0.19880330471106333,0.008016184890143682,141.22432792712462,7.541794839913888,0.005992698041041581
3.43,2.5574668730293553,757.7408300328364,0.19883791861601519,0.00799149883453433,141.24883307092006,7.528880917718217,0.005989014693621382
3.435,2.5561269129575965,757.7394899695296,0.198872463895952,0.007966861910248745,141.27328920753544,7.515980002021444,0.005985320610896901
3.44,2.554784715715593,757.7381506263938,0.19890694058491376,0.007942274091493494,141.29769637540375,7.503092112084892,0.005981615841114244
3.4450000000000003,2.553440334585838,757.7368120557913,0.19894134871567096,0.007917735353386536,141.3220546120193,7.490217267517261,0.005977900432425148
3.45,2.552093822932949,757.7354743100617,0.19897568831974027,0.007893245671946015,141.34636395394838,7.4773554882705024,0.005974174432887673
3.455,2.5507452342016683,757.7341374415183,0.19900995942740013,0.007868805024079085,141.3706244368402,7.4645067946358274,0.005970437890467076
3.46,2.5493946219147574,757.7328015024472,0.19904416206770645,0.007844413387570722,141.39483609543728,7.451671207239565,0.00596669085303649
3.465,2.5480420396709866,757.731466545104,0.1990782962685082,0.007820070741072537,141.4189989635867,7.438848747039167,0.00596293336837777
3.47,2.546687541143028,757.7301326217128,0.19911236205646307,0.00779577706409158,141.44311307425033,7.426039435319039,0.005959165484182166
3.475,2.545331180075433,757.7287997844631,0.19914635945705306,0.007771532336979168,141.46717845951602,7.413243293686542,0.005955387248051152
3.48,2.5439730102825195,757.7274680855081,0.19918028849460023,0.007747336540919666,141.4911951506081,7.40046034406781,0.00595159870749707
3.485,2.542613085646343,757.7261375769624,0.19921414919228234,0.007723189657919319,141.51516317789822,7.387690608703724,0.005947799909943957
3.49,2.541251460114577,757.7248083108999,0.1992479415721484,0.007699091670795039,141.53908257091612,7.374934110145734,0.005943990902728164
3.495,2.539888187698475,757.7234803393516,0.1992816656551344,0.007675042563163238,141.56295335836035,7.362190871251814,0.0059401717330991675
3.5,2.538523322470747,757.7221537143034,0.199315321461079,0.007651042319428606,141.58677556810906,7.349460915182268,0.005936342448220178
3.505,2.5371569185635137,757.7208284876943,0.19934890900873908,0.007627090924772942,141.61054922723076,7.336744265395676,0.005932503095168923
3.5100000000000002,2.5357890301661796,757.7195047114137,0.1993824283158055,0.007603188365143945,141.63427436199504,7.324040945644683,0.005928653720938248
3.515,2.534419711523377,757.7181824372998,0.19941587939891864,0.007579334627244043,141.65795099788335,7.311350979971941,0.005924794372436884
3.52,2.533049016932836,757.716861717137,0.19944926227368415,0.007555529698519186,141.68157915959978,7.298674392705885,0.005920925096490026
3.525,2.531677000743323,757.7155426026541,0.19948257695468852,0.007531773567147669,141.70515887108186,7.28601120845665,0.005917045939840084
3.5300000000000002,2.5303037173525045,757.7142251455219,0.19951582345551486,0.007508066222028947,141.72869015551117,7.273361452111853,0.0059131569491472505
3.535,2.5289292212048795,757.7129093973517,0.19954900178875834,0.007484407652772451,141.75217303532426,7.260725148832496,0.005909258170990233
3.54,2.5275535667896425,757.7115954096922,0.199582111966042,0.007460797849686411,141.77560753222326,7.248102324048727,0.0059053496518668026
3.545,2.526176808638604,757.7102832340281,0.1996151539980323,0.007437236803766669,141.79899366718678,7.235493003455734,0.0059014314381945114
3.5500000000000003,2.524799001324055,757.7089729217779,0.1996481278944548,0.007413724506685527,141.8223314604805,7.222897213009511,0.005897503576311224
3.555,2.5234201994566807,757.7076645242913,0.19968103366410972,0.007390260950780556,141.84562093166807,7.210314978922727,0.005893566112475822
3.56,2.5220404576834223,757.7063580928481,0.19971387131488763,0.007366846129043453,141.86886209962168,7.197746327660487,0.0058896190928687175
3.565,2.520659830685383,757.7050536786547,0.19974664085378507,0.007343480035108854,141.89205498253293,7.185191285936188,0.005885662563592535
3.5700000000000003,2.5192783731756867,757.7037513328435,0.1997793422869201,0.0073201626632432145,141.9151995979235,7.172649880707276,0.00588169657067262
3.575,2.5178961398973847,757.7024511064695,0.1998119756195479,0.007296894008333628,141.93829596265593,7.160122139171096,0.005877721160057696
3.58,2.516513185621306,757.7011530505091,0.19984454085607647,0.007273674065876714,141.96134409294433,7.14760808876063,0.005873736377620359
3.585,2.5151295651439622,757.6998572158576,0.19987703800008208,0.007250502831967443,141.98434400436506,7.135107757140343,0.00586974226915772
3.59,2.5137453332853967,757.6985636533274,0.19990946705432497,0.007227380303288054,142.00729571186747,7.122621172201921,0.0058657388803918815
3.595,2.512360544887081,757.6972724136454,0.1999418280207648,0.007204306477096878,142.03019922978464,7.110148362060098,0.0058617262569705675
3.6,2.510975254809768,757.6959835474515,0.19997412090057623,0.007181281351217292,142.05305457184406,7.097689355048394,0.0058577044444675765
3.605,2.5095895179313814,757.6946971052963,0.2000063456941646,0.007158304924026528,142.07586175117822,7.085244179714935,0.005853673488383402
3.61,2.508203389144866,757.6934131376389,0.20003850240118126,0.0071353771944446635,142.09862078033552,7.072812864818177,0.005849633434145667
3.615,2.506816923356077,757.6921316948452,0.2000705910205393,0.007112498161923446,142.12133167129073,7.0603954393227255,0.005845584327109732
3.62,2.5054301754816293,757.6908528271854,0.20010261155042885,0.0070896678264353065,142.1439944354558,7.047991932395062,0.005841526212559106
3.625,2.5040432004467803,757.6895765848323,0.20013456398833276,0.0070668861884621865,142.16660908369047,7.03560237339934,0.005837459135706044
3.63,2.5026560531832827,757.6883030178589,0.20016644833104194,0.007044153248984588,142.1891756263129,7.023226791893116,0.005833383141691944
3.6350000000000002,2.501268788627261,757.687032176237,0.200198264574671,0.007021469009470416,142.21169407311044,7.0108652176231425,0.00582929827558792
3.64,2.4998814617170666,757.6857641098346,0.2002300127146734,0.006998833471864055,142.2341644333501,6.998517680521097,0.005825204582395194
3.645,2.4984941273911514,757.6844988684137,0.20026169274585726,0.006976246638575231,142.25658671578927,6.986184210699361,0.005821102107045647
3.65,2.497106840585922,757.683236501629,0.2002933046624005,0.00695370851246811,142.2789609286863,6.97386483844675,0.005816990894402195
3.6550000000000002,2.4957196562336112,757.6819770590255,0.2003248484578664,0.0069312190968501865,142.3012870798112,6.961559594224291,0.005812870989259324
3.66,2.494332629260137,757.680720590036,0.2003563241252189,0.006908778395461425,142.32356517645604,6.949268508660956,0.005808742436343454
3.665,2.492945814582966,757.67946714398,0.2003877316568379,0.00688638641246315,142.3457952254457,6.936991612549422,0.005804605280313458
3.67,2.4915592671089763,757.6782167700611,0.20041907104453482,0.006864043152427231,142.3679772331484,6.9247289368418095,0.005800459565761005
3.6750000000000003,2.490173041732321,757.6769695173651,0.2004503422795677,0.006841748620324996,142.3901112054862,6.912480512645446,0.005796305337211066
3.68,2.488787193332291,757.6757254348582,0.20048154535265655,0.006819502821516464,142.41219714794553,6.900246371218603,0.005792142639122247
3.685,2.4874017767711765,757.6744845713848,0.20051268025399882,0.0067973057617392646,142.43423506558787,6.888026543966248,0.005787971515887271
3.69,2.486016846892133,757.6732469756656,0.20054374697328436,0.006775157447097917,142.45622496306,6.875821062435791,0.005783792011833299
3.6950000000000003,2.4846324585170425,757.6720126962956,0.20057474549971085,0.006753057884052786,142.47816684460477,6.863629958312833,0.0057796041712224015
3.7,2.4832486664443794,757.6707817817422,0.20060567582199895,0.0067310070794094,142.5000607140714,6.851453263416919,0.005775408038251855
3.705,2.481865525447074,757.6695542803429,0.20063653792840747,0.006709005040307429,142.52190657492605,6.839291009697277,0.005771203657054602
3.71,2.4804830902703783,757.6683302403042,0.20066733180674853,0.006687051774210053,142.54370443026204,6.827143229228581,0.005766991071699536
3.715,2.479101415629731,757.6671097096984,0.20069805744440278,0.00666514728889297,142.56545428281072,6.81500995420669,0.005762770326191942
3.72,2.4777205562086277,757.6658927364628,0.20072871482833426,0.006643291592433809,142.58715613495133,6.802891216944411,0.0057585414644737674
3.725,2.4763405666564826,757.6646793683971,0.20075930394510577,0.006621484693201183,142.6088099887219,6.790787049867246,0.0057543045304240484
3.73,2.4749615015865043,757.6634696531615,0.20078982478089372,0.006599726599844141,142.63041584582928,6.778697485509154,0.005750059567859161
3.735,2.473583415573558,757.6622636382754,0.20082027732150318,0.006578017321281251,142.65197370765964,6.7666225565083,0.005745806620533235
3.74,2.4722063631520443,757.6610613711146,0.20085066155238282,0.006556356866690123,142.67348357528874,6.7545622956028275,0.005741545732138398
3.745,2.4708303988137628,757.6598628989096,0.20088097745864006,0.0065347452454965205,142.69494544949234,6.742516735626611,0.005737276946305165
3.75,2.469455577005796,757.6586682687446,0.20091122502505565,0.0065131824673639385,142.71635933075635,6.730485909505034,0.005733000306602663
3.755,2.4680819521283714,757.657477527554,0.2009414042360989,0.006491668542182749,142.73772521928723,6.718469850250738,0.005728715856539018
3.7600000000000002,2.4667095785327513,757.6562907221221,0.20097151507594221,0.006470203480059852,142.7590431150221,6.706468590959423,0.005724423639561559
3.765,2.4653385105190977,757.65510789908,0.20100155752847615,0.0064487872913078555,142.7803130176392,6.694482164805592,0.005720123699057192
3.77,2.4639688023343664,757.6539291049045,0.20103153157732398,0.006427419986434786,142.80153492656774,6.682510605038365,0.0057158160783525825
3.775,2.4626005081701727,757.6527543859157,0.20106143720585667,0.00640610157613331,142.8227088409984,6.670553944977224,0.00571150082071452
3.7800000000000002,2.46123368216069,757.6515837882755,0.20109127439720725,0.006384832071270519,142.8438347598932,6.658612218007844,0.005707177969350091
3.785,2.4598683783805204,757.6504173579856,0.2011210431342859,0.006363611482877195,142.86491268199597,6.6466854575778465,0.005702847567407022
3.79,2.458504650842598,757.6492551408857,0.201150743399794,0.006342439822137657,142.88594260584202,6.6347736971926325,0.005698509657973836
3.795,2.4571425534960603,757.6480971826512,0.2011803751762394,0.006321317100379073,142.9069245297686,6.62287697041115,0.005694164284080186
3.8000000000000003,2.4557821402241595,757.6469435287923,0.2012099384459503,0.0063002433290613915,142.92785845192458,6.610995310841744,0.005689811488696998
3.805,2.4544234648421366,757.6457942246514,0.2012394331910902,0.0062792185197666954,142.94874437028085,6.599128752137927,0.005685451314736785
3.81,2.453066581095138,757.6446493154012,0.20126885939367195,0.006258242684189204,142.96958228263998,6.5872773279942445,0.005681083805053778
3.815,2.4517115426560925,757.6435088460437,0.20129821703557263,0.006237315834124682,142.99037218664637,6.575441072142052,0.005676709002444227
3.8200000000000003,2.4503584031236363,757.6423728614075,0.20132750609854744,0.006216437981460522,143.01111407979602,6.563620018345406,0.00567232694964652
3.825,2.4490072160199925,757.6412414061464,0.20135672656424436,0.006195609138165212,143.03180795944667,6.551814200396845,0.005667937689341462
3.83,2.447658034788904,757.6401145247377,0.2013858784142181,0.006174829316278491,143.05245382282723,6.540023652113298,0.005663541264152386
3.835,2.4463109127935154,757.6389922614801,0.2014149616299446,0.006154098527900869,143.0730516670482,6.528248407331874,0.0056591377166454165
3.84,2.4449659033143143,757.6378746604922,0.20144397619283494,0.006133416785183882,143.09360148911082,6.516488499905793,0.0056547270893295655
3.845,2.443623059547018,757.6367617657107,0.20147292208424972,0.006112784100319661,143.11410328591745,6.50474396370019,0.005650309424656986
3.85,2.442282434600521,757.6356536208883,0.20150179928551276,0.006092200485531279,143.13455705428078,6.493014832588066,0.005645884765023049
3.855,2.440944081494787,757.6345502695922,0.20153060777792553,0.006071665953062375,143.1549627909339,6.481301140446096,0.005641453152766584
3.86,2.439608053158805,757.6334517552027,0.2015593475427806,0.006051180515167596,143.1753204925396,6.469602921150611,0.005637014630169949
3.865,2.438274402428486,757.6323581209106,0.20158801856137618,0.006030744184102283,143.19563015570057,6.457920208573417,0.005632569239459246
3.87,2.4369431820446272,757.6312694097164,0.20161662081502918,0.006010356972113018,143.21589177696814,6.446253036577803,0.005628117022804386
3.875,2.4356144446508146,757.6301856644278,0.20164515428508978,0.0059900188914273605,143.23610535285266,6.434601439014369,0.005623658022319288
3.88,2.434288242791395,757.6291069276587,0.2016736189529544,0.005969729954244493,143.2562708798324,6.422965449717063,0.0056191922800619305
3.8850000000000002,2.4329646289093847,757.6280332418264,0.20170201480008015,0.00594949017272504,143.27638835436358,6.411345102499025,0.005614719838034538
3.89,2.4316436553444514,757.6269646491514,0.20173034180799765,0.005929299558981804,143.29645777288906,6.399740431148649,0.005610240738183619
3.895,2.4303253743308266,757.6259011916544,0.20175859995832524,0.005909158125069657,143.31647913184855,6.388151469425443,0.0056057550224001395
3.9,2.4290098379953,757.6248429111554,0.2017867892327819,0.005889065882976376,143.33645242768725,6.376578251056118,0.0056012627325195425
3.9050000000000002,2.427697098355136,757.6237898492714,0.20181490961320128,0.005869022844612612,143.3563776568657,6.365020809730471,0.005596763910321915
3.91,2.4263872073160773,757.6227420474154,0.20184296108154434,0.005849029021802843,143.3762548158686,6.353479179097499,0.005592258597531998
3.915,2.4250802166702723,757.6216995467944,0.20187094361991334,0.005829084426275402,143.39608390121447,6.341953392761297,0.005587746835819329
3.92,2.423776178094284,757.6206623884075,0.20189885721056453,0.005809189069653544,143.4158649094643,6.330443484277214,0.005583228666798243
3.9250000000000003,2.422475143147025,757.6196306130447,0.20192670183592168,0.005789342963445563,143.43559783723126,6.318949487147755,0.00557870413202801
3.93,2.42117716326778,757.6186042612852,0.20195447747858877,0.005769546119035965,143.45528268118932,6.307471434818786,0.005574173273012816
3.935,2.419882289774144,757.6175833734953,0.20198218412136362,0.005749798547675663,143.47491943808262,6.296009360675448,0.0055696361312018855
3.94,2.418590573860059,757.6165679898276,0.20200982174725007,0.005730100260473268,143.4945081047341,6.28456329803839,0.005565092747989455
3.9450000000000003,2.417302066593759,757.6155581502185,0.2020373903394716,0.005710451268385376,143.514048678055,6.2731332801597155,0.005560543164714882
3.95,2.416016818915816,757.6145538943872,0.20206488988148344,0.005690851582207971,143.53354115505297,6.261719340219248,0.005555987422662606
3.955,2.414734881637094,757.6135552618341,0.20209232035698604,0.005671301212566801,143.5529855328418,6.250321511320498,0.005551425563062247
3.96,2.4134563054368083,757.6125622918388,0.20211968174993702,0.005651800169908897,143.57238180864942,6.2389398264869635,0.005546857627088545
3.9650000000000003,2.412181140860485,757.611575023459,0.2021469740445644,0.005632348464493049,143.59172997982733,6.2275743186581245,0.005542283655861456
3.97,2.4109094383180323,757.6105934955285,0.20217419722537835,0.005612946106381446,143.61103004385873,6.2162250206857825,0.005537703690446081
3.975,2.4096412480817113,757.6096177466561,0.20220135127718464,0.005593593105430243,143.63028199836765,6.204891965330078,0.0055331177718527386
3.98,2.4083766202842165,757.6086478152238,0.20222843618509587,0.005574289471281328,143.64948584112705,6.193575185255866,0.005528525941036891
3.985,2.4071156049166564,757.607683739385,0.2022554519345447,0.00555503521335299,143.66864157006793,6.182274713028766,0.005523928238899204
3.99,2.4058582518266474,757.6067255570639,0.20228239851129529,0.005535830340831808,143.6877491832872,6.1709905811115755,0.005519324706285457
3.995,2.4046046107163024,757.6057733059525,0.20230927590145611,0.00551667486266343,143.70680867905676,6.159722821860351,0.005514715383986595
4.0,2.4033547311403383,757.6048270235107,0.2023360840914913,0.005497568787544584,143.72582005583118,6.148471467520853,0.005510100312738627
4.005,2.402108662504072,757.6038867469636,0.2023628230682332,0.005478512123913957,143.74478331225674,6.137236550224668,0.005505479533222663
4.01,2.400866454061544,757.6029525133006,0.20238949281889368,0.005459504879944354,143.763698447179,6.126018101985695,0.005500853086064803
4.015,2.399628154913523,757.6020243592737,0.20241609333107652,0.005440547063533668,143.78256545965172,6.114816154696286,0.005496221011836163
4.0200000000000005,2.3983938140056424,757.6011023213965,0.20244262459278842,0.005421638682297188,143.80138434894425,6.1036307401237915,0.005491583351052754
4.025,2.397163480126416,757.6001864359417,0.20246908659245133,0.005402779743558678,143.8201551145504,6.092461889906731,0.005486940144175494
4.03,2.395937201905386,757.599276738941,0.20249547931891315,0.005383970254342812,143.83887775619576,6.081309635551373,0.005482291431610077
4.035,2.3947150278111535,757.5983732661822,0.20252180276146012,0.005365210221366369,143.8575522738463,6.070174008427947,0.005477637253706972
4.04,2.393497006149536,757.5974760532093,0.2025480569098271,0.0053464996510308215,143.8761786677156,6.05905503976727,0.0054729776507612855
4.045,2.3922831850616095,757.5965851353199,0.2025742417542099,0.005327838549413635,143.89475693827356,6.04795276065699,0.0054683126630127475
4.05,2.391073612521884,757.5957005475642,0.2026003572852754,0.0053092269222609996,143.9132870862532,6.036867202038264,0.005463642330645562
4.055,2.3898683363363524,757.5948223247437,0.2026264034941736,0.005290664774979251,143.9317691126594,6.025798394702035,0.00545896669378838
4.0600000000000005,2.388667404140682,757.59395050141,0.2026523803725476,0.00527215211262775,143.95020301877565,6.0147463692857555,0.005454285792514146
4.065,2.387470863398277,757.5930851118626,0.2026782879125455,0.005253688939910427,143.9685888061724,6.003711156269712,0.00544959966684006
4.07,2.38627876139848,757.5922261901485,0.2027041261068301,0.005235275261168799,143.98692647671393,5.992692785973792,0.005444908356727406
4.075,2.3850911452546506,757.5913737700602,0.20272989494859078,0.005216911080373644,144.00521603256652,5.981691288553838,0.005440211902081508
4.08,2.3839080619023814,757.5905278851345,0.20275559443155275,0.005198596401118176,144.02345747620512,5.970706693998484,0.005435510342751553
4.085,2.382729558097586,757.5896885686517,0.20278122454998895,0.0051803312266098375,144.04165081042143,5.959739032125539,0.005430803718530528
4.09,2.381555680414735,757.5888558536333,0.20280678529872903,0.0051621155596636315,144.05979603833038,5.948788332578873,0.005426092069155041
4.095,2.3803864752449524,757.5880297728414,0.202832276673171,0.00514394940269404,144.07789316337818,5.9378546248248485,0.005421375434305243
4.1,2.3792219887942685,757.5872103587773,0.20285769866929018,0.005125832757708516,144.09594218934862,5.926937938149262,0.005416653853604642
4.105,2.378062267081729,757.5863976436797,0.2028830512836504,0.005107765626299527,144.11394312037092,5.9160383016538045,0.005411927366620014
4.11,2.3769073559376652,757.5855916595243,0.20290833451341284,0.0050897480096382215,144.13189596092596,5.905155744253073,0.005407196012861209
4.115,2.3757573010018147,757.5847924380216,0.2029335483563472,0.0050717799084665895,144.149800715854,5.8942902946710705,0.005402459831781049
4.12,2.374612147721607,757.5840000106164,0.2029586928108401,0.005053861323091288,144.1676573903608,5.883441981438262,0.005397718862775125
4.125,2.373471941350299,757.5832144084861,0.2029837678759062,0.005035992253375955,144.18546599002505,5.872610832888134,0.005392973145181692
4.13,2.372336726945278,757.5824356625395,0.20300877355119618,0.005018172698735189,144.2032265208044,5.861796877154305,0.005388222718281451
4.135,2.37120654936621,757.5816638034156,0.20303370983700786,0.0050004026581269975,144.2209389890429,5.851000142167123,0.005383467621297435
4.14,2.370081453273357,757.5808988614828,0.20305857673429398,0.004982682130046946,144.2386034014767,5.8402206556508425,0.005378707893394783
4.1450000000000005,2.368961483125744,757.5801408668367,0.2030833742446729,0.00496501111252075,144.2562197652414,5.829458445120263,0.005373943573680619
4.15,2.36784668317949,757.5793898493001,0.20310810237043628,0.004947389603098594,144.2737880878777,5.818713537877975,0.005369174701203816
4.155,2.3667370974859887,757.5786458384209,0.20313276111455958,0.004929817598847855,144.29130837733845,5.807985961011035,0.005364401314954864
4.16,2.3656327698902606,757.5779088634714,0.20315735048070957,0.0049122950963476,144.30878064199416,5.797275741388273,0.005359623453865628
4.165,2.364533744029144,757.5771789534468,0.20318187047325445,0.004894822091681458,144.32620489064013,5.786582905657032,0.005354841156809207
4.17,2.363440063329667,757.5764561370645,0.20320632109727127,0.004877398580432277,144.34358113250144,5.775907480240517,0.005350054462599686
4.175,2.362351771007254,757.5757404427625,0.20323070235855573,0.004860024557675157,144.36090937724023,5.765249491334596,0.00534526340999198
4.18,2.361268910064113,757.5750318986985,0.20325501426362946,0.004842700017972276,144.37818963496045,5.754608964905216,0.005340468037681585
4.1850000000000005,2.36019152328746,757.5743305327488,0.2032792568197496,0.004825424955366067,144.39542191621481,5.743985926685243,0.005335668384304413
4.19,2.3591196532479226,757.5736363725072,0.20330343003491566,0.004808199363374233,144.41260623200972,5.733380402171951,0.005330864488436532
4.195,2.3580533422977794,757.5729494452835,0.20332753391787914,0.004791023234983065,144.42974259381182,5.722792416623912,0.005326056388593993
4.2,2.3569926325693853,757.5722697781031,0.20335156847815006,0.004773896562642629,144.44683101355275,5.712221995058548,0.005321244123232566
4.205,2.3559375659734223,757.5715973977054,0.2033755337260062,0.004756819338260255,144.46387150363572,5.701669162249079,0.0053164277307475565
4.21,2.354888184197346,757.5709323305432,0.2033994296724996,0.00473979155319589,144.48086407693987,5.691133942722134,0.005311607249473535
4.215,2.353844528703652,757.5702746027807,0.20342325632946545,0.0047228131982557505,144.49780874682688,5.680616360754763,0.005306782717684147
4.22,2.35280664072834,757.569624240294,0.20344701370952842,0.004705884263687848,144.51470552714514,5.670116440372105,0.0053019541735918356
4.225,2.351774561279199,757.5689812686685,0.20347070182611127,0.004689004739175805,144.5315544322361,5.659634205344465,0.005297121655347642
4.23,2.350748331134288,757.5683457131988,0.20349432069344087,0.004672174613834561,144.5483554769384,5.64916967918504,0.005292285201040919
4.235,2.349727990840239,757.5677175988876,0.2035178703265567,0.0046553938762043555,144.56510867659392,5.638722885147062,0.005287444848699135
4.24,2.3487135807107578,757.5670969504445,0.20354135074131663,0.004638662514246605,144.5818140470518,5.628293846221589,0.005282600636287571
4.245,2.3477051408249423,757.566483792285,0.20356476195440504,0.004621980515338047,144.59847160467444,5.617882585134696,0.0052777526017091176
4.25,2.3467027110258027,757.5658781485297,0.2035881039833385,0.004605347866266816,144.61508136634117,5.6074891243453555,0.005272900782803972
4.255,2.3457063309185995,757.5652800430032,0.20361137684647354,0.00458876455322674,144.63164334945412,5.597113486042671,0.005268045217349424
4.26,2.34471603986938,757.5646894992333,0.2036345805630121,0.004572230561813605,144.64815757194185,5.58675569214383,0.005263185943059551
4.265,2.3437318770033353,757.56410654045,0.20365771515300918,0.004555745877019616,144.66462405226497,5.576415764291405,0.0052583229975849905
4.2700000000000005,2.342753881203359,757.5635311895846,0.20368078063737788,0.004539310483229843,144.68104280941955,5.566093723851369,0.005253456418512635
4.275,2.3417820911084166,757.5629634692685,0.20370377703789685,0.004522924364216866,144.69741386294262,5.555789591910462,0.005248586243365399
4.28,2.3408165451121317,757.5624034018331,0.20372670437721516,0.004506587503137391,144.71373723291546,5.545503389274276,0.005243712509601907
4.285,2.3398572813611667,757.5618510093077,0.2037495626788594,0.004490299882527064,144.73001293996884,5.535235136464681,0.005238835254616247
4.29,2.3389043377538314,757.5613063134197,0.20377235196723828,0.004474061484297285,144.74624100528618,5.524984853717987,0.005233954515737666
4.295,2.3379577519384855,757.5607693355931,0.20379507226764965,0.0044578722897301885,144.76242145060854,5.514752560982432,0.005229070330230312
4.3,2.337017561312163,757.5602400969484,0.2038177236062846,0.004441732279475643,144.77855429823782,5.504538277916411,0.005224182735292919
4.305,2.3360838030189957,757.5597186183005,0.20384030601023448,0.0044256414335464055,144.79463957104133,5.4943420238860305,0.005219291768058555
4.3100000000000005,2.3351565139488577,757.5592049201592,0.2038628195074946,0.004409599731315308,144.8106772924549,5.484163817963416,0.005214397465594293
4.315,2.3342357307358093,757.5586990227275,0.20388526412697094,0.004393607151510595,144.82666748648737,5.474003678924325,0.0052094998649009575
4.32,2.33332148975676,757.5582009459014,0.20390763989848376,0.0043776636722132846,144.8426101777234,5.463861625246531,0.0052045990029127905
4.325,2.332413827129931,757.5577107092683,0.20392994685277388,0.004361769270852683,144.85850539132787,5.453737675107494,0.00519969491649719
4.33,2.3315127787135452,757.5572283321073,0.20395218502150622,0.004345923924203949,144.87435315304845,5.443631846382829,0.005194787642454376
4.335,2.330618380104303,757.5567538333876,0.20397435443727568,0.004330127608383772,144.89015348921984,5.43354415664404,0.005189877217517124
4.34,2.3297306666360944,757.5562872317679,0.2039964551336105,0.004314380298848128,144.90590642676622,5.423474623157061,0.005184963678350425
4.345,2.328849673378498,757.5558285455961,0.2040184871449778,0.004298681970388141,144.9216119932052,5.413423262880057,0.005180047061551212
4.3500000000000005,2.327975435135511,757.555377792908,0.2040404505067867,0.0042830325971280146,144.93727021665023,5.403390092462038,0.005175127403648025
4.355,2.3271079864440702,757.5549349914269,0.2040623452553938,0.00426743215252109,144.95288112581426,5.393375128240737,0.005170204741100723
4.36,2.3262473615728037,757.5545001585627,0.2040841714281057,0.0042518806093479605,144.96844475001197,5.383378386241285,0.005165279110300149
4.365,2.3253935945205693,757.5540733114119,0.20410592906318442,0.004236377939712692,144.9839611191634,5.373399882174164,0.005160350547567842
4.37,2.3245467190152316,757.5536544667557,0.20412761819984973,0.004220924115041152,144.99943026379583,5.363439631433963,0.005155419089155696
4.375,2.3237067685122206,757.5532436410602,0.2041492388782842,0.004205519106077402,145.0148522150473,5.353497649097395,0.005150484771245665
4.38,2.3228737761933287,757.552840850476,0.2041707911396352,0.0041901628828822065,145.03022700466826,5.343573949922125,0.005145547629949422
4.385,2.3220477749652906,757.5524461108361,0.2041922750260199,0.0041748554148296185,145.04555466502507,5.333668548344863,0.005140607701308061
4.39,2.3212287974586046,757.5520594376575,0.2042136905805267,0.004159596670605671,145.0608352291013,5.323781458480267,0.005135665021291753
4.3950000000000005,2.320416876026131,757.5516808461383,0.20423503784722036,0.004144386618205142,145.07606873050105,5.313912694119099,0.005130719625799442
4.4,2.3196120427419373,757.5513103511591,0.2042563168711429,0.004129225224930445,145.09125520345026,5.304062268727218,0.0051257715506585035
4.405,2.318814329399917,757.5509479672806,0.20427752769831842,0.004114112457388567,145.10639468279965,5.294230195443797,0.0051208208316244315
4.41,2.318023767512657,757.5505937087448,0.20429867037575405,0.0040990482814901395,145.12148720402587,5.284416487080385,0.005115867504380497
4.415,2.31724038831008,757.5502475894726,0.2043197449514442,0.004084032662446579,145.1365328032344,5.274621156119214,0.005110911604537436
4.42,2.316464222738332,757.5499096230649,0.2043407514743714,0.004069065564769335,145.15153151716032,5.264844214712326,0.005105953167633101
4.425,2.3156953014584465,757.5495798228009,0.20436168999451018,0.004054146952267206,145.16648338317125,5.255085674679951,0.005100992229132145
4.43,2.314933654845259,757.5492582016383,0.2043825605628279,0.004039276788045785,145.1813884392679,5.245345547509715,0.0050960288244256795
4.4350000000000005,2.3141793129860875,757.5489447722123,0.20440336323128802,0.004024455034504955,145.19624672408654,5.235623844355087,0.005091062988830949
4.44,2.3134323056796737,757.5486395468356,0.2044240980528509,0.004009681653338523,145.21105827689973,5.225920576034667,0.005086094757590987
4.445,2.312692662434886,757.5483425374972,0.20444476508147683,0.003994956605531893,145.2258231376185,5.216235753030702,0.005081124165874294
4.45,2.311960412469679,757.5480537558627,0.20446536437212642,0.003980279851361879,145.24054134679284,5.206569385488448,0.005076151248774486
4.455,2.311235584709824,757.5477732132733,0.20448589598076355,0.003965651350394581,145.25521294561366,5.196921483214766,0.005071176041309976
4.46,2.3105182077878927,757.5475009207456,0.20450635996435526,0.003951071061485369,145.2698379759133,5.187292055677557,0.005066198578423619
4.465,2.309808310042004,757.5472368889709,0.20452675638087467,0.0039365389427769406,145.28441648016718,5.17768111200443,0.005061218894982387
4.47,2.3091059195148365,757.5469811283155,0.20454708528930057,0.003922054951699488,145.298948501494,5.1680886609822165,0.005056237025777024
4.4750000000000005,2.308411063952397,757.546733648819,0.20456734674961996,0.003907619044968944,145.3134340836576,5.158514711055705,0.005051253005521711
4.48,2.3077237708030567,757.5464944601953,0.2045875408228275,0.0038932311785873294,145.3278732710665,5.14895927032724,0.005046266868853724
4.485,2.3070440672163417,757.5462635718311,0.20460766757092785,0.003878891307841177,145.3422661087759,5.139422346555529,0.005041278650333096
4.49,2.3063719800419924,757.5460409927866,0.20462772705693466,0.0038645993873020566,145.3566126424871,5.129903947155307,0.005036288384442274
4.495,2.30570753582878,757.5458267317939,0.20464771934487277,0.0038503553708251915,145.37091291854898,5.120404079196229,0.005031296105585784
4.5,2.305050760823589,757.5456207972578,0.20466764449977703,0.0038361592115501537,145.38516698395756,5.11092274940261,0.005026301848089886
4.505,2.304401680970255,757.5454231972546,0.20468750258769414,0.0038220108618996643,145.3993748863572,5.101459964152382,0.005021305646202235
4.51,2.3037603219086726,757.5452339395324,0.20470729367568125,0.003807910273580464,145.41353667404,5.092015729476918,0.005016307534091541
4.515,2.3031267089736565,757.5450530315105,0.2047270178318075,0.003793857397582299,145.42765239594672,5.082590051060059,0.005011307545847227
4.5200000000000005,2.302500867194075,757.5448804802791,0.20474667512515246,0.00377985218417896,145.44172210166616,5.073182934238011,0.005006305715479088
4.525,2.301882821291734,757.544716292599,0.2047662656258074,0.003765894582927459,145.45574584143588,5.063794383998456,0.005001302076916956
4.53,2.3012725956805355,757.5445604749016,0.20478578940487346,0.003751984542669228,145.46972366614122,5.054424404980512,0.004996296664010351
4.535,2.300670214465382,757.5444130332883,0.2048052465344626,0.003738122011529479,145.4836556273162,5.045073001473921,0.004991289510528144
4.54,2.300075701441364,757.5442739735303,0.20482463708769566,0.0037243069369185824,145.4975417771421,5.035740177419085,0.004986280650158222
4.545,2.299489080092688,757.5441433010686,0.20484396113870296,0.003710539265531598,145.5113821684481,5.026425936406331,0.004981270116507142
4.55,2.2989103735918848,757.5440210210139,0.20486321876262215,0.003696818943349824,145.52517685471005,5.017130281676013,0.004976257943099795
4.555,2.2983396047987674,757.5439071381459,0.2048824100355986,0.0036831459156405075,145.53892589005073,5.007853216117857,0.004971244163379065
4.5600000000000005,2.29777679625966,757.5438016569133,0.204901535034783,0.0036695201269585555,145.5526293292383,4.998594742271135,0.004966228810705495
4.565,2.2972219702063796,757.5437045814339,0.2049205938383315,0.0036559415211464344,145.56628722768662,4.989354862324085,0.004961211918356946
4.57,2.2966751485554946,757.5436159154939,0.20493958652540298,0.00364241004133603,145.57989964145358,4.980133578114151,0.00495619351952826
4.575,2.296136352907328,757.5435356625486,0.20495851317615904,0.003628925629948726,145.593466627241,4.970930891127478,0.004951173647330923
4.58,2.295605604545239,757.5434638257212,0.20497737387176113,0.0036154882286974356,145.60698824239304,4.961746802499237,0.004946152334792732
4.585,2.295082924434655,757.5434004078038,0.20499616869437015,0.003602097778586848,145.62046454489575,4.9525813130131775,0.004941129614857458
4.59,2.2945683332223767,757.5433454112562,0.20501489772714332,0.003588754219915618,145.63389559337534,4.943434423102026,0.004936105520384515
4.595,2.2940618512356346,757.5432988382064,0.20503356105423365,0.0035754574922767864,145.6472814470978,4.934306132847123,0.004931080084148618
4.6000000000000005,2.2935634984814195,757.5432606904507,0.20505215876078667,0.0035622075345601283,145.6606221659667,4.925196441978877,0.004926053338839463
4.605,2.293073294645564,757.5432309694531,0.20507069093293942,0.003549004284952751,145.67391781052282,4.916105349876487,0.004921025317061388
4.61,2.2925912590921,757.5432096763457,0.20508915765781704,0.0035358476809415856,145.68716844194182,4.907032855568459,0.004915996051333045
4.615,2.2921174108623616,757.5431968119282,0.20510755902353178,0.003522737659314155,145.70037412203357,4.897978957732398,0.004910965574087069
4.62,2.291651768674373,757.5431923766682,0.20512589511917897,0.0035096741561612276,145.7135349132397,4.888943654695605,0.004905933917669754
4.625,2.2911943509219728,757.5431963707015,0.205144166034836,0.0034966571068777486,145.72665087863288,4.8799269444349305,0.004900901114340718
4.63,2.290745175674229,757.543208793831,0.20516237186155822,0.003483686446165637,145.7397220819142,4.870928824577445,0.004895867196272594
4.635,2.29030426067459,757.543229645528,0.20518051269137738,0.003470762108034892,145.75274858741216,4.861949292400359,0.004890832195550681
4.64,2.289871623340322,757.5432589249313,0.20519858861729753,0.0034578840258065314,145.76573046007996,4.852988344831769,0.00488579614417265
4.6450000000000005,2.2894472807616877,757.5432966308477,0.20521659973329318,0.003445052132113863,145.7786677654944,4.844045978450642,0.004880759074048195
4.65,2.289031249701412,757.5433427617519,0.20523454613430497,0.0034322663589055713,145.79156056985298,4.835122189487628,0.004875721016998737
4.655,2.288623546593882,757.5433973157864,0.20525242791623768,0.003419526637447143,145.8044089399726,4.8262169738251215,0.004870682004757085
4.66,2.2882241875446407,757.5434602907619,0.20527024517595563,0.003406832898324094,145.81721294328662,4.817330326998129,0.004865642068967136
4.665,2.2878331883296124,757.5435316841573,0.20528799801128045,0.003394185071443568,145.82997264784333,4.808462244194411,0.004860601241183545
4.67,2.287450564394623,757.5436114931196,0.20530568652098632,0.003381583086037686,145.84268812230295,4.799612720255406,0.004855559552871428
4.675,2.28707633085465,757.543699714464,0.20532331080479757,0.0033690268706653118,145.85535943593578,4.790781749676448,0.00485051703540603
4.68,2.2867105024933703,757.5437963446744,0.20534087096338366,0.0033565163532155327,145.8679866586192,4.781969326607751,0.004845473720072437
4.6850000000000005,2.286353093762436,757.5439013799032,0.20535836709835656,0.0033440514609095785,145.88056986083575,4.773175444854693,0.004840429638065243
4.69,2.2860041187810496,757.5440148159718,0.20537579931226554,0.0033316321203044437,145.89310911366977,4.764400097878871,0.0048353848204882735
4.695,2.285663591335262,757.54413664837,0.2053931677085944,0.003319258257294948,145.90560448880544,4.755643278798445,0.004830339298354247
4.7,2.285331524877576,757.544266872257,0.20541047239175605,0.003306929797117485,145.91805605852338,4.746904980389251,0.004825293102584503
4.705,2.285007932526273,757.5444054824615,0.2054277134670895,0.003294646664352247,145.9304638956985,4.7381851950852285,0.004820246264008678
4.71,2.2846928270650397,757.5445524734812,0.20544489104085428,0.0032824087829270883,145.94282807379633,4.7294839149795775,0.004815198813364425
4.715,2.2843862209423227,757.5447078394839,0.20546200522022717,0.003270216076119902,145.9551486668709,4.720801131825259,0.004810150781297099
4.72,2.284088126270982,757.5448715743072,0.20547905611329664,0.0032580684665626013,145.96742574956096,4.712136837036215,0.004805102198359484
4.7250000000000005,2.2837985548276687,757.5450436714589,0.20549604382905914,0.0032459658762436436,145.97965939708754,4.703491021687925,0.004800053095011475
4.73,2.28351751805251,757.545224124117,0.2055129684774134,0.0032339082265121365,145.99184968525012,4.694863676518695,0.004795003501619817
4.735,2.2832450270485096,757.5454129251307,0.2055298301691567,0.0032218954380804957,146.00399669042423,4.686254791930273,0.004789953448457785
4.74,2.2829810925812595,757.5456100670198,0.20554662901597895,0.003209927431028662,146.01610048955735,4.67766435798919,0.004784902965704932
4.745,2.2827257250783703,757.5458155419753,0.20556336513045856,0.003198004124806914,146.02816116016623,4.669092364427452,0.004779852083446775
4.75,2.2824789346292063,757.5460293418603,0.20558003862605656,0.003186125438240185,146.04017878033298,4.660538800643923,0.004774800831674538
4.755,2.282240730984343,757.5462514582091,0.20559664961711233,0.003174291289531019,146.05215342870216,4.65200365570509,0.004769749240284855
4.76,2.2820111235553306,757.546481882229,0.20561319821883733,0.00316250159626399,146.06408518447654,4.6434869183465,0.004764697339079513
4.765,2.2817901214141756,757.5467206047994,0.2056296845473109,0.0031507562754087954,146.07597412741433,4.63498857697358,0.004759645157765155
4.7700000000000005,2.281577733293133,757.5469676164726,0.20564610871947364,0.0031390552433247774,146.08782033782478,4.626508619663131,0.004754592725953037
4.775,2.2813739675842144,757.5472229074744,0.20566247085312309,0.003127398415764157,146.0996238965652,4.618047034164213,0.004749540073158731
4.78,2.2811788323390063,757.5474864677045,0.20567877106690716,0.003115785707876641,146.1113848850365,4.609603807899686,0.004744487228801885
4.785,2.280992335268206,757.5477582867363,0.20569500948031924,0.00310421703421279,146.1231033851801,4.601178927967153,0.004739434222205934
4.79,2.2808144837414646,757.5480383538181,0.20571118621369183,0.003092692308728729,146.13477947947337,4.592772381140558,0.004734381082597869
4.795,2.280645284786952,757.5483266578727,0.20572730138819134,0.0030812114447896334,146.14641325092637,4.584384153871187,0.0047293278391079465
4.8,2.280484745091229,757.5486231874987,0.20574335512581157,0.003069774355174535,146.15800478307725,4.576014232289308,0.004724274520769468
4.805,2.2803328709988335,757.5489279309702,0.20575934754936845,0.0030583809520799304,146.16955415998882,4.567662602205235,0.004719221156518492
4.8100000000000005,2.2801896685121816,757.5492408762378,0.2057752787824932,0.003047031147124672,146.18106146624402,4.559329249111022,0.0047141677751936185
4.815,2.2800551432911846,757.5495620109289,0.20579114894962708,0.003035724851353709,146.19252678694212,4.5510141581815775,0.004709114405535714
4.82,2.279929300653173,757.5498913223478,0.2058069581760144,0.003024461975243047,146.20395020769428,4.542717314276398,0.004704061076187691
4.825,2.2798121455725404,757.5502287974768,0.20582270658769705,0.0030132424287036105,146.21533181461965,4.534438701940751,0.004699007815694246
4.83,2.2797036826806973,757.5505744229769,0.20583839431150736,0.003002066121086291,146.22667169434064,4.526178305407446,0.004693954652501643
4.835,2.2796039162657395,757.5509281851869,0.2058540214750626,0.002990932961185916,146.23796993397917,4.517936108598073,0.004688901614957455
4.84,2.2795128502724302,757.5512900701257,0.20586958820675766,0.002979842857246376,146.24922662115173,4.509712095124824,0.0046838487313103595
4.845,2.2794304883018968,757.5516600634917,0.20588509463575938,0.0029687957169647027,146.2604418439656,4.501506248291773,0.004678796029709879
4.8500000000000005,2.2793568336116365,757.5520381506642,0.2059005408919991,0.0029577914474962688,146.27161569101366,4.493318551096744,0.004673743538206188
4.855,2.2792918891152425,757.5524243167029,0.20591592710616693,0.0029468299554589804,146.2827482513707,4.485148986232656,0.004668691284749857
4.86,2.2792356573824377,757.5528185463495,0.20593125340970417,0.002935911146938536,146.29383961458808,4.476997536089413,0.004663639297191666
4.865,2.279188140638826,757.5532208240278,0.2059465199347974,0.0029250349274927228,146.3048898706899,4.468864182755302,0.004658587603282355
4.87,2.279149340765954,757.5536311338444,0.20596172681437086,0.0029142012021567505,146.31589911016775,4.460748908018939,0.0046535362306724445
4.875,2.279119259301089,757.5540494595895,0.20597687418208024,0.002903409875447643,146.32686742397652,4.452651693370702,0.00464848520691199
4.88,2.279097897437309,757.5544757847371,0.20599196217230523,0.002892660851369629,146.33779490352933,4.444572520004713,0.004643434559450414
4.885,2.279085256023306,757.5549100924462,0.20600699092014302,0.0028819540334186376,146.34868164069314,4.436511368820334,0.0046383843156362625
4.89,2.279081335563505,757.555352365561,0.20602196056140076,0.002871289324587744,146.35952772778361,4.428468220424168,0.004633334502717042
4.8950000000000005,2.2790861362178934,757.555802586612,0.206036871232589,0.0028606666273717535,146.37033325756073,4.4204430551316145,0.004628285147838987
4.9,2.2790996578021665,757.5562607378162,0.20605172307091393,0.0028500858437727145,146.38109832322343,4.412435852968906,0.004623236278046905
4.905,2.2791218997875866,757.5567268010783,0.20606651621427097,0.00283954687530458,146.39182301840523,4.404446593674694,0.0046181879202839456
4.91,2.279152861301153,757.557200757991,0.2060812508012366,0.0028290496229987677,146.4025074371689,4.396475256702135,0.004613140101391452
4.915,2.2791925411254894,757.5576825898362,0.20609592697106205,0.0028185939874089236,146.41315167400194,4.388521821220516,0.00460809284810874
4.92,2.279240937699042,757.5581722775848,0.20611054486366512,0.0028081798686165156,146.42375582381104,4.380586266117371,0.004603046187072957
4.925,2.2792980491159924,757.5586698018988,0.20612510461962347,0.002797807166235685,146.43431998191764,4.372668570000151,0.0045980001448188675
4.93,2.2793638731264823,757.559175143131,0.20613960638016662,0.0027874757794188808,146.44484424405252,4.364768711198367,0.004592954747778717
4.9350000000000005,2.279438407136555,757.5596882813261,0.20615405028716913,0.0027771856068617884,146.45532870635088,4.356886667765308,0.004587910022282022
4.94,2.2795216482084086,757.5602091962216,0.2061684364831424,0.0027669365468090115,146.46577346534716,4.349022417480211,0.004582865994555448
4.945,2.279613593060362,757.5607378672487,0.2061827651112278,0.002756728497059067,146.47617861797002,4.341175937850018,0.004577822690722601
4.95,2.2797142380671356,757.5612742735325,0.20619703631518857,0.0027465613549701,146.48654426153706,4.333347206111567,0.004572780136803913
4.955,2.2798235792598454,757.5618183938935,0.20621125023940254,0.002736435017464961,146.4968704937498,4.325536199233402,0.004567738358716445
4.96,2.279941612326311,757.5623702068481,0.20622540702885428,0.002726349381036948,146.50715741268831,4.317742893917981,0.004562697382273773
4.965,2.280068332611076,757.5629296906096,0.20623950682912764,0.0027163043417549487,146.51740511680612,4.309967266603525,0.0045576572331858045
4.97,2.2802037351157436,757.5634968230889,0.20625354978639776,0.0027062997952692126,146.52761370492482,4.302209293466247,0.004552617937058668
4.9750000000000005,2.2803478144990232,757.5640715818954,0.20626753604742357,0.0026963356368165576,146.537783276229,4.294468950422242,0.004547579519394533
4.98,2.2805005650770926,757.5646539443381,0.2062814657595398,0.0026864117612261725,146.5479139302607,4.286746213129743,0.004542542005591517
4.985,2.280661980823675,757.5652438874264,0.20629533907064942,0.0026765280629248737,146.55800576691445,4.279041056991034,0.0045375054209435065
4.99,2.280832055370424,757.5658413878704,0.20630915612921563,0.002666684435942929,146.56805888643143,4.271353457154734,0.004532469790640067
4.995,2.28101078200703,757.5664464220829,0.20632291708425404,0.002656880773919383,146.57807338939475,4.263683388517744,0.004527435139766279
5.0,2.281198153681633,757.5670589661795,0.20633662208532477,0.00264711697010789,146.58804937672343,4.256030825727549,0.004522401493302652
5.005,2.281394163000952,757.5676789959801,0.2063502712825247,0.0026373929173820945,146.59798694966764,4.248395743184202,0.0045173688761249685
5.01,2.28159880223073,757.5683064870092,0.20636386482647923,0.002627708508241473,146.60788620980276,4.240778115042633,0.004512337313004205
5.015,2.2818120632958867,757.5689414144973,0.20637740286833475,0.0026180636348167737,146.6177472590243,4.233177915214674,0.004507306828606381
5.0200000000000005,2.2820339377809904,757.5695837533821,0.20639088555975021,0.0026084581888758595,146.62757019954245,4.225595117371382,0.0045022774474924926
5.025,2.28226441693044,757.5702334783089,0.20640431305288956,0.0025988920618292026,146.63735513387644,4.218029694945094,0.0044972491941183655
5.03,2.282503491648961,757.5708905636319,0.20641768550041334,0.002589365144735729,146.64710216484931,4.210481621131759,0.0044922220928345965
5.035,2.2827511525018167,757.5715549834155,0.20643100305547113,0.0025798773283083505,146.65681139558234,4.202950868893026,0.004487196167886412
5.04,2.2830073897153293,757.5722267114346,0.20644426587169298,0.0025704285029198243,146.66648292948952,4.195437410958596,0.004482171443413622
5.045,2.2832721931771194,757.5729057211764,0.20645747410318185,0.0025610185586083184,146.67611687027218,4.187941219828323,0.004477147943450483
5.05,2.283545552436652,757.573591985841,0.20647062790450516,0.002551647385083271,146.6857133219135,4.180462267774584,0.004472125691925657
5.055,2.283827456705504,757.5742854783423,0.206483727430687,0.0025423148717309907,146.69527238867292,4.1730005268444135,0.004467104712662087
5.0600000000000005,2.2841178948579364,757.5749861713098,0.20649677283719983,0.0025330209076205126,146.70479417508065,4.165555968861869,0.004462085029376958
5.065,2.284416855431188,757.5756940370887,0.20650976427995657,0.0025237653815092386,146.71427878593224,4.158128565430202,0.004457066665681588
5.07,2.284724326626075,757.576409047742,0.20652270191530236,0.002514548181848775,146.72372632628299,4.150718287934224,0.004452049645081389
5.075,2.2850402963073106,757.5771311750506,0.20653558590000656,0.0025053691967906037,146.73313690144244,4.143325107542506,0.004447033990975765
5.08,2.2853647520041336,757.5778603905152,0.20654841639125449,0.0024962283141919182,146.74251061696881,4.135948995209749,0.00444201972665809
5.085,2.285697680910651,757.5785966653569,0.20656119354663952,0.0024871254216213136,146.7518475786636,4.128589921679003,0.0044370068753156
5.09,2.286039069886493,757.5793399705188,0.20657391752415472,0.0024780604063646115,146.76114789256587,4.121247857484049,0.004431995460029388
5.095,2.2863889054571866,757.5800902766669,0.2065865884821849,0.0024690331554305697,146.77041166494692,4.113922772951634,0.0044269855037743075
5.1000000000000005,2.2867471738148306,757.580847554191,0.2065992065794984,0.002460043555556692,146.77963900230455,4.106614638203856,0.004421977029418959
5.105,2.287113860818501,757.5816117732062,0.2066117719752391,0.0024510914932149622,146.78883001135765,4.099323423160423,0.004416970059725619
5.11,2.2874889519949497,757.5823829035542,0.20662428482891812,0.0024421768546176253,146.79798479904068,4.092049097541038,0.004411964617350222
5.115,2.2878724325390367,757.5831609148039,0.20663674530040574,0.0024332995257229386,146.80710347249806,4.084791630867668,0.004406960724842299
5.12,2.2882642873144543,757.5839457762535,0.20664915354992341,0.002424459392240937,146.8161861390787,4.077550992466947,0.004401958404644971
5.125,2.2886645008541855,757.5847374569305,0.2066615097380355,0.0024156563396391917,146.82523290633054,4.070327151472449,0.004396957679094893
5.13,2.2890730573612568,757.5855359255944,0.20667381402564125,0.002406890253148551,146.83424388199487,4.063120076827091,0.0043919585704222585
5.135,2.289489940709219,757.5863411507365,0.20668606657396668,0.002398161017768905,146.843219174001,4.0559297372854255,0.004386961100750739
5.14,2.289915134442928,757.5871531005821,0.20669826754455647,0.002389468518274904,146.8521588904606,4.048756101416042,0.00438196529209751
5.1450000000000005,2.2903486217790525,757.5879717430913,0.2067104170992659,0.002380812639221723,146.86106313966224,4.0415991376038685,0.0043769711663731925
5.15,2.2907903856068774,757.5887970459604,0.20672251540025277,0.0023721932649507557,146.86993203006608,4.034458814052577,0.004371978745381886
5.155,2.291240408488841,757.5896289766233,0.20673456260996925,0.0023636102795953763,146.87876567029804,4.027335098786892,0.004366988050821116
5.16,2.2916986726613633,757.5904675022524,0.2067465588911541,0.002355063567086597,146.88756416914467,4.020227959654991,0.0043619991042818775
5.165,2.292165160035406,757.5913125897602,0.20675850440682425,0.002346553011158838,146.8963276355474,4.013137364330829,0.004357011927248589
5.17,2.2926398521973317,757.5921642058007,0.20677039932026714,0.002338078495355544,146.90505617859736,4.00606328031653,0.004352026541099141
5.175,2.293122730409485,757.5930223167705,0.2067822437950324,0.002329639903034948,146.91374990752973,3.999005674944724,0.004347042967104865
5.18,2.2936137756110786,757.5938868888101,0.20679403799492416,0.0023212371173756546,146.92240893171837,3.9919645153809302,0.004342061226430577
5.1850000000000005,2.2941129684188013,757.5947578878053,0.20680578208399278,0.002312870021382391,146.93103336067043,3.984939768625899,0.0043370813401345625
5.19,2.294620289127728,757.5956352793885,0.20681747622652713,0.0023045384978915557,146.9396233040209,3.977931401517997,0.004332103329168631
5.195,2.2951357177119553,757.5965190289403,0.2068291205870465,0.0022962424295769556,146.94817887152723,3.970939380735547,0.0043271272143780995
5.2,2.2956592338255333,757.5974091015903,0.2068407153302928,0.002287981698955307,146.95670017306404,3.963963672799203,0.004322153016501855
5.205,2.2961908168031293,757.5983054622193,0.20685226062122256,0.0022797561883919695,146.96518731861758,3.9570042440743056,0.004317180756172349
5.21,2.296730445660984,757.5992080754598,0.2068637566249991,0.0022715657801063937,146.97364041828058,3.9500610607732396,0.004312210453915671
5.215,2.2972780990976007,757.6001169056982,0.20687520350698463,0.0022634103561778415,146.98205958224676,3.943134088957796,0.004307242130151541
5.22,2.2978337554947252,757.6010319170755,0.20688660143273258,0.0022552897985507877,146.9904449208056,3.9362232945415188,0.004302275805193396
5.2250000000000005,2.2983973929180626,757.601953073489,0.20689795056797952,0.002247203989040617,146.99879654433698,3.929328643292066,0.004297311499248389
5.23,2.2989689891182796,757.602880338594,0.20690925107863767,0.0022391528093389833,147.00711456330612,3.9224501008335544,0.004292349232417483
5.235,2.299548521531748,757.6038136758049,0.20692050313078691,0.0022311361410194764,147.01539908825788,3.9155876326489123,0.004287389024695454
5.24,2.3001359672815718,757.6047530482964,0.20693170689066728,0.0022231538655429323,147.02365022981215,3.908741204082211,0.004282430895970995
5.245,2.300731303178352,757.6056984190058,0.20694286252467095,0.002215205864263079,147.03186809865795,3.901910780341028,0.004277474866026728
5.25,2.3013345057212438,757.6066497506333,0.20695397019933495,0.0022072920184317882,147.0400528055488,3.8950963264987553,0.004272520954539309
5.255,2.3019455510987425,757.6076070056447,0.20696503008133318,0.002199412209204696,147.0482044612972,3.8882978074969654,0.004267569181079453
5.26,2.302564415189766,757.6085701462719,0.20697604233746908,0.0021915663176464,147.05632317676955,3.8815151881477057,0.0042626195651120444
5.265,2.3031910735644674,757.6095391345149,0.20698700713466778,0.002183754224736046,147.0644090628811,3.8747484331358586,0.004257672125996167
5.2700000000000005,2.303825501485336,757.610513932143,0.2069979246399688,0.002175975811372471,147.0724622305909,3.867997507021422,0.004252726882985218
5.275,2.3044676739080407,757.6114945006965,0.20700879502051828,0.0021682309583797603,147.08048279089635,3.8612623742418717,0.004247783855226958
5.28,2.3051175654825524,757.6124808014885,0.20701961844356181,0.002160519546512324,147.08847085482876,3.854542999114416,0.004242843061763618
5.285,2.3057751505540116,757.6134727956054,0.20703039507643664,0.002152841456460423,147.09642653344764,3.8478393458383553,0.004237904521531962
5.29,2.3064404031638737,757.6144704439097,0.2070411250865645,0.0021451965688551833,147.1043499378362,3.8411513784973264,0.0042329682533634025
5.295,2.3071132970508037,757.6154737070407,0.2070518086414441,0.002137584764274086,147.1122411790961,3.8344790610616495,0.004228034275984064
5.3,2.307793805651844,757.6164825454166,0.20706244590864392,0.002130005923245922,147.1201003683426,3.827822357390558,0.004223102608014912
5.305,2.308481902103331,757.6174969192354,0.2070730370557947,0.002122459926256235,147.1279276166995,3.8211812312345352,0.004218173267971819
5.3100000000000005,2.3091775592420896,757.6185167884769,0.20708358225058232,0.002114946653752215,147.13572303529455,3.8145556462375265,0.004213246274265702
5.315,2.3098807496063722,757.6195421129045,0.20709408166074053,0.0021074659861481057,147.14348673525402,3.8079455659392725,0.004208321645202592
5.32,2.3105914454370757,757.6205728520661,0.20710453545404378,0.0021000178038300225,147.15121882769853,3.8013509537774945,0.004203399398983784
5.325,2.3113096186787065,757.6216089652963,0.20711494379829995,0.002092601987161319,147.15891942373767,3.79477177309022,0.004198479553705909
5.33,2.312035240980619,757.6226504117179,0.20712530686134345,0.0020852184164873427,147.1665886344655,3.7882079871179517,0.004193562127361087
5.335,2.312768283698005,757.6236971502432,0.20713562481102782,0.002077866972140749,147.17422657095568,3.7816595590059783,0.004188647137837012
5.34,2.313508717893153,757.6247491395757,0.20714589781521917,0.002070547534446193,147.18183334425686,3.775126451806526,0.00418373460291711
5.345,2.3142565143364657,757.6258063382121,0.20715612604178857,0.0020632599837255928,147.18940906538774,3.7686086284810565,0.004178824540280629
5.3500000000000005,2.3150116435077384,757.6268687044437,0.20716630965860572,0.0020560042003027507,147.1969538453327,3.7621060519023932,0.004173916967502801
5.355,2.3157740755971985,757.6279361963576,0.2071764488335316,0.0020487800645085713,147.20446779503686,3.7556186848570148,0.004169011902054945
5.36,2.3165437805068114,757.6290087718393,0.20718654373441187,0.002041587456685607,147.2119510254018,3.749146490047153,0.004164109361304627
5.365,2.3173207278513397,757.6300863885733,0.20719659452906977,0.002034426257193222,147.21940364728064,3.742689430093071,0.004159209362515774
5.37,2.31810488695967,757.6311690040459,0.20720660138529978,0.002027296346412073,147.2268257714738,3.736247467535144,0.004154311922848843
5.375,2.3188962268759004,757.6322565755454,0.20721656447086034,0.0020201976047492156,147.2342175087242,3.72982056483612,0.0041494170593609336
5.38,2.3196947163606856,757.6333490601655,0.20722648395346774,0.00201312991264251,147.24157896971315,3.7234086843831773,0.004144524789005968
5.385,2.3205003238923463,757.6344464148058,0.20723636000078885,0.0020060931505656724,147.2489102650554,3.7170117884901708,0.0041396351286348086
5.39,2.321313017668239,757.6355485961734,0.20724619278043518,0.001999087199032612,147.2562115052953,3.710629839399665,0.004134748094995445
5.3950000000000005,2.322132765605887,757.6366555607857,0.2072559824599558,0.001992111938602418,147.26348280090193,3.7042627992851616,0.004129863704733117
5.4,2.3229595353443706,757.6377672649711,0.20726572920683117,0.0019851672498836267,147.2707242622651,3.6979106302531126,0.004124981974390504
5.405,2.323793294245482,757.638883664871,0.20727543318846647,0.0019782530135391474,147.2779359996908,3.691573294345127,0.00412010292040786
5.41,2.324634009395138,757.6400047164416,0.20728509457218547,0.00197136911029045,147.28511812339718,3.685250753539959,0.004115226559123203
5.415,2.3254816476045557,757.6411303754559,0.20729471352522372,0.0019645154209224384,147.29227074351,3.678942969755698,0.004110352906772459
5.42,2.3263361754116847,757.6422605975048,0.2073042902147228,0.001957691826287558,147.29939397005867,3.672649904851731,0.004105481979489659
5.425,2.327197559082409,757.6433953379993,0.20731382480772353,0.0019508982073106046,147.306487912972,3.6663715206309164,0.004100613793307084
5.43,2.3280657646119978,757.6445345521723,0.20732331747116026,0.0019441344449927576,147.3135526820741,3.6601077788415135,0.004095748364155468
5.4350000000000005,2.3289407577263295,757.6456781950802,0.20733276837185416,0.0019374004204163236,147.3205883870801,3.6538586411793403,0.00409088570786415
5.44,2.3298225038833618,757.6468262216046,0.20734217767650776,0.0019306960147486977,147.32759513759254,3.647624069289683,0.004086025840161289
5.445,2.3307109682743805,757.647978586454,0.20735154555169813,0.001924021109247034,147.33457304309675,3.641404024769423,0.004081168776674009
5.45,2.3316061158254895,757.6491352441659,0.20736087216387167,0.0019173755852621322,147.34152221295741,3.635198469168922,0.004076314532928625
5.455,2.3325079111988796,757.6502961491087,0.20737015767933745,0.0019107593242430447,147.3484427564142,3.629007363994135,0.004071463124350797
5.46,2.333416318794338,757.6514612554829,0.20737940226426183,0.0019041722077408807,147.35533478257818,3.622830670708459,0.004066614566265754
5.465,2.3343313027505426,757.6526305173232,0.20738860608466214,0.0018976141174133485,147.36219840042764,3.6166683507348303,0.004061768873898463
5.47,2.3352528269465878,757.6538038885008,0.20739776930640144,0.0018910849350284801,147.36903371880462,3.6105203654575444,0.004056926062373849
5.4750000000000005,2.3361808550033007,757.654981322724,0.2074068920951821,0.0018845845424691023,147.37584084641068,3.6043866762243266,0.00405208614671697
5.48,2.337115350284789,757.6561627735414,0.20741597461654077,0.001878112821736488,147.38261989180356,3.598267244348132,0.0040472491418532515
5.485,2.338056275899774,757.6573481943431,0.20742501703584215,0.0018716696549547528,147.38937096339308,3.592162031109186,0.004042415062608655
5.49,2.3390035947031613,757.658537538362,0.20743401951827387,0.0018652549243744255,147.39609416943782,3.5860709977567566,0.004037583923709919
5.495,2.3399572692973947,757.6597307586769,0.20744298222884053,0.0018588685123767806,147.40278961804117,3.5799941055111777,0.004032755739784741
5.5,2.3409172620340435,757.660927808213,0.20745190533235866,0.001852510301477324,147.409457417148,3.5739313155655843,0.004027930525362018
5.505,2.34188353501518,757.662128639745,0.20746078899345075,0.0018461801743300547,147.4160976745408,3.567882589087917,0.004023108294872028
5.51,2.3428560500949827,757.6633332058977,0.20746963337654048,0.0018398780137308718,147.42271049783642,3.561847887222629,0.004018289062646684
5.515,2.3438347688811367,757.664541459149,0.2074784386458468,0.0018336037026217633,147.42929599448232,3.5558271710926617,0.00401347284291972
5.5200000000000005,2.3448196527364575,757.665753351831,0.2074872049653792,0.001827357124094132,147.43585427175347,3.5498204018011235,0.0040086596498269365
5.525,2.3458106627803055,757.6669688361324,0.20749593249893195,0.0018211381613929157,147.4423854367485,3.5438275404332464,0.004003849497406409
5.53,2.346807759890232,757.6681878640998,0.20750462141007942,0.001814946697919827,147.44888959638683,3.5378485480580277,0.0039990423995987295
5.535,2.3478109047034157,757.6694103876403,0.20751327186217058,0.0018087826172374008,147.4553668574048,3.531883385730162,0.003994238370247215
5.54,2.3488200576183225,757.6706363585226,0.20752188401832433,0.00180264580307216,147.46181732635296,3.5259320144916577,0.003989437423098159
5.545,2.349835178796164,757.6718657283799,0.20753045804142406,0.0017965361393185815,147.46824110959219,3.5199943953737405,0.003984639571801048
5.55,2.3508562281625767,757.6730984487106,0.2075389940941132,0.0017904535100421847,147.4746383132911,3.51407048939844,0.0039798448299088116
5.555,2.351883165409097,757.6743344708811,0.2075474923387897,0.0017843977994834233,147.48100904342235,3.5081602575804656,0.00397505321087804
5.5600000000000005,2.3529159499948586,757.6755737461277,0.20755595293760196,0.001778368892060692,147.4873534057599,3.5022636609287656,0.003970264728069245
5.565,2.3539545411480898,757.6768162255579,0.20756437605244324,0.001772366672374146,147.49367150587562,3.496380660448378,0.003965479394747084
5.57,2.3549988978678247,757.6780618601526,0.20757276184494766,0.0017663910252086244,147.49996344913654,3.4905112171419534,0.003960697224080616
5.575,2.3560489789254215,757.6793106007685,0.20758111047648495,0.0017604418355373931,147.5062293407015,3.484655292011581,0.003955918229143534
5.58,2.357104742866291,757.6805623981395,0.20758942210815626,0.0017545189885249943,147.51246928551853,3.478812846060285,0.003951142422914425
5.585,2.358166148011431,757.6818172028787,0.2075976969007892,0.0017486223695309078,147.51868338832153,3.472983840293819,0.003946369818277009
5.59,2.359233152459176,757.6830749654805,0.2076059350149338,0.0017427518641123223,147.52487175362785,3.467168235722135,0.0039416004280203995
5.595,2.3603057140867483,757.6843356363224,0.2076141366108575,0.0017369073580277214,147.53103448573492,3.4613659933611496,0.003936834264839343
5.6000000000000005,2.3613837905520203,757.6855991656673,0.20762230184854136,0.0017310887372395751,147.53717168871788,3.455577074234177,0.003932071341334494
5.605,2.36246733929509,757.686865503665,0.20763043088767508,0.0017252958879178503,147.54328346642646,3.4498014393736773,0.003927311670012648
5.61,2.3635563175400573,757.6881346003541,0.20763852388765336,0.0017195286964426211,147.54936992248264,3.444039049822653,0.0039225552632870244
5.615,2.364650682296617,757.6894064056648,0.207646581007571,0.001713787049407501,147.5554311602775,3.4382898666363664,0.003917802133477501
5.62,2.3657503903618515,757.69068086942,0.20765460240621936,0.0017080708336221799,147.56146728296898,3.432553850883711,0.003913052292810903
5.625,2.3668553983218406,757.6919579413375,0.20766258824208167,0.0017023799361157758,147.5674783934789,3.4268309636488987,0.00390830575342124
5.63,2.3679656625534724,757.693237571032,0.20767053867332946,0.001696714244139295,147.5734645944908,3.4211211660328016,0.0039035625273499967
5.635,2.3690811392260698,757.6945197080175,0.20767845385781805,0.0016910736451689052,147.5794259884469,3.415424419154607,0.003898822626546377
5.64,2.3702017843032137,757.6958043017086,0.2076863339530831,0.0016854580269083201,147.58536267754621,3.409740684153133,0.003894086062867594
5.6450000000000005,2.3713275535443916,757.6970913014229,0.2076941791163362,0.0016798672772919917,147.5912747637415,3.4040699221884516,0.00388935284807912
5.65,2.372458402506832,757.6983806563829,0.20770198950446148,0.001674301284487424,147.59716234873727,3.398412094443179,0.0038846229938549796
5.655,2.3735942865471724,757.6996723157181,0.2077097652740113,0.0016687599368982826,147.60302553398714,3.392767162124062,0.003879896511778001
5.66,2.3747351608233105,757.7009662284668,0.2077175065812032,0.0016632431231666312,147.60886442069182,3.3871350864632412,0.0038751734133401113
5.665,2.3758809802960843,757.7022623435782,0.20772521358191537,0.0016577507321759697,147.61467910979636,3.3815158287198126,0.003870453709942596
5.67,2.377031699731139,757.7035606099147,0.20773288643168383,0.0016522826530533904,147.62046970198838,3.3759093501810544,0.0038657374128963935
5.675,2.378187273700626,757.7048609762531,0.2077405252856981,0.0016468387751725402,147.62623629769547,3.3703156121639624,0.0038610245334223564
5.68,2.3793476565850837,757.706163391288,0.20774813029879843,0.0016414189881557018,147.63197899708328,3.364734576016447,0.0038563150826515526
5.6850000000000005,2.3805128025751507,757.7074678036321,0.20775570162547155,0.0016360231818766773,147.63769790005315,3.359166203118836,0.003851609071625525
5.69,2.381682665673461,757.7087741618195,0.20776323941984787,0.0016306512464627995,147.6433931062403,3.3536104548850485,0.0038469065112966003
5.695,2.3828571996963754,757.7100824143075,0.2077707438356977,0.0016253030722977327,147.64906471501135,3.3480672927640605,0.003842207412528149
5.7,2.3840363582758886,757.7113925094783,0.2077782150264283,0.0016199785500234118,147.65471282546284,3.3425366782410504,0.003837511786094893
5.705,2.3852200948613755,757.712704395641,0.20778565314508013,0.0016146775705427696,147.66033753641867,3.3370185728388404,0.003832819642683175
5.71,2.386408362721515,757.7140180210341,0.20779305834432427,0.0016094000250216007,147.66593894642867,3.3315129381190074,0.0038281309928912648
5.715,2.387601114946048,757.7153333338272,0.20780043077645852,0.0016041458048912112,147.67151715376627,3.326019735683296,0.0038234458472296323
5.72,2.3887983044477155,757.716650282123,0.20780777059340508,0.001598914801850212,147.67707225642698,3.3205389271747,0.0038187642161212555
5.7250000000000005,2.3899998839640344,757.7179688139597,0.20781507794670676,0.0015937069078670921,147.68260435212625,3.3150704742788464,0.003814086109901896
5.73,2.391205806059243,757.7192888773127,0.20782235298752455,0.0015885220151819418,147.68811353829793,3.309614338725048,0.0038094115388204106
5.735,2.3924160231260965,757.7206104200965,0.20782959586663424,0.0015833600163089475,147.69359991209234,3.304170482287655,0.003804740513039029
5.74,2.393630487387824,757.7219333901672,0.20783680673442398,0.0015782208040380436,147.69906357037468,3.2987388667870805,0.0038000730426336615
5.745,2.3948491508999363,757.7232577353245,0.20784398574089086,0.0015731042714373362,147.70450460972324,3.2933194540911237,0.0037954091375941895
5.75,2.396071965552197,757.7245834033134,0.20785113303563868,0.0015680103118546835,147.70992312642784,3.287912206115964,0.0037907488078247702
5.755,2.397298883070445,757.7259103418265,0.20785824876787473,0.001562938818920042,147.7153192164881,3.2825170848274574,0.0037860920631441245
5.76,2.3985298550185763,757.7272384985062,0.2078653330864075,0.0015578896865469805,147.7206929756121,3.277134052242099,0.0037814389132858513
5.765,2.3997648328003813,757.7285678209461,0.20787238613964365,0.001552862808934952,147.72604449921454,3.271763070428291,0.0037767893678987145
5.7700000000000005,2.401003767661537,757.7298982566942,0.20787940807558578,0.0015478580805707372,147.73137388241554,3.2664041015072782,0.003772143436546956
5.775,2.402246610691458,757.7312297532541,0.2078863990418295,0.001542875396230647,147.73668122003892,3.261057107654387,0.003767501128710592
5.78,2.403493312825302,757.7325622580871,0.20789335918556143,0.0015379146509818947,147.74196660661104,3.2557220510999283,0.0037628624537857204
5.785,2.404743824845834,757.7338957186146,0.2079002886535561,0.0015329757401847238,147.7472301363591,3.25039889413041,0.003758227421084821
5.79,2.4059980973854405,757.7352300822199,0.20790718759217425,0.0015280585594937203,147.75247190321008,3.245087599089414,0.003753596039837068
5.795,2.4072560809280072,757.7365652962508,0.2079140561473599,0.0015231630048598622,147.75769200078918,3.239788128378777,0.0037489683191886274
5.8,2.4085177258109454,757.7379013080207,0.20792089446463843,0.001518288972531769,147.76289052241884,3.2345004444594405,0.003744344268202974
5.805,2.409782982227083,757.7392380648116,0.2079277026891141,0.0015134363590576779,147.76806756111708,3.2292245098526022,0.0037397238958611885
5.8100000000000005,2.4110518002266987,757.740575513876,0.20793448096546802,0.0015086050612866287,147.77322320959672,3.223960287140538,0.0037351072110622776
5.815,2.4123241297194253,757.7419136024383,0.20794122943795576,0.0015037949763703718,147.7783575602638,3.218707738967727,0.003730494222623474
5.82,2.4135999204762975,757.743252277698,0.2079479482504056,0.0014990060017644844,147.78347070521679,3.2134668280416463,0.003725884939280553
5.825,2.414879122131666,757.7445914868306,0.20795463754621596,0.0014942380352302098,147.78856273624515,3.2082375171338615,0.0037212793696881365
5.83,2.4161616841852513,757.7459311769906,0.207961297468354,0.0014894909748355135,147.79363374482858,3.2030197690808,0.003716677522420013
5.835,2.4174475560040753,757.747271295313,0.20796792815935303,0.0014847647189568497,147.79868382213567,3.197813546784815,0.0037120794059694404
5.84,2.4187366868245213,757.7486117889159,0.20797452976131106,0.0014800591662801573,147.8037130590232,3.192618813214927,0.0037074850287494676
5.845,2.420029025754276,757.7499526049022,0.20798110241588857,0.0014753742158025555,147.80872154603483,3.18743553140786,0.00370289439909324
5.8500000000000005,2.421324521774402,757.7512936903615,0.20798764626430713,0.0014707097668332806,147.81370937340054,3.1822636644687603,0.003698307525254319
5.855,2.4226231237412903,757.7526349923729,0.20799416144734695,0.0014660657189953146,147.8186766310353,3.177103175572205,0.0036937244154069933
5.86,2.4239247803887367,757.7539764580064,0.20800064810534583,0.001461441972226259,147.82362340853854,3.171954027962889,0.003689145077646596
5.865,2.4252294403299124,757.7553180343252,0.20800710637819694,0.0014568384267798964,147.82854979519308,3.1668161849566085,0.003684569519989816
5.87,2.426537052059446,757.7566596683879,0.2080135364053475,0.0014522549832270072,147.83345587996456,3.1616896099409266,0.0036799977503750186
5.875,2.427847563955401,757.7580013072505,0.20801993832579693,0.001447691542456864,147.83834175150025,3.156574266376123,0.003675429776662559
5.88,2.429160924281371,757.7593428979688,0.2080263122780955,0.001443148005677991,147.84320749812883,3.151470117795837,0.0036708656066351004
5.885,2.4304770811884673,757.7606843875997,0.2080326584003426,0.0014386242744195911,147.84805320785915,3.1463771278079906,0.0036663052479979294
5.89,2.431795982717418,757.7620257232039,0.20803897683018543,0.0014341202505322498,147.85287896838,3.1412952600954065,0.003661748708379276
5.8950000000000005,2.4331175768005684,757.7633668518481,0.2080452677048174,0.0014296358361892952,147.85768486705905,3.1362244784167,0.003657195995330628
5.9,2.4344418112639854,757.7647077206067,0.20805153116097697,0.0014251709338874519,147.8624709909426,3.1311647466068795,0.0036526471163270554
5.905,2.4357686338294715,757.7660482765638,0.20805776733494594,0.0014207254464481305,147.8672374267547,3.1261160285782066,0.0036481020787675214
5.91,2.4370979921166733,757.7673884668159,0.20806397636254856,0.0014162992770180272,147.87198426089674,3.1210782883207697,0.0036435608899752065
5.915,2.4384298336451042,757.7687282384733,0.20807015837914983,0.0014118923290703546,147.8767115794468,3.116051489903325,0.003639023557197825
5.92,2.439764105836263,757.7700675386627,0.20807631351965472,0.0014075045064053842,147.88141946815927,3.1110355974738417,0.003634490087607947
5.925,2.441100756015663,757.7714063145291,0.2080824419185065,0.001403135713151616,147.8861080124642,3.1060305752603163,0.003629960488303315
5.93,2.442439731414955,757.7727445132376,0.20808854370968607,0.0013987858537662687,147.89077729746717,3.101036387571295,0.0036254347663071673
5.9350000000000005,2.4437809791739706,757.774082081976,0.20809461902671036,0.001394454833036386,147.89542740794846,3.096052998796663,0.0036209129285685528
5.94,2.445124446342848,757.7754189679563,0.2081006680026318,0.0013901425560792799,147.900058428363,3.091080373408145,0.00361639498196266
5.945,2.446470079884083,757.7767551184174,0.20810669077003668,0.0013858489283435714,147.90467044283977,3.0861184759600637,0.0036118809332911267
5.95,2.447817826674663,757.7780904806268,0.2081126874610448,0.001381573855609583,147.9092635351817,3.0811672710898197,0.0036073707892823694
5.955,2.4491676335081247,757.7794250018826,0.2081186582073079,0.0013773172439903248,147.91383778886507,3.0762267235186274,0.0036028645565918983
5.96,2.4505194470966924,757.7807586295161,0.2081246031400093,0.0013730789999318353,147.91839328703955,3.0712967980519705,0.003598362241802642
5.965,2.451873214073345,757.7820913108931,0.20813052238986254,0.0013688590302141067,147.9229301125277,3.066377459580312,0.0035938638514252663
5.97,2.45322888099396,757.7834229934166,0.20813641608711092,0.0013646572419513802,147.9274483478249,3.061468673079529,0.0035893693918984952
5.9750000000000005,2.454586394339387,757.7847536245287,0.2081422843615264,0.0013604735425930127,147.931948075099,3.0565704036115946,0.003584878869589432
5.98,2.4559457005175944,757.7860831517124,0.20814812734240914,0.0013563078399237251,147.93642937619038,3.0516826163249973,0.0035803922907938824
5.985,2.4573067458657536,757.7874115224943,0.20815394515858635,0.0013521600420644115,147.9408923326115,3.0468052764553932,0.0035759096617366723
5.99,2.4586694766523887,757.7887386844459,0.2081597379384121,0.0013480300574723408,147.94533702554713,3.0419383493260037,0.0035714309885719704
5.995,2.460033839079466,757.7900645851862,0.2081655058097662,0.0013439177949419122,147.94976353585392,3.0370818003482487,0.00356695627738361
6.0,2.461399779284551,757.7913891723837,0.20817124890005398,0.0013398231636048115,147.9541719440606,3.032235595022118,0.003562485534185409
6.005,2.462767243342901,757.792712393758,0.20817696733620522,0.0013357460729307093,147.95856233036773,3.027399698936783,0.0035580187649214895
6.01,2.464136177269626,757.7940341970829,0.2081826612446742,0.0013316864327273757,147.96293477464786,3.022574077770949,0.0035535559754666024
6.015000000000001,2.4655065270217915,757.7953545301872,0.20818833075143853,0.0013276441531413236,147.96728935644535,3.0177586972934396,0.0035490971716264433
6.0200000000000005,2.466878238500578,757.7966733409573,0.20819397598199926,0.001323619144657882,147.97162615497663,3.012953523363534,0.0035446423591379795
6.025,2.468251257553391,757.79799057734,0.20819959706137994,0.0013196113181017841,147.97594524912992,3.008158521931523,0.003540191543669763
6.03,2.469625529976026,757.7993061873431,0.20820519411412658,0.0013156205846371989,147.9802467174658,3.0033736590390285,0.0035357447308222564
6.035,2.4710010015147814,757.8006201190385,0.20821076726430693,0.0013116468557682693,147.98453063821677,2.9985989008195397,0.0035313019261281517
6.04,2.472377617868625,757.8019323205641,0.20821631663551046,0.001307690043339102,147.9887970892878,2.9938342134987073,0.003526863135052688
6.045,2.4737553246913158,757.8032427401255,0.20822184235084767,0.0013037500595342547,147.99304614825616,2.9890795633948635,0.0035224283629939758
6.05,2.4751340675935705,757.8045513259984,0.20822734453295025,0.0012998268168786856,147.9972778923719,2.9843349169192943,0.003517997615283312
6.055,2.4765137921451887,757.8058580265305,0.20823282330397028,0.001295920228238191,148.00149239855767,2.9796002405767354,0.0035135708971855027
6.0600000000000005,2.477894443877226,757.8071627901431,0.20823827878558052,0.001292030206819316,148.00568974340936,2.974875500965628,0.00350914821389918
6.065,2.479275968284119,757.8084655653344,0.20824371109897374,0.0012881566661697456,148.009870003196,2.970160664778597,0.0035047295705571257
6.07,2.4806583108258606,757.8097663006797,0.20824912036486307,0.0012842995201781738,148.01403325386013,2.965455698802681,0.003500314972226582
6.075,2.482041416930134,757.8110649448352,0.20825450670348128,0.0012804586830746471,148.01817957101815,2.9607605699197914,0.0034959044239095756
6.08,2.4834252319944827,757.8123614465387,0.20825987023458123,0.0012766340694304015,148.02230902996052,2.9560752451069296,0.003491497930543235
6.085,2.484809701388451,757.8136557546127,0.2082652110774353,0.001272825594158154,148.02642170565213,2.95139969143662,0.003487095497000108
6.09,2.486194770455758,757.8149478179655,0.2082705293508358,0.0012690331725119053,148.0305176727326,2.9467338760771105,0.0034826971280884776
6.095,2.4875803845164373,757.8162375855937,0.20827582517309443,0.0012652567200871871,148.03459700551667,2.942077766292787,0.0034783028285526813
6.1000000000000005,2.4889664888690115,757.8175250065841,0.20828109866204284,0.0012614961528208274,148.03865977799467,2.9374313294443533,0.0034739126030734254
6.105,2.4903530287926388,757.8188100301157,0.20828634993503217,0.001257751386991156,148.0427060638327,2.9327945329892295,0.0034695264562681063
6.11,2.4917399495492845,757.8200926054619,0.20829157910893353,0.0012540223392177347,148.04673593637327,2.928167344481715,0.003465144392691119
6.115,2.493127196385873,757.8213726819922,0.2082967863001377,0.0012503089264615165,148.0507494686356,2.9235497315733596,0.00346076641683418
6.12,2.4945147145364563,757.8226502091743,0.20830197162455563,0.0012466110660245466,148.0547467333162,2.9189416620131206,0.003456392533126637
6.125,2.4959024492243693,757.8239251365761,0.20830713519761818,0.0012429286755500778,148.05872780278918,2.9143431036477088,0.003452022745935788
6.13,2.4972903456644002,757.8251974138681,0.20831227713427664,0.0012392616730222384,148.06269274910696,2.9097540244217295,0.003447657059567191
6.135,2.4986783490649453,757.8264669908243,0.20831739754900264,0.0012356099767661067,148.06664164400053,2.905174392378011,0.0034432954782649835
6.140000000000001,2.50006640463018,757.8277338173255,0.20832249655578863,0.0012319735054473477,148.07057455888022,2.9006041756577297,0.00343893800621219
6.1450000000000005,2.501454457562213,757.8289978433603,0.20832757426814794,0.0012283521780722482,148.0744915648361,2.8960433425007213,0.003434584647531042
6.15,2.5028424530632587,757.8302590190276,0.20833263079911507,0.0012247459139873218,148.07839273263863,2.8914918612455867,0.0034302354062832824
6.155,2.504230336337795,757.8315172945385,0.208337666261246,0.0012211546328793027,148.08227813273913,2.886949700329987,0.003425890286470484
6.16,2.505618052594729,757.8327726202178,0.2083426807666186,0.0012175782547747254,148.08614783527054,2.8824168282907374,0.0034215492920343575
6.165,2.507005547049558,757.8340249465067,0.20834767442683277,0.001214016700039878,148.09000191004782,2.877893213764079,0.0034172124268570647
6.17,2.5083927649265343,757.8352742239643,0.208352647353011,0.001210469889380353,148.09384042656887,2.873378825485764,0.0034128796947615254
6.175,2.5097796514608275,757.8365204032698,0.20835759965579864,0.001206937743840964,148.0976634540149,2.868873632291305,0.0034085510995117336
6.18,2.5111661519006847,757.8377634352237,0.20836253144536437,0.0012034201848052685,148.10147106125132,2.8643776031160466,0.003404226644813059
6.1850000000000005,2.512552211509594,757.8390032707509,0.20836744283140046,0.0011999171339954465,148.10526331682817,2.859890706995401,0.0033999063343125623
6.19,2.5139377755684444,757.8402398609019,0.2083723339231236,0.0011964285134718011,148.1090402889811,2.8554129130649035,0.0033955901715993
6.195,2.515322789377687,757.8414731568548,0.2083772048292749,0.0011929542456325976,148.11280204563184,2.850944190560432,0.0033912781602046345
6.2,2.516707198259493,757.8427031099176,0.20838205565812082,0.0011894942532135373,148.11654865438905,2.8464845088182464,0.0033869703036025363
6.205,2.518090947559914,757.8439296715294,0.2083868865174533,0.0011860484592875658,148.12028018254907,2.8420338372751957,0.0033826666052098977
6.21,2.519473982651037,757.8451527932633,0.20839169751459063,0.0011826167872643206,148.12399669709657,2.837592145468742,0.0033783670683868315
6.215,2.520856248933147,757.8463724268274,0.20839648875637773,0.0011791991608899042,148.1276982647054,2.833159403037151,0.0033740716964369825
6.22,2.5222376918368727,757.8475885240672,0.20840126034918705,0.001175795504246309,148.1313849517394,2.828735579719507,0.0033697804926078262
6.2250000000000005,2.5236182568253533,757.8488010369674,0.20840601239891873,0.001172405741751157,148.13505682425307,2.824320645355882,0.003365493460090977
6.23,2.5249978893963774,757.8500099176538,0.20841074501100168,0.0011690297981571034,148.13871394799253,2.8199145698873442,0.0033612106020224903
6.235,2.5263765350845486,757.851215118395,0.20841545829039385,0.0011656675985515417,148.1423563883962,2.8155173233561075,0.003356931921483166
6.24,2.5277541394634238,757.8524165916048,0.2084201523415831,0.0011623190683559854,148.14598421059577,2.8111288759055286,0.0033526574214988456
6.245,2.5291306481476727,757.8536142898436,0.20842482726858777,0.0011589841333257444,148.14959747941685,2.8067491977802437,0.003348387105040722
6.25,2.5305060067952128,757.8548081658201,0.20842948317495746,0.0011556627195492837,148.1531962593801,2.802378259326152,0.0033441209750256318
6.255,2.531880161109369,757.855998172394,0.20843412016377358,0.0011523547534478696,148.15678061470186,2.7980160309905386,0.003339859034316361
6.26,2.533253056841002,757.857184262577,0.20843873833765034,0.0011490601617749083,148.16035060929514,2.793662483322047,0.00333560128572194
6.265000000000001,2.5346246397906658,757.8583663895351,0.20844333779873517,0.0011457788716155617,148.1639063067705,2.7893175869707862,0.0033313477319979476
6.2700000000000005,2.535994855810729,757.8595445065905,0.20844791864870976,0.0011425108103860692,148.16744777043704,2.7849813126882936,0.0033270983758468013
6.275,2.5373636508075332,757.8607185672229,0.20845248098879066,0.0011392559058333318,148.17097506330305,2.7806536313276293,0.0033228532199180622
6.28,2.538730970743509,757.861888525072,0.2084570249197302,0.0011360140860342154,148.17448824807732,2.7763345138433237,0.003318612266808723
6.285,2.5400967616393264,757.8630543339393,0.20846155054181717,0.0011327852793951096,148.17798738716974,2.772023931291464,0.003314375519063513
6.29,2.541460969576009,757.8642159477891,0.20846605795487774,0.001129569414651211,148.1814725426924,2.7677218548296283,0.0033101429791751835
6.295,2.542823540697082,757.8653733207516,0.2084705472582763,0.0011263664208660564,148.18494377646059,2.763428255716958,0.0033059146495848105
6.3,2.5441844212106752,757.8665264071233,0.2084750185509163,0.0011231762274307876,148.1884011499937,2.7591431053140854,0.00330169053268208
6.305,2.5455435573916727,757.8676751613701,0.20847947193124106,0.0011199987640636597,148.19184472451616,2.7548663750831905,0.0032974706308055877
6.3100000000000005,2.5469008955838075,757.8688195381284,0.20848390749723475,0.0011168339608092885,148.19527456095852,2.750598036587919,0.0032932549462431236
6.315,2.5482563822018047,757.8699594922068,0.20848832534642325,0.0011136817480381354,148.19869071995845,2.746338061493428,0.003289043481231973
6.32,2.549609963733473,757.8710949785883,0.20849272557587512,0.001110542056445737,148.2020932618616,2.7420864215662926,0.0032848362379591933
6.325,2.550961586741842,757.8722259524317,0.20849710828220233,0.0011074148170521656,148.2054822467228,2.7378430886745413,0.003280633218561916
6.33,2.552311197867245,757.8733523690738,0.2085014735615615,0.0011042999612012466,148.20885773430703,2.7336080347875535,0.0032764344251276275
6.335,2.553658743829455,757.8744741840309,0.2085058215096547,0.0011011974205599926,148.2122197840903,2.7293812319760806,0.0032722398596944603
6.34,2.555004171429757,757.8755913530002,0.2085101522217303,0.0010981071271178072,148.215568455261,2.725162652412138,0.0032680495242514763
6.345,2.5563474275530798,757.8767038318626,0.20851446579258417,0.0010950290131858977,148.2189038067206,2.7209522683690124,0.0032638634207389603
6.3500000000000005,2.557688459170061,757.8778115766831,0.20851876231656066,0.001091963011396463,148.22222589708494,2.716750052221146,0.003259681551048695
6.355,2.5590272133391725,757.8789145437138,0.20852304188755338,0.001088909054702088,148.22553478468532,2.712555976444133,0.003255503917024257
6.36,2.5603636372087792,757.8800126893944,0.20852730459900645,0.0010858670763749154,148.22883052756936,2.708370013614597,0.003251330520461289
6.365,2.5616976780192573,757.8811059703552,0.20853155054391545,0.0010828370100060185,148.23211318350224,2.704192136410171,0.0032471613631077927
6.37,2.563029283105043,757.8821943434177,0.20853577981482846,0.0010798187895045635,148.23538280996783,2.700022317609373,0.0032429964466644014
6.375,2.564358399896749,757.8832777655972,0.20853999250384705,0.0010768123490971604,148.23863946416958,2.6958605300915743,0.0032388357727846707
6.38,2.565684975923199,757.8843561941037,0.20854418870262756,0.0010738176233270143,148.2418832030319,2.6917067468368647,0.0032346793430753492
6.385,2.5670089588135427,757.8854295863441,0.2085483685023819,0.001070834547053255,148.24511408320097,2.687560940926013,0.0032305271590966677
6.390000000000001,2.5683302962992807,757.886497899924,0.20855253199387883,0.00106786305545008,148.24833216104608,2.683423085540323,0.0032263792223626063
6.3950000000000005,2.5696489362163666,757.8875610926489,0.2085566792674449,0.0010649030840060643,148.25153749266065,2.6792931539615883,0.0032222355343411854
6.4,2.5709648265072307,757.8886191225259,0.20856081041296579,0.0010619545685232913,148.25473013386338,2.6751711195719365,0.003218096096454729
6.405,2.5722779152228723,757.8896719477661,0.20856492551988717,0.0010590174451166462,148.2579101401994,2.6710569558537736,0.003213960910080152
6.41,2.5735881505248694,757.8907195267855,0.20856902467721603,0.0010560916502129374,148.26107756694137,2.6669506363896263,0.003209829976549225
6.415,2.574895480687469,757.8917618182065,0.2085731079735216,0.0010531771205501718,148.2642324690906,2.662852134862075,0.0032057032971488588
6.42,2.5761998540995843,757.8927987808604,0.20857717549693675,0.0010502737931766665,148.26737490137828,2.6587614250535885,0.0032015808731213676
6.425,2.577501219266878,757.8938303737883,0.20858122733515894,0.001047381605450309,148.2705049182666,2.654678480846448,0.003197462705664751
6.43,2.5787995248137485,757.8948565562431,0.2085852635754515,0.0010445004950376592,148.27362257394987,2.6506032762225775,0.003193348795932955
6.4350000000000005,2.5800947194854063,757.8958772876907,0.20858928430464474,0.0010416303999131928,148.2767279223557,2.6465357852634566,0.0031892391450361523
6.44,2.5813867521498475,757.896892527812,0.20859328960913712,0.001038771258358399,148.27982101714622,2.642475982149947,0.0031851337540410056
6.445,2.5826755717999235,757.8979022365045,0.20859727957489654,0.0010359230089610047,148.2829019117192,2.638423841162195,0.003181032623970941
6.45,2.583961127555303,757.8989063738835,0.20860125428746135,0.0010330855906140635,148.28597065920923,2.6343793366794532,0.0031769357558064076
6.455,2.5852433686645346,757.8999049002841,0.20860521383194175,0.0010302589425151712,148.28902731248888,2.630342443179976,0.0031728431504851563
6.46,2.586522244506993,757.9008977762625,0.2086091582930209,0.0010274430041655434,148.29207192416996,2.6263131352408324,0.0031687548089024934
6.465,2.5877977045949354,757.9018849625978,0.20861308775495607,0.001024637715369217,148.29510454660465,2.6222913875377976,0.0031646707319115575
6.47,2.589069698575439,757.9028664202932,0.20861700230158012,0.0010218430162321243,148.29812523188662,2.6182771748451574,0.0031605909203235717
6.4750000000000005,2.5903381762324433,757.9038421105779,0.20862090201630232,0.0010190588471612784,148.3011340318524,2.614270472035593,0.0031565153749081175
6.48,2.591603087488677,757.9048119949084,0.20862478698211007,0.0010162851488638431,148.30413099808248,2.610271254079984,0.0031524440963933897
6.485,2.5928643824076922,757.9057760349701,0.20862865728156968,0.0010135218623463047,148.30711618190242,2.60627949604728,0.003148377085466462
6.49,2.5941220111957786,757.9067341926791,0.20863251299682797,0.0010107689289135355,148.31008963438427,2.6022951731043005,0.0031443143427735435
6.495,2.5953759242039864,757.9076864301829,0.20863635420961338,0.001008026290167957,148.31305140634754,2.598318260515602,0.003140255868920243
6.5,2.5966260719300274,757.9086327098629,0.2086401810012372,0.0010052938880085948,148.31600154836065,2.5943487336432707,0.0031362016644718212
6.505,2.597872405020291,757.9095729943353,0.2086439934525949,0.0010025716646302322,148.3189401107419,2.590386567946785,0.003132151729953457
6.51,2.599114874271728,757.9105072464525,0.20864779164416747,0.000999859562522461,148.3218671435608,2.5864317389828013,0.0031281060658504937
6.515000000000001,2.6003534306338603,757.9114354293051,0.20865157565602246,0.0009971575244688221,148.32478269663937,2.5824842224050104,0.0031240646726087037
6.5200000000000005,2.601588025210648,757.9123575062227,0.20865534556781556,0.0009944654935458558,148.32768681955324,2.578543993963924,0.0031200275506345376
6.525,2.60281860926249,757.913273440776,0.20865910145879168,0.0009917834131222293,148.33057956163282,2.574611029506716,0.0031159947002953824
6.53,2.6040451342080786,757.9141831967777,0.20866284340778635,0.000989111226857783,148.3334609719647,2.5706853049770113,0.003111966121919807
6.535,2.6052675516263863,757.9150867382842,0.20866657149322693,0.0009864488787026515,148.3363310993928,2.5667667964147194,0.003107941815797825
6.54,2.6064858132585087,757.915984029597,0.20867028579313399,0.0009837963128963036,148.33918999251947,2.562855479955819,0.0031039217821811345
6.545,2.6076998710096375,757.9168750352641,0.20867398638512263,0.0009811534739666565,148.34203769970688,2.5589513318321884,0.003099906021283377
6.55,2.6089096769508924,757.9177597200813,0.20867767334640372,0.0009785203067291118,148.3448742690782,2.5550543283713822,0.0030958945332803787
6.555,2.610115183321281,757.9186380490942,0.20868134675378522,0.0009758967562856608,148.34769974851872,2.5511644459964593,0.003091887318310407
6.5600000000000005,2.6113163425295136,757.9195099875982,0.20868500668367354,0.0009732827680239189,148.35051418567727,2.5472816612257536,0.003087884376474407
6.565,2.612513107155955,757.9203755011415,0.20868865321207486,0.0009706782876162244,148.35331762796733,2.543405950672701,0.0030838857078362616
6.57,2.6137054299544236,757.9212345555254,0.20869228641459642,0.0009680832610186681,148.35611012256828,2.5395372910456033,0.0030798913124230214
6.575,2.6148932638541282,757.9220871168061,0.2086959063664479,0.0009654976344701851,148.35889171642663,2.535675659147449,0.003075901190225162
6.58,2.616076561961457,757.9229331512955,0.20869951314244267,0.0009629213544915848,148.36166245625728,2.5318210318756784,0.003071915341196816
6.585,2.617255277561897,757.9237726255636,0.2087031068169992,0.0009603543678846347,148.36442238854465,2.5279733862219955,0.0030679337652560275
6.59,2.618429364121808,757.9246055064389,0.20870668746414242,0.0009577966217310886,148.36717155954412,2.5241326992721347,0.0030639564622849795
6.595,2.6195987752903336,757.9254317610096,0.2087102551575049,0.0009552480633917646,148.369910015283,2.5202989482056632,0.0030599834321302487
6.6000000000000005,2.620763464901154,757.9262513566259,0.20871380997032843,0.0009527086405055719,148.37263780156195,2.5164721102957466,0.003056014674603032
6.605,2.6219233869743874,757.9270642609005,0.20871735197546515,0.0009501783009885844,148.37535496395617,2.5126521629089513,0.003052050189479397
6.61,2.623078495718326,757.9278704417097,0.20872088124537902,0.0009476569930330651,148.37806154781654,2.5088390835050003,0.0030480899765005067
6.615,2.624228745531323,757.9286698671956,0.2087243978521471,0.0009451446651065343,148.38075759827106,2.5050328496365744,0.003044134035372869
6.62,2.6253740910035126,757.9294625057663,0.208727901867461,0.0009426412659507952,148.38344316022585,2.5012334389490682,0.0030401823657685598
6.625,2.6265144869186847,757.9302483260981,0.2087313933626281,0.0009401467445809964,148.3861182783665,2.4974408291803845,0.0030362349673254702
6.63,2.6276498882559878,757.931027297136,0.20873487240857302,0.0009376610502846576,148.38878299715924,2.4936549981606886,0.0030322918396475276
6.635,2.628780250191788,757.9317993880953,0.2087383390758389,0.0009351841326207276,148.39143736085225,2.4898759238121997,0.0030283529823049407
6.640000000000001,2.6299055281013564,757.9325645684629,0.2087417934345888,0.0009327159414186099,148.39408141347687,2.486103584148941,0.0030244183948344183
6.6450000000000005,2.6310256775607135,757.9333228079983,0.20874523555460694,0.0009302564267772187,148.3967151988487,2.482337957276531,0.003020488076739415
6.65,2.6321406543483006,757.9340740767344,0.20874866550530036,0.0009278055390640024,148.399338760569,2.4785790213919303,0.003016562027490345
6.655,2.6332504144468083,757.9348183449798,0.20875208335569992,0.0009253632289139964,148.40195214202583,2.474826754783226,0.003012640246524825
6.66,2.63435491404483,757.9355555833191,0.20875548917446188,0.0009229294472288499,148.40455538639523,2.471081135829381,0.0030087227332478905
6.665,2.6354541095386774,757.9362857626143,0.2087588830298692,0.0009205041451758737,148.40714853664247,2.467342143000014,0.003004809487032234
6.67,2.6365479575340136,757.9370088540057,0.20876226498983289,0.0009180872741870681,148.40973163552334,2.4636097548551477,0.003000900507218419
6.675,2.637636414847657,757.9377248289136,0.2087656351218934,0.0009156787859581683,148.4123047255853,2.4598839500449854,0.002996995793115118
6.68,2.638719438509196,757.9384336590389,0.20876899349322198,0.0009132786324476749,148.4148678491687,2.4561647073096555,0.0029930953439993215
6.6850000000000005,2.6397969857627737,757.9391353163645,0.20877234017062202,0.0009108867658758948,148.417421048408,2.452452005478988,0.0029891991591165772
6.69,2.6408690140686866,757.9398297731566,0.20877567522053048,0.0009085031387239755,148.41996436523294,2.4487458234722594,0.0029853072376811994
6.695,2.641935481105155,757.9405170019652,0.20877899870901914,0.000906127703732943,148.42249784136988,2.4450461402979613,0.0029814195788764983
6.7,2.642996344769903,757.9411969756259,0.208782310701796,0.0009037604139027368,148.42502151834282,2.4413529350535454,0.0029775361818549922
6.705,2.644051563181911,757.9418696672602,0.20878561126420683,0.0009014012224912493,148.4275354374748,2.4376661869251945,0.0029736570457386375
6.71,2.6451010946829774,757.9425350502772,0.20878890046123616,0.000899050083013361,148.4300396398889,2.433985875187561,0.002969782169619036
6.715,2.6461448978394566,757.9431930983746,0.20879217835750896,0.0008967069492399785,148.4325341665096,2.430311979203537,0.0029659115525576614
6.72,2.647182931443801,757.9438437855396,0.20879544501729197,0.0008943717751970731,148.43501905806394,2.4266444784239942,0.0029620451935860673
6.7250000000000005,2.6482151545162824,757.9444870860493,0.20879870050449487,0.0008920445151647172,148.4374943550827,2.4229833523875475,0.0029581830917061115
6.73,2.6492415263065126,757.9451229744731,0.20880194488267184,0.0008897251236761266,148.43996009790146,2.419328580720299,0.002954325245890163
6.735,2.6502620062951503,757.9457514256726,0.20880517821502279,0.0008874135555166949,148.44241632666208,2.415680143135596,0.0029504716550813226
6.74,2.6512765541954044,757.9463724148029,0.2088084005643948,0.0008851097657230394,148.44486308131366,2.412038019433773,0.002946622318193625
6.745,2.6522851299547194,757.9469859173139,0.20881161199328346,0.000882813709582036,148.44730040161377,2.4084021895019125,0.002942777234112264
6.75,2.6532876937562615,757.9475919089506,0.20881481256383416,0.000880525342629867,148.44972832712966,2.404772633313585,0.002938936401693791
6.755,2.654284206020587,757.9481903657548,0.20881800233784362,0.0008782446206510572,148.45214689723946,2.4011493309286056,0.002935099819766336
6.76,2.655274627407106,757.9487812640657,0.20882118137676095,0.0008759714996775241,148.45455615113323,2.3975322624927737,0.002931267487129804
6.765000000000001,2.6562589188157366,757.9493645805208,0.2088243497416894,0.0008737059359876145,148.45695612781435,2.3939214082376306,0.002927439402556095
6.7700000000000005,2.657237041388347,757.9499402920566,0.20882750749338727,0.0008714478861051596,148.45934686610042,2.3903167484801995,0.0029236155647893026
6.775,2.658208956510389,757.9505083759103,0.20883065469226966,0.0008691973067985107,148.46172840462464,2.386718263622737,0.0029197959725459264
6.78,2.659174625812325,757.95106880962,0.20883379139840955,0.0008669541550795975,148.4641007818369,2.3831259341524755,0.002915980624515069
6.785,2.660134011171242,757.9516215710256,0.20883691767153928,0.0008647183882029665,148.4664640360049,2.3795397406413743,0.00291216951935865
6.79,2.6610870747122526,757.9521666382702,0.20884003357105185,0.0008624899636648427,148.46881820521534,2.3759596637458604,0.0029083626557116
6.795,2.6620337788100974,757.9527039898004,0.20884313915600228,0.0008602688392021693,148.47116332737508,2.37238568420658,0.0029045600321820726
6.8,2.6629740860905224,757.9532336043676,0.2088462344851089,0.0008580549727916722,148.47349944021224,2.3688177828481356,0.002900761647351634
6.805,2.6639079594318633,757.9537554610284,0.20884931961675476,0.0008558483226489025,148.47582658127743,2.3652559405788414,0.0028969674997754774
6.8100000000000005,2.6648353619664022,757.954269539146,0.20885239460898897,0.000853648847227305,148.47814478794479,2.361700138390456,0.0028931775879826073
6.815,2.6657562570819304,757.9547758183904,0.20885545951952797,0.0008514565052172627,148.48045409741314,2.35815035735794,0.0028893919104760546
6.82,2.666670608423088,757.9552742787397,0.20885851440575692,0.0008492712555451692,148.48275454670724,2.3546065786391885,0.002885610465733059
6.825,2.667578379892904,757.9557649004807,0.208861559324731,0.0008470930573724744,148.48504617267866,2.351068783474784,0.002881833252205278
6.83,2.668479535654116,757.9562476642096,0.20886459433317675,0.0008449218700947631,148.4873290120072,2.347536953187734,0.0028780602683189725
6.835,2.6693740401306925,757.9567225508329,0.2088676194874934,0.000842757653340802,148.48960310120177,2.34401106918322,0.002874291512475212
6.84,2.670261858009128,757.9571895415679,0.20887063484375423,0.0008406003669716234,148.49186847660167,2.3404911129483383,0.0028705269830500593
6.845,2.671142954239947,757.9576486179441,0.20887364045770782,0.0008384499710795744,148.49412517437767,2.336977066051845,0.0028667666783947724
6.8500000000000005,2.672017294038979,757.958099761803,0.20887663638477935,0.0008363064259874045,148.49637323053292,2.333468910143899,0.0028630105968359874
6.855,2.6728848428888377,757.9585429552999,0.20887962268007207,0.0008341696922473196,148.4986126809044,2.329966626955808,0.002859258736675921
6.86,2.673745566540179,757.9589781809035,0.20888259939836848,0.0008320397306400729,148.50084356116363,2.3264701982997678,0.00285551109619255
6.865,2.67459943101316,757.9594054213974,0.20888556659413163,0.000829916502174021,148.5030659068181,2.3229796060686114,0.002851767673639809
6.87,2.6754464025986704,757.9598246598805,0.2088885243215065,0.0008277999680842226,148.50527975321222,2.319494832235548,0.0028480284672477733
6.875,2.6762864478597757,757.9602358797675,0.20889147263432137,0.000825690089831496,148.50748513552833,2.3160158588539104,0.0028442934752228527
6.88,2.677119533632922,757.9606390647901,0.20889441158608885,0.0008235868291015221,148.5096820887879,2.3125426680568966,0.0028405626957479723
6.885,2.677945627029363,757.961034198997,0.20889734123000753,0.0008214901478039069,148.51187064785256,2.3090752420573155,0.0028368361269827647
6.890000000000001,2.678764695436341,757.9614212667548,0.20890026161896302,0.0008194000080712886,148.51405084742515,2.3056135631473302,0.0028331137670637475
6.8950000000000005,2.6795767065184903,757.9618002527488,0.20890317280552934,0.0008173163722584048,148.5162227220508,2.302157613698203,0.002829395614104518
6.9,2.680381628218998,757.9621711419834,0.20890607484197024,0.0008152392029412033,148.518386306118,2.29870737616004,0.002825681666195925
6.905,2.681179428760985,757.9625339197828,0.2089089677802404,0.0008131684629159134,148.52054163385966,2.295262833061534,0.002821971921406261
6.91,2.6819700766486463,757.9628885717915,0.20891185167198684,0.0008111041151981637,148.52268873935412,2.2918239670097127,0.002818266377781437
6.915,2.6827535406686076,757.9632350839748,0.20891472656855,0.0008090461230220553,148.52482765652627,2.2883907606896803,0.002814565033345169
6.92,2.6835297898910437,757.9635734426198,0.20891759252096528,0.0008069944498392863,148.52695841914849,2.284963196864365,0.002810867886099152
6.925,2.6842987936710165,757.9639036343351,0.20892044957996408,0.0008049490593182282,148.52908106084183,2.2815412583742645,0.0028071749340232454
6.93,2.6850605216495635,757.9642256460525,0.2089232977959752,0.0008029099153430565,148.53119561507685,2.2781249281371916,0.002803486175075645
6.9350000000000005,2.6858149437550214,757.9645394650263,0.20892613721912612,0.0008008769820128308,148.53330211517485,2.2747141891480203,0.0027998016071930656
6.94,2.6865620302040862,757.9648450788346,0.20892896789924412,0.0007988502236406325,148.53540059430873,2.271309024478433,0.002796121228290914
6.945,2.6873017515031155,757.9651424753798,0.20893178988585767,0.0007968296047526475,148.5374910855041,2.267909417276666,0.0027924450362634672
6.95,2.6880340784491694,757.9654316428885,0.2089346032281978,0.0007948150900873091,148.5395736216402,2.264515350767258,0.002788773028984043
6.955,2.6887589821312843,757.9657125699124,0.20893740797519897,0.0007928066445943876,148.54164823545102,2.2611268082507965,0.00278510520430518
6.96,2.6894764339314925,757.9659852453287,0.20894020417550074,0.0007908042334341377,148.54371495952628,2.2577437731036674,0.002781441560058804
6.965,2.690186405526077,757.966249658341,0.20894299187744875,0.0007888078219763923,148.54577382631237,2.2543662287778012,0.0027777820940564075
6.97,2.6908888688865624,757.9665057984784,0.2089457711290961,0.000786817375799716,148.5478248681133,2.2509941588004234,0.002774126804089213
6.9750000000000005,2.691583796280948,757.9667536555974,0.2089485419782045,0.0007848328606905035,148.54986811709182,2.2476275467738023,0.002770475687928351
6.98,2.6922711602746774,757.9669932198813,0.20895130447224555,0.0007828542426421401,148.5519036052703,2.2442663763750006,0.002766828743325025
6.985,2.6929509337318476,757.9672244818414,0.20895405865840203,0.0007808814878541038,148.55393136453168,2.2409106313556215,0.0027631859680106834
6.99,2.693623089816153,757.9674474323167,0.2089568045835689,0.0007789145627311306,148.55595142662062,2.2375602955415648,0.002759547359697183
6.995,2.6942876019920714,757.9676620624746,0.20895954229435487,0.0007769534338823245,148.55796382314418,2.234215352832771,0.0027559129160769627
7.0,2.6949444440257864,757.967868363811,0.2089622718370833,0.0007749980681203269,148.55996858557305,2.2308757872029794,0.0027522826348232027
7.005,2.695593589986349,757.968066328151,0.2089649932577936,0.0007730484324604319,148.56196574524233,2.2275415826994744,0.0027486565135899986
7.01,2.6962350142465725,757.968255947649,0.20896770660224245,0.0007711044941197619,148.56395533335254,2.224212723442842,0.002745034550012516
7.015000000000001,2.6968686914841755,757.9684372147891,0.2089704119159049,0.0007691662205163872,148.56593738097058,2.2208891936267188,0.0027414167417071644
7.0200000000000005,2.6974945966826493,757.968610122385,0.20897310924397555,0.0007672335792685101,148.56791191903065,2.217570977517551,0.0027378030862717532
7.025,2.6981127051323783,757.9687746635813,0.20897579863136995,0.0007653065381935869,148.56987897833508,2.2142580594543406,0.0027341935812856583
7.03,2.6987229924314824,757.9689308318525,0.20897848012272566,0.0007633850653075184,148.57183858955545,2.2109504238484075,0.002730588224309979
7.035,2.6993254344869135,757.9690786210044,0.20898115376240334,0.0007614691288237796,148.57379078323336,2.2076480551831383,0.002726987012887706
7.04,2.6999200075152734,757.9692180251733,0.20898381959448822,0.0007595586971526146,148.57573558978137,2.2043509380137474,0.0027233899445438725
7.045,2.7005066880438853,757.9693490388273,0.208986477662791,0.0007576537389001717,148.577673039484,2.2010590569670274,0.0027197970167857216
7.05,2.7010854529115895,757.9694716567656,0.20898912801084915,0.0007557542228677043,148.57960316249856,2.1977723967411125,0.0027162082271028573
7.055,2.701656279269788,757.969585874119,0.20899177068192817,0.0007538601180507123,148.58152598885593,2.1944909421052285,0.002712623572967409
7.0600000000000005,2.7022191445832155,757.9696916863509,0.2089944057190226,0.0007519713936381483,148.58344154846174,2.1912146778994575,0.002709043051834181
7.065,2.7027740266309612,757.9697890892559,0.20899703316485732,0.0007500880190115656,148.58534987109695,2.187943589034491,0.002705466661140817
7.07,2.703320903507213,757.9698780789614,0.2089996530618886,0.0007482099637443297,148.58725098641898,2.1846776604913947,0.002701894398307946
7.075,2.7038597536222566,757.9699586519272,0.20900226545230538,0.0007463371976007712,148.58914492396238,2.18141687732136,0.002698326260739344
7.08,2.704390555703193,757.9700308049454,0.20900487037803028,0.0007444696905354053,148.59103171313984,2.1781612246454753,0.002694762245822083
7.085,2.704913288794912,757.9700945351408,0.209007467880721,0.0007426074126920899,148.59291138324303,2.1749106876544753,0.0026912023509266876
7.09,2.705427932260787,757.9701498399712,0.2090100580017711,0.0007407503344032503,148.59478396344343,2.171665251608514,0.002687646573407283
7.095,2.7059344657836224,757.970196717227,0.2090126407823115,0.0007388984261890436,148.59664948279317,2.168424901836918,0.0026840949106017513
7.1000000000000005,2.706432869366321,757.9702351650321,0.2090152162632114,0.0007370516587565894,148.59850797022585,2.165189623737955,0.0026805473598318745
7.105,2.7069231233328104,757.9702651818429,0.20901778448507954,0.0007352100029991411,148.60035945455758,2.1619594027785953,0.0026770039184034955
7.11,2.7074052083286824,757.9702867664495,0.20902034548826517,0.0007333734299953213,148.60220396448744,2.158734224494277,0.002673464583606655
7.115,2.7078791053220947,757.9702999179744,0.2090228993128594,0.0007315419110082984,148.6040415285987,2.155514074488668,0.002669929352715749
7.12,2.7083447956043822,757.9703046358742,0.2090254459986961,0.0007297154174850306,148.60587217535945,2.152298938433439,0.002666398222989669
7.125,2.708802260790938,757.9703009199383,0.20902798558535318,0.000727893921055447,148.60769593312335,2.14908880206802,0.0026628711916719576
7.13,2.7092514828217973,757.9702887702892,0.20903051811215367,0.0007260773935316973,148.60951283013065,2.145883651199378,0.0026593482559909435
7.135,2.7096924439624903,757.9702681873831,0.20903304361816671,0.0007242658069073394,148.61132289450885,2.1426834717017744,0.002655829413159898
7.140000000000001,2.710125126804604,757.9702391720091,0.20903556214220886,0.0007224591333565947,148.61312615427343,2.1394882495165426,0.002652314660377169
7.1450000000000005,2.710549514266607,757.9702017252896,0.20903807372284502,0.0007206573452335432,148.61492263732893,2.1362979706518517,0.0026488039948263367
7.15,2.710965589594385,757.9701558486804,0.2090405783983896,0.000718860415071383,148.6167123714694,2.1331126211824776,0.0026452974136763423
7.155,2.711373336362044,757.97010154397,0.20904307620690765,0.0007170683155816312,148.61849538437937,2.1299321872495733,0.0026417949140816444
7.16,2.7117727384724155,757.9700388132804,0.2090455671862159,0.000715281019653392,148.62027170363464,2.126756655060445,0.0026382964931823496
7.165,2.7121637801578347,757.9699676590664,0.20904805137388385,0.0007134985003525615,148.62204135670297,2.1235860108883142,0.002634802148104362
7.17,2.7125464459806206,757.9698880841154,0.20905052880723485,0.0007117207309211021,148.6238043709449,2.120420241072103,0.002631311875959515
7.175,2.7129207208338277,757.9698000915481,0.2090529995233472,0.0007099476847762538,148.62556077361455,2.1172593320161956,0.002627825673845719
7.18,2.713286589941702,757.9697036848175,0.20905546355905513,0.0007081793355098146,148.6273105918602,2.1141032701902227,0.0026243435388470936
7.1850000000000005,2.7136440388604024,757.9695988677092,0.2090579209509501,0.0007064156568873573,148.62905385272532,2.110952042128828,0.0026208654680341093
7.19,2.7139930534784336,757.9694856443413,0.20906037173538156,0.0007046566228475171,148.63079058314898,2.107805634431454,0.002617391458463723
7.195,2.714333620017341,757.9693640191638,0.2090628159484582,0.000702902207501213,148.63252080996685,2.104664033762106,0.0026139215071795175
7.2,2.714665725032115,757.969233996959,0.209065253626049,0.0007011523851309414,148.63424455991185,2.1015272268491425,0.0026104556112118314
7.205,2.714989355411864,757.9690955828411,0.2090676848037842,0.0006994071301900049,148.6359618596148,2.0983952004850406,0.002606993767577902
7.21,2.7153044983801893,757.9689487822558,0.20907010951705637,0.000697666417301811,148.63767273560526,2.095267941526187,0.0026035359732819916
7.215,2.7156111414958306,757.9687936009802,0.2090725278010215,0.0006959302212591069,148.6393772143122,2.092145436892646,0.0026000822253155306
7.22,2.715909272653017,757.968630045123,0.20907493969060004,0.0006941985170232845,148.64107532206464,2.08902767356795,0.0025966325206572406
7.2250000000000005,2.716198880082086,757.9684581211234,0.20907734522047783,0.0006924712797236204,148.64276708509252,2.085914638598872,0.002593186856273275
7.23,2.7164799523498053,757.9682778357515,0.20907974442510727,0.0006907484846565878,148.64445252952717,2.0828063190952157,0.0025897452291173463
7.235,2.716752478359968,757.968089196108,0.20908213733870826,0.0006890301072851022,148.64613168140215,2.0797027022295893,0.0025863076361308593
7.24,2.7170164473536866,757.9678922096236,0.20908452399526922,0.0006873161232378381,148.64780456665397,2.0766037752371966,0.002582874074243038
7.245,2.7172718489099617,757.967686884059,0.20908690442854813,0.0006856065083084824,148.6494712111226,2.073509525415614,0.0025794445403710614
7.25,2.7175186729459497,757.9674732275046,0.20908927867207355,0.0006839012384550559,148.65113164055236,2.070419940124584,0.002576019031420185
7.255,2.717756909717505,757.9672512483797,0.20909164675914566,0.0006822002897991729,148.65278588059238,2.06733500678579,0.0025725975442838773
7.26,2.71798654981942,757.9670209554331,0.2090940087228372,0.0006805036386253685,148.65443395679742,2.0642547128826543,0.002569180075843938
7.265000000000001,2.718207584185941,757.9667823577416,0.20909636459599448,0.0006788112613803633,148.6560758946285,2.061179045960113,0.002565766622970635
7.2700000000000005,2.7184200040909814,757.9665354647107,0.2090987144112384,0.0006771231346723987,148.65771171945343,2.058107993624417,0.0025623571825228227
7.275,2.7186238011486115,757.9662802860736,0.20910105820096545,0.0006754392352705055,148.6593414565476,2.055041543542908,0.002558951751348074
7.28,2.718818967313243,757.9660168318909,0.2091033959973487,0.0006737595401038443,148.66096513109454,2.051979683443819,0.002555550326282798
7.285,2.7190054948800952,757.9657451125505,0.20910572783233877,0.0006720840262609824,148.66258276818664,2.0489224011160534,0.002552152904152373
7.29,2.7191833764853497,757.965465138767,0.20910805373766478,0.0006704126709892385,148.66419439282564,2.0458696844089874,0.002548759481771262
7.295,2.7193526051065886,757.9651769215808,0.20911037374483546,0.0006687454516939651,148.66580002992342,2.042821521232251,0.0025453700559431437
7.3,2.7195131740629273,757.9648804723588,0.20911268788513984,0.000667082345937899,148.6673997043024,2.03977789955553,0.002541984623461026
7.305,2.7196650770154216,757.9645758027929,0.20911499618964863,0.0006654233314404506,148.66899344069645,2.03673880740835,0.0025386031811073773
7.3100000000000005,2.7198083079671735,757.9642629248999,0.20911729868921475,0.0006637683860770579,148.6705812637512,2.0337042328798787,0.002535225725654238
7.315,2.7199428612637138,757.9639418510212,0.20911959541447464,0.0006621174878784841,148.6721631980248,2.030674164118714,0.0025318522538633524
7.32,2.720068731593078,757.9636125938223,0.20912188639584905,0.0006604706150301755,148.6737392679885,2.0276485893326845,0.0025284827624862754
7.325,2.7201859139861653,757.9632751662919,0.20912417166354394,0.0006588277458715639,148.67530949802733,2.02462749678864,0.002525117248264504
7.33,2.7202944038167844,757.9629295817415,0.20912645124755164,0.0006571888588954323,148.67687391244033,2.0216108748122563,0.0025217557079295853
7.335,2.7203941968019874,757.9625758538056,0.20912872517765158,0.0006555539327472216,148.67843253544163,2.018598711787823,0.0025183981382032447
7.34,2.7204852890020854,757.9622139964401,0.2091309934834113,0.0006539229462244017,148.6799853911606,2.015590996158052,0.0025150445357974933
7.345,2.7205676768209592,757.9618440239226,0.20913325619418746,0.0006522958782757846,148.68153250364273,2.0125877164238672,0.0025116948974147546
7.3500000000000005,2.7206413570060475,757.961465950851,0.2091355133391267,0.0006506727080008995,148.68307389684995,2.0095888611442136,0.002508349219747969
7.355,2.7207063266486244,757.961079792144,0.20913776494716657,0.0006490534146493133,148.6846095946613,2.0065944189358493,0.0025050074994807238
7.36,2.7207625831837703,757.9606855630395,0.20914001104703653,0.0006474379776200097,148.6861396208736,2.003604378473154,0.0025016697332873525
7.365,2.7208101243906144,757.9602832790946,0.20914225166725875,0.0006458263764607147,148.68766399920173,2.0006187284879235,0.0024983359178330626
7.37,2.7208489483922813,757.9598729561848,0.20914448683614908,0.0006442185908672825,148.6891827532793,1.9976374577691822,0.0024950060497740383
7.375,2.7208790536561085,757.9594546105031,0.2091467165818181,0.0006426146006830257,148.6906959066593,1.994660555162976,0.0024916801257575637
7.38,2.720900438993559,757.9590282585602,0.2091489409321718,0.0006410143858981064,148.69220348281448,1.9916880095721856,0.002488358142422126
7.385,2.7209131035604193,757.9585939171827,0.20915115991491262,0.0006394179266488717,148.6937055051379,1.9887198099563246,0.0024850400963975353
7.390000000000001,2.720917046856682,757.9581516035136,0.20915337355754035,0.0006378252032172496,148.69520199694347,1.98575594533135,0.0024817259843050283
7.3950000000000005,2.7209122687267153,757.9577013350105,0.20915558188735306,0.0006362361960300916,148.6966929814665,1.9827964047694657,0.002478415802757387
7.4,2.7208987693591187,757.9572431294457,0.20915778493144788,0.0006346508856585714,148.69817848186418,1.9798411773989313,0.0024751095483590414
7.405,2.7208765492868663,757.9567770049053,0.20915998271672198,0.0006330692528175333,148.69965852121604,1.976890252403867,0.0024718072177061855
7.41,2.720845609387136,757.9563029797886,0.2091621752698735,0.0006314912783648974,148.70113312252445,1.9739436190240667,0.0024685088073868795
7.415,2.7208059508814237,757.9558210728068,0.20916436261740226,0.0006299169433010114,148.7026023087153,1.9710012665548011,0.0024652143139811647
7.42,2.7207575753353472,757.9553313029828,0.2091665447856109,0.0006283462287680618,148.70406610263822,1.9680631843466352,0.0024619237340611664
7.425,2.7207004846587317,757.9548336896507,0.2091687218006055,0.0006267791160494304,148.70552452706724,1.96512936180523,0.0024586370641912045
7.43,2.7206346811053863,757.9543282524543,0.2091708936882967,0.0006252155865691106,148.7069776047011,1.9621997883911615,0.002455354300927897
7.4350000000000005,2.7205601672731645,757.9538150113468,0.20917306047440032,0.0006236556218910688,148.70842535816396,1.959274453619726,0.0024520754408202694
7.44,2.7204769461037115,757.9532939865899,0.20917522218443843,0.0006220992037186656,148.7098678100057,1.9563533470607606,0.002448800480409857
7.445,2.720385020882498,757.9527651987529,0.20917737884374013,0.0006205463138940225,148.7113049827024,1.9534364583384463,0.002445529416230813
7.45,2.720284395238541,757.9522286687122,0.20917953047744245,0.0006189969343974469,148.71273689865683,1.9505237771311315,0.002442262244810008
7.455,2.7201750731444094,757.9516844176502,0.2091816771104911,0.0006174510473468051,148.71416358019894,1.9476152931711386,0.0024389989626671404
7.46,2.720057058915919,757.9511324670543,0.20918381876764147,0.0006159086349969506,148.71558504958622,1.944710996244586,0.002435739566314833
7.465,2.7199303572121107,757.9505728387167,0.20918595547345945,0.0006143696797391032,148.71700132900415,1.9418108761911979,0.002432484052258742
7.47,2.719794973034917,757.9500055547327,0.2091880872523221,0.0006128341641002813,148.71841244056677,1.938914922904126,0.002429232416997652
7.4750000000000005,2.7196509117291146,757.9494306375005,0.20919021412841882,0.0006113020707426848,148.71981840631693,1.9360231263297607,0.0024259846570235852
7.48,2.7194981789819628,757.94884810972,0.20919233612575192,0.0006097733824631346,148.72121924822682,1.933135476467557,0.002422740768821896
7.485,2.719336780823131,757.9482579943918,0.20919445326813751,0.0006082480821924577,148.72261498819842,1.9302519633698432,0.0024195007488713757
7.49,2.7191667236243062,757.9476603148167,0.20919656557920646,0.0006067261529949314,148.7240056480638,1.9273725771416483,0.002416264593644349
7.495,2.718988014099097,757.9470550945947,0.20919867308240514,0.0006052075780676745,148.7253912495857,1.9244973079405152,0.002413032299606778
7.5,2.718800659302615,757.9464423576233,0.20920077580099616,0.0006036923407400947,148.72677181445772,1.9216261459763262,0.0024098038632183547
7.505,2.718604666631347,757.9458221280976,0.2092028737580594,0.0006021804244732851,148.728147364305,1.9187590815111186,0.002406579280932606
7.51,2.718400043822714,757.9451944305088,0.20920496697649266,0.0006006718128594748,148.72951792068434,1.9158961048589116,0.0024033585491969856
7.515000000000001,2.7181867989549127,757.9445592896433,0.20920705547901255,0.000599166489621431,148.7308835050848,1.9130372063855217,0.002400141664452976
7.5200000000000005,2.717964940446453,757.9439167305819,0.20920913928815538,0.000597664438611914,148.73224413892797,1.9101823765083934,0.002396928623136182
7.525,2.7177344770559673,757.9432667786987,0.2092112184262778,0.0005961656438130826,148.73359984356844,1.9073316056964138,0.0023937194216764293
7.53,2.717495417881722,757.9426094596595,0.2092132929155577,0.000594670089335953,148.7349506402941,1.9044848844697437,0.0023905140564978557
7.535,2.7172477723614037,757.941944799422,0.2092153627779951,0.0005931777594198105,148.73629655032653,1.9016422033996354,0.002387312524019013
7.54,2.716991550271598,757.9412728242339,0.20921742803541277,0.0005916886384316712,148.73763759482148,1.898803553108264,0.002384114820652955
7.545,2.7167267617275543,757.940593560632,0.20921948870945725,0.0005902027108656975,148.73897379486908,1.8959689242685465,0.002380920942807337
7.55,2.716453417182636,757.9399070354413,0.20922154482159944,0.0005887199613426646,148.74030517149427,1.8931383076039734,0.002377730886884504
7.555,2.716171527428057,757.9392132757738,0.20922359639313556,0.00058724037460938,148.7416317456572,1.8903116938884297,0.0023745446492815896
7.5600000000000005,2.715881103592307,757.9385123090276,0.20922564344518782,0.0005857639355381531,148.74295353825352,1.8874890739460275,0.0023713622263906026
7.565,2.715582157140861,757.9378041628858,0.2092276859987053,0.0005842906291262212,148.74427057011476,1.884670438650929,0.002368183614598525
7.57,2.7152746998755783,757.9370888653149,0.20922972407446475,0.0005828204404952199,148.74558286200863,1.8818557789271784,0.0023650088102873975
7.575,2.714958743934383,757.9363664445646,0.20923175769307117,0.0005813533548906142,148.7468904346394,1.8790450857485257,0.0023618378098344156
7.58,2.7146343017906407,757.9356369291659,0.20923378687495892,0.000579889357681174,148.7481933086483,1.8762383501382613,0.0023586706096120156
7.585,2.7143013862528096,757.9349003479305,0.2092358116403922,0.0005784284343584072,148.7494915046137,1.873435563169041,0.0023555072059879703
7.59,2.71396001046379,757.9341567299492,0.20923783200946608,0.0005769705705360401,148.75078504305156,1.8706367159627197,0.0023523475953254715
7.595,2.713610187900552,757.9334061045911,0.20923984800210702,0.0005755157519494542,148.75207394441568,1.8678417996901788,0.002349191773983226
7.6000000000000005,2.7132519323734567,757.9326485015022,0.20924185963807382,0.0005740639644551689,148.75335822909807,1.86505080557116,0.0023460397383155366
7.605,2.7128852580258562,757.9318839506046,0.20924386693695834,0.0005726151940302847,148.75463791742925,1.8622637248740954,0.002342891484672399
7.61,2.7125101793333912,757.9311124820948,0.2092458699181863,0.0005711694267719668,148.75591302967848,1.85948054891594,0.002339747009399581
7.615,2.7121267111035636,757.9303341264429,0.20924786860101796,0.0005697266488968924,148.7571835860542,1.856701269062003,0.002336606308838715
7.62,2.7117348684750078,757.9295489143911,0.20924986300454892,0.0005682868467407391,148.75844960670426,1.8539258767257838,0.002333469379327381
7.625,2.7113346669170366,757.928756876953,0.20925185314771094,0.0005668500067576353,148.75971111171617,1.8511543633688008,0.0023303362171991963
7.63,2.710926122228888,757.9279580454115,0.20925383904927256,0.000565416115519651,148.76096812111757,1.8483867205004307,0.0023272068187838967
7.635,2.7105092505392436,757.9271524513185,0.20925582072784005,0.0005639851597162524,148.76222065487624,1.8456229396777373,0.002324081180407426
7.640000000000001,2.7100840683054486,757.9263401264932,0.20925779820185791,0.0005625571261537958,148.76346873290066,1.8428630125053107,0.0023209592983920156
7.6450000000000005,2.709650592313007,757.9255211030205,0.20925977148960986,0.0005611320017549867,148.76471237504012,1.8401069306351,0.0023178411690562765
7.65,2.709208839674773,757.9246954132507,0.20926174060921948,0.0005597097735583745,148.76595160108502,1.8373546857662495,0.002314726788715273
7.655,2.708758827830421,757.923863089797,0.2092637055786509,0.0005582904287178166,148.7671864307672,1.8346062696449337,0.0023116161536806132
7.66,2.7083005745456137,757.9230241655354,0.20926566641570962,0.0005568739545019766,148.7684168837602,1.8318616740641962,0.002308509260260529
7.665,2.7078340979114417,757.9221786736022,0.20926762313804323,0.0005554603382937904,148.7696429796795,1.829120890863783,0.0023054061047599592
7.67,2.707359416343569,757.9213266473939,0.2092695757631422,0.0005540495675899679,148.77086473808276,1.8263839119299832,0.002302306683480629
7.675,2.7068765485816466,757.9204681205653,0.20927152430834045,0.0005526416300004625,148.77208217847019,1.8236507291954624,0.0022992109927211356
7.68,2.706385513688433,757.9196031270275,0.20927346879081632,0.0005512365132479756,148.77329532028455,1.8209213346391053,0.002296119028777024
7.6850000000000005,2.7058863310491805,757.9187317009479,0.20927540922759308,0.0005498342051674284,148.77450418291167,1.8181957202858492,0.0022930307879408716
7.69,2.7053790203707297,757.9178538767478,0.2092773456355398,0.000548434693705471,148.77570878568062,1.8154738782065278,0.0022899462665023655
7.695,2.704863601680873,757.9169696891017,0.209279278031372,0.0005470379669199555,148.77690914786388,1.812755800517704,0.0022868654607483834
7.7,2.704340095327423,757.9160791729355,0.2092812064316525,0.000545644012979448,148.77810528867764,1.810041479381515,0.0022837883669630707
7.705,2.7038085219775483,757.9151823634251,0.2092831308527919,0.0005442528201627063,148.77929722728203,1.8073309070055075,0.002280714981427922
7.71,2.70326890261682,757.9142792959955,0.20928505131104957,0.0005428643768581919,148.78048498278136,1.8046240756424812,0.002277645300421856
7.715,2.702721258548522,757.9133700063186,0.20928696782253423,0.0005414786715635527,148.78166857422428,1.8019209775903255,0.0022745793202212958
7.72,2.702165611392669,757.9124545303127,0.2092888804032046,0.0005400956928851367,148.7828480206041,1.799221605191864,0.0022715170371002433
7.7250000000000005,2.701601983085294,757.9115329041406,0.20929078906887028,0.0005387154295374775,148.7840233408589,1.79652595083469,0.0022684584473303586
7.73,2.7010303958774435,757.9106051642077,0.20929269383519242,0.0005373378703428108,148.78519455387197,1.793834006951016,0.0022654035471810358
7.735,2.7004508723344354,757.9096713471616,0.20929459471768433,0.0005359630042305617,148.78636167847165,1.7911457660175047,0.002262352332919477
7.74,2.6998634353348323,757.90873148989,0.20929649173171225,0.0005345908202368646,148.78752473343198,1.78846122055512,0.0022593048008107686
7.745,2.699268108069675,757.9077856295193,0.20929838489249608,0.0005332213075040526,148.78868373747252,1.7857803631289628,0.002256260947117958
7.75,2.69866491404143,757.9068338034127,0.2093002742151101,0.000531854455280179,148.78983870925882,1.783103186348117,0.002253220768102124
7.755,2.6980538770631983,757.90587604917,0.2093021597144836,0.0005304902529185111,148.79098966740244,1.7804296828654897,0.002250184260022456
7.76,2.6974350212576383,757.904912404625,0.20930404140540165,0.0005291286898770522,148.79213663046133,1.777759845377656,0.0022471514191363235
7.765000000000001,2.696808371056151,757.903942907844,0.2093059193025058,0.000527769755718038,148.79327961693986,1.7750936666246988,0.002244122241699352
7.7700000000000005,2.6961739511977796,757.902967597125,0.20930779342029468,0.0005264134401074619,148.79441864528908,1.7724311393900574,0.002241096723965493
7.775,2.6955317867283664,757.9019865109957,0.20930966377312482,0.0005250597328145721,148.79555373390696,1.7697722565003644,0.0022380748621871
7.78,2.6948819029994313,757.9009996882119,0.20931153037521133,0.0005237086237113997,148.79668490113846,1.7671170108252954,0.0022350566526149955
7.785,2.694224325667303,757.900007167756,0.20931339324062853,0.0005223601027722592,148.79781216527581,1.764465395277408,0.0022320420914985475
7.79,2.693559080691976,757.8990089888364,0.20931525238331064,0.000521014160073276,148.7989355445586,1.7618174028119902,0.002229031175085736
7.795,2.692886194336213,757.8980051908842,0.20931710781705262,0.0005196707857918914,148.800055057174,1.7591730264269008,0.002226023899623229
7.8,2.6922056931643827,757.896995813553,0.2093189595555106,0.0005183299702063908,148.80117072125705,1.7565322591624173,0.002223020261356445
7.805000000000001,2.691517604041538,757.8959808967168,0.20932080761220284,0.0005169917036954107,148.8022825548906,1.7538950941010771,0.0022200202565296314
7.8100000000000005,2.6908219541322245,757.8949604804685,0.20932265200051026,0.0005156559767374702,148.80339057610564,1.7512615243675274,0.0022170238813859263
7.815,2.6901187708995415,757.8939346051187,0.2093244927336771,0.0005143227799104779,148.80449480288146,1.7486315431283637,0.0022140311321674332
7.82,2.6894080821039257,757.8929033111931,0.20932632982481172,0.0005129921038912654,148.8055952531457,1.7460051435919808,0.0022110420051152844
7.825,2.688689915802184,757.891866639432,0.20932816328688728,0.0005116639394550982,148.8066919447746,1.743382319008414,0.0022080564964697133
7.83,2.68796430034626,757.8908246307882,0.20932999313274225,0.0005103382774752083,148.80778489559313,1.740763062669187,0.00220507460247012
7.835,2.68723126438224,757.8897773264252,0.20933181937508127,0.0005090151089223084,148.8088741233752,1.7381473679071566,0.0022020963193551376
7.84,2.6864908368490945,757.888724767716,0.2093336420264758,0.0005076944248641255,148.8099596458437,1.7355352280963585,0.002199121643362701
7.845,2.6857430469776657,757.8876669962411,0.20933546109936474,0.000506376216464917,148.81104148067067,1.732926636651853,0.002196150570730113
7.8500000000000005,2.684987924289384,757.8866040537869,0.20933727660605506,0.0005050604749850053,148.8121196454776,1.730321587029571,0.002193183097694107
7.855,2.684225498595231,757.8855359823443,0.20933908855872269,0.0005037471917802972,148.81319415783528,1.727720072726161,0.00219021922049092
7.86,2.6834557999944337,757.8844628241069,0.20934089696941294,0.000502436358301818,148.81426503526433,1.7251220872788338,0.002187258935356348
7.865,2.682678858873405,757.8833846214692,0.20934270185004134,0.0005011279660952325,148.81533229523492,1.722527624265209,0.002184302238525819
7.87,2.6818947059044174,757.8823014170249,0.20934450321239423,0.0004998220068003818,148.8163959551672,1.7199366773031624,0.0021813491262344512
7.875,2.681103372044516,757.8812132535656,0.20934630106812951,0.0004985184721508049,148.81745603243127,1.7173492400506707,0.0021783995947171225
7.88,2.6803048885341747,757.8801201740788,0.2093480954287772,0.0004972173539732766,148.81851254434739,1.71476530620566,0.002175453640208528
7.885,2.679499286896184,757.879022221746,0.20934988630574017,0.0004959186441873313,148.81956550818614,1.7121848695058506,0.0021725112589432503
7.890000000000001,2.6786865989342847,757.8779194399417,0.2093516737102949,0.0004946223348048011,148.82061494116843,1.709607923728604,0.0021695724471558135
7.8950000000000005,2.6778668567320345,757.8768118722306,0.20935345765359192,0.0004933284179293419,148.8216608604657,1.7070344626907705,0.0021666372010807544
7.9,2.67704009265142,757.875699562367,0.2093552381466567,0.0004920368857559717,148.8227032832,1.7044644802485347,0.002163705516952677
7.905,2.6762063393316997,757.8745825542924,0.20935701520039024,0.0004907477305705979,148.8237422264442,1.701897970297262,0.0021607773910063193
7.91,2.675365629687994,757.8734608921338,0.20935878882556966,0.0004894609447495576,148.82477770722198,1.699334926771347,0.00215785281947661
7.915,2.6745179969101094,757.8723346202022,0.20936055903284895,0.0004881765207591457,148.82580974250797,1.6967753436440574,0.0021549317985987337
7.92,2.6736634744611036,757.8712037829907,0.2093623258327596,0.0004868944511551554,148.82683834922796,1.6942192149273836,0.002152014324608186
7.925,2.6728020960760883,757.8700684251727,0.2093640892357113,0.0004856147285824081,148.8278635442589,1.6916665346718838,0.0021491003937408396
7.930000000000001,2.6719338957607746,757.8689285916003,0.2093658492519925,0.00048433734577429434,148.82888534442904,1.6891172969665307,0.002146190002232997
7.9350000000000005,2.671058907790252,757.8677843273023,0.20936760589177125,0.0004830622955523056,148.82990376651804,1.6865714959385598,0.002143283146321456
7.94,2.6701771667075156,757.8666356774825,0.20936935916509566,0.0004817895708255751,148.83091882725705,1.684029125753314,0.0021403798222435636
7.945,2.6692887073222207,757.8654826875181,0.2093711090818947,0.0004805191645904104,148.83193054332884,1.6814901806140907,0.002137480026237277
7.95,2.6683935647091905,757.8643254029577,0.20937285565197875,0.0004792510699298357,148.83293893136792,1.6789546547619894,0.00213458375454122
7.955,2.6674917742071496,757.8631638695193,0.20937459888504037,0.000477985280013125,148.83394400796053,1.6764225424757575,0.0021316910033947417
7.96,2.6665833714172114,757.8619981330891,0.20937633879065487,0.0004767217880953449,148.83494578964482,1.6738938380716373,0.0021288017690379727
7.965,2.6656683922015896,757.8608282397189,0.20937807537828101,0.00047546058751688874,148.835944292911,1.6713685359032115,0.0021259160477118825
7.97,2.664746872682065,757.8596542356252,0.20937980865726166,0.00047420167170301986,148.83693953420126,1.668846630361251,0.002123033835658335
7.9750000000000005,2.6638188492386767,757.8584761671865,0.20938153863682443,0.0004729450341634063,148.83793152991004,1.6663281158735594,0.0021201551291201467
7.98,2.6628843585081703,757.8572940809418,0.2093832653260823,0.00047169066849166543,148.83892029638395,1.663812986904822,0.0021172799243411385
7.985,2.661943437382665,757.8561080235891,0.20938498873403438,0.00047043856836489833,148.83990584992202,1.6613012379564487,0.002114408217566196
7.99,2.660996123008086,757.8549180419827,0.2093867088695664,0.0004691887275432345,148.84088820677565,1.658792863566422,0.002111540005041317
7.995,2.660042452782806,757.8537241831325,0.20938842574145153,0.0004679411398693683,148.84186738314872,1.656287858309143,0.002108675283013676
8.0,2.659082464356064,757.8525264942011,0.20939013935835094,0.00046669579926810297,148.84284339519772,1.6537862167952764,0.0021058140477316664
8.005,2.658116195626583,757.8513250225025,0.20939184972881442,0.000465452699745888,148.84381625903174,1.6512879336715969,0.0021029562954449654
8.01,2.657143684740969,757.8501198155001,0.20939355686128117,0.00046421183539036384,148.8447859907127,1.6487930036208351,0.0021001020224045803
8.015,2.656164970092309,757.8489109208045,0.20939526076408027,0.0004629732003698979,148.84575260625525,1.6463014213615215,0.0020972512248629027
8.02,2.655180090318553,757.8476983861724,0.2093969614454315,0.0004617367889331318,148.8467161216269,1.6438131816478343,0.002094403899073763
8.025,2.6541890843010916,757.8464822595039,0.20939865891344586,0.00046050259540851655,148.8476765527482,1.6413282792694412,0.0020915600412924795
8.03,2.653191991163116,757.845262588841,0.20940035317612632,0.00045927061420386026,148.84863391549263,1.6388467090513497,0.0020887196477759142
8.035,2.6521888502681787,757.8440394223657,0.20940204424136838,0.0004580408398058637,148.84958822568683,1.636368465853745,0.0020858827147825195
8.040000000000001,2.6511797012185365,757.8428128083978,0.20940373211696078,0.0004568132667796674,148.8505394991105,1.6338935445718417,0.0020830492385723923
8.045,2.6501645838536887,757.8415827953933,0.20940541681058616,0.0004555878897683901,148.85148775149668,1.631421940135726,0.0020802192154073264
8.05,2.6491435382487007,757.8403494319426,0.20940709832982168,0.0004543647034926711,148.85243299853155,1.6289536475101953,0.002077392641550856
8.055,2.6481166047127283,757.8391127667683,0.2094087766821396,0.00045314370275021363,148.85337525585476,1.626488661694612,0.002074569513268314
8.06,2.6470838237873195,757.8378728487229,0.20941045187490812,0.0004519248824153247,148.8543145390593,1.6240269777227379,0.002071749826826873
8.065,2.64604523624492,757.8366297267878,0.2094121239153918,0.0004507082374384597,148.85525086369162,1.6215685906625863,0.0020689335784956036
8.07,2.645000883087158,757.8353834500707,0.20941379281075237,0.0004494937628457613,148.85618424525174,1.6191134956162587,0.002066120764545514
8.075,2.643950805543331,757.8341340678039,0.2094154585680493,0.00044828145373860493,148.8571146991932,1.6166616877197952,0.0020633113812496074
8.08,2.6428950450686735,757.832881629342,0.20941712119424052,0.0004470713052931371,148.85804224092325,1.6142131621430098,0.0020605054248829194
8.085,2.6418336433428222,757.8316261841603,0.209418780696183,0.0004458633127598204,148.85896688580277,1.6117679140893417,0.0020577028917225784
8.09,2.6407666422680736,757.8303677818532,0.20942043708063338,0.00044465747146297445,148.85988864914643,1.609325938795694,0.0020549037780478413
8.095,2.6396940839678225,757.8291064721311,0.2094220903542487,0.00044345377680031625,148.86080754622265,1.6068872315322742,0.002052108080140147
8.1,2.6386160107848076,757.8278423048196,0.209423740523587,0.00044225222424250463,148.86172359225367,1.6044517876024427,0.002049315794283162
8.105,2.637532465279532,757.826575329857,0.20942538759510795,0.00044105280933267926,148.86263680241578,1.6020196023425486,0.002046526916762824
8.11,2.6364434902284897,757.825305597292,0.20942703157517353,0.00043985552768600504,148.86354719183902,1.599590671121777,0.0020437414438673907
8.115,2.635349128622571,757.8240331572827,0.20942867247004868,0.0004386603749892106,148.86445477560758,1.5971649893419866,0.002040959371887483
8.120000000000001,2.6342494236652714,757.8227580600934,0.20943031028590192,0.0004374673470001323,148.86535956875963,1.5947425524375534,0.0020381806971161323
8.125,2.63314441877108,757.8214803560938,0.20943194502880602,0.00043627643954725475,148.86626158628738,1.5923233558752137,0.002035405415848825
8.13,2.6320341575636705,757.820200095756,0.20943357670473864,0.00043508764852925007,148.86716084313727,1.5899073951538987,0.0020326335243835425
8.135,2.630918683874274,757.8189173296531,0.20943520531958296,0.0004339009699145225,148.86805735420987,1.5874946658045843,0.0020298650190208128
8.14,2.6297980417398548,757.8176321084569,0.20943683087912832,0.00043271639974074483,148.86895113435997,1.5850851633901215,0.002027099896063745
8.145,2.628672275401465,757.8163444829362,0.20943845338907097,0.00043153393411440383,148.86984219839664,1.5826788835050867,0.002024338151818083
8.15,2.6275414293024055,757.8150545039546,0.2094400728550146,0.0004303535692103358,148.8707305610832,1.580275821775612,0.002021579782592237
8.155,2.6264055480865633,757.8137622224682,0.20944168928247098,0.0004291753012712715,148.8716162371374,1.5778759738592345,0.0020188247846973373
8.16,2.6252646765965566,757.8124676895243,0.20944330267686073,0.00042799912660737176,148.8724992412313,1.575479335444725,0.0020160731544472663
8.165000000000001,2.6241188598720573,757.8111709562587,0.20944491304351384,0.00042682504159577146,148.87337958799142,1.573085902251937,0.002013324888158709
8.17,2.6229681431479226,757.8098720738941,0.20944652038767042,0.00042565304268011634,148.8742572919988,1.57069567003164,0.002010579982151188
8.175,2.621812571852495,757.8085710937378,0.2094481247144812,0.0004244831263701031,148.87513236778886,1.5683086345653574,0.0020078384327471078
8.18,2.6206521916057257,757.8072680671796,0.20944972602900838,0.0004233152892410193,148.87600482985167,1.5659247916652084,0.0020051002362717948
8.185,2.6194870482174575,757.8059630456904,0.20945132433622615,0.0004221495279332812,148.8768746926318,1.5635441371737415,0.002002365389053537
8.19,2.6183171876855313,757.8046560808193,0.20945291964102133,0.0004209858391519734,148.87774197052846,1.5611666669637767,0.001999633887423626
8.195,2.617142656194054,757.8033472241923,0.20945451194819403,0.0004198242196663863,148.8786066778955,1.5587923769382381,0.001996905727716394
8.2,2.6159635001114947,757.8020365275095,0.20945610126245845,0.0004186646663095548,148.87946882904146,1.5564212630299947,0.0019941809062692544
8.205,2.6147797659889314,757.800724042544,0.20945768758844327,0.00041750717597779593,148.88032843822958,1.5540533212016931,0.001991459419422741
8.21,2.6135915005581367,757.7994098211389,0.20945927093069244,0.000416351745630246,148.88118551967787,1.5516885474455977,0.0019887412635205466
8.215,2.6123987507298114,757.7980939152058,0.2094608512936659,0.0004151983722883999,148.88204008755906,1.5493269377834256,0.0019860264349095616
8.22,2.611201563591652,757.7967763767228,0.20946242868174006,0.0004140470530356436,148.8828921560008,1.5469684882661772,0.001983314929939907
8.225,2.6099999864065726,757.7954572577322,0.2094640030992086,0.0004128977850167968,148.88374173908548,1.5446131949739812,0.001980606744964983
8.23,2.608794066610759,757.7941366103385,0.20946557455028303,0.00041175056543764273,148.88458885085046,1.5422610540159183,0.001977901876341492
8.235,2.6075838518118766,757.792814486706,0.20946714303909336,0.0004106053915644709,148.88543350528792,1.539912061529867,0.0019752003204294875
8.24,2.606369389787108,757.7914909390577,0.20946870856968877,0.00040946226072360577,148.88627571634498,1.5375662136823267,0.0019725020735924022
8.245000000000001,2.60515072848135,757.7901660196721,0.20947027114603825,0.0004083211703009488,148.88711549792382,1.5352235066682616,0.00196980713219709
8.25,2.6039279160052415,757.788839780882,0.20947183077203127,0.0004071821177415084,148.88795286388154,1.532883936710928,0.0019671154926138587
8.255,2.602701000633339,757.7875122750718,0.2094733874514784,0.0004060451005489371,148.8887878280303,1.530547500061708,0.001964427151216504
8.26,2.6014700308021386,757.786183554676,0.2094749411881119,0.00040491011628506494,148.88962040413728,1.5282141929999453,0.001961742104382349
8.265,2.600235055108235,757.7848536721766,0.20947649198558665,0.000403777162569434,148.89045060592474,1.525884011832775,0.0019590603484922727
8.27,2.598996122306332,757.7835226801013,0.20947803984748034,0.00040264623707883166,148.89127844707016,1.523556952894957,0.0019563818799307516
8.275,2.5977532813073885,757.7821906310216,0.20947958477729453,0.000401517337546824,148.89210394120607,1.5212330125487068,0.0019537066950858872
8.28,2.5965065811766173,757.7808575775501,0.20948112677845515,0.0004003904617632884,148.89292710192015,1.5189121871835278,0.001951034790349444
8.285,2.595256071131617,757.7795235723391,0.20948266585431313,0.0003992656075739467,148.8937479427554,1.5165944732160415,0.001948366162116879
8.290000000000001,2.594001800540362,757.7781886680781,0.20948420200814508,0.0003981427728798962,148.8945664772099,1.5142798670898183,0.0019457008067873777
8.295,2.592743818919321,757.7768529174921,0.20948573524315392,0.00039702195563714413,148.8953827187371,1.5119683652752103,0.0019430387207638872
8.3,2.591482175931431,757.7755163733389,0.2094872655624696,0.0003959031538561339,148.89619668074562,1.5096599642691744,0.0019403799004531425
8.305,2.590216921384211,757.7741790884075,0.20948879296914968,0.00039478636560128313,148.8970083765995,1.5073546605951116,0.0019377243422657078
8.31,2.5889481052277223,757.7728411155161,0.20949031746618005,0.000393671588990507,148.89781781961807,1.5050524508026855,0.0019350720426159972
8.315,2.587675777552666,757.7715025075096,0.20949183905647553,0.0003925588221947557,148.89862502307602,1.5027533314676618,0.001932422997922317
8.32,2.5863999885883397,757.7701633172577,0.20949335774288047,0.00039144806343753715,148.89943000020344,1.5004572991917258,0.0019297772046068856
8.325,2.5851207887007184,757.7688235976528,0.20949487352816965,0.0003903393109944539,148.90023276418586,1.4981643506023214,0.001927134659095874
8.33,2.583838228390403,757.7674834016083,0.20949638641504859,0.0003892325631927251,148.9010333281642,1.4958744823524681,0.0019244953578194265
8.335,2.5825523582906893,757.7661427820555,0.2094978964061545,0.0003881278184107218,148.9018317052349,1.4935876911205979,0.001921859297211699
8.34,2.581263229165508,757.7648017919425,0.20949940350405674,0.00038702507507749055,148.9026279084499,1.4913039736103753,0.0019192264737108828
8.345,2.5799708919074793,757.7634604842318,0.20950090771125762,0.000385924331672284,148.90342195081658,1.4890233265505262,0.0019165968837592344
8.35,2.5786753975358465,757.7621189118981,0.20950240903019296,0.00038482558672408744,148.904213845298,1.486745746694665,0.0019139705238031073
8.355,2.5773767971945176,757.7607771279262,0.2095039074632328,0.00038372883881114696,148.90500360481275,1.484471230821118,0.001911347390292976
8.36,2.5760751421499934,757.7594351853088,0.20950540301268197,0.00038263408656049545,148.90579124223498,1.4821997757327523,0.0019087274796834675
8.365,2.574770483789394,757.758093137045,0.20950689568078087,0.00038154132864748005,148.90657677039454,1.4799313782567958,0.0019061107884333864
8.370000000000001,2.5734628736183796,757.7567510361372,0.20950838546970604,0.0003804505637952872,148.9073602020769,1.4776660352446664,0.0019034973130057445
8.375,2.5721523632591707,757.7554089355901,0.20950987238157093,0.00037936179077447123,148.9081415500232,1.4754037435717955,0.001900887049867788
8.38,2.5708390044484526,757.7540668884079,0.20951135641842636,0.0003782750084024746,148.90892082693037,1.4731445001374468,0.0018982799954910183
8.385,2.569522849035392,757.7527249475921,0.20951283758226133,0.0003771902155431597,148.90969804545105,1.4708883018645487,0.0018956761463512284
8.39,2.5682039489795323,757.7513831661402,0.20951431587500371,0.00037610741110632686,148.9104732181936,1.4686351456995068,0.0018930754989285178
8.395,2.566882356348798,757.7500415970425,0.20951579129852074,0.00037502659404724535,148.9112463577223,1.4663850286120381,0.0018904780497073284
8.4,2.565558123317386,757.7487002932811,0.20951726385461986,0.00037394776336617075,148.91201747655708,1.4641379475949814,0.0018878837951764602
8.405,2.564231302163756,757.747359307827,0.20951873354504927,0.00037287091810787556,148.91278658717388,1.461893899664131,0.0018852927318291056
8.41,2.5629019452685187,757.7460186936385,0.20952020037149854,0.00037179605736116565,148.9135537020045,1.4596528818580465,0.0018827048561628637
8.415000000000001,2.561570105112415,757.7446785036586,0.20952166433559946,0.00037072318025840997,148.91431883343654,1.4574148912378848,0.0018801201646797751
8.42,2.5602358342741978,757.7433387908137,0.20952312543892648,0.00036965228597505824,148.91508199381366,1.4551799248872141,0.0018775386538863379
8.425,2.5588991854286003,757.7419996080106,0.20952458368299756,0.00036858337372916596,148.91584319543546,1.4529479799118357,0.0018749603202935338
8.43,2.557560211344216,757.740661008135,0.20952603906927467,0.00036751644278091574,148.91660245055755,1.450719053439606,0.0018723851604168526
8.435,2.5562189648814537,757.7393230440492,0.20952749159916456,0.00036645149243213956,148.91735977139152,1.4484931426202534,0.001869813170776312
8.44,2.554875498990412,757.7379857685902,0.20952894127401936,0.0003653885220258396,148.91811517010504,1.4462702446252005,0.0018672443478964845
8.445,2.5535298667088293,757.7366492345672,0.2095303880951373,0.0003643275309457103,148.91886865882188,1.4440503566473806,0.001864678688306514
8.45,2.5521821211599494,757.7353134947599,0.2095318320637633,0.0003632685186156586,148.91962024962197,1.441833475901058,0.0018621161885401434
8.455,2.550832315550463,757.7339786019164,0.2095332731810897,0.00036221148449932513,148.92036995454131,1.4396195996216457,0.0018595568451357306
8.46,2.54948050316837,757.7326446087508,0.20953471144825683,0.00036115642809960406,148.92111778557214,1.437408725065522,0.0018570006546362733
8.465,2.548126737380914,757.7313115679416,0.2095361468663538,0.0003601033489581652,148.92186375466287,1.4352008495098532,0.0018544476135894307
8.47,2.5467710716324343,757.7299795321289,0.20953757943641907,0.0003590522466549699,148.92260787371816,1.4329959702524007,0.0018518977185475374
8.475,2.5454135594422995,757.7286485539133,0.2095390091594411,0.0003580031208077961,148.923350154599,1.4307940846113503,0.0018493509660676333
8.48,2.5440542544027513,757.7273186858528,0.20954043603635908,0.00035695597107175214,148.92409060912263,1.428595189925117,0.0018468073527114727
8.485,2.5426932101768296,757.7259899804615,0.20954186006806352,0.0003559107971388018,148.9248292490626,1.4263992835521724,0.0018442668750455542
8.49,2.541330480496215,757.724662490207,0.20954328125539703,0.0003548675987372776,148.925566086149,1.4242063628708488,0.00184172952964113
8.495000000000001,2.5399661191591463,757.7233362675088,0.20954469959915478,0.0003538263756314049,148.92630113206812,1.4220164252791652,0.0018391953130742333
8.5,2.53860018002826,757.7220113647359,0.2095461151000854,0.00035278712762081677,148.9270343984628,1.4198294681946362,0.0018366642219256907
8.505,2.537232717028496,757.7206878342045,0.2095475277588914,0.0003517498545400742,148.92776589693236,1.4176454890540884,0.001834136252781142
8.51,2.535863784144941,757.7193657281769,0.20954893757623005,0.0003507145562581845,148.9284956390326,1.4154644853134755,0.0018316114022310594
8.515,2.5344934354207216,757.7180450988579,0.20955034455271393,0.00034968123267811887,148.92922363627585,1.4132864544476917,0.0018290896668707623
8.52,2.533121724954848,757.7167259983946,0.20955174868891158,0.0003486498837363312,148.92994990013105,1.4111113939503872,0.001826571043300437
8.525,2.5317487069001015,757.7154084788727,0.20955314998534819,0.0003476205094022753,148.9306744420237,1.408939301333779,0.0018240555281251508
8.53,2.5303744354608737,757.7140925923152,0.20955454844250626,0.0003465931096779237,148.93139727333607,1.4067701741284666,0.0018215431179548717
8.535,2.528998964891048,757.7127783906802,0.20955594406082634,0.0003455676845972842,148.932118405407,1.404604009883244,0.00181903380940448
8.540000000000001,2.5276223494918364,757.711465925859,0.20955733684070743,0.00034454423422591873,148.93283784953215,1.402440806164912,0.0018165275990937877
8.545,2.5262446436096586,757.7101552496741,0.20955872678250803,0.00034352275866046103,148.93355561696382,1.4002805605580937,0.0018140244836475545
8.55,2.524865901633973,757.7088464138766,0.20956011388654644,0.0003425032580281322,148.93427171891122,1.3981232706650393,0.0018115244596954964
8.555,2.5234861779951525,757.7075394701449,0.20956149815310168,0.0003414857324862617,148.93498616654034,1.395968934105448,0.00180902752387231
8.56,2.522105527162313,757.706234470082,0.20956287958241396,0.000340470182221801,148.93569897097404,1.393817548516269,0.0018065336728176774
8.565,2.520724003641187,757.7049314652141,0.20956425817468546,0.00033945660745084524,148.93641014329216,1.391669111551523,0.0018040429031762888
8.57,2.5193416619719446,757.7036305069879,0.20956563393008099,0.00033844500841814676,148.93711969453145,1.3895236208821031,0.0018015552115978476
8.575000000000001,2.5179585567270695,757.7023316467692,0.2095670068487285,0.00033743538539663607,148.9378276356856,1.3873810741955959,0.0017990705947370919
8.58,2.516574742509179,757.7010349358402,0.20956837693072,0.0003364277386869379,148.93853397770548,1.3852414691960833,0.0017965890492538032
8.585,2.5151902739488863,757.6997404253982,0.20956974417611193,0.0003354220686168881,148.93923873149885,1.383104803603957,0.0017941105718128176
8.59,2.5138052057026328,757.698448166553,0.20957110858492609,0.00033441837554105394,148.93994190793072,1.3809710751557291,0.0017916351590840432
8.595,2.512419592450538,757.6971582103254,0.20957247015715003,0.0003334166598402489,148.94064351782322,1.3788402816038388,0.0017891628077424668
8.6,2.511033488894233,757.6958706076443,0.20957382889273793,0.00033241692192105424,148.94134357195566,1.3767124207164656,0.0017866935144681703
8.605,2.50964694975471,757.6945854093459,0.2095751847916112,0.00033141916221533324,148.9420420810646,1.3745874902773354,0.0017842272759463376
8.61,2.5082600297701534,757.6933026661708,0.20957653785365898,0.0003304233811797538,148.94273905584393,1.3724654880855327,0.00178176408886727
8.615,2.506872783693785,757.6920224287621,0.20957788807873906,0.00032942957929530244,148.94343450694484,1.3703464119553064,0.001779303949926393
8.620000000000001,2.5054852662916978,757.6907447476639,0.2095792354666783,0.00032843775706680736,148.9441284449758,1.368230259715881,0.0017768468558242699
8.625,2.5040975323407006,757.6894696733186,0.20958058001727345,0.00032744791502245437,148.94482088050282,1.366117029211266,0.0017743928032666113
8.63,2.5027096366261454,757.6881972560657,0.2095819217302917,0.0003264600537133069,148.94551182404933,1.3640067183000593,0.0017719417889642806
8.635,2.5013216339397757,757.686927546139,0.2095832606054713,0.00032547417371282605,148.94620128609625,1.3618993248552622,0.0017694938096333118
8.64,2.4999335790775534,757.6856605936654,0.20958459664252246,0.0003244902756163895,148.94688927708208,1.3597948467640804,0.001767048861994908
8.645,2.498545526837505,757.6843964486619,0.20958592984112764,0.00032350836004081207,148.9475758074029,1.3576932819277394,0.0017646069427754616
8.65,2.4971575320175496,757.6831351610349,0.20958726020094254,0.00032252842762386594,148.9482608874124,1.355594628261285,0.0017621680487065518
8.655,2.495769649413342,757.6818767805773,0.20958858772159644,0.00032155047902380113,148.948944527422,1.3534988836933974,0.0017597321765249624
8.66,2.4943819338161037,757.6806213569668,0.20958991240269317,0.0003205745149188668,148.9496267377008,1.3514060461661925,0.0017572993229726809
8.665000000000001,2.492994440010467,757.6793689397639,0.2095912342438115,0.000319600536006832,148.95030752847578,1.3493161136350347,0.0017548694847969134
8.67,2.491607222772306,757.6781195784101,0.20959255324450587,0.0003186285430045101,148.95098690993163,1.3472290840683414,0.0017524426587500876
8.675,2.490220336866576,757.6768733222259,0.20959386940430713,0.0003176585366472761,148.951664892211,1.345144955447389,0.0017500188415898593
8.68,2.4888338370451533,757.6756302204087,0.20959518272272304,0.0003166905176885957,148.95234148541445,1.3430637257661233,0.0017475980300791219
8.685,2.4874477780446704,757.674390322031,0.20959649319923898,0.0003157244868995419,148.95301669960048,1.3409853930309625,0.001745180220986009
8.69,2.48606221458436,757.6731536760382,0.2095978008333187,0.00031476044506832576,148.9536905447857,1.338909955260609,0.001742765411083904
8.695,2.4846772013638883,757.6719203312471,0.2095991056244047,0.0003137983929998132,148.95436303094468,1.33683741048585,0.0017403535971514418
8.700000000000001,2.483292793061201,757.6706903363439,0.20960040757191922,0.00031283833151505745,148.95503416801023,1.3347677567493699,0.001737944775972517
8.705,2.481909044330363,757.6694637398817,0.20960170667526457,0.00031188026145081787,148.95570396587323,1.332700992105555,0.0017355389443362893
8.71,2.4805260097993993,757.6682405902797,0.20960300293382392,0.0003109241836590907,148.95637243438284,1.3306371146202973,0.0017331360990371827
8.715,2.4791437440681383,757.6670209358198,0.20960429634696193,0.00030997009900663244,148.95703958334647,1.3285761223708066,0.0017307362368748978
8.72,2.4777623017060613,757.6658048246461,0.2096055869140254,0.00030901800837448995,148.95770542252987,1.326518013445411,0.001728339354654408
8.725,2.4763817372501404,757.6645923047621,0.20960687463434383,0.00030806791265752554,148.95836996165716,1.3244627859433702,0.0017259454491859708
8.73,2.475002105202693,757.6633834240293,0.20960815950723014,0.00030711981276394925,148.95903321041092,1.3224104379746744,0.0017235545172851223
8.735,2.4736234600292226,757.662178230165,0.20960944153198127,0.00030617370961484407,148.95969517843216,1.320360967659859,0.00172116655577269
8.74,2.472245856156277,757.6609767707404,0.20961072070787884,0.0003052296041437008,148.9603558753205,1.318314373129804,0.0017187815614747855
8.745000000000001,2.47086934796929,757.6597790931792,0.20961199703418976,0.0003042874972959438,148.96101531063405,1.3162706525255452,0.0017163995312228163
8.75,2.469493989810447,757.6585852447553,0.20961327051016673,0.00030334739002846957,148.96167349388966,1.3142298039980809,0.001714020461853482
8.755,2.468119835976523,757.6573952725906,0.2096145411350492,0.00030240928330917046,148.9623304345628,1.3121918257081742,0.0017116443502087767
8.76,2.466746940716758,757.6562092236543,0.20961580890806367,0.0003014731781164788,148.9629861420877,1.3101567158261658,0.0017092711931359927
8.765,2.4653753582306965,757.6550271447597,0.20961707382842446,0.0003005390754388901,148.96364062585738,1.308124472531775,0.0017069009874877193
8.77,2.4640051426660663,757.6538490825633,0.20961833589533432,0.0002996069762745102,148.9642938952238,1.306095094013913,0.001704533730121846
8.775,2.4626363481166216,757.6526750835624,0.20961959510798506,0.00029867688163057925,148.96494595949767,1.3040685784704833,0.0017021694179015603
8.78,2.461269028620027,757.6515051940935,0.20962085146555817,0.0002977487925230217,148.96559682794884,1.3020449241081953,0.0016998080476953513
8.785,2.459903238155704,757.6503394603308,0.20962210496722541,0.0002968227099759717,148.9662465098061,1.300024129142365,0.0016974496163770056
8.790000000000001,2.4585390306427226,757.6491779282836,0.20962335561214945,0.00029589863502132535,148.96689501425723,1.298006191796729,0.0016950941208256109
8.795,2.4571764599376493,757.6480206437953,0.2096246033994845,0.0002949765686982693,148.96754235044924,1.2959911103032475,0.001692741557925554
8.8,2.455815579832442,757.6468676525409,0.20962584832837688,0.00029405651205283243,148.9681885274883,1.2939788829019132,0.0016903919245665167
8.805,2.4544564440523056,757.6457190000258,0.2096270903979657,0.00029313846613741954,148.96883355443987,1.2919695078405609,0.0016880452176434811
8.81,2.4530991062535956,757.6445747315834,0.20962832960738345,0.000292222432010364,148.96947744032857,1.2899629833746715,0.00168570143405672
8.815,2.4517436200216722,757.6434348923739,0.20962956595575652,0.00029130841073546365,148.9701201941385,1.287959307767186,0.0016833605707118043
8.82,2.4503900388688122,757.6422995273823,0.20963079944220592,0.00029039640338153667,148.97076182481302,1.2859584792883088,0.0016810226245195902
8.825000000000001,2.44903841623207,757.6411686814163,0.2096320300658479,0.00028948641102195864,148.97140234125513,1.2839604962153186,0.001678687592396227
8.83,2.4476888054711954,757.6400423991049,0.2096332578257944,0.00028857843473422345,148.97204175232716,1.2819653568323797,0.0016763554712631483
8.835,2.4463412598664966,757.6389207248968,0.20963448272115381,0.0002876724755994791,148.9726800668512,1.2799730594303442,0.0016740262580470693
8.84,2.4449958326167707,757.6378037030581,0.2096357047510315,0.00028676853470209495,148.9733172936088,1.277983602306571,0.0016716999496799864
8.845,2.4436525768371675,757.636691377671,0.20963692391453043,0.00028586661312919815,148.9739534413413,1.2759969837647251,0.0016693765430991702
8.85,2.4423115455571294,757.6355837926319,0.20963814021075175,0.00028496671197024437,148.97458851874978,1.2740132021145985,0.0016670560352471649
8.855,2.4409727917182606,757.6344809916496,0.20963935363879532,0.00028406883231655694,148.975222534495,1.2720322556719093,0.001664738423071781
8.86,2.439636368172275,757.6333830182439,0.20964056419776045,0.0002831729752609007,148.9758554971977,1.2700541427581225,0.0016624237035260932
8.865,2.4383023276788705,757.6322899157432,0.2096417718867464,0.0002822791418970234,148.97648741543847,1.268078861700252,0.0016601118735684337
8.870000000000001,2.4369707229036863,757.6312017272837,0.20964297670485288,0.00028138733331923346,148.97711829775784,1.2661064108306799,0.0016578029301623886
8.875,2.435641606416185,757.6301184958071,0.2096441786511808,0.00028049755062194474,148.9777481526564,1.2641367884869616,0.0016554968702767944
8.88,2.4343150306876136,757.629040264059,0.20964537772483274,0.0002796097948992552,148.97837698859482,1.262169993011641,0.0016531936908857252
8.885,2.4329910480888954,757.627967074587,0.20964657392491362,0.0002787240672444976,148.97900481399384,1.2602060227520628,0.0016508933889684972
8.89,2.4316697108886016,757.6268989697398,0.2096477672505311,0.00027784036874982046,148.9796316372345,1.2582448760601834,0.0016485959615096522
8.895,2.4303510712508483,757.6258359916648,0.20964895770079642,0.00027695870050574147,148.98025746665795,1.256286551292386,0.0016463014054989606
8.9,2.4290351812332744,757.6247781823064,0.20965014527482467,0.0002760790636007326,148.98088231056573,1.2543310468092925,0.001644009717931405
8.905,2.4277220927849497,757.623725583405,0.20965132997173566,0.00027520145912077675,148.9815061772197,1.2523783609755792,0.001641720895807184
8.91,2.426411857744363,757.6226782364947,0.20965251179065422,0.0002743258881489567,148.98212907484208,1.250428492159789,0.0016394349361316936
8.915000000000001,2.4251045278373344,757.621636182902,0.2096536907307109,0.00027345235176501424,148.98275101161568,1.2484814387341476,0.0016371518359155294
8.92,2.423800154675017,757.6205994637442,0.2096548667910426,0.0002725808510449454,148.98337199568365,1.2465371990743805,0.0016348715921744737
8.925,2.4224987897518124,757.6195681199273,0.2096560399707929,0.00027171138706055944,148.98399203514987,1.244595771559523,0.0016325942019294866
8.93,2.421200484443387,757.6185421921452,0.20965721026911285,0.00027084396087908143,148.9846111380788,1.242657154571745,0.001630319662206702
8.935,2.4199052900045936,757.6175217208774,0.20965837768516138,0.000269978573562713,148.98522931249553,1.2407213464961584,0.0016280479700374142
8.94,2.418613257567499,757.6165067463878,0.20965954221810593,0.00026911522616824006,148.98584656638596,1.2387883457206443,0.0016257791224580731
8.945,2.417324438139313,757.6154973087228,0.2096607038671229,0.0002682539197465966,148.98646290769668,1.2368581506356604,0.0016235131165102713
8.950000000000001,2.4160388826004295,757.6144934477101,0.2096618626313983,0.0002673946553424768,148.98707834433523,1.2349307596340693,0.0016212499492407374
8.955,2.414756641702361,757.6134952029566,0.20966301851012822,0.000266537433993904,148.98769288416997,1.2330061711109506,0.0016189896177013273
8.96,2.413477766065791,757.6125026138478,0.2096641715025194,0.0002656822567318446,148.9883065350302,1.2310843834634235,0.0016167321189490085
8.965,2.4122023061785223,757.6115157195449,0.20966532160778972,0.0002648291245797838,148.9889193047063,1.229165395090466,0.0016144774500458584
8.97,2.410930312393534,757.6105345589843,0.2096664688251688,0.00026397803855334254,148.98953120094956,1.2272492043927363,0.0016122256080590449
8.975,2.4096618349269465,757.6095591708759,0.20966761315389842,0.00026312899965985756,148.99014223147253,1.2253358097723936,0.0016099765900608244
8.98,2.4083969238560856,757.6085895937011,0.20966875459323325,0.0002622820088980035,148.99075240394887,1.2234252096329208,0.0016077303931285223
8.985,2.407135629117456,757.6076258657117,0.20966989314244108,0.00026143706725737664,148.99136172601337,1.2215174023789463,0.0016054870143445306
8.99,2.4058780005048246,757.6066680249286,0.20967102880080357,0.00026059417571812235,148.99197020526213,1.2196123864160688,0.0016032464507962877
8.995000000000001,2.4046240876671954,757.6057161091394,0.20967216156761667,0.0002597533352505225,148.99257784925254,1.2177101601506788,0.0016010086995762738
9.0,2.4033739401069107,757.6047701558981,0.20967329144219113,0.00025891454681462993,148.99318466550335,1.2158107219897885,0.0015987737577819957
9.005,2.4021276071776354,757.6038302025227,0.20967441842385304,0.00025807781135985653,148.99379066149478,1.2139140703408478,0.0015965416225159736
9.01,2.4008851380824705,757.602896286094,0.20967554251194429,0.0002572431298246168,148.9943958446684,1.212020203611584,0.0015943122908857318
9.015,2.3996465818719472,757.6019684434546,0.2096766637058231,0.0002564105031359182,148.99500022242728,1.2101291202098132,0.0015920857600037826
9.02,2.398411987442156,757.6010467112065,0.2096777820048646,0.00025557993220901075,148.99560380213612,1.2082408185432836,0.001589862026987617
9.025,2.3971814035327497,757.6001311257107,0.20967889740846105,0.0002547514179469821,148.99620659112117,1.2063552970194893,0.0015876410889596882
9.03,2.395954878725086,757.5992217230851,0.20968000991602265,0.0002539249612404123,148.9968085966703,1.2044725540455135,0.0015854229430474008
9.035,2.3947324614402428,757.598318539203,0.20968111952697788,0.0002531005629669737,148.99740982603305,1.2025925880278443,0.0015832075863830945
9.040000000000001,2.393514199937173,757.5974216096923,0.20968222624077393,0.00025227822399109156,148.99801028642082,1.2007153973722196,0.0015809950161040337
9.045,2.392300142310734,757.5965309699338,0.20968333005687725,0.00025145794516354955,148.99860998500662,1.1988409804834468,0.0015787852293523915
9.05,2.3910903364898535,757.5956466550593,0.20968443097477407,0.0002506397273211535,148.9992089289254,1.1969693357652438,0.001576578223275233
9.055,2.389884830235573,757.594768699951,0.20968552899397075,0.0002498235712863449,148.99980712527397,1.1951004616200671,0.0015743739950245072
9.06,2.3886836711392267,757.5938971392399,0.2096866241139943,0.00024900947786686914,149.00040458111093,1.1932343564489498,0.001572172541757024
9.065,2.3874869066204987,757.5930320073039,0.20968771633439287,0.0002481974478553942,149.00100130345692,1.1913710186513327,0.0015699738606344477
9.07,2.3862945839256144,757.5921733382675,0.20968880565473622,0.0002473874820291849,149.00159729929456,1.1895104466249053,0.0015677779488232737
9.075000000000001,2.3851067501254106,757.591321165999,0.20968989207461608,0.0002465795811497266,149.00219257556847,1.1876526387654367,0.0015655848034948202
9.08,2.383923452113546,757.5904755241108,0.2096909755936467,0.0002457737459624075,149.0027871391854,1.1857975934666216,0.0015633944218252087
9.085,2.3827447366045758,757.589636445957,0.2096920562114652,0.00024496997719614366,149.00338099701418,1.1839453091199075,0.0015612068009953474
9.09,2.381570650132185,757.5888039646321,0.20969313392773217,0.0002441682755630715,149.00397415588574,1.1820957841143491,0.0015590219381909187
9.095,2.3804012390472735,757.5879781129704,0.2096942087421319,0.00024336864175817662,149.00456662259327,1.1802490168364335,0.001556839830602359
9.1,2.379236549516204,757.587158923544,0.20969528065437298,0.00024257107645899264,149.00515840389215,1.1784050056699367,0.001554660475424846
9.105,2.3780766275188996,757.586346428662,0.20969634966418868,0.0002417755803252357,149.00574950650002,1.1765637489957517,0.0015524838698582782
9.11,2.376921518847111,757.5855406603687,0.20969741577133727,0.00024098215399851006,149.00633993709678,1.174725245191748,0.0015503100111072623
9.115,2.375771269102526,757.5847416504428,0.20969847897560265,0.00024019079810194804,149.00692970232473,1.1728894926325995,0.0015481388963810914
9.120000000000001,2.3746259236950507,757.5839494303963,0.20969953927679455,0.00023940151323992206,149.00751880878843,1.1710564896896465,0.0015459705228937316
9.125,2.373485527840937,757.5831640314725,0.20970059667474913,0.00023861429999769168,149.0081072630549,1.1692262347307294,0.001543804887863804
9.13,2.3723501265610745,757.5823854846458,0.20970165116932923,0.00023782915894111976,149.00869507165365,1.1673987261200456,0.0015416419885145632
9.135,2.371219764679138,757.5816138206193,0.20970270276042488,0.00023704609061632795,149.00928224107648,1.165573962217992,0.0015394818220738863
9.14,2.3700944868198954,757.5808490698247,0.20970375144795364,0.0002362650955494186,149.0098687777778,1.1637519413810207,0.0015373243857742464
9.145,2.3689743374073653,757.5800912624205,0.20970479723186097,0.0002354861742461362,149.01045468817455,1.1619326619614847,0.0015351696768527035
9.15,2.3678593606631435,757.5793404282907,0.20970584011212076,0.00023470932719159662,149.0110399786461,1.1601161223074965,0.0015330176925508773
9.155,2.366749600604579,757.5785965970442,0.20970688008873556,0.00023393455484995424,149.0116246555345,1.158302320762774,0.001530868430114937
9.16,2.3656451010431145,757.5778597980133,0.20970791716173698,0.00023316185766413862,149.01220872514435,1.156491255666503,0.001528721886795574
9.165000000000001,2.3645459055824767,757.577130060252,0.20970895133118614,0.0002323912360555274,149.01279219374283,1.1546829253531847,0.0015265780598479903
9.17,2.363452057617037,757.5764074125361,0.20970998259717405,0.00023162269042369148,149.01337506755988,1.1528773281525027,0.001524436946531876
9.175,2.3623636003300144,757.5756918833611,0.20971101095982184,0.0002308562211460717,149.01395735278797,1.151074462389168,0.0015222985441113884
9.18,2.361280576691857,757.5749835009411,0.20971203641928124,0.0002300918285777338,149.01453905558236,1.1492743263827934,0.0015201628498551368
9.185,2.360203029458457,757.5742822932085,0.20971305897573495,0.00022932951305105012,149.015120182061,1.147476918447738,0.0015180298610361581
9.19,2.3591310011695525,757.5735882878118,0.20971407862939684,0.0002285692748754625,149.01570073830453,1.1456822368929858,0.001515899574931902
9.195,2.358064534146957,757.5729015121154,0.20971509538051253,0.00022781111433717023,149.01628073035639,1.1438902800219908,0.0015137719888242056
9.200000000000001,2.3570036704929826,757.572221993198,0.20971610922935952,0.00022705503169890014,149.01686016422278,1.1421010461325587,0.0015116470999992774
9.205,2.355948452088682,757.5715497578518,0.20971712017624763,0.00022630102719960266,149.0174390458727,1.1403145335166975,0.001509524905747677
9.21,2.3548989205922903,757.5708848325814,0.2097181282215193,0.00022554910105422664,149.01801738123788,1.1385307404604956,0.0015074054033642902
9.215,2.3538551174374867,757.5702272436026,0.20971913336555,0.00022479925345342475,149.01859517621298,1.1367496652439801,0.0015052885901483141
9.22,2.352817083831852,757.5695770168417,0.2097201356087484,0.00022405148456333473,149.01917243665537,1.1349713061409956,0.0015031744634032313
9.225,2.351784860755149,757.568934177934,0.20972113495155675,0.0002233057945252917,149.01974916838532,1.1331956614190655,0.001501063020436794
9.23,2.3507584889577946,757.5682987522234,0.2097221313944513,0.00022256218345561733,149.02032537718597,1.131422729339273,0.0014989542585609969
9.235,2.3497380089591644,757.5676707647608,0.20972312493794246,0.0002218206514453388,149.02090106880325,1.1296525081561253,0.0014968481750920633
9.24,2.34872346104608,757.5670502403036,0.2097241155825752,0.00022108119855998584,149.02147624894607,1.1278849961174369,0.0014947447673504155
9.245000000000001,2.3477148852711287,757.5664372033144,0.20972510332892924,0.00022034382483931644,149.02205092328614,1.1261201914641965,0.001492644032660661
9.25,2.346712321451175,757.5658316779602,0.20972608817761945,0.00021960853029712307,149.02262509745808,1.1243580924304561,0.0014905459683515667
9.255,2.345715809165694,757.5652336881113,0.2097270701292961,0.00021887531492096267,149.0231987770594,1.1225986972431934,0.0014884505717560356
9.26,2.344725387755306,757.5646432573408,0.2097280491846451,0.00021814417867197351,149.02377196765056,1.1208420041222111,0.0014863578402110904
9.265,2.3437410963201217,757.5640604089228,0.2097290253443883,0.00021741512148461104,149.02434467475481,1.1190880112799986,0.0014842677710578454
9.27,2.3427629737183047,757.5634851658326,0.2097299986092839,0.0002166881432664729,149.0249169038584,1.117336716921634,0.0014821803616414892
9.275,2.3417910585644304,757.5629175507448,0.20973096898012636,0.00021596324389804193,149.02548866041047,1.1155881192446493,0.0014800956093112584
9.28,2.3408253892280673,757.5623575860333,0.2097319364577471,0.00021524042323251946,149.02605994982298,1.1138422164389352,0.0014780135114204195
9.285,2.339866003832157,757.5618052937695,0.20973290104301445,0.00021451968109557538,149.02663077747084,1.1120990066866092,0.0014759340653262415
9.290000000000001,2.3389129402516153,757.5612606957221,0.20973386273683392,0.00021380101728518916,149.0272011486919,1.110358488161923,0.001473857268389977
9.295,2.337966236111731,757.5607238133562,0.2097348215401487,0.00021308443157140895,149.02777106878676,1.1086206590311352,0.0014717831179768392
9.3,2.337025928786784,757.560194667832,0.20973577745393948,0.0002123699236961979,149.0283405430191,1.1068855174524164,0.0014697116114559753
9.305,2.3360920553984688,757.5596732800044,0.20973673047922511,0.00021165749337320324,149.0289095766154,1.1051530615757315,0.0014676427462004492
9.31,2.3351646528145293,757.5591596704222,0.20973768061706258,0.00021094714028760953,149.02947817476496,1.1034232895427438,0.0014655765195872123
9.315,2.334243757647202,757.5586538593271,0.20973862786854724,0.00021023886409591558,149.03004634262004,1.1016961994867012,0.0014635129289970864
9.32,2.3333294062518743,757.5581558666527,0.20973957223481315,0.00020953266442579583,149.03061408529567,1.0999717895323435,0.0014614519718147347
9.325000000000001,2.3324216347255433,757.5576657120242,0.2097405137170332,0.00020882854087588454,149.03118140786972,1.0982500577957903,0.0014593936454286428
9.33,2.331520478905499,757.5571834147573,0.20974145231641927,0.00020812649301564666,149.03174831538294,1.0965310023844552,0.0014573379472310939
9.335,2.330625974367798,757.5567089938579,0.20974238803422265,0.00020742652038516722,149.03231481283888,1.0948146213969296,0.001455284874618142
9.34,2.3297381564259734,757.5562424680204,0.20974332087173392,0.00020672862249503294,149.03288090520383,1.0931009129229077,0.0014532344249895948
9.345,2.3288570601295246,757.5557838556281,0.2097442508302834,0.000206032798826128,149.03344659740694,1.0913898750430686,0.0014511865957489824
9.35,2.327982720262651,757.5553331747515,0.20974517791124117,0.0002053390488295243,149.0340118943401,1.0896815058290052,0.00144914138430354
9.355,2.32711517134276,757.5548904431485,0.2097461021160174,0.00020464737192628485,149.03457680085793,1.0879758033431115,0.0014470987880641788
9.36,2.326254447619224,757.5544556782628,0.20974702344606241,0.0002039577675073623,149.0351413217778,1.0862727656385116,0.0014450588044454666
9.365,2.3254005830719096,757.5540288972239,0.20974794190286683,0.00020327023493341026,149.0357054618797,1.0845723907589513,0.001443021430865599
9.370000000000001,2.324553611409952,757.5536101168464,0.20974885748796182,0.00020258477353468976,149.0362692259064,1.082874676738731,0.0014409866647463788
9.375,2.3237135660703108,757.5531993536287,0.20974977020291932,0.0002019013826108897,149.0368326185633,1.0811796216026013,0.0014389545035131915
9.38,2.3228804802165626,757.5527966237529,0.20975068004935193,0.00020122006143103913,149.03739564451834,1.0794872233656945,0.0014369249445949771
9.385,2.3220543867374785,757.5524019430844,0.2097515870289133,0.00020054080923333795,149.03795830840215,1.0777974800334287,0.0014348979854242121
9.39,2.3212353182458405,757.5520153271705,0.20975249114329822,0.00019986362522507646,149.03852061480796,1.0761103896014397,0.0014328736234368782
9.395,2.3204233070770384,757.5516367912403,0.2097533923942427,0.00019918850858247417,149.03908256829146,1.0744259500554885,0.0014308518560724437
9.4,2.3196183852879084,757.5512663502043,0.2097542907835241,0.00019851545845060755,149.03964417337087,1.072744159371397,0.001428832680773834
9.405,2.318820584655352,757.5509040186533,0.20975518631296133,0.0001978444739432569,149.04020543452697,1.071065015514959,0.0014268160949874116
9.41,2.3180299366751984,757.5505498108581,0.2097560789844149,0.00019717555414284224,149.04076635620285,1.0693885164418777,0.001424802096162947
9.415000000000001,2.3172464725608437,757.5502037407689,0.20975696879978706,0.00019650869810027816,149.04132694280415,1.06771466009768,0.0014227906817535975
9.42,2.3164702232421366,757.5498658220148,0.20975785576102193,0.00019584390483491895,149.0418871986988,1.0660434444176616,0.0014207818492158809
9.425,2.3157012193640374,757.5495360679033,0.20975873987010554,0.00019518117333441925,149.0424471282171,1.0643748673267968,0.001418775596009649
9.43,2.31493949128553,757.5492144914197,0.20975962112906602,0.00019452050255468965,149.04300673565163,1.062708926739693,0.0014167719195980666
9.435,2.314185069078301,757.5489011052264,0.20976049953997358,0.00019386189141976424,149.04356602525726,1.0610456205605014,0.0014147708174475822
9.44,2.3134379825256763,757.5485959216628,0.20976137510494067,0.0001932053388217648,149.04412500125105,1.0593849466828757,0.0014127722870279074
9.445,2.312698261121319,757.5482989527447,0.20976224782612207,0.00019255084362077636,149.04468366781228,1.0577269029898848,0.0014107763258119877
9.450000000000001,2.311965934068192,757.5480102101636,0.2097631177057149,0.00019189840464481917,149.04524202908235,1.056071487353975,0.0014087829312759807
9.455,2.3112410302772797,757.5477297052864,0.2097639847459588,0.00019124802068973357,149.04580008916474,1.0544186976368892,0.0014067921008992302
9.46,2.3105235783665705,757.5474574491552,0.20976484894913588,0.000190599690519158,149.046357852125,1.0527685316896258,0.0014048038321642388
9.465,2.309813606659804,757.5471934524862,0.20976571031757085,0.00018995341286442413,149.0469153219906,1.0511209873523675,0.001402818122556647
9.47,2.309111143185475,757.5469377256701,0.20976656885363096,0.0001893091864245416,149.0474725027511,1.0494760624544401,0.0014008349695652034
9.475,2.3084162156756065,757.546690278771,0.20976742455972627,0.0001886670098661018,149.0480293983578,1.0478337548142465,0.0013988543706817444
9.48,2.3077288515647734,757.5464511215267,0.2097682774383095,0.0001880268818232706,149.04858601272406,1.0461940622392272,0.0013968763234011637
9.485,2.307049077988901,757.5462202633477,0.20976912749187612,0.00018738880089770005,149.04914234972483,1.0445569825257979,0.001394900825221393
9.49,2.306376921784314,757.5459977133168,0.2097699747229644,0.00018675276565852924,149.04969841319692,1.0429225134593145,0.0013929278736433705
9.495000000000001,2.3057124094865546,757.5457834801894,0.20977081913415543,0.00018611877464230392,149.0502542069389,1.041290652814012,0.0013909574661710214
9.5,2.3050555673294606,757.5455775723927,0.20977166072807318,0.00018548682635298637,149.05080973471078,1.039661398352976,0.0013889896003112297
9.505,2.3044064212440003,757.5453799980253,0.20977249950738439,0.00018485691926188087,149.05136500023437,1.0380347478280805,0.0013870242735738118
9.51,2.30376499685738,757.5451907648572,0.20977333547479873,0.00018422905180765355,149.05192000719288,1.0364106989799662,0.0013850614834714954
9.515,2.3031313194919005,757.5450098803293,0.20977416863306877,0.00018360322239626502,149.05247475923096,1.0347892495379807,0.0013831012275198893
9.52,2.3025054141640897,757.5448373515529,0.20977499898498986,0.00018297942940099824,149.05302925995483,1.0331703972201596,0.0013811435032374632
9.525,2.3018873055835827,757.54467318531,0.2097758265334003,0.00018235767116239914,149.0535835129319,1.0315541397331698,0.0013791883081455175
9.53,2.3012770181522795,757.5445173880522,0.2097766512811812,0.0001817379459883122,149.05413752169102,1.029940474772296,0.0013772356397681628
9.535,2.300674575963246,757.5443699659016,0.20977747323125656,0.00018112025215382918,149.05469128972214,1.0283294000213845,0.0013752854956322902
9.540000000000001,2.3000800027999,757.5442309246496,0.20977829238659318,0.0001805045879013321,149.05524482047645,1.026720913152833,0.00137333787326755
9.545,2.2994933221349374,757.5441002697567,0.20977910875020064,0.00017989095144045104,149.0557981173662,1.025115011827542,0.0013713927702063255
9.55,2.2989145571295357,757.5439780063529,0.2097799223251313,0.0001792793409481127,149.0563511837647,1.0235116936949025,0.0013694501839837047
9.555,2.298343730632312,757.5438641392371,0.20978073311448026,0.0001786697545685082,149.0569040230062,1.0219109563927538,0.0013675101121374607
9.56,2.297780865178549,757.5437586728772,0.20978154112138528,0.0001780621904131479,149.0574566383859,1.0203127975473727,0.0013655725522080209
9.565,2.2972259829891764,757.5436616114091,0.20978234634902684,0.0001774566465608379,149.05800903315978,1.018717214773437,0.0013636375017384475
9.57,2.296679105970023,757.543572958638,0.20978314880062793,0.00017685312105774172,149.05856121054467,1.0171242056740155,0.0013617049582744065
9.575000000000001,2.2961402557108226,757.5434927180368,0.20978394847945409,0.0001762516119173646,149.05911317371803,1.0155337678405356,0.0013597749193641484
9.58,2.295609453484492,757.5434208927467,0.20978474538881334,0.00017565211712062374,149.05966492581797,1.013945898852779,0.0013578473825584805
9.585,2.2950867202461582,757.543357485577,0.20978553953205611,0.0001750546346158383,149.0602164699432,1.0123605962788464,0.0013559223454107396
9.59,2.2945720766324667,757.543302499005,0.20978633091257523,0.00017445916231880888,149.06076780915285,1.0107778576751634,0.0013539998054767732
9.595,2.2940655429606296,757.5432559351758,0.20978711953380572,0.00017386569811281426,149.06131894646649,1.0091976805864447,0.0013520797603149076
9.6,2.293567139227762,757.5432177959024,0.20978790539922473,0.00017327423984869837,149.06186988486397,1.0076200625457028,0.0013501622074859295
9.605,2.2930768851099526,757.5431880826652,0.20978868851235166,0.0001726847853448746,149.0624206272855,1.0060450010742177,0.0013482471445530552
9.61,2.2925947999616283,757.5431667966126,0.20978946887674776,0.00017209733238741988,149.0629711766314,1.004472493681547,0.0013463345690819127
9.615,2.2921209028146476,757.5431539385604,0.2097902464960163,0.00017151187873008667,149.06352153576225,1.0029025378654997,0.0013444244786405093
9.620000000000001,2.291655212377692,757.5431495089921,0.20979102137380226,0.00017092842209440371,149.06407170749847,1.0013351311121486,0.0013425168707992135
9.625,2.2911977470353864,757.5431535080587,0.2097917935137924,0.00017034696016969675,149.06462169462057,0.9997702708958094,0.0013406117431307282
9.63,2.2907485248477117,757.5431659355787,0.20979256291971504,0.00016976749061319387,149.0651714998689,0.9982079546790528,0.0013387090932100636
9.635,2.290307563549154,757.5431867910384,0.20979332959533997,0.00016919001105005608,149.06572112594364,0.9966481799126896,0.0013368089186145172
9.64,2.2898748805481435,757.5432160735912,0.2097940935444784,0.00016861451907348798,149.06627057550463,0.995090944035785,0.001334911216923646
9.645,2.2894504929262283,757.5432537820589,0.2097948547709827,0.0001680410122447763,149.06681985117146,0.993536244475647,0.0013330159857192446
9.65,2.2890344174375383,757.5432999149303,0.20979561327874638,0.000167469488093407,149.06736895552314,0.9919840786478429,0.001331123222585318
9.655,2.288626670507984,757.5433544703625,0.20979636907170393,0.00016689994411711123,149.0679178910983,0.9904344439561922,0.0013292329251080616
9.66,2.2882272682347504,757.5434174461799,0.20979712215383067,0.00016633237778198895,149.06846666039493,0.9888873377927855,0.0013273450908758324
9.665000000000001,2.2878362263855174,757.5434888398752,0.20979787252914267,0.00016576678652256187,149.06901526587035,0.9873427575379795,0.0013254597174791286
9.67,2.287453560397983,757.5435686486088,0.20979862020169643,0.00016520316774190446,149.06956370994106,0.9858007005604228,0.0013235768025105655
9.675,2.2870792853791064,757.5436568692096,0.20979936517558895,0.00016464151881170213,149.07011199498285,0.9842611642170475,0.0013216963435648472
9.68,2.28671341610466,757.5437534981745,0.20980010745495747,0.00016408183707239046,149.07066012333044,0.9827241458531032,0.0013198183382387497
9.685,2.286355967018499,757.5438585316688,0.20980084704397928,0.0001635241198332195,149.07120809727766,0.9811896428021503,0.00131794278413109
9.69,2.286006952232136,757.5439719655265,0.2098015839468716,0.00016296836437239916,149.07175591907716,0.9796576523860964,0.0013160696788427101
9.695,2.2856663855240393,757.5440937952502,0.2098023181678914,0.0001624145679371706,149.07230359094046,0.9781281719151925,0.0013141990199764452
9.700000000000001,2.285334280339234,757.5442240160115,0.20980304971133532,0.0001618627277439573,149.07285111503782,0.9766011986880728,0.0013123308051371074
9.705,2.2850106497886267,757.5443626226511,0.20980377858153926,0.0001613128409784447,149.07339849349813,0.9750767299917557,0.0013104650319314588
9.71,2.284695506648633,757.5445096096787,0.2098045047828785,0.00016076490479573463,149.0739457284089,0.9735547631016808,0.0013086016979681875
9.715,2.2843888633605265,757.5446649712741,0.20980522831976722,0.00016021891632043395,149.0744928218161,0.9720352952817193,0.0013067408008578876
9.72,2.2840907320300947,757.5448287012862,0.2098059491966586,0.00015967487264681386,149.07503977572412,0.9705183237842105,0.0013048823382130327
9.725,2.283801124427014,757.5450007932344,0.20980666741804438,0.0001591327708389051,149.07558659209562,0.9690038458499758,0.0013030263076479558
9.73,2.2835200519845325,757.5451812403082,0.2098073829884548,0.0001585926079306629,149.07613327285154,0.9674918587083574,0.0013011727067788238
9.735,2.283247525798871,757.5453700353676,0.20980809591245841,0.0001580543809260689,149.07667981987092,0.965982359577236,0.0012993215332236176
9.74,2.2829835566289325,757.5455671709433,0.2098088061946618,0.00015751808679930133,149.07722623499095,0.964475345663072,0.0012974727846021062
9.745000000000001,2.2827281548957306,757.5457726392373,0.20980951383970936,0.00015698372249484338,149.07777252000665,0.9629708141609256,0.001295626458535827
9.75,2.282481330682123,757.5459864321228,0.2098102188522832,0.00015645128492765943,149.0783186766711,0.9614687622545024,0.0012937825526480626
9.755,2.2822430937322706,757.5462085411453,0.2098109212371029,0.00015592077098330792,149.07886470669513,0.9599691871161723,0.0012919410645638163
9.76,2.2820134534513947,757.5464389575217,0.20981162099892514,0.00015539217751812454,149.07941061174722,0.9584720859070226,0.0012901019919097938
9.765,2.281792418905263,757.5466776721414,0.20981231814254372,0.00015486550135934056,149.07995639345353,0.9569774557768767,0.0012882653323143766
9.77,2.281579998819978,757.5469246755672,0.20981301267278912,0.00015434073930527094,149.0805020533978,0.9554852938643502,0.0012864310834076046
9.775,2.2813762015814825,757.5471799580345,0.20981370459452836,0.00015381788812543885,149.08104759312116,0.9539955972968729,0.0012845992428211495
9.78,2.2811810352353787,757.5474435094524,0.20981439391266485,0.00015329694456076855,149.0815930141222,0.9525083631907475,0.0012827698081882986
9.785,2.280994507486462,757.5477153194038,0.209815080632138,0.00015277790532371605,149.08213831785676,0.9510235886511732,0.0012809427771439267
9.790000000000001,2.2808166256985647,757.5479953771463,0.20981576475792305,0.00015226076709846614,149.08268350573795,0.9495412707723077,0.0012791181473244802
9.795,2.2806473968941177,757.5482836716121,0.20981644629503088,0.00015174552654107008,149.08322857913595,0.948061406637295,0.0012772959163679534
9.8,2.2804868277540207,757.5485801914087,0.2098171252485077,0.0001512321802796452,149.083773539378,0.9465839933183252,0.0012754760819138657
9.805,2.280334924617231,757.5488849248192,0.20981780162343483,0.0001507207249145201,149.08431838774828,0.9451090278766702,0.0012736586416032436
9.81,2.280191693480661,757.5491978598026,0.20981847542492837,0.00015021115701843762,149.0848631254879,0.9436365073627425,0.0012718435930785974
9.815,2.2800571399987932,757.5495189839952,0.2098191466581391,0.00014970347313670603,149.0854077537947,0.9421664288161348,0.0012700309339839018
9.82,2.2799312694836047,757.5498482847097,0.20981981532825209,0.00014919766978740588,149.0859522738233,0.9406987892656805,0.001268220661964573
9.825000000000001,2.279814086904211,757.5501857489368,0.20982048144048646,0.00014869374346154662,149.08649668668488,0.9392335857294958,0.001266412774667451
9.83,2.279705596886816,757.5505313633453,0.2098211450000952,0.00014819169062327834,149.08704099344726,0.9377708152150444,0.0012646072697407782
9.835,2.2796058037143814,757.5508851142824,0.20982180601236478,0.00014769150771005188,149.0875851951347,0.9363104747191774,0.0012628041448341757
9.84,2.279514711326608,757.551246987775,0.20982246448261496,0.00014719319113283612,149.08812929272779,0.9348525612282056,0.0012610033975986293
9.845,2.27943232331963,757.5516169695293,0.20982312041619855,0.00014669673727628248,149.08867328716352,0.9333970717179383,0.0012592050256864634
9.85,2.2793586429460215,757.5519950449318,0.20982377381850104,0.00014620214249894605,149.08921717933504,0.9319440031537587,0.0012574090267513265
9.855,2.2792936731145206,757.5523811990503,0.20982442469494036,0.00014570940313345505,149.08976097009167,0.9304933524906656,0.0012556153984481654
9.86,2.2792374163900617,757.5527754166337,0.20982507305096665,0.00014521851548673546,149.09030466023887,0.9290451166733499,0.0012538241384332128
9.865,2.2791898749935267,757.553177682113,0.2098257188920619,0.00014472947584018555,149.09084825053802,0.9275992926362392,0.0012520352443639595
9.870000000000001,2.279151050801805,757.5535879796022,0.20982636222373968,0.0001442422804499034,149.09139174170645,0.9261558773035757,0.0012502487138991438
9.875,2.2791209453475725,757.5540062928983,0.20982700305154497,0.0001437569255468672,149.09193513441735,0.9247148675894655,0.001248464544698726
9.88,2.2790995598193775,757.5544326054825,0.20982764138105364,0.00014327340733716413,149.0924784292997,0.9232762603979533,0.0012466827344238703
9.885,2.279086895061447,757.5548669005203,0.20982827721787242,0.00014279172200217703,149.09302162693814,0.9218400526230792,0.0012449032807369293
9.89,2.2790829515738014,757.5553091608631,0.20982891056763842,0.00014231186569881548,149.093564727873,0.9204062411489525,0.0012431261813014211
9.895,2.279087729512086,757.5557593690475,0.2098295414360188,0.00014183383455970697,149.09410773260012,0.9189748228498111,0.0012413514337820143
9.9,2.279101228687712,757.5562175072972,0.20983016982871075,0.0001413576246934308,149.09465064157087,0.9175457945900976,0.0012395790358445062
9.905,2.2791234485677188,757.5566835575232,0.2098307957514408,0.00014088323218471372,149.09519345519195,0.9161191532245201,0.0012378089851558078
9.91,2.2791543882749408,757.5571575013248,0.20983141920996487,0.00014041065309466628,149.09573617382551,0.9146948955981303,0.0012360412793839225
9.915000000000001,2.2791940465878935,757.5576393199896,0.20983204021006774,0.0001399398834609826,149.09627879778895,0.9132730185463864,0.0012342759161979306
9.92,2.2792424219409724,757.5581289944948,0.2098326587575628,0.00013947091929817992,149.09682132735486,0.9118535188952345,0.001232512893267972
9.925,2.2792995124243642,757.5586265055084,0.2098332748582918,0.00013900375659780091,149.09736376275103,0.9104363934611686,0.0012307522082652242
9.93,2.279365315784272,757.559131833389,0.20983388851812446,0.00013853839132865696,149.0979061041603,0.9090216390513189,0.0012289938588618912
9.935,2.2794398294228553,757.5596449581869,0.20983449974295817,0.00013807481943703363,149.09844835172052,0.9076092524635121,0.0012272378427311795
9.94,2.2795230503984807,757.5601658596455,0.20983510853871779,0.00013761303684693625,149.09899050552457,0.9061992304863595,0.0012254841575472877
9.945,2.2796149754256896,757.5606945172013,0.2098357149113551,0.0001371530394602991,149.09953256562014,0.9047915698993209,0.001223732800985383
9.950000000000001,2.2797156008754764,757.561230909985,0.20983631886684875,0.00013669482315723265,149.10007453200984,0.9033862674727936,0.0012219837707215897
9.955,2.2798249227752843,757.5617750168226,0.20983692041120372,0.00013623838379623734,149.10061640465105,0.9019833199681798,0.00122023706443297
9.96,2.2799429368093094,757.5623268162356,0.20983751955045116,0.00013578371721445097,149.10115818345585,0.9005827241379729,0.0012184926797975063
9.965,2.2800696383185226,757.5628862864423,0.20983811629064797,0.00013533081922786729,149.101699868291,0.8991844767258308,0.0012167506144940886
9.97,2.2802050223010033,757.563453405359,0.20983871063787649,0.0001348796856315845,149.10224145897791,0.8977885744666612,0.0012150108662024946
9.975,2.280349083411987,757.5640281506002,0.20983930259824418,0.000134430312200027,149.10278295529253,0.8963950140866976,0.0012132734326033763
9.98,2.2805018159642247,757.5646104994794,0.20983989217788337,0.00013398269468719543,149.10332435696535,0.895003792303586,0.001211538311378242
9.985,2.2806632139280616,757.5652004290108,0.2098404793829508,0.0001335368288268917,149.1038656636813,0.8936149058264612,0.0012098055002094433
9.99,2.2808332709318195,757.5657979159097,0.2098410642196274,0.00013309271033297017,149.10440687507977,0.8922283513560361,0.0012080749967801564
9.995000000000001,2.2810119802618787,757.5664029365931,0.20984164669411787,0.00013265033489956354,149.1049479907545,0.8908441255846777,0.0012063467987743698
10.0,2.281199334863128,757.5670154671815,0.2098422268126504,0.0001322096982013388,149.1054890102536,0.8894622251965006,0.001204620903876868
