time_s,V_A,P_A,f_o,f_c,p_o,p_c,z
0,1,760,0.1368,0.05263,40,46,4.4219e-07
0.005,1.0160918290591312,759.9669229050655,0.13679981748105477,0.052628568680618694,40.67272988001879,43.39192266537721,7.060558232443667e-05
0.01,1.031993969370359,759.9342719838418,0.13680715436429433,0.05262146349108284,41.363982697935725,41.07213533165054,0.0001367216065185192
0.015,1.0477088772152894,759.9020421662627,0.13682168041404422,0.052608966305476325,42.074830210148214,39.0087621563898,0.0001992280437476524
0.02,1.0632389779560025,759.8702284316659,0.13684308386002672,0.05259133986599324,42.80639947999509,37.17343607543601,0.00025851427898463655
0.025,1.0785866664153874,759.8388258095254,0.136871070013323,0.052568829567930374,43.559874574487644,35.54091285374714,0.0003149266324462513
0.03,1.0937543072526303,759.8078293800327,0.13690536001449163,0.05254166504055074,44.33649771249778,34.088727773891094,0.0003687731018103811
0.035,1.1087442353339567,759.7772342745404,0.1369456896986411,0.05251006155063173,45.13756966738082,32.796890116512905,0.0004203275821763492
0.04,1.1235587560988483,759.747035675888,0.13699180856393547,0.052474221251868125,45.964449176944186,31.64761116014597,0.0004698336228113109
0.045,1.1382001459217987,759.7172288186213,0.1370434788322842,0.052434334299366496,46.818551051658424,30.625062035060132,0.0005175077713361776
0.05,1.1526706524697479,759.687808989117,0.1371004745921846,0.0523905798459996,47.70134259591436,29.715158141681265,0.0005635425508111307
0.055,1.1669724950545401,759.6587715256258,0.13716258101587406,0.05234312693392436,48.61433788452488,28.905367556488287,0.0006081091053372012
0.06,1.1811078649812168,759.6301118182402,0.1372295936414961,0.05229213529560152,49.55908932121145,28.184540381264213,0.0006513595562426787
0.065,1.1950789258921102,759.6018253087984,0.13730131771508491,0.05223775607374381,50.5371758328901,27.542756657488436,0.000693429101739504
0.07,1.2088878141069734,759.5739074907282,0.13737756758456382,0.05218013247094815,51.55018689691571,26.971190941602153,0.0007344378863505831
0.075,1.2225366389594063,759.5463539088381,0.1374581661405429,0.052119400336926004,52.599701413516186,26.461991712733536,0.0007744926653807134
0.08,1.2360274831268956,759.5191601590626,0.13754294430128786,0.05205568869788443,53.68726050269639,26.008174799987177,0.0008136882756686197
0.085,1.2493624029581971,759.4923218881637,0.13763174053511062,0.05198912023772227,54.81433303815189,25.60352786422206,0.0008521089536154144
0.09,1.2625434287976318,759.4658347933917,0.1377244004166249,0.05191981173570682,55.98227277163182,25.242525072272397,0.0008898295123985157
0.095,1.2755725653055887,759.4396946221068,0.1378207762120053,0.051847874465735855,57.19226541934358,24.920251416054327,0.0009269163859143069
0.1,1.2884517917706317,759.4138971713728,0.1379207264939315,0.05177341455769348,58.445265257498704,24.632336336506167,0.0009634285441713186
0.105,1.3011830624222325,759.3884382875106,0.13802411578030274,0.05169653332930236,59.74192044125079,24.374893232423233,0.0009994183274331307
0.11,1.3137683067421435,759.363313865614,0.13813081419039502,0.05161732759277121,61.08248525229436,24.144465596370974,0.0010349321887850066
0.115,1.326209429762352,759.3385198490479,0.13824069712407502,0.051535889931382674,62.4667217146387,23.937980855212178,0.0010700113302653683
0.12,1.338508312367165,759.3140522289036,0.138353644957312,0.05145230895581109,63.8937919915985,23.75270742391601,0.0011046922946831162
0.125,1.3506668115947686,759.2899070434155,0.13846954274701515,0.0513666695436001,65.36214176881556,23.586216564958185,0.0011390074910189879
0.13,1.3626867609201219,759.2660803773734,0.13858827995545803,0.051279053053874646,66.86938458092489,23.43635043648235,0.0011729856343570347
0.135,1.374569970552632,759.2425683614787,0.13870975018382195,0.05118953753057809,68.41219124689584,23.3011908341469,0.0012066521763215087
0.14,1.3863182277194919,759.2193671716881,0.13883385091331488,0.05109819789076751,69.98619380820197,23.179033404342807,0.0012400296598654922
0.145,1.3979332969411702,759.1964730285579,0.13896048326719915,0.05100510609386358,71.5859197610329,23.068364416239017,0.0012731380388327092
0.15,1.4094169203246014,759.1738821965278,0.13908955177232,0.05091033130778325,73.20476581663824,22.96783848917796,0.0013059949842945111
0.155,1.4207708178179772,759.151590983279,0.13922096414604965,0.050813940053009786,74.83502695647378,22.87626178762786,0.0013386161154031926
0.16,1.431996687505504,759.1295957390189,0.13935463108942134,0.050715996345747076,76.46799319027107,22.792573298653732,0.001371015256800577
0.165,1.443096205852064,759.1078928558837,0.1394904661029938,0.050616561823552404,78.094119562098,22.715832109374595,0.0014032046131052824
0.17,1.454071027990865,759.0864787672941,0.1396283853207566,0.05051569586697157,79.70326859568424,22.645202344193184,0.0014351949758574904
0.17500000000000002,1.4649227879642126,759.0653499474533,0.13976830736498225,0.05041345570962983,81.28502652466902,22.57994312884219,0.0014669958609418727
0.18,1.475653099002032,759.0445029108266,0.13991015322684464,0.05030989654118562,82.82905497010331,22.519396651796715,0.0014986156724525904
0.185,1.4862635537563937,759.0239342117884,0.14005384616821492,0.05020507160284111,84.32548412013674,22.462980327410065,0.001530061809794381
0.19,1.4967557245778516,759.003640444233,0.1401993116472106,0.05009903227568291,85.76527807808719,22.4101770579701,0.0015613408012112042
0.195,1.5071311637340399,758.9836182413977,0.14034647726629929,0.04999182816178268,87.1405760034944,22.36052950466456,0.0015924583818372195
0.2,1.5173914036946416,758.9638642755598,0.14049527273117454,0.04988350716243955,88.44495567370113,22.31363175284095,0.0016234196078823775
0.20500000000000002,1.5275379573263277,758.9443752580083,0.14064562983358378,0.049774115545666325,89.67360643098105,22.2691254264622,0.0016542289093045817
0.21,1.5375723181866883,758.9251479387708,0.14079748242611634,0.04966369801776736,90.82341179545415,22.226692600982698,0.0016848901867710887
0.215,1.5474959607083518,758.906179106621,0.14095076641891335,0.04955229778024964,91.8929221317699,22.186052850299273,0.0017154068515541805
0.22,1.5573103404786024,758.8874655888244,0.14110541975663288,0.04943995659468978,92.8822507418654,22.14695791325784,0.0017457818982768534
0.225,1.5670168944342242,758.86900425106,0.1412613824080354,0.049326714834215496,93.79290017272375,22.109188893029835,0.0017760179427782298
0.23,1.5766170411180884,758.8507919971405,0.14141859633448936,0.04921261154098499,94.62754286234407,22.072552442270073,0.0018061172739315947
0.23500000000000001,1.5861121808822294,758.8328257688278,0.1415770054637392,0.049097684474881366,95.38977920782592,22.036878286255014,0.0018360818870698972
0.24,1.5955036961287945,758.8151025454765,0.14173655564381213,0.048981970164515255,96.08390025482865,22.002016345382167,0.001865913522929522
0.245,1.6047929515165,758.7976193437459,0.14189719460002678,0.048865503953532556,96.71465094560659,21.967834677329567,0.0018956136953130896
0.25,1.6139812941851872,758.7803732171884,0.14205887187804447,0.04874832004602958,97.28703467955283,21.934217316309663,0.0019251837202017752
0.255,1.6230700539703833,758.7633612558475,0.14222153878516225,0.04863045155065642,97.80613358342293,21.901062502311476,0.0019546247394823884
0.26,1.6320605436091555,758.7465805858347,0.1423851483295397,0.04851193052128111,98.27697008615645,21.868281115500125,0.00198393774189478
0.265,1.6409540589591174,758.7300283688414,0.14254965515223503,0.04839278799790901,98.70440241755377,21.835795167487827,0.0020131235831860684
0.27,1.6497518791956132,758.713701801704,0.14271501546480483,0.04827305404422778,99.0930400254343,21.803536616496622,0.0020421830018324343
0.275,1.658455267021675,758.6975981159017,0.14288118698201246,0.04815275778417809,99.44719802816567,21.77144618149906,0.0020711166347936517
0.28,1.6670654688702362,758.6817145770801,0.14304812885752474,0.048031927437389745,99.77086271080651,21.739472352922736,0.002099925030557709
0.28500000000000003,1.675583715096664,758.6660484845902,0.14321580162341424,0.047910590351555545,100.06767742001531,21.707570527260476,0.002128608660522476
0.29,1.6840112201868682,758.650597170978,0.14338416712692875,0.04778877303526974,100.34094689445227,21.675702161344244,0.0021571679300920314
0.295,1.692349182938058,758.6353580015602,0.14355318847645723,0.047666501187477284,100.59363889513658,21.64383413284481,0.002185603186972328
0.3,1.7005987866642545,758.6203283739177,0.14372282998365726,0.04754379972702481,100.82840890795411,21.61193805189131,0.0022139147301403596
0.305,1.708761199374302,758.6055057174837,0.14389305711402134,0.047420692820047516,101.04761212594676,21.57998975758842,0.002242102816284471
0.31,1.7168375739674488,758.59088749307,0.1440638364364831,0.04729720390620827,101.25333310573401,21.547968786414103,0.0022701676666549105
0.315,1.7248290484139335,758.5764711924542,0.14423513557766834,0.04717335572439005,101.44740431711365,21.515857957557316,0.002298109472296987
0.32,1.7327367459385414,758.5622543379453,0.14440692317882772,0.047049170335936384,101.63143369087479,21.48364297138371,0.0023259283991486973
0.325,1.7405617752027038,758.5482344819741,0.14457916885396727,0.04692466914867159,101.80682496202365,21.451312069372715,0.0023536245922643312
0.33,1.7483052304801612,758.5344092066865,0.1447518431525625,0.04679987293772785,101.97480195816321,21.418855724644246,0.002381198179676319
0.335,1.7559681918343872,758.5207761235533,0.1449249175221761,0.04667480186772971,102.13642633725884,21.38626637472436,0.002408649275638288
0.34,1.7635517252951847,758.5073328729654,0.1450983642750279,0.046549475511903485,102.29262002881816,21.353538169592053,0.002435977983717336
0.34500000000000003,1.7710568830202253,758.4940771238917,0.14527215655592315,0.04642391287203116,102.44417715215698,21.320666777674006,0.002463184399060956
0.35000000000000003,1.7784847034859186,758.4810065734417,0.14544626831056473,0.04629813239678618,102.59178642469723,21.28764916518734,0.002490268611064276
0.355,1.7858362116205553,758.4681189465994,0.14562067425958414,0.046172151998806546,102.73603635008624,21.254483469517364,0.0025172307047581625
0.36,1.7931124190158245,758.4554119957404,0.14579534986725434,0.04604598907317188,102.8774367860072,21.22116880303477,0.002544070763126591
0.365,1.8003143240390085,758.4428835004135,0.14597027132077034,0.045919660511419366,103.01642146839744,21.18770516682835,0.002570788867996645
0.37,1.80744291203911,758.430531266887,0.14614541550074908,0.045793182719930325,103.1533631145862,21.15409329937683,0.0025973851017295625
0.375,1.8144991554865393,758.4183531278496,0.14632075996154628,0.04566657163263461,103.28858087434737,21.120334588402777,0.002623859548159753
0.38,1.8214840141099728,758.4063469421393,0.1464962829088226,0.04553984272625989,103.42234377723479,21.08643098817133,0.002650212293401006
0.385,1.8283984351099796,758.3945105942636,0.14667196317524972,0.04541301103553037,103.55488408246485,21.052384913186913,0.0026764434269740756
0.39,1.8352433532445718,758.3828419942437,0.14684778020572717,0.04528609116369001,103.68639662813742,21.018199195611643,0.002702553042159891
0.395,1.8420196910185294,758.3713390772147,0.14702371403368197,0.045159097298259336,103.81704587318917,20.983877005043833,0.0027285412367501994
0.4,1.848728358857151,758.3599998030385,0.1471997452635832,0.04503204322240225,103.9469731303173,20.94942179329611,0.0027544081135481044
0.405,1.8553702551797748,758.3488221561846,0.1473758550570101,0.0449049423250743,104.07629465815627,20.914837258607697,0.002780153780632643
0.41000000000000003,1.8619462666100401,758.3378041452773,0.14755202511055748,0.04477780761579754,104.20510821217643,20.88012728757416,0.0028057783518162386
0.41500000000000004,1.8684572681326446,758.3269438027482,0.1477282376417026,0.04465065173410633,104.33349738249355,20.845295925618753,0.0028312819468289453
0.42,1.874904123156024,758.316239184743,0.14790447537656962,0.04452348695853118,104.46152961001012,20.810347345622034,0.0028566646915456945
0.425,1.88128768370592,758.3056883707109,0.14808072153061103,0.044396325219789035,104.58926029196853,20.775285810003172,0.002881926718196249
0.43,1.8876087906115344,758.2952894629881,0.1482569597939921,0.04426917811066575,104.71673666040513,20.740115654649102,0.0029070681653467884
0.435,1.8938682735671235,758.2850405866961,0.14843317432213177,0.0441420568929299,104.84399658788924,20.70484126735037,0.002932089178035497
0.44,1.9000669512316954,758.2749398895605,0.14860934972189127,0.04401497250712787,104.97106902052269,20.669467054115895,0.0029569899080065646
0.445,1.9062056315043485,758.2649855412961,0.14878547103196868,0.04388793558600457,105.09797816638229,20.633997434869112,0.0029817705134350028
0.45,1.912285111589819,758.2551757334677,0.14896152371744295,0.043760956458357085,105.22474380800914,20.5984368399004,0.0030064311588806876
0.455,1.9183061780551842,758.24550867942,0.14913749365828383,0.04363404515745291,105.35137980260971,20.56278967313218,0.0030309720155980283
0.46,1.9242696069908731,758.235982613939,0.14931336713572751,0.043507211430516876,105.47789590348864,20.52706030115114,0.0030553932614517396
0.465,1.9301761642631272,758.2265957926882,0.149489130816091,0.04338046475001668,105.60429979408224,20.49125306584295,0.003079695080453707
0.47000000000000003,1.9360266055498954,758.2173464921344,0.14966477174782156,0.043253814315776344,105.73059705556821,20.455372282661596,0.0031038776627339204
0.47500000000000003,1.9418216764041243,758.2082330094688,0.14984027734990332,0.0431272690634324,105.8567900030525,20.419422200117285,0.003127941204898345
0.48,1.947562112354418,758.1992536624051,0.150015635402745,0.04300083767082092,105.98287865248743,20.38340699031922,0.003151885909999547
0.485,1.9532486392287796,758.1904067884554,0.1501908340294456,0.042874528571158164,106.10886222029596,20.347330779242053,0.003175711986772939
0.49,1.9588819731792095,758.1816907448757,0.15036586169420046,0.042748349954173454,106.23473916884184,20.31119764801547,0.0031994196495897073
0.495,1.96446282077569,758.1731039084867,0.15054070719380674,0.04262230977223512,106.36050685387336,20.275011619595478,0.0032230091184865784
0.5,1.9699918789601496,758.1646446758505,0.1507153596516258,0.042496415744786874,106.48616082118299,20.238776598101616,0.003246480619907724
0.505,1.97546983534614,758.1563114625901,0.15088980850266268,0.04237067536881851,106.61169616596128,20.202496413346445,0.003269834385805291
0.51,1.9808973684435391,758.1481027028923,0.1510640434811071,0.04224509592772112,106.7371078625846,20.16617484307531,0.0032930706530963417
0.515,1.9862751476585796,758.1400168495067,0.1512380546203319,0.04211968449128847,106.86239076460491,20.12981561296725,0.00331618966366281
0.52,1.991603833384362,758.1320523735661,0.15141183224621982,0.041994447920512316,106.98753945146791,20.09342238949633,0.0033391916643258357
0.525,1.9968840769828458,758.1242077647221,0.15158536696831276,0.041869392874035495,107.11254756589253,20.056998704133484,0.0033620769077451263
0.53,2.0021165209016765,758.116481530869,0.1517586496756275,0.04174452581102947,107.2374085716277,20.02054798816339,0.0033848456518530408
0.535,2.0073017990894013,758.1088721972187,0.15193167151616138,0.04161985300578274,107.36211608775497,19.984073622240686,0.0034074981587715325
0.54,2.012440537004224,758.1013783062813,0.1521044238963992,0.04149538054805354,107.48666388782117,19.947578936911007,0.0034300346947955087
0.545,2.017533351614005,758.093998417865,0.15227689848131298,0.0413711143430698,107.61104589983842,19.91106721261097,0.003452455530392832
0.55,2.0225808515298787,758.0867311088135,0.15244908718527217,0.041247060118054055,107.73525607498703,19.874541666025767,0.0034747609402212367
0.555,2.0275836369278135,758.0795749732921,0.15262098216562053,0.04112322342693243,107.85928785290461,19.83800535752011,0.003496951204307328
0.56,2.0325422996543834,758.0725286225104,0.15279257582178243,0.04099960965087237,107.9831347069251,19.801461252619106,0.0035190266071676323
0.5650000000000001,2.037457423702691,758.0655906836654,0.1529638607734376,0.04087622401383578,108.10679038048792,19.764912272537085,0.003540987436678851
0.5700000000000001,2.042329585218787,758.0587597999279,0.15313482986018176,0.04075307158282167,108.23024888689419,19.728361294412593,0.003562833984068022
0.5750000000000001,2.0471593525016716,758.0520346304423,0.15330547614152665,0.04063015726786611,108.35350450930659,19.69181115130841,0.0035845665439125244
0.58,2.05194728601106,758.045413850311,0.15347579289647398,0.04050748582234729,108.47655180011273,19.655264631783538,0.003606185414137749
0.585,2.0566939385983987,758.0388961501816,0.15364577360628412,0.04038506185537611,108.5993852840883,19.618724422191296,0.003627690896490934
0.59,2.061399855172958,758.0324802370397,0.15381541196460183,0.04026288982462897,108.72199902595764,19.582193058462956,0.0036490832974197
0.595,2.066065573201859,758.0261648330414,0.1539847018609742,0.04014097404800013,108.84438731196737,19.54567302627453,0.0036703629263433856
0.6,2.070691622944983,758.0199486750032,0.1541536373702056,0.040019318711194636,108.9665447729688,19.509166772241826,0.0036915300952873424
0.605,2.0752785274549717,758.0138305144025,0.15432221275235772,0.03989792786772837,109.08846638441811,19.472676703920417,0.003712585118882935
0.61,2.0798268025772275,758.0078091173767,0.1544904224527495,0.039776805438928045,109.21014746637623,19.436205189805673,0.003733528314367544
0.615,2.0843369569540973,758.0018832647157,0.15465826110174036,0.03965595521408654,109.33158368263314,19.39975455896015,0.0037543600015854943
0.62,2.088809492241557,757.9960517514875,0.15482572349975943,0.039535380861246465,109.45277063342404,19.36332704355155,0.003775080503498849
0.625,2.093244902824158,757.9903133877202,0.15499280462496076,0.03941508592180979,109.5737032349987,19.326924746567244,0.003795690146795567
0.63,2.0976436762379214,757.9846669973942,0.1551594996216283,0.039295073818677154,109.69437664051324,19.290549731243203,0.0038161892604043476
0.635,2.102006293414677,757.9791114179168,0.15532580378980002,0.039175347863647236,109.81478641112155,19.254204025050598,0.0038365781752327755
0.64,2.106333228682061,757.9736455001223,0.15549171258526764,0.03905591125741683,109.93492851597523,19.2178896196958,0.003856857224167322
0.645,2.1106249497635168,757.9682681082727,0.15565722161957696,0.03893676708958075,110.05479933222371,19.18160847112039,0.003877026742073342
0.65,2.114881917778421,757.9629781200565,0.15582232666002171,0.038817918338636175,110.17439564492982,19.14536249949027,0.003897087065795113
0.655,2.119104587411227,757.9577744262999,0.15598702361924932,0.038699367879491076,110.2937141372982,19.109153550784782,0.003917038534488144
0.66,2.1232934067409976,757.9526559314213,0.15615130855710135,0.03858111848225717,110.41275053083334,19.07298336181402,0.003936881490149707
0.665,2.127448817513647,757.9476215527413,0.15631517767565706,0.038463172815622865,110.5315007895929,19.03685363455902,0.003956616276476333
0.67,2.1315712554193307,757.94267021989,0.1564786273084366,0.038345533454551405,110.64996132574824,19.000766037663734,0.003976243238627049
0.675,2.135661150092448,757.9378008748073,0.15664165392040097,0.038228202880280816,110.76812899958449,18.964722206435038,0.003995762723223373
0.68,2.1397189251116413,757.9330124717422,0.15680425410795212,0.03811118348032393,110.88600111950053,18.92872374284273,0.004015175078349315
0.685,2.1437449980003733,757.9283039772525,0.15696642459890764,0.03799447754848646,111.00357544123027,18.892772215476022,0.004034480653551489
0.6900000000000001,2.147739780377958,757.9236743699527,0.1571281622440004,0.03787808729103312,111.120849467033,18.856869131008263,0.004053679800070437
0.6950000000000001,2.151703677808975,757.9191226409071,0.15728946401896118,0.03776201482529243,111.23781961306791,18.821015915378094,0.004072772871148598
0.7000000000000001,2.1556370900762536,757.9146477929538,0.15745032701891395,0.037646262183490445,111.35448261389796,18.785213963496982,0.004091760221220003
0.705,2.1595404113990377,757.9102488402409,0.15761074845055206,0.037530831318329114,111.4708356734806,18.749464639357097,0.004110642205752137
0.71,2.163414030432987,757.9059248082261,0.15777072563213854,0.037415724102986284,111.58687646516783,18.713769276031314,0.004129419181245938
0.715,2.167258330270176,757.9016747336768,0.15793025599350585,0.03730094233111568,111.70260313170616,18.678129175673213,0.004148091505235799
0.72,2.1710736884497086,757.8974976646504,0.15808933707561654,0.0371864877171643,111.81801425827442,18.64254560876339,0.0041666595362914085
0.725,2.1748604770969857,757.8933926602862,0.1582479665226322,0.0370723619021703,111.93310773559057,18.60701978853865,0.0041851236342198865
0.73,2.1786190627628397,757.8893587911643,0.15840614208646717,0.036958566450518995,112.0478805935079,18.571552875712843,0.004203484160091467
0.735,2.1823498067744236,757.8853951384938,0.15856386161769853,0.036845102856296295,112.16233030438922,18.536146003358528,0.004221741475708334
0.74,2.186053065338268,757.8815007938967,0.15872112306207986,0.03673197254577772,112.27645482272884,18.500800276111523,0.004239895943546277
0.745,2.1897291895402815,757.8776748594081,0.15887792446054128,0.03661917687742841,112.39025258515258,18.46551677017091,0.00425794792675469
0.75,2.193378525345752,757.873916447476,0.15903426394918935,0.036506717141903074,112.5037225104178,18.430296533299046,0.004275897789156576
0.755,2.19700141364557,757.8702246808786,0.1591901397574082,0.03639459456342676,112.6168637799426,18.395140581587135,0.004293745895256626
0.76,2.2005981903116814,757.866598692706,0.1593455502028877,0.03628281030350846,112.72967429417405,18.360049881517124,0.004311492610396508
0.765,2.2041691861607666,757.863037626387,0.15950049369425706,0.03617136545894306,112.84215173052722,18.325025367730543,0.004329138300557267
0.77,2.2077147272710613,757.8595406349923,0.1596549687222536,0.03606026106805004,112.9542942679956,18.29006794919237,0.00434668333209783
0.775,2.2112351350018122,757.8561068811957,0.1598089738590817,0.0359494981111331,113.06610057621589,18.25517850882506,0.004364128071747485
0.78,2.214730725993276,757.8527355372736,0.15996250775841253,0.035839077510480204,113.17756981546799,18.220357903508585,0.00438147288660588
0.785,2.218201812168213,757.8494257851023,0.16011556915533473,0.035729000130399424,113.288701632728,18.18560696404007,0.004398718144142627
0.79,2.22164870084159,757.8461768159804,0.16026815686172308,0.03561926678062145,113.39949522972255,18.15092648831992,0.004415864212203566
0.795,2.2250716946143974,757.8429878308971,0.16042026976782522,0.03550987821523738,113.5099485920111,18.11631724025272,0.00443291145905823
0.8,2.228471091603996,757.8398580399855,0.1605719068374578,0.03540083513597407,113.62006007819042,18.08177996023705,0.004449860253157973
0.805,2.2318471855752877,757.8367866622448,0.16072306710430442,0.035292138194828786,113.72982854337171,18.047315364852476,0.00446671096306814
0.81,2.235200265940718,757.8337729255408,0.16087374967191545,0.03518378799406912,113.83925333918062,18.012924146859536,0.0044834639574680675
0.8150000000000001,2.2385306177602744,757.8308160666057,0.16102395371370823,0.035075785086233054,113.94833431375723,17.97860697519975,0.004500119605151082
0.8200000000000001,2.241838521781158,757.8279153309679,0.16117367847159586,0.03496812997513264,114.057071561659,17.94436449406442,0.004516678275011587
0.8250000000000001,2.2451242544799683,757.8250699729434,0.16132292325279532,0.034860823118287705,114.1654637896043,17.910197319826814,0.004533140336028674
0.8300000000000001,2.2483880880471396,757.822279255627,0.1614716874311469,0.03475386492586884,114.27350948635414,17.876106046986244,0.004549506157207277
0.835,2.251630290642786,757.8195424503361,0.16161997044084864,0.03464725576510695,114.38120765240228,17.842091248399573,0.004565776107454628
0.84,2.2548511264107334,757.8168588365826,0.16176777177605997,0.034540995960577775,114.48855778869583,17.80815347513303,0.004581950555574775
0.845,2.2580508554785235,757.8142277020727,0.1619150909909016,0.034435085794201924,114.5955598966353,17.77429325646222,0.004598029870268574
0.85,2.261229733963663,757.8116483426951,0.16206192769927233,0.0343295255053782,114.7022144513062,17.740511099830762,0.004614014420130884
0.855,2.264388014066381,757.8091200623825,0.16220828157130054,0.034224315293633095,114.80852114478127,17.70680749108613,0.004629904573582247
0.86,2.2675259439740207,757.806642173327,0.16235415233519415,0.03411945531731782,114.91447863500467,17.673182897978467,0.004645700698854698
0.865,2.270643768096022,757.8042139954466,0.16249953977237705,0.034014945696948184,115.02008603264385,17.639637768888168,0.004661403163917861
0.87,2.273741727135046,757.8018348562383,0.16264444371571476,0.0339107865164684,115.12534295121003,17.606172532241178,0.004677012336454052
0.875,2.276820058086976,757.7995040907774,0.16278886404951448,0.03380697782325108,115.23024950705823,17.572787596508974,0.0046925285838582765
0.88,2.2798789942409154,757.7972210417183,0.1629328007095249,0.033703519628097235,115.33480631938725,17.539483350208585,0.004707952273238233
0.885,2.282918765238317,757.7949850591939,0.1630762536811034,0.0336004119065962,115.43901393763623,17.506260162989417,0.0047232837713664854
0.89,2.2859395970518626,757.7927955009158,0.16321922299843986,0.03349765459980539,115.54287138164472,17.473118391430667,0.004738523444586456
0.895,2.2889417120683135,757.7906517319549,0.16336170874351394,0.033395247614844546,115.64637783823711,17.44005837596216,0.00475367165883548
0.9,2.291925329252476,757.7885531243976,0.16350371104240244,0.03329319082750495,115.74953300046079,17.40708043871997,0.004768728779607988
0.905,2.294890664148182,757.786499057344,0.16364523006525425,0.033191484082267464,115.85233706529104,17.37418488354346,0.004783695171955096
0.91,2.2978379288782897,757.7844889169072,0.16378626602629032,0.03309012719230261,115.95479073363106,17.341371995975265,0.00479857120048461
0.915,2.3007673321669624,757.7825220961746,0.1639268191832052,0.03298911993991264,116.05689503921859,17.308642043790503,0.00481335722934337
0.92,2.3036790793906374,757.7805979951585,0.16406688983492942,0.03288846207827189,116.1586496651792,17.27599528468306,0.004828053622072102
0.925,2.3065733725392166,757.7787160208561,0.16420647832271223,0.032788153330573916,116.26005383894861,17.243431965291332,0.004842660741637132
0.93,2.309450410426764,757.7768755867966,0.16434558502591076,0.03268819339295765,116.36110730287466,17.210952315595915,0.00485717895043516
0.935,2.3123103887109107,757.775076113003,0.16448421036155064,0.032588581934822294,116.46181030318141,17.178556548777248,0.004871608610287646
0.9400000000000001,2.3151534998928516,757.7733170259917,0.164622354784326,0.03248931859882737,116.56216358996916,17.146244861215628,0.004885950082440815
0.9450000000000001,2.31797993332112,757.7715977587658,0.1647600187865107,0.03239040300095776,116.66216839667523,17.11401743256394,0.004900203727563187
0.9500000000000001,2.3207898752651417,757.7699177507022,0.16489720289577317,0.03229183473218722,116.76182519255536,17.08187443229225,0.004914369905618807
0.9550000000000001,2.3235835088403296,757.768276447718,0.16503390767629517,0.03219361335770742,116.86113330073505,17.049816024967367,0.004928448975811945
0.96,2.3263610141887523,757.7666733018705,0.16517013372561748,0.03209573841904962,116.96009248480567,17.01784236070349,0.0049424412966675955
0.965,2.3291225685413655,757.765107771232,0.16530588167336485,0.031998209434990446,117.05870301117699,16.98595357416753,0.0049563472260243414
0.97,2.3318683462180134,757.7635793198895,0.1654411521812462,0.03190102590155195,117.15696564907716,16.95414978457913,0.00497016712103435
0.975,2.334598518627429,757.7620874179444,0.1655759459430544,0.03180418729200157,117.25488167055276,16.922431095710625,0.004983901338163379
0.98,2.3373132543147634,757.760631541433,0.16571026368347783,0.03170769305774951,117.35245224627997,16.89079759938638,0.004997550233123766
0.985,2.340012718942752,757.7592111724022,0.16584410615768683,0.03161154262876115,117.44967695980019,16.859249387224036,0.005011114160704568
0.99,2.3426970753600465,757.757825798737,0.16597747415050176,0.0315157354140078,117.54655556740543,16.82778654021099,0.005024593474903182
0.995,2.3453664837313353,757.7564749138975,0.16611036847395771,0.031420270803179946,117.6430883284951,16.796409125107072,0.005037988528937693
1.0,2.348021101538056,757.7551580169165,0.16624278996728978,0.03132514816669793,117.73927600332682,16.765117194450355,0.005051299675246562
1.0050000000000001,2.350661083578393,757.7538746124003,0.1663747394969329,0.03123036685571203,117.83511985301656,16.73391078655714,0.005064527265488631
1.01,2.353286581986289,757.7526242104949,0.16650621795610476,0.031135926202415523,117.93062144728883,16.702789926689338,0.005077671650520907
1.0150000000000001,2.355897746269128,757.7514063268478,0.16663722626341657,0.031041825521171424,118.02578092819442,16.671754640320014,0.005090733180193997
1.02,2.3584947232791684,757.750220482649,0.16676776536351,0.030948064107976406,118.12059801040516,16.640804948610867,0.005103712203423598
1.025,2.361077657382966,757.7490662042815,0.1668978362242145,0.03085464124241744,118.21507292067811,16.609940859712147,0.005116609068270692
1.03,2.363646690475742,757.7479430232943,0.16702743983627819,0.03076155618786493,118.30920638385302,16.579162368665276,0.005129424121939056
1.035,2.3662019619813828,757.7468504764021,0.1671565772133681,0.030668808191472722,118.40299962285228,16.54846945740287,0.005142157710775254
1.04,2.3687436088557443,757.7457881054793,0.16728524939200623,0.03057639648422548,118.49645433526551,16.51786209488371,0.005154810180265944
1.045,2.3712717656455466,757.7447554574683,0.16741345743013053,0.030484320282064978,118.58957139643749,16.487340246941116,0.0051673818748820205
1.05,2.3737865644250653,757.7437520845085,0.16754120240787734,0.03039257878535362,118.68235053339565,16.456903882232684,0.0051798731380054315
1.055,2.3762881349450247,757.7427775436258,0.16766848542538265,0.03030117118032169,118.77479191597965,16.426552958473835,0.005192284312091843
1.06,2.3787766046821246,757.7418313966355,0.1677953076019425,0.03021009663966316,118.86689620859492,16.396287421284626,0.0052046157386757665
1.065,2.381252098839037,757.7409132101421,0.16792167007601286,0.030119354322535725,118.95866457021263,16.36610720418978,0.005216867758370556
1.07,2.383714740344409,757.7400225555405,0.1680475740052097,0.03002894337456075,119.05009865436966,16.336012228618664,0.005229040710868408
1.075,2.3861646498900306,757.7391590089516,0.16817302056554673,0.029938862928411514,119.14120002086021,16.306002408344877,0.005241134934869769
1.08,2.38860194591574,757.7383221512732,0.1682980109511318,0.02984911210414241,119.23196860507309,16.276077664427607,0.005253150767871359
1.085,2.3910267446597575,757.7375115680611,0.1684225463736514,0.029759690009422208,119.32240449362575,16.246237911364997,0.005265088546352422
1.09,2.3934391602693346,757.7367268493148,0.16854662806066184,0.029670595740728365,119.41250826675464,16.216483052472547,0.005276948605819364
1.095,2.395839304801575,757.7359675894761,0.1686702572555754,0.0295818283833574,119.5022809950687,16.18681297989595,0.005288731280805416
1.1,2.398227288223439,757.7352333874292,0.16879343521766013,0.029493387011424857,119.59172423954942,16.157227574611074,0.00530043690487063
1.105,2.400603218424408,757.7345238464785,0.1689161632218133,0.029405270688038082,119.68083990151419,16.12772670751607,0.005312065810584456
1.11,2.4029672012512413,757.7338385743006,0.1690384425575653,0.029317478466131988,119.76962850869117,16.098310254802026,0.005323618329301642
1.115,2.405319340472267,757.7331771830021,0.1691602745296101,0.029230009388027656,119.85809003443528,16.06897809390926,0.005335094791222904
1.12,2.4076597379212292,757.7325392888406,0.16928166045583443,0.02914286248676154,119.94622495226254,16.039730092132302,0.0053464955255341454
1.125,2.409988493513236,757.7319245121953,0.16940260166707424,0.02905603678626035,120.03403422124966,16.010566106443562,0.005357820860406531
1.1300000000000001,2.4123057052447567,757.731332477567,0.1695230995071149,0.02896953130134103,120.12151928603414,15.981485983493304,0.005369071122996489
1.135,2.414611469194353,757.7307628135765,0.1696431553326797,0.02888334503771926,120.20868207144505,15.95248955964297,0.005380246639445162
1.1400000000000001,2.4169058795694953,757.7302151528864,0.16976277051252314,0.028797476992733755,120.29552390654572,15.92357667006906,0.005391347734744371
1.145,2.4191890286547966,757.7296891322991,0.1698819464278246,0.028711926155117962,120.38204475854297,15.894747159058328,0.005402374732595364
1.1500000000000001,2.42146100691843,757.7291843925486,0.17000068447095007,0.028626691505757414,120.46824497280282,15.866000863439481,0.0054133279556294435
1.155,2.4237219030700117,757.7287005781941,0.17011898604465753,0.02854177201824967,120.55412537487354,15.837337610497762,0.0054242077254307965
1.16,2.4259718040606026,757.7282373376199,0.17023685256209684,0.028457166658904267,120.63968727048562,15.808757217974941,0.005435014362536507
1.165,2.428210795082708,757.7277943230357,0.17035428544680983,0.028372874386742755,120.7249324455519,15.780259494069321,0.005445748186436552
1.17,2.4304389595900235,757.7273711904423,0.17047128613240603,0.02828889415375325,120.80986283838116,15.751844240076785,0.0054564095155351655
1.175,2.4326563793060525,757.7269675996204,0.17058785606201055,0.02820522490540668,120.89447878673965,15.72351126783459,0.0054669986669039815
1.18,2.434863134223149,757.7265832141235,0.17070399668838582,0.028121865580465685,120.97878047245628,15.695260388642945,0.005477515956436073
1.185,2.437059302719554,757.7262177010658,0.17081970947250527,0.028038815111956765,121.0627685666895,15.667091404953638,0.0054879616989538076
1.19,2.4392449615644627,757.7258707311129,0.1709349958834845,0.027956072427220473,121.14644421488181,15.639004110392376,0.005498336208208148
1.195,2.441420185918025,757.7255419784818,0.1710498573985811,0.027873636447911406,121.22980903675972,15.610998289758768,0.005508639796878658
1.2,2.4435850493340228,757.7252311209367,0.17116429550315768,0.027791506090026768,121.3128650986535,15.583073719221254,0.00551887277657067
1.205,2.4457396238001903,757.7249378397177,0.17127831168991822,0.027709680264543502,121.39561357173655,15.555230178443308,0.00552903545764363
1.21,2.447883979684785,757.7246618196297,0.17139190745934077,0.0276281578771225,121.47805451557481,15.527467456347184,0.005539128149130597
1.215,2.4500181858507393,757.7244027488388,0.1715050843184976,0.0275469378288418,121.56018842719268,15.499785334846548,0.005549151158961186
1.22,2.4521423096916553,757.7241603188103,0.17161784378062497,0.027466019016501447,121.6420162715234,15.472183587691848,0.005559104793976423
1.225,2.4542564171318038,757.7239342243079,0.17173018736512324,0.027385400332623443,121.72353948140918,15.444661980470288,0.00556898935992875
1.23,2.456360572626123,757.7237241633941,0.17184211659755685,0.02730508066545179,121.80475995760108,15.41722027060585,0.005578805161482013
1.235,2.458454839180646,757.7235298373944,0.17195363300935146,0.027225058899196693,121.88567965386615,15.389858210829665,0.005588552502163006
1.24,2.4605392783487665,757.7233509508949,0.17206473813743992,0.027145333914400934,121.96629888750988,15.36257556683915,0.005598231684113868
1.245,2.4626139502428823,757.7231872117204,0.17217543352425432,0.027065904587833596,122.04661795119448,15.335372103847085,0.005607843008278549
1.25,2.464678913633971,757.7230383307658,0.17228572071668546,0.026986769793198133,122.12663761027677,15.30824757948022,0.005617386774501983
1.2550000000000001,2.466734225954303,757.7229040219911,0.17239560126605089,0.02690792840115597,122.2063590912098,15.281201743816343,0.005626863281529583
1.26,2.4687799432974393,757.7227840024216,0.1725050767280947,0.02682937927932654,122.28578408154274,15.254234339384281,0.005636272827007236
1.2650000000000001,2.4708161204205594,757.7226779921441,0.17261414866295974,0.026751121292309162,122.36491470265379,15.22734510135824,0.005645615707478696
1.27,2.4728428107786447,757.7225857142417,0.17272281863458772,0.026673153302199753,122.44375217457053,15.200533769788944,0.005654892218216346
1.2750000000000001,2.4748600664729556,757.7225068948686,0.17283108821104562,0.02659547416836968,122.52229661512803,15.173800095330837,0.005664102653138033
1.28,2.476867938355203,757.722441263083,0.1729389589636369,0.026518082747995452,122.60054857219933,15.147143822802851,0.005673247305039436
1.285,2.478866476060565,757.7223885507933,0.1730464324665681,0.026440977896294966,122.67850904753952,15.120564690045867,0.005682326465611271
1.29,2.4808557280076915,757.7223484927574,0.1731535102969488,0.026364158466527506,122.75617949678563,15.094062427922704,0.005691340425439295
1.295,2.4828357413986977,757.7223208265837,0.17326019403479162,0.02628762330999376,122.8335618294567,15.06763676031813,0.005700289474004302
1.3,2.4848065622339113,757.7223052927034,0.1733664852628223,0.02621137127619213,122.9106580913256,15.041287406765097,0.00570917389964678
1.305,2.486768235312534,757.7223016343505,0.17347238556610917,0.026135401213196054,122.98746873597645,15.015014100175717,0.005717993989320121
1.31,2.488720804228689,757.7223095975696,0.17357789653217084,0.026059711967480463,123.06399405917915,14.988816575520495,0.005726750028746318
1.315,2.4906643114697773,757.7223289310635,0.17368301975013967,0.025984302384476538,123.14023482088992,14.962694561291016,0.005735442302541903
1.32,2.4925987984209885,757.7223593861864,0.1737877568107175,0.025909171308604532,123.2161922273647,14.936647779532935,0.005744071094217844
1.325,2.4945243053653017,757.7224007169435,0.1738921093061756,0.02583431758327382,123.29186793115927,14.910675945845986,0.005752636686179536
1.33,2.4964408714837587,757.7224526799903,0.1739960788303519,0.025759740050884994,123.36726402827136,14.88477876940222,0.0057611393597265855
1.335,2.4983485348846823,757.7225150345757,0.1740996669782319,0.025685437553194294,123.44238204551117,14.85895596187894,0.005769579394932399
1.34,2.5002473325572,757.7225875425921,0.1742028753460665,0.025611408931280492,123.51722213391818,14.833207248637684,0.005777957070483204
1.345,2.5021373004477825,757.7226699684713,0.17430570553089855,0.02553765302576839,123.59178479577525,14.807532351362944,0.005786272663926446
1.35,2.5040184735076925,757.7227620791132,0.17440815913017607,0.02546416867709873,123.66607097174567,14.7819309857907,0.005794526451707638
1.355,2.5058908856929825,757.7228636438847,0.174510237741752,0.025390954725528207,123.74008204087329,14.756402861708422,0.005802718709170347
1.36,2.507754569964497,757.7229744346208,0.17461194296388455,0.02531801001112947,123.81381982058245,14.730947682955069,0.005810849710556207
1.365,2.509609558293757,757.723094225614,0.17471327639517595,0.025245333373841473,123.88728645766602,14.70556514825582,0.005818919728994285
1.37,2.5114558816789803,757.7232227935624,0.17481423963415524,0.0251729236538704,123.96048280864358,14.68025496663918,0.005826929036290575
1.375,2.513293570107542,757.7233599176205,0.17491483427949214,0.02510077969149411,124.03340908002976,14.655016854952528,0.005834877902955735
1.3800000000000001,2.5151226526572454,757.7235053792631,0.17501506192936028,0.025028900327444148,124.10606593196202,14.629850524822173,0.00584276659840002
1.385,2.5169431575108665,757.7236589622632,0.17511492418132493,0.024957284402987126,124.17845445473077,14.6047556823922,0.005850595390939087
1.3900000000000001,2.5187551119561533,757.7238204526927,0.17521442263234313,0.024885930759924686,124.25057616877943,14.579732028324466,0.005858364547793998
1.395,2.5205585423858277,757.7239896389218,0.1753135588787636,0.024814838240593533,124.32243302470445,14.554779257798593,0.005866074335091216
1.4000000000000001,2.522353474311573,757.7241663115924,0.17541233451617128,0.024744005688001315,124.39402700445453,14.529897063782713,0.00587372501782027
1.405,2.524139932350766,757.7243502635986,0.1755107511391357,0.024673431946108965,124.46535848087572,14.505085154011002,0.005881316859597612
1.41,2.525917940234229,757.72454129009,0.1756088103412533,0.024603115859697967,124.53642780570954,14.480343237969615,0.005888850122846341
1.415,2.527687520889159,757.7247391883622,0.1757065137146517,0.02453305627469414,124.60723576658124,14.455671020053385,0.00589632506890574
1.42,2.5294486964415444,757.7249437578538,0.17580386284997146,0.02446325203818129,124.67778357276015,14.431068199613248,0.005903741958031068
1.425,2.5312014882161655,757.7251548001458,0.1759008593363663,0.02439370199840119,124.7480728551597,14.406534470956231,0.005911101049393576
1.43,2.5329459167365957,757.725372118962,0.17599750476150292,0.02432440500475363,124.81810566629737,14.382069523345695,0.005918402601080487
1.435,2.534682001746107,757.7255955201225,0.17609380071130484,0.024255359908031685,124.88788363317941,14.357673048157848,0.005925646870001741
1.44,2.5364097621653494,757.7258248115643,0.17618974876991436,0.024186565560512005,124.95740692722731,14.333344751536487,0.005932834111707102
1.445,2.5381292161501237,757.7260598032896,0.17628535051951247,0.02411802081597158,125.02667602084436,14.309084337772113,0.005939964580626208
1.45,2.5398403811428927,757.7263003072995,0.17638060754003484,0.02404972452988246,125.09569179931268,14.284891506524527,0.005947038530118088
1.455,2.541543273872787,757.7265461375948,0.17647552140917214,0.023981675559411705,125.16445556079319,14.260765952822819,0.005954056212471149
1.46,2.5432379103556,757.7267971101746,0.17657009370236967,0.02391387276342145,125.23296901632561,14.236707367065373,0.005961017878903182
1.465,2.5449243058951354,757.7270530430353,0.17666432599281806,0.02384631500247706,125.30123426798247,14.212715435165935,0.005967923779559722
1.47,2.5466024751014444,757.7273137561145,0.17675821985115636,0.023779001139136027,125.36925254542618,14.188789849533565,0.005974774163369292
1.475,2.548272431840158,757.7275790713319,0.176851776845543,0.023711930037909053,125.4370239996103,14.164930314714542,0.0059815692779534154
1.48,2.5499341893175758,757.7278488125088,0.17694499854137924,0.023645100565364143,125.50454918042203,14.141136532072991,0.005988309369857118
1.485,2.5515877601089785,757.7281228053338,0.17703788650117028,0.023578511590224668,125.57182904162921,14.117408198732903,0.005994994684570654
1.49,2.55323315615863,757.7284008773619,0.1771304422845255,0.023512161983369403,125.63886494088034,14.093745007578141,0.006001625466529504
1.495,2.554870388779777,757.728682858015,0.17722266744815834,0.023446050617832503,125.70565863970464,14.070146647252434,0.006008201959114379
1.5,2.5564994686580285,757.7289685785759,0.1773145635458622,0.023380176368825136,125.77221223007002,14.046612802676925,0.006014724404645202
1.5050000000000001,2.558120405860011,757.7292578721335,0.17740613212822484,0.023314538114029806,125.83852663512869,14.023143168342116,0.00602119304420385
1.51,2.5597332097908554,757.7295505736237,0.1774973747427105,0.023249134733515035,125.90460203146196,13.999737448142481,0.006027608117624153
1.5150000000000001,2.561337889285336,757.7298465197471,0.1775882929334033,0.02318396510984479,125.97043901825819,13.976395342467077,0.0060339698636933635
1.52,2.562934452624328,757.7301455489493,0.177678888240937,0.02311902812813025,126.03603858937734,13.95311654783503,0.006040278520161915
1.5250000000000001,2.564522907534805,757.7304475014212,0.1777691622024947,0.02305432267602979,126.10140213335113,13.929900756895533,0.006046534323743421
1.53,2.5661032611898396,757.7307522190985,0.17785911635180895,0.022989847643749006,126.16653143338286,13.906747658427856,0.0060527375101146735
1.5350000000000001,2.5676755202133474,757.7310595456529,0.17794875221912873,0.02292560192407176,126.23142854089393,13.883656938243693,0.006058888313905071
1.54,2.569239690679468,757.7313693264399,0.1780380713309548,0.02286158441264404,126.29609418564787,13.860628293350947,0.006064986968506275
1.545,2.5707957780801096,757.7316814085356,0.1781270752101082,0.02279779400787612,126.3605285690645,13.837661428271838,0.0060710337061116474
1.55,2.5723437874146535,757.7319956406614,0.17821576537553036,0.022734229611025884,126.42473231231895,13.814756044126685,0.00607702875789238
1.555,2.573883723200825,757.732311873172,0.17830414334224337,0.022670890126229044,126.48870642185886,13.791911838517708,0.006082972354002599
1.56,2.5754155894746935,757.7326299580549,0.17839221062135002,0.022607774460499115,126.55245228940447,13.769128505529027,0.006088864723579371
1.565,2.576939389790672,757.7329497489307,0.17847996872003372,0.02254488152372745,126.61597169194846,13.746405735726661,0.0060947060947427
1.57,2.578455127226534,757.733271101043,0.1785674191415257,0.022482210228715546,126.67926664010908,13.723743217227204,0.006100496694583087
1.575,2.579962804377006,757.7335938712059,0.17865456338485744,0.022419759491446357,126.74233777704212,13.70114064977874,0.006106236748971899
1.58,2.5814624233262906,757.7339179178391,0.17874140294491175,0.022357528230991314,126.80518530830547,13.678597739854228,0.00611192648261783
1.585,2.58295398573567,757.7342431009017,0.1788279393122865,0.0222955153695549,126.8678098507222,13.656114190789017,0.006117566119229991
1.59,2.5844374928524445,757.7345692818831,0.17891417397326798,0.022233719832495356,126.93021239681815,13.633689702735616,0.006123155881521724
1.595,2.5859129455099352,757.7348963238022,0.1790001084098311,0.022172140548324722,126.99239431482188,13.611323972663683,0.006128695991210602
1.6,2.587380344127482,757.7352240912081,0.17908574409963932,0.022110776448708794,127.05435734866475,13.589016694360037,0.006134186669018434
1.605,2.5888396887147316,757.7355524501712,0.1791710825160199,0.02204962646849257,127.11610348349622,13.566767559344681,0.0061396281346608374
1.61,2.5902909788639956,757.7358812682287,0.1792561251277317,0.021988689545957854,127.17763337614981,13.544576270223395,0.00614502060666847
1.615,2.5917342137199944,757.7362104144173,0.17934087339899063,0.021927964622753735,127.23894720977752,13.52244253662806,0.006150364302430132
1.62,2.593169392067135,757.7365397592193,0.17942532878939846,0.021867450643893272,127.3000455715886,13.500366065389905,0.006155659438356841
1.625,2.594596512339227,757.736869174552,0.17950949275392183,0.021807146557770527,127.36092941477305,13.478346560477622,0.006160906229886428
1.6300000000000001,2.5960155726194856,757.7371985337677,0.17959336674289228,0.02174705131616054,127.42160005850174,13.456383722997344,0.006166104891483544
1.635,2.597426570640526,757.7375277116539,0.1796769522020061,0.021687163874219352,127.48205918792628,13.434477251192671,0.006171255636639652
1.6400000000000001,2.598829503787211,757.7378565844281,0.1797602505723117,0.02162748319049787,127.5423087711905,13.412626840977648,0.006176358677867274
1.645,2.6002243690923046,757.7381850296803,0.1798432632900016,0.021568008227175587,127.60234958588019,13.390832197813275,0.006181414226543648
1.6500000000000001,2.601611163195981,757.7385129264024,0.17992599178638988,0.021508737950043978,127.66218176884895,13.369093035483573,0.006186422492911463
1.655,2.602989882433462,757.7388401549471,0.18000843748791065,0.021449671328444487,127.72180585360412,13.347409065410847,0.006191383686255611
1.6600000000000001,2.6043605228487237,757.7391665970147,0.18009060181610023,0.02139080733528331,127.78122272977713,13.325779996461643,0.006196298014911462
1.665,2.605723080194493,757.7394921356534,0.18017248618759704,0.02133214494703142,127.84043364312352,13.304205534946757,0.006201165686264859
1.67,2.6070775499322507,757.7398166552601,0.1802540920141417,0.021273683143724537,127.89944019552298,13.282685384621233,0.006205986906752127
1.675,2.60842392723332,757.7401400415773,0.1803354207025737,0.021215420908966894,127.95824431897411,13.261219246835973,0.0062107618818586
1.68,2.6097622069809527,757.74046218164,0.18041647365467073,0.021157357230117062,128.0168470335615,13.239806829835029,0.006215490816000225
1.685,2.6110923837165805,757.7407829637896,0.18049725226704455,0.021099491098363725,128.0752484207581,13.218447852207685,0.006220173912457191
1.69,2.612414451722728,757.7411022776529,0.18057775793121053,0.021041821508597215,128.13344893754692,13.197142030891921,0.006224811373566467
1.695,2.6137284050462215,757.7414200141251,0.1806579920335779,0.020984347459417737,128.19144938706026,13.175889080564573,0.006229403400740036
1.7,2.615034237498189,757.741736065369,0.1807379559554496,0.02092706795313537,128.2492509185797,13.154688713641331,0.006233950194464901
1.705,2.616331942654062,757.7420503248152,0.18081765107302222,0.020869981995770056,128.30685502753602,13.133540640276738,0.006238451954303078
1.71,2.6176215138535723,757.7423626871625,0.18089707875738623,0.02081308859705163,128.36426355549509,13.112444568364264,0.006242908878891603
1.715,2.618902944207052,757.7426730483388,0.1809762403744364,0.020756386770529253,128.42147788139658,13.091400209088228,0.006247321165875345
1.72,2.620176226538998,757.742981305481,0.18105513728466968,0.020699875533765018,128.47849806396582,13.070407285925167,0.006251689011768449
1.725,2.621441353446656,757.7432873569463,0.18113377084329893,0.02064355390815752,128.5353244621925,13.049465522095973,0.0062560126121428425
1.73,2.6226983173435388,757.7435911022869,0.18121214240027073,0.02058742091892599,128.59195777113845,13.028574638844006,0.006260292161670715
1.735,2.623947110459427,757.7438924422488,0.18129025330026513,0.02053147559511027,128.6483990219373,13.00773435543509,0.0062645278541245165
1.74,2.625187724840371,757.7441912787722,0.18136810488269586,0.020475716969570856,128.70464958179483,12.98694438915752,0.006268719882376954
1.745,2.6264201523486888,757.744487514992,0.18144569848171022,0.02042014407898884,128.76071115398864,12.966204455322057,0.006272868438400998
1.75,2.627644384667603,757.74478105522,0.1815230354261613,0.02036475596390443,128.81658544509742,12.94551426934601,0.006276973713246317
1.7550000000000001,2.6288604132625197,757.7450718048893,0.18160011703937554,0.02030955166896641,128.87227268801053,12.924873558496765,0.006281035896875771
1.76,2.6300682293881676,757.7453596705888,0.18167694463919976,0.020254530242814532,128.92777310101062,12.904282052968227,0.006285055178282819
1.7650000000000001,2.631267824161678,757.7456445600357,0.18175351953809668,0.02019969073798863,128.98308725096976,12.883739481181687,0.006289031745586621
1.77,2.6324591885650297,757.7459263820741,0.1818298430431452,0.020145032210929472,129.0382160306673,12.863245569854618,0.00629296578603238
1.7750000000000001,2.6336423134450517,757.7462050466747,0.1819059164560406,0.02009055372197872,129.09316065878983,12.84280004400066,0.006296857485991355
1.78,2.634817189513422,757.7464804649347,0.18198174107309437,0.020036254335378978,129.14792267993124,12.822402626929627,0.006300707030960852
1.7850000000000001,2.635983807348243,757.7467525490748,0.18205731818523246,0.019982133119278142,129.20250390965208,12.80205304054459,0.006304514605561433
1.79,2.637142157382061,757.7470212123793,0.18213264907784577,0.019928189145910876,129.25690509499105,12.781751014390588,0.006308280393421591
1.795,2.638292229853386,757.7472863692085,0.18220773503064958,0.019874421491678108,129.3111262889464,12.761496285803181,0.006312004577154525
1.8,2.6394340148947815,757.7475479349962,0.18228257731787434,0.019820829236948098,129.3651679116134,12.741288590858014,0.006315687338515136
1.805,2.640567502549036,757.7478058262408,0.18235717720828742,0.019767411466043387,129.41903069875676,12.721127664191702,0.006319328858410569
1.81,2.641692682769164,757.7480599605045,0.18243153596519315,0.019714167267240745,129.47271570181067,12.701013239001819,0.006322929316900218
1.815,2.6428095454184035,757.7483102564144,0.18250565484643266,0.01966109573277122,129.5262242878788,12.680945047046908,0.006326488893195721
1.82,2.6439180802702187,757.7485566336613,0.18257953510438404,0.019608195958820095,129.57955813973427,12.660922818646474,0.006330007765660965
1.825,2.6450182770108763,757.7487990129741,0.182653177985927,0.01955546704558238,129.6327187065963,12.640946285897243,0.006333486111775606
1.83,2.6461101251821724,757.7490373160673,0.1827265847321817,0.019502908097514954,129.68570603138025,12.621015191894276,0.0063369241079983115
1.835,2.647193614220849,757.7492714656795,0.18279975657863456,0.019450518223154842,129.73852036465544,12.601129280739832,0.00634032192990945
1.84,2.6482687335158106,757.7495013855569,0.1828726947552626,0.019398296535022903,129.7911622681342,12.581288295331477,0.0063436797522681675
1.845,2.6493354724085227,757.7497270004526,0.18294540048653377,0.01934624214962382,129.84363260890112,12.561491977384543,0.006346997749012331
1.85,2.650393820193013,757.749948236127,0.18301787499140704,0.01929435418744607,129.89593255941298,12.54174006743211,0.006350276093258535
1.855,2.65144376611587,757.7501650193472,0.1830901194833323,0.01924263177296195,129.9480635974988,12.522032304825025,0.006353514957302091
1.86,2.65248529937758,757.7503772778845,0.18316213517025104,0.019191074034630135,130.00002745132622,12.502368428001436,0.006356714512614693
1.865,2.653518409114358,757.7505849404519,0.18323392325446072,0.019139680105064616,130.05182479010372,12.482748182391251,0.006359874929745125
1.87,2.6545430843484703,757.7507879367105,0.18330548493243212,0.019088449121142853,130.1034556324277,12.463171320220354,0.006362996378298936
1.875,2.6555593140784417,757.7509861972821,0.18337682139507228,0.01903738022375935,130.15492035061652,12.443637592870417,0.006366079027077346
1.8800000000000001,2.6565670872948055,757.7511796537431,0.18344793382776278,0.018986472557801035,130.20621961201698,12.424146750790506,0.006369123044086945
1.885,2.6575663929801037,757.7513682386235,0.1835188234103598,0.018935725272147288,130.25735437900462,12.404698543497087,0.006372128596539689
1.8900000000000001,2.6585572201088854,757.7515518854083,0.18358949131719401,0.01888513751966991,130.30832590898365,12.385292719574016,0.006375095850852901
1.895,2.659539557647709,757.7517305285361,0.18365993871707062,0.018834708457233167,130.35913575438676,12.365929026672552,0.006378024972649273
1.9000000000000001,2.660513394556883,757.7519041033842,0.18373016677326143,0.018784437245716695,130.40978544384475,12.34660721311926,0.006380916126740291
1.905,2.6614787197375547,757.7520725461977,0.1838001766432542,0.018734323050270583,130.46027510376928,12.327327036584077,0.006383769477004306
1.9100000000000001,2.6624355220432796,757.7522357941314,0.18386996947878356,0.01868436504021417,130.51060487833794,12.308088257117383,0.006386585186474454
1.915,2.6633837903539956,757.7523937852469,0.18393954642606183,0.018634562388852707,130.56077522155218,12.288890634005869,0.006389363417415469
1.92,2.6643235135783416,757.7525464585116,0.1840089086257853,0.018584914273474154,130.61078687206455,12.269733925846893,0.006392104331324165
1.925,2.6652546806536574,757.7526937537981,0.18407805721313422,0.018535419875349207,130.66064085317888,12.250617890548474,0.006394808088929433
1.93,2.6661772805459836,757.7528356118848,0.18414699331777273,0.01848607837973129,130.71033847285014,12.231542285329306,0.006397474850192244
1.935,2.6670913022500624,757.7529719744557,0.184215718063849,0.018436888975856547,130.75988132368443,12.212506866718744,0.006400104774305648
1.94,2.6679967347856755,757.7531027840637,0.1842842325699627,0.018387850857006,130.80927056176654,12.193511394077744,0.0064026980196564415
1.945,2.6688935671256804,757.7532279840796,0.1843525379488544,0.01833896322077105,130.8585061233505,12.174555635181882,0.00640525474373086
1.95,2.6697817882607584,757.7533475187404,0.18442063530762648,0.018290225268810734,130.90758823716766,12.155639358152415,0.0064077751032397675
1.955,2.6706613872443477,757.7534613331438,0.1844885257478973,0.018241636206741095,130.95651740636796,12.136762330658277,0.0064102592541528
1.96,2.6715323531926463,757.753569373248,0.1845562103658011,0.018193195244135183,131.0052944083533,12.117924319916714,0.006412707351698357
1.965,2.6723946752846164,757.7536715858716,0.18462369025198816,0.01814490159452305,131.0539202947773,12.099125092693276,0.00641511955036361
1.97,2.673248342761981,757.7537679186942,0.1846909664916247,0.01809675447539175,131.10239639154534,12.080364415301824,0.006417496003894494
1.975,2.6740933449295783,757.7538583202546,0.18475804016439418,0.018048753108185045,131.15072428651231,12.061642053651642,0.006419836865295455
1.98,2.6749296711405464,757.7539427398982,0.18482491234442935,0.018000896718408058,131.19890478974992,12.042957778037083,0.006422142286775324
1.985,2.6757573107264543,757.7540211277477,0.18489158410000367,0.017953184535854438,131.24693782858247,12.02431136515599,0.0064244124196939055
1.99,2.6765762530865267,757.7540934347487,0.18495805649385672,0.01790561579430503,131.2948236608085,12.00570259163609,0.006426647414679584
1.995,2.6773864877142888,757.7541596126661,0.1850243305832957,0.01785818973145803,131.34256280806838,11.987131233886117,0.0064288474216460945
2.0,2.678188004197567,757.754219614083,0.18509040742019545,0.01781090558892899,131.39015605584422,11.968597068095834,0.006431012589792525
2.005,2.6789807922184905,757.7542733924021,0.18515628805099843,0.017763762612250836,131.43760445345993,11.950099870236015,0.006433143067603322
2.0100000000000002,2.679764841553488,757.7543209018444,0.18522197351671468,0.017716760050873824,131.48490931408122,11.93163941605845,0.00643523900284828
2.015,2.680540142073913,757.7543620974488,0.1852874648529249,0.017669897158165058,131.5320721842308,11.91321548120644,0.006437300542581923
2.02,2.681306683721623,757.7543969350085,0.18535276308968834,0.017623173191536133,131.57909369261705,11.89482784606368,0.006439327833087962
2.025,2.682064456446067,757.7544253710539,0.18541786925124734,0.017576587412643483,131.62597376814605,11.876476296043274,0.006441321019848084
2.0300000000000002,2.6828134503000456,757.7544473628982,0.18548278435639645,0.01753013908706598,131.67271266884794,11.858160616527128,0.006443280247644648
2.035,2.6835536554597748,757.7544628686351,0.18554750941856646,0.01748382748424818,131.7193109061846,11.83988059290662,0.00644520566057178
2.04,2.6842850622248875,757.7544718471383,0.18561204544582455,0.017437651877500307,131.76576924504982,11.821636010582589,0.006447097402035376
2.045,2.685007661018433,757.7544742580619,0.18567639344087414,0.01739161154399827,131.81208870376918,11.803426654965335,0.006448955614753094
2.05,2.6857214423868756,757.75447006184,0.18574055440105494,0.017345705764783656,131.85827055410007,11.785252311474624,0.006450780440754363
2.055,2.6864263970006026,757.754459219686,0.18580452931834615,0.01729993382476288,131.90431629520467,11.767112765625136,0.00645257202137999
2.06,2.6871225156279404,757.7544416935292,0.18586831917928354,0.017254295012825886,131.95022654095345,11.749007807138915,0.006454330497237101
2.065,2.687809789068647,757.7544174459915,0.1859319249646387,0.017208788622066946,131.99600119918082,11.730937230150687,0.006456056008168228
2.07,2.6884882082514405,757.7543864404408,0.18599534764980657,0.017163413949449285,132.0416405015714,11.712900828931938,0.006457748693342719
2.075,2.689157764255232,757.7543486409891,0.18605858820490173,0.01711817029573977,132.08714492284165,11.694898397988437,0.006459408691267863
2.08,2.689818448309124,757.7543040124924,0.18612164759475833,0.017073056965508936,132.13251518073983,11.676929732060243,0.006461036139788895
2.085,2.690470251792414,757.7542525205513,0.18618452677893021,0.01702807326713094,132.17775223604602,11.658994626121688,0.006462631176088988
2.09,2.6911131662345924,757.7541941315103,0.1862472267116909,0.016983218512783615,132.22285729257217,11.641092875381398,0.006464193936689263
2.095,2.6917471833154774,757.7541288124581,0.1863097483420344,0.01693849201844805,132.26783179213305,11.62322427529683,0.006465724557448758
2.1,2.6923722948467472,757.7540565311755,0.1863720926136357,0.01689389310398545,132.31267650185634,11.605388624423625,0.006467223173537476
2.105,2.692988492690934,757.753977256087,0.18643426046447562,0.016849421093418825,132.35739128657855,11.587585725611964,0.00646868991939331
2.11,2.6935957688536187,757.753890956326,0.18649625282719914,0.016805075314608856,132.4019763272669,11.569815382048972,0.006470124928801643
2.115,2.694194115515091,757.7537976017368,0.18655807062926685,0.016760855099149003,132.4464320375393,11.552077397377884,0.006471528334911683
2.12,2.6947835250303456,757.7536971628737,0.18661971479295472,0.016716759782365517,132.49075906366434,11.534371575698035,0.006472900270236467
2.125,2.6953639899290875,757.753589611002,0.1866811862353544,0.016672788703317436,132.5349582845613,11.516697721564865,0.0064742408666528545
2.13,2.695935502915727,757.7534749180974,0.18674248586837291,0.016628941204796577,132.57903081180015,11.499055639989914,0.0064755502554015324
2.1350000000000002,2.6964980568693817,757.7533530568462,0.1868036145987329,0.016585216633327533,132.62297798960162,11.481445136440824,0.006476828567087013
2.14,2.697051644836151,757.7532240006167,0.18686457332797216,0.0165416143391949,132.66680088427125,11.463866018152675,0.006478075931668467
2.145,2.6975962599416463,757.7530877233744,0.18692536295208706,0.01649813367674912,132.71049935151646,11.446318096573238,0.006479292478412298
2.15,2.698131895449371,757.752944199751,0.18698598436170816,0.016454774004201728,132.75407349329217,11.428801183739214,0.006480478335944685
2.1550000000000002,2.6986585448195464,757.7527934050578,0.1870464384423861,0.016411534683419757,132.79752364009346,11.411315092346772,0.006481633632281095
2.16,2.699176201709416,757.7526353152847,0.18710672607459364,0.016368415079924672,132.84085034471158,11.393859635767603,0.0064827584948263595
2.165,2.699684859973248,757.7524699071007,0.1871668481337255,0.016325414562892347,132.8840543822338,11.376434628048933,0.006483853050374675
2.17,2.7001845136623346,757.7522971578537,0.18722680549009849,0.016282532505153095,132.92713675004362,11.359039883913514,0.006484917425109605
2.1750000000000003,2.700675157024991,757.7521170455705,0.18728659900895148,0.016239768283191642,132.97009866782048,11.341675218759626,0.006485951744604077
2.18,2.7011567845060513,757.7519295489494,0.1873462295504565,0.01619712127714676,133.01294143279583,11.32434044896353,0.006486956133819758
2.185,2.7016293906815467,757.7517346472689,0.18740569796951362,0.01615459087102522,133.05566516324623,11.30703539421309,0.006487930717079282
2.19,2.702092970240617,757.7515323204104,0.1874650051155734,0.016112176452775153,133.09826981503653,11.289759875332027,0.00648887561807207
2.195,2.702547518082951,757.751322548906,0.1875241518330852,0.016069877413939334,133.14075561596425,11.2725137138771,0.006489790959899453
2.2,2.702993029325433,757.7511053139363,0.18758313896153586,0.0160276931496303,133.18312300580098,11.255296732298223,0.006490676865077277
2.205,2.7034294993021466,757.750880597331,0.18764196733544983,0.015985623058530355,133.22537263629232,11.238108753938478,0.006491533455535905
2.21,2.7038569235643717,757.7506483815695,0.18770063778438908,0.015943666542891564,133.26750537115785,11.220949603034105,0.0064923608526202175
2.215,2.7042752978805855,757.7504086497797,0.18775915113295324,0.015901823008535747,133.30952228609124,11.20381910471451,0.006493159177089611
2.22,2.70468461823647,757.7501613857389,0.18781750820077944,0.015860091864854466,133.35142466849956,11.186717085002757,0.006493928549118004
2.225,2.7050848808152406,757.7499065738272,0.1878757098025297,0.015818472524857387,133.3932132730061,11.169643371837038,0.006494669088291758
2.23,2.70547608190284,757.7496441989548,0.18793375674746918,0.015776964405497983,133.43488790192913,11.15259779480499,0.006495380913588397
2.235,2.7058582179799933,757.7493742466439,0.1879916498398035,0.01573556692736293,133.47644866337515,11.135580184022253,0.006496064143409755
2.24,2.7062312857626973,757.7490967030377,0.1880493898788989,0.01569427951451875,133.51789586713875,11.118590370714058,0.0064967188955969025
2.245,2.7065952822022235,757.7488115548999,0.1881069776592823,0.01565310159451182,133.55923002470234,11.101628187215235,0.006497345287430153
2.25,2.706950204485116,757.7485187896151,0.1881644139706411,0.015612032598368374,133.60045184923644,11.084693466970204,0.006497943435629061
2.255,2.707296050033192,757.7482183951885,0.1882216995978233,0.015571071960594474,133.6415622555994,11.067786044532976,0.006498513456352419
2.2600000000000002,2.707632816503542,757.7479103602462,0.1882788353208375,0.01553021911917605,133.68256236033758,11.050905755567157,0.006499055465198261
2.265,2.7079605017882087,757.7475946740307,0.18833582191486342,0.015489473515575872,133.7234533938381,11.03405243694302,0.006499569577204981
2.27,2.7082791039510443,757.7472713263099,0.18839266015009398,0.015448834594909215,133.7642355248204,11.017225927122462,0.0065000559068539975
2.275,2.7085886211888646,757.7469403073812,0.18844935079145078,0.015408301806106892,133.80490864704598,11.000426064620337,0.0065005145680610355
2.2800000000000002,2.7088890519393263,757.7466016081349,0.18850589459907957,0.01536787460152849,133.84547292610785,10.98365268902259,0.006500945674201442
2.285,2.7091803948913733,757.7462552200557,0.18856229232841587,0.015327552436919209,133.8859287190368,10.966905641240578,0.006501349338114064
2.29,2.7094626489852387,757.7459011352214,0.1886185447301851,0.01528733477140984,133.9262765743015,10.950184763511052,0.006501725672101244
2.295,2.7097358134124425,757.7455393463038,0.18867465255040247,0.015247221067516786,133.96651723180852,10.933489899396172,0.006502074787928829
2.3000000000000003,2.709999887615793,757.745169846568,0.18873061653037296,0.015207210791142048,134.0066516229022,10.916820893783491,0.0065023967968261594
2.305,2.710254871289386,757.7447926298734,0.18878643740669143,0.015167303411573243,134.0466808703648,10.900177592885976,0.0065026918094860785
2.31,2.7105007643736485,757.7444076906575,0.1888421159112582,0.015127498401485626,134.08660603400108,10.88355984430881,0.006502959936069845
2.315,2.7107375669614924,757.744015023829,0.1888976527709825,0.015087795237214445,134.12642699868263,10.866967495809993,0.0065032012862212135
2.32,2.71096527932132,757.7436146248233,0.1889530487077325,0.015048193398723566,134.16614373874202,10.85040039488189,0.006503415969054833
2.325,2.7111839019843083,757.7432064896436,0.18900830443878155,0.015008692369276483,134.20575644547728,10.833858390481735,0.006503604093171379
2.33,2.7113934357469005,757.7427906148613,0.1890634206768272,0.014969291635424526,134.24526549140495,10.817341333107924,0.006503765766658787
2.335,2.71159388167081,757.7423669976149,0.1891183981299911,0.014929990687006844,134.28467143025998,10.800849074800004,0.006503901097092252
2.34,2.7117852410830174,757.7419356356107,0.18917323750181908,0.014890789017150404,134.3239749969958,10.784381469138673,0.006504010191534231
2.345,2.7119675155757728,757.7414965271229,0.18922793949128117,0.01485168612227,134.36317710778425,10.767938371245782,0.00650409315653444
2.35,2.712140707006595,757.7410496709928,0.18928250479277142,0.01481268150206826,134.40227886001566,10.75151963778434,0.006504150098129853
2.355,2.7123048174884907,757.7405950666068,0.1893369340961235,0.014773774659543144,134.4412811788748,10.735125126756614,0.006504181121855131
2.36,2.71245984928413,757.7401327137864,0.18939122808625306,0.014734965101296143,134.4801838598138,10.718754694808482,0.006504186332770523
2.365,2.7126058048574637,757.7396626128625,0.18944538744322267,0.014696252337414513,134.5189869012446,10.702408198320393,0.00650416583543719
2.37,2.712742686948712,757.7391847647091,0.18949941284264887,0.014657635881177973,134.55769049160182,10.686085495401187,0.006504119733926112
2.375,2.7128704985753305,757.7386991707425,0.18955330495571082,0.01461911524905343,134.59629499033656,10.669786445917074,0.0065040481318187635
2.38,2.712989243032007,757.7382058329215,0.18960706444915032,0.014580689960694981,134.63480092791653,10.653510911491649,0.006503951132207114
2.3850000000000002,2.713098923890664,757.7377047537468,0.18966069198527175,0.014542359538943912,134.6732090058261,10.637258755505892,0.006503828837693624
2.39,2.713199545000458,757.7371959362621,0.1897141882219422,0.014504123509828713,134.7115200965661,10.621029843098166,0.0065036813503912515
2.395,2.71329111048778,757.7366793840529,0.18976755381259125,0.01446598140256505,134.74973524365402,10.604824041164216,0.006503508771923444
2.4,2.7133736247473816,757.7361551012275,0.18982078940622915,0.014427932749558739,134.78785536075793,10.588641217961944,0.006503311203436545
2.4050000000000002,2.713447092334364,757.7356230923021,0.18987389564710805,0.01438997708670185,134.8258802478415,10.572481239205365,0.006503088745646979
2.41,2.7135115180077225,757.7350833622717,0.18992687317472887,0.014352113953299356,134.86380987816088,10.556343969873353,0.00650284149880197
2.415,2.7135669068122046,757.7345359166494,0.18997972262428353,0.014314342891748748,134.90164441216908,10.540229276881206,0.0065025695626808565
2.42,2.7136132640797515,757.733980761466,0.19003244462666855,0.014276663447531803,134.93938417112625,10.524137029118801,0.006502273036596151
2.4250000000000003,2.713650595429501,757.73341790327,0.19008503980848468,0.014239075169214577,134.9770296370997,10.508067097450589,0.006501952019393538
2.43,2.7136789067677864,757.7328473491277,0.19013750879203725,0.014201577608447416,135.01458145296385,10.492019354715604,0.006501606609451874
2.435,2.7136982042881366,757.7322691066229,0.19018985219533596,0.014164170319964945,135.05204042240035,10.475993675727459,0.006501236904683187
2.44,2.7137084944712746,757.7316831838571,0.19024207063209497,0.01412685286158607,135.089407509898,10.459989937274344,0.006500843002532681
2.445,2.713709784081965,757.7310895894408,0.1902941647117496,0.014089624794209183,135.12668370265308,10.444008017874367,0.006500424999985988
2.45,2.713702080075041,757.7304883323826,0.1903461350392357,0.014052485682028477,135.16386893298193,10.428047793142557,0.0064999829936371765
2.455,2.713685389586914,757.7298794221192,0.1903979822147591,0.014015435092646225,135.2009630947821,10.412109136300915,0.0064995170796525335
2.46,2.7136597200432986,757.729262868581,0.19044970683432705,0.013978472596675043,135.2379662991672,10.39619192259468,0.006499027353750863
2.465,2.7136250791650642,757.7286386821914,0.19050130948979568,0.013941597767707122,135.2748788077975,10.38029602946225,0.006498513911206242
2.47,2.713581474968237,757.7280068738678,0.1905527907688701,0.013904810182314225,135.31170103288005,10.364421336535184,0.006497976846848013
2.475,2.713528915763999,757.7273674550205,0.19060415125510421,0.013868109420047701,135.3484335371685,10.348567725638203,0.006497416255060792
2.48,2.7134674101586884,757.7267204375532,0.19065539152790087,0.013831495063438462,135.38507703396334,10.332735080789183,0.006496832229784462
2.485,2.7133969670537987,757.7260658338633,0.1907065121625119,0.013794966697996996,135.4216323871117,10.316923288199161,0.006496224864514178
2.49,2.7133175956459774,757.725403656841,0.19075751373004027,0.013758523912212115,135.4581006021695,10.301132236259596,0.006495594252300893
2.495,2.7132293053778955,757.7247339197976,0.19080839679741088,0.013722166297616183,135.49448199996385,10.285361812111422,0.006494940485812434
2.5,2.713132105841331,757.7240566364045,0.1908591619268803,0.013685893449132468,135.5307763395947,10.269611897365277,0.006494263657357886
2.505,2.713026006901378,757.7233718207949,0.19090980967651083,0.013649704964687115,135.56698366567693,10.253882374981488,0.00649356385881971
2.5100000000000002,2.7129110187242413,757.722679487571,0.19096034060036038,0.013613600445079706,135.60310416298853,10.238173130333829,0.006492841181657124
2.515,2.7127871517772397,757.7219796518044,0.19101075524848232,0.013577579493983282,135.63913815647052,10.222484051209515,0.006492095716906113
2.52,2.712654416828803,757.721272329036,0.1910610541669256,0.013541641717944326,135.675086111227,10.206815027809206,0.006491327555179423
2.525,2.7125128249484733,757.7205575352758,0.19111123789773454,0.013505786726382763,135.71094863252506,10.191165952747008,0.006490536786666561
2.5300000000000002,2.7123623875069054,757.7198352870035,0.1911613069789491,0.013470014131591969,135.74672646579498,10.175536721050467,0.006489723501133794
2.535,2.7122031161758655,757.7191056011676,0.1912112619446047,0.013434323548738775,135.78242049662998,10.159927230160577,0.006488887787924158
2.54,2.7120350229211247,757.7183684951721,0.1912611033247534,0.013398714595858409,135.81803155926923,10.144337379173445,0.006488029735973229
2.545,2.7118581198886984,757.7176239867542,0.19131083164518625,0.013363186894107117,135.85355946685686,10.128767060892695,0.006487149433918424
2.5500000000000003,2.711672419427536,757.716872094041,0.19136044742728578,0.013327740067808295,135.88900413652223,10.11321616529739,0.006486246970025669
2.555,2.7114779341885864,757.7161128356054,0.1914099511885472,0.013292373744071417,135.9243656636313,10.097684584937788,0.006485322432156053
2.56,2.7112746771278533,757.7153462304655,0.19145934344260973,0.013257087552772145,135.95964427308832,10.082172214999783,0.00648437590776829
2.565,2.7110626615063955,757.7145722980845,0.19150862469925628,0.013221881126552329,135.99484031933554,10.066678953304905,0.00648340748391872
2.57,2.710841900890328,757.7137910583709,0.1915577954644138,0.013186754100820016,136.02995428635344,10.05120470031032,0.006482417247261311
2.575,2.710612409150819,757.7130025316786,0.19160685624015286,0.013151706113749441,136.06498678766064,10.035749359108829,0.006481405284047657
2.58,2.710374200464092,757.7122067388063,0.19165580752468808,0.013116736806281042,136.09993856631385,10.020312835428873,0.006480371680126979
2.585,2.7101272893114263,757.7114037009981,0.19170464981237784,0.013081845822121437,136.134810494908,10.004895037634528,0.006479316520946122
2.59,2.7098716904533995,757.710593439904,0.19175338359374383,0.013047032807753472,136.1696031290273,9.98949587401311,0.006478239891597412
2.595,2.7096074188005583,757.709775977466,0.19180200935502809,0.013012297412785765,136.20431616557295,9.974115243588962,0.0064771418769267505
2.6,2.7093344895121754,757.7089513360248,0.19185052757839047,0.012977639289747447,136.23894959861292,9.958753045168432,0.006476022561407451
2.605,2.7090529180543976,757.7081195383421,0.19189893874228217,0.012943058093827004,136.27350354583797,9.943409180425242,0.0064748820291302914
2.61,2.708762720200345,757.7072806076004,0.19194724332144805,0.012908553482870936,136.30797824341744,9.928083553892955,0.00647372036380389
2.615,2.7084639120301053,757.7064345674032,0.19199544178692662,0.01287412511738375,136.34237404599926,9.912776072964984,0.006472537648754706
2.62,2.7081565099307388,757.7055814417753,0.19204353460605011,0.012839772660527984,136.3766914267101,9.897486647894587,0.0064713339669270386
2.625,2.7078405305962763,757.7047212551618,0.19209152224244427,0.012805495778124173,136.41093097715518,9.882215191794863,0.006470109400883026
2.63,2.7075159910277184,757.7038540324293,0.19213940515602865,0.012771294138650868,136.4450934074183,9.866961620638762,0.00646886403280265
2.6350000000000002,2.707182908533037,757.702979798865,0.1921871838030163,0.012737167413244634,136.47917954606208,9.85172585325907,0.0064675979444837285
2.64,2.706841300686726,757.7020985801227,0.19223485863591955,0.01270311527572652,136.51318978200823,9.836507806754593,0.00646631121741719
2.645,2.7064911852078097,757.7012104021247,0.19228243010307644,0.012669137402958153,136.54712381831638,9.821307387468103,0.006465003932886477
2.65,2.7061325800814227,757.7003152911797,0.19232989864897115,0.012635233474554877,136.58098167899965,9.806124502730126,0.006463676171814458
2.6550000000000002,2.705765503599265,757.6994132739918,0.19237726471453093,0.01260140317268241,136.61476349209113,9.79095906291474,0.006462328014761806
2.66,2.705389974359604,757.6985043776617,0.19242452873712626,0.012567646182056788,136.64846948939797,9.775810981438683,0.006460959541927023
2.665,2.7050060112672707,757.6975886296865,0.19247169115057086,0.012533962189944358,136.68210000650134,9.760680174761355,0.006459570833146437
2.67,2.7046136335336635,757.6966660579594,0.19251875238512164,0.01250035088616179,136.71565548275655,9.745566562384811,0.006458161967894204
2.6750000000000003,2.704212860676745,757.69573669077,0.19256571286747876,0.012466811963076066,136.74913646129295,9.730470066853762,0.006456733025282308
2.68,2.7038037125210432,757.6948005568042,0.19261257302078552,0.012433345115604495,136.78254358901393,9.71539061375559,0.006455284084060561
2.685,2.7033862091976526,757.6938576851442,0.19265933326462858,0.012399950041214695,136.81587761659696,9.70032813172032,0.006453815222616605
2.69,2.7029603710993566,757.692908105211,0.19270599401503613,0.01236662643995503,136.84913886762237,9.685282546893992,0.00645232651906326
2.695,2.7025262187631722,757.6919518466742,0.1927525556840272,0.012333374014790408,136.882327077966,9.670253773445587,0.006450818051345915
2.7,2.702083772995336,757.6909889395674,0.1927990186799317,0.012300192471319459,136.9154423133366,9.655241726998838,0.006449289897065986
2.705,2.7016330549059897,757.6900194142958,0.19284538340767102,0.012267081517584945,136.9484847211844,9.640246326349542,0.006447742133482424
2.71,2.701174085909172,757.6890433016356,0.192891650268758,0.012234040864073708,136.98145453045515,9.625267493464255,0.0064461748375117395
2.715,2.7007068877228226,757.6880606327347,0.19293781966129697,0.012201070223716672,137.01435205159004,9.610305153480299,0.006444588085728007
2.72,2.7002314823687796,757.6870714391123,0.19298389197998375,0.01216816931188884,137.04717767652568,9.595359234705754,0.0064429819543628634
2.725,2.6997478921727804,757.6860757526588,0.1930298676161056,0.012135337846409312,137.0799318786942,9.580429668619471,0.006441356519305507
2.73,2.699256139764462,757.685073605636,0.19307574695754134,0.012102575547541258,137.11261521302322,9.56551638987106,0.006439711856102697
2.735,2.698756248077359,757.6840650306773,0.1931215303887612,0.012069882137991934,137.1452283159358,9.5506193362809,0.006438048039958757
2.74,2.698248240303208,757.6830500607311,0.1931672182908257,0.01203725734293903,137.17777145261817,9.535738442828919,0.006436365145829067
2.745,2.6977321397781537,757.6820287289748,0.19321281104095203,0.012004700890349367,137.2102444491701,9.52087363160941,0.006434663248536315
2.75,2.6972079701059832,757.6810010689273,0.19325830901282512,0.011972212510711448,137.24264743519427,9.50602482628945,0.006432942422579317
2.755,2.6966757551898346,757.6799671144537,0.19330371257686862,0.011939791936852833,137.27498059222438,9.491191953818504,0.0064312027421333535
2.7600000000000002,2.6961355192321905,757.6789268997654,0.1933490221002451,0.011907438903940087,137.30724415350403,9.476374944426965,0.006429444281050201
2.765,2.695587286734878,757.6778804594204,0.1933942379468559,0.011875153149478805,137.33943840398652,9.46157373162616,0.006427667112858129
2.77,2.6950310824990678,757.6768278283231,0.1934393604773412,0.011842934413313579,137.37156368033493,9.446788252208345,0.006425871310761903
2.775,2.694466931625277,757.6757690417242,0.19348439004908005,0.011810782437628018,137.4036203709222,9.432018446246701,0.006424056947642782
2.7800000000000002,2.6938948595133665,757.6747041352207,0.1935293270161903,0.011778696966944743,137.435608915831,9.417264257095338,0.006422224096058521
2.785,2.6933148918625416,757.6736331447563,0.19357417172952862,0.011746677748125394,137.4675298068538,9.402525631389304,0.0064203728282433686
2.79,2.6927270546250535,757.6725561065658,0.19361892453668708,0.01171472453039261,137.49938325298916,9.38780251260112,0.006418503216207012
2.795,2.6921313738964496,757.6714730570948,0.19366358578157683,0.011682837065631299,137.5311692134062,9.373094830509233,0.0064166153318587745
2.8000000000000003,2.6915278760365933,757.6703840331071,0.19370815580473413,0.011651015108137076,137.5628878979644,9.358402516568816,0.006414709246803362
2.805,2.6909165876983536,757.6692890716879,0.19375263494358042,0.011619258414440599,137.59453953318834,9.343725505610914,0.006412785032340084
2.81,2.6902975358276007,757.6681882102436,0.1937970235324224,0.011587566743307505,137.6261243620905,9.329063735840839,0.006410842759462881
2.815,2.689670747663206,757.6670814865018,0.1938413219024521,0.01155593985573843,137.65764264417106,9.314417148838169,0.006408882498860332
2.82,2.6890362507370416,757.6659689385119,0.19388553038174675,0.011524377514968993,137.68909465541796,9.299785689556751,0.006406904320915643
2.825,2.68839407287398,757.6648506046444,0.19392964929526887,0.011492879486469806,137.7204806883069,9.285169306324702,0.006404908295706657
2.83,2.6877442421918953,757.6637265235906,0.19397367896486628,0.011461445537946481,137.7518010518014,9.270567950844406,0.0064028944930058515
2.835,2.687086787101662,757.6625967343641,0.19401761970927206,0.01143007543933961,137.78305607135272,9.255981578192515,0.006400862982280337
2.84,2.686421736260477,757.6614612762455,0.19406147184409717,0.011398768962842108,137.81424590105462,9.24141013999291,0.006398813832795598
2.845,2.6857491184665228,757.6603201887083,0.19410523568143145,0.011367525883182796,137.84537066463014,9.226853573460328,0.006396747113746795
2.85,2.6850689627773106,757.6591735115211,0.19414891153014727,0.01133634597739121,137.8764306653502,9.212311817577062,0.0063946628940428855
2.855,2.684381298535325,757.6580212847488,0.1941924996961478,0.011305229024628776,137.90742618357618,9.197784814778943,0.006392561242304775
2.86,2.6836861553680134,757.6568635487522,0.1942360004823672,0.011274174806188777,137.93835747663988,9.183272510953625,0.006390442226865359
2.865,2.6829835631877876,757.6557003441883,0.19427941418877057,0.011243183105496345,137.96922477884354,9.168774855440576,0.0063883059157695205
2.87,2.6822735521920236,757.6545317120103,0.1943227411123539,0.011212253708108475,138.00002830145974,9.154291801031082,0.0063861523767741275
2.875,2.681556152863062,757.6533576934675,0.19436598154714407,0.011181386401714007,138.03076823273148,9.139823303968246,0.006383981677348038
2.88,2.680831395968206,757.6521783301051,0.19440913578419902,0.011150580976133638,138.06144473787216,9.125369323946984,0.006381793884672096
2.8850000000000002,2.6800993125597254,757.6509936637648,0.19445220411160746,0.011119837223319913,138.0920579590657,9.110929824114027,0.00637958906563913
2.89,2.679359933928012,757.649803736532,0.1944951868144768,0.011089154937369616,138.1226079960613,9.09650476390271,0.006377367286961892
2.895,2.6786132915010175,757.6486085906671,0.1945380841745507,0.011058533914789448,138.15309516233359,9.082094087709295,0.00637512861531066
2.9,2.6778594169594734,757.6474082687027,0.19458089647051285,0.011027973954277669,138.18351986621718,9.067697741776152,0.006372873117087081
2.9050000000000002,2.6770983422594488,757.6462028134424,0.19462362397822278,0.010997474856561985,138.21388244979698,9.05331567586203,0.006370600858421329
2.91,2.6763300996323425,757.64499226796,0.19466626697071618,0.010967036424399515,138.24418318885517,9.038947843240209,0.006368311905172144
2.915,2.675554721584882,757.6437766756005,0.19470882571820466,0.010936658462576783,138.27442229287135,9.024594200698496,0.006366006322926825
2.92,2.674772240899125,757.6425560799795,0.19475130048807596,0.010906340777909716,138.30459990502246,9.010254708539236,0.006363684177001234
2.9250000000000003,2.673982690632459,757.6413305249832,0.19479369154489382,0.010876083179243658,138.33471610218282,8.995929330579292,0.006361345532439798
2.93,2.6731861041175993,757.6401000547686,0.19483599915039795,0.010845885477453356,138.36477089492413,8.981618034150076,0.006358990454015507
2.935,2.6723825149625924,757.6388647137634,0.1948782235635042,0.010815747485442962,138.39476422751542,8.967320790097515,0.006356619006229911
2.94,2.6715719570040273,757.6376245466156,0.19492036504028618,0.010785669018153147,138.42469614527795,8.95303756532107,0.006354231253424679
2.945,2.6707544642115866,757.6363795981306,0.1949624238336094,0.010755649892808822,138.45456717363277,8.93876831113661,0.006351827259924769
2.95,2.669930070799709,757.6351299133631,0.19500440019343673,0.010725689928717957,138.48437783731032,8.924512980773157,0.006349407089803257
2.955,2.669098811247034,757.633875537613,0.19504629436705184,0.010695788947116007,138.51412854781168,8.91027153102498,0.00634697080687755
2.96,2.6682607202963893,757.6326165164252,0.19508810659905929,0.010665946771165861,138.54381960343105,8.896043922249623,0.006344518474709426
2.965,2.667415832954794,757.6313528955898,0.19512983713138443,0.010636163225957845,138.57345118925593,8.88183011836792,0.006342050156605026
2.97,2.6665641844934576,757.630084721142,0.1951714862032736,0.010606438138509726,138.60302337716692,8.86763008686399,0.006339565915614862
2.975,2.6657058104477787,757.6288120393622,0.19521305405129394,0.010576771337766713,138.63253612583787,8.85344379878524,0.006337065814533813
2.98,2.6648407466173483,757.6275348967756,0.19525454090933347,0.01054716265460145,138.66198928073578,8.839271228742358,0.006334549915901125
2.985,2.663969029065945,757.6262533401531,0.1952959470086011,0.010517611921814022,138.6913825741209,8.825112354909328,0.0063320182820004135
2.99,2.663090694075018,757.6249674164616,0.1953372725776016,0.010488118974133506,138.72071599616044,8.810967151306217,0.006329470974974308
2.995,2.6622057780536847,757.6236771728082,0.1953785178417857,0.010458683648447705,138.74999030568512,8.796835575899063,0.006326908056972477
3.0,2.6613143176464074,757.6223826565268,0.19541968302385884,0.010429305783619443,138.77920615572765,8.782717588623326,0.006324329589908642
3.005,2.6604163497492976,757.6210839151701,0.19546076834399226,0.010399985220337308,138.8083640352848,8.768613153015377,0.0063217356354559
3.0100000000000002,2.6595119115101062,757.6197809965101,0.19550177401982294,0.010370721801115618,138.83746426942284,8.75452223621046,0.006319126255046755
3.015,2.6586010403282248,757.6184739485385,0.19554270026645357,0.010341515370294423,138.8665070192773,8.7404448089427,0.006316501509873119
3.02,2.6576837738546835,757.617162819466,0.19558354729645264,0.010312365774039493,138.89549228205323,8.726380845545089,0.006313861460886314
3.025,2.6567601499921527,757.6158476577226,0.19562431531985444,0.01028327286034233,138.92441989102497,8.712330323949498,0.00631120616879707
3.0300000000000002,2.6558302068949424,757.614528511958,0.19566500454415894,0.01025423647902016,138.9532895155363,8.698293225686674,0.006308535694075525
3.035,2.6548939829690026,757.6132054310409,0.19570561517433188,0.010225256481715943,138.9821006610004,8.684269535886234,0.006305850096951227
3.04,2.6539515168185552,757.6118784640084,0.1957461474127373,0.010196332721914494,139.01085336299133,8.670259233947535,0.00630314943754807
3.045,2.6530028471726492,757.6105476600231,0.19578660145886,0.01016746505512098,139.0395486642141,8.656262283694943,0.0063004337760077765
3.0500000000000003,2.6520480129948547,757.6092130684556,0.19582697750964473,0.010138653338680413,139.06818724754018,8.642278652865421,0.006297703172227117
3.055,2.651087053485927,757.6078747388698,0.1958672757596398,0.010109897431666105,139.0967696011793,8.628308312566997,0.006294957685879592
3.06,2.650120008083791,757.6065327210231,0.19590749640099706,0.010081197194879621,139.12529601895562,8.61435123727556,0.006292197376415484
3.065,2.6491469164635397,757.6051870648662,0.19594763962347186,0.010052552490850793,139.15376660030776,8.600407404834868,0.006289422303061853
3.0700000000000003,2.6481678185374355,757.6038378205429,0.19598770561442322,0.010023963183837714,139.18218125028883,8.586476796456541,0.006286632524822542
3.075,2.647182754454911,757.6024850383906,0.19602769455881355,0.009995429139826753,139.2105396795663,8.572559396720068,0.006283828100478172
3.08,2.6461917646025666,757.6011287689396,0.19606760663920897,0.009966950226532526,139.23884140442215,8.5586551935728,0.006281009088586147
3.085,2.645194889598519,757.599769062908,0.196107442035775,0.009938526313394872,139.26708586919443,8.544764177312407,0.006278175547495821
3.09,2.644192170201642,757.598405971126,0.19614720092609025,0.009910157271645051,139.2952738680973,8.530886325373224,0.006275327535562247
3.095,2.6431836473427786,757.59703954458,0.19618688348513444,0.009881842974378042,139.32340626102086,8.517021610074325,0.006272465111025675
3.1,2.642169362178118,757.595669834431,0.1962264898855974,0.009853583296347454,139.35148357274898,8.50317000755047,0.00626958833190635
3.105,2.6411493560862196,757.5942968920087,0.19626602029790263,0.009825378113941283,139.37950614353494,8.489331497091069,0.006266697256017024
3.11,2.6401236706680105,757.5929207688114,0.19630547489020708,0.009797227305181904,139.40747412910162,8.475506061140193,0.006263791940962958
3.115,2.639092347746788,757.5915415165052,0.19634485382840133,0.009769130749726079,139.4353875006414,8.461693685296561,0.006260872444141918
3.12,2.6380554293682192,757.5901591869251,0.19638415727610942,0.009741088328864965,139.46324604481617,8.447894358313562,0.006257938822744181
3.125,2.6370129578003394,757.5887738320741,0.19642338539468895,0.009713099925524092,139.49104936375738,8.434108072099225,0.006254991133752529
3.13,2.635964975532361,757.5873855041224,0.19646253834323207,0.009685165424261056,139.51879690763727,8.420334821515013,0.006252029433945432
3.1350000000000002,2.634911525213225,757.5859942553539,0.19650161627847734,0.00965728471127473,139.54648909815032,8.406574593997295,0.006249053780046027
3.14,2.633852649634634,757.5846001381749,0.19654061935465947,0.009629457674542331,139.574126783308,8.392827367704879,0.00624606422873329
3.145,2.6327883917953177,757.5832032051438,0.19657954772381822,0.00960168420363224,139.6017104698539,8.379093123696366,0.00624306083648827
3.15,2.631718794901692,757.5818035089633,0.1966184015358562,0.00957396418965362,139.6292404952444,8.365371846163765,0.006240043659596633
3.1550000000000002,2.6306439023678596,757.5804011024802,0.1966571809385387,0.009546297525256393,139.65671702764837,8.351663522432478,0.006237012754148669
3.16,2.629563757815611,757.5789960386862,0.19669588607749383,0.009518684104631267,139.68414006594753,8.337968142961316,0.006233968176039285
3.165,2.6284784050744214,757.577588370717,0.19673451709621242,0.009491123823509704,139.71150943973623,8.324285701342479,0.006230909980968009
3.17,2.6273878881814543,757.5761781518527,0.19677307413604805,0.009463616579163947,139.73882480932153,8.310616194301574,0.006227838224438986
3.1750000000000003,2.6262922513813995,757.5747654355179,0.19681155733621758,0.009436162270406454,139.7660856699998,8.296959621673063,0.006224752961761396
3.18,2.6251915390821887,757.573350275241,0.19684996683377334,0.00940876079757135,139.79329215418161,8.283315978754352,0.006221654248161086
3.185,2.6240857958137735,757.5719327246466,0.19688830276339558,0.009381412062663205,139.82044509821634,8.26968524899066,0.0062185421388687755
3.19,2.6229750662946607,757.5705128374891,0.19692656525765953,0.009354115969211617,139.84754503646406,8.256067417737446,0.006215416688939551
3.1950000000000003,2.6218593954356786,757.5690906676434,0.1969647544471357,0.009326872422191849,139.87459233167908,8.242462473545393,0.006212277953243426
3.2,2.6207388283399786,757.5676662691047,0.19700287046039008,0.009299681328024839,139.9015871750101,8.228870408160418,0.006209125986465343
3.205,2.619613410303035,757.5662396959883,0.19704091342398392,0.009272542594577184,139.92852958600005,8.215291216523662,0.006205960843105174
3.21,2.618483186812643,757.5648110025303,0.19707888346247385,0.009245456131161157,139.95541941258622,8.201724896771493,0.00620278257747772
3.215,2.6173482035489224,757.5633802430867,0.1971167806984119,0.009218421848534691,139.9822563311002,8.188171450235508,0.006199591243712707
3.22,2.616208506384315,757.5619474721342,0.19715460525234543,0.00919143965890139,140.0090398462678,8.17463088144253,0.006196386895754794
3.225,2.6150641413607625,757.5605127442486,0.19719235724281586,0.009164509475890962,140.03576972088464,8.16110319395586,0.006193169587424688
3.23,2.6139151546212096,757.5590761140688,0.19723003678617973,0.00913763121464948,140.0624468206531,8.147588377121341,0.006189939372597716
3.235,2.6127615924753407,757.5576376363452,0.1972676439967407,0.009110804791808955,140.08907175728478,8.134086420217171,0.00618669630500635
3.24,2.6116035014090166,757.5561973659247,0.19730517898693067,0.009084030125352938,140.11564494891186,8.120597315763359,0.006183440438207604
3.245,2.610440928083889,757.5547553577502,0.19734264186731132,0.009057307134614721,140.14216663034273,8.107121059466163,0.006180171825584018
3.25,2.609273919337403,757.5533116668604,0.19738003274657437,0.009030635740277322,140.16863685306203,8.093657650218098,0.006176890520343654
3.255,2.608102522182798,757.5518663483901,0.19741735173154146,0.009004015864373492,140.1950554852307,8.080207090097936,0.0061735965755201
3.2600000000000002,2.6069267838091035,757.5504194575703,0.19745459892716416,0.008977447430285708,140.22142221168588,8.0667693843707,0.006170290043972469
3.265,2.6057467515811448,757.5489710497274,0.19749177443652405,0.008950930362746188,140.24773653394098,8.053344541487672,0.006166970978385396
3.27,2.6045624730313186,757.5475211802764,0.19752887836083577,0.008924464587825951,140.27399794888203,8.039932571540097,0.0061636394312919235
3.275,2.603373995788254,757.5460699046744,0.1975659107993378,0.00889805003295562,140.3002071831077,8.026533471685626,0.0061602954552766615
3.2800000000000002,2.6021813676175434,757.5446172784648,0.19760287184928418,0.008871686626991409,140.32636496064947,8.013147235019147,0.0061569391028441795
3.285,2.6009846364453955,757.5431633572666,0.1976397616061775,0.008845374300058044,140.35247174576594,7.999773857994186,0.006153570426330317
3.29,2.599783850356432,757.5417081967704,0.1976765801637845,0.008819112983534228,140.37852781222384,7.986413340168006,0.00615018947790724
3.295,2.59857905759369,757.5402518527385,0.197713327614136,0.00879290261005266,140.40453324329795,7.973065684201605,0.0061467963095834365
3.3000000000000003,2.59737030655862,757.5387943810045,0.19775000404752674,0.008766743113500019,140.43048793177127,7.959730895859711,0.006143390973203721
3.305,2.596157645811089,757.5373358374742,0.19778660955251567,0.008740634429016984,140.4563915799348,7.946408984010797,0.006139973520449232
3.31,2.594941124069377,757.5358762781244,0.19782314421592573,0.00871457649299821,140.48224369958777,7.933099960627061,0.006136544002837434
3.315,2.5937207902073203,757.5344157590008,0.19785960812284664,0.008688569243086926,140.50804368346488,7.919803840257905,0.006133102471729999
3.3200000000000003,2.592496693195215,757.532954336178,0.19789600135657853,0.008662612618156741,140.53379203997142,7.906520627544116,0.006129648978509198
3.325,2.591268882114465,757.5314920657913,0.19793232399855185,0.008636706558410952,140.55948956644372,7.89325031967485,0.006126183574533927
3.33,2.5900374061904974,757.530029004031,0.19796857612856064,0.008610851005241962,140.5851367438115,7.8799929170052065,0.006122706311004458
3.335,2.588802314789329,757.5285652071352,0.19800475782479635,0.008585045901200752,140.61073386277306,7.866748422911054,0.006119217238967376
3.34,2.5875636574175678,757.5271007313896,0.19804086916384758,0.008559291189996881,140.63628102379528,7.853516843789035,0.006115716409315579
3.345,2.5863214837224118,757.5256356331275,0.19807691022070023,0.008533586816498481,140.66177813711369,7.840298189056562,0.0061122038727882775
3.35,2.585075843491648,757.5241699687298,0.19811288106873742,0.008507932726732267,140.68722492273238,7.827092471151822,0.006108679679970995
3.355,2.5838267866536553,757.5227037946246,0.19814878177973952,0.00848232886788353,140.71262091042405,7.813899705533769,0.006105143881295568
3.36,2.5825743632761595,757.5212371672868,0.1981846124238862,0.008456775188293129,140.73796547248833,7.800719910465951,0.006101596527043421
3.365,2.581318623517772,757.5197701432043,0.19822037306973328,0.008431271637420433,140.7632589430174,7.787553096493475,0.006098037667495198
3.37,2.5800596176293604,757.518302778904,0.1982560637841068,0.008405818165944998,140.78850214132592,7.774399264872897,0.006094467352943284
3.375,2.5787973959883117,757.5168351309476,0.19829168463231564,0.008380414725651143,140.81369555318054,7.761258419638122,0.006090885633534127
3.38,2.577532009094405,757.515367255921,0.19832723567819935,0.008355061269386226,140.83883947539678,7.748130567791527,0.0060872925592693
3.3850000000000002,2.5762635075698115,757.5138992104331,0.19836271698412805,0.008329757751060641,140.86393401583894,7.735015719303945,0.0060836881800055065
3.39,2.5749919421590954,757.5124310511176,0.1983981286110025,0.00830450412564782,140.88897909342018,7.7219138871146775,0.0060800725454545745
3.395,2.573717363729212,757.510962834631,0.19843347061825406,0.008279300349184225,140.91397443810246,7.708825087131485,0.006076445705183459
3.4,2.5724398232695087,757.5094946176544,0.1984687430638447,0.008254146378769358,140.93891959089652,7.695749338230593,0.006072807708614246
3.4050000000000002,2.5711593718912074,757.5080264568918,0.1985039460042681,0.008229042172564302,140.9638139175656,7.6826866621709575,0.006069158605025449
3.41,2.5698760607868363,757.506558409043,0.19853907949454952,0.008203987689743923,140.98865760817728,7.669637074495458,0.0060654984436818654
3.415,2.568589941224506,757.5050905308276,0.19857414358813352,0.008178982890588543,141.01345149932237,7.656600580202007,0.006061827273886548
3.42,2.5673010645814447,757.5036228789793,0.19860913833706922,0.00815402773639673,141.03819608710174,7.643577186695746,0.006058145144808587
3.4250000000000003,2.5660094823386195,757.5021555102322,0.1986440637920706,0.008129122189434106,141.06289167707607,7.630566904307248,0.00605445210548019
3.43,2.5647152460807363,757.5006884813206,0.1986789200025165,0.008104266212933366,141.08753838426574,7.61756974629253,0.0060507482047966734
3.435,2.5634184074962394,757.4992218489791,0.19871370701645055,0.008079459771094259,141.11213613315095,7.604585728833039,0.006047033491516468
3.44,2.5621190183773113,757.4977556699425,0.19874842488058128,0.00805470282908359,141.1366846576716,7.591614871035665,0.006043308014261117
3.4450000000000003,2.5608171306198746,757.4962900009458,0.1987830736402821,0.008029995353035236,141.16118350122738,7.57865719493273,0.006039571821515276
3.45,2.559512796223478,757.4948248987241,0.19881765333959148,0.008005337310049791,141.1856320196084,7.565712725464538,0.006035824961626978
3.455,2.5582060672581313,757.4933604199907,0.19885216402122682,0.007980728668142444,141.21003025968835,7.552781482758467,0.006032067482918
3.46,2.5568969958526435,757.4918966214584,0.19888660572648173,0.007956169396313044,141.2343790873796,7.539863475299164,0.006028299433772252
3.465,2.555585634227973,757.4904335598354,0.19892097849537582,0.007931659464493701,141.2586790131106,7.526958713592569,0.006024520862451216
3.47,2.5542720346897174,757.488971291807,0.19895528236672852,0.007907198843487302,141.28293035377618,7.514067211012277,0.006020731817086984
3.475,2.5529562496281155,757.4875098740354,0.1989895173781588,0.00788278750496751,141.30713323273778,7.501188983799544,0.00601693234568226
3.48,2.551638331518047,757.4860493631594,0.19902368356608546,0.007858425421478759,141.33128757982337,7.488324051063276,0.006013122496110355
3.485,2.5503183329190318,757.484589815795,0.19905778096572696,0.00783411256643626,141.35539313132736,7.475472434780037,0.006009302316115194
3.49,2.5489963064752303,757.4831312885347,0.19909180961110146,0.007809848914125997,141.37944943001077,7.462634159794047,0.006005471853311308
3.495,2.547672304915445,757.4816738379483,0.19912576953502678,0.007785634439704735,141.40345582510108,7.449809253817183,0.006001631155183842
3.5,2.5463463810267406,757.4802175205651,0.1991596607691404,0.007761469119148997,141.4274122334564,7.436997741027217,0.005997780269180028
3.505,2.5450185876387126,757.4787623928947,0.19919348334381792,0.007737352929296264,141.45131954726756,7.42419963320911,0.005993919242827609
3.5100000000000002,2.5436889776563536,757.477308511424,0.19922723728828484,0.007713285847828712,141.47517828668057,7.411414943734697,0.0059900481235436315
3.515,2.542357604049868,757.4758559325935,0.19926092263070125,0.007689267853203004,141.49898877638262,7.398643688771265,0.005986166958622759
3.52,2.541024519854671,757.4744047127981,0.19929453939816186,0.007665298924650278,141.52275114560194,7.385885887281531,0.005982275795237267
3.525,2.5396897781713883,757.472954908386,0.19932808761669585,0.0076413790421761595,141.54646532810796,7.37314156102366,0.005978374680437052
3.5300000000000002,2.538353432165857,757.4715065756594,0.199361567311267,0.007617508186560748,141.57013106221115,7.360410734551254,0.005974463661149622
3.535,2.5370155350691252,757.4700597708744,0.19939497850577365,0.007593686339358638,141.59374789076318,7.347693435213364,0.005970542784180105
3.54,2.5356761401774506,757.4686145502405,0.1994283212230486,0.007569913482898895,141.61731516115677,7.334989693154472,0.005966612096211242
3.545,2.5343353008308496,757.4671709699087,0.19946159548488246,0.007546189600235842,141.64083269957024,7.3222995358689325,0.005962671643881103
3.5500000000000003,2.532993070397127,757.465729085991,0.1994948013119646,0.007522514675164712,141.6643014047833,7.3096229781899,0.005958721473918903
3.555,2.5316495023024745,757.4642889545593,0.19952793872396393,0.007498888692233201,141.6877218011132,7.296960036092362,0.005954761632954781
3.56,2.530304650018685,757.4628506316162,0.1995610077396183,0.00747531163666758,141.7110942156038,7.2843107282782515,0.005950792167502753
3.565,2.528958567063104,757.461414173096,0.1995940083767346,0.007451783494372539,141.73441877935494,7.271675076169672,0.005946813123960823
3.5700000000000003,2.5276113069986303,757.4599796348638,0.1996269406521887,0.0074283042519311775,141.7576954275228,7.259053103908894,0.005942824548610978
3.575,2.526262923433716,757.4585470727156,0.1996598045819256,0.0074048738966050204,141.7809238993198,7.246444838358366,0.005938826487619193
3.58,2.524913470022366,757.457116542379,0.19969260018095922,0.0073814924163339984,141.8041037380144,7.233850309100704,0.005934818987035423
3.585,2.5235630004641383,757.4556880995123,0.1997253274633727,0.007358159799736462,141.82723429093144,7.221269548438695,0.005930802092793609
3.59,2.5222115684859476,757.4542617996948,0.19975798644234405,0.0073348760360604885,141.85031532779703,7.208702586549546,0.00592677585078071
3.595,2.520859227828785,757.452837698451,0.19979057713010792,0.00731164111517969,141.8733477404179,7.196149440945451,0.005922740306980767
3.6,2.5195060322748186,757.4514158512465,0.1998230995380121,0.0072884550276242745,141.8963320553403,7.183610129905485,0.005918695507289039
3.605,2.518152035632067,757.4499963134556,0.19985555367660715,0.007265317764507601,141.9192685996188,7.171084674371578,0.005914641497490202
3.61,2.516797291734269,757.4485791403615,0.19988793955564654,0.007242229317525757,141.94215750425124,7.158573097932125,0.0059105783232586105
3.615,2.5154418544408865,757.4471643871564,0.1999202571840869,0.007219189678957552,141.96499870417887,7.146075426821995,0.005906506030158289
3.62,2.514085777637101,757.4457521089411,0.19995250657008778,0.007196198841664524,141.98779193828614,7.133591689922529,0.005902424663642936
3.625,2.512729115233816,757.444342360725,0.19998468772101186,0.007173256799090929,142.01053674940087,7.121121918761535,0.00589833426905592
3.63,2.5113719211676564,757.442935197427,0.20001680064342475,0.0071503635452637515,142.0332324842942,7.108666147513293,0.005894234891630285
3.6350000000000002,2.5100142493853164,757.4415306738662,0.20004884534312342,0.007127519074744415,142.05587886920193,7.096224408590372,0.005890126576551398
3.64,2.5086561538339702,757.4401288447913,0.2000808218251166,0.007104723382606881,142.07847678786194,7.083796721799991,0.005886009369105966
3.645,2.507297688484858,757.4387297648738,0.20011273009366146,0.0070819764644846975,142.10102677014177,7.071383107409108,0.005881883314500734
3.65,2.5059389073152003,757.4373334886725,0.20014457015235082,0.0070592783164997565,142.1235291436916,7.058983588281889,0.005877748457836793
3.6550000000000002,2.5045798643079737,757.4359400706329,0.20017634200411386,0.007036628935261548,142.14598403970857,7.046598189853485,0.005873604844109983
3.66,2.503220613451913,757.4345495650878,0.20020804565121597,0.007014028317867164,142.168391392937,7.034226940130034,0.005869452518210886
3.665,2.5018612087415115,757.4331620262566,0.2002396810952589,0.00699147646190129,142.1907509416682,7.021869869688655,0.00586529152492483
3.67,2.500501704177019,757.4317775082457,0.20027124833718063,0.006968973365436207,142.21306222774058,7.009527011677455,0.005861121908931887
3.6750000000000003,2.499142153764442,757.4303960650485,0.20030274737725554,0.006946519027031796,142.23532459653956,6.997198401815523,0.005856943714806874
3.68,2.4977826115021786,757.4290177505394,0.20033417821512356,0.006924113445688281,142.2575377333156,6.984884074382303,0.005852756987076206
3.685,2.496423131375354,757.4276426185066,0.20036554084978972,0.006901756620807011,142.27970251535373,6.97258405114824,0.005848561770370655
3.69,2.4950637673762563,757.426270722644,0.20039683527964264,0.006879448552251872,142.3018194775409,6.96029835404933,0.0058443581092490985
3.6950000000000003,2.493704573483235,757.4249021165107,0.20042806150253842,0.0068571892402812225,142.32388894910707,6.948027007549768,0.005840146048169113
3.7,2.492345603660361,757.4235368535319,0.20045921951580156,0.006834978685546757,142.3459110623742,6.9357700386038355,0.005835925631487541
3.705,2.490986911857426,757.4221749869984,0.200490309316225,0.006812816889093493,142.36788575275617,6.923527476655904,0.00583169690346049
3.71,2.489628552009942,757.4208165700661,0.20052133090007004,0.006790703852359784,142.3898127587589,6.9112993536404295,0.005827459908243339
3.715,2.488270578039141,757.419461655757,0.20055228426306645,0.006768639577177313,142.41169162198017,6.899085703981958,0.00582321468989073
3.72,2.4869130438519758,757.418110296958,0.20058316940041235,0.006746624065771092,142.4335216871098,6.886886564595125,0.005818961292356571
3.725,2.485556003329828,757.4167625464178,0.20061398630680385,0.006724657320713862,142.45530260040778,6.874701971260742,0.0058146997595452665
3.73,2.484199510326959,757.4154184567836,0.20064473497645238,0.006702739344870239,142.47703523167536,6.862531947408991,0.005810430135467027
3.735,2.4828436186881313,757.4140780805913,0.20067541540308792,0.00668087014147055,142.4987201215137,6.850376516325965,0.005806152464067883
3.74,2.481488382224284,757.4127414702219,0.20070602758003794,0.006659049714047021,142.52035760108154,6.838235703753089,0.005801866789196361
3.745,2.480133854712037,757.4114086779014,0.20073657150022867,0.006637278066432184,142.5419478045394,6.8261095378356,0.005797573154604238
3.75,2.4787800898936894,757.4100797556999,0.20076704715618515,0.006615555202758854,142.5634906690496,6.813998049122542,0.0057932716039465456
3.755,2.4774271414772207,757.4087547555329,0.20079745454003134,0.006593881127460146,142.58498593477617,6.801901270566772,0.0057889621807815685
3.7600000000000002,2.476075063136289,757.40743372916,0.2008277936434899,0.006572255845269464,142.606433144885,6.789819237524952,0.005784644928570847
3.765,2.4747239085102333,757.4061167281858,0.20085806445788243,0.006550679361220512,142.62783164554372,6.777751987757561,0.005780319890679174
3.77,2.47337373119464,757.4048038040568,0.20088826697415818,0.006529151680603881,142.64918104614281,6.765699558184373,0.005775987110420323
3.775,2.4720245847440423,757.4034950081028,0.20091840118292872,0.006507672808895532,142.6704822054458,6.7536619735964525,0.005771646631213756
3.7800000000000002,2.4706765226871648,757.4021903915271,0.2009484670744581,0.006486242751840845,142.69173567050132,6.741639258304339,0.005767298496422284
3.785,2.469329598499125,757.4008900053577,0.2009784646387353,0.006464861515396244,142.71294177489955,6.729631438998123,0.005762942749314458
3.79,2.4679838656007402,757.3995939004471,0.2010083938654765,0.00644352910572702,142.7341006555922,6.71763854468182,0.005758579433065525
3.795,2.4666393773585273,757.3983021274724,0.20103825474412465,0.0064222455292073525,142.75521225289242,6.705660606673379,0.005754208590757435
3.8000000000000003,2.465296187084705,757.3970147369349,0.20106804726384975,0.006401010792420299,142.77627631047497,6.693697658604676,0.005749830265378836
3.805,2.463954348037191,757.3957317791604,0.20109777141354873,0.0063798249021578025,142.79729237537612,6.68174973642152,0.005745444499825076
3.81,2.462613913419603,757.394453304299,0.20112742718184554,0.0063586878654206805,142.81825979799362,6.669816878383646,0.005741051336898201
3.815,2.461274936373524,757.3931793623236,0.20115701455711849,0.006337599689378266,142.8391781496436,6.657899122213413,0.0057366508193470115
3.8200000000000003,2.459937469985324,757.3919100030761,0.20118653352755123,0.006316560381281769,142.86004827291146,6.645996493781891,0.0057322429900244515
3.825,2.4586015672998323,757.3906452762565,0.2012159840811118,0.006295569948556464,142.88087072380955,6.634109018088548,0.005727827891734546
3.83,2.4572672812886776,757.3893852313706,0.2012453662056182,0.006274628398749946,142.90164583991168,6.622236722435853,0.005723405567189749
3.835,2.4559346648493285,757.3881299177292,0.20127467988874062,0.006253735739529305,142.92237376278536,6.610379636347564,0.00571897605901213
3.84,2.454603770805093,757.3868793844476,0.20130392511800158,0.006232891978681127,142.94305443799186,6.59853779156872,0.0057145394097333655
3.845,2.45327465190512,757.3856336804462,0.2013331018807758,0.006212097124111493,142.9636876150862,6.586711222065648,0.005710095661794749
3.85,2.4519473608243967,757.3843928544496,0.20136221016429035,0.006191351183845983,142.98427284761706,6.574899964025959,0.005705644857547184
3.855,2.45062195016375,757.3831569549877,0.2013912499556245,0.0061706541660296686,143.0048094931269,6.563104055858547,0.005701187039251185
3.86,2.449298472443686,757.3819260303942,0.20142022124173475,0.006150006078891041,143.02529707956003,6.551323535776524,0.005696722249110716
3.865,2.447976980114876,757.380700128856,0.20144912400952109,0.006129406930640528,143.0457364254741,6.539558430494364,0.005692250529430647
3.87,2.4466575255716085,757.3794792984062,0.20147795824579762,0.006108856729568245,143.0661281007751,6.527808765359492,0.005687771922475587
3.875,2.4453401611157104,757.3782635868646,0.20150672393734953,0.006088355484000645,143.0864724496403,6.516074567946878,0.005683286470420708
3.88,2.4440249389551627,757.3770530418371,0.20153542107093617,0.006067903202296749,143.10676962101033,6.504355867956944,0.005678794215353201
3.8850000000000002,2.4427119112041003,757.3758477107156,0.20156404963329103,0.006047499892848142,143.12701956858945,6.492652697215563,0.005674295199272277
3.89,2.4414011298828124,757.3746476406772,0.20159260961112177,0.006027145564078983,143.1472220508454,6.480965089674058,0.005669789464089167
3.895,2.440092646917743,757.3734528786853,0.2016211009911102,0.006006840224445994,143.16737663100938,6.4692930814092,0.005665277051627122
3.9,2.4387865141414897,757.3722634714887,0.2016495237599122,0.005986583882438464,143.18748267707616,6.457636710623209,0.00566075800362141
3.9050000000000002,2.437482783288086,757.371079465622,0.2016778779041791,0.005966376546547888,143.2075396670692,6.445996015709237,0.005656232361746296
3.91,2.4361815060063736,757.3699009074571,0.2017061634106373,0.005946218225152558,143.22754838228707,6.434371024045787,0.005651700167771253
3.915,2.4348827338751993,757.3687278432009,0.20173438026605514,0.005926108926616649,143.24750941353466,6.422761760989685,0.005647161463435868
3.92,2.4335865183622003,757.3675603188302,0.20176252845728876,0.005906048659258024,143.26742311481007,6.411168254050484,0.005642616290391908
3.9250000000000003,2.4322929108217175,757.3663983800895,0.2017906079712862,0.005886037431343104,143.28728964580264,6.399590532763606,0.00563806469020509
3.93,2.431001962494795,757.3652420724907,0.2018186187950875,0.005866075251086881,143.30710897189303,6.388028628690344,0.005633506704355083
3.935,2.4297137245091807,757.3640914413129,0.20184656091582467,0.005846162126652904,143.32688086415317,6.376482575417859,0.005628942374235509
3.94,2.4284282478793258,757.3629465316034,0.20187443432072164,0.005826298066153283,143.34660489934626,6.364952408559183,0.005624371741153944
3.9450000000000003,2.4271455835063858,757.3618073881764,0.20190223899709428,0.005806483077648693,143.36628045992683,6.353438165753211,0.005619794846331912
3.95,2.425865782174765,757.360674055614,0.20192997493236664,0.005786717169124914,143.38590696987222,6.341939885240752,0.0056152117309246595
3.955,2.4245888945672855,757.3595465783178,0.2019576421141618,0.0057670003483660595,143.4054851518409,6.330457594941219,0.005610622436173405
3.96,2.423314971284673,757.3584250005168,0.20198524053027012,0.005747332623048242,143.42501562629286,6.318991319892871,0.005606027003302247
3.9650000000000003,2.4220440627984803,757.3573093661939,0.2020127701686816,0.005727714000722496,143.44449876059292,6.307541087207359,0.005601425473448664
3.97,2.4207762194478084,757.3561997190817,0.2020402310175912,0.005708144488807834,143.46393472896136,6.2961069259189,0.0055968178876655734
3.975,2.419511491439307,757.3550961026632,0.20206762306539877,0.005688624094591239,143.48332351247387,6.284688866984265,0.005592204286921325
3.98,2.4182499288471737,757.3539985601712,0.20209494630070923,0.005669152825227671,143.50266489906156,6.2732869432827885,0.005587584712099706
3.985,2.4169915816131566,757.3529071345888,0.20212220071233244,0.005649730687740064,143.52195848351093,6.261901189616363,0.005582959203999939
3.99,2.4157364995465502,757.3518218686488,0.2021493862892832,0.005630357689019326,143.54120366746395,6.250531642709443,0.005578327803336681
3.995,2.4144847323218146,757.3507428048341,0.2021765030207921,0.005611033835808349,143.56039982193633,6.239178340283961,0.005573690550752799
4.0,2.41323632949404,757.3496699854279,0.2022035508964019,0.0055917591345690625,143.57954757898955,6.227841310728934,0.005569047486963175
4.005,2.4119913405257773,757.3486034525354,0.20223052990594664,0.005572533591560556,143.5986475992435,6.216520578457287,0.005564398652681175
4.01,2.4107498147336592,757.3475432480016,0.202257440039566,0.005553357212842445,143.6177002673972,6.205216169857658,0.005559744088534584
4.015,2.409511801283066,757.3464894134047,0.20228428128771214,0.005534230004265658,143.63670577643165,6.193928113134589,0.005555083835067684
4.0200000000000005,2.408277349188124,757.3454419900565,0.20231105364114974,0.005515151971472427,143.6556641276098,6.1826564383085225,0.0055504179327412455
4.025,2.40704650731171,757.3444010190019,0.2023377570909559,0.005496123119896304,143.67457513047657,6.1714011772158095,0.005545746421932535
4.03,2.4058193243654475,757.3433665410195,0.2023643916285202,0.0054771434547621406,143.6934384028589,6.160162363508695,0.005541069342935305
4.035,2.404595848909706,757.3423385966208,0.2023909572455448,0.005458212981086101,143.71225337086568,6.14894003265533,0.005536386735959806
4.04,2.4033761293521336,757.3413172260509,0.20241745393405003,0.0054393317036668,143.7310193612281,6.137734221451304,0.005531698641139474
4.045,2.402160213961466,757.3403024693328,0.20244388168646854,0.005420499626954529,143.7497368706274,6.126544958727427,0.005527005098659958
4.05,2.4009481509049015,757.3392943663086,0.20247024049564635,0.0054017167551002635,143.7684066117773,6.115372268004763,0.0055223061487238555
4.055,2.3997399881889327,757.3382929565495,0.20249653035483536,0.005382983091985694,143.78702899128479,6.104216174633662,0.005517601831449571
4.0600000000000005,2.398535773650411,757.3372982793436,0.2025227512577014,0.0053642986412115795,143.80560422569152,6.093076705670654,0.005512892186872653
4.065,2.3973355549565465,757.3363103736966,0.2025489031983239,0.005345663406097761,143.82413234147373,6.0819538898784575,0.0055081772549458
4.07,2.396139379604907,757.3353292783322,0.20257498617119618,0.0053270773896831455,143.84261317504217,6.070847757725967,0.005503457075538856
4.075,2.394947294923418,757.3343550316913,0.2026010001712253,0.0053085405947257145,143.86104637274227,6.059758341388259,0.005498731688438814
4.08,2.3937593480703647,757.3333876719327,0.20262694519373206,0.005290053023702525,143.87943139085402,6.048685674746598,0.005494001133349813
4.085,2.3925755860337206,757.332427236932,0.20265282123445305,0.005271614678806484,143.89776753076296,6.037629793219158,0.005489265449895434
4.09,2.391396055641209,757.331473764318,0.2026786282896224,0.005253225561829512,143.9160550949803,6.026590726065292,0.005484524677725116
4.095,2.3902208036103385,757.3305272915378,0.20270436635600642,0.005234885674166196,143.9342948598539,6.015568495722202,0.005479778856525644
4.1,2.389049876486401,757.3295878557593,0.20273003543087242,0.005216595016876217,143.95248725911145,6.0045631262003445,0.005475028025902304
4.105,2.3878833206271266,757.3286554938534,0.2027556355119959,0.005198353590671021,143.97063253824777,5.993574643103634,0.005470272225377811
4.11,2.386721182202682,757.3277302423933,0.20278116659766046,0.005180161395913836,143.988730754525,5.982603073629449,0.005465511494392318
4.115,2.385563507195673,757.3268121376551,0.20280662868665786,0.00516201843261965,144.00678177697253,5.971648446568623,0.005460745872303404
4.12,2.3844103414011424,757.3259012156178,0.202832021778288,0.005143924700455223,144.02478528638707,5.960710792305447,0.005455975398386085
4.125,2.383261730426572,757.3249975119629,0.20285734587235887,0.005125880198739087,144.0427407753325,5.949790142817672,0.005451200111832807
4.13,2.382117719691804,757.3241010620744,0.20288260096918684,0.005107884926441283,144.0606475512283,5.938886531663445,0.005446420051753623
4.135,2.3809783544343186,757.3232119010625,0.20290778706965565,0.005089938882094456,144.07850565209296,5.9279999884590335,0.005441635257252083
4.14,2.3798436797699396,757.3223300638508,0.2029329041752932,0.005072042063736733,144.09631592435122,5.917130534496032,0.005436845767488593
4.1450000000000005,2.3787137406363703,757.3214555850847,0.20295795228821986,0.005054194469008307,144.11407883458241,5.906278192161579,0.005432051621547802
4.15,2.37758858176636,757.3205884990978,0.20298293141115098,0.005036396095139273,144.13179466312698,5.895442985320543,0.005427252858431743
4.155,2.3764682476877015,757.3197288399128,0.20300784154739676,0.005018646938949612,144.1494635040864,5.884624939315516,0.005422449517059828
4.16,2.3753527827232337,757.3188766412412,0.20303268270086228,0.0050009469968492065,144.16708526532335,5.8738240809668145,0.005417641636268853
4.165,2.3742422309908395,757.3180319364832,0.20305745487604754,0.004983296264837827,144.18465966846145,5.863040438572481,0.005412829254812995
4.17,2.3731366364034474,757.3171947587276,0.20308215807804744,0.004965694738505143,144.20218624888548,5.852274041908284,0.005408012411363811
4.175,2.37203604266903,757.3163651407522,0.20310679231255171,0.004948142413030718,144.21966435574137,5.841524922227717,0.005403191144510246
4.18,2.3709404932927383,757.3155431150357,0.20313135758587691,0.004930639283132451,144.23709371368824,5.830793109157623,0.005398365492800984
4.1850000000000005,2.369850031638632,757.3147287138554,0.2031558539050778,0.004913185342947946,144.25447520822502,5.820078623075645,0.005393535494852001
4.19,2.3687647008953383,757.3139219692217,0.20318028127789495,0.0048957805861503945,144.27180935262254,5.809381484457731,0.005388701189216641
4.195,2.3676845440300003,757.3131229128207,0.20320463971274208,0.004878425005947469,144.28909646834708,5.798701715165847,0.005383862614364924
4.2,2.3666096037879973,757.3123315760148,0.20322892921870628,0.004861118595080763,144.30633669278194,5.788039338421034,0.005379019808683907
4.205,2.365539922692947,757.311547989842,0.20325314980554796,0.0048438613458257965,144.32352997922743,5.777394378803403,0.005374172810477675
4.21,2.364475543046703,757.310772185016,0.2032773014837009,0.0048266532499920125,144.3406760969009,5.766766862252136,0.005369321657967349
4.215,2.363416506929357,757.3100041919269,0.20330138426427227,0.004809494298922777,144.3577746309367,5.756156816065487,0.005364466389291075
4.22,2.3623628561992382,757.3092440406398,0.20332539815904252,0.0047923844834953785,144.37482498238617,5.74556426890078,0.005359607042504038
4.225,2.361314632492839,757.3084917609006,0.2033493431804772,0.00477532379409917,144.39182662950148,5.734989249475265,0.005354743655595991
4.23,2.3602718772776683,757.307747382224,0.20337321934184072,0.004758312220492656,144.40878033990168,5.724431777979982,0.005349876266610857
4.235,2.359234631855213,757.3070109338801,0.2033970266571844,0.004741349751887295,144.4256867196556,5.713891872661525,0.005345004913557377
4.24,2.3582029372920985,757.3062824448059,0.20342076514130247,0.0047244363769818,144.44254613797045,5.703369553141802,0.005340129634359079
4.245,2.357176834417025,757.3055619436027,0.20344443480973196,0.004707572083959193,144.45935878228303,5.692864840280415,0.005335250466855907
4.25,2.3561563638207668,757.3048494585353,0.20346803567875288,0.004690756860486797,144.47612465825975,5.682377756174652,0.005330367448804221
4.255,2.35514156585617,757.3041450175326,0.20349156776538804,0.004673990693716244,144.49284358979662,5.671908324159488,0.005325480617876802
4.26,2.354132480638156,757.3034486481879,0.2035150310874032,0.004657273570283466,144.5095152190192,5.6614565688075915,0.005320590011662848
4.265,2.353129148043718,757.3027603777577,0.203538425663307,0.004640605476308702,144.5261390062827,5.6510225159293155,0.0053156956676679735
4.2700000000000005,2.352131607711352,757.3020802331637,0.20356175151235262,0.004623986397391814,144.54271429611734,5.640606192288635,0.005310797623317976
4.275,2.351139899074532,757.3014082410531,0.2035850086546194,0.004607416318491171,144.55924153943042,5.630207618516281,0.005305895916056265
4.28,2.350154061411272,757.3007444278544,0.2036081971110738,0.004590895223923421,144.57572147679826,5.619826810532032,0.005300990583327858
4.285,2.349174133758946,757.3000888196628,0.20363131690349165,0.004574423097449376,144.5921545321204,5.609463785511363,0.005296081662492442
4.29,2.34820015490154,757.2994414422269,0.20365436805445167,0.004557999922271297,144.6085409499692,5.59911856174354,0.005291169190825286
4.295,2.3472321633696533,757.2988023209483,0.20367735058733558,0.004541625681032888,144.62488079558986,5.588791158631624,0.005286253205517238
4.3,2.3462701974404974,757.2981714808817,0.20370026452632795,0.0045253003558193,144.6411739549003,5.578481596692466,0.005281333743674724
4.305,2.345314295137896,757.2975489467353,0.20372310989641634,0.00450902392815713,144.65742013449128,5.568189897556712,0.005276410842319749
4.3100000000000005,2.3443644942322845,757.2969347428705,0.20374588672339117,0.004492796379014419,144.6736188616263,5.557916083968797,0.005271484538389897
4.315,2.3434208322407115,757.2963288933014,0.20376859503384578,0.004476617688800661,144.68976948424168,5.547660179786954,0.005266554868738333
4.32,2.3424833464389803,757.2957314217232,0.2037912348552095,0.004460487837302988,144.70587194356523,5.537422206192919,0.005261621870185092
4.325,2.3415520739428026,757.295142351619,0.20381380621587095,0.0044444068035811145,144.72192712247048,5.527202177100301,0.005256685579583908
4.33,2.3406270516381715,757.2945617061595,0.20383630914510426,0.004428374566089136,144.73793550684266,5.517000107066933,0.005251746033710768
4.335,2.3397083161429926,757.2939895081585,0.20385874367303664,0.0044123911026868546,144.75389740576966,5.506816011638226,0.005246803269256215
4.34,2.3387959038070836,757.2934257800736,0.2038811098306482,0.004396456390639778,144.7698129515454,5.496649907347152,0.0052418573228253445
4.345,2.337889850712176,757.2928705440058,0.20390340764977194,0.0043805704066191215,144.7856820996695,5.4865018117142474,0.005236908230937812
4.3500000000000005,2.3369901926719137,757.2923238216999,0.20392563716309395,0.004364733126701803,144.80150462884757,5.476371743247611,0.005231956030027826
4.355,2.3360969652318544,757.2917856345443,0.20394779840415314,0.0043489445263704555,144.81728014099116,5.466259721442912,0.005227000756444156
4.36,2.335210203669468,757.2912560035707,0.20396989140734142,0.00433320458051341,144.83300806121755,5.456165766783373,0.005222042446450124
4.365,2.3343299429958178,757.2907349494602,0.2039919162079085,0.004317513263408218,144.84868788627554,5.446089899687427,0.0052170811362375925
4.37,2.3334562180253604,757.2902224926476,0.2040138728420704,0.004301870548581561,144.86432039094663,5.4360321334392605,0.005212116862025315
4.375,2.3325890633741837,757.2897186533017,0.2040357613470259,0.0042862764088732784,144.879906190474,5.425992479708214,0.005207149659985066
4.38,2.33172851337981,757.2892234512301,0.20405758176086958,0.004270730816501384,144.89544566609936,5.415970951162303,0.0052021795662004575
4.385,2.3308746020977935,757.2887369058749,0.20407933412258872,0.00425523374306128,144.91093902485161,5.405967561328708,0.005197206616668491
4.39,2.330027363301727,757.2882590363137,0.20410101847206302,0.004239785159525747,144.92638629954678,5.3959823245937795,0.0051922308472995594
4.3950000000000005,2.3291868304832355,757.2877898612592,0.20412263485006482,0.004224385036244951,144.9417873487881,5.386015256203034,0.005187252293917449
4.4,2.32835303685198,757.2873293990593,0.20414418329825898,0.00420903334294645,144.95714185696585,5.376066372261164,0.005182270992259339
4.405,2.3275260153356556,757.286877667697,0.20416566385920287,0.0041937300487351736,144.97244933425762,5.3661356897320225,0.005177286977975797
4.41,2.32670579857982,757.2864346847904,0.20418707657634622,0.004178475122092837,144.98770913179968,5.3562232263866605,0.005172300286631449
4.415,2.3258924189783112,757.2860004676447,0.2042084214940699,0.004163268530795373,145.00292148384275,5.346328996123913,0.005167310953768306
4.42,2.3250859087518343,757.2855750333445,0.20422969865781296,0.004148110241838722,145.01808721345267,5.336453007824352,0.005162319014926062
4.425,2.324286299850645,757.2851583986281,0.20425090811396726,0.004133000221563353,145.03320678184951,5.326595271189581,0.005157324505557369
4.43,2.3234936239300397,757.2847505798617,0.20427204990984607,0.004117938435666444,145.04828047863543,5.316755796650014,0.0051523274610270064
4.4350000000000005,2.3227079123503533,757.2843515930393,0.20429312409368414,0.004102924849201875,145.06330842179472,5.3069345953648766,0.005147327916611887
4.44,2.321929196176962,757.2839614537833,0.2043141307146375,0.004087959426580238,145.0782905576937,5.297131679222208,0.005142325907501054
4.445,2.3211575061802825,757.2835801773434,0.20433506982278377,0.004073042131568824,145.09322666108085,5.2873470608388535,0.0051373214687956805
4.45,2.320392872835769,757.2832077785978,0.20435594146912184,0.004058172927291633,145.10811633508675,5.277580753560475,0.00513231463550907
4.455,2.3196353263239184,757.2828442720524,0.20437674570557213,0.004043351776229369,145.122959011224,5.267832771461542,0.005127305442566657
4.46,2.318884896534571,757.2824896718507,0.20439748258497695,0.004028578640203004,145.13775425194393,5.25810312822046,0.005122293924820839
4.465,2.3181416131533346,757.2821439918921,0.20441815216120932,0.004013853480236432,145.1525028889077,5.2483918313055,0.005117280117132253
4.47,2.317405505641757,757.2818072457916,0.20443875448919396,0.003999176256621292,145.1672055177063,5.2386988873017115,0.005112264054298309
4.4750000000000005,2.3166766031566763,757.281479446788,0.20445928962479903,0.003984546928992622,145.18186251842937,5.229024303500617,0.0051072457710260016
4.48,2.315954934547925,757.2811606077427,0.20447975762483198,0.003969965456329284,145.19647410212883,5.219368087790526,0.005102225301933146
4.485,2.3152405283583217,757.2808507411382,0.20450015854703957,0.003955431796953953,145.21104031081882,5.2097302486565145,0.005097202681548373
4.49,2.314533412823678,757.2805498590801,0.20452049245010792,0.003940945908533123,145.22556101747577,5.2001107951804375,0.005092177944311127
4.495,2.3138336158727952,757.2802579732952,0.2045407593936625,0.003926507748077106,145.24003592603836,5.190509737040928,0.005087151124571674
4.5,2.313141165127465,757.2799750951327,0.20456095943826802,0.0039121172719400335,145.25446457140748,5.180927084513398,0.0050821222565910935
4.505,2.312456087902406,757.2797012355638,0.20458109264542831,0.0038977744358197662,145.2688463249329,5.171362848454119,0.0050770913745414835
4.51,2.3117784112363373,757.2794364052314,0.20460115907760051,0.003883479194697337,145.28318134161498,5.161817036817766,0.005072058512552574
4.515,2.3111081619844622,757.2791806145572,0.20462115879834716,0.003869231502733158,145.2974704803736,5.152289653164531,0.005067023704736749
4.5200000000000005,2.310445366715041,757.2789338736117,0.20464109187223026,0.003855031313400071,145.31171421970504,5.142780701657149,0.005061986985116555
4.525,2.309790051678284,757.2786961920832,0.20466095836475792,0.0038408785795097013,145.32591287160648,5.133290186921806,0.005056948387624037
4.53,2.3091422428063493,757.2784675792775,0.20468075834238453,0.0038267732532124422,145.34006658157563,5.123818114048128,0.005051907946100732
4.535,2.3085019657133468,757.2782480441177,0.2047004918725107,0.003812715285997468,145.3541753286111,5.1143644885891915,0.005046865694297674
4.54,2.3078692456953345,757.2780375951445,0.20472015902348314,0.0037987046286927285,145.36823892521207,5.104929316561518,0.0050418216658753914
4.545,2.3072441077303205,757.2778362405157,0.20473975986459494,0.0037847412314649504,145.3822570173786,5.095512604445074,0.005036775894403905
4.55,2.3066265764782625,757.2776439880071,0.20475929446608526,0.003770825043819638,145.39622908461135,5.086114359183274,0.005031728413362734
4.555,2.3060166762827423,757.2774608450155,0.20477876289913466,0.003756956014596865,145.41015458297906,5.076734587762469,0.005026679256146295
4.5600000000000005,2.305414431250099,757.277286818667,0.204798165235926,0.00374313409186117,145.42403419335665,5.067373292653285,0.005021628456126533
4.565,2.3048198652709413,757.2771219158267,0.2048175015497491,0.003729359222892318,145.43786860258297,5.058030474764577,0.0050165760466159845
4.57,2.3042330019151027,757.2769661429808,0.20483677191485256,0.003715631354305195,145.45165823138623,5.048706135524267,0.005011522060833538
4.575,2.3036538644243976,757.2768195062292,0.20485597640642714,0.0037019504320562253,145.4654033364664,5.0394002766895865,0.005006466531906289
4.58,2.30308247571262,757.2766820112867,0.2048751151006057,0.0036883164014433673,145.479104010495,5.0301129003470715,0.005001409492869544
4.585,2.3025188583655445,757.2765536634819,0.20489418807446325,0.0036747292071061134,145.4927601821152,5.020844008912562,0.004996350976666813
4.59,2.3019630346409277,757.2764344677578,0.20491319540601693,0.0036611887930254913,145.5063716159418,5.011593605131204,0.004991291016149815
4.595,2.301415026468505,757.2763244286717,0.20493213717422598,0.0036476951025240624,145.51993791256115,5.002361692077451,0.004986229644078479
4.6000000000000005,2.3008748554499934,757.2762235503951,0.2049510134589918,0.0036342480782659203,145.53345850853128,4.993148273155057,0.004981166893120936
4.605,2.3003425428712636,757.2761318367337,0.20496982434114697,0.0036208476622408346,145.54693311623092,4.983953350897121,0.004976102795869176
4.61,2.2998181098132937,757.276049291264,0.20498856990257217,0.0036074937956310483,145.56036265148202,4.97477692358081,0.004971037384887584
4.615,2.2993015770925895,757.2759759172501,0.20500725022620797,0.0035941864188867964,145.57374767301877,4.965618989509001,0.004965970692654669
4.62,2.2987929651895214,757.2759117175686,0.20502586539592507,0.003580925471809491,145.58708855625156,4.956479547226361,0.004960902751555405
4.625,2.2982922942476063,757.2758566947089,0.20504441549652136,0.0035677108935524816,145.60038551494844,4.947358595472518,0.00495583359388176
4.63,2.297799584073508,757.2758108507726,0.20506290061372204,0.003554542622621052,145.61363860123495,4.9382561331820645,0.004950763251832703
4.635,2.29731485413704,757.2757741874741,0.2050813208341796,0.003541420596872423,145.6268477055943,4.929172159484558,0.004945691757514196
4.64,2.2968381235711606,757.27574670614,0.20509967624547393,0.00352834475351575,145.64001255686713,4.9201066737045185,0.004940619142939198
4.6450000000000005,2.2963694111719777,757.2757284077095,0.20511796693611206,0.0035153150291121226,145.6531327222518,4.911059675361427,0.004935545440027667
4.65,2.295908735398743,757.2757192927342,0.20513619299552846,0.0035023313595745798,145.66620760758963,4.902031164169137,0.0049304706806065635
4.655,2.295456114406308,757.2757193614254,0.20515435451406677,0.0034893936801364636,145.67923727826698,4.893021138089956,0.00492539489643538
4.66,2.295011566155481,757.2757286137779,0.20517245158314648,0.0034765019252228566,145.69222264235196,4.884029592254925,0.004920318119224775
4.665,2.2945751083027788,757.2757470494371,0.20519048429518003,0.003463656028577091,145.70516420109533,4.875056522172161,0.004915240380589924
4.67,2.2941467581602337,757.2757746676604,0.205208452743482,0.003450855923312211,145.71806229641115,4.8661019234109775,0.004910161712051903
4.675,2.2937265326953895,757.2758114673175,0.20522635702226905,0.003438101541910969,145.7309171108766,4.857165791601876,0.004905082145037693
4.68,2.2933144485313046,757.2758574468904,0.2052441972266599,0.0034253928162258276,145.74372866773214,4.848248122436549,0.004900001710880169
4.6850000000000005,2.29291052194655,757.2759126044731,0.2052619734526755,0.0034127296774789564,145.7564968308815,4.839348911667883,0.004894920440818112
4.69,2.2925147688752103,757.2759769377716,0.20527968579723876,0.0034001120562622425,145.76922130489152,4.830468155109958,0.004889838365996201
4.695,2.2921272049068837,757.2760504441043,0.20529733435817477,0.0033875398825372748,145.78190163499238,4.821605848638044,0.004884755517465015
4.7,2.291747845286793,757.2761331204022,0.20531491923420842,0.003375013085635718,145.79453722996527,4.812761988146733,0.004879671926181538
4.705,2.2913767049732656,757.2762249632856,0.2053324405249476,0.0033625315942123475,145.80712844699536,4.803936567457912,0.004874587623036856
4.71,2.2910137987227395,757.2763259691504,0.20534989833107029,0.003350095336137029,145.8196761186966,4.795129578949134,0.004869502638851717
4.715,2.2906591409633554,757.2764361340259,0.20536729275418297,0.003337704238641108,145.8321807215396,4.786341015250115,0.004864417004349136
4.72,2.290312745772394,757.2765554535542,0.20538462389675916,0.0033253582283503985,145.84464257492306,4.777570868919523,0.004859330750157081
4.7250000000000005,2.289974626876274,757.2766839229917,0.20540189186213945,0.003313057231285181,145.85706184117382,4.7688191324449765,0.004854243906808472
4.73,2.2896447976505514,757.2768215372072,0.20541909675453154,0.00330080117286021,145.86943852554683,4.760085798243053,0.004849156504741187
4.735,2.2893232711199234,757.2769682906833,0.2054362386790102,0.0032885899778847013,145.8817724762251,4.751370858659276,0.004844068574298049
4.74,2.2890100599582235,757.2771241775157,0.2054533177415172,0.003276423570562342,145.8940633843198,4.742674305968125,0.004838980145726842
4.745,2.2887051764884254,757.2772891914137,0.20547033404886153,0.003264301874491286,145.90631078387017,4.733996132373033,0.004833891249180296
4.75,2.2884086326835176,757.2774633257014,0.20548728770871327,0.003252224812665095,145.91851411133206,4.725336329918877,0.0048288019147171525
4.755,2.2881204402443256,757.2776465734169,0.20550417882959077,0.003240192307416721,145.93067389781893,4.71669488882904,0.004823712172324348
4.76,2.287840610657271,757.2778389273623,0.20552100752105043,0.0032282042803290366,145.9427909225689,4.708071798803691,0.004818622051902962
4.765,2.287569155067093,757.2780403799676,0.2055377738935179,0.0032162606523864165,145.9548656472067,4.6994670496116635,0.004813531583255696
4.7700000000000005,2.2873060842626103,757.2782509232787,0.2055544780582418,0.0032043613439989406,145.96689837858685,4.690880630821182,0.004808440796089436
4.775,2.2870514086767213,757.2784705489576,0.20557112012729362,0.0031925062750024027,145.9788892687936,4.682312531799866,0.004803349720015257
4.78,2.2868051383864048,757.2786992482822,0.20558770021356776,0.003180695364658298,145.99083831514102,4.673762741714719,0.00479825838454841
4.785,2.286567283112719,757.2789370121467,0.2056042184307816,0.0031689285316538313,146.0027453601728,4.665231249532137,0.004793166819108334
4.79,2.2863378522208015,757.2791838310607,0.20562067489347538,0.0031572056941019154,146.01461009166258,4.656718044017907,0.004788075053018649
4.795,2.2861168547198694,757.2794396951504,0.20563706971701232,0.0031455267695411713,146.02643204261358,4.648223113737207,0.00478298311550716
4.8,2.2859042992649794,757.2797045941608,0.20565340301756974,0.003133891674937566,146.0382106750885,4.639746446965311,0.004777891035706906
4.805,2.2857001942470245,757.279978517566,0.2056696749121241,0.003122300326627951,146.04994660147995,4.631288030708203,0.004772798842669258
4.8100000000000005,2.285504547833865,757.280261454599,0.20568588551864345,0.0031107526402376364,146.0616405751081,4.622847852040183,0.004767706565348796
4.815,2.2853173678445944,757.2805533941215,0.2057020349559073,0.0030992485308334442,146.07329305095647,4.614425897937875,0.00476261423260143
4.82,2.285138661738702,757.2808543246153,0.2057181233434658,0.0030877879129449963,146.08490433179924,4.606022155051669,0.004757521873186689
4.825,2.2849684366160705,757.2811642341827,0.20573415080163943,0.00307637070056472,146.09647456820122,4.597636609705718,0.004752429515767715
4.83,2.2848066992169787,757.2814831105458,0.2057501174515193,0.0030649968071478463,146.10800375851787,4.589269247897947,0.004747337188911265
4.835,2.2846534559220992,757.2818109410473,0.205766023414967,0.003053666145612412,146.11949174889526,4.580920055300045,0.004742244921087716
4.84,2.2845087127525003,757.2821477126498,0.2057818688146145,0.0030423786283392566,146.13093823327011,4.57258901725747,0.004737152740671058
4.845,2.284372475369645,757.2824934119366,0.20579765377386441,0.0030311341671720254,146.14234275336975,4.564276118789444,0.004732060675938898
4.8500000000000005,2.2842447490776183,757.2828480251142,0.20581337841688033,0.0030199326734191914,146.15370478413445,4.555981344535646,0.004726968755073047
4.855,2.2841255389186155,757.2832115381269,0.20582904286856193,0.0030087740578040065,146.16502495917115,4.547704678516891,0.0047218770061626236
4.86,2.284014849707812,757.283583936679,0.20584464725474286,0.002997658230380517,146.17630402444382,4.539446105256996,0.004716785457191377
4.865,2.283912685908329,757.2839652061073,0.20586019170201011,0.002986585100685625,146.18754242581534,4.531205609046644,0.004711694136044132
4.87,2.283819051621552,757.2843553313753,0.20587567633766174,0.0029755545777610483,146.19874046210722,4.5229831737315305,0.004706603070508969
4.875,2.2837339505871292,757.2847542970723,0.20589110128970664,0.00296456657015332,146.20989828509974,4.514778782712365,0.004701512288277219
4.88,2.2836573861829725,757.2851620874135,0.20590646668686474,0.0029536209859137895,146.22101589953198,4.506592418944869,0.0046964218169434704
4.885,2.283589361425257,757.2855786862408,0.20592177265856684,0.0029427177325986216,146.2320931631016,4.498424064939779,0.004691331684005566
4.89,2.2835298789684213,757.2860040770219,0.20593701933495473,0.0029318567172687974,146.24312978646515,4.49027370276284,0.0046862419168646
4.8950000000000005,2.2834789411051677,757.2864382428504,0.20595220684688112,0.002921037846490111,146.25412533323785,4.482141314034811,0.004681152542824921
4.9,2.2834365497689086,757.2868811664503,0.20596733532589942,0.002910261026335721,146.26507930602253,4.474026879915271,0.004676063589094245
4.905,2.2834027066317857,757.2873328302891,0.2059824049042286,0.002899526162344128,146.27599235123986,4.465930381597006,0.0046709750827768305
4.91,2.283377413136925,757.2877932165972,0.20599741571495903,0.0028888331594314563,146.28686517990565,4.457851801176972,0.004665887050863774
4.915,2.2833606703741234,757.2882623072448,0.20601236789187038,0.002878181922041911,146.29769820842546,4.44979112038606,0.004660799520247285
4.92,2.283352479070734,757.2887400837353,0.2060272615693873,0.0028675723541706647,146.3084917192829,4.441748320400889,0.004655712517722662
4.925,2.2833528395916667,757.289226527206,0.20604209688257935,0.002857004359363856,146.3192458610395,4.433723381843811,0.004650626069988295
4.93,2.283361751939388,757.2897216184272,0.20605687396716107,0.002846477840718592,146.32996064833478,4.425716284782909,0.0046455402036456655
4.9350000000000005,2.28337921575392,757.2902253378029,0.20607159295949187,0.0028359927008829444,146.34063596188625,4.4177270087319895,0.004640454945199342
4.94,2.2834052303128423,757.2907376653709,0.20608625399657618,0.0028255488420559577,146.35127154848942,4.4097555326506,0.004635370321056987
4.945,2.283439794531291,757.291258580802,0.20610085721606328,0.002815146165987638,146.36186702101773,4.401801834944011,0.00463028635752935
4.95,2.2834829069646125,757.2917880634046,0.2061154027562368,0.002804784573981932,146.3724219423108,4.393865893482622,0.004625203080829923
4.955,2.283534565908537,757.2923260922388,0.2061298907559743,0.0027944639668621265,146.38293695552883,4.385947686792995,0.004620120517058738
4.96,2.2835947694286767,757.2928726461311,0.2061443213549578,0.0027841842448805714,146.39341269317617,4.378047194681481,0.0046150386921955415
4.965,2.2836635152374334,757.2934277035555,0.20615869469348852,0.002773945307866516,146.40384951213701,4.370164396464773,0.004609957632121444
4.97,2.2837408006854862,757.2939912426286,0.20617301091244095,0.002763747055249612,146.4142476602939,4.36229927080592,0.004604877362620695
4.9750000000000005,2.2838266227617905,757.2945632411095,0.20618727015326307,0.002753589386059915,146.42460727652767,4.354451795714335,0.0045997979093806785
4.98,2.28392097809358,757.2951436763989,0.20620147255797622,0.0027434721989278866,146.4349283907175,4.346621948545798,0.00459471929799192
4.985,2.284023862946366,757.2957325255405,0.20621561826917517,0.002733395392084389,146.4452109237409,4.338809706002445,0.004589641553948078
4.99,2.284135273223935,757.29632976522,0.20622970743002805,0.002723358863360688,146.45545468747372,4.331015044132776,0.004584564702645951
4.995,2.2842552044683537,757.2969353717652,0.2062437401842764,0.002713362510188454,146.46565938479014,4.323237938331655,0.004579488769385475
5.0,2.284383651862818,757.2975493211509,0.20625771667622447,0.002703406229603077,146.4758246874546,4.315478363393533,0.004574413779368942
5.005,2.284520610333577,757.2981715891111,0.2062716370507009,0.002693489918215767,146.48595121336555,4.3077362953585565,0.004569339757676
5.01,2.284666074576572,757.2988021511518,0.20628550145326993,0.002683613472121942,146.49603945087836,4.300011711894557,0.004564266729259615
5.015,2.284820038936041,757.2994409824358,0.20629931003003943,0.0026737767870454606,146.50608965148476,4.292304590066018,0.004559194718974595
5.0200000000000005,2.284982497396645,757.3000880577789,0.20631306292761425,0.0026639797583624444,146.5161020006625,4.284614906194648,0.004554123751579147
5.025,2.2851534435834684,757.3007433516489,0.20632676029309635,0.002654222281101285,146.52607661787545,4.276942635859389,0.004549053851734888
5.03,2.285332870762019,757.301406838166,0.2063404022740847,0.0026445042499426315,146.5360135565735,4.26928775389641,0.004543985044006836
5.035,2.285520771838227,757.3020784911037,0.20635398901867533,0.0026348255592194003,146.54591280419268,4.261650234399109,0.004538917352863414
5.04,2.2857171393584474,757.3027582838871,0.20636752067546138,0.0026251861029167717,146.55577428215508,4.254030050718114,0.00453385080267645
5.045,2.285921965509456,757.3034461895944,0.206380997393533,0.002615585774672191,146.56559784586892,4.246427175461282,0.004528785417721178
5.05,2.286135242121495,757.3041421809603,0.20639441932246716,0.0026060244677789403,146.57538335099017,4.238841580578768,0.004523721222175052
5.055,2.2863569607715424,757.3048462304888,0.20640778661230172,0.002596502075164191,146.58513135872929,4.231273239818762,0.004518658240084577
5.0600000000000005,2.2865871128069815,757.3055583104617,0.20642109941374268,0.0025870184892972286,146.59484211161976,4.223722128875499,0.004513596495363958
5.065,2.286825689226387,757.3062783928282,0.20643435787795916,0.002577573602329196,146.60451568402368,4.216188222736545,0.0045085360118299325
5.07,2.2870726806723196,757.3070064492015,0.20644756215653653,0.0025681673061169314,146.61415215560663,4.208671495567988,0.0045034768132031335
5.075,2.287328077431326,757.3077424508593,0.2064607124014766,0.002558799492222977,146.62375161133758,4.201171920714452,0.00449841892310809
5.08,2.2875918694339386,757.3084863687432,0.20647380876519741,0.0025494700519155763,146.63331414148888,4.193689470699084,0.0044933623650732285
5.085,2.287864046254677,757.3092381734587,0.2064868514005334,0.002540178876168675,146.64283984163634,4.1862241172235635,0.004488307162530874
5.09,2.2881445971120464,757.3099978352752,0.20649984046073533,0.0025309258556619205,146.65232881265916,4.178775831168098,0.0044832533388172455
5.095,2.288433510868538,757.3107653241269,0.20651277609947025,0.002521710880780662,146.6617811607399,4.1713445825914235,0.00447820091717246
5.1000000000000005,2.288730776033846,757.3115406096157,0.20652565847081272,0.002512533841619693,146.67119704348508,4.163930340845534,0.004473149920738974
5.105,2.28903638086908,757.3123236611236,0.206538487729246,0.002503394627966484,146.68057691884525,4.156533077592362,0.004468100372520925
5.11,2.289350313407376,757.313114447817,0.20655126402986013,0.0024942931292103597,146.68992062267088,4.149152766727331,0.004463052295385323
5.115,2.2896725613373268,757.313912938542,0.2065639875281228,0.002485229234476946,146.69922793788317,4.141789381346557,0.0044580057121026305
5.12,2.2900031119964797,757.3147191018212,0.20657665837983277,0.0024762028326517664,146.7084987692506,4.134442893656488,0.0044529606453479215
5.125,2.2903419523713326,757.3155329058546,0.20658927674111988,0.002467213812380243,146.71773314338898,4.127113274973913,0.004447917117700888
5.13,2.290689069097337,757.3163543185192,0.2066018427684451,0.002458262062067697,146.72693120876136,4.1198004957259515,0.0044428751516458346
5.135,2.291044448458895,757.3171833073684,0.2066143566186006,0.0024493474698793474,146.73609323567806,4.112504525450065,0.00443783476957168
5.14,2.291408076389362,757.318019839633,0.20662681844870953,0.002440469923740311,146.7452196162968,4.105225332794048,0.004432795993771957
5.1450000000000005,2.2917799384710458,757.3188638822207,0.20663922841622634,0.0024316293113356034,146.75431086462248,4.09796288551603,0.004427758846444814
5.15,2.292160019942602,757.3197154017239,0.20665158667893938,0.0024228255201101958,146.76336757315994,4.090717150767348,0.004422723349689205
5.155,2.292548305831325,757.3205743645552,0.20666389339508223,0.002414058437232492,146.77238956928934,4.083488099526755,0.004417689525445129
5.16,2.2929447808926637,757.3214407368777,0.2066761487233304,0.002405327949579259,146.78137627241338,4.076275703556003,0.0044126573955346445
5.165,2.2933494295323,757.3223144845373,0.2066883528226264,0.0023966339438260594,146.7903273483485,4.069079933413213,0.004407626981688753
5.17,2.2937622358140963,757.3231955730732,0.2067005058521678,0.002387976306456955,146.79924268247206,4.061900758882476,0.004402598305541634
5.175,2.294183183460093,757.3240839677178,0.20671260797140734,0.002379354923764503,146.80812237972222,4.054738148973847,0.004397571388630639
5.18,2.294612255850512,757.3249796333969,0.20672465934005282,0.00237076968184976,146.81696676459796,4.0475920719233525,0.0043925462523962955
5.1850000000000005,2.2950494360237546,757.3258825347292,0.20673666011806718,0.0023622204666222764,146.82577638115916,4.040462495192983,0.004387522918182305
5.19,2.2954947066764007,757.3267926360272,0.20674861046566842,0.0023537071638001063,146.83455199302648,4.033349385470702,0.004382501407235548
5.195,2.295948050171678,757.3277099013063,0.20676051054333905,0.002345229658914977,146.84329435982696,4.026252708989856,0.004377481740701842
5.2,2.2964094486346407,757.328634294379,0.20677236051196649,0.002336787837283725,146.8520028764385,4.019172434554519,0.004372463939585235
5.205,2.2968788839191796,757.3295657788145,0.2067841605327755,0.0023283815839845027,146.86067692025063,4.012108531961508,0.004367448024768955
5.21,2.2973563375447545,757.3305043178881,0.20679591076718218,0.00232001078394506,146.86931616590957,4.005060970201478,0.004362434017040192
5.215,2.297841790695575,757.3314498745816,0.20680761137678952,0.00231167532194879,146.87792053100156,3.998029717462725,0.004357421937090105
5.22,2.2983352242206023,757.3324024115835,0.20681926252338745,0.0023033750826347314,146.88649017605303,3.9910147411311967,0.004352411805513817
5.2250000000000005,2.298836618633548,757.3333618912885,0.2068308643689529,0.002295109950497564,146.89502550453054,3.9840160077904847,0.004347403642810409
5.23,2.2993459541128742,757.3343282757983,0.20684241707564965,0.002286879809887617,146.90352716284065,3.9770334832218315,0.004342397469382937
5.235,2.299863210501794,757.3353015269206,0.20685392080582848,0.0022786845450108594,146.91199604033017,3.970067132404122,0.0043373933055384116
5.24,2.300388367328208,757.3362816061922,0.2068653757220548,0.0022705240399368376,146.92043274658,3.9631169202987375,0.004332391171477435
5.245,2.3009214039022434,757.3372684749683,0.20687678198726184,0.00226239817855279,146.92883639696583,3.956182815060795,0.004327391087250694
5.25,2.3014622992448723,757.3382620943512,0.20688813976459794,0.0022543068445778163,146.93720640212325,3.949264785122599,0.004322393072798159
5.255,2.302011032049266,757.3392624251634,0.20689944921733186,0.002246249921631799,146.94554245388673,3.9423627980775473,0.004317397147964917
5.26,2.3025675806808645,757.3402694279479,0.2069107105088525,0.0022382272932365732,146.95384450833558,3.9354768206891713,0.004312403332501069
5.265,2.303131923177373,757.3412830629685,0.20692192380266897,0.0022302388428159232,146.96211278579392,3.9286068188911325,0.004307411646061726
5.2700000000000005,2.303704037248763,757.3423032902097,0.20693308926241033,0.0022222844536955843,146.9703477708308,3.9217527577872233,0.0043024221082070165
5.275,2.304283900277275,757.3433300693764,0.20694420705182595,0.0022143640091032463,146.97855021226005,3.914914601651371,0.00429743473840208
5.28,2.3048714893174145,757.3443633598945,0.2069552773347852,0.002206477392168547,146.98672112314037,3.9080923139276296,0.004292449556017069
5.285,2.305466781134642,757.3454031209504,0.20696630027534055,0.002198624485930318,146.99486079334216,3.9012858588367454,0.004287466580305835
5.29,2.3060697522835722,757.3464493115579,0.20697727603784608,0.0021908051732827064,147.0029681872963,3.894495203895672,0.004282485830371352
5.295,2.3066803790166257,757.3475018904744,0.20698820478675525,0.002183019337022705,147.01104278148873,3.8877203162021945,0.004277507325216241
5.3,2.3072986372673836,757.3485608161931,0.20699908668657868,0.002175266859893641,147.0190843245215,3.8809611620287994,0.004272531083748993
5.305,2.3079245026505903,757.3496260469433,0.20700992190188394,0.0021675476245851836,147.02709283700054,3.874217706822789,0.004267557124783977
5.3100000000000005,2.3085579504621547,757.3506975406899,0.20702071059729557,0.0021598615137333422,147.03506861153568,3.867489915206279,0.004262585467041434
5.315,2.309198955679148,757.351775255134,0.20703145293749523,0.0021522084099204705,147.0430122127406,3.8607777509762062,0.004257616129147478
5.32,2.3098474929598054,757.3528591477126,0.2070421490872215,0.002144588195675259,147.05092447723294,3.8540811771043164,0.004252649129634097
5.325,2.310503536645316,757.3539491756004,0.20705279921127323,0.0021370007534743177,147.0588064406085,3.8474001558238355,0.004247684486938034
5.33,2.311167060829772,757.3550452957785,0.20706340347463065,0.002129445965741211,147.06665771097437,3.8407346515352936,0.0042427222193620355
5.335,2.311838039377934,757.3561474650393,0.2070739620424482,0.0021219237147995047,147.07447743358986,3.8340846308670153,0.004237762345072973
5.34,2.3125164458487557,757.3572556399267,0.20708447507988686,0.002114433882945194,147.08226520737537,3.827450059675487,0.004232804882143634
5.345,2.3132022534919723,757.3583697767366,0.20709494275210602,0.002106976352462792,147.0900208915901,3.8208309029978995,0.00422784984855375
5.3500000000000005,2.3138954352481,757.359489831516,0.20710536522426362,0.0020995510056253264,147.09774460583208,3.8142271250521484,0.0042228972621899934
5.355,2.314595963748435,757.3606157600639,0.20711574266151606,0.002092157724694345,147.1054367300382,3.8076386892368403,0.004217947140845981
5.36,2.3153038113150566,757.3617475179308,0.20712607522901821,0.00208479639191991,147.11309790448422,3.801065558131283,0.004212999502222274
5.365,2.3160189499608226,757.3628850604189,0.20713636309192351,0.0020774668895405996,147.12072902978474,3.794507693495491,0.004208054363926371
5.37,2.316741351403673,757.3640283425972,0.20714660641540825,0.002070169099789913,147.12833081384576,3.7879650569306644,0.004203111743464122
5.375,2.317470987154874,757.3651773193785,0.20715680536481051,0.002062902904869759,147.13590237188112,3.781437613456925,0.004198171658191289
5.38,2.31820782846464,757.3663319454662,0.20716696010549226,0.002055668186948407,147.1434431356353,3.7749253287075666,0.004193234125350923
5.385,2.318951846283982,757.36749217533,0.207177070802758,0.0020484648282208967,147.15095282450423,3.768428167469623,0.004188299162094686
5.39,2.319703011264846,757.3686579632081,0.2071871376218548,0.0020412927109110467,147.15843140690077,3.7619460937001175,0.004183366785482698
5.3950000000000005,2.320461293760113,757.3698292631059,0.20719716072797253,0.0020341517172714502,147.16587910025467,3.7554790705260612,0.0041784370124835395
5.4,2.321226663823597,757.371006028797,0.20720714028624357,0.0020270417295834824,147.17329637101255,3.7490270602444586,0.004173509859974249
5.405,2.3219990912100488,757.3721882138224,0.20721707646174306,0.0020199626301572906,147.1806839346379,3.7425900243222996,0.004168585344740322
5.41,2.3227785453752703,757.3733757714913,0.20722696941948884,0.0020129143013320134,147.18804274949187,3.7361679234029728,0.004163663483475637
5.415,2.3235649955201616,757.3745686549239,0.20723681932451035,0.0020058966254850974,147.19537289935295,3.7297607193619484,0.004158744292755452
5.42,2.3243584106476605,757.3757668170908,0.20724662634192195,0.001998909484983037,147.20267350565038,3.723368377408163,0.004153827789006617
5.425,2.3251587594833385,757.37697021075,0.20725639063675227,0.0019919527622312885,147.2099441206679,3.716990862304282,0.0041489139885598466
5.43,2.3259660104647044,757.3781787884441,0.20726611237391845,0.0019850263397024684,147.2171845463913,3.7106281379679933,0.00414400290765611
5.4350000000000005,2.3267801317412067,757.3793925025004,0.20727579171822622,0.0019781300999363485,147.22439483450842,3.7042801674720063,0.004139094562446625
5.44,2.327601091174231,757.3806113050307,0.20728542883436984,0.0019712639255398635,147.23157528640914,3.6979469130440576,0.00413418896899287
5.445,2.328428856337102,757.3818351479315,0.20729502388693222,0.0019644276991871022,147.23872645318534,3.6916283360669033,0.004129286143266567
5.45,2.3292633945150834,757.3830639828839,0.20730457704038469,0.001957621303619313,147.245849135631,3.685324397078323,0.004124386101149699
5.455,2.330104672708585,757.3842977613571,0.20731408845909197,0.0019508446216472619,147.25294427426655,3.6790350559387326,0.004119488858432373
5.46,2.330952657706154,757.3855364346738,0.20732355830742513,0.0019440975361498846,147.2600114161412,3.672760275320708,0.0041145944307663385
5.465,2.331807316084187,757.386779953998,0.2073329867497326,0.0019373799300379036,147.26704979164398,3.666500020102387,0.004109702833671481
5.47,2.3326686141444584,757.3880282702947,0.2073423739502052,0.001930691686315123,147.2740590102372,3.660254254345787,0.004104814082578881
5.4750000000000005,2.333536517912771,757.389281334331,0.20735172007287092,0.0019240326880885913,147.2810389377608,3.6540229412678187,0.00409992819283167
5.48,2.3344109931389534,757.3905390966762,0.2073610252815951,0.001917402818568606,147.2879896964323,3.6478060432402915,0.004095045179685029
5.485,2.3352920052968615,757.391801507702,0.20737028974008023,0.001910801961068706,147.29491166484692,3.6416035217899063,0.004090165058306188
5.49,2.336179519584379,757.3930685175826,0.20737951361186613,0.0019042299990056763,147.30180547797744,3.635415337598261,0.004085287843774424
5.495,2.3370735009234167,757.3943400762945,0.2073886970603298,0.001897686815899548,147.3086720271743,3.6292414505018478,0.004080413551081066
5.5,2.337973913972413,757.3956161336286,0.20739784024870614,0.001891172295378389,147.3155120847131,3.6230818201500874,0.004075542195120995
5.505,2.3388807232101243,757.3968966392591,0.2074069433402184,0.0018846863211625195,147.32232479424258,3.616936410069618,0.004070673790637742
5.51,2.3397938928857633,757.3981815426945,0.20741600649795458,0.0018782287770563295,147.32910952468345,3.6108051845996876,0.004065808352263916
5.515,2.340713386985073,757.3994707932627,0.20742502988479225,0.0018717995469984322,147.33586595612115,3.604688107213405,0.004060945894546282
5.5200000000000005,2.3416391692308602,757.4007643401125,0.20743401366339906,0.0018653985150640664,147.3425940267442,3.5985851405536917,0.004056086431945427
5.525,2.342571203082999,757.4020621322131,0.20744295799623283,0.0018590255654650995,147.34929393284423,3.5924962464332846,0.004051229978835752
5.53,2.343509451738427,757.4033641183548,0.20745186304554145,0.001852680582550022,147.35596612881588,3.5864213858347296,0.0040463765495054715
5.535,2.3444538781311497,757.4046702471483,0.2074607289733629,0.001846363450803952,147.36261132715688,3.5803605189103878,0.004041526158156618
5.54,2.3454044449322353,757.405980467025,0.20746955594152536,0.001840074054848633,147.3692304984681,3.5743136049824322,0.004036678818905039
5.545,2.3463611145826313,757.4072947262678,0.20747834411170382,0.0018338122794496127,147.37582394685273,3.568280604283809,0.004031834545757712
5.55,2.3473238493559916,757.408612973052,0.20748709364550574,0.0018275780094859685,147.38239069100138,3.5622614809315136,0.004026993352571294
5.555,2.3482926112865723,757.409935155391,0.20749580470430784,0.0018213711299751403,147.38893024683264,3.5562561987416186,0.004022155253109465
5.5600000000000005,2.349267362159427,757.4112612211381,0.20750447744923423,0.0018151915261017581,147.39544238337618,3.5502647207160725,0.004017320261051622
5.565,2.3502480635104157,757.4125911179857,0.20751311204115658,0.001809039083217658,147.4019271223726,3.5442870090431526,0.004012488389992876
5.57,2.351234676626202,757.4139247934659,0.20752170864069394,0.0018029136868418743,147.40838473827333,3.538323025097456,0.00400765965344405
5.575,2.3522271625442577,757.4152621949504,0.20753026740821282,0.0017968152226606453,147.41481575824074,3.532372729439907,0.004002834064831681
5.58,2.3532254820528586,757.4166032696504,0.20753878850382718,0.0017907435765274107,147.4212209621481,3.526436081817753,0.003998011637498019
5.585,2.3542295956928814,757.4179479646186,0.20754727208740167,0.0017846986344639765,147.4276013152079,3.5205130412619403,0.003993192384699823
5.59,2.3552394638182146,757.4192962267999,0.20755571831865427,0.0017786802826636613,147.43395647729383,3.514603569335801,0.003988376319565426
5.595,2.3562550466048835,757.4206480030251,0.2075641273571355,0.001772688407461459,147.4402856471325,3.5087076302519122,0.003983563455090953
5.6000000000000005,2.3572763039949507,757.4220032399804,0.20757249936210675,0.0017667228953772267,147.44658843310165,3.50282518748869,0.003978753804188656
5.605,2.3583031956956613,757.4233618842109,0.20758083449253809,0.0017607836331258906,147.45286469031763,3.496956203721669,0.003973947379688623
5.61,2.3593356811794433,757.4247238821201,0.2075891329071083,0.0017548705076174398,147.45911452063515,3.491100640823496,0.0039691441943387725
5.615,2.360373719683907,757.4260891799709,0.20759739476420472,0.00174898340595693,147.46533827264747,3.4852584598639367,0.003964344260804856
5.62,2.3614172702118466,757.4274577238843,0.20760562022192341,0.0017431222154444834,147.4715365416864,3.479429621109871,0.003959547591670456
5.625,2.3624662915312378,757.4288294598408,0.20761380943806912,0.0017372868235752878,147.47771016982213,3.473614084025297,0.003954754199436988
5.63,2.363520742184858,757.4302043336883,0.20762196257017218,0.0017314771180430533,147.48385994180182,3.467811807802033,0.003949964096516965
5.635,2.3645805805632336,757.4315822911964,0.2076300797756059,0.0017256929867320104,147.48998509142695,3.462022755403934,0.003945177295179531
5.64,2.365645764865705,757.4329632780181,0.20763816121147935,0.0017199343177063248,147.4960849921435,3.456246890951932,0.003940393807584305
5.6450000000000005,2.3667162530711527,757.4343472396829,0.20764620703457373,0.0017142009992480356,147.50215932486745,3.450484177743772,0.003935613645811185
5.65,2.3677920029387436,757.4357341215988,0.20765421740134354,0.0017084929198594456,147.50820801544972,3.4447345782842196,0.003930836821860167
5.655,2.3688729720079316,757.4371238690525,0.20766219246791665,0.0017028099682631155,147.51423123467617,3.438998054285054,0.003926063347651347
5.66,2.3699591175984573,757.438516427209,0.2076701323900942,0.0016971520334018682,147.5202293982675,3.4332745666650757,0.003921293235024921
5.665,2.3710503968103493,757.4399117411119,0.20767803732335063,0.001691519004438788,147.52620316687944,3.4275640755501007,0.003916526495741178
5.67,2.3721467665239206,757.4413097556835,0.20768590742283383,0.0016859107707572194,147.53215344610257,3.421866540272965,0.003911763141480512
5.675,2.373248183423547,757.4427104157452,0.2076937428434071,0.0016803272219658486,147.53808069464344,3.416181920730081,0.003907003183825943
5.68,2.3743546040592003,757.4441136660538,0.20770154373974017,0.0016747682478814516,147.54398397031645,3.4105101809401908,0.0039022466342139616
5.6850000000000005,2.3754659847855955,757.4455194512577,0.20770931026616507,0.0016692337385386272,147.5498627598454,3.4048512849405164,0.003897493503990159
5.69,2.3765822817534525,757.4469277159044,0.2077170425766552,0.0016637235842145426,147.5557168028276,3.399205195984064,0.003892743804422605
5.695,2.3777034509096544,757.4483384044395,0.2077247408248256,0.0016582376754290975,147.561546084599,3.393571876547199,0.0038879975467017627
5.7,2.3788294479972447,757.4497514612074,0.20773240516393293,0.0016527759029449285,147.56735083623457,3.38795128832965,0.003883254741940489
5.705,2.3799602285554275,757.4511668304515,0.20774003574687552,0.0016473381577674071,147.57313153454797,3.3823433922545068,0.003878515401174037
5.71,2.3810957479195682,757.4525844563135,0.20774763272619326,0.0016419243311446411,147.57888890209173,3.376748148468222,0.0038737795353600544
5.715,2.3822359612214323,757.4540042828346,0.20775519625406813,0.0016365343145676092,147.58462389809642,3.3711655163532432,0.0038690471553784332
5.72,2.3833808234313607,757.4554262539885,0.20776272648240163,0.0016311679997752704,147.590336526745,3.3655954570268376,0.003864318271998784
5.7250000000000005,2.38453028938687,757.4568503136865,0.2077702235628387,0.0016258252787336573,147.5960258869175,3.3600379350917793,0.003859592895854423
5.73,2.3856843137384476,757.4582764057509,0.20777768764663995,0.0016205060436590337,147.6016915300798,3.354492914622861,0.0038548710374987525
5.735,2.386842850949306,757.4597044739237,0.20778511888468001,0.0016152101870301162,147.6073332527825,3.348960358941404,0.0038501527074098654
5.74,2.38800585529538,757.4611344618659,0.20779251742744734,0.0016099376015880776,147.61295109666065,3.3434402306152635,0.003845437915990548
5.745,2.3891732808653297,757.462566313158,0.20779988342504432,0.001604688180336546,147.61854534843394,3.337932491458826,0.003840726673568277
5.75,2.3903450815605387,757.4639999712996,0.20780721702718735,0.0015994618165416042,147.62411653990657,3.332437102533009,0.003836018990395223
5.755,2.391521211095114,757.4654353797096,0.2078145183832066,0.0015942584037317914,147.62966544796726,3.3269540241452633,0.0038313148766482468
5.76,2.3927016229984366,757.4668724817287,0.20782178764205145,0.0015890778356989618,147.63519300490975,3.3214832159918135,0.003826614342427152
5.765,2.393886270671055,757.468311220659,0.20782902495239483,0.001583920006499968,147.64069878019106,3.316024640635314,0.0038219173977087507
5.7700000000000005,2.395075107376981,757.469751539742,0.20783623046258176,0.0015787848104412737,147.6461819949427,3.3105782630234573,0.003817224052350737
5.775,2.3962680862081074,757.4711933821541,0.20784340432054352,0.0015736721421038477,147.65164226239213,3.305144047379737,0.00381253431613699
5.78,2.397465160086188,757.4726366910115,0.20785054667380154,0.0015685818963481334,147.65707943735197,3.299721957199117,0.0038078481987784255
5.785,2.3986662817628344,757.4740814093709,0.2078576576694675,0.0015635139683140527,147.66249361622013,3.2943119552480367,0.003803165709913001
5.79,2.3998714038195197,757.4755274802288,0.2078647374542434,0.001558468253421005,147.66788513697966,3.2889140035644076,0.0037984868591057147
5.795,2.4010804786675766,757.4769748465219,0.2078717861744212,0.0015534446473678676,147.67325457919893,3.2835280634576156,0.003793811655848604
5.8,2.402293458548196,757.4784234511271,0.20787880397588335,0.0015484430461329944,147.6786027640315,3.2781540955085204,0.0037891401095607475
5.805,2.4035102955403924,757.4798732368683,0.2078857910041188,0.0015434633459759093,147.68393048708717,3.272792060031913,0.003784472229582461
5.8100000000000005,2.404730941620048,757.4813241465507,0.2078927474043328,0.0015385054434347719,147.6892370011696,3.267441921008098,0.00377980802512253
5.815,2.405955348625069,757.4827761229276,0.20789967332133896,0.001533569235319987,147.69452166381183,3.262103643665973,0.003775147505288919
5.82,2.4071834682393187,757.4842291087106,0.20790656889951772,0.001528654618734339,147.699784146028,3.256777192488072,0.0037704906791193047
5.825,2.4084152519941786,757.4856830465725,0.2079134342828198,0.0015237614910745337,147.7050243561369,3.251462531251736,0.0037658375555808354
5.83,2.4096506512685485,757.4871378791473,0.20792026961476606,0.0015188897500311965,147.71024243976188,3.246159623029113,0.003761188143570134
5.835,2.410889617288845,757.4885935490302,0.20792707503844765,0.0015140392935888737,147.71543877983086,3.240868430187159,0.003756542451913298
5.84,2.412132101129005,757.4900499987773,0.20793385069652578,0.0015092100200260314,147.72061399657642,3.235588914387635,0.0037519004893658975
5.845,2.413378053710482,757.4915071709063,0.207940596731232,0.0015044018279150567,147.72576894753567,3.23032103658711,0.003747262264612977
5.8500000000000005,2.414627425818172,757.4929650079084,0.20794731328440144,0.00149961461612446,147.73090420625897,3.225064758003715,0.0037426277862567785
5.855,2.415880168150633,757.4944234522687,0.20795400049756302,0.0014948482838135389,147.73601886676377,3.219820043827541,0.0037379970627659533
5.86,2.4171362312736124,757.4958824464356,0.2079606585118081,0.0014901027304336783,147.74111238874704,3.2145868596132328,0.0037333701025236447
5.865,2.4183955656179843,757.4973419328392,0.20796728746778043,0.001485377855741874,147.7461844893674,3.209365170212111,0.0037287469138451656
5.87,2.4196581214803228,757.498801853892,0.20797388750567727,0.001480673559801025,147.75123512025957,3.204154939793252,0.0037241275049777938
5.875,2.420923849022902,757.5002621519891,0.20798045876524948,0.0014759897429799328,147.75626446753432,3.198956131843488,0.0037195118841007735
5.88,2.4221926982736957,757.5017227695075,0.20798700138580145,0.0014713263059533033,147.76127295177855,3.193768709167405,0.003714900059325313
5.885,2.4234646191263782,757.5031836488073,0.20799351550619113,0.0014666831497017441,147.76626122805519,3.1885926338873465,0.003710292038694587
5.89,2.4247395613403233,757.5046447322304,0.20800000126482998,0.0014620601755117675,147.77123018590325,3.183427867443411,0.003705687830183735
5.8950000000000005,2.426017474565207,757.5061059621194,0.20800645879973634,0.0014574572849780526,147.77618013987248,3.1782743721610034,0.0037010874416798017
5.9,2.4272983083739086,757.507567280818,0.2080128882485896,0.0014528743799975161,147.78111015085662,3.173132114178536,0.0036964908809404735
5.905,2.4285820122188837,757.5090286306548,0.2080192897486037,0.0014483113627748023,147.78601973613075,3.1680010594719756,0.003691898155648598
5.91,2.429868535436934,757.5104899539623,0.2080256634365327,0.001443768135830077,147.79090864747718,3.1628811733588047,0.003687309273421504
5.915,2.431157827249249,757.5119511930766,0.20803200944867076,0.0014392446019990397,147.79577686976697,3.1577724204996778,0.0036827242418109815
5.92,2.4324498367614056,757.5134122903379,0.20803832792085206,0.0014347406644329222,147.80062462095978,3.152674764898425,0.003678143068303283
5.925,2.4337445129633677,757.5148731880898,0.20804461898845106,0.0014302562265984897,147.80545235210408,3.147588169902048,0.003673565760319124
5.93,2.435041804729486,757.5163338286802,0.2080508827863822,0.0014257911922780399,147.81026074733697,3.1425125982007254,0.00366899232521368
5.9350000000000005,2.4363416608186066,757.5177941544606,0.20805711944910038,0.0014213454655694208,147.81505072006394,3.1374480118328516,0.0036644227702765327
5.94,2.4376440299059214,757.5192541078073,0.20806332911067332,0.0014169189508879594,147.81982232819033,3.1323943743291482,0.003659857102704058
5.945,2.4389488605959855,757.5207136311049,0.2080695119047939,0.0014125115529618872,147.8245746693589,3.127351652584098,0.003655295329571587
5.95,2.4402561013903146,757.5221726667465,0.20807566796467442,0.0014081231768384894,147.82930729162945,3.1223198130905163,0.003650737457886371
5.955,2.441565700693938,757.5236311571515,0.20808179742305705,0.0014037537278879764,147.83401997461362,3.1172988217129625,0.003646183494592598
5.96,2.4428776068153972,757.5250890447636,0.20808790041221387,0.0013994031118034849,147.83871272947482,3.1122886436877346,0.0036416334465713958
5.965,2.4441917679667444,757.5265462720524,0.2080939770639467,0.0013950712346010767,147.84338579892818,3.1072892436228727,0.003637087320640828
5.97,2.4455081322635452,757.5280027815126,0.20810002750958728,0.0013907580026197405,147.84803965724058,3.1023005854981593,0.0036325451235558978
5.9750000000000005,2.446826647724877,757.5294585156643,0.20810605187999717,0.0013864633225213888,147.85267501023074,3.097322632665116,0.0036280068620085453
5.98,2.4481472622739626,757.5309134170533,0.20811205030556928,0.0013821871012909186,147.85729277265227,3.092355347878502,0.0036234725426272825
5.985,2.4494699237736395,757.5323674282711,0.20811802291631404,0.0013779292462375743,147.86189279099844,3.087398695860033,0.003618942171943935
5.99,2.4507945800231985,757.5338204919269,0.20812396984183534,0.0013736896649929593,147.8664742120548,3.0824526441988067,0.0036144157563785385
5.995,2.4521211787381243,757.535272550663,0.20812989121124773,0.0013694682655152803,147.8710366106208,3.0775171599744184,0.0036098933022878487
6.0,2.4534496675568946,757.5367235471687,0.20813578715318842,0.0013652649560909663,147.87557979028676,3.072592209668116,0.0036053748159680238
6.005,2.454779994040979,757.5381734241797,0.2081416577958172,0.0013610796453346681,147.88010378343418,3.0676777591627986,0.0036008603036546266
6.01,2.4561121056748405,757.5396221244789,0.2081475032668165,0.0013569122421892598,147.88460885123538,3.062773773743017,0.0035963497715226214
6.015000000000001,2.457445949865934,757.5410695908955,0.20815332369339135,0.001352762655925836,147.8890954836538,3.057880218094974,0.0035918432256863753
6.0200000000000005,2.458781473944706,757.5425157663059,0.2081591192022694,0.0013486307961437165,147.8935643994438,3.0529970563065247,0.003587340672199661
6.025,2.460118625165999,757.5439605936342,0.20816488991970436,0.0013445165727704845,147.8980164953687,3.048124251939573,0.0035828421170547927
6.03,2.461457350744875,757.5454040158683,0.20817063597156982,0.0013404198960630237,147.9024514584319,3.0432617708484533,0.003578347566145848
6.035,2.4627975978418437,757.5468459760256,0.20817635748330754,0.0013363406766081294,147.90686848554097,3.0384095813127185,0.003573857025263808
6.04,2.4641393135536935,757.5482864171803,0.20818205457986558,0.001332278825323826,147.91126717371603,3.033567651064143,0.003569370500140087
6.045,2.465482444919982,757.5497252824752,0.20818772738571023,0.0013282342534597167,147.9156473452704,3.0287359472655644,0.003564887996447969
6.05,2.4668269389230373,757.5511625151204,0.20819337602482593,0.001324206872596981,147.92000904781068,3.023914436510885,0.0035604095198026107
6.055,2.4681727424879556,757.552598058395,0.2081990006207153,0.001320196594648377,147.9243525542367,3.0191030848250717,0.0035559350757610416
6.0600000000000005,2.4695198024826035,757.5540318556458,0.2082046012963991,0.001316203331858239,147.92867836274152,3.0143018576641545,0.0035514646698221607
6.065,2.470868065717617,757.5554638502878,0.2082101781744163,0.0013122269968024812,147.93298719681144,3.0095107199152302,0.0035469983074267407
6.07,2.4722174789484725,757.5568939858059,0.20821573137682933,0.0013082675023885627,147.9372799289157,3.0047296360061986,0.0035425359939561143
6.075,2.4735679889092235,757.5583222057654,0.2082212610253205,0.0013043247618564852,147.9415561482513,2.9999585728263387,0.0035380777346939027
6.08,2.474919542290586,757.5597484537743,0.2082267672411232,0.0013003986887816401,147.94581508782866,2.9951974993706645,0.003533623534827755
6.085,2.4762720857398453,757.5611726735204,0.20823225014497584,0.0012964891970729628,147.9500563580317,2.9904463840847537,0.0035291733994888223
6.09,2.4776255658670934,757.5625948087809,0.20823770985713294,0.0012925962009725366,147.95427979150384,2.9857051948740727,0.0035247273337525925
6.095,2.4789799292452286,757.5640148034222,0.2082431464973652,0.0012887196150555915,147.95848544314796,2.9809738991039763,0.00352028534263889
6.1000000000000005,2.4803351224099552,757.5654326014005,0.20824856018495955,0.0012848593542305056,147.96267359012654,2.9762524635997076,0.0035158474311118757
6.105,2.4816910918597843,757.5668481467611,0.20825395103871924,0.0012810153337388054,147.9668447318616,2.971540854646401,0.0035114136040800504
6.11,2.4830477840560334,757.568261383639,0.2082593191769636,0.0012771874691551643,147.9709995900346,2.9668390379890757,0.0035069838663962477
6.115,2.484405145425132,757.5696722562601,0.2082646647175344,0.0012733756763872728,147.97513902205102,2.9621469789560595,0.003502558222856165
6.12,2.485763122388914,757.5710807089467,0.20826998777789194,0.0012695798716769035,147.97926258189622,2.957464645349815,0.0034981366781604364
6.125,2.487121661339038,757.572486686079,0.2082752884750395,0.0012657999716047456,147.98336951469858,2.9527920069142035,0.0034937192369187717
6.13,2.4884807086437544,757.5738901321371,0.20828056692548538,0.0012620358930855314,147.98745943357625,2.948129032860774,0.0034893059036870486
6.135,2.489840210654372,757.5752909917124,0.20828582324525421,0.0012582875533670784,147.99153217186063,2.943475691890338,0.003484896682967921
6.140000000000001,2.4912001137052586,757.5766892095064,0.20829105754988722,0.0012545548700302893,147.99558778309645,2.9388319521929707,0.0034804915792108135
6.1450000000000005,2.4925603641138396,757.5780847303314,0.2082962699544421,0.0012508377609891548,147.99962654104175,2.9341977814480145,0.003476090596811929
6.15,2.4939209081806,757.5794774991099,0.208301460573493,0.0012471361444907488,148.00364893966784,2.9295731468240724,0.0034716937401142404
6.155,2.4952816921890837,757.5808674608752,0.2083066295211306,0.0012434499391152315,148.00765569315942,2.9249580149790138,0.003467301013407496
6.16,2.4966426624079228,757.5822545607725,0.2083117769109677,0.0012397790637756496,148.011647658199,2.9203523521672916,0.003462912420926942
6.165,2.498003765117261,757.5836387440602,0.20831690285623403,0.0012361234377189115,148.0156244096691,2.915756126986788,0.003458527966817369
6.17,2.4993649465815033,757.5850199560679,0.20832200746970206,0.001232482980532653,148.0195851818036,2.9111693099570566,0.0034541476551357294
6.175,2.500726153061091,757.5863981422459,0.2083270908636501,0.001228857612137648,148.02352958190758,2.9065918710946455,0.0034497714898874994
6.18,2.5020873308199216,757.5877732481761,0.20833215314987527,0.001225247252786217,148.02745743589125,2.902023779936013,0.003445399475027318
6.1850000000000005,2.503448426125349,757.5891452195712,0.20833719443969353,0.0012216518230622258,148.03136878826987,2.8974650055375233,0.0034410316144589856
6.19,2.504809385248182,757.5905140022758,0.2083422148439397,0.0012180712438810898,148.03526390216385,2.8929155164754525,0.0034366679120354676
6.195,2.506170154462689,757.5918795422656,0.20834721447296736,0.001214505436489768,148.03914325929858,2.88837528084598,0.0034323083715588885
6.2,2.507530680046593,757.5932417856477,0.20835219343664899,0.001210954322466767,148.04300756000467,2.8838442662651964,0.003427952996780537
6.205,2.50889090828251,757.5946006786617,0.20835715184437983,0.0012074178237219335,148.04685766750347,2.879322439941681,0.0034236017914000107
6.21,2.5102507854805594,757.5959561676779,0.20836208980517038,0.0012038958624970327,148.05069322816536,2.8748097711756593,0.0034192547590326905
6.215,2.5116102579502066,757.5973081991515,0.20836700742757985,0.0012003883613748276,148.05451344925328,2.8703062312770076,0.003414911903207743
6.22,2.5129692720155674,757.5986567196766,0.2083719048196752,0.0011968952432692608,148.0583179270278,2.865811791095063,0.0034105732274048914
6.2250000000000005,2.514327774024676,757.6000016759986,0.20837678208904642,0.0011934164314229623,148.06210647431618,2.8613264210304683,0.003406238735055357
6.23,2.5156857103494827,757.6013430150151,0.2083816393428065,0.0011899518494072503,148.0658791205126,2.856850091035174,0.0034019084295418642
6.235,2.517043027385857,757.6026806837755,0.20838647668759153,0.0011865014211221285,148.06963611157792,2.8523827706124347,0.0033975823141986325
6.24,2.5183996715535852,757.604014629481,0.2083912942295606,0.0011830650707962884,148.07337791003982,2.847924428816811,0.0033932603923113817
6.245,2.5197555892963734,757.6053447994846,0.2083960920743959,0.0011796427229871082,148.07710519499273,2.84347503425417,0.0033889426671173304
6.25,2.52111072708261,757.6066711412917,0.2084008703273048,0.0011762343025805055,148.08081883276367,2.839034555116925,0.003384629141804791
6.255,2.5224650314243884,757.6079936025579,0.2084056290931064,0.0011728397347908026,148.08451859231792,2.8346029613392254,0.003380319819485373
6.26,2.5238184488486626,757.6093121310364,0.20841036847618113,0.0011694589451720905,148.08820364323995,2.8301802250235872,0.0033760147031851625
6.265000000000001,2.5251709259144066,757.6106266746345,0.2084150885804194,0.0011660918596069878,148.09187356663995,2.8257663178734655,0.0033717137958824196
6.2700000000000005,2.526522409224965,757.6119371814316,0.20841978950924053,0.001162738404302776,148.09552815750467,2.8213612111746857,0.0033674171005091966
6.275,2.527872845428055,757.6132435996789,0.20842447136559283,0.001159398505791395,148.09916742469758,2.8169648757954393,0.0033631246199513362
6.28,2.5292221812157667,757.6145458777996,0.2084291342519536,0.0011560720909294458,148.1027915909587,2.8125772821862873,0.0033588363570484724
6.285,2.53057036332456,757.6158439643888,0.20843377827032902,0.00115275908689819,148.10640109290478,2.8081984003801583,0.0033545523145940316
6.29,2.531917338535269,757.6171378082136,0.2084384035222543,0.0011494594212035497,148.10999658102915,2.8038281999923487,0.0033502724953352312
6.295,2.5332630536733003,757.618427358213,0.2084430101087941,0.0011461730216760578,148.113578912397,2.799466650228442,0.0033459969019729923
6.3,2.5346074556241533,757.6197125634961,0.20844759813061853,0.0011428998164698546,148.11714803852303,2.7951137215996815,0.0033417255371400896
6.305,2.535950491304668,757.6209933732837,0.20845216768797845,0.0011396397340758984,148.12070308151996,2.7907693869875163,0.003337458403383998
6.3100000000000005,2.5372921076789483,757.622269736962,0.20845671888063708,0.0011363927033108323,148.12424360133755,2.7864336189668673,0.003333195503205342
6.315,2.5386322517758577,757.6235416041098,0.20846125180789388,0.0011331586533109123,148.12776936906548,2.7821063897251967,0.0033289368390607924
6.32,2.539970870689025,757.6248089244967,0.20846576656858468,0.001129937513532005,148.13128036693328,2.777787671062506,0.0033246824133630593
6.325,2.5413079115768418,757.626071648084,0.20847026326108156,0.001126729213749588,148.1347767883105,2.773477434391335,0.0033204322284808956
6.33,2.54264332166246,757.6273297250247,0.20847474198329302,0.0011235336840587512,148.13825903770646,2.769175650736765,0.003316186286739097
6.335,2.5439770482337964,757.628583105663,0.2084792028326638,0.001120350854874195,148.1417277307705,2.7648822907364154,0.0033119445904185017
6.34,2.5453090386435298,757.629831740535,0.20848364590617496,0.0011171806569302322,148.14518369429177,2.7605973246404463,0.0033077071417559898
6.345,2.546639240320283,757.6310755803668,0.20848807130040153,0.0011140230212792954,148.14862713356933,2.756320723494629,0.003303473942929618
6.3500000000000005,2.547967600743326,757.632314576013,0.2084924791115275,0.001110877879305198,148.1520571164602,2.752052460914854,0.003299244996032661
6.355,2.5492940674506803,757.6335486785003,0.20849686943525075,0.0011077451627151728,148.15547317268675,2.747792510359521,0.0032950203031114527
6.36,2.550618588065387,757.6347778390666,0.20850124236681408,0.0011046248035301324,148.15887504153596,2.743540844928737,0.003290799866170571
6.365,2.5519411102955214,757.6360020091599,0.2085055980010051,0.0011015167340846675,148.16226267139118,2.7392974373647605,0.003286583687172839
6.37,2.55326158193419,757.6372211404391,0.20850993643215626,0.0010984208870270472,148.16563621973222,2.735062260051999,0.0032823717680393215
6.375,2.554579950859534,757.6384351847736,0.20851425775414503,0.0010953371953192183,148.16899605313526,2.730835285017013,0.0032781641106493257
6.38,2.555896165034727,757.6396440942432,0.2085185620603936,0.001092265592236805,148.17234274727292,2.7266164839285127,0.0032739607168404024
6.385,2.557210172507976,757.6408478211384,0.20852284944386912,0.0010892060113691098,148.17567708691422,2.7224058280973598,0.0032697615884083454
6.390000000000001,2.5585219214194783,757.6420463179604,0.20852711999712034,0.0010861583866176442,148.17899954468322,2.718203289154412,0.0032655667270988075
6.3950000000000005,2.55983135998192,757.6432395373603,0.2085313738123333,0.0010831226522071955,148.18230919889234,2.714008841311868,0.0032613761345758768
6.4,2.5611384364748018,757.6444274321617,0.20853561098121493,0.0010800987426843795,148.18560551982318,2.709822458929852,0.003257189812454317
6.405,2.5624430992819387,757.6456099554165,0.2085398315950248,0.0010770865929030737,148.1888882068527,2.7056441160237314,0.0032530077623094214
6.41,2.563745296892253,757.6467870604057,0.2085440357445769,0.0010740861380241508,148.19215716721195,2.7014737862806877,0.0032488299856768634
6.415,2.5650449778997757,757.6479587006393,0.20854822352023966,0.001071097313515477,148.195412515986,2.6973114430597156,0.003244656484052695
6.42,2.5663420910036465,757.649124829856,0.20855239501193604,0.0010681200551519142,148.19865457611402,2.6931570593916248,0.003240487258893347
6.425,2.5676365850081138,757.6502854020241,0.20855655030914333,0.0010651542990153173,148.20188387838925,2.6890106079790383,0.0032363223116156307
6.43,2.5689284088225346,757.6514403713406,0.20856068950089335,0.0010621999814945367,148.20510116145897,2.6848720611963937,0.0032321616435967357
6.4350000000000005,2.5702175114651693,757.6525896922325,0.20856481267579113,0.0010592570392842992,148.20830711152945,2.6807413913922202,0.003228005256170585
6.44,2.571503842050439,757.6537333193048,0.2085689199220979,0.0010563254093923816,148.21150095129002,2.6766185731945367,0.003223853150596874
6.445,2.572787349765795,757.6548712073304,0.2085730113276143,0.0010534050291466886,148.21468205137265,2.6725035818685603,0.0032197053280812005
6.45,2.574067983919912,757.6560033113246,0.20857708697969898,0.0010504958361761566,148.21785006523757,2.668396392338143,0.0032155617897918726
6.455,2.5753456939463666,757.6571295865498,0.20858114696527538,0.0010475977684094142,148.22100485314462,2.664296979228766,0.003211422536859644
6.46,2.576620429403635,757.6582499885146,0.2085851913708318,0.0010447107640747838,148.22414648215312,2.660205316867544,0.0032072875703777126
6.465,2.577892139975094,757.6593644729751,0.20858922028242155,0.0010418347617002798,148.22727522612198,2.6561213792832237,0.003203156891401719
6.47,2.5791607754690205,757.6604729959336,0.20859323378566264,0.0010389697001136101,148.23039156570957,2.652045140206182,0.00319903050094975
6.4750000000000005,2.580426285818592,757.6615755136396,0.20859723196573807,0.0010361155184421744,148.23349618837386,2.6479765730684277,0.003194908400002335
6.48,2.5816886210833845,757.6626719825897,0.20860121490740197,0.001033272156112527,148.23658990432156,2.6439156510879984,0.003190790589501475
6.485,2.5829477314442757,757.6637623594928,0.20860518269506909,0.0010304395528528782,148.23967223356635,2.6398623491799724,0.0031866770703257714
6.49,2.5842035671621066,757.6648466012198,0.20860913541272638,0.0010276176487083234,148.2427424180626,2.635816643476341,0.003182567843294067
6.495,2.5854560786315126,757.6659246648925,0.20861307314392075,0.00102480638401983,148.24580006208888,2.6317785097959163,0.003178462909189423
6.5,2.5867052163914552,757.6669965078968,0.20861699597177513,0.0010220056994202603,148.2488449751649,2.627747923688549,0.003174362268759342
6.505,2.5879509311252207,757.668062087882,0.20862090397898853,0.0010192155358343714,148.25187717205122,2.623724860435126,0.003170265922715769
6.51,2.589193173660421,757.6691213627614,0.208624797247836,0.0010164358344788157,148.25489687274958,2.6197092950475733,0.0031661738717350895
6.515000000000001,2.5904318949689937,757.6701742907119,0.2086286758601686,0.00101366653686214,148.25790450250258,2.615701202268853,0.00316208611645813
6.5200000000000005,2.5916670461672022,757.6712208301742,0.20863253989741343,0.0010109075847847871,148.26090069179392,2.611700556572966,0.003158002657490161
6.525,2.59289857851576,757.6722609398529,0.20863638944057403,0.001008158920339045,148.26388627120545,2.6077073321692232,0.0031539234954008465
6.53,2.594126443420944,757.6732945786986,0.20864022457030254,0.0010054204859080013,148.26686119535543,2.6037215042316935,0.0031498486307087992
6.535,2.595350592382074,757.674321705827,0.20864404536687045,0.0010026922241845513,148.2698245727797,2.5997430496685747,0.003145778063868663
6.54,2.596570977037281,757.6753422806029,0.20864785191010804,0.00099997407815458,148.27277595600492,2.595771945177231,0.003141711795299351
6.545,2.5977875491880167,757.676356262671,0.20865164427943345,0.0009972659910876813,148.2757151007129,2.591808167214374,0.0031376498253861524
6.55,2.599000260799053,757.6773636119559,0.20865542255385247,0.0009945679065371563,148.27864196574035,2.5878516919960584,0.0031335921544807365
6.555,2.6002090639984834,757.6783642886621,0.2086591868119588,0.000991879768340014,148.28155671307917,2.5839024954976884,0.0031295387829011504
6.5600000000000005,2.6014139110777204,757.6793582532739,0.2086629371319339,0.000989201520616971,148.28445970787624,2.5799605534540118,0.0031254897109318177
6.565,2.602614754491497,757.6803454665555,0.20866667359154698,0.0009865331077724537,148.28735151843347,2.5760258413591255,0.0031214449388235438
6.57,2.603811546857867,757.6813258895511,0.20867039626815503,0.0009838744744945938,148.29023291620786,2.5720983344664696,0.0031174044667935086
6.575,2.6050042409602336,757.6822994835783,0.20867410523874075,0.000981225565753705,148.2931043306201,2.5681780083325987,0.003113368295018645
6.58,2.606192789700851,757.6832662101424,0.20867780057995844,0.0009785863268169563,148.2959648243952,2.564264840456203,0.0031093364236125546
6.585,2.6073771461154145,757.6842260309807,0.208681482368023,0.0009759567032446321,148.29881387480708,2.560358808407147,0.00310530885265032
6.59,2.608557263420772,757.6851789081252,0.20868515067874774,0.0009733366408725133,148.30165117903795,2.55645988952979,0.0031012855821753835
6.595,2.609733095015601,757.6861248039025,0.20868880558754585,0.0009707260858116064,148.30447663553562,2.5525680609548664,0.003097266612199445
6.6000000000000005,2.6109045944804072,757.6870636809352,0.2086924471694305,0.000968124984448143,148.30729034401355,2.5486832995994817,0.0030932519427024595
6.605,2.6120717155775273,757.6879955021401,0.20869607549901475,0.0009655332834435822,148.31009260545073,2.5448055821671183,0.0030892415736326396
6.61,2.6132344122511273,757.6889202307297,0.2086996906505117,0.0009629509297346065,148.31288392209183,2.54093488514763,0.0030852355049064543
6.615,2.614392638627203,757.6898378302114,0.20870329269773433,0.0009603778705331254,148.31566499744704,2.537071184817245,0.0030812337364086277
6.62,2.615546349015162,757.6907482643871,0.20870688171410867,0.0009578140533253163,148.31843655543008,2.5332144573931314,0.0030772362679903488
6.625,2.616695497876924,757.6916514972863,0.20871045777275726,0.0009552594258787467,148.32119790643068,2.5293646806874426,0.0030732430994473564
6.63,2.617840039799355,757.6925474931458,0.20871402094638983,0.0009527139362536881,148.32394837673775,2.5255218331396696,0.0030692542305307403
6.635,2.618979929562927,757.6934362165049,0.20871757130731824,0.0009501775327793398,148.32668759812228,2.521685892959568,0.003065269660961799
6.640000000000001,2.6201151221478995,757.6943176322122,0.20872110892746662,0.0009476501640514373,148.32941540269056,2.517856838169388,0.0030612893904319017
6.6450000000000005,2.6212455727343165,757.6951917054263,0.20872463387837153,0.0009451317789322543,148.3321318228841,2.514034646603882,0.0030573134186024898
6.65,2.6223712367020093,757.6960584016147,0.20872814623118177,0.0009426223265505993,148.33483709147984,2.5102192959102942,0.0030533417451050733
6.655,2.623492069630594,757.6969176865542,0.20873164605665853,0.0009401217563018181,148.3375316415899,2.5064107635483692,0.0030493743695412328
6.66,2.6246080272994723,757.6977695263317,0.2087351334251753,0.0009376300178477927,148.34021610666173,2.5026090267903465,0.00304541129148262
6.665,2.625719065688106,757.6986138873431,0.20873860840671912,0.000935147061116806,148.34289130551775,2.498814062731413,0.003041452510470847
6.67,2.626825140964489,757.6994507362601,0.2087420710709664,0.0009326728363037527,148.3455570685886,2.4950258493721673,0.003037498026003924
6.675,2.627926209421636,757.7002800399462,0.20874552148723463,0.0009302072938908246,148.3482125328183,2.4912443659381234,0.00303354783752939
6.68,2.6290222275468857,757.7011017655607,0.2087489597244398,0.0009277503846263284,148.35085725759492,2.4874695914769203,0.0030296019444654796
6.6850000000000005,2.630113152044676,757.7019158805858,0.20875238585112277,0.0009253020595162984,148.35349100265475,2.483701504874342,0.003025660346202237
6.69,2.631198939836544,757.7027223528265,0.20875579993544924,0.0009228622698244986,148.35611372808228,2.4799400848543174,0.0030217230421015233
6.695,2.6322795480611267,757.7035211504103,0.20875920204520973,0.0009204309670724198,148.35872559431044,2.47618530997892,0.0030177900314970084
6.7,2.633354934074161,757.7043122417874,0.2087625922478196,0.0009180081030392819,148.3613269621203,2.472437158648366,0.0030138613136941775
6.705,2.6344250554484816,757.7050955957308,0.20876597061031898,0.0009155936297620327,148.36391839264132,2.468695609101019,0.003009936887970327
6.71,2.6354898699740246,757.7058711813359,0.20876933719937293,0.0009131874995353484,148.3665006473512,2.4649606394133845,0.0030060167535745676
6.715,2.6365493356558565,757.7066389680108,0.20877269208130647,0.0009107896649103755,148.3690741721577,2.4612322278987118,0.0030021009097230557
6.72,2.637603410649995,757.7073989253747,0.20877603532215183,0.0009084000787105666,148.37163802347834,2.4575103543606134,0.0029981893555812624
6.7250000000000005,2.6386520532894178,757.7081510233127,0.20877936698753788,0.0009060186940277323,148.3741916620901,2.4537949986640517,0.0029942820902827154
6.73,2.639695222139975,757.7088952320435,0.20878268714272902,0.0009036454642029113,148.37673477197458,2.450086140525404,0.002990379112934521
6.735,2.640732876001194,757.7096315221211,0.20878599585262694,0.0009012803428260243,148.3792672375066,2.446383759524308,0.002986480422617268
6.74,2.6417649739062803,757.7103598644339,0.20878929318177075,0.0008989232837358754,148.38178914345445,2.4426878351036634,0.0029825860183850255
6.745,2.6427914751221175,757.7110802302057,0.20879257919433694,0.0008965742410201518,148.38430077497964,2.4389983465696314,0.0029786958992653453
6.75,2.6438123391492674,757.7117925909944,0.2087958539541394,0.0008942331690154235,148.38680261763702,2.4353152730916365,0.0029748100642592607
6.755,2.644827525721968,757.7124969186932,0.2087991175246294,0.000891900022307144,148.3892953573748,2.4316385937023632,0.0029709285123412873
6.76,2.6458369948086666,757.7131931855291,0.2088023699689044,0.0008895747557289776,148.3917797583633,2.427968287374954,0.0029670512424585663
6.765000000000001,2.64684070657122,757.7138813639898,0.2088056113497924,0.0008872573243690488,148.39425521991618,2.4243043342027586,0.002963178253515523
6.7700000000000005,2.647838621328046,757.7145614267898,0.2088088417297522,0.0008849476835842679,148.39672101250494,2.4206467148526336,0.002959309544378947
6.775,2.6488306996378523,757.7152333469799,0.20881206117087864,0.000882645788975073,148.399176744712,2.4169954098366797,0.0029554451138907316
6.78,2.649816902308802,757.7158970979565,0.20881526973491654,0.0008803515963819702,148.40162222461942,2.4133503995543117,0.002951584960867855
6.785,2.6507971903985106,757.716552653462,0.2088184674832607,0.0008780650618855337,148.40405745980868,2.409711664292257,0.0029477290841023805
6.79,2.65177152521405,757.7171999875846,0.2088216544769558,0.0008757861418064056,148.4064826573609,2.4060791842245566,0.0029438774823614543
6.795,2.652739868311946,757.7178390747582,0.2088248307766966,0.0008735147927052959,148.40889822385668,2.4024529394125627,0.002940030154387308
6.8,2.653702181498178,757.7184698897626,0.20882799644282773,0.0008712509713829824,148.41130476537617,2.3988329098049426,0.002936187098897256
6.805,2.6546584268281923,757.719092407723,0.20883115153534387,0.0008689946348803051,148.41370308693217,2.3952190752379514,0.0029323483145836968
6.8100000000000005,2.6556085665928144,757.7197066040806,0.20883429611395202,0.0008667457404778251,148.4160932308491,2.3916114160537063,0.002928513800106643
6.815,2.6565525632387743,757.7203124544862,0.20883743023805562,0.0008645042457168802,148.41847426573258,2.388009913619054,0.0029246835540847962
6.82,2.657490379442692,757.7209099349087,0.2088405539666868,0.0008622701083819429,148.42084572585406,2.3844145492084645,0.0029208575751118655
6.825,2.658421978145584,757.7214990216717,0.2088436673585401,0.0008600432864888166,148.42320734322715,2.3808253040062075,0.0029170358617581875
6.83,2.659347322552858,757.7220796914548,0.20884677047197261,0.0008578237382846345,148.42555904760766,2.3772421591063555,0.0029132184125707297
6.835,2.66026637613432,757.7226519212934,0.20884986336500386,0.0008556114222478596,148.42790096649367,2.373665095512779,0.0029094052260730864
6.84,2.661179102624169,757.7232156885782,0.20885294609531588,0.0008534062970882853,148.43023342512538,2.370094094139152,0.002905596300765482
6.845,2.6620854660209985,757.7237709710557,0.2088560187202531,0.0008512083217470348,148.43255694648525,2.366529135808947,0.0029017916351247682
6.8500000000000005,2.662985430587797,757.724317746828,0.2088590812968226,0.0008490174553965612,148.43487225129786,2.3629702012554383,0.002897991227604427
6.855,2.6638789608497566,757.7248559943457,0.2088621338817153,0.0008468336574396774,148.43717994360696,2.359417271288615,0.0028941950766326933
6.86,2.664766021523161,757.7253856923033,0.20886517653137415,0.0008446568875223832,148.43947917288608,2.355870327748523,0.002890403180599543
6.865,2.6656465775234364,757.7259068196657,0.20886820930188013,0.000842487105537399,148.44176933346907,2.352329352661827,0.002886615537866719
6.87,2.666520594041683,757.7264193557597,0.20887123224898338,0.0008403242716012805,148.44405007839825,2.3487943279647063,0.002882832146774189
6.875,2.6673880365474676,757.726923280276,0.2088742454281089,0.0008381683460532883,148.44632125711829,2.3452652355240837,0.002879053005640036
6.88,2.6682488707888217,757.7274185732697,0.20887724889435652,0.0008360192894553881,148.44858291547615,2.341742057137624,0.002875278112760464
6.885,2.6691030627922427,757.7279052151603,0.20888024270250086,0.0008338770625922506,148.45083529572116,2.338224774533736,0.0028715074664097933
6.890000000000001,2.669950578862693,757.7283831867312,0.20888322690699138,0.0008317416264712513,148.45307883650491,2.3347133693715714,0.0028677410648404625
6.8950000000000005,2.670791385583599,757.7288524691303,0.20888620156195234,0.0008296129423224717,148.4553141728814,2.3312078232410256,0.0028639789062830305
6.9,2.671625449817055,757.7293130438695,0.2088891667211851,0.0008274909715984752,148.4575421059394,2.3277081176756127,0.0028602209889460476
6.905,2.672452738668614,757.7297648927662,0.20889212243824512,0.0008253756759769457,148.45976234252242,2.324214234817403,0.002856467311007909
6.91,2.6732732194178634,757.7302079978645,0.2088950687663787,0.0008232670173806446,148.461974047074,2.320726157404908,0.002852717870614756
6.915,2.6740868596159717,757.7306423415594,0.2088980057584963,0.000821164957953402,148.4641767861325,2.317243868093183,0.0028489726658917987
6.92,2.674893627105707,757.7310679066172,0.2089009334671952,0.0008190694600532792,148.46637032303028,2.3137673494878825,0.002845231694943794
6.925,2.6756934900214357,757.7314846761764,0.20890385194475958,0.0008169804862525687,148.4685546178936,2.310296584145259,0.002841494955855047
6.93,2.676486416789124,757.7318926337464,0.20890676124316038,0.0008148979993377942,148.47072982764257,2.3068315545721636,0.0028377624466894113
6.9350000000000005,2.6772723761263357,757.7322917632087,0.2089096614140554,0.0008128219623097104,148.4728963059913,2.3033722432260464,0.002834034165490289
6.94,2.678051337042235,757.7326820488161,0.2089125525087893,0.0008107523383833039,148.47505460344772,2.2999186325149563,0.0028303101102806314
6.945,2.6788232688375837,757.7330634751931,0.20891543457839354,0.0008086890909877918,148.47720546731378,2.29647070479754,0.0028265902790629363
6.95,2.679588141096534,757.73343602732,0.20891830767361902,0.0008066321837659352,148.4793493476581,2.2930284425911385,0.0028228746698169336
6.955,2.6803459235957074,757.7337996904115,0.2089211718449827,0.0008045815805908214,148.4814852978874,2.289591829208261,0.002819163280490331
6.96,2.68109658634991,757.7341544499875,0.20892402714266048,0.0008025372455609633,148.48361276464757,2.2861608479958195,0.002815456109008541
6.965,2.6818400996768585,757.7345002919453,0.2089268736165245,0.0008004991429811911,148.4857314189696,2.28273548226235,0.0028117531532779417
6.97,2.682576434197963,757.7348372025596,0.2089297113161455,0.0007984672373622897,148.48784113065273,2.279315715286117,0.0028080544111858236
6.9750000000000005,2.683305560838327,757.7351651684827,0.20893254029079253,0.0007964414934209985,148.4899419682645,2.2759015303151187,0.0028043598806003914
6.98,2.6840274508267483,757.7354841767446,0.20893536058943332,0.0007944218760800119,148.49203419914087,2.2724929105670855,0.002800669559370765
6.985,2.684742075695718,757.735794214753,0.20893817226073394,0.0007924083504679789,148.49411828938602,2.269089839229477,0.002796983445326977
6.99,2.685449407281421,757.736095270293,0.20894097535305897,0.0007904008819195028,148.49619490387252,2.2656922994594866,0.002793301536279974
6.995,2.6861494177234473,757.7363873315262,0.2089437699144768,0.0007883994359747705,148.49826483167936,2.262300274408555,0.0027896238300213864
7.0,2.6868420794087897,757.736670386909,0.20894655599284093,0.0007864039783852965,148.5003275831303,2.2589137477698764,0.002785950324316744
7.005,2.6875273649225884,757.7369444251448,0.20894933363570595,0.000784414475129753,148.50238236531135,2.255532703564893,0.0027822810169063246
7.01,2.6882052471519455,757.7372094353069,0.2089521028903191,0.0007824308923891467,148.50442875675492,2.2521571257681576,0.002778615905512482
7.015000000000001,2.688875699298631,757.737465406851,0.20895486380363754,0.0007804531965424012,148.50646653639305,2.2487869983422124,0.0027749549878397888
7.0200000000000005,2.6895386948790785,757.737712329615,0.20895761642232819,0.000778481354166359,148.50849568355753,2.245422305237596,0.002771298261575032
7.025,2.690194207724389,757.7379501938188,0.2089603607927678,0.000776515332035779,148.51051637797983,2.2420630303928375,0.0027676457243872156
7.03,2.69084221198033,757.7381789900652,0.20896309696104293,0.0007745550971233378,148.5125289997911,2.2387091577344584,0.0027639973739275593
7.035,2.691482682107334,757.7383987093384,0.20896582497294994,0.0007726006165996299,148.51453412952233,2.235360671176974,0.0027603532078294985
7.04,2.692115592880499,757.7386093430055,0.20896854487399502,0.000770651857833167,148.51653254810404,2.232017554622891,0.0027567132237086853
7.045,2.6927409193720475,757.7388108827873,0.20897125670943897,0.0007687087883904213,148.5185245312674,2.228679792169689,0.002753077419160756
7.05,2.693358636850966,757.7390033206359,0.20897396052431985,0.0007667713760545981,148.52050908432656,2.2253473684384613,0.0027494457917558433
7.055,2.693968720860479,757.739186648837,0.208976656363358,0.0007648395888138822,148.5224856953626,2.2220202680367196,0.0027458183390460123
7.0600000000000005,2.6945711472682063,757.7393608600614,0.2089793442709941,0.0007629133948466619,148.52445405842124,2.2186984755753416,0.0027421950585667996
7.065,2.695165892266272,757.739525947366,0.20898202429138982,0.0007609927625214656,148.5264140672443,2.2153819756701068,0.0027385759478372055
7.07,2.6957529323712985,757.7396819041927,0.20898469646842777,0.0007590776603969601,148.52836581526984,2.2120707529416914,0.002734961004359691
7.075,2.696332244424413,757.7398287243692,0.20898736084571148,0.000757168057221952,148.53030959563205,2.2087647920156734,0.00273135022562018
7.08,2.696903805591243,757.7399664021085,0.2089900174665654,0.000755263921935387,148.53224590116128,2.205464077522529,0.0027277436090880594
7.085,2.6974675933619165,757.7400949320092,0.20899266637403488,0.0007533652236663501,148.53417542438402,2.202168594097634,0.0027241411522161774
7.09,2.6980235855487216,757.7402143090508,0.20899530761089793,0.0007514719317335601,148.53609888483638,2.1988783264199396,0.002720542852440506
7.095,2.6985717602058465,757.740324528488,0.20899794121974438,0.000749584015655042,148.5380155694236,2.1955932595864605,0.002716948707175356
7.1000000000000005,2.69911209561639,757.7404255858492,0.20900056724287178,0.0007477014451570732,148.53992477911916,2.192313378825066,0.0027133587138156528
7.105,2.699644570390647,757.7405174770447,0.2090031857222989,0.0007458241901507757,148.54182612967065,2.1890386693630113,0.0027097728697409516
7.11,2.700169163472153,757.7406001983728,0.20900579669977634,0.000743952220729884,148.54371943390032,2.185769116447762,0.0027061911723154667
7.115,2.7006858541376837,757.740673746519,0.20900840021678652,0.000742085507170746,148.54560470170514,2.1825047053469997,0.0027026136188880736
7.12,2.701194621997254,757.7407381185559,0.20901099631454365,0.0007402240199323231,148.54748214005664,2.179245421348618,0.002699040206792309
7.125,2.701695446994119,757.7407933119442,0.20901358503399378,0.0007383677296561897,148.54935215300114,2.1759912497607248,0.0026954709333463704
7.13,2.702188309404773,757.7408393245317,0.20901616641581477,0.000736516607166534,148.5512153416595,2.172742175911642,0.0026919057958531153
7.135,2.702673189838962,757.7408761545538,0.20901874050041647,0.0007346706234701374,148.55307250165654,2.1694981851503488,0.0026883447916000603
7.140000000000001,2.703150069205148,757.7409038005839,0.20902130732800372,0.0007328297497577361,148.55492359934047,2.166259263036212,0.002684787917857495
7.1450000000000005,2.7036189286148518,757.7409222614276,0.20902386693855268,0.000730993957423812,148.5567677147062,2.163025395385579,0.002681235171876273
7.15,2.7040797494885873,757.7409315362481,0.20902641937175231,0.000729163218047623,148.55860438197007,2.1597965680130002,0.0026776865508924045
7.155,2.704532513587756,757.7409316245968,0.20902896466703377,0.0007273375033837544,148.56043333093373,2.1565727667672303,0.0026741420521277167
7.16,2.7049772030146477,757.7409225264129,0.2090315028635706,0.0007255167853621184,148.56225448698424,2.153353977531228,0.0026706016727898476
7.165,2.7054138002124404,757.7409042420239,0.20903403400027856,0.0007237010360879542,148.5640679710942,2.1501401862221554,0.0026670654100722506
7.17,2.705842287965201,757.7408767721458,0.20903655811581573,0.0007218902278418281,148.56587409982149,2.1469313787913777,0.0026635332611541916
7.175,2.7062626493978845,757.7408401178822,0.20903907524858245,0.0007200843330796332,148.56767338530952,2.1437275412244636,0.002660005223200751
7.18,2.706674867976332,757.7407942807249,0.20904158543672136,0.0007182833244325896,148.5694665352871,2.1405286595411863,0.0026564812933628215
7.1850000000000005,2.7070789275004197,757.7407392625436,0.2090440887181369,0.0007164871747067991,148.57125415481363,2.1373347198366837,0.0026529614687768265
7.19,2.707474812002715,757.7406750654611,0.2090465851305624,0.000714695856896368,148.573035399737,2.1341457084615603,0.0026494457465621978
7.195,2.707862505774842,757.7406016918977,0.20904907471145232,0.0007129093441852106,148.57480964257263,2.130961611798392,0.0026459341238233114
7.2,2.708241993453413,757.7405191446592,0.20905155749800777,0.0007111276099265213,148.5765765184937,2.1277824162676606,0.0026424265976514433
7.205,2.708613260022395,757.7404274269388,0.20905403352718208,0.000709350627641783,148.5783358607281,2.1246081083371333,0.002638923165124787
7.21,2.7089762908131108,757.7403265423173,0.20905650283568072,0.000707578371020767,148.58008770055815,2.1214386745218645,0.0026354238233084553
7.215,2.7093310715042382,757.7402164947629,0.2090589654599613,0.0007058108139215329,148.581832267321,2.118274101384195,0.002631928569254477
7.22,2.7096775881218114,757.7400972886311,0.20906142143623363,0.0007040479303704286,148.5835699884083,2.1151143755337505,0.0026284374000018003
7.2250000000000005,2.710015827039219,757.739968928665,0.20906387080045968,0.0007022896945620901,148.58530148926636,2.111959483627446,0.002624950312576291
7.23,2.7103457749771054,757.7398314199947,0.20906631358835473,0.0007005360808593576,148.5870275777287,2.108809412371099,0.0026214673039907316
7.235,2.7106674189518336,757.7396847680706,0.20906874983545806,0.00069878706379641,148.5887480550849,2.10566414862103,0.0026179883712440706
7.24,2.710980746193897,757.7395289785788,0.20907117957708926,0.0006970426180965177,148.59046202486277,2.1025236793158126,0.0026145135113207324
7.245,2.7112857442641554,757.7393640575722,0.209073602848306,0.0006953027186511736,148.59216901628488,2.0993879914185953,0.0026110427211927696
7.25,2.7115824010759666,757.7391900114882,0.20907601968392742,0.0006935673405133996,148.59386876226017,2.096257071952024,0.002607575997820207
7.255,2.7118707048951873,757.7390068471494,0.2090784301185341,0.0006918364588977461,148.59556119938404,2.0931309079982383,0.002604113338151043
7.26,2.712150644340174,757.7388145717642,0.20908083418646808,0.0006901100491802929,148.59724646793825,2.090009486698874,0.0026006547391212464
7.265000000000001,2.71242220838178,757.7386131929259,0.20908323192183284,0.000688388086898648,148.59892491189112,2.0868927952550616,0.0025972001976547585
7.2700000000000005,2.712685386343358,757.7384027186129,0.20908562335849332,0.0006866705477519488,148.6005970788973,2.083780820927429,0.0025937497106634953
7.275,2.7129401679007605,757.7381831571893,0.20908800853007592,0.0006849574076008614,148.60226372029788,2.0806735510360976,0.0025903032750473425
7.28,2.7131865430695514,757.7379545173862,0.20909038746999467,0.0006832486424675571,148.6039253773251,2.0775709729800425,0.002586860887694195
7.285,2.7134245020926513,757.7377168081739,0.2090927602115126,0.0006815442285501948,148.60558109354204,2.074473074241141,0.002583422545479614
7.29,2.713654035497006,757.737470038834,0.2090951267876303,0.0006798441422195731,148.6072302551809,2.0713798423030187,0.002579988245267269
7.295,2.713875134164999,757.7372142190299,0.20909748723111535,0.0006781483600020479,148.60887250021335,2.0682912647159633,0.0025765579839097824
7.3,2.714087789335282,757.7369493588062,0.20909984157450573,0.0006764568585790471,148.6105076741268,2.065207329100752,0.002573131758248756
7.305,2.714291992602772,757.7366754685895,0.20910218985010987,0.000674769614787072,148.6121358299242,2.0621280231486523,0.002569709565114771
7.3100000000000005,2.7144877359186523,757.7363925591877,0.20910453209000662,0.0006730866056176959,148.6137572281242,2.059053334621422,0.002566291401327384
7.315,2.7146750115903733,757.7361006417905,0.20910686832604528,0.0006714078082175658,148.6153723367611,2.055983251351311,0.002562877263695135
7.32,2.71485381228165,757.7357997279688,0.2091091985898455,0.0006697331998884011,148.61698183138486,2.052917761241057,0.002559467149015539
7.325,2.715024131011239,757.7354898296734,0.2091115229128021,0.0006680627580868042,148.61858652604462,2.049856852265412,0.0025560610540751325
7.33,2.715185961076984,757.7351709591435,0.20911384132616773,0.0006663964604303951,148.62018592624813,2.046800512449911,0.002552658975650214
7.335,2.715339296012793,757.7348431288706,0.20911615386097482,0.0006647342847101025,148.62177920093993,2.0437487297886445,0.002549260910506505
7.34,2.7154841297006467,757.734506351715,0.20911846054801828,0.0006630762088693456,148.62336591556377,2.0407014923364524,0.002545866855399475
7.345,2.715620456381304,757.7341606409134,0.20912076141787228,0.0006614222110004469,148.624945840742,2.0376587882283577,0.002542476807074534
7.3500000000000005,2.715748270654299,757.7338060100791,0.20912305650089047,0.0006597722693446315,148.62651895227546,2.0346206056795637,0.0025390907622670302
7.355,2.715867567477944,757.733442473202,0.20912534582720588,0.0006581263622920291,148.62808543114372,2.031586932985458,0.0025357087177022546
7.36,2.715978342169326,757.7330700446489,0.2091276294267308,0.0006564844683816715,148.62964566350476,2.0285577585216084,0.0025323306700954368
7.365,2.7160805904043093,757.7326887391628,0.20912990732915707,0.0006548465663014938,148.63120024069516,2.0255330707437635,0.002528956616151746
7.37,2.7161743082175343,757.7322985718635,0.20913217956395577,0.0006532126348883345,148.63274995923013,2.0225128581878558,0.002525586552566293
7.375,2.7162594919691974,757.7318995582059,0.20913444616042995,0.0006515826531290522,148.6342949646334,2.0194971094412204,0.002522220476024976
7.38,2.716336138237943,757.7314917138682,0.20913670714772248,0.0006499566001770978,148.63583426426715,2.016485813009409,0.002518858383205345
7.385,2.7164042439252634,757.7310750548673,0.20913896255473166,0.0006483344553388714,148.63736736743544,2.0134789574303493,0.002515500270775471
7.390000000000001,2.7164638062928486,757.7306495975904,0.20914121241014397,0.0006467161980637441,148.6388939831856,2.0104765313310153,0.002512146135394281
7.3950000000000005,2.716514822962584,757.7302153587955,0.2091434567424341,0.0006451018079440547,148.64041401962405,2.0074785234274413,0.002508795973711563
7.4,2.7165572919165513,757.7297723556106,0.20914569557986507,0.0006434912647151081,148.64192758391619,2.00448492252472,0.0025054497823679585
7.405,2.716591211497028,757.729320605535,0.20914792895048806,0.0006418845482551764,148.64343498228655,2.0014957175170016,0.0025021075579949696
7.41,2.7166165804064883,757.7288601264379,0.20915015688214253,0.0006402816385854989,148.6449367200187,1.9985108973874957,0.002498769297214954
7.415,2.716633397707602,757.7283909365593,0.2091523794024562,0.0006386825158702813,148.64643350145528,1.9955304512084713,0.002495434996641129
7.42,2.7166416628142374,757.7279130544975,0.2091545965388641,0.0006370871604164564,148.64792593306515,1.9925543681267417,0.002492104652877977
7.425,2.7166413753816316,757.7274264990893,0.20915680831867778,0.0006354955526853685,148.64941317140614,1.989582637185643,0.002488778262523611
7.43,2.7166325353414544,757.7269312894574,0.20915901476897905,0.0006339076732937498,148.65089459174862,1.986615247386002,0.0024854558221680837
7.4350000000000005,2.7166151429841396,757.7264274450866,0.20916121591664105,0.0006323235029963724,148.65236983225154,1.9836521878232587,0.0024821373283931067
7.44,2.716589198960649,757.7259149858256,0.2091634117883334,0.000630743022685229,148.6538387280039,1.9806934476904585,0.002478822777772125
7.445,2.716554704282473,757.7253939318858,0.2091656024105224,0.0006291662133895321,148.65530131102486,1.9777390162782498,0.0024755121668703153
7.45,2.7165116603216317,757.7248643038422,0.20916778780947093,0.0006275930562757144,148.65675781026366,1.9747888829748845,0.002472205492244587
7.455,2.716460068810672,757.7243261226332,0.2091699680112384,0.0006260235326474288,148.65820865159972,1.971843037266219,0.0024689027504435825
7.46,2.71639993184267,757.72377940956,0.20917214304168086,0.0006244576239455487,148.65965445784255,1.968901468735713,0.0024656039380076774
7.465,2.716331251870719,757.7232241862871,0.20917431292645294,0.0006228953117480503,148.66109601897756,1.9659641670629346,0.0024623090514690285
7.47,2.7162540316409984,757.7226604747632,0.209176477691081,0.0006213365777739431,148.6625330491979,1.9630311218746002,0.002459018087354083
7.4750000000000005,2.7161682741267765,757.7220882971656,0.20917863736091197,0.000619781403897324,148.66396469244515,1.9601023226320673,0.0024557310421837795
7.48,2.7160739826454443,757.7215076760147,0.20918079196107864,0.0006182297721286107,148.6653904854913,1.9571777588756647,0.002452447912471448
7.485,2.715971160873949,757.7209186341854,0.20918294151651778,0.0006166816646098908,148.66681016917448,1.9542574202511682,0.0024491686947229895
7.49,2.715859812848796,757.7203211949077,0.20918508605197034,0.0006151370636149231,148.66822368839922,1.9513412965098038,0.0024458933854368766
7.495,2.715739942966047,757.7197153817658,0.20918722559198122,0.0006135959515491372,148.66963119213642,1.948429377508247,0.002442621981104155
7.5,2.7156115559813236,757.7191012186989,0.20918936016089945,0.0006120583109496334,148.6710330334232,1.9455216532086221,0.002439354478208442
7.505,2.715474657009803,757.7184787300008,0.2091914897828781,0.000610524124485183,148.67242976936313,1.942618113678503,0.002436090873225928
7.51,2.715329251526221,757.7178479403198,0.20919361448187437,0.0006089933749562281,148.67382216112603,1.939718749090912,0.002432831162625375
7.515000000000001,2.715175345344241,757.7172088746344,0.20919573428168045,0.0006074660452952374,148.67521067539658,1.9368235496626103,0.0024295753428692315
7.5200000000000005,2.715012944497528,757.7165615581309,0.20919784920597814,0.0006059421185802344,148.67659432651638,1.9339325053630203,0.002426323410417231
7.525,2.7148420553212014,757.7159060162949,0.20919995927823223,0.0006044215780287058,148.6779725037149,1.9310456061594956,0.002423075361722728
7.53,2.7146626845073754,757.7152422749563,0.2092020645217164,0.0006029044069847138,148.67934483842245,1.9281628421316934,0.0024198311932324182
7.535,2.7144748391052325,757.7145703602897,0.20920416495951527,0.0006013905889186865,148.68071117852014,1.925284203470806,0.002416590901386384
7.54,2.7142785265210243,757.7138902988146,0.20920626061452424,0.0005998801074274177,148.6820715883398,1.922409680479561,0.002413354482618092
7.545,2.714073754518071,757.7132021173946,0.2092083515094497,0.0005983729462340665,148.68342634866409,1.9195392635722213,0.002410121933354396
7.55,2.713860531216762,757.7125058432382,0.20921043766680877,0.0005968690891881577,148.68477595672655,1.9166729432745853,0.002406893250015535
7.555,2.7136388650945555,757.7118015038981,0.2092125191089296,0.0005953685202655815,148.68612112621148,1.913810710223987,0.002403668429015133
7.5600000000000005,2.713408764982682,757.7110891272678,0.20921459585795826,0.0005938712235684722,148.6874626768715,1.9109525551563729,0.0024004474667604467
7.565,2.7131702399720874,757.7103687414804,0.20921666793594734,0.0005923771833321615,148.68879998197693,1.9080984686144318,0.0023972303596566163
7.57,2.7129232994031303,757.7096403749104,0.20921873536476834,0.0005908863839323692,148.69013220368365,1.9052484409892592,0.002394017104105054
7.575,2.7126679529647113,757.7089040562636,0.20922079816609732,0.0005893988098682295,148.6914588893002,1.9024024627843779,0.002390807696501116
7.58,2.7124042106988933,757.7081598145792,0.20922285636142812,0.0005879144457601997,148.6927798076537,1.8995605246189542,0.0023876021332343293
7.585,2.7121320830009017,757.707407679229,0.20922490997207238,0.0005864332763500604,148.69409494908984,1.8967226172277991,0.0023844004106883926
7.59,2.7118515806191237,757.7066476799187,0.20922695901915947,0.000584955286500915,148.6954045254729,1.8938887314613666,0.002381202525241176
7.595,2.71156271465511,757.7058798466862,0.20922900352363652,0.0005834804611971903,148.69670897018563,1.8910588582857553,0.00237800847326472
7.6000000000000005,2.711265496563573,757.7051042099033,0.20923104350626848,0.0005820087855446362,148.69800893812936,1.8882329887827072,0.002374818251125237
7.605,2.710959938152227,757.7043208002743,0.20923307898763857,0.0005805402447703013,148.69930529706372,1.885411114148767,0.0023716318551831287
7.61,2.710646051524676,757.7035296487743,0.20923510998822287,0.0005790748242251193,148.70059789248634,1.882593225485659,0.0023684492817962286
7.615,2.710323849006133,757.7027307865845,0.2092371365283613,0.0005776125093963218,148.70188574068717,1.8797793136221517,0.0023652705273212934
7.62,2.709993343253755,757.7019242451971,0.20923915862819384,0.0005761532858927096,148.70316835922685,1.8769693694768441,0.0023620955881098224
7.625,2.7096545472729168,757.7011100564249,0.2092411763076857,0.0005746971394395726,148.70444547825065,1.8741633840876262,0.002358924460508226
7.63,2.709307474417213,757.7002882524016,0.2092431895866274,0.0005732440558786897,148.70571704048834,1.8713613486116785,0.002355757140857826
7.635,2.7089521383884563,757.6994588655817,0.2092451984846346,0.000571794021168329,148.7069832012543,1.8685632543254718,0.0023525936254948565
7.640000000000001,2.708588553236679,757.6986219287409,0.20924720302114824,0.0005703470213832472,148.70824432844748,1.8657690926247676,0.002349433910750463
7.6450000000000005,2.7082167333601324,757.6977774749749,0.20924920321543455,0.0005689030427146911,148.70950100255138,1.862978855024619,0.002346277992950704
7.65,2.7078366935052864,757.6969255377014,0.2092511990865849,0.0005674620714703956,148.7107540166341,1.8601925331593683,0.002343125868416548
7.655,2.7074484487344215,757.6960661506221,0.20925319065356476,0.0005660240940752866,148.71200358892506,1.8574101186485326,0.0023399775334660136
7.66,2.707052014322418,757.6951993476289,0.20925517793523757,0.00056458909708406,148.71324871602764,1.854631602767444,0.0023368329844180706
7.665,2.7066474058538885,757.6943251628991,0.20925716095026867,0.0005631570671715961,148.71448890045573,1.8518569768317326,0.002333692217587578
7.67,2.706234639255946,757.6934436309176,0.20925913971715598,0.0005617279911245623,148.71572384790883,1.8490862322814767,0.0023305552292849814
7.675,2.7058137307981833,757.6925547864774,0.20926111425423022,0.0005603018558413973,148.71695346426418,1.8463193606809924,0.002327422015816323
7.68,2.7053846970926707,757.6916586646792,0.20926308457965476,0.0005588786483323111,148.71817785557653,1.8435563537188329,0.0023242925734832365
7.6850000000000005,2.704947555093959,757.6907553009314,0.20926505071142582,0.0005574583557192844,148.71939732807837,1.8407972032077888,0.0023211668985829506
7.69,2.7045023220990765,757.6898447309507,0.20926701266737233,0.00055604096523607,148.72061238817977,1.8380419010848899,0.002318044987408288
7.695,2.7040490157475316,757.6889269907612,0.20926897046515597,0.0005546264642281917,148.72182374246847,1.8352904394114011,0.002314926836247664
7.7,2.7035876540069803,757.6880021166786,0.20927092412229523,0.000553214840152781,148.72303192188858,1.8325428103053296,0.0023118124413862044
7.705,2.703118255062782,757.687070145205,0.20927287365622957,0.0005518060805885909,148.72423605255634,1.8297990055196276,0.002308701799111337
7.71,2.702640837375526,757.6861311130915,0.2092748190842154,0.0005504001732343351,148.72543554079564,1.827059016740156,0.0023055949057082708
7.715,2.7021554197411746,757.6851850573836,0.20927676042334542,0.0005489971058962256,148.7266300335081,1.8243228357840278,0.0023024917574583784
7.72,2.70166202129143,757.6842320154204,0.20927869769055166,0.0005475968664875958,148.72781937783037,1.8215904545985873,0.002299392350639264
7.7250000000000005,2.701160661493733,757.6832720248352,0.20928063090260557,0.0005461994430289006,148.72900362113415,1.8188618652614088,0.002296296681524759
7.73,2.7006513601512636,757.6823051235548,0.20928256007611795,0.0005448048236477175,148.73018301102624,1.816137059980299,0.0022932047463849283
7.735,2.7001341374029413,757.6813313497998,0.2092844852275391,0.0005434129965787447,148.7313579953484,1.8134160310932943,0.0022901165414860635
7.74,2.699609013723424,757.6803507420852,0.2092864063731585,0.0005420239501638027,148.7325292221775,1.8106987710686617,0.002287032063090687
7.745,2.699076009920622,757.6793633392164,0.2092883235291103,0.0005406376728516607,148.73369746319133,1.8079852724908603,0.0022839513074577934
7.75,2.6985351470495873,757.6783691802038,0.20929023671145308,0.000539254153202674,148.73486225334636,1.805275527670426,0.002280874270848463
7.755,2.6979864463920578,757.6773683042577,0.209292145936103,0.0005378733798969314,148.73602277266806,1.8025695286548362,0.0022778009495247743
7.76,2.697429929552077,757.676360750865,0.20929405121880967,0.0005364953417193772,148.73717855211768,1.7998672676172782,0.0022747313397455224
7.765000000000001,2.696865618461239,757.6753465597914,0.20929595257516723,0.000535120027557535,148.73832934032487,1.7971687368654263,0.002271665437766358
7.7700000000000005,2.696293535378687,757.6743257710809,0.20929785002061468,0.0005337474264015086,148.7394751035876,1.7944739288414455,0.0022686032398397883
7.775,2.6957137028911142,757.673298425056,0.20929974357043582,0.0005323775273439809,148.74061602587238,1.791782836121986,0.0022655447422151756
7.78,2.6951261439127623,757.6722645623181,0.20930163323975914,0.0005310103195802148,148.74175250881393,1.7890954514181883,0.0022624899411387367
7.785,2.6945308816854245,757.6712242237464,0.2093035190435579,0.0005296457924080524,148.74288517171544,1.7864117675756792,0.002259438832853546
7.79,2.6939279397784417,757.6701774504992,0.2093054009966501,0.0005282839352279159,148.74401485154849,1.783731777574575,0.0022563914135995317
7.795,2.6933173420483407,757.6691242839717,0.20930727911375008,0.0005269247375437834,148.7451417718369,1.7810554743193254,0.002253347679616619
7.8,2.6926991125442616,757.6680647657165,0.20930915340949757,0.000525568188973944,148.74626485289753,1.7783828502595846,0.002250307627149393
7.805000000000001,2.692073275612234,757.6669989375391,0.20931102389835757,0.0005242142792416418,148.74738349729094,1.775713897922994,0.002247271252440022
7.8100000000000005,2.6914398559161294,757.6659268415067,0.20931289059464447,0.0005228629981683461,148.74849734719018,1.7730486099721694,0.002244238551728161
7.815,2.6907988784376182,757.6648485199481,0.20931475351252252,0.0005215143356737424,148.74960628261897,1.7703869792044153,0.0022412095212509583
7.82,2.690150368476175,757.6637640154544,0.2093166126660055,0.0005201682817757345,148.7507104214518,1.7677289985517275,0.0022381841572430565
7.825,2.689494351649073,757.662673370878,0.20931846806895704,0.000518824826590443,148.75181011941388,1.765074661080791,0.002235162455936591
7.83,2.6888308538913877,757.6615766293335,0.20932031973509038,0.0005174839603322058,148.75290597008106,1.7624239599929825,0.002232144413561191
7.835,2.6881599014559967,757.6604738341971,0.2093221676779685,0.0005161456733135786,148.75399880488,1.759776888624368,0.002229130026343979
7.84,2.6874815208966263,757.6593650290896,0.20932401191103164,0.0005148099559454742,148.75508925546484,1.7571334403510754,0.0022261192905109976
7.845,2.6867957389618167,757.6582502577824,0.2093258524476827,0.0005134767987452272,148.75617624435506,1.7544936080857585,0.0022231122022940094
7.8500000000000005,2.686102582665285,757.6571295642669,0.20932768930115736,0.0005121461923341123,148.75725907929416,1.7518573847133259,0.0022201087579242058
7.855,2.6854020793284477,757.6560029927805,0.20932952248454284,0.0005108181274277329,148.75833736477867,1.7492247632580482,0.0022171089536307596
7.86,2.684694256579732,757.6548705878049,0.20933135201078212,0.000509492594835727,148.75941094176417,1.746595736876969,0.0022141127856409536
7.865,2.6839791423545742,757.6537323940665,0.2093331778926739,0.0005081695854617679,148.7604798876652,1.743970298859905,0.002211120250180184
7.87,2.6832567648954204,757.652588456536,0.2093350001428726,0.0005068490903035641,148.76154451635546,1.7413484426294485,0.0022081313434719582
7.875,2.682527152751726,757.6514388204287,0.2093368187738884,0.000505531100452859,148.76260537816756,1.738730161740964,0.0022051460617378976
7.88,2.681790334779955,757.6502835312043,0.2093386337980873,0.0005042156070954312,148.76366325989318,1.7361154498825913,0.0022021644011977343
7.885,2.68104634013183,757.6491226345549,0.2093404452277133,0.0005029026015109773,148.76471883452567,1.7335043008080304,0.00219918635807034
7.890000000000001,2.680295198156929,757.6479561763201,0.20934225307497814,0.0005015920750796197,148.7657711238267,1.730896707847635,0.002196211928580403
7.8950000000000005,2.679536938452319,757.6467842025382,0.20934405735193565,0.0005002840192818281,148.76681946804754,1.728292664244786,0.0021932411089534264
7.9,2.678771590911163,757.645606759476,0.20934585807049697,0.0004989784256884697,148.76786350325165,1.72569216338093,0.0021902738954134447
7.905,2.677999185722376,757.6444238936268,0.20934765524243606,0.0004976752859603509,148.76890308024397,1.7230951987706544,0.002187310284183153
7.91,2.677219753370622,757.6432356517113,0.20934944887938992,0.000496374591848218,148.76993826457087,1.720501764061688,0.002184350271483905
7.915,2.676433324636317,757.6420420806767,0.2093512389928584,0.0004950763351927557,148.7709693365202,1.7179118530349002,0.0021813938535357137
7.92,2.675639930595626,757.6408432276972,0.20935302559420435,0.0004937805079245885,148.77199679112132,1.7153254596043015,0.0021784410265572513
7.925,2.674839602620466,757.6396391401745,0.20935480869465348,0.00049248710206428,148.773021338145,1.7127425778170426,0.0021754917867658485
7.930000000000001,2.6740323723681874,757.6384298657257,0.20935658830531445,0.0004911961097219959,148.77404359664226,1.7101632017934916,0.002172546130378427
7.9350000000000005,2.673218271689064,757.6372154521058,0.2093583644372587,0.0004899075231033085,148.77506272385708,1.7075873252378055,0.0021696040536181935
7.94,2.672397332666722,757.6359959472511,0.20936013710141146,0.0004886213345102874,148.7760781018375,1.7050149417250746,0.0021666655527102833
7.945,2.6715695876686425,757.6347713993079,0.20936190630856277,0.00048733753633133396,148.77708937796038,1.7024460449689316,0.002163730623878883
7.95,2.670735069346282,757.6335418566309,0.2093636720693724,0.0004860561210406747,148.77809639977892,1.6998806288205417,0.0021607992633473016
7.955,2.6698938106350694,757.6323073677846,0.20936543439436975,0.0004847770811983603,148.7790992150226,1.6973186872686037,0.0021578714673379717
7.96,2.669045844754407,757.6310679815418,0.20936719329395398,0.00048350040945026605,148.78009807159728,1.6947602144393492,0.002154947232072448
7.965,2.668191205207672,757.6298237468845,0.2093689487783939,0.0004822260985280919,148.78109341758514,1.692205204596542,0.002152026553771408
7.97,2.6673299257822136,757.6285747130036,0.209370700857828,0.0004809541412493623,148.78208590124467,1.6896536521414791,0.0021491094286546523
7.9750000000000005,2.6664620405440735,757.6273209292929,0.20937244954227435,0.0004796845305170968,148.7830762237194,1.6871055515805686,0.0021461958529416163
7.98,2.6655875837527363,757.626062445277,0.2093741948417128,0.0004784172593235131,148.78406378021458,1.6845608970335038,0.0021432858228582477
7.985,2.664706589874166,757.6247993106344,0.20937593676600294,0.0004771523207547182,148.7850478452171,1.6820196823758353,0.002140379334634453
7.99,2.663819093644349,757.6235315752357,0.20937767532487186,0.0004758897079796249,148.7860279938573,1.6794819016212188,0.002137476384499638
7.995,2.662925130070342,757.6222592891407,0.20937941052792156,0.00047462941424881885,148.787004012862,1.6769475489258538,0.0021345769686827634
8.0,2.6620247344302728,757.6209825026,0.20938114238462888,0.0004733714328945587,148.78797590055456,1.6744166185884846,0.0021316810834123455
8.005,2.66111794227334,757.6197012660532,0.2093828709043454,0.0004721157573307757,148.78894386685462,1.6718891050503983,0.002128788724916453
8.01,2.6602047894198146,757.6184156301305,0.20938459609629764,0.00047086238105307517,148.78990833327845,1.6693650028954292,0.002125899889422712
8.015,2.659285311961036,757.6171256456518,0.20938631796958682,0.0004696112976387338,148.7908699329386,1.6668443068499517,0.0021230145731582985
8.02,2.658359546258997,757.6158313636262,0.20938803653318994,0.0004683625007466624,148.7918294983653,1.6643270117800575,0.0021201327723499933
8.025,2.6574275288871188,757.6145328351995,0.2093897517960325,0.00046711598411812205,148.79278691218292,1.6618131123133641,0.002117254483229612
8.03,2.6564892965877163,757.6132301116346,0.2093914637669724,0.00046587174158457394,148.7937412006285,1.6593026026341744,0.0021143797020362538
8.035,2.6555448863552966,757.6119232443676,0.20939317245473119,0.00046462976705836657,148.79469179557626,1.6567954770457585,0.00211150842500905
8.040000000000001,2.65459433544101,757.6106122850042,0.209394877867909,0.00046339005452941635,148.7956383716931,1.6542917299938027,0.0021086406483871614
8.045,2.6536376813526465,757.6092972853198,0.20939658001498465,0.00046215259806520594,148.7965808464384,1.6517913560664068,0.002105776368409774
8.05,2.652674961854636,757.6079782972598,0.2093982789043156,0.00046091739181078307,148.79751938006416,1.6492943499940818,0.0021029155813160963
8.055,2.6517062149680513,757.606655372939,0.20939997454413778,0.0004596844299887638,148.79845437561497,1.6468007066497554,0.002100058283345366
8.06,2.6507314789706036,757.605328564642,0.20940166694256593,0.0004584537068993286,148.79938647892794,1.6443104210487662,0.0020972044707368433
8.065,2.6497507923966466,757.603997924823,0.20940335610759325,0.00045722521692022637,148.80031657863285,1.6418234883488694,0.002094354139729817
8.07,2.6487641940078546,757.60266350608,0.20940504204713806,0.00045599895450673927,148.80124508691415,1.6393399036504999,0.00209150728656648
8.075,2.64777172271219,757.6013253610986,0.2094067247691081,0.00045477491419767505,148.80217081745994,1.6368596614939475,0.002088663907498651
8.08,2.646773417647974,757.599983542718,0.2094084042812699,0.00045355309061126517,148.803093101412,1.634382756487397,0.00208582399877912
8.085,2.6457693181950535,757.5986381039266,0.20941008059127217,0.000452333478439372,148.80401154398498,1.6319091833785593,0.0020829875566611674
8.09,2.644759463974419,757.5972890978622,0.20941175370664672,0.0004511160724474374,148.8049260099078,1.6294389370519218,0.0020801545773986045
8.095,2.643743894848203,757.5959365778111,0.20941342363480855,0.00044990086747448145,148.80583662342355,1.626972012528743,0.0020773250572457725
8.1,2.6427226509196813,757.594580597209,0.20941509038305578,0.00044868785843310544,148.80674376828964,1.624508404967062,0.002074498992457546
8.105,2.6416957725332737,757.5932212096399,0.2094167539585697,0.0004474770403094886,148.80764808777766,1.6220481096616886,0.002071676379289329
8.11,2.6406633002745417,757.5918584688374,0.20941841436841477,0.00044626840816339126,148.80855048467345,1.619591122044212,0.0020688572139970587
8.115,2.6396252749469107,757.5904924286633,0.209420071619584,0.00044506195712790483,148.8094514225893,1.6171374375232996,0.0020660414928395095
8.120000000000001,2.638581737495863,757.5891231430581,0.20942172571907244,0.0004438576824142543,148.81034969489622,1.614687050987885,0.0020632292120849934
8.125,2.637532729080647,757.5877506660953,0.20942337667373448,0.0004426555793091119,148.8112446890669,1.6122399573627868,0.002060420368003668
8.13,2.6364782910864317,757.5863750519771,0.20942502449031275,0.0004414556431689081,148.81213605711855,1.6097961517082193,0.002057614956866619
8.135,2.635418465123802,757.5849963550345,0.20942666917543976,0.00044025786941975564,148.81302369021026,1.6073556292164017,0.002054812974945919
8.14,2.6343532930287585,757.5836146297266,0.20942831073563795,0.00043906225355744586,148.813907718643,1.6049183852115514,0.002052014418514623
8.145,2.6332828168627196,757.5822299306413,0.20942994917731972,0.00043786879114745213,148.81478851185963,1.6024844151498905,0.0020492192838467756
8.15,2.632207078912518,757.5808423124946,0.20943158450678737,0.0004366774778249265,148.81566667844493,1.600053714619639,0.0020464275672174015
8.155,2.6311261216904045,757.5794518301309,0.20943321673023318,0.00043548830929470306,148.81654306612546,1.5976262793410225,0.002043639264902515
8.16,2.6300399879023573,757.5780585384961,0.20943484585380154,0.00043430128133064834,148.8174178154646,1.5952021049522216,0.002040854373182211
8.165000000000001,2.6289487203927924,757.5766624926094,0.20943647188361203,0.00043311638978106034,148.81828989807164,1.5927811866218813,0.0020380728883457326
8.17,2.6278523622094747,757.5752637476045,0.20943809482565448,0.00043193363056427523,148.8191588260801,1.5903635195737602,0.0020352948066843933
8.175,2.626750956609803,757.5738623587229,0.2094397146858159,0.0004307529996643861,148.82002432258662,1.5879490991647076,0.002032520124490833
8.18,2.625644547060809,757.572458381314,0.20944133146988062,0.0004295744931312448,148.8208863213605,1.585537920884635,0.0020297488380590246
8.185,2.624533177239153,757.5710518708355,0.20944294518353015,0.0004283981070804587,148.82174496684368,1.58312998035651,0.002026980943684265
8.19,2.6234168910311273,757.5696428828528,0.20944455583234337,0.00042722383769339367,148.8226006141509,1.5807252733363633,0.0020242164376631858
8.195,2.6222957325326526,757.5682314730393,0.2094461634217963,0.00042605168121717126,148.8234538290694,1.5783237957132816,0.0020214553162937413
8.2,2.621169746049199,757.5668176971761,0.20944776795726255,0.0004248816339646567,148.8243053847378,1.5759255435089827,0.002018697575875228
8.205,2.6200389760578564,757.565401611121,0.20944936944407794,0.00042371369231336493,148.82515528930236,1.573530512615375,0.0020159432127120664
8.21,2.6189034671654254,757.5639832707953,0.20945096788754103,0.0004225478527114974,148.82600266012733,1.5711386984498443,0.0020131922231182028
8.215,2.617763264167803,757.562562732215,0.20945256329283662,0.000421384111672526,148.82684700843114,1.5687500964922902,0.002010444603409961
8.22,2.6166184120540446,757.5611400514828,0.2094541556650526,0.0004202224657716485,148.82768805413005,1.566364702360697,0.002007700349905258
8.225,2.615468956006371,757.5597152847881,0.20945574500917977,0.00041906291164579113,148.82852572583815,1.5639825118111417,0.0020049594589236107
8.23,2.6143149414001616,757.5582884884078,0.20945733133011193,0.0004179054459936055,148.82936016086734,1.5616035207377856,0.0020022219267861294
8.235,2.6131564138039596,757.556859718705,0.20945891463264596,0.00041675006557547167,148.8301917052273,1.5592277251728823,0.0019994877498155234
8.24,2.6119934189794676,757.5554290321304,0.2094604949214817,0.00041559676721349516,148.8310209136255,1.55685512128677,0.0019967569243360948
8.245000000000001,2.610826002881551,757.553996485221,0.2094620722012219,0.0004144455477915094,148.8318485494674,1.554485705387878,0.0019940294466737453
8.25,2.6096542116300814,757.5525621345778,0.2094636464764178,0.00041329640425396815,148.8326749143762,1.5521194737126336,0.0019913053131590014
8.255,2.608478091454049,757.5511260368423,0.20946521775161564,0.00041214933361030697,148.83349904704434,1.5497564219405031,0.001988584520133494
8.26,2.6072976887541803,757.5496882487344,0.20946678603125493,0.0004110043329324793,148.83432033429114,1.5473965457824934,0.001985867063941899
8.265,2.6061130501067185,757.5482488270384,0.2094683513196817,0.00040986139935007343,148.8351384037044,1.5450398410897148,0.0019831529409307684
8.27,2.6049242222633455,757.5468078286043,0.2094699136211488,0.00040872053005030096,148.83595312108258,1.5426863038529455,0.001980442147448544
8.275,2.6037312521511784,757.5453653103466,0.20947147293981583,0.0004075817222779933,148.83676459043477,1.5403359302026243,0.001977734679845552
8.28,2.602534186872771,757.543921329245,0.20947302927974917,0.00040644497333560515,148.83757315398057,1.5379887164088573,0.0019750305344740076
8.285,2.6013330737061136,757.5424759423438,0.20947458264492194,0.00040531028058321127,148.8383793921503,1.5356446588814117,0.00197232970768801
8.290000000000001,2.600127960104634,757.5410292067527,0.20947613303921409,0.00040417764143850905,148.83918412358483,1.5333037541697212,0.001969632195843548
8.295,2.598918893683762,757.5395811796353,0.20947768046643755,0.0004030470533761877,148.839988032656,1.5309659988537165,0.001966937995300063
8.3,2.597705922152758,757.5381319181729,0.20947922493043672,0.00040191851392931937,148.8407901150794,1.5286313889339025,0.0019642471024288585
8.305,2.596489093369759,757.5366814796068,0.20948076643496227,0.0004007920206907097,148.84158957468924,1.5262999203564558,0.0019615595136056965
8.31,2.595268455351366,757.5352299212232,0.20948230498367118,0.00039966757130701665,148.8423859410583,1.52397158921117,0.001958875225208424
8.315,2.5940440562709535,757.5337773003507,0.2094838405801308,0.00039854516347844664,148.84317901345867,1.521646391721485,0.001956194233617143
8.32,2.5928159444586636,757.5323236743609,0.2094853732278188,0.00039742479495875145,148.84396886086185,1.5193243242444803,0.001953516535214199
8.325,2.5915841684014103,757.5308691006678,0.20948690293012312,0.0003963064635552312,148.84475582193872,1.5170053832708812,0.0019508421263841932
8.33,2.5903487767428772,757.5294136367285,0.20948842969034218,0.00039519016712873166,148.84554050505957,1.5146895654250527,0.00194817100351397
8.335,2.5891098182835184,757.5279573400422,0.2094899535116846,0.00039407590359364633,148.84632378829406,1.512376867465006,0.001945503162992628
8.34,2.587867341970873,757.526500268144,0.20949147439729324,0.00039296367091738466,148.84710646781554,1.5100672862012288,0.0019428386012126742
8.345,2.5866213968382463,757.5250424785736,0.20949299235036362,0.00039185346712063786,148.84788745829118,1.5077608179193247,0.0019401773145780229
8.35,2.5853720320503477,757.5235840289102,0.2094945073739988,0.00039074529027933937,148.84866595599695,1.5054574588261347,0.001937519299497687
8.355,2.584119296912251,757.5221249767575,0.20949601947121105,0.00038963913851938596,148.84944152247797,1.5031572052671245,0.0019348645523830743
8.36,2.5828632408670775,757.5206653797396,0.2094975286449288,0.0003885350100162312,148.85021398152364,1.5008600537132797,0.0019322130696482014
8.365,2.5816039134959934,757.5192052955019,0.20949903489799693,0.0003874329029948821,148.8509834191676,1.4985660007610988,0.001929564847709687
8.370000000000001,2.580341364518214,757.5177447817106,0.20950053823317663,0.00038633281572990206,148.85175018368753,1.4962750431325997,0.0019269198829867582
8.375,2.579075643791002,757.5162838960526,0.20950203865314534,0.00038523474654540967,148.85251488560547,1.493987177675317,0.001924278171901247
8.38,2.5778068013096647,757.5148226962363,0.20950353616049697,0.00038413869381507734,148.85327839768757,1.491702401362299,0.0019216397108775883
8.385,2.576534887190575,757.5133612399785,0.20950503075778762,0.0003830446559610596,148.85404118031704,1.4894207111510593,0.0019190044963448374
8.39,2.5752599516268155,757.5118995849932,0.2095065224476132,0.00038195263145508843,148.85480209434985,1.4871421035065682,0.0019163725247432015
8.395,2.573982044933598,757.5104377890148,0.20950801123246612,0.000380862618818793,148.85556056143292,1.4848665748973862,0.0019137437925171624
8.4,2.5727012175461956,757.5089759097775,0.209509497114761,0.0003797746166194699,148.8563162558384,1.4825941219170553,0.0019111182961140194
8.405,2.5714175200194593,757.5075140050157,0.20951098009683652,0.0003786886234700052,148.85706908102432,1.4803247412816858,0.0019084960319839352
8.41,2.570131003027818,757.5060521324633,0.2095124601809553,0.0003776046380288714,148.85781916963452,1.4780584298299497,0.0019058769965799287
8.415000000000001,2.568841717365278,757.5045903498539,0.20951393736930388,0.00037652265900013036,148.85856688349875,1.4757951845230874,0.0019032611863578808
8.42,2.567549713945424,757.5031287149208,0.2095154116639928,0.00037544268513343157,148.85931281363267,1.4735350024449045,0.0019006485977765327
8.425,2.5662550438013048,757.5016672853969,0.20951688306705685,0.0003743647152239943,148.86005777587786,1.4712778808012372,0.0018980392272974899
8.43,2.5649577580552676,757.5002061189949,0.2095183515805284,0.0003732887481104866,148.8608017507358,1.4690238166622032,0.0018954330713888902
8.435,2.5636579079037287,757.4987452734233,0.20951981720643753,0.00037221478267823515,148.86154382134578,1.466772806651453,0.0018928301265295287
8.44,2.5623555446487245,757.4972848063843,0.20952127994672695,0.0003711428178567075,148.8622835032738,1.4645248474535701,0.0018902303892019785
8.445,2.5610507196931094,757.4958247755583,0.2095227398032699,0.0003700728526169116,148.86302052685033,1.462279935878528,0.0018876338558918195
8.45,2.5597434845405633,757.4943652386041,0.20952419677787004,0.000369004885971399,148.8637548371702,1.4600380688616947,0.001885040523087645
8.455,2.558433890795583,757.4929062531585,0.2095256508722615,0.000367938916974262,148.8644865940927,1.4577992434638285,0.0018824503872810548
8.46,2.5571219901634894,757.4914478768369,0.20952710208810882,0.0003668749447211359,148.86521617224156,1.4555634568710818,0.0018798634449666617
8.465,2.5558078344504245,757.4899901672326,0.20952855042700708,0.0003658129683491983,148.86594416100488,1.4533307063949996,0.0018772796926420881
8.47,2.554491475563004,757.4885331819169,0.20952999589048252,0.00036475298703711874,148.86667135421524,1.451100989470655,0.0018746991268079923
8.475,2.5531729654747135,757.4870769784192,0.20953143848006675,0.0003636950000024714,148.86739769018706,1.4488743033378453,0.0018721217439725752
8.48,2.5518523562221023,757.485621614254,0.20953287819729213,0.0003626390065051456,148.8681222608711,1.4466506447818313,0.0018695475406550032
8.485,2.5505296999296294,757.4841671469079,0.209534315043614,0.00036158500584469684,148.8688445256006,1.4444300106672419,0.0018669765133781638
8.49,2.549205048802969,757.4827136338237,0.20953574902042252,0.00036053299735806647,148.86956417823038,1.4422123979862687,0.0018644086586680857
8.495000000000001,2.5478784551290112,757.4812611324005,0.20953718012904263,0.0003594829804195837,148.87028114713715,1.4399978038586703,0.0018618439730539473
8.5,2.546549971275862,757.4798096999939,0.2095386083707341,0.00035843495444096493,148.87099559521923,1.437786225531771,0.0018592824530680734
8.505,2.5452196496928425,757.4783593939155,0.20954003374669153,0.00035738891887131247,148.87170791989672,1.4355776603804582,0.0018567240952459315
8.51,2.5438875429104915,757.4769102714334,0.20954145625804424,0.00035634487319711707,148.87241875311145,1.4333721059071867,0.0018541688961261394
8.515,2.542553703540561,757.4754623897718,0.20954287590585643,0.000355302816942255,148.87312896132693,1.4311695597419742,0.0018516168522504576
8.52,2.541218184249684,757.4740158060972,0.20954429269119196,0.0003542627496656357,148.87383872386138,1.4289700193635109,0.0018490679601677192
8.525,2.5398810377462357,757.4725705775393,0.20954570661515198,0.0003532246709626231,148.87454695027148,1.426773481731232,0.001846522216438842
8.53,2.538542316811643,757.471126761186,0.20954711767876055,0.00035218858046477675,148.8752529916286,1.4245799438867686,0.001843979617628555
8.535,2.537202074288324,757.4696844140597,0.2095485258829798,0.00035115447783685906,148.87595646747994,1.4223894029946864,0.001841440160304932
8.540000000000001,2.5358603630796916,757.4682435931168,0.2095499312287102,0.0003501223627768378,148.8766572658409,1.4202018563424907,0.0018389038410393994
8.545,2.5345172361501516,757.4668043552485,0.20955133371679036,0.0003490922350158847,148.87735554319534,1.4180173013406225,0.0018363706564067319
8.55,2.5331727465251013,757.46536675728,0.209552733347997,0.00034806409431837476,148.8780517244955,1.415835735522458,0.00183384060298505
8.555,2.531826947290933,757.463930855971,0.20955413012304525,0.00034703794048188857,148.8787465031619,1.413657156544313,0.0018313136773558275
8.56,2.53047989159503,757.4624967080155,0.20955552404258826,0.0003460137733372093,148.87944084108352,1.4114815621854362,0.0018287898761038832
8.565,2.529131632624938,757.4610643700329,0.20955691510728594,0.0003449915927461779,148.88013499384036,1.409308950102417,0.0018262691958208308
8.57,2.5277822235945395,757.4596338985883,0.20955830331785905,0.0003439713986017542,148.8808277094754,1.407139317439713,0.0018237516331104384
8.575000000000001,2.526431717773335,757.4582053501861,0.2095596886749459,0.0003429531908289719,148.8815183404406,1.4049726614299207,0.0018212371845803344
8.58,2.525080168471812,757.4567787812437,0.20956107117912778,0.00034193696938196867,148.88220651658523,1.4028089794203218,0.0018187258468417198
8.585,2.523727629041375,757.455354248092,0.2095624508309295,0.00034092273424397575,148.8828921424042,1.40064826887238,0.0018162176165093713
8.59,2.5223741528743484,757.453931806975,0.20956382763081904,0.0003399104854273205,148.8835753970381,1.3984905273617456,0.0018137124902016491
8.595,2.5210197934039735,757.4525115140498,0.20956520157920785,0.0003389002229734235,148.88425673427332,1.3963357525782505,0.0018112104645404885
8.6,2.519664604104413,757.451093425387,0.20956657267645062,0.00033789194695280165,148.88493688254198,1.3941839423259133,0.0018087115361514075
8.605,2.5183086384903817,757.4496775969697,0.2095679409228467,0.00033688565746501427,148.8856168269919,1.3920350945201598,0.0018062157016635395
8.61,2.516951950091556,757.4482640846873,0.20956930631874487,0.000335881354635542,148.88629632085105,1.389889206852681,0.0018037229577143258
8.615,2.5155945924624934,757.4468529443684,0.20957066886451398,0.00033487903861757767,148.8869742914779,1.3877462766439632,0.0018012333009515124
8.620000000000001,2.5142366191890004,757.4454442317502,0.20957202856045018,0.0003338787095911026,148.88765022608487,1.3856063013136677,0.001798746728026683
8.625,2.512878083878173,757.4440380024625,0.2095733854068002,0.00033288036776116985,148.88832385956397,1.3834692783898934,0.001796263235595162
8.63,2.5115190401583973,757.4426343120282,0.2095747394037614,0.00033188401335790333,148.88899517448704,1.3813352055091748,0.0017937828203160116
8.635,2.5101595416793505,757.4412332158628,0.20957609055148163,0.0003308896466365002,148.88966440110568,1.3792040804164865,0.0017913054788520383
8.64,2.5087996421119985,757.4398347692749,0.20957743885005942,0.000329897267877228,148.89033201735126,1.3770759009652385,0.0017888312078697855
8.645,2.5074393951485985,757.4384390274655,0.2095787842995438,0.00032890687738542734,148.8909987488349,1.3749506651172816,0.0017863600040395407
8.65,2.5060788544987473,757.4370460455264,0.20958012689994818,0.0003279184754909251,148.89166537742744,1.372828370910141,0.0017838918640357884
8.655,2.504718073866183,757.4356558784457,0.20958146665136201,0.0003269320625445255,148.89233116748693,1.3707090160170505,0.001781426784543349
8.66,2.503357106975238,757.434268581137,0.20958280355384448,0.0003259476389213022,148.89299537191897,1.368592597908284,0.0017789647622551068
8.665000000000001,2.501996007555713,757.4328842083916,0.2095841376074037,0.00032496520501796796,148.8936575833626,1.3664791141617512,0.0017765057938677513
8.67,2.5006348293390834,757.4315028148736,0.20958546881200513,0.0003239847612522979,148.89431762177338,1.3643685624634334,0.0017740498760817752
8.675,2.4992736260584936,757.4301244551194,0.20958679716757167,0.000323006308063128,148.89497553442337,1.3622609406073831,0.0017715970056014713
8.68,2.497912451448763,757.4287491835382,0.2095881226739835,0.00032202984591035797,148.895631595901,1.360156246495728,0.001769147179134939
8.685,2.4965513592463817,757.4273770544116,0.2095894453310781,0.0003210553752749481,148.89628630811123,1.3580544781386648,0.0017667003933940775
8.69,2.4951904031895134,757.426008121894,0.2095907651386504,0.0003200828966589224,148.8969404002755,1.3559556336544663,0.0017642566450945926
8.695,2.4938296370097404,757.4246424400078,0.2095920820964797,0.00031911241058403485,148.89759445754277,1.353859711187931,0.0017618159309571268
8.700000000000001,2.4924691144202122,757.4232800626687,0.20959339620442333,0.00031814391758862195,148.8982476146622,1.3517667084305427,0.0017593782477139483
8.705,2.491108889140405,757.4219210436952,0.20959470746229994,0.00031717741823105426,148.89889920218005,1.3496766229750914,0.0017569435921040205
8.71,2.4897490148728503,757.4205654367597,0.20959601586988763,0.0003162129130869082,148.89954882190094,1.3475894525251364,0.0017545119608701027
8.715,2.48838954530171,757.419213295387,0.2095973214269267,0.0003152504027487697,148.90019631217913,1.3455051948931072,0.0017520833507587835
8.72,2.4870305340927747,757.4178646729537,0.20959862413311955,0.00031428988782623125,148.90084174791852,1.3434238480002971,0.0017496577585204738
8.725,2.485672034893465,757.416519622689,0.20959992398813074,0.00031333136894589464,148.90148544057266,1.3413454098768696,0.0017472351809094135
8.73,2.4843141013328296,757.415178197674,0.20960122099158696,0.0003123748467513684,148.90212793814464,1.339269878661852,0.0017448156146836651
8.735,2.482956787021549,757.4138404508423,0.20960251514307704,0.0003114203219032703,148.90277002518732,1.3371972526031417,0.00174239905660512
8.74,2.4816001455438284,757.4125064349765,0.209603806442182,0.0003104677950777329,148.90341231240444,1.3351275299553227,0.0017399855034409102
8.745000000000001,2.480244230451183,757.4111762027424,0.20960509488857598,0.0003095172669627037,148.90405384114652,1.3330607084792403,0.0017375749519703894
8.75,2.4788890952851235,757.4098498066887,0.2096063804818989,0.00030856873826189,148.904693868119,1.3309967858781602,0.0017351673989790823
8.755,2.477534793549958,757.4085272991989,0.20960766322175353,0.0003076222096921383,148.90533194900192,1.3289357599650269,0.0017327628412563349
8.76,2.4761813787113796,757.4072087324878,0.2096089431077084,0.00030667768198324504,148.90596790376884,1.3268776286579653,0.0017303612755953828
8.765,2.474828904196466,757.4058941586031,0.20961022013929761,0.0003057351558779539,148.90660181668707,1.324822389980274,0.0017279626987933444
8.77,2.473477423393683,757.4045836294245,0.2096114943160209,0.0003047946321319583,148.9072340363176,1.3227700420604314,0.0017255671076512272
8.775,2.4721269896528795,757.4032771966638,0.2096127656373437,0.00030385611151389916,148.907865175515,1.32072058313209,0.001723174498973922
8.78,2.470777656285291,757.4019749118653,0.209614034102697,0.000302919594805367,148.9084961114276,1.3186740115340825,0.0017207848695702083
8.785,2.469429476556614,757.400676826405,0.20961529971151407,0.00030198508279932887,148.90912748307946,1.31663032559756,0.0017183982162543106
8.790000000000001,2.4680825036868748,757.39938299153,0.20961656246334173,0.0003010525762960103,148.90975816047666,1.3145895231609206,0.0017160145358526724
8.795,2.4667367908675297,757.3980934583501,0.20961782235768753,0.0003001220761071104,148.91038738401045,1.312551602043953,0.001713633825197382
8.8,2.4653923912328635,757.3968082777894,0.20961907939402574,0.0002991935830534909,148.91101471500068,1.3105165601700308,0.0017112560811244203
8.805,2.464049357858706,757.3955275005853,0.2096203335718006,0.00029826709796499826,148.9116399917776,1.3084843955598826,0.0017088813004737516
8.81,2.4627077437624307,757.3942511772888,0.2096215848904264,0.0002973426216804606,148.91226332968185,1.306455106331587,0.001706509480089317
8.815,2.461367601902957,757.3929793582637,0.2096228333492874,0.00029642015504769065,148.91288512106445,1.304428690700578,0.0017041406168190408
8.82,2.460028985180747,757.3917120936874,0.2096240789477379,0.0002954996989234829,148.91350603528682,1.302405146979639,0.001701774707514824
8.825000000000001,2.45869194643781,757.3904494335508,0.20962532168510217,0.00029458125417361605,148.91412701872065,1.3003844735789087,0.0016994117490325498
8.83,2.457356538449135,757.3891914276608,0.20962656156074277,0.0002936648216702056,148.91474835849675,1.2983666688215396,0.001697051738234629
8.835,2.4560228139389686,757.3879381256925,0.20962779857412273,0.0002927504022891393,148.91536883810514,1.296351730597699,0.0016946946719948606
8.84,2.454690825577511,757.3866895771503,0.20962903272465475,0.0002918379969134424,148.91598785183737,1.2943396568462353,0.0016923405471917265
8.845,2.453360625957353,757.3854458313338,0.20963026401172735,0.000290927606431321,148.91660505860912,1.2923304455970908,0.001689989360707735
8.85,2.4520322675933905,757.3842069373379,0.2096314924347053,0.0002900192317361509,148.91722037765732,1.2903240949707553,0.001687641109429436
8.855,2.450705802922822,757.3829729440531,0.2096327179929295,0.00028911287372647545,148.9178339885402,1.28832060317826,0.0016852957902474142
8.86,2.4493812843051512,757.3817439001648,0.20963394068571709,0.0002882085333060075,148.91844633113726,1.2863199685211821,0.0016829534000562952
8.865,2.4480587640221847,757.3805198541539,0.2096351605123613,0.0002873062113836272,148.91905810564927,1.2843221893916412,0.0016806139357547396
8.870000000000001,2.4467382942770883,757.3793008542962,0.20963637747213584,0.0002864059088732078,148.919670216818,1.2823272642645285,0.0016782773942455532
8.875,2.445419927187752,757.3780869486795,0.20963759156440664,0.0002855076266889994,148.92028224866382,1.2803351913730352,0.0016759437724401735
8.88,2.4441037148189304,757.3768781852516,0.2096388027885744,0.00028461136574693376,148.9208932787931,1.2783459686680922,0.001673613067259334
8.885,2.442789709149196,757.3756746117515,0.20964001114400702,0.00028371712696529224,148.92150282826378,1.2763595941799168,0.0016712852756279404
8.89,2.4414779620604357,757.3744762756965,0.20964121663005472,0.00028282491126383396,148.92211065902953,1.2743760660262238,0.0016689603944749184
8.895,2.44016852533785,757.3732832243811,0.2096424192460502,0.00028193471956379826,148.92271677393975,1.2723953824122312,0.001666638420733219
8.9,2.438861450669954,757.3720955048778,0.20964361899130848,0.0002810465527879021,148.92332141673964,1.2704175416306547,0.0016643193513398119
8.905,2.437556789648577,757.3709131640369,0.20964481586512704,0.00028016041186034254,148.92392507207006,1.2684425420617131,0.0016620031832356933
8.91,2.436254593768862,757.3697362484862,0.2096460098667857,0.0002792762977067944,148.92452846546757,1.2664703821731236,0.0016596899133658786
8.915000000000001,2.434954914425786,757.3685648046303,0.20964720099556464,0.0002783942112535531,148.925132321002,1.264501060477815,0.0016573795386799796
8.92,2.4336578029225424,757.3673988786938,0.2096483892508564,0.0002775141534222893,148.9257358620283,1.262534575127907,0.0016550720561378566
8.925,2.4323633104928204,757.3662385167358,0.20964957463205436,0.00027663612513351436,148.92633834314714,1.2605709241290919,0.0016527674627067244
8.93,2.431071488258182,757.3650837645798,0.20965075713853343,0.0002757601273059281,148.9269393342996,1.2586101055749732,0.0016504657553577532
8.935,2.4297823872244777,757.3639346678101,0.20965193676965554,0.00027488616085609766,148.92753864807952,1.2566521176451955,0.001648166931066073
8.94,2.4284960582818456,757.362791271771,0.20965311352476962,0.0002740142266984595,148.9281363397337,1.2546969586054504,0.00164587098681078
8.945,2.4272125522047117,757.3616536215675,0.2096542874032115,0.00027314432574531723,148.9287327071617,1.2527446268074713,0.0016435779195749318
8.950000000000001,2.4259319196517906,757.3605217620649,0.20965545840430405,0.000272276458906844,148.929328290916,1.2507951206890375,0.0016412877263455507
8.955,2.424654211166085,757.3593957378889,0.20965662652735714,0.0002714106270910811,148.92992387420185,1.2488484387739727,0.001639000404113623
8.96,2.42337947717096,757.3582755934272,0.209657791771698,0.0002705468312024469,148.93052007745476,1.246904579590186,0.001636715949875208
8.965,2.422107767992244,757.3571613728899,0.20965895413677726,0.00026968507213644637,148.93111594825695,1.2449635412509696,0.0016344343606373042
8.97,2.420839133864906,757.3560531202951,0.20966011362203787,0.0002688253507840584,148.93171075334482,1.2430253218090177,0.0016321556334129826
8.975,2.419573624890907,757.3549508794057,0.2096612702269102,0.00026796766803076984,148.93230405833208,1.241089919402938,0.0016298797652191895
8.98,2.418311291037668,757.3538546937289,0.2096624239508147,0.0002671120247564141,148.93289569060875,1.2391573322535852,0.0016276067530767847
8.985,2.4170521821380673,757.3527646065153,0.20966357479316217,0.0002662584218351741,148.9334857393411,1.237227558664067,0.001625336594010547
8.99,2.415796347890441,757.3516806607597,0.20966472275335354,0.00026540686013557945,148.9340745554718,1.2353005970197377,0.001623069285049168
8.995000000000001,2.4145438378585853,757.3506028992003,0.20966586783078003,0.0002645573405205087,148.9346627517197,1.2333764457882033,0.0016208048232252588
9.0,2.4132947014717536,757.3495313643195,0.20966701002482296,0.0002637098638471885,148.93525120258013,1.2314551035193193,0.0016185432055753457
9.005,2.412048988022303,757.3484660983496,0.20966814933489988,0.00026286443096514256,148.93584043088924,1.2295365687261313,0.0016162844291414884
9.01,2.410806746698122,757.3474071433432,0.20966928576056354,0.0002620210427111724,148.9364292986595,1.2276208395047115,0.001614028490976637
9.015,2.4095680265726407,757.3463545411329,0.20967041930134867,0.0002611796999142068,148.93701709352126,1.2257079139535139,0.0016117753881388177
9.02,2.408332876567175,757.3453083332806,0.20967154995678194,0.0002603404033942404,148.9376034001048,1.2237977902493204,0.0016095251176899163
9.025,2.407101345450323,757.3442685610764,0.20967267772638365,0.00025950315396225377,148.9381880777624,1.2218904666444226,0.0016072776766957071
9.03,2.405873481837967,757.3432352655385,0.20967380260966778,0.0002586679524202157,148.93877126056827,1.2199859414666268,0.001605033062225859
9.035,2.4046493341932704,757.3422084874138,0.2096749246061419,0.00025783479956108084,148.93935335731865,1.2180842131192486,0.0016027912713539303
9.040000000000001,2.403428950826681,757.3411882671775,0.20967604371530726,0.0002570036961687918,148.93993505153165,1.2161852800811184,0.0016005523011573734
9.045,2.402212379895927,757.3401746450331,0.20967715993665875,0.0002561746430182779,148.94051730136692,1.2142891409065684,0.0015983161487175329
9.05,2.4009996694071303,757.3391676609295,0.20967827326976918,0.0002553476408720093,148.94110021177244,1.2123957940284678,0.0015960828111223244
9.055,2.399790867258159,757.338167354633,0.20967938371432362,0.0002545226904771297,148.94168260996582,1.2105052375345524,0.0015938522854694887
9.06,2.398586021201504,757.3371737656543,0.20968049126998253,0.00025369979256957163,148.9422638984006,1.2086174695640985,0.0015916245688609798
9.065,2.3973851788195204,757.3361869332183,0.20968159593640467,0.0002528789478731143,148.94284374602586,1.206732488325157,0.001589399658402607
9.07,2.3961883875244254,757.335206896264,0.20968269771324696,0.0002520601570993815,148.943422088286,1.204850292094548,0.0015871775512040285
9.075000000000001,2.394995694558301,757.3342336934445,0.2096837966001647,0.0002512434209478435,148.94399912712106,1.2029708792178666,0.0015849582443787575
9.08,2.3938071469930926,757.3332673631269,0.20968489259681133,0.0002504287401058163,148.94457533096644,1.201094248109479,0.0015827417350441594
9.085,2.392622791730607,757.3323079433924,0.2096859857028386,0.00024961611524846055,148.94515143475303,1.1992203972525224,0.0015805280203214493
9.09,2.3914426755016582,757.3313554720361,0.2096870759179036,0.00024880554703851903,148.94572834536385,1.197349325186769,0.0015783170973358567
9.095,2.3902668448815834,757.3304099866107,0.20968816324179215,0.000247997036121,148.94630550155483,1.1954810302071575,0.001576108963220761
9.1,2.3890953463254516,757.3294715244667,0.20968924767433866,0.0002471905831242264,148.94688199373542,1.193615510408613,0.0015739036151172596
9.105,2.387928226110642,757.3285401226661,0.20969032921536732,0.0002463861886618798,148.94745734068118,1.1917527639515635,0.0015717010501702501
9.11,2.3867655303274566,757.3276158179709,0.20969140786470547,0.00024558385333257383,148.94803131269626,1.1898927890605882,0.0015695012655284012
9.115,2.3856073048791178,757.3266986468437,0.20969248362218346,0.000244783577719852,148.94860393161326,1.1880355840244121,0.0015673042583441465
9.120000000000001,2.384453595481772,757.3257886454475,0.20969355648763463,0.00024398536239219,148.94917547079325,1.186181147195911,0.0015651100257736905
9.125,2.383304447664487,757.3248858496457,0.2096946264608954,0.0002431892079029945,148.94974645512588,1.1843294769921082,0.0015629185649770057
9.13,2.382159906769252,757.3239902950023,0.20969569354180526,0.00024239511479060255,148.95031766102917,1.1824805718941744,0.0015607298731178307
9.135,2.381020017949872,757.323102016785,0.20969675773023483,0.0002416030835771385,148.95088974204123,1.1806344303923149,0.001558543947364404
9.14,2.3798848262116508,757.3222210500397,0.20969781902619808,0.0002408131147627181,148.9514617674639,1.1787910506543096,0.001556360784894096
9.145,2.3787543764114325,757.3213474295733,0.20969887742971857,0.0002400252088292287,148.95203302961824,1.1769504307775658,0.0015541803828900166
9.15,2.3776287132043143,757.3204811898818,0.2096999329408228,0.00023923936624090276,148.9526031194178,1.1751125689230946,0.0015520027385388972
9.155,2.3765078810416815,757.3196223651485,0.20970098555954378,0.00023845558744419612,148.95317187716785,1.1732774633126768,0.0015498278490311238
9.16,2.375391924171201,757.3187709892442,0.20970203528592127,0.00023767387286778566,148.95373939256513,1.171445112228859,0.001547655711560731
9.165000000000001,2.3742808866368277,757.3179270957269,0.2097030821200016,0.00023689422292257135,148.95430600469808,1.169615514014957,0.0015454863233254068
9.17,2.373174812278801,757.3170907178421,0.20970412606183772,0.00023611663800167547,148.95487230204662,1.1677886670750548,0.001543319681526491
9.175,2.3720737447336435,757.3162618885226,0.20970516711148915,0.00023534111848044157,148.95543912248232,1.1659645698740027,0.0015411557833689728
9.18,2.370977727436804,757.3154406404014,0.20970620526907666,0.00023456766471411823,148.95600683289229,1.1641432208208766,0.0015389946260630488
9.185,2.36988680367912,757.3146270059017,0.2097072405348581,0.00023379627703292474,148.95657436580257,1.1623246179969808,0.0015368362068280236
9.19,2.368801016571182,757.3138210171694,0.20970827290908878,0.00023302695574686544,148.95714107672646,1.160508759490623,0.001534680522887638
9.195,2.367720409003907,757.3130227060266,0.2097093023920326,0.0002322597011456779,148.957706587942,1.1586956434471092,0.0015325275714691562
9.200000000000001,2.3666450236483834,757.3122321039701,0.2097103289839623,0.00023149451349881953,148.95827078272347,1.156885268068167,0.0015303773498033788
9.205,2.36557490295587,757.3114492421722,0.20971135268515964,0.0002307313930554667,148.9588338053412,1.1550776316119404,0.0015282298551246402
9.21,2.3645100891577977,757.3106741514803,0.20971237349591518,0.00022997034004451403,148.95939606106165,1.1532727323929914,0.0015260850846708063
9.215,2.363450624265768,757.3099068624169,0.20971339141652848,0.00022921135467457622,148.9599582161475,1.151470568782301,0.0015239430356832797
9.22,2.362396550071519,757.30914740518,0.20971440644730813,0.0002284544371339796,148.960521195341,1.149671139206973,0.001521803705406998
9.225,2.3613479081581814,757.3083958096712,0.20971541858865972,0.00022769958758718457,148.96108502528938,1.147874441968583,0.0015196670910928767
9.23,2.360304739959848,757.3076521055787,0.20971642784110728,0.00022694680617162024,148.96164859777784,1.1460804750952578,0.0015175331900000612
9.235,2.3592670867006564,757.3069163222835,0.2097174342051696,0.00022619609300236285,148.9622113017223,1.1442892366563895,0.0015154019993914069
9.24,2.358234989369663,757.3061884888313,0.2097184376813765,0.00022544744817194304,148.9627727973601,1.1425007247718253,0.0015132735165331926
9.245000000000001,2.3572084887208447,757.3054686339318,0.20971943827026862,0.00022470087175034792,148.96333301625003,1.140714937611873,0.0015111477386951283
9.25,2.3561876252730958,757.3047567859594,0.20972043597239773,0.0002239563637850201,148.96389216127244,1.1389318733972995,0.0015090246631503511
9.255,2.3551724393102305,757.3040529729527,0.2097214307883265,0.000223213924300857,148.96445070662907,1.1371515303993271,0.0015069042871754235
9.26,2.354162970880982,757.3033572226145,0.20972242271862854,0.0002224735533002127,148.9650093978432,1.1353739069396398,0.0015047866080503394
9.265,2.353159259798775,757.3026695623126,0.20972341176389342,0.00022173525076274385,148.9655691856394,1.1335990013829025,0.0015026716230586113
9.27,2.3521613456704245,757.3019900191343,0.2097243979248512,0.00022099901664044568,148.96612959128032,1.1318268118948052,0.0015005593294905649
9.275,2.351169267937698,757.3013186199328,0.2097253812023076,0.00022026485085729043,148.96668961500612,1.1300573364676412,0.0014984497246432063
9.28,2.3501830658046323,757.3006553912284,0.20972636159706742,0.00021953275331289618,148.9672487251505,1.1282905731434827,0.0014963428058168654
9.285,2.3492027782258376,757.3000003591961,0.20972733910994906,0.00021880272388235026,148.96780665817408,1.1265265200086785,0.0014942385703151863
9.290000000000001,2.3482284439064984,757.2993535496656,0.2097283137417846,0.00021807476241621115,148.96836341866415,1.1247651751938574,0.0014921370154451319
9.295,2.3472601013023753,757.2987149881213,0.2097292854934197,0.00021734886874050772,148.96891927933487,1.1230065368739268,0.0014900381385169823
9.3,2.346297788619801,757.2980846997024,0.2097302543657137,0.00021662504265673832,148.96947478102712,1.1212506032680705,0.0014879419368443324
9.305,2.3453415438156835,757.2974627092027,0.20973122035953945,0.00021590328394187274,148.97003073270855,1.1194973726397532,0.0014858484077440962
9.31,2.3443914045988876,757.2968490410759,0.2097321834758081,0.0002151835923475977,148.97058788543265,1.1177468432605462,0.001483757548536969
9.315,2.343447408484507,757.2962437195213,0.20973314371559604,0.0002144659675944872,148.97114528595444,1.1159990131522763,0.0014816693565510187
9.32,2.3425095927906923,757.2956467684648,0.20973410108000407,0.00021375040937488072,148.9717021688654,1.1142538802746147,0.0014795838291192208
9.325000000000001,2.34157799457521,757.295058211481,0.20973505557014374,0.00021303691735497695,148.9722581053025,1.1125114426306002,0.0014775009635777017
9.33,2.340652650632754,757.29447807179,0.20973600718714291,0.0002123254911747522,148.97281292426038,1.1107716982623872,0.0014754207572657725
9.335,2.3397335974949383,757.2939063722582,0.2097369559321459,0.00021161613044795978,148.97336671259134,1.1090346452512418,0.0014733432075259274
9.34,2.3388208714303045,757.2933431353979,0.20973790180631335,0.00021090883476213162,148.97391981500542,1.1073002817175488,0.0014712683117038485
9.345,2.337914508444317,757.2927883833673,0.20973884481082242,0.00021020360367857632,148.97447283407027,1.105568605820804,0.0014691960671483998
9.35,2.337014544279366,757.2922421379706,0.20973978494686654,0.00020950043673238119,148.97502663021132,1.1038396157596213,0.0014671264712116338
9.355,2.336121014424316,757.2917044206782,0.20974072221571846,0.00020879933343035312,148.9755814933991,1.102113309676672,0.0014650595212500237
9.36,2.335233954186162,757.2911752527251,0.20974165661879526,0.0002081002932460585,148.9761363390214,1.100389685478871,0.0014629952146271233
9.365,2.3343533986345473,757.290654655028,0.20974258815751742,0.00020740331562459817,148.97669056195573,1.0986687410819451,0.001460933548710099
9.370000000000001,2.33347938256303,757.2901426481411,0.20974351683332346,0.00020670839998344844,148.97724381391544,1.0969504744365228,0.0014588745208691536
9.375,2.332611940489031,757.2896392522573,0.20974444264767025,0.000206015545712457,148.97779600088168,1.0952348835279404,0.001456818128477525
9.38,2.331751106653836,757.2891444872072,0.20974536560203294,0.0002053247521738422,148.97834728310355,1.09352196637624,0.0014547643689114848
9.385,2.3308969150225938,757.2886583724592,0.20974628569790496,0.0002046360187021947,148.9788980750979,1.0918117210361746,0.0014527132395503431
9.39,2.330049399284318,757.2881809271199,0.20974720293679805,0.00020394934460447566,148.97944904564955,1.090104145597202,0.0014506647377764425
9.395,2.3292085928517268,757.2877121699343,0.20974811732024415,0.00020326472915997856,148.98000109259937,1.0883992381812266,0.0014486188609751911
9.4,2.3283745288893423,757.2872521193332,0.20974902884989852,0.00020258217161666403,148.98055399269586,1.0866969967825053,0.001446575606537179
9.405,2.327547240374546,757.2868007935056,0.2097499375275182,0.0002019016711885965,148.9811067476904,1.084997419228829,0.0014445349718589828
9.41,2.3267267600146626,757.2863582102912,0.20975084335486666,0.00020122322706074555,148.98165880206432,1.083300503377086,0.0014424969543401912
9.415000000000001,2.325913120228589,757.2859243871607,0.2097517463337265,0.00020054683838932692,148.98220986076083,1.081606247114207,0.0014404615513832807
9.42,2.3251063531467966,757.2854993412157,0.20975264646589942,0.00019987250430180168,148.9827598891851,1.079914648357162,0.0014384287603936105
9.425,2.3243064906113284,757.2850830891892,0.20975354375320618,0.00019920022389687564,148.98330911320426,1.0782257050529587,0.0014363985787794226
9.43,2.3235135641758036,757.2846756474455,0.20975443819748665,0.00019852999624450095,148.9838580191473,1.0765394151786467,0.0014343710039518456
9.435,2.3227276051054115,757.2842770319795,0.2097553298005999,0.00019786182038587422,148.98440735380518,1.0748557767413136,0.0014323460333248894
9.44,2.3219486443774993,757.2838872584199,0.20975621856443372,0.00019719569533321876,148.98495799508493,1.0731747877662907,0.0014303236643155956
9.445,2.321176712733562,757.2835063421063,0.2097571044910319,0.00019653162006493872,148.98550929957597,1.0714964461073215,0.0014283038943466058
9.450000000000001,2.320411840705879,757.2831342981117,0.20975798758250305,0.00019586959352560688,148.98606035341018,1.0698207495246954,0.0014262867208453172
9.455,2.3196540585345855,757.2827711411419,0.20975886784096553,0.00019520961463009626,148.98661064567423,1.068147695809079,0.0014242721412418473
9.46,2.31890339616011,757.282416885528,0.20975974526855717,0.00019455168226368354,148.9871599331284,1.0664772827758793,0.0014222601529690492
9.465,2.318159883223181,757.2820715452272,0.20976061986743524,0.0001938957952820507,148.98770824020662,1.0648095082652498,0.0014202507534625181
9.47,2.31742354906482,757.2817351338216,0.2097614916397765,0.000193241952511283,148.9882558590166,1.0631443701420833,0.0014182439401605855
9.475,2.3166944227263486,757.2814076645195,0.20976236058777709,0.00019259015274787115,148.98880334933955,1.0614818662960186,0.0014162397105043235
9.48,2.3159725329493828,757.2810891501543,0.20976322671365266,0.0001919403947587091,148.98935153863053,1.059821994641435,0.001414238061937541
9.485,2.315257908180567,757.2807796031944,0.20976409001966687,0.00019129267728044722,148.98990114374226,1.0581647530859224,0.0014122389919071832
9.49,2.3145505766456926,757.2804790358449,0.2097649505082571,0.00019064699901402324,148.99045115334528,1.056510139354025,0.0014102424978657928
9.495000000000001,2.313850566328098,757.2801874600069,0.20976580818188698,0.00019000335862727358,148.9910007971863,1.0548581511413904,0.0014082485772695023
9.5,2.313157904902964,757.2799048872049,0.20976666304303535,0.00018936175475788407,148.9915496363439,1.0532087861665613,0.0014062572275770097
9.505,2.3124726197355248,757.2796313285843,0.20976751509420102,0.00018872218601339707,148.992097498765,1.0515620421674554,0.0014042684462496052
9.51,2.3117947378810735,757.2793667949119,0.20976836433790297,0.00018808465097121306,148.99264447926484,1.049917916901368,0.001402282230751176
9.515,2.311124286084959,757.2791112965757,0.20976921077667995,0.00018744914817858893,148.99319093952695,1.0482764081449676,0.0014002985785482019
9.52,2.310461290782585,757.2788648435851,0.20977005441309093,0.00018681567615263964,148.99373750810318,1.0466375136943007,0.00139831748710976
9.525,2.309805778099414,757.2786274455708,0.2097708952497147,0.0001861842333803365,148.99428508041376,1.0450012313647872,0.0013963389539075187
9.53,2.309157773868093,757.2783991118124,0.20977173328921786,0.00018555481831692986,148.9948339251575,1.0433675589239406,0.0013943629764165985
9.535,2.308517303710828,757.278179851341,0.20977256853441853,0.00018492742938100657,148.99538290421316,1.041736493987873,0.0013923895521171555
9.540000000000001,2.3078843929680164,757.2779696728443,0.20977340098813824,0.00018430206495918767,148.99593140545957,1.0401080341819244,0.001390418678492082
9.545,2.3072590666607726,757.2777685846281,0.20977423065321887,0.00018367872340770199,148.99647907908664,1.03848217714605,0.0013884503530267151
9.55,2.306641349490907,757.2775765946164,0.20977505753252304,0.00018305740305238458,148.99702583537854,1.036858920534693,0.0013864845732088353
9.555,2.306031265840924,757.2773937103509,0.2097758816289338,0.00018243810218867854,148.99757184471386,1.0352382620167888,0.001384521336528671
9.56,2.3054288397740237,757.2772199389916,0.2097767029453549,0.00018182081908163316,148.99811753756546,1.0336201992757594,0.0013825606404788936
9.565,2.3048340950341024,757.2770552873162,0.2097775214847106,0.0001812055519659056,148.9986636045006,1.0320047300095194,0.0013806024825546224
9.57,2.304247055045831,757.2768997617213,0.20977833724994918,0.00018059229904573176,148.99921095190894,1.0303918519279187,0.001378646860253448
9.575000000000001,2.3036677429580177,757.2767533682842,0.20977915024415514,0.00017998105849189564,148.9997592281038,1.028781562648295,0.0013766937710767957
9.58,2.3030961816990727,757.2766161128211,0.20977996047050615,0.0001793718284390072,149.0003074613353,1.0271738597015418,0.0013747432125300882
9.585,2.302532393884263,757.2764880007783,0.20978076793218747,0.00017876460699067494,149.00085512460805,1.025568740632605,0.0013727951821210806
9.59,2.301976401800999,757.2763690372177,0.20978157263240502,0.0001781593922201553,149.0014019471171,1.023966202996454,0.0013708496773598233
9.595,2.3014282274088322,757.2762592268169,0.2097823745743853,0.00017755618217035095,149.00194791424803,1.0223662443580779,0.0013689066957586562
9.6,2.3008878923394582,757.2761585738696,0.20978317376137537,0.00017695497485381258,149.0024932675768,1.0207688622924889,0.0013669662348322145
9.605,2.3003554178967134,757.2760670822844,0.20978397019664297,0.000176355768252737,149.00303850486975,1.0191740543847194,0.0013650282920974228
9.61,2.299830825056578,757.2759847555865,0.2097847638834764,0.0001757585603189691,149.00358438008377,1.0175818182298253,0.0013630928650735009
9.615,2.2993141344698103,757.2759115969211,0.20978555482520048,0.00017516334897381102,149.00413168995482,1.0159921514210584,0.001361159951282094
9.620000000000001,2.2988053665350154,757.2758476091503,0.20978634302530233,0.00017457013210373605,149.0046796472455,1.0144050514426912,0.001359229548248738
9.625,2.2983045414020244,757.2757927948446,0.20978712848731698,0.0001739789075604994,149.0052274283831,1.012820515744815,0.0013573016535020099
9.63,2.297811678889465,757.2757471561927,0.20978791121479237,0.00017338967316561285,149.00577456510553,1.0112385417868524,0.0013553762645726103
9.635,2.2973267984804937,757.2757106949977,0.20978869121129629,0.00017280242671055264,149.00632084797795,1.009659127033839,0.001353453378993384
9.64,2.2968499193227974,757.2756834126775,0.20978946848041619,0.00017221716595675754,149.0068663263927,1.0080822689564193,0.0013515329942993157
9.645,2.2963810602285926,757.2756653102643,0.20979024302575935,0.00017163388863563077,149.00741130856935,1.00650796503085,0.001349615108027533
9.65,2.295920239674624,757.2756563884052,0.20979101485095278,0.0001710525924485381,149.00795636155473,1.0049362127389967,0.0013476997177173037
9.655,2.2954674758021674,757.2756566473615,0.20979178395964326,0.00017047327506680978,149.00850231122286,1.0033670095683376,0.0013457868209100388
9.66,2.295022786427359,757.2756660870252,0.20979255035553498,0.0001698959341312151,149.00904974185008,1.0018003529879371,0.001343876415149571
9.665000000000001,2.2945861891324784,757.2756847070303,0.20979331404249923,0.0001693205672470789,149.00959759821558,1.0002362403701357,0.0013419684979833048
9.67,2.2941577012175873,757.2757125066865,0.20979407502442454,0.0001687471719869002,149.01014516753474,0.9986746690833553,0.0013400630669609926
9.675,2.29373733964144,757.2757494849186,0.2097948333052155,0.0001681757458936766,149.01069203351,0.9971156364985457,0.00133816011963437
9.68,2.2933251210208176,757.275795640266,0.20979558888879513,0.00016760628648094635,149.011238043221,0.9955591399878081,0.0013362596535571735
9.685,2.292921061630528,757.2758509708827,0.2097963417791049,0.00016703879123278653,149.01178330712486,0.9940051769243912,0.0013343616662851326
9.69,2.2925251774034097,757.2759154745377,0.20979709198010466,0.00016647325760381465,149.0123281990559,0.9924537446826959,0.0013324661553759773
9.695,2.292137483930326,757.2759891486145,0.2097978394957728,0.0001659096830191872,149.01287335622587,0.9909048406382703,0.0013305731183894313
9.700000000000001,2.2917579964601704,757.2760719901111,0.2097985843301061,0.0001653480648746009,149.0134196792238,0.9893584621678144,0.0013286825528872172
9.705,2.291386729925761,757.2761639956768,0.20979932648719293,0.00016478840053520548,149.01396736265423,0.9878146066130249,0.0013267944564334805
9.71,2.2910236990327566,757.2762651617123,0.2098000659712655,0.0001642306873309361,149.01451527170138,0.9862732712527339,0.0013249088265953344
9.715,2.2906689181726416,757.2763754842657,0.20980080278655702,0.00016367492256104136,149.01506279086968,0.9847344533708217,0.001323025660941821
9.72,2.290322401389554,757.2764949590011,0.20980153693731785,0.00016312110349612894,149.0156095684345,0.9831981502480166,0.0013211449570438383
9.725,2.2899841623802812,757.2766235811987,0.20980226842781544,0.00016256922737816742,149.01615551612178,0.9816643591618884,0.0013192667124741438
9.73,2.2896542144942638,757.2767613457548,0.20980299726233445,0.00016201929142048476,149.01670080910796,0.9801330773868435,0.001317390924807351
9.735,2.2893325707335923,757.276908247182,0.2098037234451766,0.0001614712928077697,149.01724588602008,0.9786043021941295,0.0013155175916199327
9.74,2.2890192437530095,757.2770642796085,0.2098044469806608,0.0001609252286960704,149.0177914489356,0.9770780308518309,0.0013136467104902171
9.745000000000001,2.2887142458602616,757.2772294367796,0.20980516787312628,0.0001603810962128038,149.01833842107132,0.9755542606236964,0.0013117782789984031
9.75,2.2884175890690073,757.277403712126,0.20980588612704637,0.00015983889245471314,149.0188864442692,0.9740329887299736,0.001309912294727026
9.755,2.288129285153257,757.2775870988163,0.20980660174698545,0.000159298614484626,149.01943452045444,0.972514212367591,0.0013080487552608918
9.76,2.287849345548982,757.2777795896492,0.20980731473750996,0.00015876025933681686,149.01998211440483,0.9709979287331458,0.0013061876581865254
9.765,2.287577781340436,757.2779811770425,0.2098080251032023,0.0001582238240179708,149.0205289497638,0.9694841350160645,0.0013043290010921714
9.77,2.2873146032601612,757.2781918530321,0.2098087328486606,0.00015768930550718485,149.02107500904032,0.9679728283986067,0.0013024727815678005
9.775,2.287059821688983,757.2784116092727,0.20980943797849907,0.00015715670075596648,149.02162053360902,0.9664640060558609,0.0013006189972051036
9.78,2.2868134466560113,757.2786404370373,0.20981014049734772,0.00015662600668823519,149.0221660237101,0.9649576651557493,0.0012987676455974966
9.785,2.2865754878386433,757.2788783272179,0.20981084040985243,0.00015609722020032096,149.0227122384493,0.9634538028590229,0.001296918724340117
9.790000000000001,2.2863459545663867,757.2791252703304,0.2098115377206911,0.00015557033816094613,149.02325997944172,0.9619524163151429,0.00129507223102986
9.795,2.286124855903313,757.2793812566146,0.20981223243470018,0.0001550453574080146,149.02380844045817,0.9604535026405304,0.0012932281632656644
9.8,2.285912200645224,757.2796462760194,0.2098129245567572,0.00015452227474785748,149.02435680227407,0.958957058951973,0.0012913865186482032
9.805,2.2857079972364835,757.2799203181188,0.20981361409174684,0.00015400108696015605,149.02490460421484,0.9574630823583739,0.0012895472947797343
9.81,2.2855122537663255,757.2802033721085,0.2098143010445681,0.00015348179079826903,149.02545164059458,0.95597156995771,0.0012877104892641067
9.815,2.285324977968855,757.2804954268066,0.20981498542013427,0.00015296438298923422,149.0259979607161,0.9544825188370357,0.0012858760997067663
9.82,2.2851461772230506,757.2807964706528,0.20981566722337303,0.00015244886023376688,149.02654386887096,0.9529959260724786,0.0012840441237147496
9.825000000000001,2.2849758585527606,757.2811064917094,0.2098163464592263,0.00015193521920626115,149.0270899243394,0.9515117887292436,0.0012822145588966894
9.83,2.2848140286267062,757.2814254776603,0.2098170231326504,0.00015142345655478945,149.02763694139043,0.9500301038616107,0.0012803874028628121
9.835,2.284660693771851,757.2817534158298,0.2098176972486547,0.00015091356890094786,149.02818546933355,0.9485508685081867,0.0012785626532249594
9.84,2.2845158600723208,757.2820902932942,0.20981836881240584,0.00015040555283579013,149.02873446027772,0.9470740796993851,0.001276740307596555
9.845,2.2843795333117254,757.2824360968098,0.20981903782907987,0.0001498994049216669,149.02928322762156,0.9455997344712569,0.0012749203635924423
9.85,2.2842517189165945,757.2827908127595,0.20981970430386293,0.0001493951216960059,149.02983136891658,0.9441278298459829,0.0012731028188289386
9.855,2.2841324219559516,757.2831544271531,0.20982036824195338,0.00014889269967137438,149.03037873704073,0.9426583628312369,0.0012712876709238298
9.86,2.2840216471413135,757.2835269256273,0.20982102964856184,0.0001483921353354807,149.03092544019836,0.941191330420191,0.0012694749174963764
9.865,2.283919398826691,757.283908293445,0.20982168852891103,0.00014789342515117266,149.03147184192028,0.9397267295915105,0.0012676645561673094
9.870000000000001,2.283825681008588,757.2842985154962,0.20982234488823592,0.00014739656555643905,149.03201856106367,0.9382645573093583,0.0012658565845588333
9.875,2.2837404973260034,757.2846975762974,0.20982299873178367,0.00014690155296440878,149.03256647181217,0.9368048105233929,0.0012640510002946248
9.88,2.2836638510902825,757.2851054600299,0.20982365006488352,0.00014640838376294514,149.03311577001915,0.9353474861706932,0.001262247800999747
9.885,2.283595745378548,757.2855221506373,0.2098242988929984,0.00014591705431030484,149.03366535079124,0.933892581207726,0.001260446984300349
9.89,2.283536182941286,757.285947631724,0.20982494522158682,0.00014542756093901185,149.03421460303966,0.9324400925899029,0.0012586485478238555
9.895,2.28348516617025,757.2863818865264,0.20982558905611692,0.00014493989995836016,149.03476317383414,0.9309900172547848,0.0012568524891990512
9.9,2.2834426970984634,757.2868248979138,0.20982623040206658,0.00014445406765441264,149.03531096808294,0.929542352122074,0.0012550588060560768
9.905,2.283408777400214,757.2872766483878,0.2098268692649233,0.00014397006029000266,149.03585814853267,0.9280970940936185,0.0012532674960264345
9.91,2.2833834083910602,757.2877371200826,0.2098275056501844,0.00014348787410473256,149.0364051357685,0.9266542400534076,0.0012514785567429823
9.915000000000001,2.2833665910278276,757.2882062947651,0.2098281395633568,0.0001430075053149749,149.03695260821394,0.925213786867576,0.0012496919858399386
9.92,2.283358325908871,757.2886841538349,0.2098287710099588,0.00014252895011389468,149.03750147968984,0.9237757313844062,0.0012479077809528776
9.925,2.2833586133272448,757.2891706783886,0.20982939999562386,0.00014205220467057006,149.03805151683787,0.922340070454437,0.0012461259397183952
9.93,2.283367453334356,757.289665849279,0.20983002652607935,0.0001415772651261804,149.03860168968288,0.9209068009654848,0.0012443464597737995
9.935,2.2833848456382473,757.2901696470103,0.20983065060704573,0.0001411041275990261,149.0391514408145,0.9194759197941987,0.0012425693387575964
9.94,2.283410789588167,757.2906820517264,0.2098312722442507,0.00014063278818594608,149.03970047090226,0.9180474237963335,0.0012407945743095473
9.945,2.283445284174566,757.2912030432108,0.20983189144342915,0.0001401632429623167,149.0402487386957,0.9166213098067454,0.0012390221640706642
9.950000000000001,2.2834883280291014,757.2917326008863,0.20983250821032323,0.00013969548798205273,149.04079646102423,0.915197574639396,0.0012372521056832131
9.955,2.2835399194246335,757.2922707038158,0.2098331225506823,0.00013922951927760696,149.0413441127972,0.9137762150873502,0.0012354843967907138
9.96,2.2836000562752266,757.292817330701,0.20983373447026282,0.0001387653328599696,149.04189242700392,0.9123572279227754,0.0012337190350379364
9.965,2.283668736142609,757.2933724598914,0.20983434397484169,0.000138302924718553,149.04244222143618,0.910940609901338,0.001231956018070843
9.97,2.283745956336057,757.2939360694934,0.20983495107035857,0.00013784229081855609,149.04299252130832,0.9095263578253077,0.0012301953435357213
9.975,2.283831713860704,757.2945081373097,0.20983555576275784,0.0001373834271019546,149.04354267368655,0.9081144685032462,0.001228437009079765
9.98,2.2839260053620896,757.2950886407865,0.2098361580579743,0.00013692632949073566,149.0440924810654,0.9067049387196559,0.0012266810123513576
9.985,2.284028827131582,757.2956775570211,0.209836757961955,0.00013647099388700728,149.04464190665544,0.9052977652395223,0.001224927351
9.99,2.2841401751063777,757.2962748627615,0.20983735548065927,0.00013601741617299707,149.04519107438315,0.9038929448083104,0.0012231760226763034
9.995000000000001,2.284260044869501,757.2968805344067,0.20983795062005864,0.0001355655922110533,149.04574026889097,0.9024904741519678,0.0012214270250319953
10.0,2.2843884316498038,757.2974945480063,0.20983854338613692,0.00013511551784364448,149.0462899355373,0.9010903499769236,0.001219680355719917
