time_s,V_A,P_A,f_o,f_c,p_o,p_c,z
0,1,760,0.1368,0.05263,40,46,4.4219e-07
0.005,1.0160918290590237,759.9669229050651,0.13679981748125886,0.052628568680250135,40.672729879687985,43.3919228122286,7.060558029319042e-05
0.01,1.0319939693703273,759.9342719838418,0.1368071543643622,0.0526214634909975,41.363982697823864,41.072135344132334,0.0001367216063461568
0.015,1.0477088772153011,759.9020421662628,0.13682168041403617,0.052608966305538137,42.07483021015033,39.00876209880184,0.00019922804454456638
0.02,1.0632389779560083,759.870228431666,0.1368430838599521,0.05259133986611416,42.80639948000622,37.17343601941789,0.0002585142797591882
0.025,1.0785866664153458,759.8388258095255,0.1368710700132023,0.05256882956804234,43.55987457430053,35.54091284395981,0.00031492663258035505
0.03,1.0937543072524984,759.8078293800327,0.13690536001444337,0.052541665040521365,44.33649771197974,34.08872783224238,0.00036877310100174703
0.035,1.1087442353337367,759.7772342745404,0.1369456896987472,0.052510061550419054,45.13756966698269,32.7968902158913,0.00042032758080100344
0.04,1.1235587560986302,759.7470356758882,0.1369918085641291,0.05247422125162002,45.964449177439754,31.647611219959067,0.0004698336219843956
0.045,1.1382001459217281,759.7172288186216,0.13704347883236986,0.05243433429933904,46.81855105242075,30.625061972731476,0.0005175077721991837
0.05,1.1526706524697752,759.6878089891173,0.13710047459215535,0.05239057984613547,47.701342595661494,29.715158014828894,0.0005635425525663359
0.055,1.1669724950544818,759.6587715256261,0.13716258101575832,0.05234312693407364,48.61433788130084,28.905367489313594,0.0006081091062654282
0.06,1.181107864980953,759.6301118182406,0.1372295936415203,0.05229213529553926,49.5590893194094,28.184540407072138,0.0006513595558848594
0.065,1.1950789258917913,759.601825308799,0.13730131771527213,0.05223775607355461,50.53717583935998,27.542756675334516,0.0006934291014933448
0.07,1.2088878141069535,759.5739074907286,0.13737756758459094,0.05218013247102151,51.55018689930745,26.9711908248063,0.0007344378879669451
0.075,1.2225366389593928,759.5463539088386,0.13745816614043924,0.052119400337096826,52.599701404646446,26.46199160348249,0.0007744926668913908
0.08,1.2360274831265607,759.5191601590633,0.13754294430128858,0.052055688697864165,53.68726049621824,26.00817480138554,0.000813688275648369
0.085,1.2493624029577972,759.4923218881645,0.13763174053530858,0.051989120237558605,54.81433306353198,25.60352785474275,0.000852108953747548
0.09,1.2625434287976804,759.4658347933919,0.13772440041661055,0.05191981173582965,55.98227277099581,25.242524933543496,0.0008898295143180252
0.095,1.2755725653053744,759.4396946221074,0.13782077621189098,0.0518478744658518,57.19226538540541,24.92025136241231,0.0009269163866549105
0.1,1.288451791770028,759.4138971713741,0.13792072649413256,0.051773414557513206,58.44526530283881,24.632336347878457,0.0009634285440147253
0.105,1.3011830624222738,759.3884382875109,0.13802411578030338,0.05169653332940462,59.74192044441345,24.37489310079454,0.0009994183292543974
0.11,1.3137683067418817,759.3633138656147,0.13813081419025897,0.05161732759289448,61.08248518854585,24.14446554022783,0.0010349321895600095
0.115,1.3262094297616007,759.3385198490495,0.13824069712432074,0.051535889931187594,62.466721801201714,23.93798085679599,0.0010700113302445926
0.12,1.3385083123672514,759.3140522289038,0.1383536449572887,0.05145230895592831,63.89379198415981,23.752707290728903,0.0011046922965256506
0.125,1.3506668115941087,759.2899070434169,0.13846954274696896,0.0513666695436077,65.36214172857586,23.5862165525526,0.0011390074911893251
0.13,1.3626867609196174,759.2660803773748,0.13858827995567619,0.05127905305376759,66.86938463785641,23.43635037554807,0.0011729856352013619
0.135,1.3745699705524974,759.242568361479,0.1387097501836196,0.05118953753075252,68.41219118416296,23.3011907466713,0.001206652177529711
0.14,1.386318227718278,759.2193671716908,0.13883385091361114,0.051098197890541465,69.98619378419745,23.17903341115756,0.001240029659772655
0.145,1.397933296941297,759.196473028558,0.1389604832671327,0.051005106093992114,71.58591976569735,23.06836429161716,0.0012731380405561642
0.15,1.4094169203232183,759.1738821965308,0.13908955177244386,0.05091033130764809,73.20476573636998,22.967838500887233,0.0013059949841325456
0.155,1.4207708178181169,759.1515909832791,0.13922096414604934,0.050813940053096154,74.83502694135521,22.87626166401996,0.0013386161171131097
0.16,1.4319966875041599,759.1295957390219,0.13935463108939788,0.05071599634571837,76.46799328221353,22.792573295258606,0.001371015256846302
0.165,1.4430962058519323,759.1078928558843,0.13949046610305857,0.05061656182356584,78.09411933804687,22.71583200446682,0.0014032046145570876
0.17,1.4540710279894589,759.0864787672974,0.13962838532071511,0.05051569586699053,79.70326893990672,22.645202331620986,0.0014351949760295379
0.17500000000000002,1.4649227879639435,759.0653499474539,0.13976830736504917,0.050413455709613655,81.28502617329542,22.579943030648035,0.0014669958623010546
0.18,1.4756530990002765,759.0445029108312,0.13991015322692135,0.05030989654118231,82.82905532407574,22.519396643025228,0.0014986156725721258
0.185,1.4862635537563647,759.0239342117885,0.14005384616822836,0.05020507160286677,84.32548397034371,22.462980219526944,0.0015300618112870838
0.19,1.4967557245753014,759.00364044424,0.14019931164753827,0.05009903227557253,85.76527797937335,22.410177063671327,0.0015613408011317055
0.195,1.5071311637344236,758.9836182413969,0.14034647726624844,0.04999182816187081,87.14057604678598,22.36052938466324,0.0015924583834966849
0.2,1.5173914036913003,758.9638642755689,0.14049527273179535,0.04988350716217602,88.44495516100272,22.31363175965597,0.0016234196077899
0.20500000000000002,1.5275379573266792,758.9443752580081,0.14064562983355358,0.04977411554580861,89.67360643786505,22.269125316445784,0.001654228910824495
0.21,1.5375723181844587,758.9251479387771,0.14079748242663603,0.0496636980175661,90.82341159273098,22.226692557247173,0.0016848901873782014
0.215,1.5474959607086671,758.906179106621,0.1409507664188908,0.04955229778038441,91.89292178090098,22.186052753144875,0.001715406852895854
0.22,1.5573103404775415,758.8874655888276,0.1411054197569264,0.04943995659460735,92.88225059375647,22.14695784637303,0.0017457818992028071
0.225,1.567016894434721,758.8690042510584,0.14126138240787584,0.04932671483430186,93.79290011260584,22.10918880465862,0.0017760179439991733
0.23,1.5766170411175728,758.8507919971423,0.14141859633465415,0.04921261154097113,94.62754245996017,22.072552377848147,0.0018061172748222373
0.23500000000000001,1.5861121808827268,758.8328257688257,0.141577005463531,0.04909768447493344,95.38977937546208,22.036878212646148,0.0018360818880869397
0.24,1.5955036961288183,758.8151025454766,0.14173655564378623,0.04898197016456191,96.08389976878796,22.002016286029274,0.001865913523748914
0.245,1.6047929515164845,758.7976193437454,0.1418971945999708,0.048865503953520684,96.71465097845557,21.967834622339435,0.0018956136960732088
0.25,1.613981294185653,758.7803732171866,0.14205887187781902,0.04874832004608965,97.28703462432308,21.93421726280846,0.0019251837209399803
0.255,1.6230700539701555,758.7633612558478,0.14222153878515678,0.0486304515506412,97.80613329240211,21.901062459781638,0.001954624740069844
0.26,1.632060543609693,758.7465805858321,0.14238514832926163,0.04851193052131602,98.27697034340387,21.868281070877394,0.001983937742510479
0.265,1.6409540589591995,758.7300283688407,0.1425496551520922,0.04839278799793806,98.7044021504325,21.835795131104366,0.0020131235836875704
0.27,1.6497518791956147,758.7137018017031,0.14271501546467313,0.04827305404420848,99.09304004730534,21.803536583311242,0.0020421830022905986
0.275,1.6584552670221224,758.6975981158995,0.1428811869817292,0.04815275778422245,99.44719811964006,21.771446149551053,0.0020711166352334826
0.28,1.6670654688698774,758.6817145770804,0.1430481288574541,0.04803192743735674,99.77086249036891,21.73947232780811,0.0020999250309042556
0.28500000000000003,1.675583715097236,758.6660484845873,0.14321580162308992,0.04791059035158218,100.06767776967598,21.707570500284756,0.0021286086608937817
0.29,1.6840112201865376,758.6505971709781,0.14338416712680097,0.047788773035260065,100.34094666123106,21.67570214092553,0.0021571679303730613
0.295,1.6923491829384776,758.6353580015576,0.1435531884761628,0.04766650118748507,100.5936392166794,21.64383411124253,0.002185603187269524
0.3,1.7005987866640833,758.6203283739172,0.1437228299834496,0.04754379972703925,100.82840879334609,21.611938034680005,0.002213914730376488
0.305,1.7087611993743226,758.6055057174822,0.14389305711379538,0.04742069282002399,101.04761233358494,21.579989740854863,0.002242102816514803
0.31,1.7168375739673791,758.5908874930692,0.1440638364362234,0.047297203906235034,101.25333310257164,21.547968771940862,0.0022701676668528538
0.315,1.724829048413638,758.5764711924534,0.1442351355774778,0.047173355724346375,101.44740447343467,21.51585794433493,0.0022981094724790693
0.32,1.7327367459383969,758.5622543379446,0.1444069231785507,0.04704917033596562,101.63143372917402,21.483642959482147,0.0023259283993109408
0.325,1.7405617752023126,758.5482344819735,0.14457916885377084,0.046924669148622374,101.80682515721112,21.45131205842583,0.002353624592415003
0.33,1.74830523047965,758.534409206687,0.14475184315230555,0.04679987293774757,101.97480195653765,21.418855715234095,0.0023811981798042147
0.335,1.7559681918343326,758.5207761235519,0.14492491752192085,0.04667480186769908,102.13642666179148,21.38626636500073,0.0024086492757716123
0.34,1.7635517252938266,758.507332872968,0.1450983642748437,0.04654947551188611,102.29261992937113,21.35353816258194,0.0024359779838127515
0.34500000000000003,1.7710568830208997,758.4940771238884,0.1452721565555746,0.04642391287204166,102.44417762994468,21.32066676866308,0.0024631843991834825
0.35000000000000003,1.7784847034832671,758.4810065734474,0.14544626831050542,0.046298132396689215,102.59178626434155,21.287649160117027,0.0024902686111345587
0.355,1.7858362116211484,758.4681189465965,0.14562067425920525,0.046172151998847444,102.73603676603771,21.254483461958372,0.002517230704859857
0.36,1.7931124190127758,758.4554119957464,0.14579534986724707,0.046045989073013174,102.87743678524615,21.221168798488797,0.0025440707631909994
0.365,1.8003143240378634,758.4428835004155,0.14597027132045712,0.04591966051146106,103.01642156566501,21.187705161500055,0.002570788868067411
0.37,1.8074429120390865,758.4305312668854,0.14614541550047866,0.045793182719895395,103.15336353425825,21.154093293631902,0.002597385101807723
0.375,1.8144991554815608,758.418353127861,0.14632075996155125,0.04566657163248729,103.28858072484103,21.120334585196602,0.00262385954820544
0.38,1.8214840141103692,758.4063469421374,0.14649628290841518,0.04553984272632869,103.42234415433522,21.086430982964774,0.002650212293469302
0.385,1.8283984351061673,758.3945105942711,0.14667196317525907,0.04541301103533198,103.55488426385647,21.05238490957686,0.002676443427026446
0.39,1.835243353238884,758.3828419942573,0.1468477802056359,0.045286091163603014,103.68639653007983,21.018199192389556,0.002702553042204469
0.395,1.842019691019517,758.371339077211,0.14702371403328038,0.04515909729831264,103.8170463431967,20.98387700070068,0.0027285412368066708
0.4,1.8487283588500871,758.3599998030538,0.14719974526376592,0.04503204322209105,103.94697323966942,20.94942179041091,0.0027544081135931673
0.405,1.8553702551717477,758.3488221562044,0.14737585505694528,0.044904942324967646,104.07629456877774,20.914837255286933,0.0027801537806791225
0.41000000000000003,1.861946266611086,758.3378041452739,0.14755202511012466,0.04477780761587758,104.20510866411811,20.880127284081613,0.0028057783518600924
0.41500000000000004,1.868457268124624,758.3269438027658,0.14772823764192552,0.04465065173375435,104.33349758296852,20.84529592285057,0.0028312819468733377
0.42,1.8749041231415562,758.3162391847785,0.1479044753767914,0.04452348695822808,104.46152946957032,20.810347341876977,0.002856664691602962
0.425,1.8812876837047405,758.3056883707144,0.14808072153010204,0.04439632521994668,104.58926059144527,20.77528580668241,0.0028819267182358427
0.43,1.8876087906099595,758.29528946299,0.14825695979385967,0.044269178110536676,104.71673709216951,20.74011565265907,0.0029070681653745214
0.435,1.893868273543481,758.2850405867521,0.1484331743229153,0.04414205689221964,104.84399649841703,20.704841262910826,0.002932089178112537
0.44,1.9000669512179438,758.2749398895965,0.14860934972170592,0.04401497250709885,104.97106901451127,20.66946704893609,0.002956989908077027
0.445,1.9062056315065643,758.2649855412903,0.14878547103147505,0.0438879355861305,105.09797863329484,20.63399743382679,0.0029817705134428996
0.45,1.9122851115757118,758.2551757334991,0.14896152371795207,0.0437609564577928,105.22474408853621,20.598436837693665,0.00300643115892236
0.455,1.918306178015867,758.2455086795153,0.14913749365946727,0.04363404515646531,105.35137967065371,20.562789665060887,0.0030309720157331546
0.46,1.92426960697098,758.2359826139925,0.14931336713548077,0.04350721143053097,105.4778959247599,20.527060294001306,0.0030553932615484873
0.465,1.9301761642662412,758.2265957926812,0.1494891308155061,0.04338046475021179,105.604300247393,20.49125306680962,0.003079695080431239
0.47000000000000003,1.9360266055342903,758.217346492169,0.1496647717484097,0.04325381431514918,105.73059739617666,20.455372282033252,0.003103877662754794
0.47500000000000003,1.941821676339898,758.2082330096233,0.14984027735206862,0.04312726906173919,105.85678992464585,20.419422187700967,0.0031279412051125133
0.48,1.947562112303111,758.1992536625379,0.15001563540337157,0.04300083767023236,105.98287855286412,20.383406975607404,0.003151885910217658
0.485,1.953248639220904,758.1904067884823,0.1501908340285468,0.042874528571607465,106.10886248294526,20.347330776527485,0.003175711986795334
0.49,1.958881973187344,758.1816907448541,0.15036586169380403,0.04274834995422798,106.2347396673761,20.311197656249067,0.003199419649467863
0.495,1.9644628207122852,758.1731039086347,0.150540707196276,0.04262230977028971,106.36050703690202,20.275011612324608,0.0032230091186347906
0.5,1.9699918788386261,758.1646446761479,0.15071535965524804,0.04249641574206761,106.48616069382454,20.238776571454185,0.0032464806203486144
0.505,1.9754698352581266,758.1563114628213,0.15088980850366357,0.042370675367969325,106.61169607571156,20.202496387421792,0.003269834386187162
0.51,1.9808973684258215,758.1481027029515,0.15106404347989413,0.04224509592840291,106.7371080938399,20.166174839516067,0.003293070653123453
0.515,1.9862751476730365,758.1400168494705,0.15123805461976395,0.042119684491465574,106.86239125005667,20.12981563137422,0.003316189663393753
0.52,1.9916038333190274,758.1320523737168,0.1514118322488187,0.04199444791846005,106.98753973524059,20.09342239019515,0.0033391916643644532
0.525,1.9968840767812646,758.1242077652083,0.1515853669748293,0.04186939286924515,107.11254751207343,20.05699866627376,0.0033620769083983148
0.53,2.002116520684366,758.1164815314182,0.15175864968052152,0.04174452580742628,107.23740838445723,20.020547932814193,0.003384845652720554
0.535,2.007301798967714,758.1088721975539,0.15193167151652315,0.04161985300539195,107.36211605556424,19.98407358598448,0.003407498159285173
0.54,2.0124405369917637,758.1013783063377,0.15210442389452053,0.04149538054920173,107.48666417623028,19.947578945179533,0.0034300346946418946
0.545,2.017533351643048,758.0939984177919,0.1522768984806166,0.041371114343330934,107.61104638514345,19.911067253463223,0.0034524555298039938
0.55,2.0225808514379136,758.0867311090251,0.1524490871888836,0.04124706011527709,107.73525634207785,19.874541678163805,0.003474760940117294
0.555,2.0275836366249993,758.0795749740212,0.15262098217510264,0.04112322342003321,107.85928775523057,19.83800531159991,0.0034969512051305396
0.56,2.032542299286456,758.0725286234319,0.15279257583068437,0.040999609644432417,107.98313440357235,19.801461171917058,0.003519026608467337
0.5650000000000001,2.037457423437954,758.0655906843714,0.15296386077676355,0.040876224011368284,108.1067901549805,19.76491220401709,0.003540987437699814
0.5700000000000001,2.0423295851274696,758.0587598002126,0.153134829858462,0.040753071583895385,108.23024898081566,19.72836128056499,0.003562833984224131
0.5750000000000001,2.0471593525328635,758.0520346303875,0.15330547613931372,0.04063015726921402,108.35350496749909,19.691811203059448,0.0035845665431379447
0.58,2.051947286058295,758.0454138501891,0.15347579289584698,0.04050748582254303,108.4765523255697,19.655264702955268,0.0036061854131199176
0.585,2.0566939384294507,758.0388961505755,0.1536457736123175,0.04038506185088463,108.59938539662244,19.618724442827073,0.0036276908963113314
0.59,2.061399854787608,758.0324802379772,0.15381541197558815,0.040262889816684716,108.72199865847438,19.582193017565235,0.003649083298199865
0.595,2.0660655727825903,758.0261648341061,0.15398470187014981,0.040140974041392205,108.84438672884723,19.54567295559593,0.0036703629275055684
0.6,2.0706916226645844,758.0199486757675,0.1541536373732792,0.0400193187089207,108.96654436781577,19.509166720118458,0.003691530096069067
0.605,2.075278527374824,758.0138305146736,0.15432221275032829,0.039897927869015845,109.08846647922846,19.472676710353646,0.003712585118742004
0.61,2.0798268026352016,758.00780911726,0.15449042245014216,0.03977680544053121,109.21014811128,19.436205262798207,0.0037335283132797375
0.615,2.0843369570367796,758.0018832645043,0.1546582611005999,0.03965595521461585,109.33158445638205,19.399754652480347,0.00375436000023628
0.62,2.0888094921272446,757.9960517517466,0.15482572350427554,0.039535380857816424,109.45277085046143,19.36332709421288,0.003775080502861491
0.625,2.0932449024972946,757.990313388513,0.1549928046342144,0.03941508591509635,109.57370277178867,19.326924743840294,0.003795690147000488
0.63,2.097643675865969,757.9846669983401,0.15515949962982203,0.039295073812774854,109.69437583942951,19.29054969947705,0.003816189260995283
0.635,2.1020062931649766,757.9791114186031,0.1553258037928612,0.03917534786138854,109.81478581139142,19.25420400273454,0.0038365781755885964
0.64,2.106333228621994,757.9736455003444,0.155491712583554,0.03905591125847776,109.93492858253126,19.217889639934736,0.0038568572238298496
0.645,2.110624949842943,757.9682681081063,0.15565722161678602,0.038936767091299986,110.05480018227355,19.18160854330865,0.0038770267409832877
0.65,2.1148819178932867,757.9629781197634,0.1558223266584093,0.038817918339472686,110.17439677218691,19.145362592178333,0.0038970870644382135
0.655,2.119104587378349,757.9577744263597,0.15598702362164032,0.038699367877547984,110.29371464345192,19.10915361412104,0.003917038533621293
0.66,2.1232934065226523,757.9526559319454,0.1561513085635511,0.038581118477520916,110.4127502142549,19.07298338611476,0.0039368814899109076
0.665,2.1274488172483137,757.947621553417,0.15631517768164985,0.03846317281127342,110.53150002712853,19.03685363566418,0.003956616276553508
0.67,2.131571255252485,757.9426702203593,0.15647862731054918,0.03834553345295593,110.64996074626487,19.000766041906633,0.003976243238581938
0.675,2.1356611500838643,757.937800874889,0.15664165391871812,0.03822820288130876,110.76812915481375,18.964722236697444,0.003995762722735691
0.68,2.1397189252182875,757.9330124715003,0.15680425410531665,0.03811118348192474,110.88600215218491,18.928723805674487,0.0040151750773830645
0.685,2.1437449981334056,757.9283039769127,0.15696642459710927,0.037994477549455,111.00357675136084,18.89277228930161,0.0040344806524451665
0.6900000000000001,2.147739780382465,757.9236743699205,0.15712816224545637,0.03787808728975941,111.12085007623455,18.856869183890932,0.004053679799321749
0.6950000000000001,2.151703677667205,757.919122641244,0.15728946402337954,0.037762014822003774,111.23781935897473,18.821015942603914,0.004072772870818807
0.7000000000000001,2.15563708990987,757.9146477933832,0.1574503270227004,0.03764626218070489,111.3544819374295,18.78521397643132,0.004091760221077947
0.705,2.1595404113243637,757.9102488404724,0.15761074845124937,0.037530831317725014,111.4708352525678,18.749464655152085,0.0041106422055074265
0.71,2.1634140304865506,757.9059248081371,0.15777072563014352,0.03741572410421747,111.58687684596795,18.71376930827135,0.004129419180714898
0.715,2.167258330403708,757.9016747333533,0.15793025599113045,0.03730094233252463,111.7026043573501,18.678129225937788,0.00414809150444176
0.72,2.171073688583133,757.8974976643071,0.15808933707399692,0.03718648771802959,111.81801552216047,18.64254565984056,0.004166659535499103
0.725,2.174860477099953,757.8933926602575,0.1582479665240407,0.03707236190096303,111.93310816920284,18.607019824086056,0.004185123633705235
0.73,2.178619062664114,757.8893587913999,0.1584061420896026,0.036958566448166384,112.04788021832415,18.571552896054865,0.004203484159824704
0.735,2.182349806686552,757.8853951387318,0.15856386161965877,0.036845102854812566,112.1623296781485,18.53614601723916,0.0042217414755088304
0.74,2.1860530653445767,757.8815007939204,0.15872112306146974,0.036731972546085505,112.27645464386605,18.500800294060973,0.004239895943237679
0.745,2.1897291896464846,757.8776748591711,0.15887792445828616,0.036619176878819604,112.39025329506998,18.46551679867158,0.0042579479262634615
0.75,2.1933785254953975,757.8739164470982,0.1590342639471084,0.036506717143100297,112.50372389364824,18.430296569732505,0.00427589778855532
0.755,2.197001413752318,757.8702246805973,0.15919013975649976,0.03639459456382661,112.61686478172211,18.395140613178366,0.0042937458947454685
0.76,2.2005981902984564,757.8665986927191,0.15934555020445068,0.03628281030223687,112.72967437963818,18.36004990296209,0.004311492610076662
0.765,2.204169186096791,757.8630376265444,0.1595004936962933,0.03617136545739874,112.84215118400598,18.325025381782744,0.0043291383003509504
0.77,2.2077147272529074,757.8595406350614,0.15965496872266466,0.03606026106766423,112.95429376578743,18.290067961796478,0.004346683331879702
0.775,2.2112351350751074,757.8561068810442,0.1598089738575174,0.03594949811209086,113.06610076842954,18.255178525310868,0.004364128071434856
0.78,2.2147307261337956,757.8527355369324,0.15996250775617665,0.03583907751182973,113.17757090604749,18.220357925463123,0.004381472886201383
0.785,2.2182018123201708,757.8494257847134,0.1601155691534416,0.035729000131481586,113.28870296164878,18.18560698688245,0.004398718143730915
0.79,2.2216487009042005,757.8461768158046,0.16026815686173118,0.03561926678042153,113.39949578540558,18.150926506337044,0.004415864211896531
0.795,2.2250716945919167,757.8429878309383,0.16042026976927176,0.03550987821409333,113.50994829296627,18.116317253365974,0.004432911458848661
0.8,2.2284710915820343,757.8398580400476,0.16057190683832712,0.03540083513527396,113.62005946381288,18.08177997089642,0.004449860252972082
0.805,2.2318471856218807,757.8367866621537,0.1607230671034678,0.0352921381953095,113.72982833965553,18.047315375846555,0.004466710962843989
0.81,2.2352002660626598,757.8337729252547,0.16087374966988044,0.03518378799532278,113.83925402287103,18.01292415971446,0.004483463957193107
0.8150000000000001,2.238530617914078,757.8308160662158,0.16102395371171518,0.03507578508739367,113.94833567497606,17.978606989153402,0.004500119604859826
0.8200000000000001,2.241838521898307,757.8279153306607,0.16117367847047048,0.03496812997571265,114.05707251514242,17.944364506533827,0.004516678274757326
0.8250000000000001,2.2451242545033048,757.825069972865,0.16132292325341388,0.03486082311770851,114.16546381874508,17.91019733049238,0.004533140335833685
0.8300000000000001,2.2483880880355094,757.82227925565,0.16147168743203869,0.034753864925150646,114.27350891595025,17.876106056468316,0.00454950615703493
0.835,2.251630290671908,757.8195424502783,0.1616199704405548,0.03464725576522671,114.38120719033408,17.842091257227555,0.004565776107269018
0.84,2.2548511265114763,757.8168588363512,0.1617677717744134,0.03454099596159615,114.4885580775399,17.808153483374763,0.004581950555370725
0.845,2.2580508556260313,757.8142277017066,0.1619150909888643,0.034435085795420387,114.5955610639638,17.774293263853725,0.004598029870067421
0.85,2.2612297341104584,757.8116483423183,0.1620619276975451,0.03432952550637018,114.70221568547711,17.740511106436298,0.004614014419945713
0.855,2.264388014132361,757.8091200621974,0.16220828157110187,0.034224315293610516,114.80852152617558,17.70680749820025,0.004629904573418926
0.86,2.2675259439811124,757.8066421732937,0.16235415233583983,0.034119455316764,114.91447821716366,17.673182905996274,0.004645700698695419
0.865,2.270643768116334,757.8042139953993,0.162499539772404,0.03401494569685288,115.02008543536368,17.639637776904422,0.0046614031637477035
0.87,2.273741727215796,757.8018348560532,0.1626444437144885,0.03391078651722052,115.12534290235868,17.60617253868024,0.00467701233628235
0.875,2.276820058222757,757.7995040904468,0.16278886404757414,0.03380697782443269,115.23025038325848,17.572787600190896,0.004692528583710671
0.88,2.2798789943927393,757.7972210413309,0.1629328007076935,0.033703519629159136,115.33480768559788,17.53948335184146,0.004707952273120147
0.885,2.282918765339757,757.7949850589235,0.1630762536802229,0.03360041190703601,115.43901465825658,17.50626016599173,0.004723283771246602
0.89,2.285939597082003,757.7927955008196,0.16321922299870031,0.033497654599509645,115.54287119040997,17.473118397363688,0.004738523444447088
0.895,2.2889417120869875,757.790651731901,0.16336170874366923,0.03339524761466191,115.64637721049992,17.44005838343993,0.0047536716586734735
0.9,2.2919253293161517,757.7885531242484,0.16350371104154712,0.03329319082801781,115.74953268523534,17.407080444853218,0.004768728779446725
0.905,2.2948906642689604,757.7864990570536,0.16364523006351842,0.033191484083335755,115.85233761861129,17.374184885767477,0.004783695171831855
0.91,2.2978379290264566,757.7844889165333,0.16378626602445107,0.033090127193380746,115.95479205095661,17.341371994250306,0.004798571200413529
0.915,2.300767332294333,757.7825220958443,0.1639268191818366,0.03298911994068096,116.05689605799888,17.30864204263736,0.0048133572292723146
0.92,2.3036790794454856,757.7805979949991,0.1640668898347524,0.032888462078268295,116.15864974995667,17.2759952878887,0.004828053621961556
0.925,2.306573372562058,757.7787160207829,0.16420647832284663,0.032788153330402865,116.26005327064794,17.243431971937365,0.004842660741484863
0.93,2.3094504104769995,757.7768755866721,0.16434558502534424,0.032688193393282265,116.36110679662461,17.21095232203032,0.0048571789502742015
0.935,2.312310388815146,757.7750761127527,0.16448421036007455,0.032588581935735605,116.4618105363221,17.178556551061995,0.00487160861016857
0.9400000000000001,2.315153500033799,757.7733170256408,0.16462235478251883,0.032489318599902985,116.56216472923423,17.146244857900598,0.004885950082393242
0.9450000000000001,2.317979933462851,757.7715977584041,0.16476001878487878,0.03239040300190035,116.66216964510163,17.114017427707335,0.004900203727539588
0.9500000000000001,2.320789875344431,757.7699177504834,0.16489720289516388,0.03229183473247052,116.76182558312479,17.08187443224877,0.004914369905545419
0.9550000000000001,2.3235835088720878,757.768276447616,0.1650339076762987,0.03219361335762028,116.86113287118975,17.049816030202443,0.004928448975675892
0.96,2.3263610142295077,757.76667330176,0.1651701337252482,0.03209573841924425,116.96009186511706,17.017842367455934,0.004942441296504922
0.965,2.3291225686287977,757.765107771019,0.16530588167216217,0.03199820943573547,117.05870294792288,16.98595357739951,0.004956347225897115
0.97,2.3318683463483083,757.7635793195684,0.16544115217953712,0.0319010259025832,117.15696652910219,16.954149781212525,0.004970167120990203
0.975,2.33459851877002,757.7620874175827,0.1655759459413957,0.031804187292958266,117.2548830439233,16.92243108814372,0.004983901338177965
0.98,2.3373132544164927,757.7606315411626,0.1657102636824833,0.03170769305828624,117.35245295274396,16.89079759578558,0.004997550233093628
0.985,2.340012718987388,757.7592111722646,0.16584410615748157,0.03161154262880836,117.44967674033752,16.85924939034282,0.005011114160593745
0.99,2.3426970753955625,757.7578257986302,0.1659774741502382,0.03151573541413099,117.54655491523984,16.827786546895258,0.005024593474742523
0.995,2.3453664838027475,757.7564749137168,0.16611036847301264,0.03142027080376355,117.64308800910582,16.796409129655082,0.005037988528796603
1.0,2.348021101654801,757.7551580166296,0.1662427899657374,0.03132514816764536,117.73927657608608,16.76511719221875,0.005051299675190283
1.0050000000000001,2.3506610837165707,757.753874612053,0.166374739495295,0.03123036685666136,117.83512119221191,16.73391077781355,0.0050645272655211624
1.01,2.3532865821063353,757.7526242101849,0.16650621795480935,0.03113592620314732,117.93062245479997,16.702789919539025,0.005077671650536218
1.0150000000000001,2.355897746329854,757.7514063266701,0.16663722626295246,0.031041825521384448,118.0257809818648,16.671754640603343,0.005090733180118282
1.02,2.358494723314023,757.7502204825358,0.16676776536326474,0.030948064108083838,118.12059741155011,16.640804954554696,0.0051037122032729235
1.025,2.3610776574401355,757.7490662041271,0.16689783622348991,0.030854641242860872,118.21507240156723,16.609940865507955,0.005116609068115731
1.03,2.3636466905767652,757.7479430230434,0.16702743983492313,0.030761556188699888,118.30920662865199,16.57916236836652,0.005129424121859971
1.035,2.366201962112264,757.7468504760764,0.167156577211773,0.030668808192409205,118.4030007880278,16.548469449039672,0.005142157710804629
1.04,2.3687436089868843,757.7457881051479,0.16728524939053613,0.030576396485066763,118.49645559288678,16.51786208465531,0.005154810180322817
1.045,2.3712717657245332,757.7447554572489,0.16741345742938524,0.030484320282456658,118.58957177387634,16.4873402437684,0.005167381874850541
1.05,2.373786564464165,757.7437520843796,0.16754120240756903,0.030392578785496668,118.6823500786035,16.45690388656505,0.005179873137875829
1.055,2.3762881349907983,757.7427775434898,0.16766848542482504,0.03030117118065697,118.77479127114395,16.426552965062434,0.005192284311928187
1.06,2.3787766047661916,757.74183139642,0.16779530760080402,0.030210096640370297,118.86689613156811,16.396287423304553,0.005204615738568418
1.065,2.3812520989591546,757.7409132098443,0.16792167007450648,0.030119354323433687,118.95866545547179,16.366107197554044,0.005216867758378748
1.07,2.3837147404755132,757.7400225552122,0.16804757400373044,0.030028943375401917,119.05010005352317,16.336012216480007,0.005229040710953288
1.075,2.386164649987737,757.739159008693,0.16817302056453068,0.029938862928973003,119.14120075101381,16.306002401342024,0.005241134934888816
1.08,2.388601945964215,757.7383221511196,0.16829801095068878,0.029849112104365742,119.2319683874257,16.27607766617042,0.005253150767775857
1.085,2.3910267446982094,757.7375115679338,0.1684225463731944,0.02975969000968951,119.32240381600165,16.24623791794283,0.0052650885461900734
1.09,2.393439160336465,757.7367268491319,0.1685466280597366,0.029670595741306503,119.41250790333142,16.21648305675718,0.005276948605683959
1.095,2.395839304907497,757.735967589211,0.16867025725420615,0.02958182838418662,119.50228152894067,16.186812976001196,0.005288731280778804
1.1,2.3982272883495575,757.7352333871164,0.1687934352162072,0.029493387012255016,119.59172558489514,16.157227562518397,0.00530043690495697
1.105,2.400603218538272,757.7345238461893,0.1689161632205798,0.029405270688732672,119.68084097540753,16.12772669677079,0.005312065810654418
1.11,2.4029672013139782,757.7338385741151,0.16903844255693135,0.029317478466469822,119.76962861645902,16.098310252998232,0.005323618329253527
1.115,2.405319340508734,757.7331771828727,0.16916027452917815,0.029230009388272776,119.8580894354228,16.06897809937461,0.00533509479107617
1.12,2.4076597379730154,757.7325392886842,0.16928166045509582,0.029142862487223985,119.94622437070244,16.039730098160838,0.005346495525377054
1.125,2.4099884936021363,757.7319245119652,0.1694026016658793,0.02905603678699555,120.03403437137156,16.010566105854778,0.005357820860337312
1.1300000000000001,2.4123057053623396,757.7313324772764,0.16952309950571154,0.02896953130215626,120.12152039682769,15.981485973338142,0.00536907112305835
1.135,2.4146114693166054,757.7307628132746,0.16964315533134106,0.028883345038472605,120.20868341644764,15.952489546020455,0.005380246639555933
1.1400000000000001,2.4169058796501703,757.7302151526654,0.16976277051166805,0.028797476993203345,120.29552440925649,15.923576663980102,0.005391347734754514
1.145,2.419189028695739,757.7296891321564,0.16988194642733898,0.02871192615538831,120.38204436359752,15.894747162102563,0.00540237473248179
1.1500000000000001,2.421461006958415,757.72918439241,0.17000068447034927,0.02862669150613117,120.4682442768159,15.866000870215863,0.0054133279554635025
1.155,2.423721903140367,757.7287005779986,0.17011898604365436,0.028541772018876487,120.55412515494265,15.837337613223326,0.005424207725318442
1.16,2.425971804165191,757.728237337358,0.1702368525607884,0.028457166659681,120.63968801239172,15.808757211233642,0.005435014362553688
1.165,2.4282107952020118,757.7277943227443,0.170354285445491,0.028372874387479523,120.72493387165773,15.780259479688368,0.005445748186560054
1.17,2.430438959689309,757.7273711901885,0.1704712861313411,0.02828889415434534,120.80986376302646,15.751844229486863,0.005456409515607749
1.175,2.432656379358469,757.7269675994535,0.17058785606139898,0.028205224905745216,120.89447872428525,15.723511267108726,0.005466998666842238
1.18,2.4348631342570703,757.7265832139914,0.1707039966878549,0.028121865580789294,120.97877980044598,15.695260394733804,0.005477515956280312
1.185,2.437059302771915,757.7262177009005,0.17081970947168543,0.028038815112475787,121.06276804346801,15.667091410359784,0.005487961698806344
1.19,2.4392449616517946,757.7258707308841,0.17093499588231645,0.027956072427930682,121.14644451199305,15.63900410791747,0.0054983362081687465
1.195,2.441420186029994,757.7255419782086,0.17104985739729325,0.027873636448642585,121.22981027107993,15.610998277383748,0.005508639796976616
1.2,2.4435850494465536,757.7252311206632,0.17116429550195722,0.027791506090692652,121.31286639195118,15.583073704892298,0.005518872776696556
1.205,2.4457396238702716,757.7249378395193,0.1712783116891293,0.02770968026497987,121.39561395173887,15.555230172842112,0.0055290354576496906
1.21,2.447883979720462,757.724661819491,0.17139190745879962,0.02762815787744177,121.4780540332424,15.527467460003864,0.005539128149008841
1.215,2.450018185888472,757.7244027486958,0.17150508431782394,0.027546937829270413,121.56018772468524,15.499785341624131,0.005549151158795889
1.22,2.4521423097589463,757.7241603186159,0.17161784377962597,0.027466019017124067,121.64201611948282,15.472183589527578,0.0055591047938793
1.225,2.4542564172308694,757.7239342240603,0.17173018736390594,0.027385400333334524,121.72354031600989,15.444661972217093,0.005568989359971813
1.23,2.456360572738358,757.7237241631265,0.17184211659635504,0.02730508066611008,121.80476141737886,15.417220254971935,0.005578805161628294
1.235,2.458454839271231,757.7235298371638,0.17195363300837602,0.02722505889973434,121.88568053121661,15.389858199943939,0.005588552502243751
1.24,2.4605392783953404,757.7233509507365,0.172064738136809,0.02714533391476102,121.96629876945265,15.362575566251808,0.005598231684051492
1.245,2.4626139502726763,757.7231872115874,0.1721754335236636,0.027065904588204518,122.04661724810565,15.335372110073518,0.005607843008121448
1.25,2.464678913681268,757.7230383306023,0.1722857207158561,0.02698676979372669,122.12663708708047,15.30824758473692,0.005617386774358637
1.2550000000000001,2.4667342260348275,757.7229040217746,0.17239560126495226,0.02690792840181967,122.20635940996408,15.281201740808498,0.005626863281501773
1.26,2.468779943402188,757.7227840021703,0.1725050767269153,0.02682937927998495,122.28578534383153,15.254234326180413,0.005636272827122015
1.2650000000000001,2.470816120526547,757.7226779918939,0.17261414866185945,0.02675112129290868,122.36491601905038,15.227345086155768,0.005645615707621865
1.27,2.4728428108444627,757.7225857140543,0.172722818633808,0.02667315330263334,122.4437525690953,15.200533763532233,0.005654892218234186
1.2750000000000001,2.474860066504662,757.7225068947312,0.17283108821045717,0.026595474168725833,122.5222961303608,15.173800098683953,0.0056641026530213625
1.28,2.4768679383866345,757.7224412629421,0.1729389589629441,0.02651808274844201,122.60054784198421,15.147143829641871,0.00567324730487459
1.285,2.4788664761190136,757.7223885506098,0.1730464324656203,0.026440977896887836,122.67850884566609,15.120564692172431,0.005682326465513289
1.29,2.4808557280977546,757.7223484925302,0.1731535102958295,0.026364158467177077,122.75618028550129,15.094062419854717,0.005691340425484643
1.295,2.482835741504116,757.72232082634,0.17326019403369028,0.02628762331058575,122.83356330780705,15.067636744156074,0.005700289474163255
1.3,2.484806562322445,757.7223052924861,0.1733664852618831,0.026211371276703286,122.91065906096135,15.041287394506195,0.005709173899750932
1.305,2.4867682353577565,757.7223016341941,0.17347238556544212,0.02613540121358047,122.9874686952385,15.015014098369766,0.005717993989276574
1.31,2.4887208042531186,757.7223095974379,0.1735778965315509,0.02605971196787431,123.06399336265484,14.988816581317629,0.005726750028596183
1.315,2.4906643115068565,757.7223289309094,0.17368301974934308,0.025984302384989787,123.14023421681121,14.96269456709655,0.005735442302392978
1.32,2.4925987984895577,757.722359385989,0.17378775680970662,0.025909171309218607,123.21619241274554,14.936647777697587,0.0057440710941776265
1.325,2.494524305460887,757.722400716716,0.17389210930509263,0.025834317583875017,123.29186910678234,14.91067593342309,0.0057526366862885705
1.33,2.4964408715862323,757.7224526797598,0.17399607882932805,0.025759740051428663,123.36726545639159,14.884778752952357,0.005761139359892465
1.335,2.4983485349531454,757.7225150343911,0.17409966697743232,0.025685437553634703,123.44238262004495,14.858955953406003,0.005769579394984712
1.34,2.500247332587612,757.7225875424537,0.17420287534543813,0.025611408931661,123.517221757081,14.833207250409,0.005777957070390096
1.345,2.5021373004701504,757.7226699683365,0.17430570553021582,0.025537653026212706,123.59178402756757,14.807532358152486,0.005786272663763515
1.35,2.5040184735517155,757.7227620789465,0.17440815912930158,0.025464168677654084,123.66607059217327,14.781930989454317,0.005794526451590805
1.355,2.5058908857694466,757.7228636436809,0.1745102377407294,0.02539095472612772,123.74008261203566,14.75640285581842,0.005802718709189659
1.36,2.507754570062234,757.7229744344008,0.1746119429628667,0.025318010011671086,123.81382124863863,14.730947667492932,0.0058108497107106334
1.365,2.5096095583861096,757.7230942254049,0.1747132763942533,0.025245333374330686,123.88728766368645,14.705565133527182,0.00581891972913824
1.37,2.511455881729486,757.7232227934029,0.17481423963344414,0.025172923654273607,123.9604830189867,14.680254961827519,0.005826929036292131
1.375,2.513293570128211,757.72335991749,0.17491483427885524,0.025100779691896696,124.03340847632975,14.65501685921202,0.005834877902828364
1.3800000000000001,2.515122652680453,757.7235053791217,0.175015061928613,0.025028900327933288,124.10606519737726,14.629850531464093,0.00584276659824074
1.385,2.516943157561452,757.723658962088,0.17511492418040706,0.02495728440355763,124.17845434354696,14.60475568338499,0.005850595390862242
1.3900000000000001,2.518755112038088,757.7238204524898,0.17521442263134604,0.024885930760486952,124.2505770759061,14.579732018845252,0.0058583645478665295
1.395,2.5205585424832946,757.7239896387133,0.17531355887781672,0.024814838241081293,124.32243455506145,14.554779240835133,0.005866074335269521
1.4000000000000001,2.5223534743903073,757.7241663114066,0.17541233451534616,0.024744005688441147,124.39402794105793,14.52989705151396,0.005873725017931051
1.405,2.5241399323867744,757.7243502634558,0.17551075113846704,0.024673431946502854,124.4653583932732,14.505085152258543,0.005881316859556595
1.41,2.525917940248708,757.724541289961,0.17560881034058576,0.02460311586013192,124.5364270703212,14.480343243710545,0.0058888501226990655
1.415,2.5276875209142706,757.7247391882141,0.1757065137138538,0.024533056275214207,124.60723512995153,14.45567102582292,0.005896325068760682
1.42,2.5294486964974277,757.7249437576749,0.17580386284904173,0.024463252038744984,124.67778372895731,14.431068197905377,0.005903741957994902
1.425,2.5312014883014453,757.7251547999491,0.1759008593354162,0.024393701998916134,124.7480740230792,14.406534458668945,0.0059111010495084245
1.43,2.532945916832234,757.7253721187661,0.17599750476061937,0.024324405005201277,124.81810716691794,14.382069506269584,0.00591840260126325
1.435,2.5346820018115648,757.7255955199566,0.17609380071055175,0.024255359908438898,124.88788431384248,14.35767303835093,0.005925646870078808
1.44,2.536409762190132,757.7258248114314,0.1761897487692569,0.02418656556091366,124.95740661590649,14.333344752086145,0.005932834111634145
1.445,2.5381292161604723,757.7260598031594,0.1762853505188094,0.024118020816435787,125.02667522376103,14.309084344218908,0.005939964580470172
1.45,2.5398403811697468,757.7263003071469,0.17638060753920506,0.024049724530418617,125.09569128657503,14.28489151110355,0.0059470385299919635
1.455,2.5415432739323864,757.7265461374167,0.17647552140825395,0.02398167555995434,125.16445595195194,14.26076594874437,0.005954056212471128
1.46,2.543237910442599,757.7267971099874,0.17657009370147533,0.023913872763888056,125.23297036585399,14.236707352834118,0.005961017879048212
1.465,2.544924305986741,757.7270530428532,0.17666432599199583,0.023846315002889945,125.301235672523,14.212715418791694,0.005967923779735182
1.47,2.5466024751555554,757.7273137559637,0.17675821985044934,0.02377900113952583,125.36925301440816,14.188789841799048,0.005974774163417936
1.475,2.5482724318562813,757.7275790712042,0.17685177684487963,0.023711930038326057,125.4370235320904,14.164930316837307,0.005981569277858882
1.48,2.5499341893246243,757.7278488123765,0.17694499854064508,0.023645100565852693,125.50454836421412,14.14113653872215,0.005988309369699555
1.485,2.5515877601366075,757.7281228051788,0.17703788650032584,0.023578511590765162,125.57182864741489,14.117408202138444,0.005994994684463294
1.49,2.5532331562202897,757.7284008771877,0.177130442283633,0.02351216198388429,125.63886551625473,14.09374500167413,0.006001625466557953
1.495,2.554870388867356,757.7286828578386,0.17722266744732018,0.023446050618254742,125.7056601031532,14.070146631853408,0.006008201959278666
1.5,2.556499468744594,757.7289685784077,0.17731456354509695,0.023380176369206047,125.77221353832593,14.046612787169234,0.0060147244048106546
1.5050000000000001,2.5581204059052336,757.7292578719935,0.17740613212754466,0.023314538114412024,125.83852694971908,14.023143162115083,0.006021193044232077
1.51,2.559733209800161,757.7295505734988,0.17749737474203423,0.023249134733948726,125.90460146295106,13.999737451216067,0.006027608117516921
1.5150000000000001,2.5613378892890335,757.729846519613,0.17758829293264577,0.023183965110351087,125.97043820125016,13.976395349059384,0.006033969863537938
1.52,2.5629344526512616,757.7301455487946,0.17767888824009048,0.023119028128668034,126.03603828539929,13.95311655032411,0.006040278520069614
1.5250000000000001,2.5645229075968654,757.7304475012531,0.17776916220163425,0.02305432267651624,126.10140283367657,13.929900749810342,0.006046534323791183
1.53,2.566103261277242,757.7307522189334,0.17785911635102322,0.022989847644132554,126.16653296180324,13.906747642467728,0.006052737510289674
1.5350000000000001,2.5676755202957855,757.7310595454971,0.1779487522184115,0.02292560192442503,126.23142978288705,13.883656923423363,0.0060588883140630006
1.54,2.569239690718394,757.7313693263076,0.17803807133029012,0.02286158441302273,126.29609440737288,13.860628288009098,0.006064986968523075
1.545,2.570795778083898,757.7316814084121,0.17812707520941853,0.022797794008324147,126.36052794298915,13.837661431788224,0.0060710337059989685
1.55,2.572343787414352,757.7319956405265,0.17821576537475714,0.022734229611544476,126.42473149470096,13.814756050581613,0.006077028757740098
1.555,2.5738837232252147,757.732311873019,0.1783041433414022,0.022670890126761573,126.48870616465933,13.791911840493247,0.006082972353919447
1.56,2.575415589535425,757.7326299578939,0.17839221062052205,0.022607774460960666,126.55245305215698,13.769128497935194,0.006088864723636817
1.565,2.5769393898773707,757.7329497487767,0.17847996871929506,0.022544881524078006,126.61597325358,13.74640571965206,0.006094706094922113
1.57,2.5784551273067566,757.7332711008982,0.1785674191408493,0.02248221022904323,126.67926786236625,13.723743202744851,0.006100496694738648
1.575,2.5799628044123573,757.7335938710794,0.17865456338420385,0.022419759491820665,126.74233796895965,13.701140644694346,0.006106236748986491
1.58,2.581462423325662,757.7339179177168,0.17874140294421156,0.02235752823144938,126.80518466077075,13.678597743383913,0.006111926482505835
1.585,2.5829539857304313,757.734243100767,0.17882793931150343,0.022295515370082297,126.86780902213336,13.656114197121841,0.006117566119080382
1.59,2.5844374928721474,757.7345692817329,0.17891417397243456,0.022233719833024107,126.93021213426785,13.633689704663146,0.00612315588144078
1.595,2.5859129455673573,757.7348963236483,0.1790001084090315,0.02217214054876818,126.99239507523978,13.6113239652309,0.0061286959912680485
1.6,2.5873803442129106,757.7352240910647,0.17908574409894107,0.022110776449032362,127.05435891992539,13.589016678537051,0.006134186669197069
1.605,2.588839688795116,757.7355524500364,0.17917108251538078,0.022049626468793843,127.11610473997254,13.5667675448028,0.006139628134820061
1.61,2.5902909788987962,757.7358812681072,0.17925612512709035,0.021988689546322972,127.17763360376831,13.54457626477848,0.006145020606690109
1.615,2.5917342137162334,757.7362104142964,0.17934087339828497,0.021927964623216094,127.23894657640218,13.52244253976299,0.006150364302324694
1.62,2.593169392056026,757.7365397590855,0.17942532878860953,0.021867450644427393,127.30004471963548,13.50036607162278,0.006155659438209256
1.625,2.5945965123518575,757.7368691744048,0.17950949275309463,0.02180714655829987,127.36092909186682,13.478346562810394,0.0061609062298007685
1.6300000000000001,2.596015572671164,757.73719853362,0.17959336674211343,0.021747051316595278,127.42160074810337,13.45638371638256,0.006166104891531342
1.635,2.597426570723713,757.7375277115199,0.17967695220134022,0.021687163874523234,127.48206073992813,13.434477236017882,0.006171255636811835
1.6400000000000001,2.5988295038700886,757.7378565843026,0.1797602505717098,0.02162748319076947,127.54231011547348,13.412626826034103,0.006176358678035495
1.645,2.6002243691300886,757.7381850295637,0.17984326328937844,0.02156800822752307,127.60234991939026,13.390832191404948,0.006181414226581606
1.6500000000000001,2.601611163191027,757.7385129262835,0.17992599178568597,0.02150873795050294,127.66218119282273,13.369093037776569,0.006186422492819162
1.655,2.6029898824159563,757.7388401548146,0.18000843748711895,0.02144967132898345,127.72180497337972,13.347409071483606,0.006191383686110549
1.6600000000000001,2.6043605228517923,757.73916659687,0.18009060181527506,0.02139080733581919,127.78122229511156,13.325779999564837,0.00619629801481525
1.665,2.6057230802373614,757.7394921355104,0.1801724861868287,0.02133214494746896,127.84043418848272,13.304205529778482,0.006201165686293552
1.67,2.607077550011356,757.7398166551336,0.18025409201349754,0.021273683144018986,127.89944168035036,13.282685370617088,0.006205986906910286
1.675,2.608423927320205,757.7401400414615,0.18033542070201042,0.021215420909205248,127.95824579393897,13.261219231322084,0.00621076188203856
1.68,2.6097622070258697,757.7404621815292,0.180416473654076,0.021157357230435173,128.0168475488201,13.239806821897957,0.006215490816063522
1.685,2.6110923837135425,757.7407829636738,0.18049725226635283,0.021099491098808494,128.07524796088902,13.218447853126085,0.006220173912386124
1.69,2.6124144516992662,757.7411022775226,0.1805777579304201,0.021041821509137405,128.13344804234566,13.197142036578207,0.006224811373426905
1.695,2.6137284050374854,757.7414200139824,0.18065799203274974,0.020984347459966003,128.19144880167286,13.175889084629572,0.006229403400629776
1.7,2.6150342375284974,757.7417360652285,0.18073795595467915,0.020927067953588965,128.24925124361914,13.154688710471742,0.006233950194465831
1.705,2.616331942725844,757.7420503246934,0.18081765107238537,0.020869981996069622,128.306856369178,13.133540628125063,0.006238451954437145
1.71,2.617621513943602,757.742362687057,0.18089707875685962,0.020813088597257296,128.36426517557246,13.112444552450832,0.006242908879080609
1.715,2.6189029442636182,757.7426730482354,0.1809762403738834,0.02075638677080398,128.42147865623556,13.091400199163125,0.006247321165971749
1.72,2.620176226542651,757.7429813053702,0.181055137284005,0.020699875534180345,128.47849780079625,13.070407284840332,0.006251689011728571
1.725,2.6214413534194385,757.7432873568193,0.18113377084251722,0.02064355390869115,128.53532359506144,13.049465526936379,0.006256012612015402
1.73,2.622698317321704,757.743591102146,0.18121214239943584,0.020587420919489997,128.59195702100297,13.028574643791659,0.00626029216154675
1.735,2.623947110473067,757.7438924421086,0.181290253299479,0.02053147559559348,128.6483990567412,13.007734354643658,0.006264527854091156
1.74,2.625187724899882,757.7441912786517,0.18136810488204747,0.020475716969894704,128.70465067653322,12.986944379637306,0.00626871988247507
1.745,2.6264201524380226,757.7444875148952,0.1814456984812056,0.02042014407917626,128.76071285075759,12.966204439835042,0.006272868438586718
1.75,2.6276443847395785,757.7447810551258,0.18152303542566325,0.02036475596412255,128.81658654590368,12.945514257226593,0.006276973713379982
1.7550000000000001,2.6288604132794804,757.7450718047863,0.18160011703875859,0.02030955166933162,128.87227272455772,12.924873554738491,0.006281035896878284
1.76,2.630068229362058,757.7453596704672,0.18167694463844125,0.02025453024332644,128.92777234539346,12.904282056243332,0.006285055178178477
1.7650000000000001,2.631267824127528,757.7456445598968,0.1817535195372568,0.020199690738565545,128.98308636315915,12.883739486568748,0.0062890317454547305
1.77,2.632459188558398,757.7459263819325,0.18182984304233166,0.0201450322114532,129.03821572866937,12.863245571506145,0.006292965785962438
1.7750000000000001,2.6336423134858267,757.7462050465513,0.18190591645535878,0.020090553722349067,129.09316138879322,12.842800037819183,0.0062968574860421045
1.78,2.634817189595902,757.746480464841,0.18198174107258414,0.020036254335577302,129.14792428644708,12.822402613251997,0.006300707031123259
1.7850000000000001,2.635983807435849,757.746752548992,0.18205731818479384,0.01998213311943521,129.20250536058387,12.8020530265372,0.006304514605728356
1.79,2.6371421574201612,757.7470212122876,0.18213264907730195,0.01992818914620135,129.25690554618694,12.781751007403628,0.006308280393476683
1.795,2.6382922298366904,757.747286369096,0.18220773502993914,0.019874421492143177,129.31112577426035,12.761496286583856,0.006312004577088272
1.8,2.6394340148526654,757.7475479348616,0.1822825773170417,0.019820829237524266,129.36516697182364,12.741288595821489,0.006315687338387808
1.805,2.6405675025206206,757.7478058260969,0.18235717720744146,0.019767411466610985,129.41903006190313,12.721127667878234,0.006319328858308545
1.81,2.641692682784288,757.7480599603738,0.18243153596445633,0.019714167267678703,129.4727159635277,12.701013236540724,0.0063229293168962164
1.815,2.642809545484415,757.7483102563158,0.18250565484588138,0.01966109573301768,129.52622559172093,12.680945036627179,0.0063264888933129496
1.82,2.643918080364508,757.7485566335896,0.18257953510398053,0.019608195958938424,129.57955985749769,12.660922803993795,0.006330007765841178
1.825,2.6450182770765345,757.7487990128974,0.1826531779854789,0.019555467045776636,129.6327196678575,12.64094627554097,0.0063334861118875575
1.83,2.6461101251865555,757.749037315969,0.18272658473155565,0.019502908097897717,129.68570592578175,12.621015189219294,0.006336924107986878
1.835,2.6471936141802876,757.7492714655536,0.18279975657783767,0.01945051822370094,129.73851953022776,12.60112928403538,0.006340321929805973
1.84,2.6482687334686066,757.7495013854129,0.1828726947543935,0.01939829653562313,129.79116137612723,12.581288300057448,0.006343679752147634
1.845,2.6493354723930027,757.7497270003126,0.18294540048572788,0.01934624215014204,129.84363235438093,12.561491978420763,0.006346997748954518
1.85,2.6503938202309643,757.7499482360158,0.18301787499077707,0.019294354187779243,129.89593335185788,12.541740061332844,0.006350276093313058
1.855,2.65144376620131,757.7501650192747,0.18309011948290443,0.019242631773102745,129.94806525139077,12.522032292078526,0.006353514957457364
1.86,2.652485299469446,757.7503772778241,0.18316213516989657,0.0191910740347292,130.00002893177606,12.50236841502482,0.006356714512773128
1.865,2.6535184091525874,757.7505849403736,0.18323392325396023,0.01913968010532573,130.05182526777023,12.482748175625595,0.006359874929801528
1.87,2.654543084324918,757.7507879366008,0.1833054849317193,0.019088449121611423,130.1034551300904,12.463171320426087,0.006362996378243122
1.875,2.6555593140226783,757.7509861971439,0.1833768213942127,0.019037380224358476,130.15491938541135,12.443637597067244,0.006366079026961742
1.8800000000000001,2.6565670872492015,757.7511796535954,0.1834479338268924,0.018986472558393034,130.2062188963668,12.424146754289906,0.006369123043988389
1.885,2.657566392979905,757.7513682384943,0.1835188234096221,0.018935725272595634,130.25735452154728,12.4046985419388,0.006372128596525118
1.8900000000000001,2.658557220167227,757.7515518853199,0.18358949131667637,0.01888513751990139,130.30832711550192,12.3852927109664,0.006375095850948922
1.895,2.659539557745495,757.7517305284853,0.18365993871674022,0.018834708457299815,130.35913752873697,12.36592901343661,0.006378024972815612
1.9000000000000001,2.6605133946357244,757.7519041033297,0.1837301667729089,0.018784437245834385,130.40978660771844,12.3466072025283,0.006380916126863693
1.905,2.6614787197504155,757.7520725461133,0.18380017664268855,0.018734323050601756,130.46027519487106,12.327327032538703,0.0063837694770182305
1.9100000000000001,2.662435521998251,757.7522357940095,0.18386996947799683,0.018684365040750658,130.5106041285815,12.308088258886627,0.006386585186394723
1.915,2.6633837902887594,757.7523937850995,0.1839395464251643,0.018634562389480604,130.560774243198,12.288890638115571,0.006389363417302956
1.92,2.66432351353692,757.752546458365,0.1840089086249359,0.018584914274040226,130.61078636903414,12.26973392789665,0.0063921043312508636
1.925,2.66525468066772,757.752693753683,0.18407805721247314,0.01853541987572537,130.66064133236915,12.25061788703142,0.006394808088948373
1.93,2.6661772806206545,757.7528356118189,0.18414699331735634,0.018486078379876914,130.710339955452,12.23154227545454,0.006397474850311251
1.935,2.6670913023541862,757.7529719744205,0.18421571806358758,0.0184368889758783,130.75988305650276,12.212506854236304,0.0064001047744649455
1.94,2.667996734850132,757.7531027840118,0.1842842325695937,0.018387850857152863,130.80927144971648,12.193511385585056,0.006402698019748411
1.945,2.668893567118028,757.7532279839879,0.18435253794822992,0.018338963221160843,130.8585059452655,12.17455563284946,0.006405254743717943
1.95,2.6697817881994315,757.7533475186079,0.18442063530678357,0.0182902252693962,130.9075873493041,12.155639360520645,0.0064077751031509905
1.955,2.6706613871721694,757.7534613329899,0.18448852574697847,0.018241636207383168,130.95651646397056,12.136762334234243,0.0064102592540499735
1.96,2.671532353154539,757.7535693731047,0.18455621036497924,0.018193195244672566,131.00529408739305,12.117924320772282,0.006412707351646087
1.965,2.6723946753094663,757.7536715857707,0.18462369025139636,0.018144901594837885,131.05392101369202,12.099125088064973,0.006415119550403104
1.97,2.6732483428486153,757.7537679186477,0.1846909664912912,0.018096754475471176,131.1023980329859,12.080364405192384,0.00641749600402116
1.975,2.6740933450364457,757.7538583202315,0.18475804016418154,0.018048753108178658,131.1507259313946,12.061642042385992,0.006419836865440548
1.98,2.6749296711942225,757.7539427398485,0.18482491234404744,0.018000896718576194,131.1989054910456,12.042957771030133,0.006422142286845489
1.985,2.675757310703986,757.7540211276503,0.1848915840993372,0.017953184536284476,131.24693749007776,12.024311363663328,0.006424412419667902
1.99,2.676576253012466,757.754093434608,0.1849580564929738,0.017905615794924057,131.29482270264762,12.00570259397951,0.006426647414591171
1.995,2.6773864876349602,757.7541596125071,0.1850243305823617,0.01785818973211016,131.34256189893387,11.987131236829153,0.006428847421553895
2.0,2.678188004159156,757.7542196139423,0.18509040741939342,0.01781090558944732,131.3901558451441,11.968597068220289,0.006431012589753634
2.005,2.678980792248916,757.7542733923119,0.18515628805045717,0.017763762612523788,131.43760530351935,11.950099865319425,0.006433143067650651
2.0100000000000002,2.6797648416480166,757.7543209018133,0.185221973516444,0.017716760050905816,131.48491103234164,11.931639406452371,0.006435239002971638
2.015,2.680540142183835,757.7543620974374,0.18528746485275568,0.01766989715813171,131.53207378593868,11.913215471104962,0.0064373005427134375
2.02,2.6813066837710062,757.7543969349633,0.1853527630893127,0.01762317319170568,131.57909431469164,11.894827839923684,0.006439327833146757
2.025,2.6820644564150196,757.7544253709542,0.18541786925056236,0.01757658741309162,131.62597336504035,11.87647629471621,0.006441321019819872
2.0300000000000002,2.682813450215786,757.7544473627516,0.18548278435548737,0.01753013908770662,131.6727116794915,11.858160618451864,0.006443280247562322
2.035,2.6835536553711514,757.754462868471,0.18554750941761447,0.017483827484914376,131.719309996624,11.839880595261965,0.006445205660488594
2.04,2.6842850621803764,757.7544718469967,0.18561204544502344,0.017437651878018386,131.76576905109752,11.821636010440105,0.006447097402001805
2.045,2.685007661047567,757.754474257977,0.18567639344035608,0.017391611544255038,131.81208957365834,11.803426650442336,0.006448955614797362
2.05,2.6857214424850673,757.7544700618198,0.1857405544008258,0.017345705764786536,131.85827229114798,11.785252302887278,0.006450780440866629
2.055,2.6864263971168096,757.7544592196878,0.18580452931822694,0.017299933824693664,131.90431792650955,11.76711275655614,0.006452572021500573
2.06,2.687122515681617,757.7544416934934,0.18586831917894478,0.017254295012968428,131.95022719879648,11.749007801392674,0.006454330497293403
2.065,2.6878097890364736,757.754417445895,0.18593192496396538,0.017208788622506504,131.9960008231793,11.73093722850303,0.006456056008146199
2.07,2.6884882081597605,757.7543864402917,0.18599534764888576,0.01716341395009964,132.0416395109545,11.71290083015556,0.006457748693270538
2.075,2.689157764154431,757.754348640819,0.18605858820392435,0.017118170296427843,132.0871439695517,11.69489839978052,0.006459408691192101
2.08,2.689818448251152,757.7543040123445,0.1861216475939314,0.017073056966051475,132.13251490254282,11.676929731969734,0.006461036139754271
2.085,2.6904702518114227,757.7542525204635,0.18618452677839992,0.017028073267403195,132.1777530096493,11.658994622476152,0.006462631176121734
2.09,2.6911131663306334,757.7541941314945,0.1862472267114763,0.016983218512779848,132.22285898675176,11.641092868213367,0.0064641939367840505
2.095,2.6917471834410986,757.7541288124747,0.18630974834197167,0.016938492018334136,132.26783352589734,11.623224267255035,0.00646572455755923
2.1,2.6923722949150384,757.7540565311564,0.18637209261337287,0.016893893104066252,132.31267731530946,11.605388618834267,0.006467223173597291
2.105,2.6929884926675323,757.7539772560018,0.18643426046385414,0.016849421093815355,132.3573910393955,11.58758572334292,0.006468689919383815
2.11,2.693595768759437,757.7538909561797,0.1864962528262884,0.016805075315250946,132.40197537875704,11.569815382330837,0.006470124928743482
2.115,2.694194115400255,757.7537976015609,0.18655807062825924,0.01676085509986415,132.44643101019744,11.552077398505036,0.006471528334843602
2.12,2.6947835249509633,757.753697162714,0.18661971479207246,0.01671675978295893,132.49075860673207,11.534371575728827,0.006472900270197635
2.125,2.695363989926826,757.7535896109018,0.18668118623476831,0.016672788703643093,132.53495883759663,11.516697719020868,0.006474240866668701
2.13,2.695935503000146,757.7534749180766,0.1867424858681337,0.016628941204819288,132.57903236825737,11.49905563455417,0.006475550255473074
2.1350000000000002,2.6964980570029904,757.7533530568767,0.18680361459871414,0.01658521663317589,132.62297986041952,11.481445129655045,0.006476828567183674
2.14,2.697051644929896,757.7532240006221,0.18686457332782655,0.016541614339177776,132.66680197203763,11.46386601280199,0.00647807593173354
2.145,2.6975962599405046,757.7530877233112,0.18692536295157153,0.01649813367705702,132.71049935732415,11.446318093624537,0.006479292478419298
2.15,2.6981318953621694,757.7529441996161,0.1869859843608462,0.016454774004803517,132.75407266676044,11.428801182902014,0.006480478335904618
2.1550000000000002,2.6986585446925555,757.7527934048791,0.18704643844135688,0.016411534684155474,132.797522547105,11.411315092562301,0.006481633632223655
2.16,2.69917620160218,757.7526353151089,0.187106726073632,0.01636841508058991,132.84084964140456,11.393859635680503,0.006482758494784482
2.165,2.6996848599369137,757.7524699069771,0.18716684813303522,0.01632541456331297,132.88405458900303,11.376434626477577,0.0064838530503725155
2.17,2.700184513720467,757.7522971578137,0.18722680548977846,0.01628253250525022,132.92713802555218,11.359039880318925,0.006484917425153924
2.1750000000000003,2.7006751571568257,757.7521170456041,0.1872865990089352,0.01623976828303688,132.97010058302098,11.341675213712923,0.006485951744679029
2.18,2.7011567846326425,757.751929548985,0.18734622955045382,0.016197121277007946,133.01294288970652,11.324340444309433,0.006486956133885695
2.185,2.7016293907196234,757.7517346472409,0.187405697969171,0.016154590871188278,133.0556655702433,11.307035390898232,0.006487930717102706
2.19,2.702092970176869,757.7515323203006,0.18746500511482533,0.01611217645328257,133.09826924561435,11.28975987340742,0.006488875618053131
2.195,2.7025475179531675,757.7513225487331,0.1875241518320709,0.01606987741466533,133.1407545331605,11.272513712901784,0.0064897909598576825
2.2,2.7029930291892605,757.7511053137447,0.18758313896049109,0.01602769315037073,133.18312204659202,11.255296731581124,0.00649067686503806
2.205,2.703429499220084,757.7508805971748,0.18764196733461225,0.015985623059082438,133.2253723959977,11.23810875277853,0.0064915334555202785
2.21,2.703856923576986,757.7506483814931,0.18770063778391774,0.015943666543123354,133.26750618785653,11.220949600958615,0.006492360852637995
2.215,2.7042752979898794,757.7504086497953,0.1877591511328619,0.01590182300844534,133.30952402504724,11.203819101715728,0.006493159177135816
2.22,2.704684618389382,757.7501613858004,0.18781750820088403,0.015860091864618803,133.35142650685964,11.186717081772109,0.006493928549172596
2.225,2.7050848809089283,757.7499065738469,0.18787570980242269,0.01581847252482236,133.39321422900443,11.169643368976029,0.006494669088324726
2.23,2.7054760818868377,757.7496441988894,0.18793375674692972,0.015776964405832327,133.43488778362502,11.15259779229987,0.0064953809135894075
2.235,2.705858217868358,757.7493742464952,0.1879916498388847,0.015735566928012232,133.47644775930698,11.135580181838192,0.006496064143387917
2.24,2.7062312856076787,757.749096702841,0.1880493898778092,0.01569427951530226,133.51789474108995,11.118590368805746,0.006496718895568861
2.245,2.7065952820699053,757.7488115547097,0.1881069776582812,0.015653101595208663,133.5592293104775,11.101628185535489,0.00649734528741141
2.25,2.706950204433004,757.7485187894871,0.18816441396994973,0.015612032598793048,133.60045204544872,11.084693465476501,0.006497943435628538
2.255,2.7072960500897185,757.7482183951582,0.18822169959754925,0.015571071960661764,133.64156352046842,11.067786043191957,0.006498513456370232
2.2600000000000002,2.7076328166494643,757.7479103603044,0.1882788353209144,0.015530219118955151,133.68256430649893,11.050905754356986,0.006499055465226703
2.265,2.7079605019401707,757.7475946741002,0.18833582191499448,0.015489473515336775,133.72345497101009,11.034052435756568,0.006499569577231576
2.27,2.708279104010108,757.7472713263099,0.1883926601498684,0.015448834594982608,133.76423607799114,11.017225925283354,0.00650005590686508
2.275,2.7085886211296795,757.7469403072844,0.18844935079075933,0.015408301806570202,133.8049081879609,11.000426061935476,0.006500514568057213
2.2800000000000002,2.708889051793196,757.7466016079578,0.1885058945980495,0.015367874602267812,133.84547185797967,10.983652685814334,0.006500945674190903
2.285,2.7091803947205966,757.746255219845,0.18856229232729518,0.015327552437723503,133.88592764165958,10.966905638122352,0.0065013493381051585
2.29,2.7094626488591547,757.7459011350378,0.1886185447292415,0.015287334772054182,133.92627608917618,10.950184761160704,0.006501725672098201
2.295,2.709735813385154,757.7455393462021,0.1886746525498375,0.01524722106783467,133.9665177472794,10.933489898327021,0.006502074787930593
2.3000000000000003,2.7099998877055356,757.745169846575,0.18873061653025114,0.01520721079108665,134.00665315930482,10.91682089411306,0.0065023967968283495
2.305,2.7102548714595085,757.7447926299612,0.18878643740688425,0.015167303411267707,134.0466828651845,10.900177594102374,0.006502691809486037
2.31,2.7105007645201433,757.7444076907307,0.18884211591138775,0.015127498401260236,134.08660740145893,10.883559844967928,0.006502959936069866
2.315,2.710737566995924,757.7440150238151,0.1888976527706767,0.01508779523736038,134.1264273012873,10.866967494469725,0.006503201286220767
2.32,2.7109652792322807,757.7436146247051,0.1889530487069454,0.015048193399266956,134.1661430944597,10.850400391452377,0.006503415969057457
2.325,2.711183901813091,757.7432064894471,0.18900830443768282,0.015008692370070301,134.20575530740768,10.833858385842674,0.006503604093179492
2.33,2.7113934355621487,757.7427906146404,0.18906342067568752,0.014969291636241158,134.245264463216,10.817341328647139,0.006503765766670312
2.335,2.7115938815446103,757.7423669974345,0.18911839812908318,0.014929990687619491,134.28467108163352,10.800849071949537,0.00650390109710027
2.34,2.711785241068421,757.7419356355256,0.18917323750133372,0.01489078901740334,134.32397567908498,10.784381468908386,0.00650401019152965
2.345,2.711967515685693,757.7414965271543,0.18922793949125866,0.014851686122137607,134.36317876868176,10.767938373754438,0.006504093156511677
2.35,2.712140707194066,757.7410496711022,0.18928250479304848,0.014812681501702844,134.40228086023404,10.75151964178816,0.006504150098095508
2.355,2.7123048176380498,757.7405950666894,0.18933693409628,0.01477377465930403,134.4412824602612,10.73512512937716,0.00650418112182922
2.36,2.712459849310326,757.7401327137712,0.18939122808593162,0.014734965101459333,134.48018407200396,10.718754693953633,0.0065041863327627795
2.365,2.7126058047530344,757.7396626127357,0.18944538744239903,0.01469625233798884,134.5189861954352,10.70240819401176,0.006504165835451003
2.37,2.712742686759011,757.7391847645007,0.18949941284151028,0.014657635882003335,134.55768932727187,10.686085489105128,0.006504119733956506
2.375,2.71287049837303,757.7386991705107,0.18955330495454148,0.014619115249892973,134.59629396098595,10.669786439844087,0.0065040481318526374
2.38,2.712989242893,757.7382058327346,0.18960706444823217,0.014580689961316,134.63480058681603,10.653510907893125,0.006503951132226409
2.3850000000000002,2.713098923871129,757.7377047536623,0.1896606919848008,0.014542359539187465,134.67320969177862,10.637258755968215,0.006503828837681401
2.39,2.7131995451150916,757.7371959363027,0.18971418822196023,0.014504123509667932,134.71152175967984,10.621029847834158,0.006503681350340675
2.395,2.7132911106891324,757.7366793841798,0.1897675538129333,0.014465981402152118,134.74973727112624,10.604824048301891,0.006503508771849649
2.4,2.71337362491516,757.7361551013308,0.18982078940646824,0.014427932749257626,134.787856703537,10.588641223225803,0.006503311203378989
2.4050000000000002,2.713447092373828,757.7356230923035,0.18987389564685425,0.014389977086813586,134.82588053115455,10.572481239501023,0.006503088745627468
2.41,2.71351151790557,757.7350833621526,0.18992687317393708,0.01435211395384931,134.86380922505677,10.556343965060702,0.006502841498824822
2.415,2.7135669066116224,757.7345359164381,0.18997972262313453,0.014314342892582982,134.90164325316766,10.540229268873281,0.006502569562734593
2.42,2.713613263855018,757.7339807612216,0.1900324446254521,0.014276663448410293,134.9393830802694,10.524137020939742,0.006502273036656962
2.4250000000000003,2.7136505952615497,757.7334179030643,0.19008503980749838,0.014239075169893114,134.97702916801325,10.508067092290858,0.006501952019431566
2.43,2.7136789067207223,757.732847349024,0.1901375087915008,0.014201577608748153,135.0145819749314,10.492019354984423,0.006501606609440306
2.435,2.713698204386661,757.7322691066526,0.19018985219532106,0.014164170319835584,135.05204195644797,10.475993682102462,0.0065012369046101495
2.44,2.713708494679006,757.7316831839929,0.19024207063247087,0.014126852861147707,135.08940956489087,10.459989947748461,0.006500843002415904
2.445,2.713709784283788,757.7310895895769,0.1902941647121274,0.01408962479379759,135.12668524950286,10.444008027044541,0.006500424999883002
2.45,2.713702080154263,757.730488332422,0.19034613503914896,0.014052485682007732,135.16386945645306,10.42804779612867,0.006499982993590255
2.455,2.7136853895117397,757.7298794220296,0.19039798221409052,0.014015435093098695,135.2009626288483,10.412109132151828,0.006499517079672604
2.46,2.7136597198463717,757.7292628683814,0.1904497068332193,0.013978472597477762,135.2379652067447,10.396191913275182,0.006499027353823863
2.465,2.7136250789179344,757.7286386819372,0.19050130948853047,0.013941597768627582,135.27487762715876,10.380296018667241,0.00649851391129944
2.47,2.7135814747565594,757.7280068736326,0.1905527907677626,0.013904810183094824,135.31170032407917,10.364421328501015,0.0064979768469190565
2.475,2.71352891566347,757.7273674548757,0.19060415125441335,0.013868109420478846,135.34843372847777,10.34856772395115,0.006497416255069449
2.48,2.713467410211687,757.726720437545,0.19065539152775499,0.013831495063420343,135.3850782683211,10.332735087191073,0.006496832229707062
2.485,2.713396967246692,757.7260658339871,0.19070651216285,0.013794966697590005,135.42163436858164,10.316923301390101,0.006496224864360729
2.49,2.7133175958870863,757.7254036570132,0.19075751373056665,0.013758523911677195,135.45810245124952,10.301132250710573,0.006495594252134342
2.495,2.7132293055252203,757.7247339198973,0.19080839679759465,0.013722166297378623,135.49448293534334,10.285361820304962,0.006494940485709511
2.5,2.7131321058278064,757.7240566363732,0.19085916192646057,0.013685893449386997,135.530776236922,10.269611896312963,0.006494263657348207
2.505,2.7130260067364915,757.7233718206326,0.19090980967554358,0.013649704965379731,135.56698276909563,10.253882365858608,0.006493563858895398
2.5100000000000002,2.7129110184684353,757.7226794873216,0.19096034059909087,0.013613600446007616,135.6031029420372,10.238173117047339,0.0064928411817816774
2.515,2.712787151516834,757.7219796515387,0.19101075524723324,0.013577579494883535,135.63913716299353,10.222484038963104,0.006492095717025871
2.52,2.7126544166514406,757.7212723288325,0.19106105416600072,0.013541641718571126,135.675085836297,10.206815021665424,0.006491327555237637
2.525,2.712512824919063,757.7205575351986,0.19111123789733803,0.013505786726573522,135.71094936337636,10.191165956186461,0.006490536786620064
2.5300000000000002,2.7123623876440264,757.7198352870774,0.19116130697912018,0.01347001413132205,135.7467281427685,10.175536734528094,0.00648972350097224
2.535,2.7122031164286278,757.7191056013518,0.19121126194516785,0.013434323548164956,135.78242257012906,10.159927249658969,0.006488887787691823
2.54,2.712035023153567,757.718368495344,0.19126110332526317,0.013398714595356128,135.81803303824447,10.144337395511547,0.0064880297357776005
2.545,2.711858119978345,757.7176239868136,0.19131083164516488,0.013363186894043835,135.85355993704258,10.128767066979158,0.006487149433832028
2.5500000000000003,2.7116724193416464,757.716872093955,0.1913604474266242,0.01332774006825947,135.8890036536042,10.113216159913037,0.006486246970063765
2.555,2.7114779339617074,757.7161128353947,0.19140995118739995,0.013292373744906329,135.92436457217403,10.097684571119375,0.0064853224322901975
2.56,2.711274676836647,757.715346230189,0.19145934344127435,0.013257087553748307,135.95964307417228,10.082172198356323,0.006484375907939951
2.565,2.71106266124479,757.7145722978214,0.1915086246980683,0.013221881127398739,135.9948395382053,10.066678940331048,0.0064834074840553835
2.57,2.710841900744967,757.7137910582002,0.1915577954636569,0.013186754101309142,136.02995434007732,10.051204696696729,0.006482417247295082
2.575,2.7106124091767865,757.7130025316559,0.1916068562399848,0.013151706113758013,136.06498785280124,10.035749368049597,0.006481405283936333
2.58,2.7103742006608815,757.712206738939,0.19165580752508182,0.013116736805839642,136.09994044660993,10.020312855925937,0.006480371679877596
2.585,2.7101272895991566,757.7114037012171,0.1917046498130782,0.013081845821452906,136.13481248896727,10.004895062799092,0.006479316520640952
2.59,2.70987169067499,757.710593440073,0.19175338359422006,0.013047032807290075,136.16960434457943,9.989495892076478,0.0064782398913745525
2.595,2.7096074188534267,757.7097759775015,0.19180200935488487,0.013012297412825663,136.2043163754058,9.974115248096577,0.00647714187685505
2.6,2.7093344893813605,757.7089513359078,0.19185052757759674,0.012977639290305272,136.23894894067018,9.958753036125945,0.006476022561490022
2.605,2.7090529177876674,757.7081195381044,0.1918989387410418,0.012943058094734424,136.27350239687175,9.943409162356186,0.006474882029320379
2.61,2.7087627198833486,757.7072806073087,0.19194724332008367,0.012908553483867413,136.30797709779625,9.928083533900962,0.006473720364022771
2.615,2.708463911761632,757.7064345671411,0.19199544178577863,0.012874125118196196,136.34237339452704,9.912776058792959,0.006472537648911968
2.62,2.7081565097980635,757.7055814416218,0.19204353460539114,0.012839772660939271,136.37669163545596,9.89748664598089,0.006471333966943248
2.625,2.7078405306505755,757.7047212551691,0.19209152224240902,0.012805495778030557,136.41093216629446,9.88221520532646,0.006470109400714755
2.63,2.7075159912595392,757.7038540325964,0.19213940515655886,0.01277129413810831,136.44509533008474,9.86696164760134,0.006468864032469863
2.6350000000000002,2.7071829088477912,757.7029797991099,0.19218718380382122,0.012737167412504028,136.47918146721045,9.851725884484154,0.006467597944099518
2.64,2.706841300920641,757.7020985803064,0.19223485863644596,0.012703115275231382,136.5131909154079,9.836507828557432,0.006466311217144572
2.645,2.7064911852658633,757.7012104021705,0.19228243010296753,0.012669137402975148,136.54712400977695,9.821307393304586,0.006465003932798113
2.65,2.706132579953667,757.7003152910727,0.1923298986482202,0.012635233475080148,136.58098108279188,9.806124493106873,0.006463676171907769
2.6550000000000002,2.7057655033366483,757.6994132737664,0.19237726471335329,0.01260140317354022,136.61476246431226,9.79095904324035,0.006462328014978019
2.66,2.7053899740497127,757.6985043773857,0.19242452873584637,0.012567646182987181,136.6484684815942,9.775810959872839,0.006460959542172479
2.665,2.705006011009993,757.6975886294433,0.1924716911495246,0.012533962190679804,136.68209945930076,9.760680160060872,0.006459570833316188
2.67,2.70461363341675,757.6966660578275,0.19251875238457367,0.012500350886492824,136.71565571951325,9.745566561746655,0.0064581619678978726
2.6750000000000003,2.704212860751233,757.6957366908002,0.19256571286755536,0.012466811962905916,136.749137581742,9.730470083755005,0.006456733025072211
2.68,2.7038037127765397,757.6948005569944,0.19261257302142235,0.012433345114992738,136.78254536293696,9.71539064579031,0.006455284083662083
2.685,2.703386209537446,757.6938576854117,0.1926593332655336,0.012399950040409929,136.81587937749876,9.70032816843346,0.006453815222160802
2.69,2.7029603713602386,757.6929081054199,0.19270599401566937,0.012366626439386161,136.84913993728955,9.685282573138794,0.006452326518734351
2.695,2.7025262188524954,757.6919518467506,0.19275255568404648,0.012333374014711188,136.8823273516437,9.670253782231045,0.0064508180512235945
2.7,2.702083772902875,757.690988939497,0.19279901867933327,0.012300192471724883,136.91544192737874,9.655241718902262,0.006449289897146485
2.705,2.701633054680874,757.690019414111,0.1928453834066648,0.012267081518306341,136.9484839688058,9.64024630720876,0.006447742133700264
2.71,2.701174085636572,757.6890433014016,0.19289165026765798,0.012234040864862928,136.9814537777408,9.625267472068039,0.006446174837763641
2.715,2.7007068875003606,757.6880606325315,0.19293781966042645,0.012201070224319387,137.014351653515,9.610305139255718,0.006444588085898976
2.72,2.70023148228263,757.6870714390152,0.19298389197959595,0.012168169312106947,137.04717789298564,9.595359235402462,0.006442981954354437
2.725,2.699747892273475,757.686075752717,0.19302986761631902,0.01213533784615243,137.07993279054676,9.58042968799091,0.006441356519066159
2.73,2.699256140042375,757.6850736058477,0.19307574695829036,0.012102575546867358,137.11261663813994,9.56551642535258,0.006439711855660386
2.735,2.698756248437826,757.6840650309631,0.19312153038976157,0.012069882137137104,137.1452297252649,9.55061937666481,0.006438048039455606
2.74,2.69824824058698,757.6830500609608,0.1931672182915564,0.01203725734231004,137.17777233899025,9.53573847194766,0.006436365145464674
2.745,2.6977321398952667,757.6820287290784,0.19321281104108548,0.012004700890186699,137.21024476396406,9.520873642060836,0.00643466324839692
2.75,2.6972079700459917,757.6810010688907,0.19325830901236166,0.011972212511008898,137.2426472824245,9.506024818700592,0.006432942422660261
2.755,2.6966757549999163,757.6799671143077,0.1933037125760146,0.01193979193744896,137.2749801742108,9.491191934396644,0.0064312027423632815
2.7600000000000002,2.6961355189948257,757.6789268995716,0.19334902209930602,0.011907438904598876,137.30724371677323,9.47637492250908,0.006429444281317326
2.765,2.695587286545073,757.677880459255,0.19339423794614446,0.011875153149959513,137.33943818518432,9.46157371722526,0.0064276671130385635
2.77,2.6950310824411106,757.6768278282583,0.1934393604771003,0.011842934413429816,137.37156385214908,9.446788253556722,0.006425871310750054
2.775,2.694466931749001,757.675769041807,0.19348439004942067,0.011810782437296012,137.40362098801575,9.43201846733608,0.006424056947383794
2.7800000000000002,2.6938948598099204,757.6747041354498,0.19352932701704437,0.011778696966220853,137.4356098607862,9.417264295213919,0.006422224095582762
2.785,2.693314892239629,757.6736331450558,0.1935741717306167,0.011746677747232849,137.46753073612695,9.402525674655694,0.006420372827702951
2.79,2.6927270549279383,757.6725561068122,0.19361892453750443,0.011714724529715483,137.4993838773789,9.387802543938616,0.00641850321581538
2.795,2.6921313740381567,757.6714730572221,0.19366358578181064,0.011682837065396492,137.53116954556847,9.37309484214855,0.006416615331708117
2.8000000000000003,2.6915278760065133,757.6703840331018,0.1937081558043896,0.011651015108337128,137.56288799941794,9.358402509176894,0.006414709246888269
2.805,2.690916587541579,757.6692890715785,0.19375263494286157,0.011619258414921431,137.59453949535597,9.343725485717464,0.006412785032583979
2.81,2.6902975356236545,757.668188210088,0.19379702353162767,0.011587566743845487,137.6261242875281,9.329063713263384,0.006410842759746404
2.815,2.689670747504153,757.6670814863722,0.19384132190188477,0.011555939856106734,137.65764262780726,9.31441713410395,0.006408882499051684
2.82,2.6890362507049694,757.6659689384768,0.19388553038164022,0.011524377514993255,137.6890947658039,9.299785691321526,0.006406904320902906
2.825,2.688394073017822,757.6648506047485,0.19392964929572673,0.011492879486073086,137.720480948877,9.285169328788395,0.00640490829543205
2.83,2.687744242503583,757.6637265238332,0.1939736789658171,0.011461445537183524,137.751801422144,9.270567991163649,0.006402894492501934
2.835,2.6870867874915985,757.6625967346732,0.19401761971043913,0.011430075438420438,137.78305642849165,9.255981623890044,0.00640086298170814
2.84,2.68642173657898,757.661461276505,0.19406147184499023,0.011398768962127626,137.81424620858598,9.24141017319087,0.006398813832380937
2.845,2.6857491186298934,757.6603201888563,0.19410523568175236,0.011367525882886127,137.84537100088315,9.22685358606681,0.006396747113587192
2.85,2.6850689627748365,757.6591735115446,0.19414891152990674,0.011336345977503567,137.8764310416395,9.212311810292805,0.00639466289413227
2.855,2.6843812984098743,757.6580212846741,0.19419249969554855,0.011305229025003518,137.90742656492225,9.197784794414902,0.0063925612425619225
2.86,2.6836861551958897,757.6568635486332,0.1942360004817017,0.011274174806614853,137.93835780261955,9.18327248774711,0.006390442227164174
2.865,2.682983563057798,757.6557003440926,0.19427941418833367,0.011243183105761095,137.96922498445102,9.168774840368254,0.006388305915971188
2.87,2.682273552183753,757.6545317120024,0.19432274111237002,0.011212253708049829,138.00002833797808,9.154291803118811,0.006386152376761132
2.875,2.68155615302434,757.65335769359,0.19436598154770943,0.011181386401262039,138.03076808861428,9.139823327597759,0.006383981677060027
2.88,2.680831396291756,757.6521783303576,0.1944091357852381,0.011150580975341497,138.06144445963574,9.125369366159418,0.00638179388414359
2.8850000000000002,2.6800993129589665,757.6509936640798,0.1944522041128447,0.011119837222384167,138.09205767219132,9.110929871910285,0.006379589065039067
2.89,2.6793599342588483,757.6498037368009,0.19449518681543487,0.011089154936627602,138.12260794531295,9.096504798705867,0.006377367286527052
2.895,2.6786132916833285,757.6486085908329,0.1945380841749461,0.011058533914440331,138.153095495926,9.082094101147511,0.006375128615143307
2.9,2.6778594169824936,757.6474082687529,0.19458089647036234,0.011027973954311276,138.18352053885965,9.067697734579227,0.006372873117180557
2.9050000000000002,2.6770983421637005,757.6462028134006,0.19462362397772864,0.01099747485683916,138.21388328685694,9.053315655084509,0.006370600858690288
2.91,2.676330099490651,757.644992267876,0.19466626697016587,0.010967036424721927,138.24418395058532,9.038947819483164,0.006368311905484531
2.915,2.675554721482475,757.643776675537,0.19470882571788542,0.010936658462746154,138.27442273864673,9.024594185328109,0.006366006323137633
2.92,2.674772240912787,757.6425560799967,0.19475130048820388,0.010906340777776493,138.30459985758804,9.010254710902199,0.0063636841769880255
2.9250000000000003,2.6739826908087254,757.6413305251214,0.19479369154555762,0.010876083178745081,138.33471551191104,8.995929355215022,0.0063613455321399745
2.93,2.6731861044499916,757.6401000550277,0.19483599915151747,0.010845885476641014,138.364769904083,8.981618077999718,0.006358990453465332
2.935,2.672382515367859,757.6388647140806,0.19487822356480344,0.010815747484499752,138.39476323454684,8.967320839709755,0.006356619005605267
2.94,2.6715719573441716,757.6376245468905,0.19492036504129934,0.01078566901739255,138.42469570173105,8.953037601515742,0.006354231252971994
2.945,2.6707544644103396,757.6363795983114,0.1949624238340674,0.010755649892415937,138.45456750206034,8.93876832530221,0.006351827259750489
2.95,2.669930070846309,757.6351299134376,0.1950044001933629,0.010725689928681156,138.48437882996564,8.924512973664404,0.006349407089900197
2.955,2.669098811179522,757.6338755376024,0.1950462943666489,0.01069578894730362,138.51412987789448,8.910271509905069,0.0063469708071567325
2.96,2.668260720183868,757.6326165163746,0.19508810659861076,0.010665946771392355,138.5438208363208,8.896043898031218,0.0063445184750335615
2.965,2.6674158328786075,757.6313528955567,0.19512983713117082,0.010636163226039474,138.57345189375587,8.881830102750913,0.006342050156823689
2.97,2.666564184527303,757.6300847211821,0.19517148620350316,0.01060643813830962,138.6030232367577,8.867630089470026,0.00633956591560132
2.975,2.6657058106367217,757.6288120395132,0.19521305405204797,0.010576771337229451,138.63253504994168,8.853443824289016,0.006337065814223526
2.98,2.664840746955714,757.6275348970381,0.1952545409105264,0.01054716265377709,138.66198751599072,8.839271273999676,0.006334549915331894
2.985,2.663969029474111,757.626253340469,0.1952959470099551,0.010517611920871606,138.69138081566553,8.825112406081896,0.006332018281354164
2.99,2.6630906944215873,757.6249674167394,0.1953372725786608,0.010488118973362461,138.7207151278144,8.81096718870041,0.0063294709745058695
2.995,2.6622057782665083,757.6236771730014,0.19537851784229507,0.010458683648019015,138.7499906293839,8.796835590701546,0.006326908056791952
3.0,2.661314317714779,757.6223826566237,0.19541968302384882,0.010429305783519967,138.77920749542858,8.782717581609958,0.006324329590008377
3.005,2.6604163497086653,757.6210839151889,0.195460768343667,0.010399985220442845,138.80836589912164,8.768613131625369,0.006321735635743742
3.0100000000000002,2.6595119114256094,757.6197809964914,0.19550177401946314,0.010370721801253473,138.83746601176446,8.754522211619296,0.006319126255380863
3.015,2.6586010402770377,757.6184739485342,0.19554270026633408,0.010341515370295458,138.86650800279747,8.74044479313178,0.006316501510098369
3.02,2.657683773907137,757.617162819527,0.19558354729677446,0.010312365773779654,138.89549203980962,8.726380848368107,0.006313861460872275
3.025,2.6567601501916434,757.615847657884,0.19562431532069152,0.010283272859773642,138.92441828854908,8.712330350195513,0.006311206168477543
3.0300000000000002,2.6558302072366096,757.6145285122208,0.1956650045454196,0.010254236478191197,138.95328691293295,8.698293272139905,0.006308535693489652
3.035,2.6548939833771485,757.6132054313523,0.1957056151757348,0.010225256480781783,138.982098075058,8.68426958838256,0.0063058500962861344
3.04,2.653951517176176,757.6118784642903,0.19574614741386956,0.010196332721120012,139.01085193520998,8.670259273756816,0.0063031494370481235
3.045,2.6530028474231395,757.6105476602407,0.19578660145952742,0.01016746505459513,139.03954865187472,8.656262303744779,0.00630043377576188
3.0500000000000003,2.652048013132734,757.6092130686015,0.19582697750989753,0.010138653338400479,139.0681883817474,8.642278654474,0.006297703172220317
3.055,2.6510870535436064,757.6078747389602,0.19586727575966933,0.01010989743152299,139.0967712797432,8.628308302714162,0.006294957686024504
3.06,2.6501200081170477,757.6065327210908,0.19590749640104724,0.010081197194732638,139.12529749900725,8.61435122587375,0.006292197376585178
3.065,2.649146916535672,757.6051870649524,0.19594763962376516,0.01005255249057191,139.15376719092504,8.600407401996717,0.006289422303124235
3.0700000000000003,2.6481678187020847,757.6038378206854,0.1959877056151013,0.0100239631833453,139.1821805051321,8.586476809759166,0.006286632524676212
3.075,2.6471827547375417,757.6024850386104,0.19602769455989263,0.009995429139108763,139.21053758952456,8.572559428465992,0.006283828100089763
3.08,2.6461917649805944,757.6011287692248,0.19606760664054973,0.009966950225659169,139.23883859026893,8.558655238047532,0.00628100908802913
3.085,2.6451948899857256,757.5997690632007,0.1961074420370713,0.009938526312523788,139.26708365181267,8.544764219056221,0.006278175546975592
3.09,2.6441921705219626,757.5984059713822,0.19614720092705887,0.009910157270949734,139.29527291689382,8.530886352663224,0.0062753275352289235
3.095,2.643183647571499,757.5970395447835,0.1961868834857315,0.009881842973893442,139.3234065265514,8.517021620655068,0.006272465110908823
3.1,2.6421693623282962,757.5956698345854,0.1962264898859403,0.009853583296010125,139.3514846201356,8.50317000543028,0.006269588331956354
3.105,2.6411493561966655,757.5942968921338,0.19626602029818338,0.00982537811364322,139.3795073353181,8.489331489995989,0.0062666972561353585
3.11,2.640123670789847,757.592920768937,0.1963054748906202,0.009797227304813841,139.40747480810148,8.475506057964552,0.00626379194103387
3.115,2.63909234792858,757.5915415166629,0.19634485382908654,0.009769130749210228,139.43538717283002,8.461693693550163,0.006260872444065521
3.12,2.63805542963966,757.5901591871367,0.19638415727710898,0.009741088328177213,139.46324456219958,8.447894381565446,0.006257938822470935
3.125,2.6370129581544814,757.5887738323385,0.19642338539591972,0.009713099924705633,139.4910471072681,8.434108107418046,0.006254991133319109
3.13,2.6359649759075774,757.5873855044008,0.1964625383444712,0.00968516542342179,139.51879493746495,8.420334857107228,0.006252029433508795
3.1350000000000002,2.634911525535141,757.585994255606,0.19650161627945087,0.009657284710576882,139.54648818060204,8.406574617220448,0.006249053779769864
3.14,2.6338526498735377,757.5846001383838,0.19654061935529582,0.009629457674036434,139.57412696288307,8.392827374929933,0.006246064228664665
3.145,2.6327883919578143,757.5832032053091,0.1965795477242077,0.009601684203269723,139.60171140891444,8.379093117989235,0.006243060836589377
3.15,2.6317187950201895,757.581803509099,0.1966184015361671,0.009573964189339215,139.6292416417147,8.36537183472981,0.006240043659775346
3.1550000000000002,2.6306439024885346,757.5804011026107,0.19665718093894868,0.009546297524889976,139.65671778272525,8.351663514057552,0.006237012754290419
3.16,2.6295637579848563,757.5789960388389,0.19669588607813557,0.009518684104139086,139.68413995182019,8.337968145449349,0.006233968176040269
3.165,2.628478405323749,757.5775883709133,0.19673451709713427,0.009491123822865056,139.71150826731667,8.324285718949614,0.006230909980769705
3.17,2.6273878885108553,757.5761781520961,0.19677307413718947,0.009463616578397241,139.73882284598486,8.310616225166829,0.006227838224063979
3.1750000000000003,2.6262922517413068,757.5747654357796,0.19681155733739863,0.009436162269605237,139.7660838030582,8.296959655270049,0.006224752961350084
3.18,2.625191539398158,757.5733502754838,0.19684996683472697,0.009408760796888273,139.7932912522435,8.283316000985437,0.006221654247898039
3.185,2.6240857960508084,757.5719327248535,0.196888302764022,0.009381412062164614,139.82044530573134,8.26968525459276,0.006218542138822171
3.19,2.6229750664534284,757.5705128376565,0.19692656525802857,0.009354115968860948,139.84754607420575,8.256067408921902,0.006215416689082383
3.1950000000000003,2.6218593955433516,757.5690906677803,0.19696475444740338,0.009326872421901753,139.87459366685488,8.24246245734935,0.006212277953485412
3.2,2.620738828439474,757.5676662692304,0.19700287046073003,0.00929968132769872,139.9015881913809,8.22887039379468,0.00620912598668609
3.205,2.619613410440642,757.5662396961272,0.19704091342453367,0.009272542594140065,139.9285297540104,8.21529121271704,0.00620596084318858
3.21,2.618483187024032,757.564811002704,0.1970788834632959,0.009245456130579952,139.95541845950422,8.201724909111626,0.006202782577347612
3.215,2.6173482038435156,757.5633802433042,0.19711678069946958,0.009218421847827816,139.98225441116793,8.188171478506135,0.006199591243369714
3.22,2.6162085067280185,757.5619474723788,0.1971546052534936,0.009191439658137741,140.0090377108619,8.174630916957234,0.006196386895314425
3.225,2.6150641416798712,757.5605127444842,0.19719235724380782,0.00916450947519781,140.03576845901156,8.161103221046998,0.006193169587095503
3.23,2.613915154873156,757.5590761142795,0.19723003678686785,0.009137631214119436,140.0624467546175,8.147588387879356,0.0061899393724821295
3.235,2.6127615926520376,757.5576376365239,0.19726764399715996,0.009110804791426723,140.0890726952658,8.134086415076524,0.006186696305100098
3.24,2.611603501529075,757.5561973660746,0.19730517898721592,0.009084030125045777,140.1156463771381,8.120597300775426,0.006183440438432994
3.245,2.6104409281835506,757.5547553578839,0.1973426418676279,0.009057307134294063,140.142167895022,8.10712104362412,0.006180171825823376
3.25,2.6092739194597803,757.553311666997,0.19738003274706334,0.0090306357398697,140.1686373423209,8.093657642778204,0.006176890520473933
3.255,2.608102522365404,757.5518663485494,0.19741735173227984,0.009004015863840807,140.19505481106472,8.080207097897212,0.006173596575448646
3.2600000000000002,2.6069267840696715,757.5504194577645,0.1974545989281401,0.008977447429634767,140.22142039191968,8.066769409141015,0.006170290043673935
3.265,2.6057467519017337,757.5489710499509,0.19749177443762683,0.008950930362027588,140.24773417419888,8.053344577166209,0.0061669709779397985
3.27,2.6045624733489205,757.5475211805002,0.19752887836185762,0.008924464587133163,140.2739962458722,8.039932603122486,0.00616363943090094
3.275,2.603373996055001,757.5460699048843,0.19756591080009997,0.008898050032392585,140.30020669357688,8.026533488649005,0.006160295455077898
3.2800000000000002,2.602181367818432,757.5446172786532,0.19760287184978614,0.008871686626563407,140.32636560262748,8.013147235870758,0.006156939102858152
3.285,2.600984636590625,757.5431633574319,0.19763976160652816,0.00884537429970896,140.35247305702632,7.999773847394922,0.006153570426497231
3.29,2.5997838504741804,757.541708196919,0.1976765801641328,0.008819112983187601,140.3785291394735,7.986413326307208,0.0061501894781198115
3.295,2.598579057721123,757.5402518528829,0.1977133276146165,0.008792902609641995,140.40453393137759,7.973065676168196,0.006146796309720798
3.3000000000000003,2.597370306731133,757.5387943811603,0.19775000404822032,0.00876674311298835,140.43048751286526,7.959730901009663,0.00614339097316641
3.305,2.596157646049769,757.5373358376535,0.1977866095534251,0.008740634428405714,140.45638996279214,7.94640900533091,0.006139973520195249
3.31,2.5949411243666605,757.5358762783276,0.19782314421696628,0.0087145764923252,140.4822413587528,7.9330999940950715,0.006136544002419361
3.315,2.593720790513734,757.5344157592084,0.19785960812384898,0.008688569242419243,140.50804177709105,7.919803872725424,0.0061331024713252875
3.3200000000000003,2.5924966934634095,757.5329543363797,0.197896001357363,0.008662612617590815,140.53379129291022,7.906520647101682,0.006129648978275114
3.325,2.591268882326789,757.531492065981,0.19793232399909788,0.008636706557962691,140.5594899800836,7.893250323556293,0.006126183574507507
3.33,2.5900374063518274,757.5300290042048,0.19796857612895793,0.008610851004866653,140.58513791126455,7.879992908870711,0.006122706311138735
3.335,2.588802314921526,757.5285652072945,0.19800475782517726,0.008585045900832724,140.61073515789676,7.866748410271675,0.006119217239163696
3.34,2.587563657552099,757.5271007315413,0.1980408691643348,0.008559291189578365,140.63628179022473,7.853516835427474,0.0061157164094569234
3.345,2.5863214838911364,757.5256356332824,0.1980769102213695,0.008533586815997697,140.6617778773042,7.840298192444204,0.00611220387277359
3.35,2.5850758437157526,757.524169968898,0.1981128810695952,0.00850793272615071,140.68722348701192,7.82709248986202,0.006108679679750501
3.355,2.583826786930744,757.5227037948096,0.19814878178071593,0.00848232886725245,140.71261868605657,7.813899736651371,0.00610514388090708
3.36,2.5825743635667404,757.5212371674762,0.19818461242484084,0.008456775187662203,140.73796353998867,7.800719942209241,0.006101596526646347
3.365,2.5813186237783317,757.5197701433933,0.19822037307049936,0.008431271636872694,140.76325811321115,7.78755311635537,0.006098037667255885
3.37,2.5800596178421977,757.5183027790897,0.1982560637846563,0.008405818165499282,140.78850246898958,7.774399269328474,0.0060944673529088
3.375,2.578797396155237,757.5168351311248,0.19829168463272695,0.008380414725269104,140.8136966694625,7.7612584117824515,0.006090885633664674
3.38,2.57753200923269,757.5153672560867,0.19832723567859228,0.008355061269010273,140.83884077565182,7.748130554782589,0.006087292559470508
3.3850000000000002,2.5762635077062437,757.5138992105894,0.19836271698461397,0.008329757750641029,140.8639348474732,7.735015709801755,0.006083688180161654
3.39,2.574991942322144,757.5124310512707,0.1983981286116496,0.008304504125158903,140.88897894374617,7.721913888716581,0.006080072545462745
3.395,2.5737173639392976,757.510962834789,0.19843347061906783,0.00827930034862987,140.91397312220482,7.708825103803645,0.006076445704988612
3.4,2.572439823527357,757.5094946178217,0.19846874306476345,0.008254146378177504,140.9389174395078,7.695749367735638,0.006072807708245193
3.4050000000000002,2.571159372164824,757.5080264570623,0.1985039460051727,0.008229042171972118,140.96381195124917,7.682686693577531,0.0060691586046304315
3.41,2.569876061037122,757.5065584092182,0.19853907949528826,0.008203987689219922,140.98865671196825,7.669637094782727,0.0060654984434351765
3.415,2.568589941434678,757.5050905310077,0.19857414358867462,0.008178982890152132,141.01345177516035,7.656600585189209,0.006061827273844058
3.42,2.5673010647510086,757.5036228791582,0.19860913833748303,0.008154027736014136,141.0381971932869,7.643577179015679,0.00605814514493637
3.4250000000000003,2.5660094824807724,757.5021555104037,0.19864406379246696,0.0081291221890546,141.06289301778602,7.630566890857693,0.006054452105686936
3.43,2.5647152462178338,757.5006884814816,0.19867892000299708,0.008104266212514597,141.08753929908286,7.617569735683784,0.006050748204966967
3.435,2.5634184076533306,757.4992218491313,0.19871370701707658,0.00807945977061673,141.11213608659986,7.604585728831576,0.006047033491544914
3.44,2.5621190185737097,757.4977556700912,0.19874842488135627,0.00805470282855426,141.13668342876738,7.591614886003899,0.006043308014087312
3.4450000000000003,2.5608171308587897,757.4962900010962,0.19878307364114994,0.008029995352480206,141.16118137303397,7.578657223264892,0.006039571821159611
3.45,2.559512796479804,757.4948248988757,0.19881765334044946,0.008005337309496463,141.18562996587664,7.56571275703609,0.006035824961227007
3.455,2.5582060674974296,757.4933604201505,0.19885216402194006,0.007980728667642904,141.2100292528115,7.552781504092526,0.006032067482655256
3.46,2.5568969960598267,757.4918966216311,0.19888660572701553,0.007956169395886501,141.23437927840396,7.539863481558796,0.006028299433711485
3.465,2.5555856344006624,757.4904335600148,0.19892097849579346,0.007931659464110419,141.25868008627938,7.526958706905144,0.006024520862564994
3.47,2.5542720348371457,757.4889712919836,0.19895528236713045,0.007907198843103105,141.28293171913313,7.5140671979435245,0.006020731817288046
3.475,2.5529562497680396,757.4875098742014,0.19898951737863746,0.00788278750454741,141.30713421874148,7.5011889728236705,0.006016932345856658
3.48,2.5516383316716706,757.4860493633117,0.1990236835666949,0.007858425421009665,141.3312876259714,7.488324050029131,0.006013122496151374
3.485,2.550318333103949,757.4845898159358,0.19905778096646798,0.007834112565928789,141.35539198079167,7.475472448373326,0.006009302315958033
3.49,2.5489963066963823,757.4831312886694,0.19909180961192194,0.007809848913605378,141.3794473222825,7.462634186995593,0.006005471852968529
3.495,2.547672305154066,757.4816738380808,0.19912576953583722,0.007785634439190803,141.40345368864686,7.449809285357212,0.006001631154781565
3.5,2.5463463812536893,757.4802175207085,0.1991596607698249,0.007761469118676289,141.42741111722006,7.436997763237429,0.005997780268903396
3.505,2.5450185878415277,757.4787623930586,0.19919348334434175,0.0077373529288820185,141.4513196444809,7.424199640729483,0.0059939192427485655
3.5100000000000002,2.5436889778314415,757.4773085116024,0.1992272372887056,0.007713285847446214,141.47517930606136,7.411414938236617,0.005990048123640631
3.515,2.5423576042028584,757.4758559327742,0.1992609226311105,0.007689267852814241,141.49899013675778,7.3986436764680885,0.005986166958812886
3.52,2.541024519998758,757.4744047129686,0.19929453939864222,0.007665298924227681,141.52275217054063,7.38588587643517,0.005982275795409069
3.525,2.539689778323657,757.4729549085388,0.19932808761729315,0.007641379041713435,141.54646544056538,7.373141559447137,0.005978374680484068
3.5300000000000002,2.5383534323415855,757.4715065757933,0.19936156731197788,0.007617508186072816,141.57012997918255,7.360410747107271,0.005974463661004617
3.535,2.537015535274062,757.4700597709941,0.1993949785065482,0.0075936863388706395,141.5937458179488,7.347693461308833,0.005970542783849977
3.54,2.5356761403980626,757.4686145503542,0.19942832122380857,0.007569913482424315,141.61731298763624,7.334989724231049,0.005966612095812624
3.545,2.5343353010439933,757.4671709700352,0.19946159548553122,0.007546189599792951,141.6408315182442,7.3222995583350725,0.005962671643598912
3.5500000000000003,2.5329930705936503,757.4657290861451,0.19949480131247146,0.007522514674766436,141.66430143900834,7.309622986359964,0.005958721473829739
3.555,2.5316495024781833,757.4642889547355,0.19952793872438293,0.007498888691854563,141.6877227784122,7.296960031318646,0.0059547616330412004
3.56,2.5303046501760678,757.4628506317997,0.19956100774003288,0.0074753116362761204,141.71109556419665,7.284310716493859,0.005950792167685238
3.565,2.5289585672110477,757.4614141732703,0.19959400837721727,0.007451783493947998,141.73441982337127,7.271675065434117,0.005946813124130275
3.5700000000000003,2.527611307150089,757.4599796350168,0.1996269406527762,0.0074283042514743025,141.75769558222376,7.259053101949651,0.0059428245486618505
3.575,2.5262629236013407,757.4585470728427,0.19965980458260899,0.007404873896135474,141.7809228663313,7.246444850108354,0.005938826487483239
3.58,2.5249134702120792,757.4571165424842,0.19969260018168947,0.007381492415877386,141.80410170057013,7.233850334231715,0.005934818986716065
3.585,2.523563000666655,757.4556880996071,0.1997253274640812,0.007358159799300485,141.82723210912644,7.221269578890752,0.005930802092400913
3.59,2.522211568684441,757.4542617998046,0.19975798644295273,0.00733487603564892,141.85031411550668,7.208702608901945,0.005926775850497921
3.595,2.5208592280177746,757.4528376985953,0.19979057713059264,0.007311641114799671,141.87334774254816,7.196149449323151,0.005922740306887375
3.6,2.5195060324498884,757.4514158514205,0.19982309953842498,0.007288455027251685,141.89633301242876,7.183610125449538,0.0059186955073702915
3.605,2.518152035792861,757.4499963136419,0.19985555367702423,0.007265317764115023,141.9192699466783,7.171084662809486,0.005914641497668991
3.61,2.5167972918855486,757.4485791405397,0.19988793955613068,0.007242229317100011,141.94215856618786,7.158573087160509,0.0059105783234276645
3.615,2.515441854591524,757.4471643873096,0.19992025718466547,0.007219189678506397,141.96499889122114,7.146075424485158,0.0059065060302129335
3.62,2.5140857777969976,757.4457521090615,0.1999525065707458,0.0071961988412125285,141.987790941424,7.1335917009869325,0.005902424663514403
3.625,2.5127291154087614,757.444342360816,0.19998468772170014,0.007173256798664509,142.01053473583568,7.121121943086176,0.005898334268745199
3.63,2.511371921352116,757.4429351975031,0.20001680064408323,0.007150363544865389,142.0332302928981,7.108666177415978,0.00589423489124251
3.6350000000000002,2.510014249568792,757.4415306739592,0.20004884534369136,0.007127519074364355,142.05587763046722,7.096224430818068,0.005890126576268115
3.64,2.5086561540148904,757.4401288449255,0.20008082182557743,0.007104723382245932,142.07847676582276,7.083796730338714,0.005886009369008895
3.645,2.5072976886587997,757.4387297650452,0.20011273009406605,0.007081976464119181,142.10102771567878,7.071383103224605,0.005881883314577354
3.65,2.505938907479114,757.4373334888614,0.20014457015276862,0.007059278316106942,142.12353049619384,7.058983576918742,0.00587774845801212
3.6550000000000002,2.5045798644625648,757.4359400708148,0.20017634200459847,0.007036628934835045,142.1459851229818,7.046598179056324,0.005873604844278439
3.66,2.5032206136019486,757.4345495652416,0.20020804565178585,0.007014028317421548,142.1683916111213,7.034226937460635,0.005869452518268669
3.665,2.50186120889404,757.4331620263708,0.20023968109589305,0.006991476461465994,142.19074997516674,7.021869880138914,0.005865291524802756
3.67,2.5005017043375135,757.4317775083226,0.20027124833782933,0.006968973365038689,142.21306022915817,7.009527035278252,0.005861121908628709
3.6750000000000003,2.4991421539308627,757.4303960651057,0.20030274737786607,0.0069465190266699605,142.235322386632,6.997198431241452,0.005856943714423066
3.68,2.4977826116703272,757.4290177506152,0.2003341782156517,0.006924113445339455,142.25753646063072,6.984884096562924,0.005852756986791352
3.685,2.4964231315478043,757.4276426186303,0.2003655408502266,0.006901756620465439,142.27970246371365,6.972584059944545,0.005848561770268528
3.69,2.495063767548767,757.4262707228123,0.20039683528003824,0.006879448551894111,142.30182040796674,6.960298350251543,0.005844358109319435
3.6950000000000003,2.493704573650185,757.4249021167019,0.20042806150295595,0.006857189239888943,142.32389030501338,6.94802699650837,0.005840146048339227
3.7,2.4923456038184426,757.4235368537176,0.20045921951628595,0.006834978685120022,142.34591216602382,6.935770027894572,0.005835925631653802
3.705,2.490986912007252,757.4221749871529,0.2004903093167862,0.006812816888653402,142.36788600172616,6.923527473740667,0.005831696903520216
3.71,2.489628552155583,757.4208165701747,0.2005213309006813,0.006790703851940505,142.3898118224159,6.911299363524014,0.005827459908127101
3.715,2.488270578185569,757.4194616558204,0.20055228426367733,0.006768639576807488,142.4116896379668,6.899085726864689,0.005823214689595066
3.72,2.4869130440004206,757.4181102969967,0.20058316940097665,0.006746624065444677,142.4335194578401,6.886886593521355,0.005818961291977095
3.725,2.4855560034823543,757.4167625464762,0.2006139863072928,0.006724657320395988,142.4553012910958,6.874701993387146,0.005814699759258938
3.73,2.484199510490507,757.4154184568961,0.20064473497686516,0.006702739344548366,142.47703514640173,6.862531956485526,0.00581043013535949
3.735,2.482843618858853,757.4140780807559,0.20067541540347383,0.006680870141121257,142.49872103204433,6.850376512966178,0.005806152464131169
3.74,2.4814883823941227,757.4127414704149,0.2007060275804543,0.006659049713656098,142.52035895593838,6.838235693100873,0.005801866789360278
3.745,2.480133854873725,757.4114086780903,0.20073657150071209,0.0066372780660058205,142.54194892563768,6.826109527279353,0.005797573154767374
3.75,2.478780090043661,757.4100797558551,0.20076704715673754,0.0066155552023243695,142.56349094834408,6.813998046005213,0.00579327160400761
3.755,2.477427141616451,757.4087547556359,0.20079745454062037,0.006593881127056256,142.58498503091855,6.801901279891772,0.005788962180671088
3.7600000000000002,2.4760750632690525,757.4074337292104,0.20082779364406433,0.006572255844926125,142.60643117989034,6.789819259657969,0.00578464492828319
3.765,2.474723908640787,757.4061167282061,0.2008580644584018,0.006550679360928348,142.6278294014679,6.777752016124246,0.005780319890304914
3.77,2.473373731331252,757.4048038040974,0.20088826697460832,0.0065291516803166255,142.64917970154787,6.765699580208433,0.005775987110133192
3.775,2.4720245848982585,757.4034950082037,0.2009184011833171,0.006507672808593632,142.67048208572587,6.753661982921642,0.00577164663110121
3.7800000000000002,2.470676522855749,757.4021903916874,0.20094846707483352,0.0064862427515006826,142.6917365593059,6.741639255364162,0.005767298496478715
3.785,2.4693295986717296,757.400890005552,0.20097846463914956,0.006464861515007413,142.71294312731052,6.729631428721361,0.005762942749472312
3.79,2.4679838657661906,757.3995939006396,0.2010083938659583,0.0064435291053014845,142.73410179449058,6.7176385342595815,0.0057585794332257675
3.795,2.4666393775090367,757.3983021276289,0.2010382547446682,0.006422245528778329,142.75521256533546,6.705660603322047,0.005754208590820284
3.8000000000000003,2.4652961872180335,757.3970147370331,0.20106804726441743,0.0064010107920309,142.77627544408224,6.693697667324776,0.005749830265274789
3.805,2.463954348156721,757.3957317791985,0.20109777141408838,0.006379824901839473,142.79729043472614,6.681749757752493,0.0057454444995462045
3.81,2.462613913532353,757.3944533043012,0.20112742718232168,0.006358687865161465,142.81825754103,6.669816906154547,0.005741051336529711
3.815,2.461274936493838,757.3931793623462,0.20115701455753054,0.00633759968912128,142.83917676653442,6.657899144140834,0.005736650819059007
3.8200000000000003,2.4599374701296703,757.3919100031646,0.201186533527915,0.006316560381000163,142.86004811456678,6.645996503377726,0.005732242989906558
3.825,2.458601567465876,757.390645276412,0.20121598408147592,0.006295569948226132,142.88087158825172,6.634109015584011,0.005727827891783845
3.83,2.457267281463951,757.3893852315663,0.20124536620602929,0.006274628398363903,142.90164719052044,6.622236712526821,0.005723405567341599
3.835,2.4559346650188054,757.3881299179255,0.20127467988922007,0.006253735739104846,142.92237492412042,6.610379626017585,0.00571897605917003
3.84,2.4546037709567137,757.3868793846061,0.20130392511853643,0.006232891978257001,142.94305479162503,6.598537787907983,0.005714539409799049
3.845,2.4532746520332567,757.3856336805408,0.20133310188132353,0.006212097123735091,142.9636867954434,6.586711230085894,0.005710095661698491
3.85,2.451947360931277,757.3843928544765,0.20136221016479763,0.006191351183550593,142.98427093782948,6.574899984471371,0.005705644857278316
3.855,2.4506219502588324,757.3831569549724,0.2013912499560598,0.006170654165801824,143.00480722089202,6.56310408301261,0.005701187038888817
3.86,2.4492984725471434,757.381926030398,0.2014202212421099,0.006150006078664079,143.0252956466039,6.551323557681924,0.0056967222488208125
3.865,2.447976980248557,757.380700128931,0.20144912400986026,0.006129406930379796,143.04573621681172,6.539558440471735,0.005692250529305836
3.87,2.44665752573452,757.3794792985559,0.2014779582461495,0.006108856729248749,143.06612893324512,6.527808763390567,0.005687771922516321
3.875,2.4453401612935273,757.3782635870612,0.20150672393775618,0.006088355483618289,143.08647379752617,6.516074558459048,0.00568328647056577
3.88,2.4440249391290876,757.3770530420377,0.2015354210714124,0.006067903201873619,143.10677081117896,6.504355857705919,0.0056787942155089284
3.8850000000000002,2.442711911357703,757.3758477108772,0.20156404963381747,0.006047499892428099,143.12701997563886,6.492652693164058,0.005674295199341945
3.89,2.4414011300068355,757.3746476407698,0.20159260961165132,0.006027145563713601,143.1472212922616,6.480965096866509,0.005669789464002525
3.895,2.4400926470128868,757.3734528787022,0.20162110099158814,0.006006840224170887,143.16737476233303,6.469293100842511,0.0056652770513700825
3.9,2.4387865142191734,757.3722634714561,0.20164952376030962,0.005986583882240043,143.18748038707784,6.457636737113556,0.005660758003265876
3.9050000000000002,2.437482783373915,757.3710794656058,0.20167787790451847,0.005966376546350943,143.20753816766901,6.44599603768944,0.005656232361453151
3.91,2.4361815061282126,757.3699009075167,0.20170616341095163,0.00594621822491376,143.22754810523705,6.434371034564333,0.005651700167637265
3.915,2.4348827340340375,757.3687278433431,0.20173438026639356,0.005926108926309512,143.2475102008791,6.422761759712853,0.005647161463465809
3.92,2.433586518542242,757.3675603190268,0.2017625284576894,0.00590604865888065,143.26742445566782,6.41116824508616,0.005642616290528724
3.9250000000000003,2.4322929110005354,757.3663983802945,0.2017906079717582,0.005886037430921696,143.2872908706606,6.399590522608048,0.005638064690358412
3.93,2.4310019626514903,757.3652420726568,0.20181861879560584,0.00586607525066993,143.3071094469086,6.388028624171067,0.00563350670442984
3.935,2.4297137246305502,757.3640914414055,0.20184656091633812,0.0058461621262961005,143.32688018546563,6.376482581632636,0.005628942374160631
3.94,2.428428247964031,757.3629465316126,0.20187443432117377,0.0058262980658951875,143.34660308739703,6.364952426811174,0.005624371740911158
3.9450000000000003,2.4271455835671385,757.3618073881277,0.2019022389974572,0.005806483077477221,143.3662781537889,6.353438191482256,0.0056197948459846304
3.95,2.425865782241987,757.3606740555766,0.2019299749326714,0.005786717168958155,143.3859053857564,6.341939907374773,0.0056152117306271674
3.955,2.424588894675614,757.3595465783596,0.2019576421144507,0.00576700034815075,143.40548478445297,6.330457606167091,0.005610622436027872
3.96,2.423314971438002,757.3584250006493,0.20198524053059336,0.005747332622755533,143.42501635107888,6.318991319483245,0.0056060270033188924
3.9650000000000003,2.4220440629801123,757.3573093663891,0.20201277016907437,0.005727714000351798,143.44450008689012,6.307541078889135,0.005601425473575489
3.97,2.4207762196319202,757.3561997192913,0.20204023101805782,0.005708144488388678,143.46393599320675,6.2961069158887435,0.00559681788781608
3.975,2.4195114916004465,757.3550961028354,0.20206762306590945,0.005688624094176219,143.48332407142186,6.284688861920349,0.00559220428700229
3.98,2.4182499289678048,757.3539985602665,0.20209494630120903,0.005669152824876538,143.5026643230099,6.273286948352779,0.005587584712038993
3.985,2.4169915816892438,757.352907134593,0.2021222007127628,0.005649730687495032,143.52195674953532,6.261901206481657,0.00558295920377435
3.99,2.415736499591202,757.3518218685854,0.20214938628961562,0.005630357688871619,143.5412013526611,6.250531667525669,0.005578327802999827
3.995,2.4144847323693623,757.3507428047743,0.20217650302106321,0.0056110338356720624,143.56039813415688,6.239178362622861,0.005573690550450232
4.0,2.413236329586713,757.3496699854489,0.20220355089666425,0.005591759134379315,143.57954709590777,6.227841322826928,0.005569047486803722
4.005,2.4119913406716154,757.3486034526551,0.20223052990625248,0.005572533591284939,143.5986482399223,6.216520579103532,0.005564398652681817
4.01,2.4107498149158713,757.3475432481937,0.20225744003994858,0.005553357212480571,143.61770156834098,6.205216162326642,0.00555974408864941
4.015,2.409511801472801,757.3464894136189,0.2022842812881721,0.005534230003849447,143.6367070834444,6.193928103274871,0.005555083835214759
4.0200000000000005,2.408277349355332,757.3454419902367,0.2023110536416533,0.005515151971057976,143.65566478766127,6.182656432627847,0.0055504179328294875
4.025,2.407046507434076,757.3444010191031,0.20233775709144486,0.005496123119547382,143.67457468357662,6.171401180962604,0.005545746421888571
4.03,2.4058193244354205,757.3433665410223,0.20236439162893352,0.005477143454525391,143.69343677394014,6.160162378749965,0.005541069342730316
4.035,2.404595848939636,757.3423385965452,0.20239095724585163,0.00545821298095798,143.71225106167378,6.148940056350972,0.005536386735636344
4.04,2.403376129378965,757.3413172259678,0.20241745393428873,0.005439331703561188,143.73101754987994,6.137734244013316,0.005531698640831558
4.045,2.4021602140357414,757.3403024693297,0.20244388168670283,0.00542049962679298,143.74973624184932,6.126544971867793,0.005527005098484108
4.05,2.400948151040503,757.3392943664119,0.20247024049593187,0.00540171675484518,143.76840714106874,6.115372269924775,0.005522306148705355
4.055,2.3997399883701096,757.3382929567359,0.20249653035520485,0.005382983091635454,143.78703025122897,6.104216168070701,0.005517601831549824
4.0600000000000005,2.398535773845868,757.337298279562,0.20252275125815306,0.005364298640799354,143.8056055762324,6.093076696064587,0.005512892187015157
4.065,2.397335555131669,757.3363103738869,0.20254890319882105,0.005345663405682444,143.8241331202009,6.081953883534562,0.005508177255042051
4.07,2.3961393797321127,757.3353292784433,0.2025749861716777,0.005327077389332453,143.8426128874831,6.070847759974404,0.005503457075514205
4.075,2.39494729499066,757.3343550316976,0.20260100017162713,0.005308540594491518,143.8610448826623,6.059758354740121,0.005498731688258244
4.08,2.393759348087793,757.3333876718483,0.20262694519401936,0.005290053023588493,143.87942911056356,6.048685697046538,0.00549400113304366
4.085,2.3925755860391567,757.3324272368251,0.2026528212346612,0.005271614678731299,143.89776557626166,6.037629815963902,0.005489265449582727
4.09,2.3913960556937197,757.3314737642867,0.20267862828982675,0.0052532255616993566,143.91605428508794,6.026590740414525,0.005484524677530418
4.095,2.3902208037319532,757.3305272916195,0.20270436635626793,0.005234885673936083,143.93429524263814,6.015568499169425,0.005479778856484328
4.1,2.3890498766639987,757.3295878559364,0.20273003543122506,0.005216595016541445,143.95248845477903,6.004563120845007,0.005475028025984571
4.105,2.3878833208278523,757.3286554940747,0.20275563551243697,0.0051983535902645935,143.97063392765625,5.993574633899757,0.005470272225513691
4.11,2.3867211823875545,757.3277302425953,0.20278116659815146,0.005180161395496552,143.988731667701,5.982603066630962,0.005465511494496559
4.115,2.385563507331381,757.3268121377805,0.20280662868713537,0.0051620184322629745,144.00678168163702,5.971648447171446,0.005460745872300265
4.12,2.3844103414700464,757.3259012156332,0.20283202177868456,0.005143924700216991,144.02478397648807,5.960710803486338,0.005455975398234007
4.125,2.3832617304349153,757.324997511875,0.20285734587263404,0.005125880198632092,144.04273855958456,5.949790163369856,0.005451200111548975
4.13,2.382117719676209,757.324101061945,0.2028826009693677,0.005107884926395103,144.06064543857022,5.9388865544421225,0.005446420051438233
4.135,2.380978354461237,757.3232119009983,0.20290778706982807,0.005089938881999222,144.0785046214093,5.928000004145987,0.0054416352570365875
4.14,2.37984367987262,757.3223300639047,0.20293290417552615,0.0050720420635371345,144.09631611639298,5.917130539743891,0.005436845767420467
4.1450000000000005,2.378713740806529,757.3214555852468,0.20295795228855074,0.005054194468694185,144.11407993214627,5.9062781883147455,0.005432051621607775
4.15,2.3775885819709286,757.3205884993195,0.20298293141157808,0.005036396094741645,144.13179607763428,5.8954429767508465,0.0054272528585577635
4.155,2.3764682478838273,757.3197288401276,0.20300784154788112,0.005018646938530026,144.1494645621692,5.884624931754786,0.00542244951717088
4.16,2.375352782871534,757.3188766413854,0.20303268270133887,0.005000946996482486,144.16708539541628,5.873824079836426,0.005417641636288623
4.165,2.3742422310669236,757.3180319365144,0.20305745487644541,0.004983296264588299,144.18465858740078,5.86304044730987,0.00541282925469339
4.17,2.373136636407714,757.317194758643,0.20308215807831914,0.004965694738396405,144.20218414851354,5.85227406029047,0.00540801241110832
4.175,2.3720360426347415,757.3163651406041,0.2031067923127115,0.004948142413009029,144.219662089518,5.841524944691862,0.005403191144197132
4.18,2.3709404932902487,757.3155431149347,0.20313135758601605,0.004930639283075375,144.23709242155584,5.830793126223018,0.005398365492563961
4.1850000000000005,2.369850031716185,757.3147287138737,0.20315585390527702,0.004913185342785402,144.25447515615318,5.820078630385331,0.005393535494753186
4.19,2.368764701052499,757.3139219693614,0.20318028127819798,0.00489578058586368,144.27181030522675,5.809381482469741,0.005388701189249261
4.195,2.3676845442354617,757.313122913038,0.2032046397131505,0.004878425005563306,144.2890978810899,5.798701707553848,0.005383862614476534
4.2,2.3666096039959807,757.312331576242,0.20322892921918234,0.004861118594659899,144.30633789645822,5.788039330499094,0.005379019808799062
4.205,2.3655399228579244,757.311547990009,0.20325314980602593,0.004843861345445698,144.32353036445562,5.777394375947952,0.005374172810520435
4.21,2.3644755431364635,757.3107721850711,0.2032773014841065,0.004826653249723707,144.34067529861977,5.76676686832114,0.005369321657883575
4.215,2.363416506936407,757.3100041918548,0.20330138426455013,0.004809494298801937,144.35777271290803,5.7561568318148755,0.005364466389070553
4.22,2.362362856150556,757.3092440404804,0.20332539815919184,0.00479238448348773,144.37482262170286,5.74556429039815,0.0053596070422023846
4.225,2.361314632458063,757.3084917607603,0.20334934318058326,0.004775323794082143,144.39182503981758,5.734989267810032,0.005354743655338833
4.23,2.3602718773227993,757.3077473821982,0.2033732193420006,0.00475831222037442,144.4087799825015,5.724431787556997,0.005349876266478201
4.235,2.3592346319917286,757.3070109339877,0.20339702665745207,0.004741349751636569,144.4256874654453,5.713891872910302,0.00534500491355713
4.24,2.358202937493298,757.3062824450114,0.20342076514168564,0.004724436376617973,144.44254750478655,5.703369546903355,0.005340129634450375
4.245,2.3571768346358217,757.3055619438394,0.2034444348101962,0.004707572083540127,144.4593601171148,5.692864832329154,0.005335250466970603
4.25,2.3561563640058907,757.3048494587281,0.20346803567923308,0.004690756860091428,144.47612531947652,5.682377751737727,0.005330367448868168
4.255,2.35514156596678,757.3041450176194,0.203491567765807,0.004673990693422061,144.49284312938047,5.671908327433615,0.005325480617830887
4.26,2.354132480656859,757.3034486481396,0.20351503108769745,0.004657273570138958,144.5095135648023,5.661456581473378,0.005320590011483816
4.265,2.353129147988027,757.3027603775979,0.20353842566345923,0.004640605476300844,144.52613664418988,5.651022535663142,0.005315695667389024
4.2700000000000005,2.352131607644154,757.3020802329856,0.20356175151242967,0.004623986397413382,144.54271238646763,5.640606211556158,0.005310797623045356
4.275,2.3511398990795134,757.301408240975,0.20358500865473506,0.004607416318424379,144.5592408110417,5.6302076304504185,0.005305895915888203
4.28,2.3501540615172467,757.3007444279182,0.2036081971112974,0.004590895223719068,144.57572193780413,5.61982681338627,0.005300990583289259
4.285,2.3491741339478214,757.300088819846,0.20363131690384087,0.004574423097115501,144.59215578713795,5.6094637811440915,0.00529608166255628
4.29,2.348200155127498,757.2994414424672,0.20365436805489812,0.004557999921860025,144.60854237992112,5.599118554241979,0.005291169190932842
4.295,2.3472321635768156,757.2988023211674,0.20367735058781652,0.0045416256806228225,144.6248817375316,5.58879115293348,0.00528625320559809
4.3,2.346270197579091,757.2981714810076,0.20370026452676437,0.004525300355493541,144.6411738818509,5.578481597205339,0.005281333743666492
4.305,2.345314295178906,757.2975489467236,0.20372310989673675,0.0045090239279770294,144.657418835269,5.568189906775296,0.005276410842187581
4.3100000000000005,2.3443644941806148,757.2969347427253,0.20374588672356161,0.0044927963789891286,144.67361662068805,5.557916101089902,0.005271484538145702
4.315,2.343420832146869,757.2963288930948,0.2037685950339053,0.004476617688852582,144.6897672615267,5.547660199322382,0.005266554868459753
4.32,2.3424833463971453,757.2957314215863,0.2037912348552783,0.004460487837293006,144.70587078172395,5.537422220370506,0.005261621869982919
4.325,2.3415520740062785,757.2951423516249,0.20381380621604087,0.004444406803434955,144.72192720574319,5.527202182854516,0.005256685579502417
4.33,2.3406270518030095,757.2945617063053,0.20383630914540818,0.004428374565798075,144.73793655857594,5.517000105115079,0.00525174603373922
4.335,2.3397083163685437,757.2939895083914,0.20385874367345583,0.00441239110229334,144.75389886574558,5.506816005211265,0.005246803269347792
4.34,2.3387959040351074,757.2934257803151,0.20388110983112487,0.004396456390219388,144.7698141533111,5.496649900918569,0.005241857322915816
4.345,2.3378898508845327,757.2928705441755,0.20390340765022683,0.004380570406258926,144.78568244787073,5.4865018097269616,0.0052369082309639235
4.3500000000000005,2.3369901927468426,757.2923238217376,0.2039256371634487,0.004364733126475234,144.80150377656517,5.476371748838965,0.005231956029945408
4.355,2.336096965198842,757.2917856344324,0.2039477984043576,0.004348944526308761,144.81727816708118,5.466259735167783,0.0052270007562459616
4.36,2.3352102035627236,757.2912560033549,0.20396989140740557,0.0043332045805737915,144.83300564765486,5.456165785335442,0.005222042446183377
4.365,2.3343299429046818,757.2907349492641,0.20399191620793397,0.004317513263455218,144.8486862470751,5.446089915670982,0.005217081136007279
4.37,2.33345621803354,757.2902224925817,0.20401387284217798,0.0043018705485053915,144.86431999468635,5.43603214220867,0.005212116861898833
4.375,2.332589063499384,757.2897186533917,0.20403576134727086,0.0042862764086410675,144.87990692039196,5.425992480686259,0.005207149659970455
4.38,2.331728513592205,757.2892234514389,0.2040575817612481,0.004270730816140429,144.89544705465707,5.415970946543269,0.0052021795662655305
4.385,2.330874602340553,757.288736906129,0.2040793341230515,0.004255233742640214,144.91094042851154,5.405967554919317,0.005197206616758115
4.39,2.3300273635102156,757.2882590365269,0.204101018472533,0.004239785159132921,144.92638707355272,5.395982320652467,0.005192230847352649
4.3950000000000005,2.329186830602882,757.2877898613569,0.20412263485045853,0.0042243850359640995,144.9417870219484,5.38601525827762,0.005187252293883656
4.4,2.3283530368548204,757.287329399001,0.20414418329851172,0.004209033342829751,144.957140306439,5.37606638202495,0.005182270992115453
4.405,2.3275260152355925,757.2868776674989,0.2041656638592973,0.004193730048773782,144.97244696034056,5.3661357058183485,0.005177286977741848
4.41,2.326705798446748,757.2864346845469,0.2041870765763446,0.004178475122185583,144.98770701754702,5.3562232432739325,0.005172300286385841
4.415,2.3258924189205477,757.2860004674972,0.20420842149411086,0.004163268530797678,145.00292051253254,5.346329007698569,0.005167310953599322
4.42,2.325085908818688,757.2855750333574,0.2042296986579844,0.004148110241683461,145.01808748035393,5.336453012088445,0.0051623190148627745
4.425,2.3242863000310434,757.2851583987898,0.20425090811428748,0.0041330002212550355,145.03320795665292,5.3265952691276635,0.00515732450558496
4.43,2.3234936241744073,757.2847505801103,0.2042720499102795,0.004117938435261124,145.04828197765804,5.316755791186882,0.005152327461102624
4.4350000000000005,2.3227079125912575,757.2843515932884,0.20429312409415953,0.004102924848785079,145.06330958018688,5.306934590321983,0.005147327916680179
4.44,2.3219291963485307,757.2839614539462,0.20431413071506915,0.0040879594262429935,145.0782908016479,5.2971316782727875,0.005142325907509408
4.445,2.321157506236395,757.2835801773576,0.20433506982309485,0.0040730421313818705,145.09322568004268,5.287347066461786,0.005137321468709142
4.45,2.320392872767045,757.2832077784483,0.2043559414692706,0.004058172927277903,145.10811425396702,5.277580765992922,0.005132314635324961
4.455,2.319635326173505,757.2828442717943,0.20437674570557995,0.004043351776334844,145.122956562613,5.267832787650409,0.005127305442328873
4.46,2.318884896408443,757.2824896716222,0.20439748258495832,0.00402857864028246,145.1377526457709,5.258103141897576,0.005122293924619009
4.465,2.3181416131429953,757.2821439918081,0.204418152161295,0.004013853480175066,145.15250254383025,5.248391838875752,0.005117280117019306
4.47,2.317405505765602,757.2818072458773,0.2044387544894351,0.003999176256390166,145.1672062977815,5.23869888840319,0.0051122640542791906
4.4750000000000005,2.3166766033808557,757.2814794470036,0.20445928962518123,0.003984546928627164,145.18186394921733,5.229024299974022,0.005107245771073268
4.48,2.315954934808353,757.2811606080086,0.20447975762529533,0.003969965455906175,145.19647554033386,5.219368082757253,0.0051022253020010025
4.485,2.3152405285815667,757.2808507413617,0.2045001585475,0.003955431796566919,145.21104111393188,5.209730245595785,0.005097202681586403
4.49,2.314533412946736,757.2805498591795,0.20452049245048015,0.003940945908267706,145.22556071341805,5.200110797005485,0.005092177944277704
4.495,2.3138336158617454,757.2802579732245,0.20454075939388408,0.003926507747984511,145.24003438280565,5.190509745174286,0.005087151124447046
4.5,2.31314116499503,757.2799750949058,0.20456095943832484,0.00391211727201013,145.2544621667158,5.180927097961321,0.0050821222563901605
4.505,2.3124560877244895,757.2797012352778,0.2045810926453811,0.0038977744359534336,145.26884411037818,5.171362862896096,0.005077091374326048
4.51,2.311778411136422,757.2794364050402,0.20460115907759818,0.0038834791947386883,145.2831802596318,5.161817047177697,0.005072058512396659
4.515,2.311108162024453,757.2791806145373,0.20462115879848886,0.003869231502604989,145.29747066092554,5.152289657674036,0.005067023704666574
4.5200000000000005,2.3104453668884823,757.2789338737578,0.20464109187253396,0.0038550313131057697,145.31171536131896,5.142780700921126,0.005061986985122682
4.525,2.309790051933645,757.2786961923342,0.20466095836518292,0.0038408785791083986,145.32591440848265,5.133290183122407,0.005056948387673866
4.53,2.3091422430692954,757.2784675795427,0.2046807583428544,0.003826773252793849,145.34006785069874,5.123818110148084,0.0050519079461506695
4.535,2.308501965907981,757.2782480443026,0.20470049187293643,0.0038127152856564793,145.35417573686115,5.114364487534527,0.005046865694304989
4.54,2.3078692457644214,757.2780375951756,0.2047201590237865,0.003798704628503882,145.36823811647596,5.104929320483683,0.005041821665809744
4.545,2.307244107654537,757.2778362403665,0.20473975986473197,0.003784741231456827,145.3822550396615,5.095512613862546,0.005036775894258561
4.55,2.306626576294467,757.2776439877216,0.2047592944660697,0.0037708250439492815,145.39622655714842,5.086114372202642,0.0050317284131654455
4.555,2.30601667609959,757.2774608447294,0.20477876289906602,0.0037569560147285262,145.4101527202796,5.076734599699569,0.005026679255964471
4.5600000000000005,2.305414431183562,757.2772868185197,0.20479816523595643,0.0037431340918553436,145.42403358101043,5.067373300212551,0.005021628456009448
4.565,2.304819865357377,757.2771219158635,0.20481750154994524,0.0037293592227043114,145.4378691919085,5.058030477264055,0.005016576046573612
4.57,2.30423300212844,757.2769661431728,0.2048367719152049,0.003715631353964143,145.45165960615307,5.048706134039415,0.005011522060849294
4.575,2.303653864699634,757.2768195065003,0.2048559764068756,0.003701950431638154,145.46540487753478,5.039400273386512,0.005006466531947609
4.58,2.3030824759684054,757.2766820115389,0.2048751151010642,0.003688316401044783,145.4791050604558,5.03011289781548,0.005001409492898126
4.585,2.3025188585258776,757.276553663622,0.2048941880748437,0.003674729206818206,145.49276020992883,5.020844009498446,0.00499635097664856
4.59,2.301963034655956,757.276434467723,0.2049131954062519,0.00366118879290904,145.50637038157672,5.011593610269317,0.004991291016064445
4.595,2.3014150263344555,757.2763244284547,0.20493213717429062,0.0036476951025851104,145.51993563163163,5.00236170162359,0.0049862296439288165
4.6000000000000005,2.3008748552282423,757.2762235500697,0.20495101345892422,0.003634248078432314,145.53345601693465,4.993148284718194,0.004981166892941896
4.605,2.3003425426943767,757.2761318364602,0.20496982434107844,0.003620847662355567,145.54693159493473,4.983953360371383,0.004976102795720772
4.61,2.299818109779279,757.2760492911574,0.2049885699026388,0.003607493795579813,145.56036242368785,4.974776929062652,0.004971037384799083
4.615,2.299301577217903,757.2759759173316,0.20500725022644922,0.0035941864186511364,145.5737485618561,4.96561899093269,0.004965970692626702
4.62,2.2987929654329213,757.2759117177924,0.20502586539631015,0.003580925471437936,145.58709006870674,4.956479545783365,0.00496090275156942
4.625,2.2982922945339253,757.2758566949879,0.20504441549697694,0.003567710893132193,145.60038700411076,4.947358593077751,0.004955833593908633
4.63,2.297799584316635,757.2758108510051,0.20506290061415786,0.0035545426222508116,145.61363942854217,4.938256131940183,0.00495076325184103
4.635,2.2973148542621176,757.2757741875697,0.2050813208345121,0.0035414205966370323,145.62684740307625,4.929172161156349,0.004945691757478276
4.64,2.296838123536038,757.2757467060461,0.20509967624564768,0.003528344753461933,145.6400109893886,4.920106679173413,0.004940619142846704
4.6450000000000005,2.2963694109878965,757.2757284074371,0.2051179669361192,0.0035153150292259994,145.6531302497533,4.911059684100175,0.004935545439887001
4.65,2.295908735150278,757.275719292384,0.2051361929954255,0.003502331359760786,145.6662052470419,4.90203117370727,0.004930470680453907
4.655,2.2954561142381427,757.2757193611666,0.20515435451400724,0.003489393680230627,145.67923604472142,4.893021145427385,0.004925394896315892
4.66,2.2950115661481063,757.2757286137032,0.20517245158324438,0.0034765019251344538,145.69222270685316,4.884029596355525,0.004920318119154862
4.665,2.2945751084577317,757.2757470495505,0.20519048429545342,0.0034636560283076686,145.70516529809046,4.875056523249305,0.004915240380565846
4.67,2.2941467584248523,757.2757746679039,0.20520845274388474,0.0034508559229240944,145.71806388367736,4.86610192252928,0.004910161712056695
4.675,2.293726532986884,757.2758114675968,0.20522635702271974,0.0034381015414980056,145.7309185294463,4.8571657902793,0.004905082145047776
4.68,2.2933144487601593,757.2758574471015,0.20524419722706774,0.0034253928158862307,145.74372930181678,4.848248122246906,0.004900001710871669
4.6850000000000005,2.2929105220392865,757.275912604529,0.20526197345296313,0.0034127296772903204,145.75649626779267,4.839348913843754,0.004894920440772872
4.69,2.292514768796495,757.2759769376286,0.20527968579736194,0.0034001120562588047,145.76921949496077,4.8304681601460775,0.004889838365907495
4.695,2.2921272046810226,757.2760504437884,0.20529733435813882,0.0033875398826894985,145.7818990514882,4.821605855895172,0.004884755517342969
4.7,2.2917478450184974,757.2761331200359,0.20531491923408346,0.0033750130858318907,145.79453500612044,4.812761995497921,0.004879671926057742
4.705,2.2913767048103346,757.2762249630367,0.20533244052489727,0.0033625315942896108,145.8071274281788,4.803936573027344,0.004874587622940994
4.71,2.2910137987331507,757.2763259690962,0.20534989833118975,0.003350095336022955,145.8196763875585,4.795129582223194,0.0048695026387923345
4.715,2.290659141138183,757.2764361341586,0.20536729275447477,0.003337704238351486,145.83218195472568,4.78634101649257,0.004864417004321522
4.72,2.2903127460507378,757.2765554538078,0.20538462389716686,0.003325358227956693,145.84464420071558,4.777570868910561,0.004859330750148163
4.7250000000000005,2.2899746271696286,757.2766839232669,0.2054018918625774,0.0033130572308847288,145.8570631971293,4.768819132220931,0.004854243906801434
4.73,2.289644797866644,757.2768215373991,0.2054190967549106,0.0033008011725492235,145.8694390161317,4.760085798836834,0.004849156504719793
4.735,2.2893232711860234,757.2769682907073,0.20543623867925942,0.0032885899777341334,145.88177173044843,4.751370860841551,0.004844068574250695
4.74,2.2890100598439456,757.2771241773345,0.20545331774160155,0.0032764235705966824,145.89406141336346,4.7426743099892565,0.004838980145650306
4.745,2.2887051762280293,757.2772891910644,0.20547033404879506,0.0032643018746703624,145.9063081387157,4.733996137705835,0.004833891249083232
4.75,2.28840863239685,757.277463325321,0.2054872877085741,0.0032522248128679957,145.91851198089682,4.725336335089701,0.004828801914622235
4.755,2.288120440079466,757.2776465731694,0.20550417882954464,0.003240192307484859,145.93067301484817,4.71669489291267,0.00482371217224796
4.76,2.2878406106749556,757.2778389273157,0.20552100752117972,0.0032282042802018736,145.94279131605722,4.708071801620846,0.0048186220518486545
4.765,2.2875691552519744,757.2780403801074,0.20553777389381503,0.0032162606520888598,145.95486696055514,4.699467051335538,0.004813531583219909
4.7700000000000005,2.287306084548324,757.278250923534,0.20555447805864427,0.003204361343607841,145.9669000249135,4.69088063185422,0.004808440796064376
4.775,2.28705140897053,757.2784705492267,0.20557112012771422,0.0031925062746164306,145.9788905862408,4.682312532651509,0.00480334971999151
4.78,2.286805138593425,757.2786992484591,0.20558770021392006,0.0031806953643712522,145.99083872217972,4.673762742880161,0.0047982583845173005
4.785,2.2865672831597608,757.2789370121479,0.20560421843100035,0.003168928531531436,146.0027445109033,4.665231251372117,0.0047931668190640065
4.79,2.2863378520798396,757.2791838308525,0.20562067489353208,0.0031572056941621763,146.0146080311123,4.656718046639566,0.0047880750529599
4.795,2.286116854431125,757.2794396947758,0.20563706971692555,0.00314552676973833,146.0264293620309,4.648223116876031,0.004782983115439006
4.8,2.2859042989579006,757.2797045937644,0.20565340301741925,0.0031338916751480865,146.0382085834041,4.639746449957495,0.004777891035640847
4.805,2.28570019407092,757.2799785173096,0.20566967491207447,0.003122300326696688,146.04994577549357,4.63128803344354,0.004772798842610193
4.8100000000000005,2.2855045478470823,757.2802614545466,0.2056858855187702,0.0031107526401102027,146.0616410190744,4.6228478545785245,0.004767706565296803
4.815,2.2853173680291143,757.2805533942562,0.20570203495619752,0.0030992485305393644,146.07329439543128,4.614425900292784,0.004762614232555189
4.82,2.285138662025266,757.2808543248645,0.20571812334385423,0.0030877879125634417,146.0849059863551,4.606022157203852,0.004757521873144356
4.825,2.2849684369090264,757.2811642344436,0.20573415080203927,0.003076370700194188,146.09647587413892,4.597636611617718,0.004752429515727572
4.83,2.2848066994188416,757.281483110712,0.20575011745184718,0.0030649968068798233,146.10800414157453,4.589269249530099,0.004747337188872118
4.835,2.284653455957851,757.2818109410349,0.2057660234151622,0.003053666145509078,146.119490871948,4.580920056627748,0.004742244921049058
4.84,2.28450871259365,757.2821477124252,0.20578186881465274,0.003042378628415279,146.1309361490367,4.572589018289779,0.004737152740632995
4.845,2.2843724750580416,757.2824934115434,0.20579765377376535,0.003031134167380494,146.14234005710452,4.564276119589026,0.004732060675901848
4.8500000000000005,2.2842447487468056,757.2828480246989,0.205813378416719,0.003019932673639716,146.15370268089853,4.555981345293411,0.0047269687550366155
4.855,2.2841255387195063,757.2832115378493,0.20582904286849887,0.0030087740578851082,146.16502410564448,4.547704679867359,0.004721877006121155
4.86,2.2840148496992816,757.2835839366023,0.20584464725485058,0.002997658230270271,146.17630441704316,4.5394461074732115,0.004716785457141951
4.865,2.2839126860726657,757.2839652062155,0.20586019170227385,0.0029865851004145833,146.18754370126584,4.531205611972686,0.0047116941359879
4.87,2.28381905188942,757.2843553315971,0.2058756763380165,0.0029755545774075784,146.1987420449506,4.522983176928344,0.00470660307045009
4.875,2.2837339508623713,757.2847542973067,0.20589110129006813,0.002964566569813357,146.20989953519762,4.51477878560509,0.004701512288221586
4.88,2.2836573863672682,757.2851620875554,0.20590646668715384,0.002953620985675051,146.2210162595655,4.506592420971688,0.004696421816897214
4.885,2.283589361442649,757.2855786862071,0.20592177265872794,0.002942717732519333,146.23209230606614,4.498424065702308,0.004691331683973358
4.89,2.2835298787897353,757.2860040767789,0.20593701933496744,0.002931856717360957,146.24312776316154,4.490273702178081,0.004686241916847747
4.8950000000000005,2.283478940772316,757.2864382424412,0.20595220684676566,0.0029210378467073497,146.25412271975847,4.482141312488692,0.004681152542819255
4.9,2.2834365494166566,757.2868811660192,0.20596733532572567,0.0029102610265632468,146.26507726520472,4.474026878433988,0.004676063589087701
4.905,2.283402706411426,757.2873328299928,0.20598240490415373,0.002899526162435347,146.27599148928388,4.465930381525598,0.0046709750827536485
4.91,2.28337741310763,757.2877932164981,0.20599741571505265,0.0028888331593370266,146.2868654822119,4.457851802988587,0.004665887050818212
4.915,2.283360670518563,757.2882623073275,0.20601236789211502,0.002878181921793083,146.29769933463157,4.449791123763125,0.004660799520182869
4.92,2.283352479319768,757.2887400839304,0.20602726156971668,0.002867572353844511,146.3084931376087,4.441748324506176,0.004655712517649267
4.925,2.2833528398490155,757.2892265274144,0.20604209688290973,0.002857004359053323,146.31924698262722,4.433723385593205,0.004650626069919043
4.93,2.2833617521062837,757.2897216185456,0.20605687396741568,0.0028464778405073964,146.32996096158448,4.42571628711991,0.004645540203593638
4.9350000000000005,2.283379215753767,757.2902253377496,0.20607159295961883,0.0028359927008253607,146.3406351667866,4.417727008903967,0.004640454945174119
4.94,2.283405230115898,757.2907376651119,0.20608625399655897,0.0028255488421615213,146.35126969094418,4.409755530486802,0.004635370321061009
4.945,2.283439794179369,757.2912585803795,0.20610085721592472,0.002815146166210801,146.3618646271669,4.401801831135368,0.004630286357554107
4.95,2.2834829065931674,757.2917880629606,0.20611540275604623,0.0028047845742137233,146.37242006895957,4.393865889843955,0.004625203080852322
4.955,2.2835345656686417,757.2923260919264,0.20612989075588842,0.002794463966961431,146.38293611021635,4.385947685336006,0.00462012051705351
4.96,2.2835947693795684,757.2928726460111,0.20614432135504357,0.0027841842448007234,146.39341284521717,4.3780471960659595,0.0046150386921543106
4.965,2.283663515362233,757.2934277036136,0.2061586946937244,0.002773945307639131,146.4038503686218,4.370164400221101,0.004609957632049984
4.97,2.283740800915523,757.2939912427975,0.20617301091275667,0.00276374705495001,146.41424877546558,4.362299275723438,0.004604877362534262
4.9750000000000005,2.283826623001037,757.2945632412923,0.20618727015357222,0.00275358938577767,146.42460816115425,4.354451800231589,0.004599797909299188
4.98,2.2839209782432133,757.2951436764946,0.20620147255820148,0.002743472198742533,146.4349286214594,4.346621951142691,0.004594719297934978
4.985,2.28402386292946,757.2957325254686,0.2062156182692663,0.0027333953920463012,146.4452102525129,4.33880970559431,0.004589641553929866
4.99,2.2841352730102966,757.296329764947,0.20622970742997246,0.0027233588634771625,146.45545315080284,4.331015040466388,0.004584564702669966
4.995,2.284255204099523,757.2969353713321,0.20624374018410258,0.0027133625104150193,146.46565741316738,4.323237932383189,0.004579488769439133
5.0,2.284383651474404,757.2975493206966,0.20625771667600845,0.00270340622983673,146.47582313679098,4.315478357715261,0.0045744137794188275
5.005,2.284520610075846,757.2981715887846,0.20627163705060375,0.0026934899183213867,146.48595041919845,4.307736292581424,0.004569339757687985
5.01,2.2846660745085905,757.2988021510126,0.2062855014533565,0.002683613472055601,146.4960393582503,4.300011712850759,0.004564266729222883
5.015,2.2848200390414415,757.2994409824704,0.2062993100302817,0.0026737767868388147,146.5060900521375,4.292304594144618,0.004559194718897023
5.0200000000000005,2.2849824976074986,757.3000880579219,0.2063130629279337,0.002663979758088636,146.51610259937658,4.284614911838637,0.004554123751481005
5.025,2.285153443804385,757.3007433518065,0.2063267602933987,0.0026542222808461882,146.52607709880436,4.276942641064785,0.00454905385164241
5.03,2.2853328708945084,757.3014068382398,0.20634040227428715,0.0026445042497814635,146.53601364957302,4.269287756713395,0.004543985043945686
5.035,2.2855207718053303,757.3020784910146,0.2063539890187263,0.0026348255591987194,146.54591235114472,4.261650233435234,0.004538917352852037
5.04,2.2857171391296394,757.3027582836022,0.20636752067535247,0.0026251861030418717,146.55577330328657,4.254030045643565,0.0045338508027193145
5.045,2.285921965125857,757.3034461891532,0.20638099739330334,0.0026155857748999096,146.56559660606533,4.246427167516233,0.0045287854178019185
5.05,2.2861352417183305,757.3041421804985,0.20639441932221048,0.002606024468012324,146.57538235984256,4.23884157299776,0.0045237212222506915
5.055,2.2863569604976632,757.3048462301508,0.20640778661219158,0.0025965020752745454,146.58513066526902,4.23127323580145,0.004518658240112825
5.0600000000000005,2.286587112721052,757.3055583103051,0.20642109941384282,0.002587018489243403,146.59484162327985,4.223722129411495,0.0045135964953317625
5.065,2.2868256893126278,757.3062783928401,0.20643435787823106,0.002577573602142588,146.6045153350889,4.216188227085115,0.00450853601174712
5.07,2.287072680863809,757.3070064493194,0.20644756215688626,0.0025681673058681265,146.61415190218392,4.208671501854674,0.004503476813094587
5.075,2.2873280776336844,757.3077424509924,0.20646071240179362,0.00255879949199387,146.6237514263213,4.20117192652984,0.004498418923005852
5.08,2.2875918695493986,757.3084863687956,0.2064738087653859,0.002549470051776982,146.63331400952038,4.193689473699732,0.004493362365008523
5.085,2.2878640462065483,757.3092381733535,0.20648685140053571,0.0025401788761634514,146.64283975405857,4.186224115735083,0.004488307162526052
5.09,2.2881445968695946,757.3099978349802,0.20649984046054762,0.002530925855793599,146.6523287624662,4.178775824790408,0.004483253338877658
5.095,2.2884335104722906,757.31076532368,0.20651277609915047,0.0025217108810075967,146.66178113752076,4.171344572806186,0.004478200917278271
5.1000000000000005,2.2887307756181134,757.311540609149,0.2065256584704896,0.0025125338418509856,146.67119698224235,4.163930331511045,0.0044731499208384515
5.105,2.289036380580724,757.3123236607762,0.20653848772911895,0.0025033946280802167,146.68057639988754,4.15653307242396,0.004468100372564349
5.11,2.289350313304425,757.3131144476446,0.20655126402999338,0.0024942931291681678,146.68991949394493,4.149152766856444,0.004463052295357627
5.115,2.2896725614046387,757.3139129385324,0.2065639875284608,0.0024852292343096887,146.69922636812925,4.141789385914767,0.004458005712015417
5.12,2.2900031121684075,757.3147191019146,0.20657665838025444,0.0024762028324271457,146.70849712637647,4.134442900502163,0.0044529606452302735
5.125,2.2903419525548863,757.3155329059637,0.20658927674148486,0.0024672138121759534,146.7177318728382,4.127113281321052,0.0044479171175901165
5.13,2.290689069195857,757.316354318551,0.20660184276863233,0.0024582620619501183,146.72693071187663,4.11980049887527,0.0044428751515782
5.135,2.2910444483962653,757.3171833072486,0.20661435661853897,0.0024493474698877825,146.73609374805918,4.1125045234722934,0.004437834769573064
5.14,2.291408076134758,757.3180198393296,0.20662681844840083,0.00244046992387677,146.74522108615326,4.10522532522548,0.004432795993848506
5.1450000000000005,2.2917799380642383,757.3188638817703,0.20663922841576024,0.002431629311560122,146.75431283112064,4.097962874056309,0.004427758846573541
5.15,2.2921600195124396,757.319715401251,0.20665158667849787,0.0024228255203416434,146.76336908811282,4.09071713969663,0.004422723349812386
5.155,2.2925483054825007,757.3205743641573,0.206663893394825,0.0024140584373914297,146.7723899624651,4.083488091690907,0.004417689525524419
5.16,2.292944780653552,757.3214407365818,0.20667614872327567,0.002405327949651407,146.78137555969184,4.076275699398477,0.004412657395564172
5.165,2.2933494293813337,757.322314484325,0.20668835282269896,0.0023966339438408622,146.79032598548088,4.0690799319958035,0.004407626981681305
5.17,2.29376223569881,757.3231955728969,0.20670050585225117,0.0023879763064619626,146.79924134568833,4.061900758478741,0.004402598305520597
5.175,2.2941831833167976,757.3240839675183,0.2067126079713879,0.0023793549238052773,146.80812174633311,4.054738147664793,0.004397571388621932
5.18,2.294612255624619,757.3249796331221,0.2067246593398566,0.002370769681955294,146.81696729359226,4.0475920681953825,0.0043925462524202945
5.1850000000000005,2.2950494356907507,757.3258825343547,0.2067366601176884,0.00236222046679592,146.8257780937953,4.040462488538116,0.004387522918245765
5.19,2.2954947062634923,757.3267926355777,0.20674861046519075,0.002353707164015982,146.83455425341893,4.033349376989057,0.004382501407323524
5.195,2.2959480497716553,757.3277099008686,0.2067605105429394,0.002345229659114711,146.84329587908178,4.026252701674995,0.004377481740773852
5.2,2.296409448325252,757.328634294023,0.20677236051177084,0.0023367878374072363,146.85200307753968,4.019172430555716,0.0043724639396121355
5.205,2.296878883716206,757.3295657785555,0.20678416053277446,0.0023283815840300457,146.86067595567997,4.012108531426279,0.004367448024748885
5.21,2.297356337419074,757.3305043177013,0.206795910767285,0.002320010783946447,146.86931462051643,4.005060971919294,0.004362434016989743
5.215,2.2978417905917774,757.3314498744177,0.2068076113768747,0.002311675321952025,146.87791917918412,3.9980297195071888,0.004357421937035506
5.22,2.298335224076338,757.3324024113854,0.2068192625233458,0.0023033750826800706,146.88648973893427,3.9910147415044865,0.004352411805482144
5.2250000000000005,2.2988366183996507,757.3333618910102,0.20683086436872267,0.002295109950607012,146.8950264071289,3.9840160050700817,0.0043474036428208275
5.23,2.2993459537742393,757.3343282754244,0.2068424170752445,0.0022868798100578332,146.90352929123608,3.977033477209517,0.004342397469437956
5.235,2.29986321009905,757.3353015264879,0.2068539208053574,0.002278684545211463,146.91199849882437,3.970067124777248,0.004337393305615189
5.24,2.3003883669602385,757.3362816057904,0.2068653757217069,0.0022705240401061652,146.920434137558,3.9631169144789227,0.004332391171529482
5.245,2.300921403631973,757.3372684746524,0.20687678198713044,0.0022623981786449106,146.9288363151916,3.956182812873648,0.0043273910872531265
5.25,2.301462299077277,757.338262094127,0.2068881397646498,0.0022543068446007316,146.93720513956526,3.949264786376263,0.0043223930727537925
5.255,2.3020110319488354,757.3392624250009,0.20689944921746342,0.002246249921622059,146.94554071859937,3.9423628012596037,0.004317397147894574
5.26,2.3025675805898427,757.3402694277969,0.2069107105089392,0.0022382272932380464,146.95384316028964,3.935476823656766,0.004312403332434039
5.265,2.303131923034865,757.3412830627744,0.20692192380260674,0.002230238842863873,146.96211257270167,3.928606819563369,0.004307411646026283
5.2700000000000005,2.3037040370107067,757.3423032899318,0.20693308926214996,0.0022222844538060376,146.9703490639668,3.921752754839818,0.004302422108220983
5.275,2.30428389993729,757.3433300690076,0.20694420705139982,0.0022143640092676248,146.97855274227635,3.9149145952135607,0.004297434738463462
5.28,2.3048714889285473,757.3443633594821,0.20695527733432664,0.0022064773923535495,146.98672371587708,3.9080923062813344,0.004292449556094747
5.285,2.3054667807933273,757.3454031205791,0.20696630027503307,0.002198624486075796,146.9948620930657,3.901285853511423,0.0042874665803516385
5.29,2.306069752036306,757.3464493112673,0.2069772760377464,0.002190805173358623,147.00296798218469,3.8944952022458987,0.00428248583036678
5.295,2.306680378858921,757.347501890262,0.2069882047868115,0.0021830193370437584,147.0110414916168,3.8877203177028665,0.00427750732516873
5.3,2.3072986371603093,757.348560816027,0.2069990866866834,0.0021752668598955683,147.01908272978048,3.8809611649786993,0.004272531083682042
5.305,2.30792450253826,757.3496260467756,0.20700992190192008,0.002167547624606204,147.02709180512474,3.874217709050273,0.004267557124727338
5.3100000000000005,2.308557950290181,757.350697540473,0.20702071059717517,0.002159861513800724,147.0350688261247,3.867489914777192,0.004262585467021399
5.315,2.3091989554140713,757.3517752548373,0.2070314529371909,0.002152208410042207,147.04301390127617,3.86077774690402,0.0042576161291772475
5.32,2.3098474926095083,757.3528591473416,0.20704214908679083,0.00214458819583682,147.0509271390917,3.8540811700624857,0.0042526491297042385
5.325,2.3105035362786515,757.3539491752156,0.20705279921087272,0.0021370007536388852,147.0588086480948,3.8474001487737053,0.004247684487008149
5.33,2.311167060527253,757.3550452954469,0.20706340347440147,0.0021294459658559063,147.06665853681625,3.8407346474503825,0.00424272221939128
5.335,2.3118380391656803,757.3561474647832,0.20707396204240205,0.00212192371485358,147.07447691378843,3.8340846303990146,0.004237762345052552
5.34,2.312516445709946,757.3572556397338,0.20708447507995248,0.002114433882960778,147.08226388754133,3.8274500618220806,0.004232804882087608
5.345,2.3132022533827623,757.3583697765713,0.20709494275217682,0.0021069763524745057,147.09001956659748,3.820830905820234,0.004227849848488922
5.3500000000000005,2.313895435114592,757.3594898313332,0.20710536522423825,0.0020995510056648317,147.09774405946752,3.8142271263944805,0.004222897262145902
5.355,2.314595963544722,757.360615759824,0.20711574266133212,0.002092157724779801,147.1054374746452,3.807638687448356,0.004217947140845011
5.36,2.3153038110223436,757.3617475176162,0.20712607522867904,0.0020847963920503014,147.1130999206036,3.8010655527900896,0.0042129995022698735
5.365,2.316018949607645,757.3628850600531,0.20713636309151817,0.0020774668896949263,147.1207315057893,3.7945076861347644,0.0042080543640013995
5.37,2.3167413510729133,757.3640283422499,0.20714660641510027,0.0020701690999247956,147.12833233861943,3.787965051106471,0.004203111743517902
5.375,2.3174709869036483,757.3651773190951,0.207156805364681,0.002062902904948354,147.13590252747576,3.7814376112404506,0.0041981716581952246
5.38,2.318207828299698,757.3663319452531,0.20716696010551425,0.0020556681869761347,147.14344218070113,3.774925329985231,0.004193234125306868
5.385,2.318951846176388,757.3674921751658,0.2071770708028453,0.0020484648282255054,147.15095140659454,3.768428170704756,0.004188299162024119
5.39,2.3197030111656676,757.3686579630538,0.2071871376219044,0.002041292710925373,147.158430313407,3.7619460966805054,0.004183366785416188
5.3950000000000005,2.3204612936172793,757.3698292629189,0.20719716072789995,0.00203415171732087,147.16587900933675,3.755479071113604,0.004178437012450338
5.4,2.32122666359992,757.3710060285453,0.2072071402860121,0.002027041729678003,147.17329760252562,3.749027057126929,0.004173509859992034
5.405,2.3219990909024326,757.3721882135021,0.20721707646138612,0.002019962630288275,147.18068620105396,3.7425900177671965,0.004168585344805077
5.41,2.3227785450349936,757.3733757711445,0.20722696941912608,0.002012914301473274,147.18804491293687,3.7361679160070524,0.004163663483551752
5.415,2.3235649952303152,757.3745686546163,0.2072368193242882,0.0020058966255892367,147.19537384611925,3.7297607147471443,0.00415874429279298
5.42,2.324358410444875,757.3757668168507,0.20724662634187468,0.001998909485031578,147.2026731084729,3.7233683768181898,0.004153827788988461
5.425,2.3251587593601273,757.3769702105734,0.20725639063682724,0.0019919527622393844,147.20994280779067,3.71699086498303,0.004148913988496838
5.43,2.3259660103837394,757.3781787883033,0.20726611237402082,0.0019850263396998854,147.21718305178382,3.7106281419386766,0.0041440029075758425
5.4350000000000005,2.326780131650847,757.3793925023556,0.20727579171825736,0.0019781300999528796,147.2243939480766,3.7042801703183468,0.004139094562382462
5.44,2.327601091025313,757.3806113048423,0.20728542883425963,0.0019712639255951504,147.23157560420321,3.6979469126934963,0.0041341889689731045
5.445,2.3284288561009934,757.3818351476752,0.207295023886665,0.001964427699284821,147.2387281276029,3.6916283315758256,0.004129286143303753
5.45,2.329263394203017,757.3830639825674,0.2073045770400193,0.0019576213037456954,147.24585162561672,3.6853243894192915,0.004124386101230141
5.455,2.3301046723890777,757.3842977610349,0.20731408845877095,0.0019508446217715641,147.2529462054828,3.6790350486221004,0.004119488858507925
5.46,2.3309526574507347,757.3855364343988,0.20732355830726462,0.0019440975362304733,147.26001197433288,3.6727602715286927,0.0041145944307928485
5.465,2.331807315914726,757.3867799537875,0.20733298674973555,0.0019373799300689608,147.2670490391882,3.666500020431715,0.004109702833640927
5.47,2.3326686140442847,757.3880282701381,0.20734237395030344,0.001930691686316257,147.27405750695573,3.660254257573983,0.004104814082508623
5.4750000000000005,2.3335365178404768,757.3892813341986,0.20735172007296668,0.0019240326880884538,147.28103748442393,3.6540229451504316,0.0040999281927530246
5.48,2.3344109930435457,757.3905390965297,0.20736102528159644,0.001917402818592646,147.28798907825964,3.647806045310058,0.004095045179632034
5.485,2.3352920051342543,757.3918015075069,0.20737028973993096,0.0019108019611310224,147.29491239500356,3.641603520157846,0.00409016505830455
5.49,2.3361795193352703,757.3930685173223,0.20737951361156975,0.0019042299991049302,147.30180754106715,3.635415331756681,0.004085287843830659
5.495,2.3370735006125214,757.3943400759869,0.20738869705996796,0.0018976868160189093,147.30867462272806,3.629241442129259,0.004080413551171823
5.5,2.337973913676574,757.3956161333319,0.20739784024843072,0.0018911722954846918,147.31551374612764,3.62308181325998,0.004075542195191078
5.505,2.338880722984037,757.3968966390115,0.20740694334010754,0.0018846863212251556,147.32232501726622,3.6169364070968264,0.004070673790653227
5.51,2.3397938927389763,757.3981815425042,0.20741600649798683,0.0018782287770782486,147.32910854200017,3.6108051855532324,0.00406580835222504
5.515,2.3407133868943104,757.3994707931151,0.20742502988489034,0.0018717995470008796,147.33586442603794,3.604688110509942,0.004060945894475453
5.5200000000000005,2.3416391691532374,757.4007643399779,0.20743401366346784,0.001865398515072774,147.34259277493683,3.5985851438168504,0.004056086431875773
5.525,2.3425712029706753,757.4020621320567,0.20744295799619156,0.0018590255655002907,147.34929369409937,3.5924962472948425,0.004051229978799889
5.53,2.3435094515546986,757.4033641181484,0.20745186304535107,0.0018526805826201975,147.35596728876982,3.586421382737607,0.004046376549524469
5.535,2.3444538778679966,757.4046702468842,0.20746072897304782,0.0018463634509034215,147.36261366403073,3.580360511913444,0.004041526158229178
5.54,2.345404444629332,757.4059804667321,0.20746955594119,0.00184007405495876,147.3692329247997,3.574313596567061,0.004036678818996892
5.545,2.3463611143150134,757.4072947259987,0.2074783441114873,0.0018338122795365493,147.37582517582598,3.5682805984213557,0.004031834545813906
5.55,2.347323849160383,757.408612972831,0.20748709364544593,0.0018275780095323,147.38239052168717,3.5622614791791802,0.004026993352570158
5.555,2.348292611161302,757.409935155219,0.20749580470436332,0.0018213711299902994,147.38892906678583,3.5562562005251013,0.004022155253059447
5.5600000000000005,2.3492673620756492,757.4112612209974,0.2075044774493233,0.0018151915261071733,147.3954409153465,3.5502647241271386,0.00401732026097965
5.565,2.3502480634248375,757.4125911178475,0.20751311204119094,0.0018090390832354148,147.40192617141227,3.5442870116385015,0.004012488389932954
5.57,2.351234676495331,757.4139247932995,0.20752170864060782,0.0018029136868868664,147.40838493884178,3.5383230246992956,0.004007659653426073
5.575,2.352227162340173,757.4152621947349,0.207530267407987,0.0017968152227361798,147.41481732130603,3.532372724938232,0.0040028340648704825
5.58,2.3532254817805245,757.4166032693873,0.20753878850350835,0.0017907435766242243,147.42122342228532,3.5264360739743177,0.003998011637582647
5.585,2.354229595407211,757.4179479643465,0.20754727208711363,0.0017846986345614688,147.42760334506607,3.520513033418527,0.003993192384784253
5.59,2.3552394635822806,757.4192962265585,0.20755571831850192,0.0017786802827313257,147.4339571927383,3.5146035648754688,0.003988376319602439
5.595,2.3562550464405674,757.420648002829,0.20756412735712482,0.00177268840749345,147.44028506819188,3.508707629945033,0.0039835634550700405
5.6000000000000005,2.3572763038912643,757.4220032398249,0.207572499362182,0.0017667228953870046,147.44658707411455,3.5028251902240264,0.003978753804125819
5.605,2.358303195619511,757.4233618840766,0.2075808344926165,0.001760783633133895,147.4528633129881,3.496956207307799,0.003973947379614709
5.61,2.3593356810879786,757.42472388198,0.20758913290711037,0.0017548705076419586,147.4591138870862,3.4911006427918427,0.003969144194288053
5.615,2.3603737195384746,757.4260891797984,0.20759739476408,0.0017489834060081194,147.4653388984714,3.4852584582733948,0.003964344260803852
5.62,2.36141726999356,757.4274577236653,0.20760562022167203,0.001743122215521504,147.47153844899228,3.479429615353013,0.003959547591727009
5.625,2.362466291258154,757.4288294595857,0.20761380943775876,0.0017372868236665228,147.4777126402805,3.473614075636146,0.003954754199529573
5.63,2.363520741921167,757.4302043334386,0.20762196256993393,0.0017314771181259167,147.4838615737487,3.4678118007346836,0.003949964096590993
5.635,2.364580580357135,757.4315822909795,0.2076300797755085,0.0017256929867837595,147.4899853505873,3.462022752268495,0.003945177295198368
5.64,2.3656457647278653,757.4329632778417,0.2076381612115065,0.0017199343177284221,147.49608407176228,3.456246891866956,0.003940393807546697
5.6450000000000005,2.3667162529840846,757.4343472395393,0.20764620703466077,0.0017142009992555081,147.50215783801215,3.4504841811704567,0.003935613645739139
5.65,2.367792002867105,757.4357341214686,0.207654217401409,0.001708492919870751,147.50820674984604,3.4447345818319035,0.003930836821787266
5.655,2.3688729719104904,757.4371238689108,0.20766219246788964,0.0017028099682928626,147.5142309075403,3.4389980555181965,0.003926063347611319
5.66,2.369959117441726,757.4385164270338,0.20767013238993798,0.0016971520334563566,147.52023041113716,3.4332745639116986,0.003921293235040472
5.665,2.3710503965839127,757.4399117408949,0.20767803732308215,0.0016915190045143315,147.52620536044128,3.4275640687116926,0.003916526495813089
5.67,2.372146766257459,757.4413097554419,0.20768590742253928,0.0016859107708412124,147.53215585501806,3.421866531635818,0.003911763141576992
5.675,2.3732481831817775,757.4427104155166,0.20769374284321174,0.0016803272220354615,147.53808199419078,3.4161819144215007,0.00390700318388972
5.68,2.3743546038770007,757.4441136658558,0.20770154373968325,0.0016747682479222488,147.54398387703876,3.410510178827362,0.003902246634218801
5.6850000000000005,2.375465984665693,757.4455194510942,0.20770931026621525,0.0016692337385560837,147.54986160239486,3.4048512866346177,0.0038974935039420102
5.69,2.3765822816745708,757.4469277157665,0.20771704257674325,0.0016637235842234177,147.55571526884316,3.3992051996484616,0.003892743804347651
5.695,2.377703450836244,757.4483384043092,0.2077247408248732,0.0016582376754451973,147.5615449747168,3.393571879699433,0.003887997546634816
5.7,2.3788294478909506,757.4497514610631,0.20773240516387778,0.001652775902979393,147.5673508180961,3.3879512886447736,0.003883254741913663
5.705,2.379960228388312,757.4511668302755,0.20774003574669322,0.0016473381578234842,147.57313289680596,3.3823433883697667,0.003878515401205687
5.71,2.3810957476890717,757.4525844561023,0.2077476327259155,0.0016419243312169093,147.57889130841417,3.376748140789065,0.0038737795354439955
5.715,2.38223596096687,757.4540042826101,0.20775519625379724,0.0016365343146434801,147.58462615022927,3.3711655078480014,0.003869047155473586
5.72,2.3833808232100218,757.4554262537786,0.20776272648224403,0.0016311679998337594,147.59033751929852,3.3655954515238893,0.0038643182720516193
5.7250000000000005,2.3845302892232794,757.4568503135027,0.20777022356281147,0.0016258252787674022,147.59602551240573,3.360037933827303,0.003859592895847702
5.73,2.3856843136296195,757.4582764055949,0.2077776876467016,0.0016205060436754615,147.6016902260697,3.354492916803352,0.0038548710374441664
5.735,2.3868428508720396,757.459704473787,0.20778511888475995,0.001615210187042656,147.60733175654195,3.3489603625329303,0.0038501527073363496
5.74,2.388005855215352,757.4611344617331,0.20779251742747223,0.0016099376016096032,147.6129501998053,3.3434402331339625,0.0038454379159328766
5.745,2.3891732807479946,757.4625663130108,0.20779988342496133,0.0016046881803750183,147.61854565157148,3.337932490762628,0.003840726673555945
5.75,2.390345081383841,757.4639999711246,0.20780721702698418,0.0015994618165978748,147.62411820727988,3.332437097614577,0.0038360189904416086
5.755,2.3915212108640174,757.4654353795072,0.20781451838292883,0.0015942584037995312,147.62966796209548,3.326954015926125,0.0038313148767400653
5.76,2.392701622758738,757.4668724815219,0.20782178764181145,0.0015890778357658206,147.63519501090738,3.3214832079754397,0.0038266143425159417
5.765,2.393886270469132,757.4683112204655,0.20782902495227346,0.0015839200065491076,147.64069944832667,3.316024636083711,0.003821917397748583
5.7700000000000005,2.395075107229079,757.4697515395693,0.20783623046257862,0.0015787848104703048,147.64618136868543,3.310578262616307,0.003817224052332342
5.775,2.396268086107062,757.4711933820028,0.20784340432061038,0.0015736721421208643,147.6516408660345,3.305144049983919,0.0038125343160768715
5.78,2.39746516000802,757.4726366908745,0.2078505466738689,0.0015685818963647232,147.65707803414244,3.2997219606436845,0.0038078481987074107
5.785,2.398666281675206,757.4740814092355,0.20785765766946857,0.00156351396834022,147.66249296649363,3.2943119571003057,0.003803165709865083
5.79,2.399871403692054,757.4755274800805,0.2078647374541352,0.0015584682534619775,147.66788575628695,3.2889140019071474,0.003798486859107185
5.795,2.401080478484055,757.4769748463508,0.20787178617420346,0.0015534446474227493,147.67325649643428,3.283528057667326,0.0037938116559074844
5.8,2.4022934583206204,757.4784234509365,0.2078788039756144,0.0015484430461952274,147.67860527955912,3.2781540870347787,0.003789140109656514
5.805,2.403510295316983,757.4798732366785,0.20788579100391283,0.001543463346033825,147.6839321979947,3.272792052715324,0.0037844722296618677
5.8100000000000005,2.404730941436082,757.4813241463706,0.20789274740424488,0.0015385054434764235,147.68923734378365,3.267441917467707,0.0037798080251484965
5.815,2.40595534849046,757.4827761227626,0.20789967332135567,0.0015335692353460812,147.69452080867586,3.26210364410463,0.00377514750525901
5.82,2.4071834681441624,757.4842291085615,0.20790656889958684,0.0015286546187527061,147.69978268412746,3.2567771954937683,0.0037704906790539706
5.825,2.408415251914653,757.4856830464344,0.2079134342828743,0.0015237614910947035,147.70502306129933,3.251462534558777,0.0037658375555121967
5.83,2.409650651174717,757.4871378790104,0.20792026961474586,0.0015188897500605896,147.7102420310563,3.2461596242802746,0.0037611881435310615
5.835,2.41088961715439,757.4885935488834,0.20792707503831917,0.001514039293630565,147.7154396839658,3.2408684276968276,0.0037565424519267936
5.84,2.4121321009428858,757.4900499986135,0.20793385069629938,0.0015092100200780592,147.72061611029645,3.2355889079059073,0.0037519004894347808
5.845,2.4133780534905176,757.4915071707302,0.2079405967309771,0.0015044018279712446,147.72577140001715,3.230321028064842,0.0037472622647098715
5.8500000000000005,2.414627425610645,757.492965007734,0.20794731328422628,0.001499614616174517,147.73090564279613,3.2250647513917503,0.0037426277863266775
5.855,2.415880167981603,757.4944234520991,0.20795400049750212,0.001494848283849944,147.73601892799965,3.2198200411664684,0.003737997062779881
5.86,2.417136231148668,757.4958824462752,0.2079606585118392,0.0014901027304586763,147.74111134469118,3.2145868607314534,0.003733370102484534
5.865,2.418395565525996,757.4973419326902,0.20796728746784937,0.0014853778557623353,147.74618298163008,3.209365173492681,0.003728746913776368
5.87,2.4196581213985797,757.4988018537522,0.20797388750572,0.001480673559824363,147.75123392727124,3.2041549429205314,0.003724127504912099
5.875,2.420923848924218,757.5002621518519,0.20798045876521193,0.001475989743011344,147.75626426976345,3.1989561325506535,0.003719511884069732
5.88,2.4221926981354827,757.5017227693648,0.20798700138565787,0.0014713263059942946,147.76127409694917,3.1937687059848257,0.0037149000593488706
5.885,2.423464618941688,757.5031836486537,0.20799351550596043,0.0014666831497499209,147.76626349636317,3.188592626891797,0.003710292038771023
5.89,2.4247395611308757,757.5046447320703,0.2080000012645905,0.0014620601755618464,147.77123255523196,3.183427859008117,0.0037056878302799104
5.8950000000000005,2.4260174743717893,757.5061059619586,0.20800645879958554,0.0014574572850218081,147.7761813604728,3.1782743661389543,0.0037010874417417756
5.9,2.4272983082158643,757.5075672806558,0.20801288824854788,0.0014528743800308278,147.78110999869338,3.1731321121589016,0.0036964908809456933
5.905,2.42858201209922,757.509028630496,0.2080192897486432,0.0014483113628003426,147.78601855619033,3.1680010610127654,0.0036918981556038773
5.91,2.4298685353446583,757.5104899538111,0.2080256634365989,0.0014437681358533128,147.79090711894938,3.1628811767163456,0.0036873092733519914
5.915,2.431157827163661,757.5119511929342,0.2080320094487026,0.0014392446020253004,147.79577577264396,3.1577724233572035,0.0036827242417494612
5.92,2.4324498366583955,757.5134122902011,0.20803832792080068,0.0014347406644655168,147.80062460263508,3.1526747650954148,0.003678143068279782
5.925,2.433744512823728,757.5148731879532,0.20804461898829685,0.0014302562266378393,147.80545369397024,3.147588166164309,0.0036735657603508337
5.93,2.4350418045492286,757.516333828539,0.20805088278615072,0.0014257911923217998,147.81026313138335,3.1425125908712004,0.0036689923252951886
5.9350000000000005,2.436341660621196,757.5177941543174,0.20805711944887642,0.0014213454656135456,147.8150529992939,3.137448003598105,0.0036644227703704233
5.94,2.437644029724685,757.5192541076586,0.2080633291105414,0.001416918950926773,147.81982338180643,3.132394368802443,0.0036598571027594367
5.945,2.4389488604455254,757.5207136309481,0.208069511904765,0.0014125115529936272,147.8245743627099,3.127351651017731,0.0036552953295707537
5.95,2.440256101272346,757.5221726665873,0.20807566796471738,0.0014081231768655776,147.82930602547768,3.122319814854261,0.003650737457838844
5.955,2.4415657005986167,757.5236311569968,0.20808179742311814,0.0014037537279142673,147.83401845326657,3.117298824999772,0.003646183494524432
5.96,2.442877606724688,757.5250890446182,0.20808790041223535,0.001399403111832331,147.83871172891685,3.1122886462201005,0.0036416334465148126
5.965,2.4441917678598286,757.5265462719168,0.20809397706388424,0.0013950712346341891,147.8433859349517,3.1072892433598267,0.0036370873206241607
5.97,2.445508132124265,757.5280027813834,0.20810002750942638,0.001390758002656808,147.8480411535768,3.102300581342908,0.0036325451235938487
5.9750000000000005,2.4468266475512386,757.5294585155369,0.2081060518797683,0.001386463322560441,147.8526774666797,3.0973226251732955,0.003628006862092758
5.98,2.4481472620890514,757.5309134169263,0.2081120503053608,0.001382187101329342,147.85729495583035,3.092355339935548,0.0036234725427175935
5.985,2.4494699236031243,757.5323674281332,0.2081180229161978,0.0013779292462724458,147.86189370228013,3.0873986907954234,0.0036189421719931983
5.99,2.4507945798780573,757.5338204917739,0.2081239698418155,0.0013736896650240276,147.86647378696182,3.0824526430004653,0.003614415756372865
5.995,2.452121178619686,757.5352725505019,0.20812989121129136,0.0013694682655443365,147.8710352904895,3.077517161880579,0.0036098933022386532
6.0,2.453449667457147,757.5367235470096,0.2081357871532434,0.0013652649561202018,147.87557829315807,3.0725922128485927,0.003605374815901702
6.005,2.454779993944943,757.5381734240315,0.20814165779582933,0.0013610796453656126,147.88010287494313,3.067677761400809,0.003600860303602545
6.01,2.4561121055650292,757.5396221243452,0.2081475032667457,0.0013569122422222764,147.88460911550126,3.0627737731175455,0.0035963497715114246
6.015000000000001,2.457445949728874,757.5410695907752,0.20815332369322717,0.0013527626559601466,147.88909709416947,3.0578802136636622,0.003591843225728606
6.0200000000000005,2.458781473779523,757.5425157661936,0.20815911920204594,0.001348630796177932,147.89356688996511,3.052997048789083,0.003587340672284693
6.025,2.4601186249936933,757.5439605935234,0.2081648899195108,0.001344516572803574,147.89801858158614,3.0481242443292977,0.0035828421171409395
6.03,2.4614573505838653,757.5454040157402,0.20817063597146676,0.0013404198960947056,147.9024522474107,3.043261766205862,0.003578347566189567
6.035,2.462797597700348,757.5468459758752,0.20817635748329427,0.0013363406766390864,147.9068679654973,3.038409580426883,0.003573857025254078
6.04,2.4641393134333702,757.5482864170161,0.20818205457990868,0.0013322788253550073,147.9112658135849,3.0335676530874895,0.0035693705000895684
6.045,2.465482444815174,757.549725282311,0.20818772738575972,0.0013282342534916794,147.9156458690926,3.028735950370302,0.003564887996383045
6.05,2.4668269388221,757.551162514969,0.20819337602483093,0.001324206872629595,147.92000820912023,3.0239144385458827,0.003560409519753737
6.055,2.468172742376686,757.5525980582638,0.2081990006206393,0.0013201965946808662,147.92435291044777,3.019103083973179,0.0035559350757534106
6.0600000000000005,2.46951980234976,757.5540318555351,0.2082046012962347,0.0013162033318895418,147.92868004953615,3.014301853099956,0.0035514646698666832
6.065,2.4708680655625366,757.5554638501912,0.20821017817419948,0.0013122269968319014,147.93298970252684,3.0095107124632237,0.0035469983075113393
6.07,2.4722174787887234,757.5568939857112,0.2082157313766482,0.0013082675024167242,147.93728194524226,3.004729628689643,0.003542535994038639
6.075,2.47356798875661,757.5583222056471,0.20822126102522714,0.00130432476188554,147.94155685318572,2.999958568495931,0.003538077734733635
6.08,2.474919542151187,757.5597484536258,0.20822676724111402,0.0013003986888128545,147.94581450154197,2.995197498689254,0.003533623534815487
6.085,2.476272085616238,757.5611726733523,0.2082322501450178,0.001296489197106357,147.95005496517697,2.9904463861676094,0.0035291733994377702
6.09,2.477625565756449,757.5625948086106,0.20823770985717827,0.0012925962010071016,147.95427831863861,2.985705197920197,0.0035247273336887924
6.095,2.4789799291395194,757.5640148032668,0.20824314649736594,0.0012887196150896743,147.95848463615658,2.9809739010277845,0.0035202853425919047
6.1000000000000005,2.48033512229827,757.5654326012711,0.20824856018488175,0.001284859354262328,147.9626739916428,2.976252462663057,0.003515847431105813
6.105,2.4816910917327535,757.56684814666,0.20825395103855704,0.0012810153337671102,147.9668464586914,2.9715408500909675,0.003511413604124893
6.11,2.483047783912368,757.5682613835584,0.20825931917675317,0.0012771874691799622,147.97100211057986,2.9668390306690635,0.003506983866479499
6.115,2.48440514527797,757.5696722561818,0.20826466471736169,0.0012733756764107976,147.97514102026838,2.962146971847817,0.003502558222936276
6.12,2.4857631222439864,757.5710807088387,0.208269987777804,0.0012695798717035638,147.97926326040093,2.957464641170939,0.0034981366781984724
6.125,2.487121661200532,757.5724866859329,0.2082752884750315,0.0012657999716362842,147.98336890330532,2.9527920062756845,0.0034937192369062496
6.13,2.4884807085155303,757.5738901319648,0.20828056692552535,0.0012620358931210763,147.9874580209935,2.9481290348931526,0.0034893059036369923
6.135,2.489840210536824,757.5752909915353,0.20828582324529668,0.0012582875534041566,147.9915306851622,2.9434756948485736,0.0034848966829056196
6.140000000000001,2.491200113594297,757.576689209346,0.20829105754988647,0.0012545548700658232,147.99558696719322,2.938831954061586,0.0034804915791648936
6.1450000000000005,2.4925603640019873,757.5780847302029,0.20829626995436565,0.001250837761020421,147.99962693815414,2.9341977805465147,0.0034760905968057327
6.15,2.4939209080602214,757.5794774990177,0.20830146057333512,0.0012471361445162842,148.0036506687984,2.929573142412623,0.0034716937401575144
6.155,2.4952816920577217,757.5808674608106,0.20830662952092602,0.0012434499391356666,148.007658229566,2.9249580078643733,0.003467301013488388
6.16,2.4966426622737248,757.5822545607118,0.20831177691079963,0.0012397790637946493,148.01164969058402,2.9203523452016693,0.0034629124210055835
6.165,2.498003764980113,757.5836387439643,0.20831690285614768,0.0012361234377430332,148.0156251216672,2.9157561228200914,0.003458527966855717
6.17,2.4993649464435244,757.5850199559258,0.20832200746969246,0.0012324829805642132,148.01958459231818,2.9111693092111275,0.0034541476551251
6.175,2.5007261529274825,757.5863981420705,0.20832709086368706,0.0012288576121750338,148.02352817172854,2.9065918729623905,0.003449771489840045
6.18,2.5020873306945175,757.587773247992,0.20833215314991557,0.001225247252825629,148.02745592877886,2.9020237827578286,0.003445399474967174
6.1850000000000005,2.5034484260082848,757.5891452194048,0.20833719443969337,0.001221651823099244,148.03136793203973,2.8974650073779316,0.0034410316144137206
6.19,2.5048093851356854,757.5905140021466,0.20834221484386728,0.0012180712439120434,148.035264249772,2.8929155156999253,0.003436667912027842
6.195,2.506170154348988,757.5918795421809,0.20834721447281607,0.0012145054365128975,148.039144949928,2.888375276697958,0.003432308371598918
6.2,2.507530679927956,757.5932417855984,0.2083521934364506,0.001210954322483156,148.0430101001513,2.8838442594432787,0.003427952996857858
6.205,2.5088909081619613,757.5946006786195,0.2083571518442142,0.0012074178237364065,148.046859767778,2.879322433104413,0.0034236017914774063
6.21,2.510250785352107,757.5959561675966,0.20836208980508308,0.001203895862518215,148.05069401983727,2.874809766947324,0.003419254759072443
6.215,2.5116102578133495,757.5973081990159,0.20836700742756675,0.0012003883614058511,148.05451292305207,2.87030623033557,0.0034149119032002885
6.22,2.5129692718766115,757.5986567194996,0.20837190481970827,0.0011968952433080008,148.0583165438397,2.865811792730453,0.0034105732273610073
6.2250000000000005,2.514327773890909,757.600001675808,0.2083767820890849,0.0011934164314644595,148.06210494831276,2.8613264236911613,0.0034062387349977066
6.23,2.5156857102254633,757.6013430148419,0.2083816393428083,0.0011899518494458135,148.0658782022795,2.856850092874904,0.003401908429496842
6.235,2.5170430272718214,757.602680683644,0.20838647668752525,0.0011865014211531043,148.06963637124497,2.852382770037036,0.003397582314188514
6.24,2.5183996714459758,757.604014629402,0.208391294229418,0.0011830650708174815,148.07337952041155,2.8479244250311795,0.00339326039234677
6.245,2.5197555891904724,757.6053447994495,0.2083960920742048,0.0011796427229998397,148.07710771467958,2.8434750278093373,0.003388942667189905
6.25,2.5211107269765307,757.6066711412691,0.2084008703271404,0.0011762343025904414,148.08082101864863,2.8390345484219988,0.0033846291418807586
6.255,2.5224650313061563,757.6079936024939,0.20840562909301671,0.0011728397348085265,148.08451949661787,2.8346029570182374,0.0033803198195270154
6.26,2.523818448714248,757.6093121309099,0.2084103684761633,0.0011694589452019078,148.08820321258693,2.8301802238458054,0.0033760147031815005
6.265000000000001,2.525170925770713,757.6106266744576,0.20841508858044794,0.0011660918596465527,148.09187223025717,2.825766319251217,0.003371713795842478
6.2700000000000005,2.526522409082578,757.6119371812347,0.20841978950927734,0.0011627384043461555,148.09552661303178,2.8213612136798294,0.0033674171004539487
6.275,2.527872845296096,757.6132435994974,0.20842447136559764,0.001159398505831689,148.09916642401708,2.8169648776759137,0.003363124619905944
6.28,2.529222181098846,757.6145458776633,0.2084291342518951,0.0011560720909609514,148.10279172602347,2.8125772818827213,0.0033588363570348206
6.285,2.5305703632218446,757.6158439643127,0.20843377827019685,0.0011527590869180953,148.106402581566,2.8081983970425433,0.003354552314623556
6.29,2.531917338441652,757.6171378081908,0.20843840352207146,0.0011494594212131482,148.10999905286545,2.803828193996764,0.0033502724954020445
6.295,2.533263053582466,757.6184273582102,0.20844301010862964,0.0011461730216815176,148.1135812018492,2.799466643685909,0.0033459969020473864
6.3,2.534607455518225,757.6197125634521,0.20844759813052505,0.0011428998164834862,148.1171490901521,2.7951137171496834,0.0033417255371841824
6.305,2.5359504911747073,757.6209933731693,0.20845216768795488,0.001139639734103694,148.12070277911744,2.7907693855270104,0.0033374584033848266
6.3100000000000005,2.537292107531619,757.6222697367872,0.20845671888066078,0.0011363927033506117,148.12424232979774,2.7864336200560547,0.003333195503169794
6.315,2.538632251624695,757.6235416039066,0.20846125180792946,0.0011331586533559997,148.12776780295593,2.782106392074254,0.0033289368390079367
6.32,2.5399708705477866,757.624808924305,0.20846576656859356,0.0011299375135743548,148.13127925906605,2.7777876730183273,0.003324682413316767
6.325,2.541307911454949,757.6260716479393,0.2084702632610324,0.0011267292137823511,148.13477675831425,2.773477434424291,0.0033204322284627504
6.33,2.5426433215625317,757.6273297249471,0.20847474198317287,0.001123533684078267,148.13826036060004,2.7691756479274656,0.003316186286761592
6.335,2.5439770481512602,757.6285831056493,0.20847920283249008,0.0011203508548813998,148.14173012553704,2.764882285262473,0.0033119445904785253
6.34,2.5453090385683153,757.6298317405517,0.20848364590600843,0.0011171806569314753,148.14518611245373,2.7605973182632337,0.003307707141828598
6.345,2.5466392402294185,757.6310755803468,0.20848807130030222,0.0011140230212880414,148.1486283803951,2.7563207188629564,0.003303473942976958
6.3500000000000005,2.547967600620895,757.6323145759159,0.20849247911149676,0.001110877879329855,148.152056988123,2.7520524590941173,0.003299244996039138
6.355,2.5492940673017603,757.6335486783315,0.20849686943526904,0.00110774516275426,148.1554719941174,2.7477925110884485,0.0032950203030813426
6.36,2.550618587905784,757.6347778388586,0.20850124236684878,0.0011046248035765517,148.15887345657745,2.7435408470769005,0.0032907998661207286
6.365,2.551941110143556,757.6360020089567,0.20850559800101917,0.0011015167341293357,148.16226143342283,2.7392974393896194,0.0032865836871256884
6.37,2.55326158180456,757.6372211402821,0.20850993643211804,0.0010984208870618768,148.16563598229405,2.735062260455906,0.003282371768016134
6.375,2.554579950759227,757.6384351846896,0.20851425775403853,0.0010953371953394372,148.168997160554,2.7308352828041755,0.0032781641106637764
6.38,2.5558961649609886,757.6396440942341,0.2085185620602302,0.001092265592242606,148.17234502528908,2.726616479061912,0.003273960716892407
6.385,2.5572101724483436,757.6408478211732,0.20852284944369992,0.0010892060113666224,148.17567963330987,2.722405821955617,0.0032697615884781767
6.390000000000001,2.5585219213468986,757.6420463179683,0.2085271199970129,0.001086158386620689,148.17900104115256,2.718203284310752,0.0032655667271498747
6.3950000000000005,2.5598313598714206,757.6432395372871,0.20853137381229359,0.001083122652227278,148.18230930508003,2.7140088390516817,0.00326137613458921
6.4,2.5611384363278873,757.6444274320049,0.20853561098122672,0.001080098742721422,148.18560448108255,2.709822459201605,0.003257189812431082
6.405,2.562443099115518,757.6456099552074,0.20853983159505834,0.0010770865929500073,148.18888662487936,2.705644117882489,0.0032530077622638606
6.41,2.563745296728817,757.6467870601912,0.20854403574459676,0.001074086138071056,148.19215579191933,2.7014737883149915,0.0032488299856296638
6.415,2.565044977759608,757.6479587004669,0.20854822352021365,0.0010710973135529952,148.19541203738237,2.6973114438183856,0.003244656484024629
6.42,2.5663420908990533,757.6491248297601,0.20855239501184503,0.001068120055173926,148.19865541618043,2.6931570578104767,0.003240487258899187
6.425,2.5676365849396863,757.6502854020139,0.20855655030899228,0.00106515429902088,148.2018859829587,2.6890106038075143,0.0032363223116583396
6.43,2.568928408777444,757.65144037139,0.20856068950072337,0.0010621999814890708,148.2051037920965,2.6848720554241017,0.003232161643661925
6.4350000000000005,2.5702175114136674,757.6525896922711,0.20856481267567367,0.001059257039281138,148.20830889770895,2.6807413863731018,0.0032280052562248937
6.44,2.571503841957123,757.6537333192624,0.2085689199220473,0.001056325409406387,148.2115013536472,2.676618570465538,0.0032238531506175797
6.445,2.5727873496260085,757.6548712071937,0.20857301132761796,0.0010534050291800155,148.2146812135006,2.6725035816104894,0.0032197053280659657
6.45,2.574067983749964,757.6560033111205,0.20857708697973024,0.001050495836222341,148.217848530597,2.668396393814987,0.003215561789751957
6.455,2.575345693772068,757.6571295863267,0.20858114696530056,0.0010475977684580183,148.2210033580045,2.664296981183899,0.003211422536813645
6.46,2.5766204292508283,757.6582499883259,0.20858519137081846,0.001044710764115249,148.22414574853212,2.6602053179198206,0.0032072875703455773
6.465,2.577892139862182,757.6593644728629,0.2085892202823475,0.0010418347617249892,148.2272757547313,2.656121378322954,0.0032031568913990227
6.47,2.57916077540148,757.6604729959158,0.20859323378552663,0.0010389697001201492,148.23039342889692,2.652045136790986,0.003199030500982237
6.4750000000000005,2.580426285785465,757.6615755136979,0.20859723196557112,0.0010361155184347866,148.2334988230688,2.647976567818963,0.0031949084000607243
6.48,2.5816886210542562,757.6626719826588,0.20860121490727387,0.001033272156103295,148.2365919890321,2.643915645999165,0.0031907905895575085
6.485,2.582947731373316,757.663762359487,0.20860518269500644,0.0010304395528595851,148.23967297831922,2.63986234602097,0.0031866770703533865
6.49,2.584203567035416,757.6648466011108,0.20860913541272033,0.0010276176487362663,148.24274184221076,2.6358166426707204,0.0031825678432871956
6.495,2.5854560784626077,757.6659246647004,0.208613073143948,0.0010248063840638162,148.24579863173673,2.6317785108315825,0.0031784629091560724
6.5,2.586705216208165,757.6669965076694,0.20861699597180428,0.0010220056994697472,148.24884339767743,2.6277479254834075,0.0031743622687157138
6.505,2.5879509309585504,757.6680620876771,0.20862090397898722,0.0010192155358777716,148.25187619056533,2.6237248617025846,0.0031702659226806357
6.51,2.589193173535358,757.6691213626291,0.20862479724777966,0.0010164358345069577,148.25489706068538,2.619709294661891,0.0031661738717244305
6.515000000000001,2.59043189489725,757.67017429068,0.20862867586005007,0.0010136665368708827,148.25790605807688,2.615701199630344,0.003162086116480025
6.5200000000000005,2.591667046141903,757.6712208302345,0.20863253989725408,0.0010109075847767842,148.2609032325345,2.611700551973045,0.003158002657539938
6.525,2.592898578507927,757.672260939949,0.2086363894404354,0.0010081589203247004,148.26388863360935,2.607707327151022,0.0031539234954565325
6.53,2.5941264433768003,757.6732945787334,0.2086402245702272,0.0010054204859066126,148.26686231061026,2.6037215007210697,0.003149848630742273
6.535,2.595350592274786,757.6743217057531,0.20864404536685338,0.001002692224205581,148.26982431260515,2.599743048335587,0.0031457780638699776
6.54,2.5965709768748355,757.6753422804298,0.20864785191012966,0.0009999740781948773,148.27277468842195,2.5957719457424107,0.0031417117952730724
6.545,2.5977875489985074,757.6763562624438,0.2086516442794648,0.0009972659911371123,148.27571348665006,2.591808168784649,0.003137649825345842
6.55,2.5990002606178737,757.6773636117354,0.20865542255386207,0.00099456790658336,148.2786407556414,2.587851693400508,0.00313359215444368
6.555,2.600209063857405,757.678364288506,0.20865918681192014,0.00099187976837228,148.28155654351173,2.5839024956231196,0.003129538782883341
6.5600000000000005,2.601413910995866,757.6793582532207,0.2086629371318347,0.000989201520629234,148.28446089814173,2.579960551580364,0.003125489710943186
6.565,2.6026147544681995,757.6803454666089,0.2086666735913994,0.0009865331077654018,148.2873538671785,2.576025837494694,0.0031214449388634346
6.57,2.603811546867399,757.681325889666,0.2086703962680073,0.0009838744744768899,148.29023549803637,2.5720983296829516,0.0031174044668464103
6.575,2.6050042409463856,757.6822994836559,0.208674105238652,0.0009812255657438418,148.29310583789857,2.568178004556185,0.003113368295056786
6.58,2.6061927896198753,757.6832662101112,0.20867780057992916,0.0009785863268295416,148.29596493371795,2.564264838619463,0.00310933642362183
6.585,2.6073771459662325,757.6842260308356,0.20868148236803735,0.0009759567032795169,148.2988128322188,2.5603588084716877,0.003105308852631651
6.59,2.6085572632293257,757.6851789079047,0.20868515067877974,0.0009733366409206381,148.30164957989757,2.5564598908054035,0.0031012855821394405
6.595,2.6097330948203714,757.6861248036687,0.20868880558756508,0.000970726085860215,148.30447522302424,2.5525680624066047,0.003097266612161717
6.6000000000000005,2.6109045943197757,757.6870636807524,0.20869244716940918,0.0009681249844850919,148.30728980764366,2.5486833001545426,0.003093251942678565
6.605,2.61207171547897,757.6879955020579,0.20869607549893607,0.0009655332834607402,148.31009337957676,2.544805581021528,0.003089241573633879
6.61,2.61323441222222,757.6889202307653,0.20869969065037935,0.0009629509297303458,148.31288598442165,2.5409348820727313,0.0030852355049356007
6.615,2.614392638648459,757.6898378303347,0.20870329269758348,0.0009603778705138982,148.315667667555,2.537071180465986,0.003081233736455958
6.62,2.615546349033111,757.6907482645071,0.20870688171400498,0.0009578140533072763,148.31843847413305,2.5332144534515804,0.0030772362680317033
6.625,2.6166954978298755,757.6916514973062,0.20871045777271394,0.0009552594258813314,148.3211984490931,2.529364678372059,0.0030732430994643515
6.63,2.6178400396725316,757.6925474930399,0.20871402094639502,0.0009527139362809681,148.32394763715448,2.525521832662015,0.0030692542305204144
6.635,2.618979929376732,757.6934362163015,0.20871757130734908,0.0009501775328242259,148.32668608281998,2.521685893847879,0.003065269660931637
6.640000000000001,2.620115121941785,757.6943176319711,0.20872110892749418,0.0009476501641013547,148.32941383037706,2.5178568395477137,0.00306128939039523
6.6450000000000005,2.6212455725524273,757.6951917052171,0.20872463387836715,0.000945131778973895,148.33213092389886,2.514034647471002,0.003057313418574106
6.65,2.6223712365806064,757.6960584014975,0.20872814623112462,0.0009426223265737503,148.33483740724574,2.510219295418432,0.003053341745097108
6.655,2.6234920695872304,757.6969176865613,0.20873164605654468,0.0009401217563022622,148.33753332406627,2.5064107612816855,0.003049374369559243
6.66,2.624608027323921,757.6977695264499,0.2087351334250278,0.000937630017829282,148.3402187177986,2.5026090230432185,0.0030454112915219126
6.665,2.6257190657347667,757.6986138874985,0.20873860840659855,0.000935147061092243,148.3428936316715,2.4988140587760466,0.00304145251051314
6.67,2.6268251409580627,757.6994507363372,0.20874207107090653,0.0009326728362952308,148.34555810870575,2.4950258466435247,0.0030374980260278023
6.675,2.6279262093280367,757.7002800398925,0.208745521487228,0.0009302072939080518,148.34821219171525,2.491244364899128,0.003033547837527855
6.68,2.62902222737658,757.7011017653887,0.20874895972446694,0.0009277503846653023,148.35085592330842,2.487469591886228,0.00302960194444256
6.6850000000000005,2.630113151834956,757.7019158803489,0.20875238585115663,0.0009253020595654351,148.35348934588927,2.4837015060378715,0.00302566034616871
6.69,2.631198939635515,757.7027223525965,0.20875579993546073,0.0009228622698698286,148.35611250165852,2.479940085876556,0.0030217230420708564
6.695,2.632279547913391,757.7035211502566,0.20875920204517479,0.0009204309671018502,148.35872543261502,2.4761853100140034,0.003017790031481529
6.7,2.633354934008194,757.7043122417568,0.2087625922477274,0.0009180081030459231,148.36132818055688,2.4724371571509325,0.0030138613137014607
6.705,2.6344250554656936,757.7050955958292,0.2087659706101817,0.0009155936297465922,148.36392078708263,2.4686956060768317,0.0030099368879998117
6.71,2.6354898700394975,757.7058711815107,0.20876933719923657,0.0009131874995075872,148.36650329359253,2.4649606356697316,0.003006016753614386
6.715,2.6365493356927185,757.7066389681452,0.208772692081228,0.0009107896648908885,148.3690757412897,2.4612322248959724,0.003002100909751855
6.72,2.6376034105996315,757.7073989253838,0.2087760353221304,0.0009084000787157903,148.37163817118133,2.4575103528099738,0.002998189355587976
6.7250000000000005,2.6386520531473305,757.7081510231872,0.20877936698755797,0.0009060186940579646,148.37419062407997,2.4537949985540006,0.0029942820902678084
6.73,2.639695221937363,757.7088952318256,0.2087826871427659,0.0009036454642485281,148.37673314060459,2.4500861413579345,0.0029903791129059355
6.735,2.6407328757873705,757.7096315218811,0.20878599585265192,0.0009012803428731018,148.37926576118193,2.446383760539034,0.0029864804225866754
6.74,2.6417649737327142,757.7103598642476,0.2087892931817574,0.0008989232837708772,148.38178852604753,2.4426878355017023,0.0029825860183642994
6.745,2.6427914750280923,757.7110802301333,0.2087925791942688,0.0008965742410336799,148.38430147524716,2.438998345737251,0.002978695899263247
6.75,2.6438123391491435,757.7117925910608,0.20879585395401895,0.0008942331690050348,148.38680464863768,2.435315270823663,0.002974810064278338
6.755,2.6448275257940503,757.7124969188686,0.20879911752448843,0.0008919000222792303,148.3892980858886,2.4316385904253552,0.002970928512374985
6.76,2.6458369948851357,757.7131931857126,0.2088023699688068,0.0008895747557003822,148.391781826483,2.4279682842929384,0.002967051242489408
6.765000000000001,2.6468407065704347,757.7138813640664,0.208805611349754,0.0008872573243615005,148.39425590971874,2.4243043322629796,0.00296317825352884
6.7700000000000005,2.647838621225278,757.714561426723,0.20880884172976166,0.0008849476836035552,148.3967203747097,2.4206467142577637,0.0029593095443717437
6.775,2.648830699453851,757.7152333467957,0.20881206117091441,0.0008826457890145417,148.3991752603872,2.4169954102850495,0.0029554451138680137
6.78,2.649816902090744,757.7158970977191,0.20881526973495118,0.0008803515964285487,148.4016206055006,2.4133504004378303,0.0029515849608391887
6.785,2.6507971902025065,757.7165526532505,0.2088184674832666,0.000878065061924826,148.404056448619,2.409711664894092,0.0029477290840786577
6.79,2.6517715250891825,757.7171999874702,0.2088216544769122,0.0008757861418268521,148.4064828281321,2.40607918391657,0.0029438774823518656
6.795,2.652739868285838,757.7178390747835,0.20882483077659786,0.0008735147927014038,148.40889978225155,2.4024529378525084,0.0029400301543965187
6.8,2.653702181564077,757.7184698899207,0.208827996442693,0.0008712509713576279,148.41130734901196,2.3988329071334125,0.0029361870989227895
6.805,2.654658426933555,757.7190924079391,0.20883115153522805,0.0008689946348461101,148.41370556627223,2.395219072274808,0.0029323483146135206
6.8100000000000005,2.6556085666434734,757.7197066042232,0.20883429611389556,0.0008667457404579476,148.41609447171655,2.3916114138759963,0.0029285138001244253
6.815,2.6565525631840763,757.7203124544862,0.20883743023805174,0.0008645042457238231,148.4184741028556,2.3880099126198093,0.0029246835540842923
6.82,2.657490379288125,757.7209099347705,0.20884055396671755,0.0008622701084130779,148.42084449702784,2.3844145492723627,0.0029208575750951835
6.825,2.6584219779323783,757.7214990214491,0.20884366735858023,0.0008600432865327876,148.42320569140028,2.3808253046828125,0.0029170358617326354
6.83,2.6593473223390376,757.7220796912261,0.2088467704719944,0.000857823738326839,148.42555772296998,2.377242159783107,0.0029132184125458573
6.835,2.660266375977214,757.7226519211382,0.20884986336498357,0.0008556114222750074,148.4279006285653,2.3736650955877416,0.0029094052260579296
6.84,2.6611791025643687,757.7232156885551,0.20885294609524127,0.0008534062970920355,148.4302344448464,2.3700940931935124,0.0029055963007660023
6.845,2.6620854660677384,757.7237709711807,0.20885601872013246,0.0008512083217267138,148.43255920830705,2.3665291337792684,0.0029017916351414884
6.8500000000000005,2.662985430705769,757.7243177470534,0.20885908129669475,0.0008490174553609631,148.43487495527535,2.362970198605664,0.002897991227630261
6.855,2.6638789609495177,757.7248559945482,0.20886213388163985,0.0008468336574089185,148.437181721915,2.359417269014915,0.002894195076652849
6.86,2.664766021524056,757.7253856923761,0.20886517653135464,0.0008446568875160113,148.4394795442265,2.3558703264305447,0.002890403180604628
6.865,2.665646577409866,757.7259068195862,0.20886820930190272,0.000842487105558058,148.44176845804785,2.3523293523571427,0.0028866155378560153
6.87,2.666520593844225,757.7264193555653,0.20887123224902546,0.0008403242716403471,148.44404849905632,2.3487943283801127,0.002882832146752658
6.875,2.667388036322576,757.7269232800402,0.20887424542814348,0.0008381683460967292,148.446319702769,2.3452652361654254,0.0028790530056156285
6.88,2.6682488705998844,757.7274185730771,0.20887724889435785,0.0008360192894887074,148.44858210454413,2.341742057459372,0.0028752781127416123
6.885,2.6691030626919994,757.7279052150833,0.2088802427024514,0.0008338770626045306,148.45083573958212,2.338224774088314,0.002871507466403097
6.890000000000001,2.6699505788769873,757.7283831868075,0.20888322690688996,0.0008317416264582897,148.4530806429268,2.3347133679584355,0.0028677410648485597
6.8950000000000005,2.67079138569647,757.7288524693408,0.20888620156182372,0.0008296129422890135,148.45531684946633,2.3312078210554965,0.002863978906302658
6.9,2.6716254499569385,757.7293130441175,0.20888916672108845,0.0008274909715597642,148.45754439393428,2.327708115444582,0.0028602209889664115
6.905,2.6724527387310677,757.7297648929156,0.20889212243820682,0.0008253756759567408,148.4597633109109,2.324214233269853,0.0028564673110173903
6.91,2.67327321935902,757.7302079978575,0.20889506876638955,0.0008232670173883812,148.46197363482386,2.320726156754304,0.002852717870609901
6.915,2.6740868594497282,757.7306423414113,0.20889800575853693,0.0008211649579844653,148.46417539994977,2.3172438681995073,0.002848972665875166
6.92,2.6748936268821746,757.7310679063909,0.2089009334672398,0.0008190694600952211,148.46636864041477,2.31376734998537,0.002845231694921512
6.925,2.6756934898066596,757.7314846759565,0.20890385194478106,0.0008169804862904333,148.46855339019584,2.310296584569883,0.0028414949558345478
6.93,2.6764864166460667,757.7318926336161,0.20890676124313673,0.0008148979993585538,148.47072968312182,2.306831554488875,0.0028377624466773485
6.9350000000000005,2.6772723760970973,757.7322917632254,0.20890966141397738,0.0008128219623058133,148.47289755287477,2.3033722423557643,0.002834034165490633
6.94,2.6780513371315178,757.7326820489886,0.20891255250866922,0.0008107523383553371,148.47505703299032,2.29991863086131,0.002830310110292948
6.945,2.6788232689973746,757.7330634754597,0.20891543457827558,0.0008086890909462598,148.47720815685918,2.296470702773364,0.0028265902790808417
6.95,2.6795881412202145,757.7334360275421,0.2089183076735579,0.0008066321837328457,148.47935095772814,2.293028440936626,0.0028228746698290446
6.955,2.680345923604283,757.7337996904896,0.2089211718449772,0.0008045815805836101,148.481485468701,2.289591828272394,0.0028191632804906463
6.96,2.6810965862337213,757.7341544499075,0.2089240271426951,0.0008025372455804406,148.48361172273968,2.286160847778319,0.002815456108997271
6.965,2.681840099473744,757.7345002917522,0.20892687361657533,0.0008004991430177247,148.48572975266526,2.2827354825281554,0.0028117531532592527
6.97,2.682576433971813,757.7348372023328,0.2089297113161848,0.0007984672374014774,148.48783959115883,2.27931571567152,0.002808054411165811
6.9750000000000005,2.6833055606587903,757.7351651683107,0.20893254029079475,0.0007964414934484704,148.48994127076264,2.275901530433639,0.0028043598805852217
6.98,2.6840274507500905,757.7354841767008,0.20893536058938222,0.0007944218760853666,148.49203482388106,2.2724929101151075,0.0028006695593649953
6.985,2.6847420757468163,757.7357942148718,0.2089381722606311,0.0007924083504478527,148.49412028278158,2.2690898380916407,0.002796983445332042
6.99,2.6854494074368804,757.7360952705466,0.20894097535293343,0.0007904008818797786,148.49619767959587,2.26569229781383,0.002793301536292848
6.995,2.6861494178961247,757.7363873318029,0.20894376991439056,0.0007883994359322969,148.49826704632054,2.262300272806897,0.0027896238300336436
7.0,2.6868420794894154,757.7366703870738,0.20894655599281442,0.0007864039783630042,148.50032841481834,2.258913746670449,0.0027859503243205727
7.005,2.6875273648717406,757.7369444251478,0.20894933363572873,0.0007844144751350865,148.5023818168193,2.255532703078236,0.0027822810168998623
7.01,2.6882052469892885,757.7372094351699,0.20895210289037022,0.0007824308924164682,148.50442728392122,2.2521571257779045,0.0027786159054979903
7.015000000000001,2.6888756990805143,757.7374654066415,0.2089548638036898,0.00078045319657896,148.50646484759108,2.248786998590754,0.002774954987821851
7.0200000000000005,2.6895386946771955,757.737712329421,0.20895761642235375,0.0007784813541974111,148.50849453916575,2.2454223054114975,0.002771298261558924
7.025,2.6901942076054834,757.7379501937245,0.20896036079274502,0.0007765153320488648,148.51051638985288,2.2420630302080142,0.0027676457243774374
7.03,2.690842211986923,757.7381789901256,0.20896309696096435,0.0007745550971117169,148.51253043073217,2.238709157021109,0.0027639973739265323
7.035,2.6914826822394833,757.7383987095561,0.20896582497283142,0.0007726006165648752,148.5145366927561,2.2353606699642703,0.0027603532078364287
7.04,2.6921155930785754,757.7386093433067,0.20896854487388614,0.0007706518577869219,148.51653520675083,2.2320175532234274,0.0027567132237185867
7.045,2.692740919518042,757.7388108830268,0.2089712567093898,0.0007687087883552797,148.5185260034172,2.228679791056712,0.002753077419165868
7.05,2.693358636871133,757.7390033207248,0.20897396052432618,0.0007667713760453796,148.52050911333174,2.225347367794216,0.0027494457917526995
7.055,2.6939687207514975,757.7391866487691,0.20897665636340287,0.0007648395888298317,148.52248456694767,2.2220202678377508,0.002745818339035233
7.0600000000000005,2.6945711470741416,757.7393608598877,0.20897934427105233,0.0007629133948775984,148.52445239459527,2.218698475660608,0.0027421950585515033
7.065,2.6951658920563752,757.7395259471688,0.20898202429143312,0.0007609927625531728,148.52641262648345,2.2153819758073214,0.002738575947821591
7.07,2.6957529322187557,757.7396819040611,0.20898469646843096,0.0007590776604157528,148.52836529270024,2.2120707528934265,0.0027349610043477766
7.075,2.6963322443860136,757.7398287243739,0.20898736084566008,0.0007571680572184274,148.530310423214,2.208764791605223,0.0027313502256147
7.08,2.6969038056879615,757.7399664022777,0.20899001746646426,0.0007552639219073588,148.53224804787402,2.2054640766995375,0.0027277436090895175
7.085,2.697467593560404,757.7400949323038,0.20899266637391795,0.0007533652236209701,148.53417819641172,2.2021685930034858,0.002724141152222056
7.09,2.69802358574603,757.7402143093453,0.2089953076108275,0.0007514719316891354,148.53610089844102,2.1988783254142383,0.0027205428524449695
7.095,2.698571760295288,757.7403245286567,0.2089979412197323,0.0007495840156323721,148.53801618345986,2.1955932588987808,0.0027169487071738944
7.1000000000000005,2.699112095567247,757.7404255858544,0.20900056724290592,0.0007477014451610359,148.53992408085054,2.1923133784936812,0.002713358713807599
7.105,2.6996445702304546,757.7405174769166,0.20900318572235718,0.00074582419017452,148.5418246198811,2.1890386693048556,0.0027097728697281424
7.11,2.700169163263792,757.7406001981838,0.20900579669983138,0.0007439522207604563,148.54371782970557,2.1857691165073305,0.0027061911723010204
7.115,2.7006858539572893,757.7406737463588,0.2090084002168114,0.0007420855071939184,148.54560373936533,2.1825047053450115,0.0027026136188753203
7.12,2.701194621912941,757.7407381185069,0.20901099631451886,0.0007402240199366285,148.54748237778963,2.1792454211304495,0.0026990402067838706
7.125,2.701695447045516,757.7407933120558,0.20901358503391512,0.000738367729636167,148.54935377379675,2.1759912492446087,0.002695470933343391
7.13,2.7021883095833616,757.740839324796,0.20901616641570256,0.000736516607125185,148.55121795609443,2.1727421751366345,0.002691905795854641
7.135,2.702673190069167,757.7408761548805,0.2090187405003256,0.0007346706234206191,148.55307495328114,2.1694981843236216,0.0026883447916025683
7.140000000000001,2.703150069360739,757.7409038008255,0.20902130732797183,0.0007328297497229102,148.55492479384654,2.166259262390383,0.002684787917856455
7.1450000000000005,2.703618928631756,757.7409222615099,0.20902386693857317,0.0007309939574152246,148.55676750617252,2.163025394989223,0.0026812351718700687
7.15,2.7040797493725153,757.7409315361754,0.2090264193718069,0.000729163218062676,148.5586031185339,2.1597965678397024,0.002677686550881802
7.155,2.7045325133906606,757.7409316244269,0.2090289646670968,0.0007273375034115538,148.56043165909944,2.1565727667284134,0.002674142052114823
7.16,2.7049772028118984,757.7409225262322,0.20903150286361424,0.0007255167853885523,148.56225315593213,2.153353977508752,0.002670601672777218
7.165,2.705413800080705,757.7409042419222,0.20903403400027928,0.0007237010361000027,148.56406763699084,2.150140186100687,0.002667065410062135
7.17,2.7058422879610236,757.7408767721906,0.20903655811576172,0.0007218902278311086,148.5658751301301,2.146931378490536,0.002663533261147927
7.175,2.7062626495369386,757.7408401180943,0.20903907524848225,0.0007200843330451834,148.56767566310188,2.143727540730739,0.002660005223198295
7.18,2.706674868213349,757.7407942810528,0.20904158543661353,0.0007182833243828928,148.56946926355542,2.140528658939631,0.002656481293362428
7.1850000000000005,2.7070789277166165,757.7407392628488,0.20904408871808114,0.0007164871746614973,148.5712559590388,2.1373347193012178,0.0026529614687751464
7.19,2.707474812095219,757.7406750656278,0.20904658513056482,0.0007146958568741001,148.57303577699912,2.134145708064954,0.0026494457465570404
7.195,2.707862505720372,757.7406016918977,0.20904907471149944,0.0007129093441888956,148.5748087447838,2.1309616115455166,0.0026459341238146096
7.2,2.708241993286642,757.7405191445295,0.20905155749807608,0.0007111276099484218,148.57657488964077,2.127782416122583,0.002642426597640402
7.205,2.708613259812559,757.7404274267562,0.20905403352724314,0.0007093506276688174,148.57833423871963,2.1246081082406083,0.0026389231651131524
7.21,2.7089762906412065,757.7403265421739,0.20905650283570731,0.000707578371039078,148.58008681907216,2.121438674408605,0.002635423823297919
7.215,2.709331071440794,757.7402164947403,0.2090589654599347,0.0007058108139203187,148.5818326576534,2.118274101199922,0.002631928569246221
7.22,2.7096775882052344,757.7400972887754,0.2090614214361518,0.0007040479303450375,148.58357178132178,2.115114375252023,0.002628437399996173
7.2250000000000005,2.7100158272546837,757.7399689289613,0.2090638708003467,0.0007022896945163819,148.58530421684054,2.1119594832662667,0.0026249503125726223
7.23,2.710345775236093,757.7398314203418,0.20906631358826988,0.0007005360808074203,148.5870299908778,2.1088094120076932,0.002621467303987283
7.235,2.710667419123723,757.7396847683223,0.20906874983543547,0.0006987870637604125,148.58874913000787,2.1056641483047986,0.002617988371238868
7.24,2.7109807462196733,757.7395289786692,0.20907117957712212,0.0006970426180860859,148.59046166071147,2.1025236790493227,0.0026145135113132246
7.245,2.711285744154372,757.7393640575107,0.20907360284837417,0.0006953027186629143,148.59216760937673,2.09938799119603,0.0026110427211834637
7.25,2.7115824008870657,757.7391900113354,0.20907601968400258,0.0006935673405363989,148.5938670022997,2.096257071762494,0.0026075759978100967
7.255,2.711870704706298,757.7390068469927,0.20907843011858596,0.0006918364589183524,148.5955598656853,2.093130907828883,0.0026041133381411617
7.26,2.7121506442303707,757.7388145716922,0.20908083418647158,0.0006901100491861858,148.59724622564747,2.0900094865377454,0.002600654739112356
7.265000000000001,2.71242220840779,757.7386131930037,0.20908323192177644,0.000688388086882198,148.59892610821083,2.086892795093794,0.0025972001976471665
7.2700000000000005,2.7126853865177125,757.7384027188572,0.20908562335838826,0.0006866705477128693,148.60059953931014,2.0837808207636965,0.0025937497106569988
7.275,2.7129401681703587,757.7381831575415,0.20908800852996642,0.0006849574075481552,148.60226654479186,2.080673550875858,0.0025903032750413035
7.28,2.7131865433074256,757.7379545177049,0.20909038746994302,0.000683248642420786,148.6039271504143,2.0775709728202134,0.0025868608876877057
7.285,2.713424502202486,757.7377168083545,0.20909276021152387,0.0006815442285255677,148.60558138184885,2.0744730740480155,0.0025834225454721325
7.29,2.713654035461369,757.7374700388561,0.20909512678768952,0.0006798441422186849,148.60722926467992,2.071379842071623,0.0025799882452589374
7.295,2.71387513402253,757.7372142189332,0.20909748723119612,0.0006781483600170083,148.60887082440607,2.068291264464294,0.0025765579839010294
7.3,2.714087789157419,757.7369493586673,0.20909984157457653,0.0006764568585974048,148.61050608644035,2.0652073288599735,0.0025731317582399944
7.305,2.714291992470818,757.736675468497,0.20910218985014128,0.0006747696147960489,148.61213507611163,2.0621280229530883,0.0025697095651062225
7.3100000000000005,2.714487735901163,757.736392559218,0.2091045320899795,0.0006730866056077369,148.613757818664,2.059053334498337,0.0025662914013190297
7.315,2.714675011720874,757.7361006419824,0.20910686832595995,0.0006714078081852064,148.6153743392584,2.0559832513104865,0.002562877263686784
7.32,2.714853812536662,757.7357997282984,0.20910919858973193,0.0006697331998384563,148.61698466297287,2.052917761264163,0.002559467149007025
7.325,2.715024131289813,757.7354898300298,0.20911152291272628,0.000668062758034069,148.61858881480333,2.049856852293648,0.002556061054066587
7.33,2.71518596125647,757.7351709593956,0.20911384132615637,0.0006663964603945387,148.62018681966376,2.046800512392672,0.002552658975641719
7.335,2.715339296047903,757.7348431289694,0.209116153861019,0.0006647342846975988,148.62177870238742,2.043748729614214,0.0025492609104982083
7.34,2.715484129610745,757.7345063516788,0.20911846054809538,0.0006630762088755521,148.62336448772686,2.0407014920702955,0.0025458668553914984
7.345,2.7156204562272523,757.7341606408053,0.20912076141795208,0.000661422211014607,148.6249442003548,2.0376587879317785,0.002542476807066808
7.3500000000000005,2.715748270515516,757.7338060099835,0.209123056500942,0.0006597722693542148,148.62651786486478,2.034620605428165,0.0025390907622592504
7.355,2.7158675674296795,757.7334424732004,0.20912534582720527,0.0006581263622864084,148.62808550577168,2.031586932847394,0.002535708717693953
7.36,2.7159783422601396,757.7330700447953,0.20912762942667018,0.0006564844683551443,148.62964714751197,2.028557758535643,0.002532330670086172
7.365,2.716080590633725,757.7326887394588,0.20912990732905418,0.0006548465662556477,148.63120281444492,2.025533070897128,0.002528956616141411
7.37,2.7161743085138816,757.7322985722325,0.20913217956386476,0.0006532126348337603,148.63275253085226,2.022512858393903,0.0025255865525555376
7.375,2.7162594922008196,757.7318995585082,0.20913444616040042,0.0006515826530852912,148.63429632093974,2.019497109545662,0.002522220476014897
7.38,2.716336138331665,757.7314917140275,0.2091367071477515,0.0006499566001553687,148.63583420883683,2.0164858129295444,0.0025188583831964304
7.385,2.716404243880593,757.731075054881,0.20913896255480124,0.0006483344553377967,148.63736621859792,2.0134789571799345,0.0025155002707677866
7.390000000000001,2.7164638061589397,757.730649597508,0.20914121241022662,0.0006467161980744123,148.63889237420221,2.0104765309882655,0.002512146135387435
7.3950000000000005,2.716514822815313,757.7302153586952,0.20914345674249918,0.0006451018079544477,148.640412699555,2.0074785231028285,0.0025087959737047846
7.4,2.7165572918357,757.7297723555768,0.20914569557988616,0.0006434912647138913,148.6419272184872,2.004484922328572,0.002505449782360289
7.405,2.716591211543525,757.7293206056331,0.20914792895045117,0.0006418845482348547,148.64343595475725,2.0014957175269092,0.002502107557985563
7.41,2.7166165805997253,757.7288601266906,0.20915015688205524,0.0006402816385449424,148.64493893205002,1.9985108976155284,0.0024987692972034937
7.415,2.716633398002802,757.7283909369206,0.20915237940235765,0.0006386825158166213,148.64643617397877,1.9955304515681949,0.00249543499662835
7.42,2.7166416630888617,757.7279130548387,0.20915459653881685,0.0006370871603665941,148.64792770408442,1.992554368414562,0.0024921046528658935
7.425,2.71664137553164,757.7274264993043,0.20915680831869135,0.0006354955526551764,148.64941354583726,1.9895826372399787,0.0024887782625134893
7.43,2.7166325353425167,757.7269312895198,0.20915901476904067,0.0006339076732856737,148.65089372263637,1.9866152471852991,0.0024854558221602124
7.4350000000000005,2.716615142870516,757.7264274450293,0.20916121591672604,0.0006323235030037635,148.6523682578106,1.983652187446692,0.002482137328386958
7.44,2.716589198802287,757.7259149857188,0.2091634117884115,0.0006307430226968793,148.6538371746191,1.9806934472754525,0.0024788227777665507
7.445,2.7165547041620832,757.7253939318142,0.20916560241056462,0.0006291662133935948,148.65530049625178,1.9777390159778114,0.0024755121668638487
7.45,2.716511660311721,757.7248643038818,0.2091677878094575,0.0006275930562630135,148.6567582458295,1.9747888829147482,0.002472205492235853
7.455,2.716460068950519,757.7243261228264,0.20916996801116747,0.0006260235326141598,148.65821044640512,1.9718430375018032,0.0024689027504318133
7.46,2.716399932115247,757.7237794098913,0.2091721430415782,0.0006244576238953701,148.6596571209631,1.9689014692088915,0.0024656039379933312
7.465,2.7163312521800314,757.723224186657,0.20917431292638028,0.0006228953116936905,148.66109829242052,1.9659641675601152,0.002462309051454469
7.47,2.7162540318562587,757.7226604750402,0.20917647769107237,0.000621336577734274,148.6625339836277,1.9630311221335794,0.002459018087341852
7.4750000000000005,2.716168274192484,757.7220882972935,0.2091786373609618,0.0006197814038797803,148.66396421736815,1.9601023225612055,0.002455731042174772
7.48,2.716073982574291,757.721507676004,0.20918079196116557,0.0006182297721297802,148.66538901635937,1.9571777585285506,0.002452447912465293
7.485,2.7159711607241728,757.7209186340925,0.2091829415166112,0.0006166816646201582,148.66680840325324,1.9542574197746188,0.0024491686947183513
7.49,2.7158598127013875,757.7203211948132,0.20918508605203753,0.0006151370636225207,148.66822240063615,1.9513412960916807,0.00244589338543186
7.495,2.715739942901787,757.7197153817517,0.20918722559199557,0.000613595951543606,148.6696310310297,1.9484293773250914,0.002442621981096808
7.5,2.715611556057648,757.7191012188251,0.20918936016084938,0.0006120583109246963,148.671034316891,1.9455216533731075,0.0024393544781973644
7.505,2.7154746572374826,757.7184787302803,0.20919148978277682,0.0006105241244410306,148.67243228061344,1.9426181141867067,0.0024360908732109776
7.51,2.715329251845848,757.7178479406934,0.20919361448177054,0.0006089933749012221,148.6738249445263,1.9397187497694068,0.0024328311626084743
7.515000000000001,2.715175345623123,757.717208874969,0.2091957342816386,0.0006074660452466763,148.6752123308963,1.936823550177084,0.0024295753428541602
7.5200000000000005,2.71501294464528,757.7165615583384,0.2091978492060055,0.0006059421185510122,148.67659446192673,1.933932505517798,0.002426323410405921
7.525,2.714842055323659,757.7159060163594,0.2091999592783129,0.0006044215780194839,148.67797135975871,1.9310456059516083,0.0024230753617153155
7.53,2.714662684404691,757.7152422749151,0.20920206452182044,0.0006029044069884081,148.6793430464713,1.9281628416903975,0.00241983119322768
7.535,2.7144748389696494,757.7145703602124,0.20920416495960661,0.000601390588924589,148.68070954408222,1.9252842029976946,0.0024165909013822194
7.54,2.7142785264343763,757.7138902987817,0.2092062606145695,0.0005998801074247489,148.6820708745474,1.922409680188497,0.002413354482612109
7.545,2.7140737545489766,757.7132021174752,0.2092083515094277,0.0005983729462149598,148.68342705976215,1.9195392636290936,0.002410121933344589
7.55,2.71386053139751,757.7125058434665,0.20921043766672104,0.0005968690891500756,148.6847781215613,1.9166729437368892,0.0024068932500010587
7.555,2.7136388653976793,757.7118015042486,0.2092125191088114,0.0005953685202131691,148.68612408171924,1.9138107109802294,0.0024036684289971745
7.5600000000000005,2.7134087653004997,757.7110891276337,0.20921459585788355,0.0005938712235149705,148.6874649619508,1.9109525558782239,0.0024004474667429425
7.565,2.7131702401899487,757.7103687417518,0.20921666793594593,0.0005923771832933059,148.68880078391157,1.9080984690005756,0.0023972303596428157
7.57,2.7129232994826067,757.7096403750496,0.20921873536483146,0.000590886383912539,148.69013156919758,1.9052484409674029,0.0023940171040957832
7.575,2.712667952927291,757.708904056289,0.20922079816619832,0.0005893988098630147,148.69145733934624,1.902402462449069,0.0023908076964954676
7.58,2.7124042106046597,757.7081598145467,0.20922285636153076,0.0005879144457605067,148.6927781158367,1.8995605241660076,0.0023876021332302154
7.585,2.7121320829268267,757.7074076792122,0.20922490997213986,0.0005864332763456634,148.69409392008987,1.8967226168885514,0.002384400410683189
7.59,2.711851580636944,757.7066476799874,0.20922695901916438,0.0005849552864834582,148.69540477346894,1.8938887314367596,0.00238120252523246
7.595,2.7115627148087764,757.7058798468851,0.20922900352357146,0.0005834804611626413,148.69671069727985,1.891058858680248,0.0023780084732511
7.6000000000000005,2.711265496846272,757.7051042102277,0.2092310435061575,0.0005820087854951926,148.6980117127711,1.8882329895380163,0.002374818251107268
7.605,2.710959938483103,757.704320800646,0.20923307898754884,0.0005805402447157785,148.69930784113478,1.8854111149782804,0.0023716318551643078
7.61,2.7106460517822075,757.7035296490785,0.20923510998820258,0.0005790748241812075,148.70059910350622,1.8825932260182998,0.0023684492817808295
7.615,2.7103238491353157,757.7027307867694,0.20923713652840736,0.0005776125093698903,148.7018855209646,1.8797793137242105,0.0023652705273108027
7.62,2.709993343262447,757.701924245268,0.20923915862828418,0.0005761532858813009,148.70316711453324,1.8769693692108542,0.002362095588103646
7.625,2.709654547211425,757.7011100564268,0.20924117630778705,0.0005746971394354396,148.70444390518026,1.8741633836416123,0.0023589244605043136
7.63,2.70930747435735,757.7002882524014,0.20924318958670385,0.0005732440558722958,148.705715913818,1.8713613482282359,0.0023557571408533823
7.635,2.7089521384020783,757.6994588656476,0.20924519848465706,0.000571794021151316,148.7069831613041,1.8685632542306798,0.0023525936254871404
7.640000000000001,2.708588553373681,757.6986219289216,0.20924720302110456,0.0005703470213508717,148.7082456684413,1.865769092956934,0.0023494339107376734
7.6450000000000005,2.7082167336258856,757.6977774752778,0.20924920321534027,0.0005689030426677298,148.70950345597817,1.8629788557628595,0.002346277992932951
7.65,2.7078366938375162,757.696925538068,0.20925119908649512,0.0005674620714165218,148.71075654460893,1.86019253405202,0.002343125868396912
7.655,2.707448449011909,757.6960661509395,0.20925319065353754,0.0005660240940292193,148.7120049549741,1.8574101192755175,0.0023399775334495493
7.66,2.707052014476316,757.6951993478345,0.20925517793527448,0.0005645890970546083,148.7132487076605,1.8546316029318257,0.0023368329844069956
7.665,2.7066474058813093,757.6943251629882,0.20925716095035193,0.0005631570671577655,148.71448782320167,1.851856976566627,0.002333692217581607
7.67,2.7062346392001557,757.6934436309278,0.2092591397172558,0.000561727991119536,148.71572232207797,1.8490862317726469,0.0023305552292820467
7.675,2.7058137307281958,757.6925547864709,0.20926111425431262,0.0005603018558360138,148.71695222471706,1.8463193601894898,0.00232742201581337
7.68,2.7053846970821813,757.6916586647238,0.2092630845796903,0.0005588786483180236,148.718177551494,1.8435563535034765,0.0023242925734771043
7.6850000000000005,2.7049475551996403,757.6907553010811,0.20926505071139886,0.0005574583556906022,148.71939832273148,1.8407972034474793,0.0023211668985713336
7.69,2.7045023223381977,757.6898447312236,0.2092670126672912,0.000556040965192485,148.72061455870016,1.8380419018007619,0.0023180449873907803
7.695,2.7040490160748947,757.6889269911165,0.2092689704650637,0.00055462646417559,148.7218262796189,1.835290440388813,0.002314926836226886
7.7,2.7035876543055024,757.6880021170092,0.20927092412225717,0.0005532148401045065,148.72303350565483,1.832542811083188,0.0023118124413678913
7.705,2.703118255243805,757.6870701454324,0.2092728736562574,0.000551806080555984,148.72423625692394,1.829799005801346,0.0023087017990989192
7.71,2.702640837420886,757.6861311131979,0.20927481908429602,0.000550400173218422,148.72543455349089,1.8270590165064862,0.002305594905702053
7.715,2.7021554196843915,757.6851850573964,0.20927676042345109,0.000548997105891362,148.72662841536925,1.8243228352073904,0.002302491757456417
7.72,2.701662021197798,757.6842320153966,0.20927869769064797,0.000547596866484983,148.72781786252216,1.8215904539582597,0.0022993923506382536
7.7250000000000005,2.701160661439645,757.6832720248427,0.20928063090265991,0.000546199443019593,148.72900291486246,1.8188618648585553,0.0022962966815210047
7.73,2.700651360202767,757.6823051236544,0.2092825600761089,0.0005448048236251277,148.73018359225233,1.8161370600528395,0.00229320474637539
7.735,2.700134137593516,757.6813313500239,0.20928448522746626,0.0005434129965406454,148.731359914504,1.8134160317306127,0.002290116541469481
7.74,2.699609014030964,757.6803507424156,0.20928640637305346,0.000542023950113829,148.7325319013799,1.810698772126158,0.002287032063068782
7.745,2.699076010246102,757.6793633395638,0.20928832352904275,0.0005406376728004835,148.7336995725928,1.807985273518379,0.0022839513074363062
7.75,2.698535147281016,757.6783691804716,0.20929023671145802,0.0005392541531640391,148.73486294780594,1.8052755282306427,0.0022808742708326506
7.755,2.69798644648806,757.6773683044089,0.20929214593617526,0.0005378733798750535,148.7360220466333,1.8025695286306203,0.002277800949516074
7.76,2.6974299295290125,757.6763607509114,0.20929405121892353,0.0005364953417107154,148.73717688863985,1.7998672671301295,0.0022747313397425703
7.765000000000001,2.6968656183742197,757.6753465597786,0.2092959525752855,0.0005351200275543497,148.7383274933417,1.7971687361849762,0.0022716654377659467
7.7700000000000005,2.6962935353017286,757.6743257710726,0.20929785002069823,0.000533747426394926,148.73947388020608,1.7944739282947977,0.0022686032398378953
7.775,2.6957137028964073,757.6732984251161,0.20929974357045386,0.0005323775273265635,148.74061606865183,1.791782836002903,0.0022655447422080693
7.78,2.6951261440490577,757.672264562491,0.20930163323970036,0.0005310103195480415,148.74175407804935,1.789095451896118,0.0022624899411241546
7.785,2.6945308819555036,757.6712242240369,0.20930351904344205,0.0005296457923623089,148.74288792772109,1.786411768604628,0.0022594388328319457
7.79,2.6939279401156853,757.6701774508496,0.20930540099654055,0.0005282839351759957,148.7440176369411,1.7837317788018208,0.0022563914135754165
7.795,2.6933173423327226,757.6691242842787,0.20930727911371527,0.0005269247374989247,148.74514322493587,1.7810554752041308,0.0022533476795967944
7.8,2.6926991127119786,757.668064765927,0.20930915340954429,0.0005255681889436257,148.746264710884,1.7783828505708812,0.0022503076271366313
7.805000000000001,2.6920732756601047,757.6669989376484,0.20931102389846482,0.0005242142792248489,148.7473821139168,1.7757138977041294,0.002247271252433874
7.8100000000000005,2.6914398558840893,757.6659268415458,0.20931289059477412,0.0005228629981590825,148.74849545311807,1.7730486094485123,0.00224423855172594
7.815,2.6907988783902703,757.6648485199702,0.2093147535126301,0.0005215143356640666,148.74960474752433,1.7703869786910889,0.002241209521248782
7.82,2.6901503684833457,757.6637640155186,0.20931661266605198,0.0005201682817583124,148.7507100161251,1.7677289983611848,0.002238184157236962
7.825,2.689494351765384,757.6626733710324,0.209318468068921,0.0005188248265606204,148.751811277863,1.7650746614302384,0.0022351624559237213
7.83,2.68883085413481,757.6615766295956,0.2093203197349811,0.0005174839602896,148.75290855163374,1.7624239609116452,0.0022321444135410475
7.835,2.688159901785381,757.6604738345334,0.20932216767783968,0.0005161456732631903,148.7540018562866,1.759776889860603,0.002229130026319746
7.84,2.6874815212051537,757.65936502941,0.20932401191096817,0.000514809955898181,148.75509121062413,1.7571334413739574,0.002226119290489508
7.845,2.6867957391754396,757.6582502580272,0.20932585244770274,0.0005134767987097356,148.7561766334027,1.754493608590048,0.0022231122022789767
7.8500000000000005,2.6861025827697453,757.6571295644229,0.2093276893012451,0.0005121461923109132,148.75725814333222,1.751857384688552,0.002220108757915818
7.855,2.685402079352708,757.6560029928688,0.20932952248466294,0.0005108181274121944,148.75833575907666,1.7492247628903328,0.002217108953626787
7.86,2.6846942565790073,757.654870587869,0.2093313520108909,0.0005094925948210056,148.75940949925393,1.7465957364572837,0.0022141127856377934
7.865,2.6839791423922805,757.6537323941582,0.20933317789273098,0.0005081695854412441,148.76047938243593,1.7439702986921752,0.002211120250173969
7.87,2.6832567650240193,757.6525884566997,0.20933500014285342,0.0005068490902728071,148.76154542714895,1.7413484429385009,0.0022081313434597345
7.875,2.6825271529924506,757.6514388206841,0.20933681877379723,0.0005055311004111167,148.76260765187374,1.7387301625803235,0.0022051460617188642
7.88,2.681790335101415,757.6502835315271,0.20933863379797096,0.0005042156070466492,148.76366607504528,1.7361154510421224,0.0022021644011745514
7.885,2.681046340439226,757.6491226348676,0.2093404452276533,0.0005029026014644639,148.7647207150534,1.7335043017886391,0.0021991863580494747
7.890000000000001,2.680295198377526,757.6479561765664,0.20934225307499382,0.0005015920750437332,148.76577159024237,1.7308967083247235,0.002196211928565859
7.8950000000000005,2.679536938570124,757.6467842027039,0.20934405735201356,0.0005002840192572734,148.76681871891122,1.728292664195183,0.0021932411089455447
7.9,2.678771590951823,757.6456067595788,0.20934585807060582,0.0004989784256710755,148.7678621193141,1.7256921629846265,0.002190273895410046
7.905,2.677999185737244,757.6444238937054,0.20934765524253665,0.000497675285943837,148.7689018096601,1.7230951983173122,0.002187310284180618
7.91,2.6772197534196245,757.6432356518129,0.2093494488794457,0.0004963745918264948,148.76993780811324,1.720501763856996,0.0021843502714783167
7.915,2.6764333247696244,757.6420420808425,0.20935123899284677,0.0004950763351617579,148.77097013279294,1.717911853306777,0.002181393853524065
7.92,2.675639930834104,757.6408432279462,0.20935302559412852,0.0004937805078836422,148.77199880177372,1.715325460408945,0.0021784410265387106
7.925,2.6748396029348998,757.6396391404846,0.20935480869455508,0.0004924871020170042,148.7730238330855,1.7127425789448274,0.0021754917867430903
7.930000000000001,2.6740323726675954,757.6384298660254,0.20935658830526685,0.000491196109677076,148.77404524471362,1.7101632027346363,0.0021725461303580907
7.9350000000000005,2.6732182719002635,757.6372154523408,0.20935836443728092,0.0004899075230690021,148.77506305459897,1.7075873256373177,0.002169604053604709
7.94,2.672397332772214,757.6359959474066,0.20936013710149204,0.0004886213344873743,148.77607728063813,1.7050149415503955,0.0021666655527041133
7.945,2.6715695876927237,757.6347713993995,0.209361906308673,0.000487337536315769,148.7770879406833,1.7024460444098204,0.002163730623877702
7.95,2.6707350693397536,757.6335418566954,0.20936367206947543,0.0004860561210262846,148.7780950525424,1.6998806281898178,0.0021607992633471645
7.955,2.6698938106586634,757.6323073678676,0.20936543439443045,0.0004847770811790792,148.77909863397926,1.6973186869027341,0.0021578714673345396
7.96,2.6690458448609085,757.6310679816851,0.20936719329394934,0.0004835004094219085,148.78009870271356,1.6947602145988843,0.0021549472320622756
7.965,2.66819120542273,757.62982374711,0.2093689487783241,0.0004822260984896653,148.78109527642096,1.692205205366399,0.002152026553753287
7.97,2.667329926083835,757.6285747132962,0.20937070085772824,0.00048095414120391793,148.78208837273323,1.6896536533310718,0.002149109428631015
7.9750000000000005,2.66646204084606,757.6273209295871,0.2093724495422173,0.00047968453047245017,148.7830780092382,1.6871055526562062,0.0021461958529194807
7.98,2.665587583972032,757.6260624455139,0.20937419484172964,0.000478417259288802,148.78406420347994,1.6845608975424644,0.002143285822843349
7.985,2.6647065899838167,757.6247993107932,0.20937593676608698,0.0004771523207318087,148.78504697295855,1.6820196822277125,0.0021403793346279794
7.99,2.6638190936615485,757.6235315753257,0.20937767532499515,0.00047588970796514263,148.78602633513054,1.679481900986868,0.002137476384499486
7.995,2.6629251300420687,757.6222592891937,0.20937941052804462,0.00047462941423685425,148.787002307409,1.676947548131747,0.002134576968684793
8.0,2.662024734417531,757.6209825026592,0.20938114238471134,0.00047337143287891364,148.787974907163,1.6744166180109126,0.002131681083411688
8.005,2.6611179423340188,757.619701266162,0.20938287090435712,0.0004721157573067523,148.78894415171843,1.671889105009519,0.0021287887249088807
8.01,2.6602047895901304,757.6184156303178,0.20938459609623056,0.00047086238101880603,148.7899100583574,1.6693650035491627,0.002125899889406059
8.015,2.659285312235572,757.617125645916,0.2093863179694675,0.00046961129759605553,148.79087264431868,1.6668443080877233,0.0021230145731339356
8.02,2.6583595465697436,757.6158313639178,0.20938803653309185,0.0004683625007015721,148.79183192679764,1.6643270131192165,0.0021201327723243137
8.025,2.6574275291402913,757.6145328354539,0.209389751796016,0.00046711598408005783,148.79278792294633,1.6618131131736353,0.0021172544832101306
8.03,2.6564892967416687,757.6132301118232,0.20939146376704168,0.0004658717415573913,148.79374064987346,1.6593026028168019,0.002114379702025518
8.035,2.655544886413686,757.6119232444898,0.20939317245486053,0.0004646297670401684,148.7946901246443,1.656795476650208,0.00211150842500585
8.040000000000001,2.6545943354400485,757.6106122850821,0.20939487786805475,0.00046339005451524973,148.79563636428108,1.6542917293108674,0.002108640648387801
8.045,2.6536376813468867,757.6092972853893,0.20939658001509767,0.0004621525980493021,148.79657938576284,1.6517913554711587,0.002105776368409395
8.05,2.6526749619012637,757.6079782973608,0.20939827890435464,0.00046091739178834214,148.79751920602536,1.64929434983867,0.002102915581310055
8.055,2.6517062151096997,757.6066553731031,0.2093999745440833,0.00045968442995728334,148.7984558419612,1.6468007071560498,0.002100058283330662
8.06,2.6507314792166583,757.6053285648786,0.20940166694243462,0.0004584537068594775,148.79938931041997,1.6443104222008469,0.002097204470713596
8.065,2.6497507927030424,757.6039979251026,0.2094033561074532,0.0004572252168762623,148.80031962820823,1.6418234897853623,0.0020943541397027976
8.07,2.6487641942846833,757.602663506342,0.20940504204707824,0.00045599895446650344,148.80124681208937,1.6393399047564885,0.002091507286543809
8.075,2.6477717229108033,757.6013253613127,0.20940672476914385,0.0004547749141661421,148.8021708787838,1.636859661995561,0.0020886639074838326
8.08,2.646773417762468,757.599983542878,0.20940840428138002,0.00045355309058773744,148.803091844969,1.6343827564181983,0.0020858239987717716
8.085,2.6457693182510553,757.598638104046,0.20941008059141294,0.00045233347842001424,148.80400972727944,1.6319091829741508,0.0020829875566582873
8.09,2.6447594640166994,757.5972890979679,0.209411753706766,0.00045111607242740657,148.8049245423066,1.629438936647145,0.002080154577395846
8.095,2.643743894926719,757.5959365779355,0.2094134236348601,0.00044990086744960204,148.8058363065991,1.626972012454724,0.002077325057238761
8.1,2.6427226510740423,757.5945805973797,0.20941509038301453,0.0004486878584010905,148.80674503666262,1.6245084054481005,0.0020744989924432527
8.105,2.641695772775625,757.5932212098677,0.20941675395844744,0.00044747704027070544,148.80765074895993,1.6220481107119928,0.0020716763792674843
8.11,2.6406633005708704,757.5918584691013,0.20941841436827666,0.00044626840812117313,148.80855345991102,1.6195911233644749,0.00206885721397162
8.115,2.639625275220014,757.5904924289147,0.20942007161952014,0.0004450619570886545,148.80945318589292,1.6171374385568156,0.002066041492817861
8.120000000000001,2.638581737702519,757.5891231432722,0.2094217257190968,0.00044385768238229317,148.81034994323983,1.6146870514733278,0.002063229212070504
8.125,2.637532729215462,757.5877506662663,0.20942337667382702,0.0004426555792837602,148.8112437482432,1.6122399573312092,0.00206042036799598
8.13,2.6364782911719002,757.5863750521156,0.20942502449043338,0.0004414556431467977,148.81213461715154,1.6097961513803836,0.0020576149568628994
8.135,2.635418465199242,757.5849963551622,0.20942666917554117,0.0004402578693967676,148.81302256617073,1.6073556289033495,0.002054812974942105
8.14,2.6343532931376044,757.58361462987,0.20942831073567925,0.00043906225353019287,148.81390761146372,1.6049183852150168,0.002052014418506707
8.145,2.633282817038161,757.5822299308225,0.20942994917728042,0.00043786879111430655,148.81478976915065,1.6024844156625557,0.0020492192838321393
8.15,2.63220707916147,757.5808423127203,0.20943158450668234,0.000436677477786594,148.81566905530892,1.6000537156252337,0.002046427567196193
8.155,2.631126121975821,757.5794518303793,0.2094332167301279,0.00043548830925434055,148.8165454859732,1.5976262805142636,0.002043639264879071
8.16,2.6300399881555543,757.5780585387287,0.20943484585376618,0.00043430128129417323,148.8174190771353,1.595202105772639,0.002040854373163421
8.165000000000001,2.628948720579374,757.5766624928079,0.20943647188365266,0.0004331163897516087,148.81828984474427,1.5927811868749833,0.002038072888334389
8.17,2.627852362328656,757.5752637477657,0.20943809482575038,0.00043193363054059734,148.81915780470638,1.5903635193273864,0.002035294806679657
8.175,2.626750956685747,757.5738623588566,0.2094397146859301,0.0004307529996430656,148.82002297288528,1.5879490986672453,0.002032520124489485
8.18,2.625644547132255,757.57245838144,0.20944133146997126,0.00042957449310846466,148.82088536510167,1.585537920463111,0.0020297488380567573
8.185,2.624533177347334,757.571051870977,0.20944294518356252,0.0004283981070533106,148.82174499713352,1.583129980314522,0.00202698094367702
8.19,2.623416891205961,757.569642883029,0.20944455583230234,0.0004272238376607319,148.82260188471608,1.5807252738518516,0.0020242164376485282
8.195,2.6222957327772045,757.5682314732545,0.20944616342169972,0.00042605168118001034,148.8234560435418,1.5783237967361414,0.0020214553162722798
8.2,2.621169746322475,757.5668176974082,0.2094477679571748,0.00042488163392612904,148.8243074892603,1.5759255446589489,0.0020186975758520647
8.205,2.6200389762937895,757.5654016113373,0.2094493694440595,0.00042371369227931193,148.82515623747855,1.5735305133421795,0.002015943212694498
8.21,2.6189034673320117,757.5639832709808,0.2094509678875982,0.00042254785268457004,148.82600230376073,1.571138698537933,0.002013192223109066
8.215,2.617763264265089,757.562562732366,0.20945256329294823,0.00042138411165124415,148.82684570362804,1.5687500960283387,0.0020104446034081643
8.22,2.6166184121062876,757.5611400516075,0.2094541556651808,0.0004202224657525468,148.8276864525591,1.5663647016253934,0.0020077003499071326
8.225,2.615468956052413,757.5597152849035,0.20945574500928132,0.0004190629116251078,148.8285245659895,1.5639825111708048,0.002004959458924303
8.23,2.6143149414820175,757.5582884885353,0.2094573313301503,0.0004179054459685137,148.82936005931217,1.5616035205358232,0.002002221926781029
8.235,2.6131564139536216,757.5568597188632,0.2094589146326038,0.0004167500655448536,148.8301929478773,1.5592277256210865,0.001999487749801733
8.24,2.6119934192039054,757.555429032326,0.20946049492137422,0.0004155967671782581,148.83102324699215,1.5568551223564517,0.0019967569243139367
8.245000000000001,2.6108260031459105,757.5539964854376,0.2094620722011109,0.0004144455477544443,148.83185097192103,1.5544857067008377,0.0019940294466483034
8.25,2.6096542118672232,757.5525621347854,0.20946364647638066,0.0004132964042202562,148.83267613788556,1.5521194746420595,0.0019913053131386757
8.255,2.6084780916281534,757.5511260370278,0.20946521775166863,0.0004121493335832053,148.83349876006437,1.5497564221966624,0.0019885845201221075
8.26,2.6072976888599158,757.5496882488918,0.20946678603137867,0.00041100433291101426,148.8343188535935,1.5473965454097656,0.0019858670639389085
8.265,2.6061130501627923,757.5482488271712,0.20946835131983427,0.0004098613993311553,148.83513643356554,1.5450398403548906,0.0019831529409326722
8.27,2.6049242223042848,757.5468078287239,0.20946991362127892,0.00040872053003039355,148.83595151503076,1.542686303133804,0.001980442147450319
8.275,2.603731252217277,757.5453653104698,0.20947147293987703,0.00040758172225432467,148.83676411299618,1.5403359298763464,0.001977734679842126
8.28,2.602534186998189,757.543921329389,0.20947302927971428,0.00040644497330691857,148.83757424242611,1.5379887167402742,0.001975030534461768
8.285,2.6013330739051037,757.5424759425186,0.20947458264479857,0.0004053102805500556,148.8383819182417,1.5356446599110876,0.0019723297076663458
8.290000000000001,2.6001279603559078,757.5410292069514,0.20947613303906037,0.00040417764140306925,148.83918715532133,1.5333037556018716,0.001969632195816427
8.295,2.59891889392642,757.5395811798329,0.20947768046635365,0.00040304705334228433,148.8399899685003,1.5309660000531282,0.001966937995276079
8.3,2.597705922348509,757.5381319183597,0.20947922493045623,0.0004019185139005546,148.84079037257112,1.5286313895326051,0.001964247102412897
8.305,2.5964890935082137,757.5366814797765,0.20948076643507074,0.00040079202066680444,148.84158838228277,1.5262999203351384,0.0019615595135980455
8.31,2.5952684554438537,757.5352299213746,0.20948230498382492,0.0003996675712855649,148.84238401234182,1.523971588782477,0.001958875225206286
8.315,2.5940440563441283,757.533777300489,0.2094838405802726,0.00039854516345651394,148.84317727741148,1.521646391223123,0.001956194233616014
8.32,2.5928159445462144,757.5323236744965,0.2094853732278941,0.0003974247949340118,148.84396819211204,1.5193243240321581,0.0019535165352092872
8.325,2.5915841685338648,757.5308691008134,0.209486902930097,0.00039630646352664157,148.84475677102074,1.5170053836110808,0.001950842126371861
8.33,2.590348776935481,757.5294136368933,0.20948842969021675,0.00039519016709674325,148.84554302867153,1.5146895663876334,0.0019481710034932175
8.335,2.589109818522207,757.5279573402241,0.2094899535115173,0.0003940759035599536,148.8463269795555,1.5123768688156378,0.0019455031629666002
8.34,2.5878673422059983,757.5265002683269,0.20949147439719173,0.00039296367088474145,148.8471086381205,1.5100672873748255,0.0019428386011890433
8.345,2.5866213970376855,757.5250424787528,0.20949299235036306,0.00039185346709194314,148.84788801877116,1.5077608185706657,0.0019401773145614001
8.35,2.5853720322050537,757.5235840290812,0.2094945073740846,0.00039074529025430113,148.84866513586914,1.5054574589342005,0.0019375192994883792
8.355,2.584119297030886,757.5221249769171,0.20949601947134086,0.00038963913849599663,148.84944000373272,1.503157205021869,0.0019348645523785675
8.36,2.582863240971019,757.5206653798891,0.20949752864504806,0.0003885350099921882,148.85021263663717,1.5008600534153447,0.0019322130696444672
8.365,2.5816039136123954,757.5192052956469,0.20949903489805488,0.0003874329029685436,148.85098304881444,1.4985660007213564,0.0019295648477025181
8.370000000000001,2.5803413646710975,757.5177447818592,0.20950053823314294,0.00038633281570077773,148.85175125445332,1.4962750435715255,0.0019269198829731326
8.375,2.579075643990393,757.5162838962113,0.20950203865302763,0.0003852347465141856,148.8525172676993,1.4939871786221897,0.0019242781718807214
8.38,2.5778068015387645,757.5148226964031,0.20950353616035863,0.0003841386937831753,148.85328110265465,1.4917024025542305,0.0019216397108537202
8.385,2.5765348874079375,757.5133612401463,0.20950503075772064,0.0003830446559308044,148.8540427733782,1.489420712072907,0.0019190044963246229
8.39,2.5752599518109007,757.5118995851627,0.20950652244763399,0.00038195263142831157,148.8548022938857,1.487142103907676,0.0019163725247300027
8.395,2.573982045079928,757.5104377891813,0.20950801123255527,0.00038086261879465206,148.8555596781495,1.4848665748120269,0.0019137437925105466
8.4,2.572701217664584,757.5089759099366,0.20950949711487798,0.00037977461659602726,148.8563149400985,1.4825941215633016,0.001911118296111074
8.405,2.5714175201297422,757.5075140051658,0.2095109800969333,0.0003786886234454211,148.8570680936182,1.4803247409625275,0.001908496031980573
8.41,2.5701310031535787,757.5060521326074,0.20951246018099048,0.0003776046380021295,148.85781915255103,1.478058429834238,0.0019058769965722162
8.415000000000001,2.5688417175255807,757.5045903499973,0.2095139373692578,0.00037652265897129464,148.85856813069563,1.4757951850263036,0.001903261186343396
8.42,2.567549714144533,757.5031287150684,0.20951541166388296,0.00037544268510343614,148.85931504180755,1.473535003409755,0.0019006485977557462
8.425,2.56625504401651,757.501667285547,0.2095168830669539,0.0003743647151939812,148.86005989959867,1.4712778818786063,0.0018980392272751636
8.43,2.5649577582528735,757.500206119151,0.20951835158049928,0.00037328874808279866,148.86080271773764,1.469023817349685,0.0018954330713718407
8.435,2.5636579080682425,757.4987452735875,0.20951981720648938,0.00037221478265372687,148.8615435098493,1.4667728067624508,0.0018928301265202826
8.44,2.562355544778472,757.4972848065509,0.20952127994683648,0.0003711428178341075,148.86228228951532,1.4645248470788252,0.0018902303891993385
8.445,2.5610507197986303,757.4958247757197,0.2095227398033957,0.0003700728525943129,148.86301907027365,1.4622799352830103,0.001887633855892218
8.45,2.5597434846409723,757.4943652387556,0.20952419677796555,0.0003690048859472799,148.86375386561892,1.4600380683813177,0.0018850405230865224
8.455,2.5584338909129007,757.4929062532996,0.2095256508722886,0.0003679389169480361,148.864486689002,1.4577992434019853,0.0018824503872742601
8.46,2.55712199031493,757.4914478769713,0.2095271020880522,0.00036687494469323266,148.86521755383038,1.455563457395007,0.0018798634449518764
8.465,2.555807834638647,757.4899901673652,0.209528550426889,0.00036581296832067253,148.8659464734677,1.4533307074319506,0.001877279692620273
8.47,2.5544914757646633,757.4885331820499,0.20952999589037768,0.00036475298700883857,148.86667346123434,1.45110099060578,0.0018746991267848277
8.475,2.55317296566057,757.4870769785641,0.20953143848004366,0.00036369499997642514,148.86739853040672,1.4488743040306808,0.0018721217439554223
8.48,2.5518523563788866,757.4856216144161,0.20953287819735958,0.00036263900648186474,148.868121694218,1.4466506448418768,0.0018695475406464573
8.485,2.5505297000550073,757.48416714708,0.20953431504374614,0.0003615850058228587,148.8688429658573,1.4444300101954561,0.0018669765133768803
8.49,2.5492050489051303,757.4827136339946,0.20953574902057256,0.00036053299733590304,148.86956235847043,1.442212397268187,0.0018644086586701986
8.495000000000001,2.547878455224211,757.4812611325603,0.20953718012915748,0.00035948298039581943,148.87027988515928,1.4399978032573435,0.0018618439730545078
8.5,2.5465499713838953,757.4798097001375,0.20953860837076932,0.0003584349544152818,148.87099555898223,1.4377862253805227,0.0018592824530625082
8.505,2.545219649830444,757.4783593940435,0.20954003374662716,0.0003573889188443435,148.8717093929536,1.4355776608754631,0.0018567240952315216
8.51,2.543887543082675,757.4769102715513,0.20954145625790122,0.00035634487316996795,148.87242140004435,1.4333721069998697,0.0018541688961035184
8.515,2.54255370372988,757.4754623898864,0.2095428759057137,0.0003553028169155528,148.8731315931816,1.4311695610312267,0.0018516168522251283
8.52,2.541218184429747,757.4740158062249,0.2095442926911392,0.0003542627496404604,148.87383998524868,1.4289700202666225,0.0018490679601476671
8.525,2.5398810379062855,757.4725705776913,0.2095457066152056,0.00035322467093954233,148.8745465890851,1.426773482022563,0.0018465222164271477
8.53,2.53854231694775,757.4711267613565,0.20954711767889453,0.00035218858044266997,148.8752514174867,1.4245799436347952,0.0018439796176243058
8.535,2.5372020744045494,757.4696844142346,0.20954852588314216,0.0003511544778142582,148.8759544832053,1.42238940245812,0.0018414401603046105
8.540000000000001,2.5358603631871586,757.468243593282,0.20954993122883966,0.00035012236275279505,148.8766557989492,1.4202018558662148,0.0018389038410382876
8.545,2.5345172362640325,757.4668043553936,0.20955133371683413,0.0003490922349903677,148.87735537738263,1.4180173012514492,0.0018363706564003346
8.55,2.5331727466595226,757.4653667574023,0.20955273334792895,0.0003480640942921886,148.8780532311261,1.4158357360246996,0.001833840602970535
8.555,2.531826947451772,757.4639308560751,0.20955413012288468,0.00034703794045612445,148.8787493727563,1.413657157615171,0.0018313136773334805
8.56,2.5304798917706255,757.4624967081119,0.20955552404241948,0.0003460137733122203,148.879443814806,1.4114815634702094,0.0018287898760785805
8.565,2.5291316327955373,757.4610643701428,0.20955691510721,0.00034499159272222927,148.8801365697641,1.4093089510551222,0.0018262691958000849
8.57,2.527782223753453,757.4596338987263,0.20955830331789183,0.00034397139857913616,148.8808276500756,1.4071393178529896,0.0018237516330970927
8.575000000000001,2.5264317179167275,757.4582053503465,0.20955968867506022,0.00034295319080668714,148.88151706814156,1.4049726613644857,0.001821237184573574
8.58,2.525080168601016,757.4567787814111,0.20956107117927078,0.0003419369693589153,148.88220483631937,1.4028089791076908,0.00181872584683838
8.585,2.523727629163162,757.4553542482495,0.20956245083104005,0.00034092273421966614,148.8828909669222,1.4006482686179063,0.001816217616505258
8.59,2.5223741529991104,757.45393180711,0.20956382763084613,0.0003399104854021277,148.88357547221946,1.3984905274474737,0.0018137124901928697
8.595,2.5210197935417806,757.4525115141581,0.2095652015791295,0.00033890022294835406,148.88425836443662,1.396335753165584,0.0018112104645247983
8.6,2.519664604258957,757.4510934254738,0.20956657267629336,0.0003378919469287947,148.8849396557552,1.394183943358099,0.0018087115361295697
8.605,2.518308638651186,757.4496775970498,0.20956794092270464,0.00033688565744181956,148.88561935831262,1.3920350956273582,0.0018062157016406587
8.61,2.5169519502496676,757.4482640847891,0.20956930631869433,0.00033588135461324936,148.88629748420266,1.3898892075920009,0.001803722957696508
8.615,2.5155945926141334,757.4468529445027,0.20957066886455833,0.00033487903859587953,148.88697404547477,1.3877462768867734,0.001801233300940535
8.620000000000001,2.5142366193307337,757.4454442319077,0.20957202856055795,0.0003338787095690098,148.8876490541348,1.385606301162348,0.0017987467280211494
8.625,2.5128780840099276,757.4440380026247,0.20957338540692075,0.00033288036773797145,148.88832252214422,1.383469278085134,0.001796263235591763
8.63,2.5115190402843557,757.4426343121759,0.2095747394038409,0.00033188401333365407,148.88899446142085,1.3813352053370902,0.0017937828203107985
8.635,2.5101595418067353,757.4412332159827,0.2095760905514801,0.0003308896466120353,148.8896648838383,1.379204080615542,0.0017913054788417063
8.64,2.508799642247732,757.439834769364,0.20957743884996807,0.00032989726785370753,148.89033380122632,1.3770759016329885,0.0017888312078529697
8.645,2.507439395293853,757.4384390275331,0.20957878429940327,0.00032890687736340796,148.89100122537064,1.3749506661169235,0.0017863600040181216
8.65,2.5060788546453097,757.4370460455965,0.2095801268998534,0.0003279184754695452,148.89166716801304,1.3728283718096397,0.0017838918640157482
8.655,2.504718074013912,757.435655878551,0.20958146665135624,0.000326932062523731,148.892331640851,1.3707090164680482,0.0017814267845295058
8.66,2.503357107120948,757.4342685812819,0.20958280355392014,0.00032594763890030586,148.8929946555384,1.3685925978634854,0.001778964762248124
8.665000000000001,2.5019960076950576,757.4328842085607,0.20958413760752476,0.0003249652049958724,148.89365622368464,1.3664791137815295,0.0017765057938654205
8.67,2.500634829470111,757.4315028150432,0.2095854688121216,0.00032398476122882345,148.89431635685563,1.3643685620218118,0.001774049876080308
8.675,2.499273626183089,757.4301244552668,0.20958679716763473,0.0003230063080388714,148.8949750665727,1.3622609403978252,0.0017715970055968003
8.68,2.4979124515719633,757.4287491836488,0.2095881226739614,0.0003220298458865816,148.89563236431366,1.3601562467367418,0.0017691471791240262
8.685,2.4965513593735693,757.4273770544842,0.20958944533097268,0.0003210553752529,148.89628826151198,1.358054478879219,0.0017667003933762315
8.69,2.4951904033214967,757.4260081219434,0.20959076513851405,0.0003200828966386881,148.89694276955726,1.3559556346792163,0.0017642566450727932
8.695,2.493829637143958,757.42464244007,0.20959208209640612,0.00031911241056425173,148.89759589979505,1.3538597120038016,0.0017618159309382203
8.700000000000001,2.4924691145616635,757.423280062779,0.20959339620444517,0.0003181439175688753,148.8982476635268,1.3517667087329681,0.001759378247702167
8.705,2.491108889285707,757.4219210438544,0.2095947074624039,0.00031717741821035467,148.89889807200996,1.3496766227594428,0.001756943592099436
8.71,2.4897490150154553,757.4205654369471,0.20959601587003196,0.00031621291306452835,148.89954713645798,1.3475894519884957,0.0017545119608699845
8.715,2.4883895454364153,757.4192132955728,0.2095973214270566,0.00031525040272481453,148.90019486804033,1.345505194337757,0.0017520833507589345
8.72,2.4870305342181083,757.4178646731103,0.20959862413318325,0.0003142898878017427,148.90084127788245,1.3434238477370215,0.0017496577585165718
8.725,2.485672035011966,757.4165196227984,0.2095999239880964,0.00031333136892249105,148.9014863770655,1.3413454101280662,0.0017472351808983605
8.73,2.4843141014492076,757.4151781977348,0.20960122099145986,0.0003123748467304194,148.90213017662708,1.3392698794644555,0.0017448156146649392
8.735,2.482956787138724,757.4138404508734,0.2096025151429177,0.0003114203218846083,148.90277268756037,1.3371972537113577,0.0017423990565821339
8.74,2.481600145664953,757.4125064350227,0.20960380644209461,0.0003104677950593927,148.9034139208148,1.3351275308453507,0.0017399855034209554
8.745000000000001,2.4802442305857735,757.4111762028431,0.2096050948885968,0.00030951726694390257,148.90405388729567,1.3330607088542388,0.00173757495195761
8.75,2.4788890954303864,757.4098498068455,0.20960638048201238,0.0003085687382415992,148.9046925978643,1.3309967857368594,0.0017351673989735006
8.755,2.4775347936972,757.4085272993885,0.20960766322191215,0.000307622209669814,148.905330063338,1.3289357595028948,0.0017327628412552281
8.76,2.4761813788517273,757.4072087326771,0.20960894310785014,0.00030667768195928976,148.9059662944902,1.3268776281726866,0.0017303612755946007
8.765,2.474828904324462,757.4058941587599,0.20961022013936423,0.00030573515585371883,148.90660130205012,1.324822389777041,0.0017279626987886305
8.77,2.4734774235087817,757.4045836295278,0.20961149431597678,0.0003047946321092869,148.90723509670326,1.322770042357047,0.0017255671076395421
8.775,2.4721269897588325,757.4032771967111,0.2096127656371953,0.0003038561114942126,148.90786768909084,1.3207205839638807,0.0017231744989547701
8.78,2.4707776563874195,757.4019749118784,0.20961403410251295,0.00030291959478829237,148.90849908981033,1.3186740126586227,0.0017207848695469658
8.785,2.4694294766639073,757.4006768264336,0.20961529971140927,0.00030198508278244215,148.9091293094152,1.3166303265120642,0.0017183982162339946
8.790000000000001,2.4680825038121204,757.3993829916147,0.20961656246335073,0.00030105257627824437,148.9097583584149,1.3145895236045229,0.0017160145358389419
8.795,2.4667367910082354,757.3980934584913,0.20961782235779136,0.0003001220760874922,148.91038624727497,1.312551602025652,0.0017136338251901126
8.8,2.4653923913786864,757.3968082779628,0.20961907939417337,0.00029919358303173553,148.91101298641706,1.3105165598742512,0.0017112560811210294
8.805,2.4640493579980647,757.3955275007561,0.20962033357192772,0.0002982670979418303,148.91163858621866,1.3084843952580827,0.001708881300470439
8.81,2.4627077438870235,757.3942511774239,0.20962158489047475,0.0002973426216574845,148.9122630570137,1.3064551062936764,0.0017065094800823072
8.815,2.461367602010187,757.3929793583427,0.2096228333492248,0.00029642015502681055,148.9128864090917,1.3044286911061498,0.001704140616805824
8.82,2.460028985274057,757.3917120937108,0.20962407894757876,0.0002954996989058733,148.91350865269874,1.302405147829012,0.001701774707495397
8.825000000000001,2.4586919465249255,757.3904494335459,0.20962532168492878,0.0002945812541582438,148.91412979803678,1.3003844746039828,0.0016994117490106582
8.83,2.4573565385467906,757.3891914276838,0.2096265615606587,0.00029366482165455127,148.914749855264,1.298366669580803,0.001697051738216459
8.835,2.456022814059267,757.3879381257759,0.20962779857414487,0.0002927504022720361,148.9153688344944,1.2963517309170438,0.0016946946719828676
8.84,2.4546908257155104,757.3866895772876,0.2096290327247565,0.00029183799689410695,148.91598674579845,1.2943396567779262,0.0016923405471851731
8.845,2.4533606261001313,757.385445831496,0.20963026401185644,0.00029092760640989497,148.91660359920255,1.292330445336127,0.0016899893607038772
8.85,2.4520322677271325,757.3842069374884,0.20963149243480173,0.0002900192317138137,148.9172194046894,1.2903240947715993,0.0016876411094246993
8.855,2.4507058030378235,757.3829729441599,0.20963271799294408,0.00028911287370511537,148.91783417219767,1.2883206032713785,0.001685295790238567
8.86,2.449381284398754,757.3817439002117,0.20963394068563065,0.00028820853328745334,148.9184479116224,1.2863199690294038,0.001682953400041621
8.865,2.4480587640996454,757.3805198541494,0.2096351605122045,0.00028730621136844155,148.9190606328146,1.284322190246325,0.001680613935735205
8.870000000000001,2.446738294351333,757.3793008542805,0.2096363774720051,0.0002864059088592188,148.9196723455816,1.282327265129323,0.0016782773942258687
8.875,2.4454199272836994,757.3780869487131,0.20963759156436917,0.00028550762667401216,148.9202830596868,1.2803351918919212,0.0016759437724253618
8.88,2.4441037149436116,757.3768781853538,0.20963880278863106,0.0002846113657297026,148.92089278485,1.278345968753799,0.001673613067250628
8.885,2.4427897092928763,757.3756746119054,0.20964001114412334,0.0002837171269453929,148.92150153074712,1.276359593940612,0.001671285275623807
8.89,2.4414779622061804,757.3744762758658,0.20964121663017743,0.0002828249112419738,148.92210930701046,1.274376065683801,0.0016689603944722233
8.895,2.440168525469047,757.3732832245255,0.20964241924612415,0.0002819347195416967,148.92271612322813,1.2723953822204146,0.0016666384207283886
8.9,2.438861450775793,757.372095504966,0.2096436189912943,0.00028104655276774316,148.92332198894493,1.270417541792919,0.0016643193513299903
8.905,2.437556789727487,757.3709131640576,0.20964481586501924,0.0002801604118437996,148.92392691366175,1.2684425426490207,0.0016620031832198933
8.91,2.436254593829907,757.3697362484585,0.2096460098666314,0.00027927629769362996,148.92453090683586,1.2664703830414767,0.0016596899133461277
8.915000000000001,2.434954914491517,757.3685648046115,0.2096472009954649,0.00027839421124065404,148.92513397788062,1.264501061227919,0.0016573795386618895
8.92,2.433657803021424,757.3673988787436,0.2096483892508561,0.0002775141534075241,148.9257361361659,1.2625345754706674,0.0016550720561255316
8.925,2.4323633106273626,757.3662385168633,0.20964957463214415,0.00027663612511570396,148.92633739101785,1.260570924036547,0.0016527674627005557
8.93,2.4310714884136724,757.365083764759,0.20965075713867154,0.0002757601272850523,148.9269377517189,1.2586101051967118,0.0016504657553556114
8.935,2.4297823873792783,757.3639346679972,0.20965193676978466,0.000274886160833403,148.9275372275077,1.2566521172264575,0.0016481669310644833
8.94,2.4284960584156776,757.362791271921,0.20965311352483434,0.00027401422667615305,148.92813582757944,1.2546969584050467,0.00164587098680609
8.945,2.4272125523049306,757.3616536216476,0.20965428740317646,0.0002731443257258462,148.92873356108564,1.2527446270155227,0.001643577919564471
8.950000000000001,2.4259319197176565,757.3605217620675,0.20965545840417235,0.0002722764588917631,148.92933043713424,1.2507951213445356,0.0016412877263287848
8.955,2.4246542112110343,757.3593957378416,0.20965662652718953,0.00027141062707951156,148.92992646478925,1.2488484396821602,0.0016390004040932984
8.96,2.4233794772268014,757.3582755934008,0.20965779177160207,0.0002705468311906172,148.9305216530715,1.2469045803217154,0.001636715949857377
8.965,2.422107768089269,757.3571613729425,0.20965895413679125,0.0002696850721221199,148.93111601095788,1.244963541559591,0.0016344343606254814
8.97,2.4208391340033324,757.3560531204309,0.20966011362214604,0.0002688253507661676,148.93170954738207,1.2430253216950646,0.0016321556334071537
8.975,2.419573625052487,757.3549508795934,0.20966127022706363,0.0002679676680096167,148.9323022712338,1.2410899190301297,0.001629879765217014
8.98,2.4183112911968565,757.3538546939202,0.20966242395094992,0.0002671120247336292,148.93289419135965,1.2391573318693143,0.0016276067530747451
8.985,2.417052182271219,757.3527646066617,0.2096635747932202,0.00026625842181327795,148.93348531656216,1.237227558519509,0.0016253365940050906
8.99,2.4157963479830307,757.3516806608275,0.20966472275329948,0.0002654068601171481,148.9340756556008,1.2353005972897877,0.0016230692850378375
8.995000000000001,2.414543837910477,757.3506028991841,0.2096658678306231,0.0002645573405069457,148.93466521719125,1.233376446491237,0.0016208048232078133
9.0,2.4132947015005053,757.3495313642538,0.20966701002463728,0.0002637098638371047,148.93525401000585,1.2314551044367787,0.001618543205554873
9.005,2.41204898806688,757.3484660983124,0.20966814933479955,0.00026286443095439735,148.93584204267327,1.2295365694409963,0.0016162844291238863
9.01,2.4108067467882273,757.3474071433882,0.2096692857605793,0.0002620210426975488,148.9364293237789,1.2276208398199648,0.001614028490964733
9.015,2.4095680267060997,757.3463545412596,0.20967041930145836,0.0002611796998968498,148.93701586186435,1.2257079138910745,0.001611775388132286
9.02,2.4083328767230436,757.3453083334542,0.2096715499569313,0.00026034040337377613,148.9376016654281,1.2237977899728638,0.0016095251176864056
9.025,2.4071013456006587,757.3442685612466,0.2096726777265062,0.0002595031539406065,148.9381867429249,1.2218904663848429,0.0016072776766919237
9.03,2.4058734819576837,757.3432352656573,0.2096738026097049,0.000258667952400046,148.9387711027663,1.2199859414473293,0.0016050330622186368
9.035,2.4046493342680657,757.3422084874503,0.20967492460606366,0.00025783479954484876,148.9393547533201,1.2180842134812728,0.0016027912713412894
9.040000000000001,2.403428950859058,757.3411882671325,0.20967604371513354,0.0002570036961574465,148.939937702911,1.2161852808080906,0.0016005523011395665
9.045,2.402212379909305,757.3401746449509,0.209677159936481,0.00025617464300957665,148.94051995982,1.2142891417494979,0.00159831614869808
9.05,2.400999669446938,757.3391676608926,0.20967827326968827,0.00025534764086191264,148.941101532285,1.2123957946273385,0.001596082811106353
9.055,2.399790867347687,757.3381673546816,0.20967938371435388,0.00025452269046370056,148.94168242850006,1.210505237763422,0.0015938522854588135
9.06,2.3985860213329833,757.3371737657782,0.2096804912700931,0.00025369979255239337,148.94226265661632,1.2086174694793534,0.0015916245688547743
9.065,2.3973851789680825,757.3361869333771,0.20968159593653857,0.0002528789478532917,148.9428422247412,1.2067324880963732,0.0015893996583984272
9.07,2.3961883876601786,757.3352068964064,0.20968269771334044,0.0002520601570791839,148.94342114093894,1.2048502919351873,0.0015871775511988224
9.075000000000001,2.3949956946565396,757.3342336935249,0.20968379660016725,0.00025124342092999177,148.9439994132303,1.2029708793158091,0.0015849582443698618
9.08,2.3938071470426387,757.333267363122,0.209684892596706,0.0002504287400924165,148.94457704959282,1.2010942485573937,0.0015827417350302807
9.085,2.392622791740297,757.332307943315,0.2096859857026629,0.00024961611523958754,148.94515405796025,1.1992203979780744,0.0015805280203036339
9.09,2.391442675505829,757.3313554719483,0.20968707591776362,0.000248805547030717,148.94573044622348,1.1973493258948078,0.001578317097318285
9.095,2.390266844928196,757.3304099865917,0.2096881632417539,0.00024799703611075194,148.94630622222988,1.195481030623206,0.0015761089632073872
9.1,2.3890953464271756,757.329471524539,0.20968924767439986,0.00024719058311003427,148.9468813937835,1.1936155104773842,0.0015739036151088738
9.105,2.387928226251518,757.3285401228063,0.20969032921548855,0.00024638618864395893,148.94745596864485,1.191752763769797,0.0015717010501654373
9.11,2.386765530477126,757.327615818131,0.2096914078648283,0.0002455838533126398,148.9480299545313,1.1898927888110857,0.0015695012655245217
9.115,2.3856073050052333,757.3266986469695,0.20969248362224918,0.0002447835777005727,148.94860335911693,1.1880355839099173,0.0015673042583382996
9.120000000000001,2.3844535955605934,757.3257886454969,0.20969355648760352,0.00024398536237630713,148.94917619003243,1.1861811473728323,0.0015651100257636625
9.125,2.3833044476896776,757.3248858496047,0.20969462646076617,0.00024318920789211665,148.94974845486502,1.1843294775040896,0.001562918564962203
9.13,2.38215990675887,757.3239902948999,0.20969569354163503,0.00024239511478367262,148.95032016115883,1.1824805726055099,0.001560729873100197
9.135,2.3810200179526855,757.323102016703,0.2096967577301315,0.0002416030835697244,148.9508913164144,1.1806344309763275,0.0015585439473485925
9.14,2.379884826271975,757.3222210500475,0.20969781902620072,0.00024081311475177694,148.95146192808932,1.1787910509130344,0.0015563607848829866
9.145,2.3787543765321586,757.3213474296775,0.20969887742981222,0.00024002520881377724,148.95203200359734,1.1769504307092338,0.001554180382883617
9.15,2.377628713361453,757.3204811900475,0.2096999329409601,0.00023923936622179855,148.95260155030937,1.1751125686554849,0.0015520027385353369
9.155,2.3765078811991094,757.3196223653198,0.20970098555966363,0.00023845558742373196,148.95317057555278,1.173277463039161,0.0015498278490276062
9.16,2.3753919242936576,757.318770989364,0.20970203528596743,0.00023767387284897757,148.95373908661162,1.1714451121442948,0.001547655711554467
9.165000000000001,2.3742808867011593,757.3179270957554,0.20970308211994207,0.00023689422290814154,148.95430709072656,1.1696155142514384,0.0015454863233145325
9.17,2.373174812283476,757.3170907177738,0.20970412606168432,0.00023611663799273465,148.95487459509508,1.1677886676375138,0.0015433196815109673
9.175,2.37207374470653,757.3162618884019,0.20970516711131756,0.00023534111847487352,148.95544160687126,1.1659645705756678,0.001541155783351467
9.18,2.3709777274385764,757.3154406403245,0.20970620526899225,0.00023456766470698735,148.95600813316588,1.1641432213351324,0.001538994626048246
9.185,2.369886803748492,757.3146270059266,0.20970724053488615,0.00023379627702152476,148.9565741810461,1.1623246181810785,0.0015368362068180132
9.19,2.368801016704078,757.3138210172926,0.20970827290920477,0.00023302695573066762,148.95713975753614,1.1605087593744785,0.0015346805228819609
9.195,2.367720409170343,757.3130227062048,0.20970930239218177,0.00023225970112604363,148.9577048696166,1.1586956431719624,0.0015325275714657392
9.200000000000001,2.3666450238078194,757.3122321041425,0.20971032898407926,0.0002314945134784464,148.95826952422487,1.1568852678256825,0.0015303773497994434
9.205,2.365574903070875,757.31144924228,0.2097113526851882,0.00023073139303755636,148.95883372825486,1.1550776315831746,0.0015282298551175934
9.21,2.3645100892060404,757.3106741514864,0.20971237349582866,0.00022997034003166455,148.95939748855716,1.1532727326872185,0.001526085084659112
9.215,2.363450624250341,757.3099068623235,0.20971339141635034,0.00022921135466740268,148.95996081193886,1.1514705693757081,0.001523943035667311
9.22,2.362396550029634,757.309147405045,0.20971440644713268,0.00022845443712947295,148.96052370516384,1.1496711398815114,0.0015218037053898674
9.225,2.3613479081569633,757.3083958095954,0.20971541858858544,0.0002276995875803847,148.96108617495236,1.1478744424323424,0.0015196670910788085
9.23,2.3603047400309083,757.3076521056087,0.20971642784114883,0.00022694680616019042,148.96164822798153,1.1460804752506257,0.0015175331899904875
9.235,2.359267086833957,757.3069163224069,0.20971743420529398,0.00022619609298623009,148.9622098708847,1.1442892365533694,0.001515401999385569
9.24,2.3582349895308763,757.3061884889997,0.20971843768152315,0.00022544744815287398,148.96277111025208,1.142500724552031,0.0015132735165290046
9.245000000000001,2.357208488867097,757.3054686340824,0.20971943827037012,0.00022470087173127333,148.9633319526302,1.1407149374523942,0.0015111477386900165
9.25,2.3561876253671055,757.3047567860355,0.20972043597240053,0.00022395636376911168,148.96389240452223,1.13893187345444,0.0015090246631420765
9.255,2.35517243933284,757.3040529729229,0.2097214307882121,0.00022321392429035966,148.96445247238782,1.1371515307522189,0.001506904287162883
9.26,2.3541629708421037,757.3033572224917,0.20972242271843491,0.0002224735532950362,148.96501216264318,1.1353739075337317,0.001504786608034346
9.265,2.3531592597469824,757.3026695621703,0.2097234117637319,0.000221735250758969,148.96557148166085,1.1335990019808007,0.0015026716230425604
9.27,2.3521613456722656,757.3019900190676,0.20972439792479894,0.00022099901663356325,148.96613043577003,1.1318268122689534,0.0015005593294777917
9.275,2.35116926801389,757.3013186199721,0.2097253812023652,0.00022026485084556907,148.96668903125615,1.130057336567297,0.0014984497246344488
9.28,2.3501830659373772,757.3006553913507,0.2097263615971935,0.00021953275329685736,148.96724727436128,1.128290573038404,0.0014963428058110695
9.285,2.349202778376293,757.3000003593475,0.20972733911008046,0.0002188027238641948,148.96780517128371,1.1265265198381904,0.0014942385703102933
9.290000000000001,2.3482284440307097,757.299353549783,0.20972831374185685,0.00021807476239902646,148.96836272817825,1.1247651751158023,0.0014921370154388457
9.295,2.3472601013656718,757.2987149881532,0.2097292854933879,0.00021734886872725937,148.96891995115587,1.1230065370135,0.0014900381385075136
9.3,2.3462977886096894,757.2980846996282,0.2097302543655735,0.00021662504264905003,148.96947684628418,1.1212506036665417,0.0014879419368311233
9.305,2.3453415437532263,757.2974627090517,0.20973122035934838,0.00021590328393859777,148.97003341958685,1.1194973732030757,0.0014858484077285232
9.31,2.3443914045471796,757.2968490409397,0.2097321834756826,0.00021518359234393841,148.97058967704396,1.1177468437440254,0.0014837575485225555
9.315,2.3434474085014148,757.2962437194793,0.20973314371558152,0.00021446596758674537,148.97114562459183,1.1159990134029827,0.0014816693565400422
9.32,2.342509592883277,757.2956467685284,0.20973410108008625,0.00021375040936213056,148.97170126812307,1.1142538802860968,0.0014795838291117554
9.325000000000001,2.341577994716117,757.2950582116142,0.20973505557027378,0.00021303691733845303,148.97225661348634,1.1125114424919706,0.0014775009635724019
9.33,2.340652650777834,757.2944780719328,0.20973600718725727,0.00021232549115712826,148.97281166648665,1.1107716981115536,0.0014754207572605978
9.335,2.339733597599418,757.2939063723475,0.20973695593218622,0.00021161613043244216,148.9733664328851,1.1090346452280362,0.0014733432075188446
9.34,2.338820871463512,757.2933431353889,0.20973790180624677,0.00021090883475137034,148.97392091839893,1.1073002819167512,0.0014712683116935121
9.345,2.33791450840298,757.2927883832532,0.20973884481066182,0.00021020360367339822,148.97447512870133,1.1055686062450685,0.0014691960671348102
9.35,2.337014544199478,757.2922421378016,0.20973978494669132,0.0002095004367303484,148.97502906942185,1.1038396162722997,0.0014671264711967709
9.355,2.336121014382047,757.2917044205598,0.20974072221563247,0.00020879933342620813,148.97558274614568,1.1021133100495948,0.0014650595212372221
9.36,2.3352339542257123,757.2911752527166,0.20974165661881988,0.00020810029323696492,148.9761361644144,1.1003896856198514,0.0014629952146177686
9.365,2.334353398750086,757.2906546551233,0.20974258815762578,0.00020740331561044118,148.97668932972533,1.0986687410176137,0.0014609335487037647
9.370000000000001,2.3334793827179885,757.2901426482928,0.20974351683346026,0.00020670839996613698,148.9772422475319,1.0969504742689824,0.001458874520864296
9.375,2.3326119406340715,757.2896392523991,0.20974444264777137,0.0002060155456950741,148.97779492324307,1.0952348833915215,0.0014568181284721543
9.38,2.331751106743461,757.2891444872762,0.20974536560204537,0.00020532475215964409,148.97834736222404,1.0935219663941658,0.001454764368903812
9.385,2.330896915030399,757.2886583724174,0.20974628569780687,0.0002046360186934623,148.97889956979543,1.0918117212771348,0.0014527132395394046
9.39,2.330049399216913,757.2881809269746,0.20974720293661903,0.0002039493446012225,148.97945155123404,1.0901041460318406,0.0014506647377627011
9.395,2.329208592761477,757.2877121697575,0.20974811732008367,0.00020326472915855928,148.9800033117722,1.0883992386408068,0.001448618860961087
9.4,2.3283745288576814,757.2872521192328,0.20974902884984153,0.0002025821716119096,148.98055485659802,1.086696997077578,0.001446575606525535
9.405,2.327547240432938,757.2868007935235,0.2097499375275723,0.00020190167117838345,148.98110619085506,1.0849974193066412,0.0014445349718505863
9.41,2.3267267601471744,757.2863582104085,0.20975084335499486,0.0002012232270456339,148.9816573196427,1.0833005032833405,0.0014424969543343233
9.415000000000001,2.325913120391542,757.2859243873212,0.2097517463338674,0.00020054683837173422,148.98220824801584,1.0816062469537997,0.0014404615513783495
9.42,2.325106353287145,757.2854993413497,0.20975264646598749,0.0001998725042850575,148.98275898098487,1.0799146482548425,0.0014384287603877639
9.425,2.324306490683768,757.2850830892354,0.20975354375319236,0.00019920022388415933,148.98330952351566,1.0782257051139135,0.0014363985787711354
9.43,2.323513564158609,757.2846756473728,0.20975443819735892,0.00019852999623766698,148.98385988052954,1.0765394154490064,0.001434371003940484
9.435,2.3227276050150447,757.2842770318084,0.20975532980040387,0.00019786182038416928,148.9844100569032,1.074855777168585,0.0014323460333112512
9.44,2.3219486442813975,757.2838872582408,0.2097562185642839,0.00019719569533211412,148.98496005746873,1.0731747881715161,0.0014303236643022823
9.445,2.3211767127097054,757.2835063420193,0.20975710449099566,0.00019653162005970576,148.9855098870133,1.0714964463469931,0.0014283038943357952
9.450000000000001,2.320411840774496,757.2831342981439,0.2097579875825761,0.00019586959351480964,148.98605955027966,1.0698207495744718,0.0014262867208373635
9.455,2.319654058671597,757.2827711412641,0.20975886784110234,0.00019520961461485912,148.9866090519653,1.0681476957235985,0.001424272141235889
9.46,2.31890339631695,757.282416885679,0.20975974526869184,0.00019455168224676633,148.98715839672332,1.0664772826541449,0.0014222601529635755
9.465,2.31815988334542,757.2820715453364,0.2097606198675026,0.00019389579526683836,148.98770758916154,1.0648095082159457,0.0014202507534559104
9.47,2.31742354910962,757.2817351338322,0.20976149163973307,0.00019324195250069445,148.98825663384315,1.0631443702488304,0.001418243940151634
9.475,2.3166944226787605,757.2814076644099,0.20976236058762238,0.000192590152743191,148.98880553528582,1.061481866582568,0.0014162397104927219
9.48,2.3159725328375043,757.2810891499604,0.20976322671345027,0.0001919403947583468,148.98935429796265,1.0598219950368015,0.001414238061924354
9.485,2.3152579080848246,757.2807796030208,0.20976409001953733,0.00019129267727927514,148.98990292630137,1.0581647534209937,0.0014122389918948973
9.49,2.314550576632878,757.2804790357748,0.2097649505082449,0.00019064699900811703,148.9904514246846,1.0565101395343666,0.0014102424978558743
9.495000000000001,2.3138505664058977,757.2801874600514,0.20976580818197527,0.00019000335861598115,148.9909997974495,1.054858151165849,0.001408248577261945
9.5,2.313157905039086,757.2799048873251,0.2097666630431716,0.00018936175474288595,148.9915480488882,1.0532087860940231,0.00140625722757088
9.505,2.312472619877525,757.2796313287149,0.20976751509431807,0.00018872218599770514,148.99209618324727,1.0515620420870695,0.0014042684462435338
9.51,2.3117947379750965,757.2793667949844,0.2097683643379399,0.00018808465095811956,148.99264420472807,1.0499179169027204,0.001402282230743826
9.515,2.311124286093415,757.2791112965408,0.20976921077660338,0.0001874491481705697,148.99319211748622,1.0482764082882068,0.0014002985785387101
9.52,2.3104612907007707,757.2788648434351,0.20977005441291585,0.00018681567615021539,148.99373992563207,1.0466375139802158,0.001398317487098156
9.525,2.309805777971088,757.2786274453613,0.20977089524952586,0.000186184233380896,148.99428763322996,1.04500123170484,0.0013963389538951194
9.53,2.309157773782879,757.2783991116559,0.20977173328912302,0.00018555481831509802,148.99483524429908,1.0433675591775389,0.001394362976405523
9.535,2.3085173037182387,757.278179851298,0.2097725685344382,0.000184927429373923,148.9953827628123,1.0417364941030895,0.0013923895521082267
9.540000000000001,2.3078843930618267,757.2779696729089,0.2097734009882434,0.0001843020649470622,148.99593019269733,1.040108034175553,0.0013904186784850076
9.545,2.3072590667998663,757.2777685847511,0.20977423065335182,0.00018367872339277366,148.99647753783546,1.0384821770782309,0.0013884503530205339
9.55,2.3066413496191682,757.2775765947289,0.20977505753261788,0.0001830574030378624,148.99702480206253,1.0368589204836263,0.0013864845732023386
9.555,2.306031265906147,757.2773937103874,0.20977588162893712,0.00018243810217766712,148.99757198916788,1.0352382620534126,0.0013845213365207994
9.56,2.3054288397458604,757.2772199389127,0.20977670294524636,0.00018182081907604705,148.99811910289526,1.0336201994383933,0.0013825606404691089
9.565,2.3048340949210653,757.2770552871311,0.2097775214845235,0.00018120555196537614,148.99866614694199,1.032004730278475,0.0013806024825432559
9.57,2.3042470549112597,757.2768997615094,0.20977833724978767,0.00018059229904653792,148.99921312495934,1.0303918522026296,0.0013786468602419958
9.575000000000001,2.3036677428917742,757.2767533681541,0.20977915024409904,0.00017998105848892696,148.99976004055236,1.0287815628288703,0.0013766937710668302
9.58,2.3030961817328572,757.2766161128116,0.209779960470559,0.00017937182843045168,149.00030689727973,1.0271738597642208,0.0013747432125219812
9.585,2.3025323939987614,757.2764880008677,0.20978076793230988,0.0001787646069775416,149.0008536986535,1.025568740604687,0.0013727951821143648
9.59,2.30197640194686,757.2763690373478,0.20978157263253513,0.00017815939220516033,149.00140044813958,1.0239662029352363,0.0013708496773535714
9.595,2.301428227526762,757.276259226916,0.20978237457445917,0.0001775561821568185,149.00194714915702,1.02236624432977,0.0013689066957518364
9.6,2.3008878923794565,757.2761585738756,0.20978317376134734,0.0001769549748445941,149.00249380507864,1.0207688623511044,0.00136696623482402
9.605,2.3003554178364514,757.2760670821685,0.2097839701965059,0.00017635576824915337,149.00304041923025,1.0191740545509478,0.00136502829208758
9.61,2.2998308249189234,757.2759847553756,0.20978476388328193,0.00017575856031977813,149.00358699489107,1.0175818184698855,0.0013630928650625504
9.615,2.299314134336899,757.2759115967157,0.20978555482506328,0.0001751633489743942,149.00413353529336,1.0159921516373578,0.0013611599512715136
9.620000000000001,2.2988053664884376,757.2758476090463,0.2097863430252785,0.00017457013209960567,149.0046800436227,1.0144050515716487,0.0013592295482395805
9.625,2.2983045414588226,757.2757927948632,0.20978712848739675,0.00017397890755073143,149.00522652301748,1.0128205157798706,0.0013573016534943643
9.63,2.2978116790197647,757.2757471563001,0.20978791121492782,0.00017338967315184487,149.0057729765692,1.0112385417579495,0.0013553762645659544
9.635,2.2973267986286277,757.2757106951291,0.2097886912114219,0.0001728024266958193,149.00631940732197,1.0096591269906179,0.0013534533789868973
9.64,2.2968499194276584,757.2756834127599,0.20978946848046964,0.00017221716594437405,149.0068658182731,1.008082268951401,0.0013515329942921672
9.645,2.2963810602432324,757.2756653102407,0.20979024302570193,0.00017163388862812684,149.0074122123722,1.0065079651026139,0.0013496151080191472
9.65,2.2959202395851013,757.2756563882571,0.20979101485078988,0.00017105259244664704,149.00795859252196,1.0049362128953498,0.0013476997177076008
9.655,2.2954674756456743,757.2756566471328,0.20979178395944476,0.00017047327506851512,149.00850496157724,1.0033670097694811,0.0013457868208996524
9.66,2.2950227862992945,757.2756660868296,0.20979255035541775,0.0001698959341313827,149.00905132234567,1.00180035315365,0.0013438764151397595
9.665000000000001,2.294586189101532,757.2756847069468,0.2097933140425,0.0001693205672420388,149.00959767758724,1.0002362404652712,0.0013419684979746928
9.67,2.2941577012884986,757.2757125067218,0.20979407502452244,0.00016874717197647754,149.0101440300144,0.9986746691105303,0.00134006306695351
9.675,2.2937373397761567,757.2757494850301,0.20979483330535562,0.00016817574587996923,149.01069038229144,0.9971156364843834,0.0013381601196275324
9.68,2.2933251211596586,757.275795640385,0.20979558888890967,0.00016760628646713747,149.01123673703543,0.9955591399705633,0.0013362596535503237
9.685,2.2929210617126885,757.2758509709379,0.20979634177913414,0.00016703879122203548,149.0117830968151,0.9940051769415794,0.0013343616662776622
9.69,2.2925251773868185,757.2759154744784,0.20979709198001786,0.0001664732575982292,149.01232946415152,0.9924537447587277,0.0013324661553675233
9.695,2.2921374838108854,757.2759891484344,0.20979783949558878,0.0001659096830188812,149.01287584151743,0.990904840772094,0.00133057311838005
9.700000000000001,2.2917579962903636,757.2760719898718,0.20979858432991394,0.00016534806487684072,149.01342223133776,0.9893584623205657,0.0013286825528775346
9.705,2.291386729806765,757.2761639954952,0.20979932648709917,0.000164788400534734,149.01396863598916,0.9878146067318412,0.0013267944564243944
9.71,2.2910236990170585,757.2762651616479,0.20980006597128908,0.00016423068732505878,149.01451505779997,0.9862732713224386,0.0013249088265871452
9.715,2.2906689182530777,757.2763754843118,0.20980080278666685,0.00016367492255028353,149.01506149905003,0.9847344533977133,0.0013230256609343836
9.72,2.290322401520957,757.2764949591075,0.20980153693745404,0.0001631211034829472,149.01560796197109,0.9831981502518682,0.0013211449570367595
9.725,2.289984162500582,757.2766235812951,0.2098022684279105,0.000162569227365765,149.01615444874614,0.9816643591679733,0.001319266712466957
9.73,2.28965421454505,757.2767613457736,0.2098029972623342,0.00016201929141173403,149.01670096150974,0.9801330774179793,0.0013173909247996684
9.735,2.2893325706801395,757.2769082470817,0.20980372344506099,0.0001614712928042456,149.01724750234763,0.9786043022627395,0.0013155175916115748
9.74,2.2890192436037986,757.2770642793976,0.20980444698046447,0.00016092522869719678,149.01779407329704,0.9770780309520272,0.0013136467104813193
9.745000000000001,2.288714245685644,757.2772294365395,0.20980516787295586,0.0001603810962151086,149.0183406763462,0.975554260724559,0.0013117782789894897
9.75,2.2884175889664675,757.2774037119659,0.2098058861269838,0.0001598388924532448,149.01888731343456,0.974032988808018,0.0013099122947185925
9.755,2.288129285157769,757.2775870987756,0.2098066017470341,0.00015929861447773382,149.01943398645258,0.9725142124190753,0.0013080487552530303
9.76,2.2878493456412867,757.2777795897081,0.20980731473762962,0.00015876025932569552,149.01998069724175,0.970997928763419,0.0013061876581790836
9.765,2.2875777814685514,757.2779811771438,0.20980802510333002,0.00015822382400536785,149.02052744759425,0.9694841350357775,0.0013043290010848827
9.77,2.287314603360452,757.2781918531048,0.20980873284873172,0.00015768930549623955,149.0210742392533,0.9679728284199522,0.0013024727815603922
9.775,2.2870598217068125,757.2784116092542,0.20980943797846746,0.00015715670074918268,149.0216210739128,0.9664640060888429,0.0013006189971973832
9.78,2.286813446565971,757.2786404368976,0.20981014049720634,0.00015662600668659078,149.02216795321735,0.9649576652044816,0.0012987676455894167
9.785,2.286575487664391,757.2788783269826,0.20981084040965342,0.00015609722020251706,149.0227148787618,0.9634538029180623,0.0012969187243318172
9.790000000000001,2.2863459543962885,757.2791252700995,0.20981153772054964,0.00015557033816281795,149.02326185209202,0.9619524163699774,0.0012950722310216547
9.795,2.2861248558232425,757.2793812564818,0.20981223243467156,0.00015504535740529758,149.02380887470386,0.9604535026898509,0.0012932281632577227
9.8,2.285912200673844,757.279646276006,0.20981292455683112,0.00015452227473985474,149.02435594804402,0.9589570589965731,0.0012913865186405138
9.805,2.285707997343354,757.279920318193,0.2098136140918755,0.00015400108694863467,149.02490307350894,0.957463082398342,0.0012895472947722032
9.81,2.285512253893369,757.2802033722074,0.20981430104468676,0.00015348179078618053,149.0254502524458,0.9559715699926967,0.0012877104892566227
9.815,2.285324978051504,757.2804954268589,0.20981498542018182,0.00015296438297959013,149.0259974861516,0.9544825188665628,0.0012858760996992452
9.82,2.285146177211089,757.280796470602,0.20981566722331202,0.00015244886022867273,149.02654477587362,0.9529959260962882,0.0012840441237071572
9.825000000000001,2.284975858430874,757.2811064915369,0.20981634645906302,0.00015193521920611072,149.02709212280885,0.9515117887476899,0.0012822145588890443
9.83,2.2848140284347536,757.2814254774097,0.20981702313245454,0.00015142345655762203,149.02763952810457,0.9500301038760954,0.0012803874028551676
9.835,2.284660693611499,757.2817534156133,0.20981769724854007,0.00015091356890212503,149.02818699285768,0.9485508685263864,0.0012785626532173413
9.84,2.2845158600145044,757.2820902931874,0.20981836881240673,0.00015040555283190793,149.02873451811504,0.9470740797330477,0.0012767403075889176
9.845,2.2843795333615504,757.2824360968193,0.20981903782917488,0.00014989940491279716,149.0292821048731,0.9455997345202106,0.0012749203635847597
9.85,2.284251719034581,757.2827908128444,0.20981970430399802,0.00014939512168433134,149.02982975407815,0.9441278299017055,0.0012731028188212286
9.855,2.2841324220794887,757.2831544272467,0.20982036824206246,0.00014889269965993486,149.03037746662582,0.9426583628811067,0.0012712876709161571
9.86,2.2840216472059094,757.2835269256592,0.2098210296485871,0.0001483921353270962,149.0309252433616,0.941191330451787,0.0012694749174888345
9.865,2.283919398787042,757.2839082933649,0.20982168852882313,0.00014789342514754604,149.03147308508005,0.9397267295969659,0.0012676645561599828
9.870000000000001,2.2838256808594823,757.2842985152969,0.20982234488805385,0.00014739656555743964,149.03202099252553,0.938264557289765,0.001265856584551741
9.875,2.283740497123051,757.2846975760394,0.2098229987315943,0.00014690155296754017,149.03256896639155,0.9368048104932609,0.0012640510002876436
9.88,2.283663850940659,757.285105459828,0.2098236500647911,0.00014640838376340378,149.03311700732104,0.935347486160539,0.0012622478009925993
9.885,2.283595745338169,757.2855221505504,0.20982429889302212,0.00014591705430556858,149.03366511590576,0.933892581234752,0.0012604469842928772
9.89,2.2835361830042693,757.285947631747,0.20982494522169626,0.0001454275609297435,149.03421329268713,0.9324400926491739,0.0012586485478160807
9.895,2.2834851662903786,757.286381886612,0.20982558905625312,0.00014493989994700092,149.03476153815527,0.9309900173272615,0.001256852489191136
9.9,2.2834426972105493,757.2868248979935,0.2098262304021628,0.0001444540676439695,149.0353098527497,0.9295423521827095,0.0012550588060482664
9.905,2.283408777441388,757.2872766483941,0.20982686926492555,0.00014397006028303103,149.03585823685856,0.9280970941195151,0.0012532674960189795
9.91,2.2833834083219884,757.2877371199723,0.20982750565007155,0.00014348787410251677,149.0364066908192,0.9266542400320348,0.0012514785567360436
9.915000000000001,2.283366590853878,757.2882062945426,0.20982813956316054,0.00014300750531690812,149.03695521491764,0.9252137868050501,0.0012496919858334733
9.92,2.283358325700985,757.2886841535762,0.20982877100978173,0.00014252895011703732,149.0375038093889,0.9237757313138291,0.0012479077809465103
9.925,2.283358613189607,757.2891706782023,0.20982939999555322,0.00014205220467029,149.0380524744167,0.9223400704241888,0.0012461259397116026
9.93,2.28336745330839,757.2896658492081,0.20983002652612207,0.00014157726512081123,149.0386012101335,0.9209068009925637,0.001244346459766391
9.935,2.283384845708343,757.2901696470401,0.20983065060716363,0.0001411041275897104,149.03915001662028,0.9194759198660682,0.0012425693387496874
9.94,2.283410789702842,757.2906820518048,0.20983127224438158,0.00014063278817527103,149.0396988939069,0.9180474238825668,0.0012407945743014607
9.945,2.2834452842676596,757.2912030432692,0.20983189144350745,0.00014016324295315882,149.04024784197154,0.9166213098707376,0.001239022164062815
9.950000000000001,2.283488328041014,757.2917326008619,0.20983250821030036,0.0001396954879766344,149.04079686074112,0.9151975746501456,0.0012372521056759767
9.955,2.2835399193236072,757.2922707036737,0.20983312255054676,0.0001392295192767656,149.0413459500909,0.9137762150313091,0.0012354843967842758
9.96,2.2836000560787086,757.2928173304587,0.2098337344700601,0.0001387653328626414,149.04189510984463,0.9123572278157698,0.0012337190350321262
9.965,2.28366873593222,757.2933724596347,0.2098343439746805,0.00013830292472158888,149.04244433977448,0.9109406097961669,0.001231956018065014
9.97,2.2837459561727806,757.2939360692845,0.20983495107027458,0.00013784229081938919,149.04299363960106,0.9095263577563049,0.0012301953435294754
9.975,2.283831713751869,757.2945081371568,0.20983555576273494,0.00013738342710049758,149.04354300899303,0.9081144684712311,0.0012284370090730847
9.98,2.28392600528392,757.2950886406661,0.2098361580579801,0.00013692632948826195,149.04409244756764,0.9067049387073044,0.0012266810123444342
9.985,2.284028827046471,757.2956775568954,0.20983675796195392,0.00013647099388514565,149.04464195489012,0.905297765222274,0.0012249273509931213
9.99,2.2841401749802897,757.296274862595,0.2098373554806256,0.0001360174161729488,149.0451915304742,0.9038929447653509,0.0012231760226697295
9.995000000000001,2.284260044689552,757.2968805341854,0.2098379506199891,0.00013556559221303318,149.04574117378164,0.9024904740772867,0.0012214270250258143
10.0,2.284388431442007,757.2974945477566,0.209838543386063,0.00013511551784654684,149.04629088422234,0.9010903498904489,0.0012196803557138881
